date,Air Average,Water Average
2024-09-19 00:00:00+00:00,29.349999999999998,31.099999999999998
2024-09-19 01:00:00+00:00,29.075000000000003,31.025000000000002
2024-09-19 02:00:00+00:00,29.075000000000003,30.85
2024-09-19 03:00:00+00:00,29.050000000000004,30.65
2024-09-19 04:00:00+00:00,28.975,30.45
2024-09-19 05:00:00+00:00,28.85,30.349999999999998
2024-09-19 06:00:00+00:00,28.7,30.275000000000002
2024-09-19 07:00:00+00:00,28.625,30.15
2024-09-19 08:00:00+00:00,28.65,29.975
2024-09-19 09:00:00+00:00,28.599999999999998,29.8
2024-09-19 10:00:00+00:00,28.550000000000004,29.85
2024-09-19 11:00:00+00:00,28.35,29.475
2024-09-19 12:00:00+00:00,28.075,29.375
2024-09-19 13:00:00+00:00,28.65,29.400000000000002
2024-09-19 14:00:00+00:00,29.325000000000003,29.425
2024-09-19 15:00:00+00:00,29.6,29.4
2024-09-19 16:00:00+00:00,29.700000000000003,29.674999999999997
2024-09-19 17:00:00+00:00,30.05,30.1
2024-09-19 18:00:00+00:00,29.825000000000003,30.525
2024-09-19 19:00:00+00:00,29.0,30.625
2024-09-19 20:00:00+00:00,29.225,30.775000000000002
2024-09-19 21:00:00+00:00,29.475,31.075
2024-09-19 22:00:00+00:00,29.925,31.2
2024-09-19 23:00:00+00:00,29.75,31.025
2024-09-20 00:00:00+00:00,29.45,30.925
2024-09-20 01:00:00+00:00,29.3,30.824999999999996
2024-09-20 02:00:00+00:00,29.2,30.675
2024-09-20 03:00:00+00:00,29.075,30.525
2024-09-20 04:00:00+00:00,29.000000000000004,30.374999999999996
2024-09-20 05:00:00+00:00,28.775,30.275000000000002
2024-09-20 06:00:00+00:00,28.8,30.15
2024-09-20 07:00:00+00:00,28.75,30.1
2024-09-20 08:00:00+00:00,28.625,30.1
2024-09-20 09:00:00+00:00,28.699999999999996,30.075
2024-09-20 10:00:00+00:00,28.65,30.025000000000002
2024-09-20 11:00:00+00:00,28.5,29.925
2024-09-20 12:00:00+00:00,28.0,29.875
2024-09-20 13:00:00+00:00,29.05,29.775000000000002
2024-09-20 14:00:00+00:00,29.925,29.9
2024-09-20 15:00:00+00:00,29.4,30.025
2024-09-20 16:00:00+00:00,29.500000000000004,30.25
2024-09-20 17:00:00+00:00,29.950000000000003,30.650000000000002
2024-09-20 18:00:00+00:00,30.474999999999998,31.075000000000003
2024-09-20 19:00:00+00:00,30.45,31.375
2024-09-20 20:00:00+00:00,30.3,31.5
2024-09-20 21:00:00+00:00,30.275,31.7
2024-09-20 22:00:00+00:00,30.200000000000003,31.775
2024-09-20 23:00:00+00:00,29.925,31.625
2024-09-21 00:00:00+00:00,29.5,31.75
2024-09-21 01:00:00+00:00,29.049999999999997,31.675
2024-09-21 02:00:00+00:00,28.924999999999997,31.375
2024-09-21 03:00:00+00:00,28.799999999999997,31.175
2024-09-21 04:00:00+00:00,28.674999999999997,31.000000000000004
2024-09-21 05:00:00+00:00,28.5,30.8
2024-09-21 06:00:00+00:00,28.45,30.675
2024-09-21 07:00:00+00:00,28.375,30.575
2024-09-21 08:00:00+00:00,28.35,30.4
2024-09-21 09:00:00+00:00,28.2,30.35
2024-09-21 10:00:00+00:00,28.0,30.3
2024-09-21 11:00:00+00:00,27.85,30.2
2024-09-21 12:00:00+00:00,27.7,30.15
2024-09-21 13:00:00+00:00,27.875,30.174999999999997
2024-09-21 14:00:00+00:00,28.975,30.049999999999997
2024-09-21 15:00:00+00:00,29.549999999999997,30.15
2024-09-21 16:00:00+00:00,29.549999999999997,30.325
2024-09-21 17:00:00+00:00,29.775,30.65
2024-09-21 18:00:00+00:00,29.75,31.075
2024-09-21 19:00:00+00:00,29.85,31.55
2024-09-21 20:00:00+00:00,29.875,31.700000000000003
2024-09-21 21:00:00+00:00,29.799999999999997,31.925
2024-09-21 22:00:00+00:00,29.75,32.075
2024-09-21 23:00:00+00:00,29.625,31.799999999999997
2024-09-22 00:00:00+00:00,29.299999999999997,31.475
2024-09-22 01:00:00+00:00,28.95,31.275
2024-09-22 02:00:00+00:00,28.95,31.174999999999997
2024-09-22 03:00:00+00:00,28.875,31.075000000000003
2024-09-22 04:00:00+00:00,28.7,30.825
2024-09-22 05:00:00+00:00,28.85,30.625
2024-09-22 06:00:00+00:00,28.8,30.474999999999998
2024-09-22 07:00:00+00:00,28.75,30.375
2024-09-22 08:00:00+00:00,28.5,30.275
2024-09-22 09:00:00+00:00,28.375,30.15
2024-09-22 10:00:00+00:00,28.325000000000003,30.0
2024-09-22 11:00:00+00:00,28.2,29.9
2024-09-22 12:00:00+00:00,28.125,29.8
2024-09-22 13:00:00+00:00,28.325,29.775
2024-09-22 14:00:00+00:00,28.950000000000003,29.7
2024-09-22 15:00:00+00:00,29.349999999999998,29.775
2024-09-22 16:00:00+00:00,29.55,29.825
2024-09-22 17:00:00+00:00,29.775,29.95
2024-09-22 18:00:00+00:00,29.875,30.225
2024-09-22 19:00:00+00:00,30.099999999999998,30.475
2024-09-22 20:00:00+00:00,29.974999999999998,30.725
2024-09-22 21:00:00+00:00,29.9,31.349999999999998
2024-09-22 22:00:00+00:00,29.674999999999997,31.400000000000002
2024-09-22 23:00:00+00:00,29.575000000000003,31.525
2024-09-23 00:00:00+00:00,29.025,31.25
2024-09-23 01:00:00+00:00,28.625,31.025000000000002
2024-09-23 02:00:00+00:00,28.699999999999996,30.724999999999998
2024-09-23 03:00:00+00:00,28.674999999999997,30.675
2024-09-23 04:00:00+00:00,28.475,30.599999999999998
2024-09-23 05:00:00+00:00,28.325,30.450000000000003
2024-09-23 06:00:00+00:00,28.1,30.35
2024-09-23 07:00:00+00:00,27.775,30.325
2024-09-23 08:00:00+00:00,27.875,30.15
2024-09-23 09:00:00+00:00,27.875,30.1
2024-09-23 10:00:00+00:00,27.9,30.025
2024-09-23 11:00:00+00:00,27.975,30.0
2024-09-23 12:00:00+00:00,27.900000000000002,29.925
2024-09-23 13:00:00+00:00,28.2,29.85
2024-09-23 14:00:00+00:00,28.950000000000003,29.775
2024-09-23 15:00:00+00:00,28.924999999999997,29.825
2024-09-23 16:00:00+00:00,29.299999999999997,29.950000000000003
2024-09-23 17:00:00+00:00,29.8,30.150000000000002
2024-09-23 18:00:00+00:00,30.175,30.5
2024-09-23 19:00:00+00:00,30.25,30.925
2024-09-23 20:00:00+00:00,30.125,31.225
2024-09-23 21:00:00+00:00,30.099999999999998,31.4
2024-09-23 22:00:00+00:00,30.175,31.375
2024-09-23 23:00:00+00:00,29.85,31.625
2024-09-24 00:00:00+00:00,29.45,31.424999999999997
2024-09-24 01:00:00+00:00,28.875,31.424999999999997
2024-09-24 02:00:00+00:00,28.9,31.1
2024-09-24 03:00:00+00:00,28.825000000000003,30.875
2024-09-24 04:00:00+00:00,28.75,30.75
2024-09-24 05:00:00+00:00,28.65,30.699999999999996
2024-09-24 06:00:00+00:00,28.575,30.674999999999997
2024-09-24 07:00:00+00:00,28.45,30.625
2024-09-24 08:00:00+00:00,28.175,30.475
2024-09-24 09:00:00+00:00,28.025000000000002,30.400000000000002
2024-09-24 10:00:00+00:00,27.700000000000003,30.25
2024-09-24 11:00:00+00:00,27.425,30.225
2024-09-24 12:00:00+00:00,27.424999999999997,30.15
2024-09-24 13:00:00+00:00,27.575,30.099999999999998
2024-09-24 14:00:00+00:00,29.05,29.975
2024-09-24 15:00:00+00:00,29.525,30.05
2024-09-24 16:00:00+00:00,29.974999999999998,30.175
2024-09-24 17:00:00+00:00,30.0,30.4
2024-09-24 18:00:00+00:00,29.849999999999998,30.475
2024-09-24 19:00:00+00:00,29.825000000000003,30.8
2024-09-24 20:00:00+00:00,29.55,31.049999999999997
2024-09-24 21:00:00+00:00,29.7,31.125
2024-09-24 22:00:00+00:00,29.75,31.275
2024-09-24 23:00:00+00:00,29.6,31.3
2024-09-25 00:00:00+00:00,29.075,31.200000000000003
2024-09-25 01:00:00+00:00,28.575,30.974999999999998
2024-09-25 02:00:00+00:00,28.275000000000002,30.75
2024-09-25 03:00:00+00:00,28.000000000000004,30.65
2024-09-25 04:00:00+00:00,28.0,30.575000000000003
2024-09-25 05:00:00+00:00,28.15,30.475
2024-09-25 06:00:00+00:00,27.85,30.424999999999997
2024-09-25 07:00:00+00:00,27.2,30.35
2024-09-25 08:00:00+00:00,27.275,30.275
2024-09-25 09:00:00+00:00,27.650000000000002,30.175000000000004
2024-09-25 10:00:00+00:00,27.125,30.124999999999996
2024-09-25 11:00:00+00:00,26.349999999999998,30.075
2024-09-25 12:00:00+00:00,25.75,29.975
2024-09-25 13:00:00+00:00,25.875,29.925
2024-09-25 14:00:00+00:00,26.875,29.875
2024-09-25 15:00:00+00:00,27.95,29.875
2024-09-25 16:00:00+00:00,28.5,30.049999999999997
2024-09-25 17:00:00+00:00,28.95,30.225
2024-09-25 18:00:00+00:00,29.825,30.5
2024-09-25 19:00:00+00:00,30.450000000000003,30.8
2024-09-25 20:00:00+00:00,30.025,31.225
2024-09-25 21:00:00+00:00,26.900000000000002,31.35
2024-09-25 22:00:00+00:00,25.700000000000003,31.325
2024-09-25 23:00:00+00:00,26.95,31.275
2024-09-26 00:00:00+00:00,27.300000000000004,31.1
2024-09-26 01:00:00+00:00,27.150000000000002,31.050000000000004
2024-09-26 02:00:00+00:00,26.775,30.9
2024-09-26 03:00:00+00:00,26.375,30.725
2024-09-26 04:00:00+00:00,26.375,30.4
2024-09-26 05:00:00+00:00,26.075,30.025000000000002
2024-09-26 06:00:00+00:00,25.55,29.95
2024-09-26 07:00:00+00:00,24.85,29.650000000000002
2024-09-26 08:00:00+00:00,24.424999999999997,29.299999999999997
2024-09-26 09:00:00+00:00,23.950000000000003,28.974999999999998
2024-09-26 10:00:00+00:00,23.575,28.725
2024-09-26 11:00:00+00:00,23.075000000000003,28.625000000000004
2024-09-26 12:00:00+00:00,23.049999999999997,28.5
2024-09-26 13:00:00+00:00,23.1,28.500000000000004
2024-09-26 14:00:00+00:00,23.450000000000003,28.174999999999997
2024-09-26 15:00:00+00:00,24.675,28.0
2024-09-26 16:00:00+00:00,25.700000000000003,28.175
2024-09-26 17:00:00+00:00,26.8,28.425
2024-09-26 18:00:00+00:00,27.700000000000003,28.575000000000003
2024-09-26 19:00:00+00:00,28.200000000000003,28.65
2024-09-26 20:00:00+00:00,28.700000000000003,28.974999999999998
2024-09-26 21:00:00+00:00,29.075,29.225
2024-09-26 22:00:00+00:00,29.65,29.200000000000003
2024-09-26 23:00:00+00:00,29.85,29.299999999999997
2024-09-27 00:00:00+00:00,29.15,29.35
2024-09-27 01:00:00+00:00,28.15,29.125000000000004
2024-09-27 02:00:00+00:00,27.625000000000004,28.975
2024-09-27 03:00:00+00:00,26.975,28.75
2024-09-27 04:00:00+00:00,26.625,28.4
2024-09-27 05:00:00+00:00,26.125,28.275000000000002
2024-09-27 06:00:00+00:00,24.825000000000003,28.125
2024-09-27 07:00:00+00:00,24.575,28.1
2024-09-27 08:00:00+00:00,24.0,28.174999999999997
2024-09-27 09:00:00+00:00,23.575,28.225
2024-09-27 10:00:00+00:00,22.95,28.25
2024-09-27 11:00:00+00:00,22.05,28.25
2024-09-27 12:00:00+00:00,20.3,28.125
2024-09-27 13:00:00+00:00,20.85,27.974999999999998
2024-09-27 14:00:00+00:00,22.25,27.875
2024-09-27 15:00:00+00:00,24.375,27.75
2024-09-27 16:00:00+00:00,26.1,27.75
2024-09-27 17:00:00+00:00,27.35,27.875
2024-09-27 18:00:00+00:00,28.075000000000003,28.05
2024-09-27 19:00:00+00:00,28.675,28.400000000000002
2024-09-27 20:00:00+00:00,28.950000000000003,28.674999999999997
2024-09-27 21:00:00+00:00,29.049999999999997,29.049999999999997
2024-09-27 22:00:00+00:00,29.150000000000002,29.125
2024-09-27 23:00:00+00:00,28.75,29.3
2024-09-28 00:00:00+00:00,28.225,29.15
2024-09-28 01:00:00+00:00,27.674999999999997,28.974999999999998
2024-09-28 02:00:00+00:00,27.400000000000002,28.775000000000002
2024-09-28 03:00:00+00:00,27.150000000000002,28.6
2024-09-28 04:00:00+00:00,26.924999999999997,28.325
2024-09-28 05:00:00+00:00,26.775,28.150000000000002
2024-09-28 06:00:00+00:00,25.325000000000003,27.85
2024-09-28 07:00:00+00:00,23.4,27.9
2024-09-28 08:00:00+00:00,22.425,27.924999999999997
2024-09-28 09:00:00+00:00,22.0,27.75
2024-09-28 10:00:00+00:00,22.0,27.674999999999997
2024-09-28 11:00:00+00:00,21.900000000000002,27.5
2024-09-28 12:00:00+00:00,21.4,27.450000000000003
2024-09-28 13:00:00+00:00,21.674999999999997,27.200000000000003
2024-09-28 14:00:00+00:00,23.825,27.275
2024-09-28 15:00:00+00:00,25.825,27.3
2024-09-28 16:00:00+00:00,26.950000000000003,27.525
2024-09-28 17:00:00+00:00,27.575000000000003,27.775
2024-09-28 18:00:00+00:00,29.0,28.075000000000003
2024-09-28 19:00:00+00:00,29.875,28.349999999999998
2024-09-28 20:00:00+00:00,31.05,28.75
2024-09-28 21:00:00+00:00,30.625,29.0
2024-09-28 22:00:00+00:00,30.475,29.299999999999997
2024-09-28 23:00:00+00:00,29.825000000000003,29.525000000000002
2024-09-29 00:00:00+00:00,29.174999999999997,29.775
2024-09-29 01:00:00+00:00,28.674999999999997,29.775000000000002
2024-09-29 02:00:00+00:00,28.175,29.525000000000002
2024-09-29 03:00:00+00:00,27.85,29.299999999999997
2024-09-29 04:00:00+00:00,27.349999999999998,29.200000000000003
2024-09-29 05:00:00+00:00,26.475,28.975
2024-09-29 06:00:00+00:00,25.925,28.85
2024-09-29 07:00:00+00:00,23.924999999999997,28.725
2024-09-29 08:00:00+00:00,23.325,28.675
2024-09-29 09:00:00+00:00,23.6,28.575
2024-09-29 10:00:00+00:00,22.950000000000003,28.45
2024-09-29 11:00:00+00:00,22.325000000000003,28.325
2024-09-29 12:00:00+00:00,22.175,28.075000000000003
2024-09-29 13:00:00+00:00,22.45,27.85
2024-09-29 14:00:00+00:00,23.65,27.875
2024-09-29 15:00:00+00:00,25.700000000000003,28.049999999999997
2024-09-29 16:00:00+00:00,27.525000000000002,28.125
2024-09-29 17:00:00+00:00,29.075000000000003,28.25
2024-09-29 18:00:00+00:00,29.95,28.375
2024-09-29 19:00:00+00:00,31.275,28.624999999999996
2024-09-29 20:00:00+00:00,30.924999999999997,28.974999999999998
2024-09-29 21:00:00+00:00,30.4,29.174999999999997
2024-09-29 22:00:00+00:00,30.224999999999998,29.275
2024-09-29 23:00:00+00:00,29.675000000000004,29.525
2024-09-30 00:00:00+00:00,28.75,29.375
2024-09-30 01:00:00+00:00,27.825000000000003,29.225
2024-09-30 02:00:00+00:00,27.475,29.000000000000004
2024-09-30 03:00:00+00:00,27.075,28.875
2024-09-30 04:00:00+00:00,26.349999999999998,28.75
2024-09-30 05:00:00+00:00,25.325,28.625
2024-09-30 06:00:00+00:00,24.925,28.5
2024-09-30 07:00:00+00:00,23.25,28.375
2024-09-30 08:00:00+00:00,22.9,28.175
2024-09-30 09:00:00+00:00,23.25,28.05
2024-09-30 10:00:00+00:00,23.575,28.0
2024-09-30 11:00:00+00:00,23.300000000000004,27.875
2024-09-30 12:00:00+00:00,23.125,27.650000000000002
2024-09-30 13:00:00+00:00,23.025000000000002,27.674999999999997
2024-09-30 14:00:00+00:00,24.375,27.700000000000003
2024-09-30 15:00:00+00:00,25.950000000000003,27.724999999999998
2024-09-30 16:00:00+00:00,26.525,27.8
2024-09-30 17:00:00+00:00,27.525,28.1
2024-09-30 18:00:00+00:00,28.525,28.475
2024-09-30 19:00:00+00:00,29.125,28.875
2024-09-30 20:00:00+00:00,29.275,29.35
2024-09-30 21:00:00+00:00,29.45,29.450000000000003
2024-09-30 22:00:00+00:00,29.150000000000002,29.9
2024-09-30 23:00:00+00:00,28.875,29.825000000000003
2024-10-01 00:00:00+00:00,27.95,29.650000000000002
2024-10-01 01:00:00+00:00,27.425,29.525000000000002
2024-10-01 02:00:00+00:00,27.2,29.4
2024-10-01 03:00:00+00:00,27.425,29.25
2024-10-01 04:00:00+00:00,27.0,29.025
2024-10-01 05:00:00+00:00,26.950000000000003,28.775
2024-10-01 06:00:00+00:00,26.675,28.650000000000002
2024-10-01 07:00:00+00:00,26.325000000000003,28.550000000000004
2024-10-01 08:00:00+00:00,25.9,28.35
2024-10-01 09:00:00+00:00,24.825,28.199999999999996
2024-10-01 10:00:00+00:00,24.15,28.1
2024-10-01 11:00:00+00:00,24.05,27.924999999999997
2024-10-01 12:00:00+00:00,24.025,27.85
2024-10-01 13:00:00+00:00,24.325000000000003,27.85
2024-10-01 14:00:00+00:00,25.275,27.8
2024-10-01 15:00:00+00:00,26.25,27.825
2024-10-01 16:00:00+00:00,27.299999999999997,27.975
2024-10-01 17:00:00+00:00,28.4,28.299999999999997
2024-10-01 18:00:00+00:00,29.25,28.599999999999998
2024-10-01 19:00:00+00:00,29.6,28.7
2024-10-01 20:00:00+00:00,29.775,29.099999999999998
2024-10-01 21:00:00+00:00,29.974999999999998,29.65
2024-10-01 22:00:00+00:00,29.775000000000002,29.775
2024-10-01 23:00:00+00:00,29.7,29.65
2024-10-02 00:00:00+00:00,28.949999999999996,29.5
2024-10-02 01:00:00+00:00,28.125,29.450000000000003
2024-10-02 02:00:00+00:00,28.025,29.325000000000003
2024-10-02 03:00:00+00:00,27.575,29.174999999999997
2024-10-02 04:00:00+00:00,27.4,29.1
2024-10-02 05:00:00+00:00,26.799999999999997,29.025
2024-10-02 06:00:00+00:00,24.9,28.95
2024-10-02 07:00:00+00:00,24.15,28.775
2024-10-02 08:00:00+00:00,23.925,28.675
2024-10-02 09:00:00+00:00,23.975,28.5
2024-10-02 10:00:00+00:00,23.450000000000003,28.1
2024-10-02 11:00:00+00:00,23.650000000000002,27.85
2024-10-02 12:00:00+00:00,23.525,27.725
2024-10-02 13:00:00+00:00,24.224999999999998,27.575000000000003
2024-10-02 14:00:00+00:00,25.65,27.6
2024-10-02 15:00:00+00:00,27.025000000000002,27.625
2024-10-02 16:00:00+00:00,28.299999999999997,27.85
2024-10-02 17:00:00+00:00,28.725,28.2
2024-10-02 18:00:00+00:00,29.424999999999997,28.424999999999997
2024-10-02 19:00:00+00:00,29.2,28.75
2024-10-02 20:00:00+00:00,29.325,29.1
2024-10-02 21:00:00+00:00,29.125,29.275
2024-10-02 22:00:00+00:00,29.15,29.35
2024-10-02 23:00:00+00:00,28.75,29.375
2024-10-03 00:00:00+00:00,27.925,29.200000000000003
2024-10-03 01:00:00+00:00,27.225,28.975
2024-10-03 02:00:00+00:00,27.05,28.825
2024-10-03 03:00:00+00:00,27.05,28.674999999999997
2024-10-03 04:00:00+00:00,27.0,28.575
2024-10-03 05:00:00+00:00,26.8,28.424999999999997
2024-10-03 06:00:00+00:00,26.625,28.325
2024-10-03 07:00:00+00:00,26.475,28.225
2024-10-03 08:00:00+00:00,26.075,28.175
2024-10-03 09:00:00+00:00,24.975,28.049999999999997
2024-10-03 10:00:00+00:00,24.3,27.975
2024-10-03 11:00:00+00:00,23.299999999999997,27.9
2024-10-03 12:00:00+00:00,23.175,27.725
2024-10-03 13:00:00+00:00,23.674999999999997,27.575
2024-10-03 14:00:00+00:00,24.549999999999997,27.475
2024-10-03 15:00:00+00:00,25.525,27.4
2024-10-03 16:00:00+00:00,26.975,27.475
2024-10-03 17:00:00+00:00,28.175,27.700000000000003
2024-10-03 18:00:00+00:00,28.825,27.95
2024-10-03 19:00:00+00:00,29.125,28.325000000000003
2024-10-03 20:00:00+00:00,29.475,28.675
2024-10-03 21:00:00+00:00,29.4,28.849999999999998
2024-10-03 22:00:00+00:00,29.099999999999998,28.925
2024-10-03 23:00:00+00:00,28.549999999999997,28.924999999999997
2024-10-04 00:00:00+00:00,28.2,28.825
2024-10-04 01:00:00+00:00,28.0,28.625
2024-10-04 02:00:00+00:00,27.575000000000003,28.5
2024-10-04 03:00:00+00:00,27.349999999999998,28.4
2024-10-04 04:00:00+00:00,27.025000000000002,28.3
2024-10-04 05:00:00+00:00,26.6,28.174999999999997
2024-10-04 06:00:00+00:00,26.1,28.1
2024-10-04 07:00:00+00:00,25.775000000000002,27.95
2024-10-04 08:00:00+00:00,25.35,27.775
2024-10-04 09:00:00+00:00,25.400000000000002,27.75
2024-10-04 10:00:00+00:00,25.450000000000003,27.675
2024-10-04 11:00:00+00:00,25.425,27.549999999999997
2024-10-04 12:00:00+00:00,25.299999999999997,27.375
2024-10-04 13:00:00+00:00,25.200000000000003,27.175
2024-10-04 14:00:00+00:00,25.525000000000002,27.075000000000003
2024-10-04 15:00:00+00:00,26.799999999999997,27.15
2024-10-04 16:00:00+00:00,27.799999999999997,27.25
2024-10-04 17:00:00+00:00,28.574999999999996,27.500000000000004
2024-10-04 18:00:00+00:00,28.825000000000003,27.85
2024-10-04 19:00:00+00:00,29.074999999999996,28.15
2024-10-04 20:00:00+00:00,28.424999999999997,28.425
2024-10-04 21:00:00+00:00,28.625,28.5
2024-10-04 22:00:00+00:00,28.725,28.625
2024-10-04 23:00:00+00:00,27.375,28.724999999999998
2024-10-05 00:00:00+00:00,27.125,28.625
2024-10-05 01:00:00+00:00,26.525,28.55
2024-10-05 02:00:00+00:00,26.15,28.525
2024-10-05 03:00:00+00:00,26.2,28.4
2024-10-05 04:00:00+00:00,26.225,28.275
2024-10-05 05:00:00+00:00,26.4,28.25
2024-10-05 06:00:00+00:00,26.125,28.125
2024-10-05 07:00:00+00:00,25.875000000000004,27.975
2024-10-05 08:00:00+00:00,25.825000000000003,27.925
2024-10-05 09:00:00+00:00,25.675,27.85
2024-10-05 10:00:00+00:00,25.349999999999998,27.725
2024-10-05 11:00:00+00:00,25.4,27.65
2024-10-05 12:00:00+00:00,25.15,27.599999999999998
2024-10-05 13:00:00+00:00,25.1,27.575
2024-10-05 14:00:00+00:00,25.474999999999998,27.5
2024-10-05 15:00:00+00:00,26.025,27.475
2024-10-05 16:00:00+00:00,26.775000000000002,27.55
2024-10-05 17:00:00+00:00,27.45,27.725
2024-10-05 18:00:00+00:00,28.125,27.974999999999998
2024-10-05 19:00:00+00:00,28.8,28.449999999999996
2024-10-05 20:00:00+00:00,29.025,28.724999999999998
2024-10-05 21:00:00+00:00,29.150000000000002,28.950000000000003
2024-10-05 22:00:00+00:00,28.55,29.1
2024-10-05 23:00:00+00:00,28.275000000000002,29.0
2024-10-06 00:00:00+00:00,27.549999999999997,28.85
2024-10-06 01:00:00+00:00,27.15,28.674999999999997
2024-10-06 02:00:00+00:00,26.949999999999996,28.525
2024-10-06 03:00:00+00:00,26.675,28.425000000000004
2024-10-06 04:00:00+00:00,26.275,28.349999999999998
2024-10-06 05:00:00+00:00,25.825,28.25
2024-10-06 06:00:00+00:00,25.65,28.125
2024-10-06 07:00:00+00:00,25.25,28.049999999999997
2024-10-06 08:00:00+00:00,25.275,27.974999999999998
2024-10-06 09:00:00+00:00,25.199999999999996,27.875
2024-10-06 10:00:00+00:00,24.875,27.750000000000004
2024-10-06 11:00:00+00:00,24.925,27.7
2024-10-06 12:00:00+00:00,24.5,27.575000000000003
2024-10-06 13:00:00+00:00,24.325,27.549999999999997
2024-10-06 14:00:00+00:00,25.125,27.525
2024-10-06 15:00:00+00:00,26.4,27.525
2024-10-06 16:00:00+00:00,27.825,27.625
2024-10-06 17:00:00+00:00,28.825,27.825
2024-10-06 18:00:00+00:00,29.5,28.125
2024-10-06 19:00:00+00:00,29.75,28.35
2024-10-06 20:00:00+00:00,29.650000000000002,28.75
2024-10-06 21:00:00+00:00,29.175,28.95
2024-10-06 22:00:00+00:00,29.124999999999996,29.075
2024-10-06 23:00:00+00:00,28.724999999999998,29.1
2024-10-07 00:00:00+00:00,28.0,28.975
2024-10-07 01:00:00+00:00,27.575000000000003,28.875
2024-10-07 02:00:00+00:00,27.275,28.775
2024-10-07 03:00:00+00:00,26.924999999999997,28.525
2024-10-07 04:00:00+00:00,26.65,28.450000000000003
2024-10-07 05:00:00+00:00,25.9,28.35
2024-10-07 06:00:00+00:00,24.825000000000003,28.25
2024-10-07 07:00:00+00:00,24.724999999999998,28.25
2024-10-07 08:00:00+00:00,24.025,28.175
2024-10-07 09:00:00+00:00,24.15,27.975
2024-10-07 10:00:00+00:00,23.65,27.825
2024-10-07 11:00:00+00:00,22.95,27.65
2024-10-07 12:00:00+00:00,23.075,27.549999999999997
2024-10-07 13:00:00+00:00,23.025,27.400000000000002
2024-10-07 14:00:00+00:00,24.349999999999998,27.324999999999996
2024-10-07 15:00:00+00:00,26.025,27.25
2024-10-07 16:00:00+00:00,27.775,27.300000000000004
2024-10-07 17:00:00+00:00,28.875,27.525
2024-10-07 18:00:00+00:00,29.775,27.724999999999998
2024-10-07 19:00:00+00:00,29.85,27.975
2024-10-07 20:00:00+00:00,30.3,28.275
2024-10-07 21:00:00+00:00,30.224999999999998,28.55
2024-10-07 22:00:00+00:00,28.925,28.75
2024-10-07 23:00:00+00:00,28.925,28.75
2024-10-08 00:00:00+00:00,28.1,28.599999999999998
2024-10-08 01:00:00+00:00,27.5,28.45
2024-10-08 02:00:00+00:00,27.275,28.299999999999997
2024-10-08 03:00:00+00:00,26.975,28.175
2024-10-08 04:00:00+00:00,26.5,28.05
2024-10-08 05:00:00+00:00,25.25,27.925
2024-10-08 06:00:00+00:00,23.975,27.95
2024-10-08 07:00:00+00:00,22.724999999999998,27.9
2024-10-08 08:00:00+00:00,22.225,27.799999999999997
2024-10-08 09:00:00+00:00,22.25,27.675
2024-10-08 10:00:00+00:00,22.125,27.6
2024-10-08 11:00:00+00:00,22.0,27.5
2024-10-08 12:00:00+00:00,21.875,27.35
2024-10-08 13:00:00+00:00,22.125,27.125
2024-10-08 14:00:00+00:00,23.825000000000003,27.0
2024-10-08 15:00:00+00:00,25.225,26.85
2024-10-08 16:00:00+00:00,26.549999999999997,26.975
2024-10-08 17:00:00+00:00,28.025000000000002,27.125000000000004
2024-10-08 18:00:00+00:00,28.650000000000002,27.4
2024-10-08 19:00:00+00:00,30.1,27.775000000000002
2024-10-08 20:00:00+00:00,29.674999999999997,28.0
2024-10-08 21:00:00+00:00,30.075,28.3
2024-10-08 22:00:00+00:00,27.85,28.325000000000003
2024-10-08 23:00:00+00:00,27.5,28.5
2024-10-09 00:00:00+00:00,26.675,28.325000000000003
2024-10-09 01:00:00+00:00,26.25,28.200000000000003
2024-10-09 02:00:00+00:00,25.975,28.025000000000002
2024-10-09 03:00:00+00:00,25.15,27.950000000000003
2024-10-09 04:00:00+00:00,25.05,27.9
2024-10-09 05:00:00+00:00,24.650000000000002,27.9
2024-10-09 06:00:00+00:00,24.4,27.725
2024-10-09 07:00:00+00:00,23.025,27.599999999999998
2024-10-09 08:00:00+00:00,23.35,27.450000000000003
2024-10-09 09:00:00+00:00,23.075,27.3
2024-10-09 10:00:00+00:00,22.4,27.05
2024-10-09 11:00:00+00:00,21.7,26.875
2024-10-09 12:00:00+00:00,21.2,26.475
2024-10-09 13:00:00+00:00,20.5,26.4
2024-10-09 14:00:00+00:00,20.9,26.25
2024-10-09 15:00:00+00:00,22.525,26.25
2024-10-09 16:00:00+00:00,24.166666666666668,26.166666666666668
2024-10-09 17:00:00+00:00,25.233333333333334,26.366666666666664
2024-10-09 18:00:00+00:00,26.366666666666664,26.599999999999998
2024-10-09 19:00:00+00:00,27.333333333333332,26.833333333333332
2024-10-09 20:00:00+00:00,28.125,27.0
2024-10-09 21:00:00+00:00,28.924999999999997,27.299999999999997
2024-10-09 22:00:00+00:00,29.5,27.55
2024-10-09 23:00:00+00:00,27.725,27.674999999999997
2024-10-10 00:00:00+00:00,26.875,27.625
2024-10-10 01:00:00+00:00,26.224999999999998,27.400000000000002
2024-10-10 02:00:00+00:00,25.975,27.25
2024-10-10 03:00:00+00:00,24.650000000000002,27.075
2024-10-10 04:00:00+00:00,24.525000000000002,26.9
2024-10-10 05:00:00+00:00,23.85,26.75
2024-10-10 06:00:00+00:00,23.150000000000002,26.625
2024-10-10 07:00:00+00:00,22.05,26.525000000000002
2024-10-10 08:00:00+00:00,21.2,26.475
2024-10-10 09:00:00+00:00,20.725,26.450000000000003
2024-10-10 10:00:00+00:00,20.924999999999997,26.375
2024-10-10 11:00:00+00:00,21.35,26.325000000000003
2024-10-10 12:00:00+00:00,20.8,26.3
2024-10-10 13:00:00+00:00,21.75,26.2
2024-10-10 14:00:00+00:00,23.075,26.125
2024-10-10 15:00:00+00:00,24.95,26.15
2024-10-10 16:00:00+00:00,25.725,26.325
2024-10-10 17:00:00+00:00,26.349999999999998,26.525
2024-10-10 18:00:00+00:00,26.8,26.825
2024-10-10 19:00:00+00:00,27.55,27.275
2024-10-10 20:00:00+00:00,27.724999999999998,27.599999999999998
2024-10-10 21:00:00+00:00,27.925,28.0
2024-10-10 22:00:00+00:00,27.974999999999998,28.2
2024-10-10 23:00:00+00:00,27.475,28.325
2024-10-11 00:00:00+00:00,26.65,28.125
2024-10-11 01:00:00+00:00,26.15,27.8
2024-10-11 02:00:00+00:00,25.975,27.5
2024-10-11 03:00:00+00:00,25.775,27.325
2024-10-11 04:00:00+00:00,25.525000000000002,27.125
2024-10-11 05:00:00+00:00,25.175000000000004,26.974999999999998
2024-10-11 06:00:00+00:00,24.775,26.875
2024-10-11 07:00:00+00:00,24.75,26.650000000000002
2024-10-11 08:00:00+00:00,23.975,26.6
2024-10-11 09:00:00+00:00,23.875,26.674999999999997
2024-10-11 10:00:00+00:00,23.674999999999997,26.650000000000002
2024-10-11 11:00:00+00:00,23.25,26.575000000000003
2024-10-11 12:00:00+00:00,22.9,26.5
2024-10-11 13:00:00+00:00,22.775,26.275
2024-10-11 14:00:00+00:00,23.875,26.2
2024-10-11 15:00:00+00:00,25.4,26.175
2024-10-11 16:00:00+00:00,26.275,26.299999999999997
2024-10-11 17:00:00+00:00,26.8,26.45
2024-10-11 18:00:00+00:00,26.924999999999997,26.65
2024-10-11 19:00:00+00:00,27.125,26.9
2024-10-11 20:00:00+00:00,27.225,27.15
2024-10-11 21:00:00+00:00,27.275000000000002,27.325
2024-10-11 22:00:00+00:00,27.275000000000002,27.85
2024-10-11 23:00:00+00:00,27.1,27.9
2024-10-12 00:00:00+00:00,26.5,27.85
2024-10-12 01:00:00+00:00,25.875,27.625
2024-10-12 02:00:00+00:00,25.575000000000003,27.425
2024-10-12 03:00:00+00:00,25.574999999999996,27.224999999999998
2024-10-12 04:00:00+00:00,25.424999999999997,27.15
2024-10-12 05:00:00+00:00,25.375,27.0
2024-10-12 06:00:00+00:00,25.2,26.95
2024-10-12 07:00:00+00:00,24.724999999999998,26.9
2024-10-12 08:00:00+00:00,24.925,26.75
2024-10-12 09:00:00+00:00,24.5,26.7
2024-10-12 10:00:00+00:00,23.0,26.575
2024-10-12 11:00:00+00:00,22.3,26.674999999999997
2024-10-12 12:00:00+00:00,21.325,26.6
2024-10-12 13:00:00+00:00,21.725,26.525000000000002
2024-10-12 14:00:00+00:00,23.7,26.475
2024-10-12 15:00:00+00:00,26.025,26.5
2024-10-12 16:00:00+00:00,26.975,26.6
2024-10-12 17:00:00+00:00,26.825000000000003,26.825
2024-10-12 18:00:00+00:00,27.15,27.15
2024-10-12 19:00:00+00:00,27.225,27.55
2024-10-12 20:00:00+00:00,27.225,28.200000000000003
2024-10-12 21:00:00+00:00,27.200000000000003,28.3
2024-10-12 22:00:00+00:00,27.5,28.700000000000003
2024-10-12 23:00:00+00:00,27.250000000000004,28.625
2024-10-13 00:00:00+00:00,26.5,28.325000000000003
2024-10-13 01:00:00+00:00,26.05,28.1
2024-10-13 02:00:00+00:00,25.875,27.975
2024-10-13 03:00:00+00:00,25.75,27.6
2024-10-13 04:00:00+00:00,25.800000000000004,27.25
2024-10-13 05:00:00+00:00,25.625,27.1
2024-10-13 06:00:00+00:00,25.775000000000002,26.9
2024-10-13 07:00:00+00:00,25.525,26.875
2024-10-13 08:00:00+00:00,25.375,26.575000000000003
2024-10-13 09:00:00+00:00,25.049999999999997,26.375
2024-10-13 10:00:00+00:00,24.625,26.475
2024-10-13 11:00:00+00:00,24.55,26.525
2024-10-13 12:00:00+00:00,23.75,26.374999999999996
2024-10-13 13:00:00+00:00,22.35,26.299999999999997
2024-10-13 14:00:00+00:00,23.675000000000004,26.225
2024-10-13 15:00:00+00:00,24.925,26.2
2024-10-13 16:00:00+00:00,26.125,26.424999999999997
2024-10-13 17:00:00+00:00,26.650000000000002,26.825000000000003
2024-10-13 18:00:00+00:00,26.9,27.150000000000002
2024-10-13 19:00:00+00:00,27.3,27.375
2024-10-13 20:00:00+00:00,27.725,27.599999999999998
2024-10-13 21:00:00+00:00,27.65,27.675
2024-10-13 22:00:00+00:00,27.424999999999997,28.0
2024-10-13 23:00:00+00:00,27.049999999999997,27.9
2024-10-14 00:00:00+00:00,26.45,27.6
2024-10-14 01:00:00+00:00,26.125,27.625
2024-10-14 02:00:00+00:00,25.95,27.5
2024-10-14 03:00:00+00:00,25.825,27.45
2024-10-14 04:00:00+00:00,25.674999999999997,27.325
2024-10-14 05:00:00+00:00,25.625,27.175
2024-10-14 06:00:00+00:00,25.5,26.975
2024-10-14 07:00:00+00:00,25.45,26.799999999999997
2024-10-14 08:00:00+00:00,25.125,26.7
2024-10-14 09:00:00+00:00,24.824999999999996,26.575000000000003
2024-10-14 10:00:00+00:00,24.775,26.475
2024-10-14 11:00:00+00:00,23.6,26.474999999999998
2024-10-14 12:00:00+00:00,22.75,26.299999999999997
2024-10-14 13:00:00+00:00,21.25,26.174999999999997
2024-10-14 14:00:00+00:00,22.300000000000004,26.0
2024-10-14 15:00:00+00:00,23.925,25.974999999999998
2024-10-14 16:00:00+00:00,25.4,26.175
2024-10-14 17:00:00+00:00,26.375,26.400000000000002
2024-10-14 18:00:00+00:00,26.55,26.674999999999997
2024-10-14 19:00:00+00:00,27.575000000000003,27.2
2024-10-14 20:00:00+00:00,28.449999999999996,27.725
2024-10-14 21:00:00+00:00,28.175,27.900000000000002
2024-10-14 22:00:00+00:00,28.325000000000003,28.1
2024-10-14 23:00:00+00:00,27.825000000000003,28.25
2024-10-15 00:00:00+00:00,27.1,28.15
2024-10-15 01:00:00+00:00,26.6,28.075
2024-10-15 02:00:00+00:00,26.35,27.924999999999997
2024-10-15 03:00:00+00:00,26.225,27.799999999999997
2024-10-15 04:00:00+00:00,25.95,27.650000000000002
2024-10-15 05:00:00+00:00,25.85,27.375
2024-10-15 06:00:00+00:00,25.325,27.225
2024-10-15 07:00:00+00:00,24.4,27.0
2024-10-15 08:00:00+00:00,23.325,26.85
2024-10-15 09:00:00+00:00,22.875,26.9
2024-10-15 10:00:00+00:00,22.0,26.775
2024-10-15 11:00:00+00:00,21.1,26.6
2024-10-15 12:00:00+00:00,20.875,26.474999999999998
2024-10-15 13:00:00+00:00,20.625,26.299999999999997
2024-10-15 14:00:00+00:00,21.75,26.200000000000003
2024-10-15 15:00:00+00:00,23.25,26.225
2024-10-15 16:00:00+00:00,24.9,26.575000000000003
2024-10-15 17:00:00+00:00,25.975,26.724999999999998
2024-10-15 18:00:00+00:00,26.924999999999997,27.025
2024-10-15 19:00:00+00:00,28.15,27.275
2024-10-15 20:00:00+00:00,28.8,27.625
2024-10-15 21:00:00+00:00,28.275,28.1
2024-10-15 22:00:00+00:00,28.125,28.075
2024-10-15 23:00:00+00:00,27.975,28.15
2024-10-16 00:00:00+00:00,26.925,28.175
2024-10-16 01:00:00+00:00,26.225,27.974999999999998
2024-10-16 02:00:00+00:00,25.975,27.775
2024-10-16 03:00:00+00:00,25.849999999999998,27.625
2024-10-16 04:00:00+00:00,25.675,27.5
2024-10-16 05:00:00+00:00,25.525,27.375
2024-10-16 06:00:00+00:00,25.525,27.199999999999996
2024-10-16 07:00:00+00:00,25.099999999999998,27.1
2024-10-16 08:00:00+00:00,24.974999999999998,27.0
2024-10-16 09:00:00+00:00,22.775000000000002,26.849999999999998
2024-10-16 10:00:00+00:00,22.875,26.525000000000002
2024-10-16 11:00:00+00:00,23.950000000000003,26.55
2024-10-16 12:00:00+00:00,23.424999999999997,26.375
2024-10-16 13:00:00+00:00,22.5,26.0
2024-10-16 14:00:00+00:00,21.55,25.8
2024-10-16 15:00:00+00:00,21.075,25.474999999999998
2024-10-16 16:00:00+00:00,20.625,25.325000000000003
2024-10-16 17:00:00+00:00,20.299999999999997,25.349999999999998
2024-10-16 18:00:00+00:00,20.349999999999998,25.15
2024-10-16 19:00:00+00:00,20.575000000000003,25.0
2024-10-16 20:00:00+00:00,21.2,25.299999999999997
2024-10-16 21:00:00+00:00,21.4,25.075
2024-10-16 22:00:00+00:00,20.975,25.075
2024-10-16 23:00:00+00:00,20.35,25.15
2024-10-17 00:00:00+00:00,20.225,24.674999999999997
2024-10-17 01:00:00+00:00,19.475,24.6
2024-10-17 02:00:00+00:00,19.275,24.225
2024-10-17 03:00:00+00:00,18.849999999999998,23.45
2024-10-17 04:00:00+00:00,18.875,23.225
2024-10-17 05:00:00+00:00,18.674999999999997,23.199999999999996
2024-10-17 06:00:00+00:00,18.15,23.05
2024-10-17 07:00:00+00:00,17.975,22.9
2024-10-17 08:00:00+00:00,17.575,22.75
2024-10-17 09:00:00+00:00,17.225,22.849999999999998
2024-10-17 10:00:00+00:00,16.975,22.75
2024-10-17 11:00:00+00:00,16.75,22.65
2024-10-17 12:00:00+00:00,16.5,22.424999999999997
2024-10-17 13:00:00+00:00,16.5,22.025
2024-10-17 14:00:00+00:00,17.200000000000003,21.474999999999998
2024-10-17 15:00:00+00:00,18.924999999999997,21.35
2024-10-17 16:00:00+00:00,20.5,21.4
2024-10-17 17:00:00+00:00,21.625,21.6
2024-10-17 18:00:00+00:00,22.35,22.125
2024-10-17 19:00:00+00:00,22.975,22.725
2024-10-17 20:00:00+00:00,23.1,23.175
2024-10-17 21:00:00+00:00,22.875,23.225
2024-10-17 22:00:00+00:00,22.75,23.3
2024-10-17 23:00:00+00:00,22.424999999999997,23.275
2024-10-18 00:00:00+00:00,21.65,23.1
2024-10-18 01:00:00+00:00,21.175,23.075
2024-10-18 02:00:00+00:00,20.8,23.1
2024-10-18 03:00:00+00:00,20.049999999999997,23.075
2024-10-18 04:00:00+00:00,19.675,22.75
2024-10-18 05:00:00+00:00,19.5,22.424999999999997
2024-10-18 06:00:00+00:00,18.9,22.45
2024-10-18 07:00:00+00:00,18.700000000000003,22.325000000000003
2024-10-18 08:00:00+00:00,18.55,22.125
2024-10-18 09:00:00+00:00,18.424999999999997,21.950000000000003
2024-10-18 10:00:00+00:00,18.775,21.799999999999997
2024-10-18 11:00:00+00:00,18.5,21.75
2024-10-18 12:00:00+00:00,18.625,21.7
2024-10-18 13:00:00+00:00,19.5,21.625
2024-10-18 14:00:00+00:00,20.25,21.574999999999996
2024-10-18 15:00:00+00:00,23.075000000000003,21.725
2024-10-18 16:00:00+00:00,24.675,21.950000000000003
2024-10-18 17:00:00+00:00,25.25,22.150000000000002
2024-10-18 18:00:00+00:00,25.225,22.400000000000002
2024-10-18 19:00:00+00:00,25.8,22.724999999999998
2024-10-18 20:00:00+00:00,25.575000000000003,23.25
2024-10-18 21:00:00+00:00,25.674999999999997,23.55
2024-10-18 22:00:00+00:00,25.6,23.85
2024-10-18 23:00:00+00:00,25.300000000000004,23.825000000000003
2024-10-19 00:00:00+00:00,24.275,23.9
2024-10-19 01:00:00+00:00,24.025000000000002,23.650000000000002
2024-10-19 02:00:00+00:00,23.7,23.624999999999996
2024-10-19 03:00:00+00:00,23.875,23.499999999999996
2024-10-19 04:00:00+00:00,23.8,23.575
2024-10-19 05:00:00+00:00,23.775,23.475
2024-10-19 06:00:00+00:00,23.974999999999998,23.450000000000003
2024-10-19 07:00:00+00:00,23.65,23.375
2024-10-19 08:00:00+00:00,23.475,23.35
2024-10-19 09:00:00+00:00,22.825000000000003,23.325
2024-10-19 10:00:00+00:00,22.575,23.275
2024-10-19 11:00:00+00:00,22.375,23.200000000000003
2024-10-19 12:00:00+00:00,22.125,23.125
2024-10-19 13:00:00+00:00,22.15,23.000000000000004
2024-10-19 14:00:00+00:00,23.125,22.875
2024-10-19 15:00:00+00:00,23.924999999999997,22.95
2024-10-19 16:00:00+00:00,24.35,23.075
2024-10-19 17:00:00+00:00,24.874999999999996,23.174999999999997
2024-10-19 18:00:00+00:00,24.725,23.349999999999998
2024-10-19 19:00:00+00:00,25.05,23.5
2024-10-19 20:00:00+00:00,25.3,23.825000000000003
2024-10-19 21:00:00+00:00,25.2,24.075
2024-10-19 22:00:00+00:00,25.0,24.200000000000003
2024-10-19 23:00:00+00:00,24.9,24.175000000000004
2024-10-20 00:00:00+00:00,24.474999999999998,24.125
2024-10-20 01:00:00+00:00,24.125,24.075
2024-10-20 02:00:00+00:00,23.875,23.85
2024-10-20 03:00:00+00:00,23.575000000000003,23.824999999999996
2024-10-20 04:00:00+00:00,23.325000000000003,23.75
2024-10-20 05:00:00+00:00,23.1,23.85
2024-10-20 06:00:00+00:00,22.950000000000003,23.825
2024-10-20 07:00:00+00:00,22.400000000000002,23.799999999999997
2024-10-20 08:00:00+00:00,22.125,23.725
2024-10-20 09:00:00+00:00,21.5,23.625
2024-10-20 10:00:00+00:00,21.0,23.5
2024-10-20 11:00:00+00:00,21.049999999999997,23.4
2024-10-20 12:00:00+00:00,20.775,23.225
2024-10-20 13:00:00+00:00,20.7,23.099999999999998
2024-10-20 14:00:00+00:00,21.475,23.075
2024-10-20 15:00:00+00:00,22.925,23.099999999999998
2024-10-20 16:00:00+00:00,24.175,23.325
2024-10-20 17:00:00+00:00,24.575,23.625
2024-10-20 18:00:00+00:00,24.75,23.85
2024-10-20 19:00:00+00:00,24.85,24.275
2024-10-20 20:00:00+00:00,24.925,24.675
2024-10-20 21:00:00+00:00,24.9,24.825
2024-10-20 22:00:00+00:00,24.65,25.099999999999998
2024-10-20 23:00:00+00:00,24.200000000000003,25.125
2024-10-21 00:00:00+00:00,23.5,24.8
2024-10-21 01:00:00+00:00,23.125,24.775
2024-10-21 02:00:00+00:00,22.775000000000002,24.55
2024-10-21 03:00:00+00:00,22.549999999999997,24.4
2024-10-21 04:00:00+00:00,22.225,24.200000000000003
2024-10-21 05:00:00+00:00,22.15,24.1
2024-10-21 06:00:00+00:00,21.6,24.025
2024-10-21 07:00:00+00:00,21.45,23.925
2024-10-21 08:00:00+00:00,21.125,23.799999999999997
2024-10-21 09:00:00+00:00,20.625,23.675
2024-10-21 10:00:00+00:00,20.35,23.599999999999998
2024-10-21 11:00:00+00:00,20.175,23.499999999999996
2024-10-21 12:00:00+00:00,20.125,23.4
2024-10-21 13:00:00+00:00,20.049999999999997,23.425
2024-10-21 14:00:00+00:00,21.05,23.3
2024-10-21 15:00:00+00:00,23.075000000000003,23.4
2024-10-21 16:00:00+00:00,24.325000000000003,23.525
2024-10-21 17:00:00+00:00,24.9,23.75
2024-10-21 18:00:00+00:00,25.175,24.025
2024-10-21 19:00:00+00:00,25.525,24.325
2024-10-21 20:00:00+00:00,25.525,24.675
2024-10-21 21:00:00+00:00,25.525000000000002,24.9
2024-10-21 22:00:00+00:00,25.425,25.174999999999997
2024-10-21 23:00:00+00:00,25.15,25.25
2024-10-22 00:00:00+00:00,24.475,25.25
2024-10-22 01:00:00+00:00,23.975,25.05
2024-10-22 02:00:00+00:00,23.8,24.975
2024-10-22 03:00:00+00:00,23.75,24.900000000000002
2024-10-22 04:00:00+00:00,23.7,24.8
2024-10-22 05:00:00+00:00,23.5,24.8
2024-10-22 06:00:00+00:00,23.375,24.75
2024-10-22 07:00:00+00:00,23.35,24.599999999999998
2024-10-22 08:00:00+00:00,23.374999999999996,24.475
2024-10-22 09:00:00+00:00,23.35,24.425
2024-10-22 10:00:00+00:00,22.7,24.325000000000003
2024-10-22 11:00:00+00:00,22.375,24.275
2024-10-22 12:00:00+00:00,21.6,24.200000000000003
2024-10-22 13:00:00+00:00,22.025000000000002,24.125
2024-10-22 14:00:00+00:00,22.133333333333336,24.033333333333335
2024-10-22 15:00:00+00:00,23.900000000000002,24.0
2024-10-22 16:00:00+00:00,25.133333333333336,24.066666666666666
2024-10-22 17:00:00+00:00,25.475,24.25
2024-10-22 18:00:00+00:00,26.049999999999997,24.525
2024-10-22 19:00:00+00:00,26.250000000000004,24.875
2024-10-22 20:00:00+00:00,26.175,25.125
2024-10-22 21:00:00+00:00,26.049999999999997,25.325000000000003
2024-10-22 22:00:00+00:00,25.9,25.400000000000002
2024-10-22 23:00:00+00:00,25.549999999999997,25.400000000000002
2024-10-23 00:00:00+00:00,25.15,25.300000000000004
2024-10-23 01:00:00+00:00,24.775000000000002,25.35
2024-10-23 02:00:00+00:00,24.724999999999998,25.3
2024-10-23 03:00:00+00:00,24.775,25.225
2024-10-23 04:00:00+00:00,24.45,25.225
2024-10-23 05:00:00+00:00,24.35,25.275
2024-10-23 06:00:00+00:00,24.299999999999997,25.2
2024-10-23 07:00:00+00:00,24.299999999999997,25.150000000000002
2024-10-23 08:00:00+00:00,24.275,25.125
2024-10-23 09:00:00+00:00,24.125,25.049999999999997
2024-10-23 10:00:00+00:00,23.575000000000003,24.925000000000004
2024-10-23 11:00:00+00:00,23.25,24.875
2024-10-23 12:00:00+00:00,23.124999999999996,24.85
2024-10-23 13:00:00+00:00,23.099999999999998,24.8
2024-10-23 14:00:00+00:00,23.900000000000002,24.725
2024-10-23 15:00:00+00:00,24.999999999999996,24.775
2024-10-23 16:00:00+00:00,26.0,24.825
2024-10-23 17:00:00+00:00,26.075000000000003,25.025
2024-10-23 18:00:00+00:00,26.35,25.5
2024-10-23 19:00:00+00:00,26.625,26.075
2024-10-23 20:00:00+00:00,26.525,26.425000000000004
2024-10-23 21:00:00+00:00,26.424999999999997,26.6
2024-10-23 22:00:00+00:00,26.35,26.749999999999996
2024-10-23 23:00:00+00:00,26.1,26.700000000000003
2024-10-24 00:00:00+00:00,25.625,26.575
2024-10-24 01:00:00+00:00,25.1,26.425
2024-10-24 02:00:00+00:00,24.825,26.349999999999998
2024-10-24 03:00:00+00:00,24.725,26.375
2024-10-24 04:00:00+00:00,24.775000000000002,26.35
2024-10-24 05:00:00+00:00,24.625,26.15
2024-10-24 06:00:00+00:00,24.3,26.099999999999998
2024-10-24 07:00:00+00:00,24.125,26.150000000000002
2024-10-24 08:00:00+00:00,23.925000000000004,25.924999999999997
2024-10-24 09:00:00+00:00,23.575,25.825
2024-10-24 10:00:00+00:00,23.525,25.7
2024-10-24 11:00:00+00:00,23.525,25.55
2024-10-24 12:00:00+00:00,23.374999999999996,25.425
2024-10-24 13:00:00+00:00,23.525,25.349999999999998
2024-10-24 14:00:00+00:00,24.874999999999996,25.275
2024-10-24 15:00:00+00:00,25.424999999999997,25.375
2024-10-24 16:00:00+00:00,25.450000000000003,25.55
2024-10-24 17:00:00+00:00,25.575,25.825
2024-10-24 18:00:00+00:00,25.599999999999998,26.275
2024-10-24 19:00:00+00:00,25.95,26.625
2024-10-24 20:00:00+00:00,26.225,27.125
2024-10-24 21:00:00+00:00,26.200000000000003,27.475
2024-10-24 22:00:00+00:00,26.099999999999998,27.499999999999996
2024-10-24 23:00:00+00:00,25.65,27.4
2024-10-25 00:00:00+00:00,24.825000000000003,27.200000000000003
2024-10-25 01:00:00+00:00,24.55,26.975
2024-10-25 02:00:00+00:00,24.65,26.75
2024-10-25 03:00:00+00:00,25.2,26.575000000000003
2024-10-25 04:00:00+00:00,25.125,26.475
2024-10-25 05:00:00+00:00,25.15,26.35
2024-10-25 06:00:00+00:00,25.05,26.225
2024-10-25 07:00:00+00:00,25.075000000000003,26.150000000000002
2024-10-25 08:00:00+00:00,24.849999999999998,26.025000000000002
2024-10-25 09:00:00+00:00,24.675,25.975
2024-10-25 10:00:00+00:00,24.55,25.925
2024-10-25 11:00:00+00:00,24.45,25.85
2024-10-25 12:00:00+00:00,24.525,25.700000000000003
2024-10-25 13:00:00+00:00,24.650000000000002,25.650000000000002
2024-10-25 14:00:00+00:00,25.625,25.675
2024-10-25 15:00:00+00:00,26.125,25.75
2024-10-25 16:00:00+00:00,26.275,25.924999999999997
2024-10-25 17:00:00+00:00,26.75,26.2
2024-10-25 18:00:00+00:00,26.95,26.450000000000003
2024-10-25 19:00:00+00:00,27.025,26.725
2024-10-25 20:00:00+00:00,27.25,26.900000000000002
2024-10-25 21:00:00+00:00,27.15,27.275
2024-10-25 22:00:00+00:00,27.25,27.25
2024-10-25 23:00:00+00:00,26.974999999999998,27.2
2024-10-26 00:00:00+00:00,26.2,27.4
2024-10-26 01:00:00+00:00,25.725,27.275
2024-10-26 02:00:00+00:00,25.299999999999997,27.174999999999997
2024-10-26 03:00:00+00:00,25.2,27.125
2024-10-26 04:00:00+00:00,24.849999999999998,26.9
2024-10-26 05:00:00+00:00,24.925,26.825
2024-10-26 06:00:00+00:00,24.624999999999996,26.65
2024-10-26 07:00:00+00:00,24.724999999999998,26.65
2024-10-26 08:00:00+00:00,24.725,26.549999999999997
2024-10-26 09:00:00+00:00,24.700000000000003,26.5
2024-10-26 10:00:00+00:00,24.55,26.400000000000002
2024-10-26 11:00:00+00:00,24.474999999999998,26.325
2024-10-26 12:00:00+00:00,24.025,26.3
2024-10-26 13:00:00+00:00,23.825,26.225
2024-10-26 14:00:00+00:00,24.624999999999996,26.25
2024-10-26 15:00:00+00:00,25.325000000000003,26.3
2024-10-26 16:00:00+00:00,25.7,26.475
2024-10-26 17:00:00+00:00,26.525000000000002,26.724999999999998
2024-10-26 18:00:00+00:00,27.025,27.225
2024-10-26 19:00:00+00:00,27.674999999999997,27.525000000000002
2024-10-26 20:00:00+00:00,27.4,27.875
2024-10-26 21:00:00+00:00,27.25,27.95
2024-10-26 22:00:00+00:00,27.050000000000004,27.875
2024-10-26 23:00:00+00:00,26.85,28.2
2024-10-27 00:00:00+00:00,26.075000000000003,28.275
2024-10-27 01:00:00+00:00,25.775,28.025
2024-10-27 02:00:00+00:00,25.6,27.949999999999996
2024-10-27 03:00:00+00:00,25.4,27.85
2024-10-27 04:00:00+00:00,25.125,27.625
2024-10-27 05:00:00+00:00,25.125,27.475
2024-10-27 06:00:00+00:00,25.025,27.275000000000002
2024-10-27 07:00:00+00:00,24.9,27.15
2024-10-27 08:00:00+00:00,24.575000000000003,27.075
2024-10-27 09:00:00+00:00,24.35,26.924999999999997
2024-10-27 10:00:00+00:00,23.775,26.825000000000003
2024-10-27 11:00:00+00:00,23.325000000000003,26.775
2024-10-27 12:00:00+00:00,22.65,26.674999999999997
2024-10-27 13:00:00+00:00,22.7,26.525
2024-10-27 14:00:00+00:00,24.025,26.449999999999996
2024-10-27 15:00:00+00:00,25.1,26.575
2024-10-27 16:00:00+00:00,25.049999999999997,26.725
2024-10-27 17:00:00+00:00,25.475,26.974999999999998
2024-10-27 18:00:00+00:00,26.1,27.325000000000003
2024-10-27 19:00:00+00:00,26.174999999999997,27.875
2024-10-27 20:00:00+00:00,26.575000000000003,28.025
2024-10-27 21:00:00+00:00,26.225,28.025
2024-10-27 22:00:00+00:00,26.2,28.025
2024-10-27 23:00:00+00:00,25.775000000000002,28.0
2024-10-28 00:00:00+00:00,24.875000000000004,27.725
2024-10-28 01:00:00+00:00,24.475,27.575000000000003
2024-10-28 02:00:00+00:00,24.325000000000003,27.5
2024-10-28 03:00:00+00:00,24.475,27.199999999999996
2024-10-28 04:00:00+00:00,24.6,27.0
2024-10-28 05:00:00+00:00,24.55,26.825
2024-10-28 06:00:00+00:00,24.425,26.775000000000002
2024-10-28 07:00:00+00:00,24.049999999999997,26.7
2024-10-28 08:00:00+00:00,24.299999999999997,26.625
2024-10-28 09:00:00+00:00,24.075000000000003,26.6
2024-10-28 10:00:00+00:00,24.4,26.5
2024-10-28 11:00:00+00:00,23.975,26.45
2024-10-28 12:00:00+00:00,24.0,26.300000000000004
2024-10-28 13:00:00+00:00,24.275,26.25
2024-10-28 14:00:00+00:00,25.675,26.35
2024-10-28 15:00:00+00:00,26.825000000000003,26.4
2024-10-28 16:00:00+00:00,26.9,26.55
2024-10-28 17:00:00+00:00,27.075,26.700000000000003
2024-10-28 18:00:00+00:00,27.075,26.825
2024-10-28 19:00:00+00:00,26.950000000000003,26.900000000000002
2024-10-28 20:00:00+00:00,26.825000000000003,26.925000000000004
2024-10-28 21:00:00+00:00,27.15,27.025
2024-10-28 22:00:00+00:00,27.1,27.05
2024-10-28 23:00:00+00:00,26.85,27.025
2024-10-29 00:00:00+00:00,26.375000000000004,27.0
2024-10-29 01:00:00+00:00,26.075000000000003,26.9
2024-10-29 02:00:00+00:00,25.975,26.825000000000003
2024-10-29 03:00:00+00:00,26.099999999999998,26.749999999999996
2024-10-29 04:00:00+00:00,26.1,26.650000000000002
2024-10-29 05:00:00+00:00,26.150000000000002,26.5
2024-10-29 06:00:00+00:00,26.1,26.5
2024-10-29 07:00:00+00:00,26.05,26.425000000000004
2024-10-29 08:00:00+00:00,26.025,26.375
2024-10-29 09:00:00+00:00,25.974999999999998,26.374999999999996
2024-10-29 10:00:00+00:00,25.95,26.3
2024-10-29 11:00:00+00:00,25.875,26.200000000000003
2024-10-29 12:00:00+00:00,25.8,26.099999999999998
2024-10-29 13:00:00+00:00,25.849999999999998,26.0
2024-10-29 14:00:00+00:00,26.5,25.95
2024-10-29 15:00:00+00:00,26.825000000000003,26.05
2024-10-29 16:00:00+00:00,27.025,26.2
2024-10-29 17:00:00+00:00,27.200000000000003,26.325000000000003
2024-10-29 18:00:00+00:00,27.35,26.375
2024-10-29 19:00:00+00:00,27.424999999999997,26.725
2024-10-29 20:00:00+00:00,27.35,26.875
2024-10-29 21:00:00+00:00,27.45,26.925
2024-10-29 22:00:00+00:00,27.249999999999996,26.975
2024-10-29 23:00:00+00:00,26.85,26.925
2024-10-30 00:00:00+00:00,26.525000000000002,26.875
2024-10-30 01:00:00+00:00,26.450000000000003,26.75
2024-10-30 02:00:00+00:00,26.424999999999997,26.650000000000002
2024-10-30 03:00:00+00:00,26.325,26.625
2024-10-30 04:00:00+00:00,26.275,26.575
2024-10-30 05:00:00+00:00,26.2,26.5
2024-10-30 06:00:00+00:00,26.1,26.425
2024-10-30 07:00:00+00:00,26.075,26.35
2024-10-30 08:00:00+00:00,26.05,26.25
2024-10-30 09:00:00+00:00,26.049999999999997,26.35
2024-10-30 10:00:00+00:00,26.074999999999996,26.225
2024-10-30 11:00:00+00:00,26.049999999999997,26.150000000000002
2024-10-30 12:00:00+00:00,26.049999999999997,26.175
2024-10-30 13:00:00+00:00,26.025,26.1
2024-10-30 14:00:00+00:00,26.424999999999997,26.075
2024-10-30 15:00:00+00:00,26.924999999999997,26.150000000000002
2024-10-30 16:00:00+00:00,27.25,26.275
2024-10-30 17:00:00+00:00,27.4,26.475
2024-10-30 18:00:00+00:00,27.450000000000003,26.674999999999997
2024-10-30 19:00:00+00:00,27.525,26.924999999999997
2024-10-30 20:00:00+00:00,27.575,27.299999999999997
2024-10-30 21:00:00+00:00,27.55,27.325
2024-10-30 22:00:00+00:00,27.549999999999997,27.35
2024-10-30 23:00:00+00:00,27.200000000000003,27.3
2024-10-31 00:00:00+00:00,26.725,27.275
2024-10-31 01:00:00+00:00,26.55,27.25
2024-10-31 02:00:00+00:00,26.400000000000002,27.174999999999997
2024-10-31 03:00:00+00:00,26.400000000000002,27.075000000000003
2024-10-31 04:00:00+00:00,26.35,26.95
2024-10-31 05:00:00+00:00,26.299999999999997,26.95
2024-10-31 06:00:00+00:00,26.25,26.875
2024-10-31 07:00:00+00:00,26.15,26.925
2024-10-31 08:00:00+00:00,26.125,26.875
2024-10-31 09:00:00+00:00,26.025,26.825
2024-10-31 10:00:00+00:00,25.925,26.849999999999998
2024-10-31 11:00:00+00:00,25.950000000000003,26.825
2024-10-31 12:00:00+00:00,25.9,26.75
2024-10-31 13:00:00+00:00,25.775,26.675
2024-10-31 14:00:00+00:00,26.4,26.65
2024-10-31 15:00:00+00:00,27.025,26.700000000000003
2024-10-31 16:00:00+00:00,27.325000000000003,26.85
2024-10-31 17:00:00+00:00,27.549999999999997,27.025
2024-10-31 18:00:00+00:00,28.0,27.325000000000003
2024-10-31 19:00:00+00:00,28.25,27.624999999999996
2024-10-31 20:00:00+00:00,28.025000000000002,28.125
2024-10-31 21:00:00+00:00,26.5,28.175
2024-10-31 22:00:00+00:00,26.9,27.775
2024-10-31 23:00:00+00:00,26.275000000000002,27.849999999999998
2024-11-01 00:00:00+00:00,25.924999999999997,27.85
2024-11-01 01:00:00+00:00,25.725,27.725
2024-11-01 02:00:00+00:00,25.325000000000003,27.625
2024-11-01 03:00:00+00:00,25.4,27.525
2024-11-01 04:00:00+00:00,25.45,27.45
2024-11-01 05:00:00+00:00,25.2,27.425
2024-11-01 06:00:00+00:00,25.425,27.400000000000002
2024-11-01 07:00:00+00:00,25.5,27.325000000000003
2024-11-01 08:00:00+00:00,25.55,27.275
2024-11-01 09:00:00+00:00,25.2,27.275
2024-11-01 10:00:00+00:00,24.95,27.275
2024-11-01 11:00:00+00:00,25.025,27.2
2024-11-01 12:00:00+00:00,24.8,27.050000000000004
2024-11-01 13:00:00+00:00,24.549999999999997,26.975
2024-11-01 14:00:00+00:00,24.0,26.85
2024-11-01 15:00:00+00:00,23.425,26.75
2024-11-01 16:00:00+00:00,24.275000000000002,26.7
2024-11-01 17:00:00+00:00,24.8,26.875
2024-11-01 18:00:00+00:00,25.424999999999997,26.9
2024-11-01 19:00:00+00:00,25.599999999999998,27.075
2024-11-01 20:00:00+00:00,25.824999999999996,27.275
2024-11-01 21:00:00+00:00,25.775000000000002,27.375000000000004
2024-11-01 22:00:00+00:00,26.1,27.4
2024-11-01 23:00:00+00:00,26.0,27.4
2024-11-02 00:00:00+00:00,25.500000000000004,27.25
2024-11-02 01:00:00+00:00,25.225,27.224999999999998
2024-11-02 02:00:00+00:00,25.075,27.15
2024-11-02 03:00:00+00:00,25.0,27.1
2024-11-02 04:00:00+00:00,25.0,26.9
2024-11-02 05:00:00+00:00,25.0,26.8
2024-11-02 06:00:00+00:00,24.925,26.749999999999996
2024-11-02 07:00:00+00:00,24.925,26.775
2024-11-02 08:00:00+00:00,24.975,26.724999999999998
2024-11-02 09:00:00+00:00,24.625,26.675
2024-11-02 10:00:00+00:00,24.525000000000002,26.45
2024-11-02 11:00:00+00:00,24.025000000000002,26.325000000000003
2024-11-02 12:00:00+00:00,24.225,26.224999999999998
2024-11-02 13:00:00+00:00,24.45,26.275000000000002
2024-11-02 14:00:00+00:00,24.650000000000002,26.25
2024-11-02 15:00:00+00:00,24.875,26.125
2024-11-02 16:00:00+00:00,25.549999999999997,26.25
2024-11-02 17:00:00+00:00,26.525000000000002,26.5
2024-11-02 18:00:00+00:00,26.599999999999998,26.700000000000003
2024-11-02 19:00:00+00:00,26.924999999999997,26.975
2024-11-02 20:00:00+00:00,27.075,27.225
2024-11-02 21:00:00+00:00,27.224999999999998,27.450000000000003
2024-11-02 22:00:00+00:00,27.174999999999997,27.35
2024-11-02 23:00:00+00:00,26.55,27.375
2024-11-03 00:00:00+00:00,26.099999999999998,27.15
2024-11-03 01:00:00+00:00,26.375,27.125
2024-11-03 02:00:00+00:00,26.35,27.025
2024-11-03 03:00:00+00:00,26.325000000000003,26.924999999999997
2024-11-03 04:00:00+00:00,26.225,26.825
2024-11-03 05:00:00+00:00,26.075000000000003,26.725
2024-11-03 06:00:00+00:00,26.05,26.625
2024-11-03 07:00:00+00:00,26.049999999999997,26.525
2024-11-03 08:00:00+00:00,25.950000000000003,26.45
2024-11-03 09:00:00+00:00,25.824999999999996,26.375
2024-11-03 10:00:00+00:00,25.775,26.325000000000003
2024-11-03 11:00:00+00:00,25.674999999999997,26.25
2024-11-03 12:00:00+00:00,25.675,26.225
2024-11-03 13:00:00+00:00,25.725,26.15
2024-11-03 14:00:00+00:00,26.15,26.1
2024-11-03 15:00:00+00:00,26.525,26.05
2024-11-03 16:00:00+00:00,26.725,26.025
2024-11-03 17:00:00+00:00,27.0,26.175
2024-11-03 18:00:00+00:00,27.075000000000003,26.45
2024-11-03 19:00:00+00:00,27.175,26.9
2024-11-03 20:00:00+00:00,27.1,27.200000000000003
2024-11-03 21:00:00+00:00,27.225,27.324999999999996
2024-11-03 22:00:00+00:00,27.075000000000003,27.275
2024-11-03 23:00:00+00:00,26.925,27.2
2024-11-04 00:00:00+00:00,26.624999999999996,27.125
2024-11-04 01:00:00+00:00,26.575000000000003,27.05
2024-11-04 02:00:00+00:00,26.549999999999997,26.925
2024-11-04 03:00:00+00:00,26.5,26.85
2024-11-04 04:00:00+00:00,26.450000000000003,26.674999999999997
2024-11-04 05:00:00+00:00,26.375,26.55
2024-11-04 06:00:00+00:00,26.225,26.425000000000004
2024-11-04 07:00:00+00:00,26.200000000000003,26.325
2024-11-04 08:00:00+00:00,26.275000000000002,26.224999999999998
2024-11-04 09:00:00+00:00,26.349999999999998,26.15
2024-11-04 10:00:00+00:00,26.324999999999996,26.05
2024-11-04 11:00:00+00:00,26.374999999999996,26.025000000000002
2024-11-04 12:00:00+00:00,26.299999999999997,25.950000000000003
2024-11-04 13:00:00+00:00,26.325,25.925
2024-11-04 14:00:00+00:00,26.725,25.875
2024-11-04 15:00:00+00:00,27.05,25.8
2024-11-04 16:00:00+00:00,27.375,26.025
2024-11-04 17:00:00+00:00,27.5,26.2
2024-11-04 18:00:00+00:00,27.650000000000002,26.475
2024-11-04 19:00:00+00:00,27.650000000000002,26.65
2024-11-04 20:00:00+00:00,27.550000000000004,26.825
2024-11-04 21:00:00+00:00,27.575,27.025
2024-11-04 22:00:00+00:00,27.325,27.1
2024-11-04 23:00:00+00:00,27.15,27.0
2024-11-05 00:00:00+00:00,26.975,26.849999999999998
2024-11-05 01:00:00+00:00,26.950000000000003,26.799999999999997
2024-11-05 02:00:00+00:00,26.9,26.75
2024-11-05 03:00:00+00:00,26.8,26.675
2024-11-05 04:00:00+00:00,26.7,26.625
2024-11-05 05:00:00+00:00,26.775,26.55
2024-11-05 06:00:00+00:00,26.8,26.450000000000003
2024-11-05 07:00:00+00:00,26.775,26.4
2024-11-05 08:00:00+00:00,26.725,26.325000000000003
2024-11-05 09:00:00+00:00,26.6,26.325000000000003
2024-11-05 10:00:00+00:00,26.375,26.275
2024-11-05 11:00:00+00:00,26.375,26.275
2024-11-05 12:00:00+00:00,23.9,26.15
2024-11-05 13:00:00+00:00,18.9,26.025
2024-11-05 14:00:00+00:00,18.15,25.85
2024-11-05 15:00:00+00:00,18.65,25.55
2024-11-05 16:00:00+00:00,20.075,25.35
2024-11-05 17:00:00+00:00,21.400000000000002,25.225
2024-11-05 18:00:00+00:00,22.1,25.174999999999997
2024-11-05 19:00:00+00:00,22.85,25.1
2024-11-05 20:00:00+00:00,22.900000000000002,24.950000000000003
2024-11-05 21:00:00+00:00,23.125,24.950000000000003
2024-11-05 22:00:00+00:00,22.799999999999997,25.025
2024-11-05 23:00:00+00:00,23.075000000000003,24.975
2024-11-06 00:00:00+00:00,22.275,24.775
2024-11-06 01:00:00+00:00,22.025,24.625
2024-11-06 02:00:00+00:00,22.0,24.525
2024-11-06 03:00:00+00:00,21.799999999999997,24.4
2024-11-06 04:00:00+00:00,21.525000000000002,24.325000000000003
2024-11-06 05:00:00+00:00,20.85,24.2
2024-11-06 06:00:00+00:00,19.825000000000003,24.150000000000002
2024-11-06 07:00:00+00:00,19.775,24.075000000000003
2024-11-06 08:00:00+00:00,19.3,24.075
2024-11-06 09:00:00+00:00,19.3,24.025
2024-11-06 10:00:00+00:00,18.95,23.700000000000003
2024-11-06 11:00:00+00:00,19.0,23.45
2024-11-06 12:00:00+00:00,19.225,23.275000000000002
2024-11-06 13:00:00+00:00,19.3,23.150000000000002
2024-11-06 14:00:00+00:00,19.775,23.05
2024-11-06 15:00:00+00:00,20.924999999999997,22.85
2024-11-06 16:00:00+00:00,22.55,22.925
2024-11-06 17:00:00+00:00,23.525000000000002,23.125
2024-11-06 18:00:00+00:00,24.225,23.299999999999997
2024-11-06 19:00:00+00:00,24.525,23.375
2024-11-06 20:00:00+00:00,24.65,23.575000000000003
2024-11-06 21:00:00+00:00,24.825000000000003,23.724999999999998
2024-11-06 22:00:00+00:00,25.099999999999998,24.075000000000003
2024-11-06 23:00:00+00:00,24.549999999999997,24.175
2024-11-07 00:00:00+00:00,24.225,24.374999999999996
2024-11-07 01:00:00+00:00,24.1,24.3
2024-11-07 02:00:00+00:00,24.0,24.425000000000004
2024-11-07 03:00:00+00:00,24.1,24.324999999999996
2024-11-07 04:00:00+00:00,24.275,24.325
2024-11-07 05:00:00+00:00,24.55,24.325
2024-11-07 06:00:00+00:00,24.4,24.3
2024-11-07 07:00:00+00:00,24.549999999999997,24.3
2024-11-07 08:00:00+00:00,24.6,24.325
2024-11-07 09:00:00+00:00,24.7,24.349999999999998
2024-11-07 10:00:00+00:00,24.55,24.4
2024-11-07 11:00:00+00:00,24.55,24.374999999999996
2024-11-07 12:00:00+00:00,24.4,24.400000000000002
2024-11-07 13:00:00+00:00,24.375,24.374999999999996
2024-11-07 14:00:00+00:00,24.9,24.349999999999998
2024-11-07 15:00:00+00:00,26.025,24.325
2024-11-07 16:00:00+00:00,26.375,24.45
2024-11-07 17:00:00+00:00,26.874999999999996,24.725
2024-11-07 18:00:00+00:00,26.85,24.950000000000003
2024-11-07 19:00:00+00:00,26.925,25.375
2024-11-07 20:00:00+00:00,26.700000000000003,25.75
2024-11-07 21:00:00+00:00,26.7,25.700000000000003
2024-11-07 22:00:00+00:00,26.575,26.075000000000003
2024-11-07 23:00:00+00:00,25.925,26.1
2024-11-08 00:00:00+00:00,25.299999999999997,25.974999999999998
2024-11-08 01:00:00+00:00,24.950000000000003,25.924999999999997
2024-11-08 02:00:00+00:00,24.799999999999997,25.849999999999998
2024-11-08 03:00:00+00:00,24.725,25.8
2024-11-08 04:00:00+00:00,24.65,25.7
2024-11-08 05:00:00+00:00,24.725,25.675
2024-11-08 06:00:00+00:00,24.674999999999997,25.625
2024-11-08 07:00:00+00:00,24.575,25.55
2024-11-08 08:00:00+00:00,24.674999999999997,25.525
2024-11-08 09:00:00+00:00,24.775000000000002,25.424999999999997
2024-11-08 10:00:00+00:00,24.75,25.349999999999998
2024-11-08 11:00:00+00:00,24.625,25.299999999999997
2024-11-08 12:00:00+00:00,24.35,25.25
2024-11-08 13:00:00+00:00,24.299999999999997,25.25
2024-11-08 14:00:00+00:00,25.15,25.275
2024-11-08 15:00:00+00:00,25.825,25.25
2024-11-08 16:00:00+00:00,26.35,25.425000000000004
2024-11-08 17:00:00+00:00,26.650000000000002,25.624999999999996
2024-11-08 18:00:00+00:00,27.15,25.775
2024-11-08 19:00:00+00:00,27.375,26.05
2024-11-08 20:00:00+00:00,27.325,26.475
2024-11-08 21:00:00+00:00,27.15,26.775000000000002
2024-11-08 22:00:00+00:00,27.5,26.825
2024-11-08 23:00:00+00:00,26.95,26.849999999999998
2024-11-09 00:00:00+00:00,26.375,27.0
2024-11-09 01:00:00+00:00,26.05,27.05
2024-11-09 02:00:00+00:00,25.825000000000003,26.974999999999998
2024-11-09 03:00:00+00:00,25.7,26.85
2024-11-09 04:00:00+00:00,25.5,26.775
2024-11-09 05:00:00+00:00,25.375,26.775
2024-11-09 06:00:00+00:00,22.075,26.625
2024-11-09 07:00:00+00:00,20.775,26.375
2024-11-09 08:00:00+00:00,20.725,26.150000000000002
2024-11-09 09:00:00+00:00,20.55,25.85
2024-11-09 10:00:00+00:00,20.299999999999997,25.549999999999997
2024-11-09 11:00:00+00:00,20.075,25.375
2024-11-09 12:00:00+00:00,19.6,25.025
2024-11-09 13:00:00+00:00,19.35,24.799999999999997
2024-11-09 14:00:00+00:00,19.575,24.450000000000003
2024-11-09 15:00:00+00:00,20.075000000000003,24.275
2024-11-09 16:00:00+00:00,21.025,24.125
2024-11-09 17:00:00+00:00,22.15,24.3
2024-11-09 18:00:00+00:00,23.7,24.375
2024-11-09 19:00:00+00:00,24.8,24.6
2024-11-09 20:00:00+00:00,25.75,24.8
2024-11-09 21:00:00+00:00,26.375,25.050000000000004
2024-11-09 22:00:00+00:00,26.849999999999998,25.049999999999997
2024-11-09 23:00:00+00:00,26.75,25.125
2024-11-10 00:00:00+00:00,25.35,25.15
2024-11-10 01:00:00+00:00,25.0,25.15
2024-11-10 02:00:00+00:00,24.45,25.125
2024-11-10 03:00:00+00:00,24.1,25.049999999999997
2024-11-10 04:00:00+00:00,23.7,24.950000000000003
2024-11-10 05:00:00+00:00,23.65,24.925
2024-11-10 06:00:00+00:00,23.1,24.825
2024-11-10 07:00:00+00:00,22.599999999999998,24.8
2024-11-10 08:00:00+00:00,21.900000000000002,24.825
2024-11-10 09:00:00+00:00,21.224999999999998,24.875
2024-11-10 10:00:00+00:00,21.25,24.875
2024-11-10 11:00:00+00:00,21.55,24.824999999999996
2024-11-10 12:00:00+00:00,21.400000000000002,24.775
2024-11-10 13:00:00+00:00,21.375,24.7
2024-11-10 14:00:00+00:00,21.85,24.65
2024-11-10 15:00:00+00:00,22.375,24.625
2024-11-10 16:00:00+00:00,22.875,24.575000000000003
2024-11-10 17:00:00+00:00,23.75,24.7
2024-11-10 18:00:00+00:00,24.725,24.85
2024-11-10 19:00:00+00:00,25.575000000000003,25.075
2024-11-10 20:00:00+00:00,26.400000000000002,25.174999999999997
2024-11-10 21:00:00+00:00,27.025,25.325000000000003
2024-11-10 22:00:00+00:00,27.624999999999996,25.55
2024-11-10 23:00:00+00:00,27.0,25.674999999999997
2024-11-11 00:00:00+00:00,25.949999999999996,25.674999999999997
2024-11-11 01:00:00+00:00,25.225,25.674999999999997
2024-11-11 02:00:00+00:00,24.725,25.674999999999997
2024-11-11 03:00:00+00:00,24.425,25.674999999999997
2024-11-11 04:00:00+00:00,24.125,25.65
2024-11-11 05:00:00+00:00,23.8,25.575
2024-11-11 06:00:00+00:00,23.575,25.5
2024-11-11 07:00:00+00:00,22.8,25.45
2024-11-11 08:00:00+00:00,22.549999999999997,25.4
2024-11-11 09:00:00+00:00,22.075,25.3
2024-11-11 10:00:00+00:00,21.575000000000003,25.3
2024-11-11 11:00:00+00:00,21.05,25.224999999999998
2024-11-11 12:00:00+00:00,20.825,25.175
2024-11-11 13:00:00+00:00,20.424999999999997,25.075000000000003
2024-11-11 14:00:00+00:00,20.9,24.95
2024-11-11 15:00:00+00:00,21.675,24.824999999999996
2024-11-11 16:00:00+00:00,22.5,24.849999999999998
2024-11-11 17:00:00+00:00,23.325000000000003,24.950000000000003
2024-11-11 18:00:00+00:00,24.549999999999997,25.174999999999997
2024-11-11 19:00:00+00:00,25.25,25.4
2024-11-11 20:00:00+00:00,25.575,25.700000000000003
2024-11-11 21:00:00+00:00,26.025,26.025000000000002
2024-11-11 22:00:00+00:00,26.625,26.25
2024-11-11 23:00:00+00:00,25.724999999999998,26.325
2024-11-12 00:00:00+00:00,24.975,26.275
2024-11-12 01:00:00+00:00,24.65,26.225
2024-11-12 02:00:00+00:00,24.174999999999997,26.2
2024-11-12 03:00:00+00:00,24.075,26.125
2024-11-12 04:00:00+00:00,23.849999999999998,26.025
2024-11-12 05:00:00+00:00,23.875,26.0
2024-11-12 06:00:00+00:00,23.75,25.975
2024-11-12 07:00:00+00:00,23.5,26.0
2024-11-12 08:00:00+00:00,23.075,25.950000000000003
2024-11-12 09:00:00+00:00,22.725,25.825
2024-11-12 10:00:00+00:00,22.45,25.75
2024-11-12 11:00:00+00:00,22.174999999999997,25.599999999999998
2024-11-12 12:00:00+00:00,21.85,25.424999999999997
2024-11-12 13:00:00+00:00,21.525,25.15
2024-11-12 14:00:00+00:00,21.975,25.05
2024-11-12 15:00:00+00:00,22.950000000000003,25.075
2024-11-12 16:00:00+00:00,23.85,25.125
2024-11-12 17:00:00+00:00,24.575000000000003,25.4
2024-11-12 18:00:00+00:00,24.775,25.625
2024-11-12 19:00:00+00:00,25.35,25.9
2024-11-12 20:00:00+00:00,25.224999999999998,26.099999999999998
2024-11-12 21:00:00+00:00,24.975,26.375
2024-11-12 22:00:00+00:00,24.925,26.475
2024-11-12 23:00:00+00:00,24.525,26.325000000000003
2024-11-13 00:00:00+00:00,23.425,26.125000000000004
2024-11-13 01:00:00+00:00,22.975,25.85
2024-11-13 02:00:00+00:00,22.65,25.725
2024-11-13 03:00:00+00:00,22.775,25.425
2024-11-13 04:00:00+00:00,22.85,25.425000000000004
2024-11-13 05:00:00+00:00,22.674999999999997,25.224999999999998
2024-11-13 06:00:00+00:00,22.674999999999997,25.25
2024-11-13 07:00:00+00:00,22.6,25.224999999999998
2024-11-13 08:00:00+00:00,21.75,25.075
2024-11-13 09:00:00+00:00,21.225,24.85
2024-11-13 10:00:00+00:00,19.85,24.775
2024-11-13 11:00:00+00:00,19.55,24.799999999999997
2024-11-13 12:00:00+00:00,20.125,24.625
2024-11-13 13:00:00+00:00,20.5,24.525
2024-11-13 14:00:00+00:00,21.575,24.349999999999998
2024-11-13 15:00:00+00:00,22.6,24.224999999999998
2024-11-13 16:00:00+00:00,23.575,24.35
2024-11-13 17:00:00+00:00,24.05,24.575000000000003
2024-11-13 18:00:00+00:00,24.574999999999996,24.875
2024-11-13 19:00:00+00:00,25.324999999999996,25.175
2024-11-13 20:00:00+00:00,25.849999999999998,25.525
2024-11-13 21:00:00+00:00,26.200000000000003,25.9
2024-11-13 22:00:00+00:00,25.950000000000003,26.049999999999997
2024-11-13 23:00:00+00:00,26.025,25.975
2024-11-14 00:00:00+00:00,25.625,25.825000000000003
2024-11-14 01:00:00+00:00,25.075000000000003,25.8
2024-11-14 02:00:00+00:00,24.475,25.725
2024-11-14 03:00:00+00:00,23.925,25.725
2024-11-14 04:00:00+00:00,23.0,25.675
2024-11-14 05:00:00+00:00,23.0,25.5
2024-11-14 06:00:00+00:00,21.8,25.2
2024-11-14 07:00:00+00:00,20.825000000000003,24.875
2024-11-14 08:00:00+00:00,20.175,24.4
2024-11-14 09:00:00+00:00,18.950000000000003,24.1
2024-11-14 10:00:00+00:00,18.349999999999998,23.775000000000002
2024-11-14 11:00:00+00:00,17.45,23.424999999999997
2024-11-14 12:00:00+00:00,16.85,23.049999999999997
2024-11-14 13:00:00+00:00,16.175,22.6
2024-11-14 14:00:00+00:00,16.650000000000002,22.125
2024-11-14 15:00:00+00:00,17.8,21.924999999999997
2024-11-14 16:00:00+00:00,19.075,21.875
2024-11-14 17:00:00+00:00,20.075000000000003,22.375
2024-11-14 18:00:00+00:00,20.924999999999997,22.625
2024-11-14 19:00:00+00:00,21.775,22.674999999999997
2024-11-14 20:00:00+00:00,22.575000000000003,23.049999999999997
2024-11-14 21:00:00+00:00,23.25,23.275
2024-11-14 22:00:00+00:00,23.825000000000003,23.575000000000003
2024-11-14 23:00:00+00:00,23.775000000000002,23.5
2024-11-15 00:00:00+00:00,22.375,23.25
2024-11-15 01:00:00+00:00,21.575,23.150000000000002
2024-11-15 02:00:00+00:00,21.025,22.9
2024-11-15 03:00:00+00:00,20.65,22.749999999999996
2024-11-15 04:00:00+00:00,20.225,22.6
2024-11-15 05:00:00+00:00,20.025000000000002,22.5
2024-11-15 06:00:00+00:00,19.424999999999997,22.325
2024-11-15 07:00:00+00:00,18.8,22.050000000000004
2024-11-15 08:00:00+00:00,18.625,21.849999999999998
2024-11-15 09:00:00+00:00,18.174999999999997,21.65
2024-11-15 10:00:00+00:00,17.925,21.4
2024-11-15 11:00:00+00:00,17.5,21.275
2024-11-15 12:00:00+00:00,17.325,21.125
2024-11-15 13:00:00+00:00,17.049999999999997,21.025000000000002
2024-11-15 14:00:00+00:00,17.625,20.725
2024-11-15 15:00:00+00:00,18.95,20.475
2024-11-15 16:00:00+00:00,20.35,20.549999999999997
2024-11-15 17:00:00+00:00,21.225,20.825
2024-11-15 18:00:00+00:00,21.775,21.299999999999997
2024-11-15 19:00:00+00:00,22.200000000000003,21.724999999999998
2024-11-15 20:00:00+00:00,22.5,22.050000000000004
2024-11-15 21:00:00+00:00,22.35,22.499999999999996
2024-11-15 22:00:00+00:00,22.8,22.549999999999997
2024-11-15 23:00:00+00:00,22.400000000000002,22.55
2024-11-16 00:00:00+00:00,21.499999999999996,22.5
2024-11-16 01:00:00+00:00,20.95,22.425
2024-11-16 02:00:00+00:00,20.775000000000002,22.575
2024-11-16 03:00:00+00:00,20.8,22.675
2024-11-16 04:00:00+00:00,20.85,22.650000000000002
2024-11-16 05:00:00+00:00,21.25,22.550000000000004
2024-11-16 06:00:00+00:00,21.349999999999998,22.425
2024-11-16 07:00:00+00:00,22.125,22.45
2024-11-16 08:00:00+00:00,22.275000000000002,22.424999999999997
2024-11-16 09:00:00+00:00,22.924999999999997,22.424999999999997
2024-11-16 10:00:00+00:00,23.025000000000002,22.375
2024-11-16 11:00:00+00:00,23.025000000000002,22.375
2024-11-16 12:00:00+00:00,23.275,22.35
2024-11-16 13:00:00+00:00,22.924999999999997,22.25
2024-11-16 14:00:00+00:00,23.825000000000003,22.25
2024-11-16 15:00:00+00:00,23.799999999999997,22.175
2024-11-16 16:00:00+00:00,24.050000000000004,22.15
2024-11-16 17:00:00+00:00,24.425,22.25
2024-11-16 18:00:00+00:00,24.925,22.4
2024-11-16 19:00:00+00:00,25.025,22.625
2024-11-16 20:00:00+00:00,24.85,22.925
2024-11-16 21:00:00+00:00,24.75,23.175
2024-11-16 22:00:00+00:00,24.95,23.299999999999997
2024-11-16 23:00:00+00:00,24.650000000000002,23.375
2024-11-17 00:00:00+00:00,23.8,23.375
2024-11-17 01:00:00+00:00,23.275,23.374999999999996
2024-11-17 02:00:00+00:00,23.25,23.225
2024-11-17 03:00:00+00:00,23.8,23.1
2024-11-17 04:00:00+00:00,23.65,23.0
2024-11-17 05:00:00+00:00,23.35,23.025
2024-11-17 06:00:00+00:00,22.875,23.0
2024-11-17 07:00:00+00:00,22.975,23.0
2024-11-17 08:00:00+00:00,22.775,23.025
2024-11-17 09:00:00+00:00,22.525,23.0
2024-11-17 10:00:00+00:00,22.4,23.0
2024-11-17 11:00:00+00:00,22.049999999999997,22.950000000000003
2024-11-17 12:00:00+00:00,22.375,22.925
2024-11-17 13:00:00+00:00,22.775,22.9
2024-11-17 14:00:00+00:00,23.599999999999998,22.924999999999997
2024-11-17 15:00:00+00:00,24.299999999999997,22.975
2024-11-17 16:00:00+00:00,24.725,23.025000000000002
2024-11-17 17:00:00+00:00,25.424999999999997,23.2
2024-11-17 18:00:00+00:00,25.725,23.5
2024-11-17 19:00:00+00:00,25.85,23.875
2024-11-17 20:00:00+00:00,26.349999999999998,24.475
2024-11-17 21:00:00+00:00,26.5,24.675
2024-11-17 22:00:00+00:00,26.225,24.775
2024-11-17 23:00:00+00:00,25.85,24.775
2024-11-18 00:00:00+00:00,25.6,24.625
2024-11-18 01:00:00+00:00,25.525000000000002,24.4
2024-11-18 02:00:00+00:00,25.575,24.275000000000002
2024-11-18 03:00:00+00:00,25.450000000000003,24.3
2024-11-18 04:00:00+00:00,25.525000000000002,24.224999999999998
2024-11-18 05:00:00+00:00,25.525,24.2
2024-11-18 06:00:00+00:00,25.500000000000004,24.15
2024-11-18 07:00:00+00:00,25.575000000000003,24.124999999999996
2024-11-18 08:00:00+00:00,25.65,24.15
2024-11-18 09:00:00+00:00,25.5,24.15
2024-11-18 10:00:00+00:00,25.55,24.125
2024-11-18 11:00:00+00:00,25.7,24.099999999999998
2024-11-18 12:00:00+00:00,25.75,24.05
2024-11-18 13:00:00+00:00,25.725,24.0
2024-11-18 14:00:00+00:00,25.65,23.975
2024-11-18 15:00:00+00:00,25.799999999999997,24.025
2024-11-18 16:00:00+00:00,26.125,24.125
2024-11-18 17:00:00+00:00,26.175,24.25
2024-11-18 18:00:00+00:00,26.5,24.325
2024-11-18 19:00:00+00:00,26.875000000000004,24.7
2024-11-18 20:00:00+00:00,26.825000000000003,25.0
2024-11-18 21:00:00+00:00,26.775,25.150000000000002
2024-11-18 22:00:00+00:00,25.75,25.200000000000003
2024-11-18 23:00:00+00:00,23.85,25.3
2024-11-19 00:00:00+00:00,22.825000000000003,25.175
2024-11-19 01:00:00+00:00,22.5,25.174999999999997
2024-11-19 02:00:00+00:00,22.1,25.1
2024-11-19 03:00:00+00:00,22.025000000000002,25.075
2024-11-19 04:00:00+00:00,21.65,24.975
2024-11-19 05:00:00+00:00,21.025000000000002,24.9
2024-11-19 06:00:00+00:00,20.5,24.75
2024-11-19 07:00:00+00:00,19.924999999999997,24.75
2024-11-19 08:00:00+00:00,19.45,24.625
2024-11-19 09:00:00+00:00,19.549999999999997,24.549999999999997
2024-11-19 10:00:00+00:00,19.85,24.375
2024-11-19 11:00:00+00:00,19.45,24.224999999999998
2024-11-19 12:00:00+00:00,19.55,24.1
2024-11-19 13:00:00+00:00,17.875,24.0
2024-11-19 14:00:00+00:00,18.6,23.825000000000003
2024-11-19 15:00:00+00:00,20.325000000000003,23.7
2024-11-19 16:00:00+00:00,21.675,23.625
2024-11-19 17:00:00+00:00,22.975,23.575
2024-11-19 18:00:00+00:00,23.6,23.799999999999997
2024-11-19 19:00:00+00:00,24.675,24.05
2024-11-19 20:00:00+00:00,25.275,24.375
2024-11-19 21:00:00+00:00,25.725,24.675
2024-11-19 22:00:00+00:00,25.25,24.824999999999996
2024-11-19 23:00:00+00:00,24.650000000000002,24.95
2024-11-20 00:00:00+00:00,23.35,24.875
2024-11-20 01:00:00+00:00,23.275000000000002,24.725
2024-11-20 02:00:00+00:00,22.675,24.549999999999997
2024-11-20 03:00:00+00:00,20.625,24.425
2024-11-20 04:00:00+00:00,19.8,24.325000000000003
2024-11-20 05:00:00+00:00,20.15,24.15
2024-11-20 06:00:00+00:00,19.050000000000004,24.025
2024-11-20 07:00:00+00:00,17.700000000000003,23.874999999999996
2024-11-20 08:00:00+00:00,18.675,23.825
2024-11-20 09:00:00+00:00,17.85,23.7
2024-11-20 10:00:00+00:00,17.825000000000003,23.475
2024-11-20 11:00:00+00:00,17.075000000000003,23.125
2024-11-20 12:00:00+00:00,15.950000000000001,22.875
2024-11-20 13:00:00+00:00,15.55,22.4
2024-11-20 14:00:00+00:00,15.624999999999998,22.0
2024-11-20 15:00:00+00:00,16.05,21.85
2024-11-20 16:00:00+00:00,17.6,21.775
2024-11-20 17:00:00+00:00,18.75,21.700000000000003
2024-11-20 18:00:00+00:00,19.099999999999998,21.6
2024-11-20 19:00:00+00:00,19.625,21.575
2024-11-20 20:00:00+00:00,20.05,21.575000000000003
2024-11-20 21:00:00+00:00,20.475,21.574999999999996
2024-11-20 22:00:00+00:00,20.525,21.450000000000003
2024-11-20 23:00:00+00:00,20.05,21.200000000000003
2024-11-21 00:00:00+00:00,18.4,20.875
2024-11-21 01:00:00+00:00,17.875,20.625
2024-11-21 02:00:00+00:00,17.575000000000003,20.225
2024-11-21 03:00:00+00:00,15.149999999999999,19.85
2024-11-21 04:00:00+00:00,14.075,19.825
2024-11-21 05:00:00+00:00,13.175,19.849999999999998
2024-11-21 06:00:00+00:00,12.4,19.825
2024-11-21 07:00:00+00:00,12.225,19.525
2024-11-21 08:00:00+00:00,11.625,18.975
2024-11-21 09:00:00+00:00,11.025,18.975
2024-11-21 10:00:00+00:00,11.175,19.1
2024-11-21 11:00:00+00:00,11.399999999999999,18.75
2024-11-21 12:00:00+00:00,11.0,18.375
2024-11-21 13:00:00+00:00,10.325,18.6
2024-11-21 14:00:00+00:00,11.725000000000001,18.6
2024-11-21 15:00:00+00:00,14.3,18.35
2024-11-21 16:00:00+00:00,16.15,18.299999999999997
2024-11-21 17:00:00+00:00,17.55,18.425
2024-11-21 18:00:00+00:00,18.725,18.85
2024-11-21 19:00:00+00:00,18.525,19.125
2024-11-21 20:00:00+00:00,19.15,19.424999999999997
2024-11-21 21:00:00+00:00,19.4,19.650000000000002
2024-11-21 22:00:00+00:00,19.625,20.0
2024-11-21 23:00:00+00:00,19.175,20.0
2024-11-22 00:00:00+00:00,18.125,19.95
2024-11-22 01:00:00+00:00,17.95,19.75
2024-11-22 02:00:00+00:00,17.525,19.625
2024-11-22 03:00:00+00:00,16.725,19.475
2024-11-22 04:00:00+00:00,16.5,19.125
2024-11-22 05:00:00+00:00,14.925,19.25
2024-11-22 06:00:00+00:00,13.75,19.2
2024-11-22 07:00:00+00:00,12.775,19.175
2024-11-22 08:00:00+00:00,12.575,19.099999999999998
2024-11-22 09:00:00+00:00,12.475000000000001,19.0
2024-11-22 10:00:00+00:00,12.225,18.9
2024-11-22 11:00:00+00:00,12.075,18.825000000000003
2024-11-22 12:00:00+00:00,12.05,18.75
2024-11-22 13:00:00+00:00,12.375,18.724999999999998
2024-11-22 14:00:00+00:00,13.2,18.575000000000003
2024-11-22 15:00:00+00:00,14.775,18.45
2024-11-22 16:00:00+00:00,17.099999999999998,18.4
2024-11-22 17:00:00+00:00,18.55,18.575000000000003
2024-11-22 18:00:00+00:00,19.425,18.925
2024-11-22 19:00:00+00:00,20.5,19.299999999999997
2024-11-22 20:00:00+00:00,21.4,19.675
2024-11-22 21:00:00+00:00,21.425,20.150000000000002
2024-11-22 22:00:00+00:00,21.675,20.4
2024-11-22 23:00:00+00:00,21.3,20.525
2024-11-23 00:00:00+00:00,20.075,20.525
2024-11-23 01:00:00+00:00,19.575000000000003,20.35
2024-11-23 02:00:00+00:00,19.174999999999997,20.224999999999998
2024-11-23 03:00:00+00:00,18.950000000000003,19.95
2024-11-23 04:00:00+00:00,18.5,19.799999999999997
2024-11-23 05:00:00+00:00,18.1,19.7
2024-11-23 06:00:00+00:00,18.0,19.525
2024-11-23 07:00:00+00:00,17.825000000000003,19.425
2024-11-23 08:00:00+00:00,17.3,19.375
2024-11-23 09:00:00+00:00,17.075,19.375
2024-11-23 10:00:00+00:00,17.075000000000003,19.400000000000002
2024-11-23 11:00:00+00:00,16.875,19.275
2024-11-23 12:00:00+00:00,16.45,19.3
2024-11-23 13:00:00+00:00,16.15,19.35
2024-11-23 14:00:00+00:00,16.924999999999997,19.3
2024-11-23 15:00:00+00:00,19.175,19.3
2024-11-23 16:00:00+00:00,20.65,19.6
2024-11-23 17:00:00+00:00,22.55,19.8
2024-11-23 18:00:00+00:00,22.15,20.075
2024-11-23 19:00:00+00:00,22.6,20.575000000000003
2024-11-23 20:00:00+00:00,22.900000000000002,20.875
2024-11-23 21:00:00+00:00,22.924999999999997,21.325
2024-11-23 22:00:00+00:00,23.125,21.475
2024-11-23 23:00:00+00:00,22.8,21.549999999999997
2024-11-24 00:00:00+00:00,21.5,21.549999999999997
2024-11-24 01:00:00+00:00,20.924999999999997,21.4
2024-11-24 02:00:00+00:00,21.200000000000003,21.300000000000004
2024-11-24 03:00:00+00:00,21.45,21.174999999999997
2024-11-24 04:00:00+00:00,21.425,21.1
2024-11-24 05:00:00+00:00,21.549999999999997,20.975
2024-11-24 06:00:00+00:00,21.575000000000003,20.85
2024-11-24 07:00:00+00:00,21.4,20.7
2024-11-24 08:00:00+00:00,21.45,20.575
2024-11-24 09:00:00+00:00,21.275,20.5
2024-11-24 10:00:00+00:00,21.1,20.45
2024-11-24 11:00:00+00:00,20.950000000000003,20.425
2024-11-24 12:00:00+00:00,20.875,20.4
2024-11-24 13:00:00+00:00,20.775,20.35
2024-11-24 14:00:00+00:00,21.325000000000003,20.325000000000003
2024-11-24 15:00:00+00:00,22.049999999999997,20.425
2024-11-24 16:00:00+00:00,23.45,20.55
2024-11-24 17:00:00+00:00,23.85,20.9
2024-11-24 18:00:00+00:00,24.125,21.325
2024-11-24 19:00:00+00:00,24.375,21.800000000000004
2024-11-24 20:00:00+00:00,24.099999999999998,21.950000000000003
2024-11-24 21:00:00+00:00,23.975,22.075
2024-11-24 22:00:00+00:00,23.974999999999998,22.224999999999998
2024-11-24 23:00:00+00:00,23.65,22.150000000000002
2024-11-25 00:00:00+00:00,22.999999999999996,22.1
2024-11-25 01:00:00+00:00,22.7,21.975
2024-11-25 02:00:00+00:00,22.6,22.05
2024-11-25 03:00:00+00:00,22.799999999999997,22.025000000000002
2024-11-25 04:00:00+00:00,22.775,22.05
2024-11-25 05:00:00+00:00,22.674999999999997,22.049999999999997
2024-11-25 06:00:00+00:00,22.5,21.9
2024-11-25 07:00:00+00:00,22.349999999999998,21.85
2024-11-25 08:00:00+00:00,22.325,21.650000000000002
2024-11-25 09:00:00+00:00,22.2,21.575000000000003
2024-11-25 10:00:00+00:00,22.0,21.475
2024-11-25 11:00:00+00:00,21.674999999999997,21.424999999999997
2024-11-25 12:00:00+00:00,21.625,21.375
2024-11-25 13:00:00+00:00,21.424999999999997,21.349999999999998
2024-11-25 14:00:00+00:00,22.25,21.3
2024-11-25 15:00:00+00:00,22.975,21.325
2024-11-25 16:00:00+00:00,24.45,21.5
2024-11-25 17:00:00+00:00,24.924999999999997,21.925
2024-11-25 18:00:00+00:00,25.733333333333334,22.366666666666664
2024-11-25 19:00:00+00:00,25.475,23.175
2024-11-25 20:00:00+00:00,25.599999999999998,23.724999999999998
2024-11-25 21:00:00+00:00,25.775,23.9
2024-11-25 22:00:00+00:00,25.65,23.474999999999998
2024-11-25 23:00:00+00:00,24.875,23.425
2024-11-26 00:00:00+00:00,23.674999999999997,23.375000000000004
2024-11-26 01:00:00+00:00,23.25,23.275000000000002
2024-11-26 02:00:00+00:00,23.099999999999998,23.225
2024-11-26 03:00:00+00:00,21.475,23.099999999999998
2024-11-26 04:00:00+00:00,18.625,22.625
2024-11-26 05:00:00+00:00,16.25,22.125
2024-11-26 06:00:00+00:00,14.575,21.6
2024-11-26 07:00:00+00:00,13.725,21.0
2024-11-26 08:00:00+00:00,13.325,20.65
2024-11-26 09:00:00+00:00,13.125,20.2
2024-11-26 10:00:00+00:00,12.849999999999998,19.75
2024-11-26 11:00:00+00:00,12.674999999999999,19.525
2024-11-26 12:00:00+00:00,12.399999999999999,19.15
2024-11-26 13:00:00+00:00,11.975,18.775
2024-11-26 14:00:00+00:00,11.649999999999999,18.175
2024-11-26 15:00:00+00:00,11.875,17.825
2024-11-26 16:00:00+00:00,12.5,17.7
2024-11-26 17:00:00+00:00,13.649999999999999,18.025
2024-11-26 18:00:00+00:00,14.65,18.549999999999997
2024-11-26 19:00:00+00:00,15.4,18.925
2024-11-26 20:00:00+00:00,16.325,19.375
2024-11-26 21:00:00+00:00,17.299999999999997,19.7
2024-11-26 22:00:00+00:00,18.075000000000003,19.925
2024-11-26 23:00:00+00:00,17.825000000000003,20.05
2024-11-27 00:00:00+00:00,17.549999999999997,20.025
2024-11-27 01:00:00+00:00,17.675,20.125
2024-11-27 02:00:00+00:00,17.799999999999997,20.175
2024-11-27 03:00:00+00:00,18.1,20.275
2024-11-27 04:00:00+00:00,18.424999999999997,20.325
2024-11-27 05:00:00+00:00,18.025000000000002,20.35
2024-11-27 06:00:00+00:00,17.65,20.349999999999998
2024-11-27 07:00:00+00:00,17.450000000000003,20.4
2024-11-27 08:00:00+00:00,16.725,20.2
2024-11-27 09:00:00+00:00,16.75,20.125
2024-11-27 10:00:00+00:00,16.6,20.075
2024-11-27 11:00:00+00:00,16.725,19.950000000000003
2024-11-27 12:00:00+00:00,16.9,19.875
2024-11-27 13:00:00+00:00,16.375,19.725
2024-11-27 14:00:00+00:00,17.4,19.725
2024-11-27 15:00:00+00:00,18.2,19.7
2024-11-27 16:00:00+00:00,19.25,19.775
2024-11-27 17:00:00+00:00,19.674999999999997,19.925
2024-11-27 18:00:00+00:00,20.75,20.25
2024-11-27 19:00:00+00:00,23.6,20.725
2024-11-27 20:00:00+00:00,24.0,21.3
2024-11-27 21:00:00+00:00,24.25,21.650000000000002
2024-11-27 22:00:00+00:00,24.225,22.325
2024-11-27 23:00:00+00:00,23.799999999999997,22.575000000000003
2024-11-28 00:00:00+00:00,23.475,22.650000000000002
2024-11-28 01:00:00+00:00,23.275,22.35
2024-11-28 02:00:00+00:00,23.225,22.150000000000002
2024-11-28 03:00:00+00:00,23.200000000000003,22.1
2024-11-28 04:00:00+00:00,23.225,22.1
2024-11-28 05:00:00+00:00,23.1,22.1
2024-11-28 06:00:00+00:00,22.7,22.049999999999997
2024-11-28 07:00:00+00:00,22.225,22.05
2024-11-28 08:00:00+00:00,21.849999999999998,22.0
2024-11-28 09:00:00+00:00,20.925,21.925000000000004
2024-11-28 10:00:00+00:00,20.65,21.875
2024-11-28 11:00:00+00:00,18.200000000000003,21.700000000000003
2024-11-28 12:00:00+00:00,17.0,21.175
2024-11-28 13:00:00+00:00,16.1,20.725
2024-11-28 14:00:00+00:00,15.925,20.325000000000003
2024-11-28 15:00:00+00:00,15.774999999999999,19.95
2024-11-28 16:00:00+00:00,15.675,19.7
2024-11-28 17:00:00+00:00,16.075000000000003,19.625
2024-11-28 18:00:00+00:00,16.275000000000002,19.65
2024-11-28 19:00:00+00:00,16.45,19.700000000000003
2024-11-28 20:00:00+00:00,16.65,19.6
2024-11-28 21:00:00+00:00,17.175,19.45
2024-11-28 22:00:00+00:00,17.425,19.450000000000003
2024-11-28 23:00:00+00:00,16.875,19.25
2024-11-29 00:00:00+00:00,15.875,18.95
2024-11-29 01:00:00+00:00,15.4,18.674999999999997
2024-11-29 02:00:00+00:00,15.425,18.375
2024-11-29 03:00:00+00:00,15.15,18.275
2024-11-29 04:00:00+00:00,14.174999999999999,17.8
2024-11-29 05:00:00+00:00,13.25,17.725
2024-11-29 06:00:00+00:00,12.875,17.35
2024-11-29 07:00:00+00:00,12.525,17.05
2024-11-29 08:00:00+00:00,11.875,16.825
2024-11-29 09:00:00+00:00,11.475000000000001,16.525
2024-11-29 10:00:00+00:00,11.149999999999999,16.275
2024-11-29 11:00:00+00:00,10.575,15.950000000000001
2024-11-29 12:00:00+00:00,10.325,15.575000000000001
2024-11-29 13:00:00+00:00,9.725,15.25
2024-11-29 14:00:00+00:00,9.149999999999999,14.875
2024-11-29 15:00:00+00:00,9.05,14.7
2024-11-29 16:00:00+00:00,9.7,14.725000000000001
2024-11-29 17:00:00+00:00,10.55,14.274999999999999
2024-11-29 18:00:00+00:00,11.55,14.25
2024-11-29 19:00:00+00:00,12.375,14.825000000000001
2024-11-29 20:00:00+00:00,13.274999999999999,15.599999999999998
2024-11-29 21:00:00+00:00,14.35,16.175
2024-11-29 22:00:00+00:00,14.825,16.475
2024-11-29 23:00:00+00:00,14.750000000000002,16.55
2024-11-30 00:00:00+00:00,14.55,16.625
2024-11-30 01:00:00+00:00,14.55,16.725
2024-11-30 02:00:00+00:00,13.975,16.925
2024-11-30 03:00:00+00:00,13.525,16.900000000000002
2024-11-30 04:00:00+00:00,13.024999999999999,16.05
2024-11-30 05:00:00+00:00,12.7,16.05
2024-11-30 06:00:00+00:00,12.375,16.5
2024-11-30 07:00:00+00:00,11.975000000000001,16.2
2024-11-30 08:00:00+00:00,11.825000000000001,16.3
2024-11-30 09:00:00+00:00,11.524999999999999,16.125
2024-11-30 10:00:00+00:00,11.325000000000001,15.85
2024-11-30 11:00:00+00:00,11.175,15.425
2024-11-30 12:00:00+00:00,11.100000000000001,15.025
2024-11-30 13:00:00+00:00,11.1,14.725
2024-11-30 14:00:00+00:00,11.2,14.625
2024-11-30 15:00:00+00:00,11.45,14.425
2024-11-30 16:00:00+00:00,12.025,14.425
2024-11-30 17:00:00+00:00,13.175,14.425
2024-11-30 18:00:00+00:00,14.425,15.075
2024-11-30 19:00:00+00:00,15.55,15.225
2024-11-30 20:00:00+00:00,16.65,15.65
2024-11-30 21:00:00+00:00,17.225,16.150000000000002
2024-11-30 22:00:00+00:00,17.75,16.325
2024-11-30 23:00:00+00:00,17.375,16.474999999999998
2024-12-01 00:00:00+00:00,16.925,16.450000000000003
2024-12-01 01:00:00+00:00,16.75,16.45
2024-12-01 02:00:00+00:00,16.55,16.2
2024-12-01 03:00:00+00:00,16.25,16.2
2024-12-01 04:00:00+00:00,16.075000000000003,16.2
2024-12-01 05:00:00+00:00,15.825000000000001,16.2
2024-12-01 06:00:00+00:00,15.625,16.175
2024-12-01 07:00:00+00:00,15.275,16.25
2024-12-01 08:00:00+00:00,15.075,16.25
2024-12-01 09:00:00+00:00,15.0,16.25
2024-12-01 10:00:00+00:00,15.3,16.1
2024-12-01 11:00:00+00:00,15.225,16.0
2024-12-01 12:00:00+00:00,15.55,15.925
2024-12-01 13:00:00+00:00,15.8,15.850000000000001
2024-12-01 14:00:00+00:00,16.0,15.875
2024-12-01 15:00:00+00:00,16.749999999999996,15.825
2024-12-01 16:00:00+00:00,17.225,15.95
2024-12-01 17:00:00+00:00,17.599999999999998,16.35
2024-12-01 18:00:00+00:00,18.2,16.625
2024-12-01 19:00:00+00:00,18.55,16.974999999999998
2024-12-01 20:00:00+00:00,18.525000000000002,17.375000000000004
2024-12-01 21:00:00+00:00,18.475,17.6
2024-12-01 22:00:00+00:00,18.5,17.95
2024-12-01 23:00:00+00:00,18.45,18.15
2024-12-02 00:00:00+00:00,18.1,18.200000000000003
2024-12-02 01:00:00+00:00,17.575,17.75
2024-12-02 02:00:00+00:00,17.125,17.575
2024-12-02 03:00:00+00:00,17.174999999999997,17.5
2024-12-02 04:00:00+00:00,17.025000000000002,17.375
2024-12-02 05:00:00+00:00,16.925,17.3
2024-12-02 06:00:00+00:00,16.5,17.325
2024-12-02 07:00:00+00:00,16.150000000000002,17.225
2024-12-02 08:00:00+00:00,15.525,17.125
2024-12-02 09:00:00+00:00,15.425,17.05
2024-12-02 10:00:00+00:00,15.049999999999999,16.925
2024-12-02 11:00:00+00:00,14.799999999999999,16.75
2024-12-02 12:00:00+00:00,14.500000000000002,16.674999999999997
2024-12-02 13:00:00+00:00,13.975000000000001,16.5
2024-12-02 14:00:00+00:00,14.2,16.375
2024-12-02 15:00:00+00:00,15.450000000000001,16.275000000000002
2024-12-02 16:00:00+00:00,16.95,16.225
2024-12-02 17:00:00+00:00,17.724999999999998,16.5
2024-12-02 18:00:00+00:00,18.275,16.799999999999997
2024-12-02 19:00:00+00:00,18.449999999999996,17.25
2024-12-02 20:00:00+00:00,18.575000000000003,17.55
2024-12-02 21:00:00+00:00,18.625,18.0
2024-12-02 22:00:00+00:00,18.325,18.2
2024-12-02 23:00:00+00:00,17.799999999999997,18.3
2024-12-03 00:00:00+00:00,17.15,18.125
2024-12-03 01:00:00+00:00,16.55,17.95
2024-12-03 02:00:00+00:00,16.025000000000002,17.8
2024-12-03 03:00:00+00:00,15.7,17.55
2024-12-03 04:00:00+00:00,15.55,17.4
2024-12-03 05:00:00+00:00,15.524999999999999,17.175
2024-12-03 06:00:00+00:00,15.3,17.049999999999997
2024-12-03 07:00:00+00:00,14.875,16.95
2024-12-03 08:00:00+00:00,14.549999999999999,16.825
2024-12-03 09:00:00+00:00,14.475,16.75
2024-12-03 10:00:00+00:00,14.25,16.65
2024-12-03 11:00:00+00:00,14.125,16.575
2024-12-03 12:00:00+00:00,13.8,16.4
2024-12-03 13:00:00+00:00,13.899999999999999,16.15
2024-12-03 14:00:00+00:00,13.825,16.025
2024-12-03 15:00:00+00:00,14.2,15.925
2024-12-03 16:00:00+00:00,15.450000000000001,15.925
2024-12-03 17:00:00+00:00,16.225,16.05
2024-12-03 18:00:00+00:00,17.424999999999997,16.150000000000002
2024-12-03 19:00:00+00:00,18.049999999999997,16.424999999999997
2024-12-03 20:00:00+00:00,18.5,16.65
2024-12-03 21:00:00+00:00,18.575000000000003,16.8
2024-12-03 22:00:00+00:00,18.549999999999997,16.925
2024-12-03 23:00:00+00:00,18.275000000000002,17.15
2024-12-04 00:00:00+00:00,17.975,17.1
2024-12-04 01:00:00+00:00,17.85,17.075
2024-12-04 02:00:00+00:00,17.925,17.150000000000002
2024-12-04 03:00:00+00:00,18.1,17.125
2024-12-04 04:00:00+00:00,18.275,17.099999999999998
2024-12-04 05:00:00+00:00,18.200000000000003,17.15
2024-12-04 06:00:00+00:00,19.0,17.25
2024-12-04 07:00:00+00:00,19.35,17.25
2024-12-04 08:00:00+00:00,20.025,17.25
2024-12-04 09:00:00+00:00,20.674999999999997,17.175
2024-12-04 10:00:00+00:00,20.825,17.25
2024-12-04 11:00:00+00:00,20.5,17.275
2024-12-04 12:00:00+00:00,20.4,17.35
2024-12-04 13:00:00+00:00,20.35,17.425
2024-12-04 14:00:00+00:00,20.5,17.5
2024-12-04 15:00:00+00:00,20.875,17.6
2024-12-04 16:00:00+00:00,21.000000000000004,17.725
2024-12-04 17:00:00+00:00,21.6,17.9
2024-12-04 18:00:00+00:00,21.25,18.1
2024-12-04 19:00:00+00:00,20.825,18.575
2024-12-04 20:00:00+00:00,20.3,18.849999999999998
2024-12-04 21:00:00+00:00,19.85,18.799999999999997
2024-12-04 22:00:00+00:00,19.775,19.225
2024-12-04 23:00:00+00:00,19.575000000000003,19.25
2024-12-05 00:00:00+00:00,19.125,19.3
2024-12-05 01:00:00+00:00,19.0,19.375
2024-12-05 02:00:00+00:00,18.775,19.125
2024-12-05 03:00:00+00:00,18.65,18.95
2024-12-05 04:00:00+00:00,18.65,18.9
2024-12-05 05:00:00+00:00,18.5,18.825
2024-12-05 06:00:00+00:00,18.275,18.85
2024-12-05 07:00:00+00:00,18.0,18.875
2024-12-05 08:00:00+00:00,17.85,18.75
2024-12-05 09:00:00+00:00,17.925,18.65
2024-12-05 10:00:00+00:00,17.875,18.525
2024-12-05 11:00:00+00:00,17.725,18.475
2024-12-05 12:00:00+00:00,17.125,18.475
2024-12-05 13:00:00+00:00,16.400000000000002,18.450000000000003
2024-12-05 14:00:00+00:00,16.175,18.424999999999997
2024-12-05 15:00:00+00:00,16.099999999999998,18.325
2024-12-05 16:00:00+00:00,16.35,18.3
2024-12-05 17:00:00+00:00,16.699999999999996,18.325
2024-12-05 18:00:00+00:00,17.125,18.45
2024-12-05 19:00:00+00:00,17.175,18.6
2024-12-05 20:00:00+00:00,17.075000000000003,18.65
2024-12-05 21:00:00+00:00,17.0,18.7
2024-12-05 22:00:00+00:00,16.7,18.675
2024-12-05 23:00:00+00:00,16.575000000000003,18.575
2024-12-06 00:00:00+00:00,16.625,18.4
2024-12-06 01:00:00+00:00,16.85,18.275
2024-12-06 02:00:00+00:00,16.8,18.3
2024-12-06 03:00:00+00:00,16.95,18.225
2024-12-06 04:00:00+00:00,16.725,18.075
2024-12-06 05:00:00+00:00,16.400000000000002,17.975
2024-12-06 06:00:00+00:00,15.9,17.85
2024-12-06 07:00:00+00:00,15.450000000000001,17.674999999999997
2024-12-06 08:00:00+00:00,14.975,17.625
2024-12-06 09:00:00+00:00,14.25,17.5
2024-12-06 10:00:00+00:00,13.55,17.325
2024-12-06 11:00:00+00:00,12.95,17.175
2024-12-06 12:00:00+00:00,12.45,17.025
2024-12-06 13:00:00+00:00,11.925,16.6
2024-12-06 14:00:00+00:00,11.575,16.425
2024-12-06 15:00:00+00:00,11.474999999999998,16.3
2024-12-06 16:00:00+00:00,11.625,16.349999999999998
2024-12-06 17:00:00+00:00,11.675,16.2
2024-12-06 18:00:00+00:00,12.225000000000001,16.349999999999998
2024-12-06 19:00:00+00:00,12.899999999999999,16.225
2024-12-06 20:00:00+00:00,12.95,16.299999999999997
2024-12-06 21:00:00+00:00,13.325,16.225
2024-12-06 22:00:00+00:00,13.450000000000001,16.349999999999998
2024-12-06 23:00:00+00:00,13.55,16.099999999999998
2024-12-07 00:00:00+00:00,13.649999999999999,16.1
2024-12-07 01:00:00+00:00,13.65,16.075
2024-12-07 02:00:00+00:00,13.450000000000001,15.85
2024-12-07 03:00:00+00:00,13.274999999999999,16.025000000000002
2024-12-07 04:00:00+00:00,13.025000000000002,15.95
2024-12-07 05:00:00+00:00,13.100000000000001,15.475000000000001
2024-12-07 06:00:00+00:00,12.725,15.2
2024-12-07 07:00:00+00:00,12.5,15.15
2024-12-07 08:00:00+00:00,12.149999999999999,15.2
2024-12-07 09:00:00+00:00,11.55,14.975000000000001
2024-12-07 10:00:00+00:00,11.5,14.799999999999999
2024-12-07 11:00:00+00:00,10.9,14.575000000000001
2024-12-07 12:00:00+00:00,10.225000000000001,14.424999999999999
2024-12-07 13:00:00+00:00,10.174999999999999,14.174999999999999
2024-12-07 14:00:00+00:00,10.15,14.125
2024-12-07 15:00:00+00:00,10.725,14.2
2024-12-07 16:00:00+00:00,10.4,14.125
2024-12-07 17:00:00+00:00,10.775,13.975
2024-12-07 18:00:00+00:00,11.524999999999999,14.025000000000002
2024-12-07 19:00:00+00:00,12.125,14.100000000000001
2024-12-07 20:00:00+00:00,13.124999999999998,14.375
2024-12-07 21:00:00+00:00,13.975,14.575
2024-12-07 22:00:00+00:00,13.8,14.8
2024-12-07 23:00:00+00:00,14.475000000000001,14.850000000000001
2024-12-08 00:00:00+00:00,15.325000000000001,15.049999999999999
2024-12-08 01:00:00+00:00,16.625,15.125
2024-12-08 02:00:00+00:00,17.275000000000002,15.174999999999999
2024-12-08 03:00:00+00:00,16.05,15.225
2024-12-08 04:00:00+00:00,13.675,15.3
2024-12-08 05:00:00+00:00,11.4,15.375
2024-12-08 06:00:00+00:00,10.825,15.05
2024-12-08 07:00:00+00:00,10.9,14.925
2024-12-08 08:00:00+00:00,10.974999999999998,15.125
2024-12-08 09:00:00+00:00,11.075,15.2
2024-12-08 10:00:00+00:00,10.799999999999999,15.150000000000002
2024-12-08 11:00:00+00:00,10.925,15.024999999999999
2024-12-08 12:00:00+00:00,11.075,15.024999999999999
2024-12-08 13:00:00+00:00,11.125,15.0
2024-12-08 14:00:00+00:00,11.175,14.950000000000001
2024-12-08 15:00:00+00:00,11.375,14.850000000000001
2024-12-08 16:00:00+00:00,11.875,14.875
2024-12-08 17:00:00+00:00,12.675,14.925
2024-12-08 18:00:00+00:00,13.224999999999998,15.125
2024-12-08 19:00:00+00:00,13.725,15.200000000000001
2024-12-08 20:00:00+00:00,14.325,15.250000000000002
2024-12-08 21:00:00+00:00,14.975,15.3
2024-12-08 22:00:00+00:00,15.125,15.349999999999998
2024-12-08 23:00:00+00:00,14.200000000000001,15.375
2024-12-09 00:00:00+00:00,13.4,15.399999999999999
2024-12-09 01:00:00+00:00,13.35,15.399999999999999
2024-12-09 02:00:00+00:00,13.55,15.350000000000001
2024-12-09 03:00:00+00:00,14.325,15.375
2024-12-09 04:00:00+00:00,14.600000000000001,15.375
2024-12-09 05:00:00+00:00,14.7,15.375
2024-12-09 06:00:00+00:00,14.524999999999999,15.374999999999998
2024-12-09 07:00:00+00:00,14.45,15.45
2024-12-09 08:00:00+00:00,14.525,15.4
2024-12-09 09:00:00+00:00,14.525,15.375
2024-12-09 10:00:00+00:00,14.575000000000001,15.35
2024-12-09 11:00:00+00:00,14.725000000000001,15.325
2024-12-09 12:00:00+00:00,14.75,15.35
2024-12-09 13:00:00+00:00,14.65,15.375
2024-12-09 14:00:00+00:00,14.724999999999998,15.375
2024-12-09 15:00:00+00:00,15.325,15.375
2024-12-09 16:00:00+00:00,15.3,15.4
2024-12-09 17:00:00+00:00,15.900000000000002,15.475000000000001
2024-12-09 18:00:00+00:00,18.549999999999997,15.600000000000001
2024-12-09 19:00:00+00:00,19.425,15.874999999999998
2024-12-09 20:00:00+00:00,20.15,16.3
2024-12-09 21:00:00+00:00,19.825,16.650000000000002
2024-12-09 22:00:00+00:00,20.025,16.875
2024-12-09 23:00:00+00:00,19.825,16.9
2024-12-10 00:00:00+00:00,18.525000000000002,16.9
2024-12-10 01:00:00+00:00,18.325,16.825000000000003
2024-12-10 02:00:00+00:00,18.1,16.825000000000003
2024-12-10 03:00:00+00:00,17.975,16.8
2024-12-10 04:00:00+00:00,17.549999999999997,16.825
2024-12-10 05:00:00+00:00,16.325,16.85
2024-12-10 06:00:00+00:00,17.25,16.875
2024-12-10 07:00:00+00:00,17.125,16.85
2024-12-10 08:00:00+00:00,17.049999999999997,16.85
2024-12-10 09:00:00+00:00,16.625,16.775
2024-12-10 10:00:00+00:00,16.15,16.7
2024-12-10 11:00:00+00:00,16.05,16.625
2024-12-10 12:00:00+00:00,15.774999999999999,16.575
2024-12-10 13:00:00+00:00,13.175,16.575
2024-12-10 14:00:00+00:00,12.350000000000001,16.5
2024-12-10 15:00:00+00:00,12.1,16.375
2024-12-10 16:00:00+00:00,12.9,16.325000000000003
2024-12-10 17:00:00+00:00,14.625,16.45
2024-12-10 18:00:00+00:00,16.05,16.675
2024-12-10 19:00:00+00:00,16.775,16.950000000000003
2024-12-10 20:00:00+00:00,17.05,17.200000000000003
2024-12-10 21:00:00+00:00,16.65,17.325
2024-12-10 22:00:00+00:00,16.15,17.4
2024-12-10 23:00:00+00:00,15.6,17.05
2024-12-11 00:00:00+00:00,14.774999999999999,16.65
2024-12-11 01:00:00+00:00,14.774999999999999,16.3
2024-12-11 02:00:00+00:00,13.975000000000001,15.975000000000001
2024-12-11 03:00:00+00:00,12.525,15.45
2024-12-11 04:00:00+00:00,11.525,15.075
2024-12-11 05:00:00+00:00,10.125,14.55
2024-12-11 06:00:00+00:00,9.25,14.05
2024-12-11 07:00:00+00:00,8.399999999999999,13.45
2024-12-11 08:00:00+00:00,7.4750000000000005,13.05
2024-12-11 09:00:00+00:00,6.675000000000001,12.725000000000001
2024-12-11 10:00:00+00:00,5.975,12.5
2024-12-11 11:00:00+00:00,5.575,12.350000000000001
2024-12-11 12:00:00+00:00,5.050000000000001,12.05
2024-12-11 13:00:00+00:00,4.575,11.475
2024-12-11 14:00:00+00:00,4.525,11.275
2024-12-11 15:00:00+00:00,7.699999999999999,11.55
2024-12-11 16:00:00+00:00,10.375,11.3
2024-12-11 17:00:00+00:00,11.875,11.775
2024-12-11 18:00:00+00:00,13.15,12.525
2024-12-11 19:00:00+00:00,13.749999999999998,13.3
2024-12-11 20:00:00+00:00,14.7,14.399999999999999
2024-12-11 21:00:00+00:00,15.325000000000001,14.925
2024-12-11 22:00:00+00:00,15.5,15.075
2024-12-11 23:00:00+00:00,15.474999999999998,15.15
2024-12-12 00:00:00+00:00,13.725,15.05
2024-12-12 01:00:00+00:00,13.275,14.925
2024-12-12 02:00:00+00:00,13.0,14.8
2024-12-12 03:00:00+00:00,12.8,14.674999999999999
2024-12-12 04:00:00+00:00,12.125,14.450000000000001
2024-12-12 05:00:00+00:00,11.274999999999999,14.225000000000001
2024-12-12 06:00:00+00:00,10.475000000000001,14.049999999999999
2024-12-12 07:00:00+00:00,9.75,13.875
2024-12-12 08:00:00+00:00,9.15,13.825
2024-12-12 09:00:00+00:00,9.725000000000001,13.625
2024-12-12 10:00:00+00:00,10.325,13.375
2024-12-12 11:00:00+00:00,10.2,13.3
2024-12-12 12:00:00+00:00,10.325,13.299999999999999
2024-12-12 13:00:00+00:00,9.725,13.274999999999999
2024-12-12 14:00:00+00:00,10.575000000000001,13.174999999999999
2024-12-12 15:00:00+00:00,12.925,13.175
2024-12-12 16:00:00+00:00,14.5,13.45
2024-12-12 17:00:00+00:00,16.4,13.9
2024-12-12 18:00:00+00:00,16.849999999999998,14.35
2024-12-12 19:00:00+00:00,17.45,14.75
2024-12-12 20:00:00+00:00,17.75,15.125
2024-12-12 21:00:00+00:00,17.8,15.425
2024-12-12 22:00:00+00:00,17.575000000000003,15.75
2024-12-12 23:00:00+00:00,17.299999999999997,15.774999999999999
2024-12-13 00:00:00+00:00,17.25,15.75
2024-12-13 01:00:00+00:00,17.425,15.825
2024-12-13 02:00:00+00:00,17.875,15.825
2024-12-13 03:00:00+00:00,17.625,15.85
2024-12-13 04:00:00+00:00,17.625,15.875
2024-12-13 05:00:00+00:00,17.875,15.925
2024-12-13 06:00:00+00:00,17.575000000000003,15.875
2024-12-13 07:00:00+00:00,17.724999999999998,15.849999999999998
2024-12-13 08:00:00+00:00,16.775000000000002,15.799999999999997
2024-12-13 09:00:00+00:00,16.650000000000002,15.825
2024-12-13 10:00:00+00:00,17.325,15.9
2024-12-13 11:00:00+00:00,17.2,15.874999999999998
2024-12-13 12:00:00+00:00,17.1,15.825
2024-12-13 13:00:00+00:00,16.75,15.825
2024-12-13 14:00:00+00:00,17.025,15.825
2024-12-13 15:00:00+00:00,17.674999999999997,15.875
2024-12-13 16:00:00+00:00,18.85,15.975000000000001
2024-12-13 17:00:00+00:00,19.5,16.1
2024-12-13 18:00:00+00:00,19.575000000000003,16.375
2024-12-13 19:00:00+00:00,20.35,16.475
2024-12-13 20:00:00+00:00,20.125,16.725
2024-12-13 21:00:00+00:00,20.0,16.925
2024-12-13 22:00:00+00:00,19.7,17.049999999999997
2024-12-13 23:00:00+00:00,19.424999999999997,17.125
2024-12-14 00:00:00+00:00,19.15,17.174999999999997
2024-12-14 01:00:00+00:00,19.125,17.125
2024-12-14 02:00:00+00:00,19.45,17.075
2024-12-14 03:00:00+00:00,19.25,17.05
2024-12-14 04:00:00+00:00,19.275,17.150000000000002
2024-12-14 05:00:00+00:00,19.275,17.15
2024-12-14 06:00:00+00:00,19.8,17.1
2024-12-14 07:00:00+00:00,19.65,17.025000000000002
2024-12-14 08:00:00+00:00,19.674999999999997,17.075
2024-12-14 09:00:00+00:00,19.674999999999997,17.1
2024-12-14 10:00:00+00:00,19.325,17.174999999999997
2024-12-14 11:00:00+00:00,19.95,17.175
2024-12-14 12:00:00+00:00,19.8,17.175000000000004
2024-12-14 13:00:00+00:00,19.825,17.200000000000003
2024-12-14 14:00:00+00:00,20.400000000000002,17.275000000000002
2024-12-14 15:00:00+00:00,20.325,17.275000000000002
2024-12-14 16:00:00+00:00,20.825,17.375
2024-12-14 17:00:00+00:00,22.325000000000003,17.575000000000003
2024-12-14 18:00:00+00:00,22.5,17.825
2024-12-14 19:00:00+00:00,22.375,18.049999999999997
2024-12-14 20:00:00+00:00,22.849999999999998,18.35
2024-12-14 21:00:00+00:00,22.825,18.900000000000002
2024-12-14 22:00:00+00:00,22.4,18.9
2024-12-14 23:00:00+00:00,22.0,18.825000000000003
2024-12-15 00:00:00+00:00,21.225,18.950000000000003
2024-12-15 01:00:00+00:00,20.175,18.925
2024-12-15 02:00:00+00:00,19.8,18.825000000000003
2024-12-15 03:00:00+00:00,19.475,18.575
2024-12-15 04:00:00+00:00,19.5,18.475
2024-12-15 05:00:00+00:00,19.549999999999997,18.35
2024-12-15 06:00:00+00:00,19.775,18.25
2024-12-15 07:00:00+00:00,20.099999999999998,18.25
2024-12-15 08:00:00+00:00,20.025000000000002,18.299999999999997
2024-12-15 09:00:00+00:00,20.025,18.35
2024-12-15 10:00:00+00:00,20.325000000000003,18.375
2024-12-15 11:00:00+00:00,19.924999999999997,18.425
2024-12-15 12:00:00+00:00,19.625,18.424999999999997
2024-12-15 13:00:00+00:00,19.45,18.424999999999997
2024-12-15 14:00:00+00:00,19.9,18.475
2024-12-15 15:00:00+00:00,20.9,18.5
2024-12-15 16:00:00+00:00,21.825,18.625
2024-12-15 17:00:00+00:00,22.299999999999997,18.9
2024-12-15 18:00:00+00:00,22.700000000000003,19.225
2024-12-15 19:00:00+00:00,22.8,19.5
2024-12-15 20:00:00+00:00,22.975,19.75
2024-12-15 21:00:00+00:00,22.650000000000002,19.95
2024-12-15 22:00:00+00:00,22.625,20.35
2024-12-15 23:00:00+00:00,22.0,20.35
2024-12-16 00:00:00+00:00,21.050000000000004,20.224999999999998
2024-12-16 01:00:00+00:00,20.6,20.275000000000002
2024-12-16 02:00:00+00:00,20.625,20.35
2024-12-16 03:00:00+00:00,20.575,20.299999999999997
2024-12-16 04:00:00+00:00,20.674999999999997,20.2
2024-12-16 05:00:00+00:00,20.6,19.950000000000003
2024-12-16 06:00:00+00:00,20.4,19.7
2024-12-16 07:00:00+00:00,20.425,19.625
2024-12-16 08:00:00+00:00,20.0,19.599999999999998
2024-12-16 09:00:00+00:00,19.775,19.575
2024-12-16 10:00:00+00:00,20.15,19.55
2024-12-16 11:00:00+00:00,19.725,19.725
2024-12-16 12:00:00+00:00,19.575,19.875
2024-12-16 13:00:00+00:00,19.724999999999998,19.95
2024-12-16 14:00:00+00:00,20.475,20.025
2024-12-16 15:00:00+00:00,21.799999999999997,19.949999999999996
2024-12-16 16:00:00+00:00,21.85,20.0
2024-12-16 17:00:00+00:00,22.174999999999997,20.25
2024-12-16 18:00:00+00:00,22.9,20.425
2024-12-16 19:00:00+00:00,23.075000000000003,20.525
2024-12-16 20:00:00+00:00,23.55,20.95
2024-12-16 21:00:00+00:00,23.5,21.224999999999998
2024-12-16 22:00:00+00:00,22.975,21.425000000000004
2024-12-16 23:00:00+00:00,22.674999999999997,21.475
2024-12-17 00:00:00+00:00,21.275,21.425
2024-12-17 01:00:00+00:00,20.4,21.4
2024-12-17 02:00:00+00:00,20.049999999999997,21.425
2024-12-17 03:00:00+00:00,19.974999999999998,21.324999999999996
2024-12-17 04:00:00+00:00,19.975,21.150000000000002
2024-12-17 05:00:00+00:00,20.0,20.975
2024-12-17 06:00:00+00:00,19.9,20.825
2024-12-17 07:00:00+00:00,19.725,20.725
2024-12-17 08:00:00+00:00,19.5,20.675
2024-12-17 09:00:00+00:00,19.525,20.6
2024-12-17 10:00:00+00:00,19.125,20.65
2024-12-17 11:00:00+00:00,18.925,20.625
2024-12-17 12:00:00+00:00,19.225,20.650000000000002
2024-12-17 13:00:00+00:00,19.075000000000003,20.675
2024-12-17 14:00:00+00:00,19.9,20.55
2024-12-17 15:00:00+00:00,21.075000000000003,20.525
2024-12-17 16:00:00+00:00,22.125,20.599999999999998
2024-12-17 17:00:00+00:00,23.025000000000002,20.8
2024-12-17 18:00:00+00:00,23.15,21.15
2024-12-17 19:00:00+00:00,23.4,21.4
2024-12-17 20:00:00+00:00,23.525,21.475
2024-12-17 21:00:00+00:00,23.375,21.6
2024-12-17 22:00:00+00:00,23.0,21.775000000000002
2024-12-17 23:00:00+00:00,22.425,21.85
2024-12-18 00:00:00+00:00,21.4,22.15
2024-12-18 01:00:00+00:00,20.875,22.125
2024-12-18 02:00:00+00:00,20.5,22.05
2024-12-18 03:00:00+00:00,20.525,21.975
2024-12-18 04:00:00+00:00,20.4,21.924999999999997
2024-12-18 05:00:00+00:00,20.225,21.8
2024-12-18 06:00:00+00:00,20.075,21.65
2024-12-18 07:00:00+00:00,19.7,21.45
2024-12-18 08:00:00+00:00,19.475,21.3
2024-12-18 09:00:00+00:00,19.35,21.25
2024-12-18 10:00:00+00:00,19.0,21.200000000000003
2024-12-18 11:00:00+00:00,19.05,21.25
2024-12-18 12:00:00+00:00,19.0,21.2
2024-12-18 13:00:00+00:00,18.700000000000003,21.175
2024-12-18 14:00:00+00:00,18.925,21.125
2024-12-18 15:00:00+00:00,19.975,21.05
2024-12-18 16:00:00+00:00,21.15,21.15
2024-12-18 17:00:00+00:00,20.566666666666666,21.2
2024-12-18 18:00:00+00:00,22.03333333333333,21.5
2024-12-18 19:00:00+00:00,23.450000000000003,21.974999999999998
2024-12-18 20:00:00+00:00,23.225,22.174999999999997
2024-12-18 21:00:00+00:00,21.775,22.549999999999997
2024-12-18 22:00:00+00:00,21.175,22.775
2024-12-18 23:00:00+00:00,20.35,22.474999999999998
2024-12-19 00:00:00+00:00,19.400000000000002,22.25
2024-12-19 01:00:00+00:00,18.7,22.075000000000003
2024-12-19 02:00:00+00:00,17.85,21.625
2024-12-19 03:00:00+00:00,16.924999999999997,21.225
2024-12-19 04:00:00+00:00,15.925,20.925000000000004
2024-12-19 05:00:00+00:00,15.075,20.425
2024-12-19 06:00:00+00:00,14.275,20.049999999999997
2024-12-19 07:00:00+00:00,14.199999999999998,19.833333333333332
2024-12-19 08:00:00+00:00,12.849999999999998,19.375
2024-12-19 09:00:00+00:00,12.25,19.075
2024-12-19 10:00:00+00:00,11.75,18.725
2024-12-19 11:00:00+00:00,11.225000000000001,18.475
2024-12-19 12:00:00+00:00,10.6,18.1
2024-12-19 13:00:00+00:00,9.75,17.8
2024-12-19 14:00:00+00:00,9.899999999999999,17.525000000000002
2024-12-19 15:00:00+00:00,10.85,17.275
2024-12-19 16:00:00+00:00,11.925,17.0
2024-12-19 17:00:00+00:00,13.35,17.099999999999998
2024-12-19 18:00:00+00:00,14.825000000000001,17.575
2024-12-19 19:00:00+00:00,16.35,18.0
2024-12-19 20:00:00+00:00,16.425,18.525
2024-12-19 21:00:00+00:00,17.075,18.9
2024-12-19 22:00:00+00:00,17.174999999999997,19.225
2024-12-19 23:00:00+00:00,16.7,19.3
2024-12-20 00:00:00+00:00,16.075,19.275
2024-12-20 01:00:00+00:00,15.899999999999999,19.175
2024-12-20 02:00:00+00:00,15.974999999999998,19.05
2024-12-20 03:00:00+00:00,16.05,18.9
2024-12-20 04:00:00+00:00,15.725,18.75
2024-12-20 05:00:00+00:00,15.45,18.775
2024-12-20 06:00:00+00:00,14.350000000000001,18.675
2024-12-20 07:00:00+00:00,14.350000000000001,18.575
2024-12-20 08:00:00+00:00,14.225,18.425
2024-12-20 09:00:00+00:00,14.05,18.25
2024-12-20 10:00:00+00:00,14.325,18.225
2024-12-20 11:00:00+00:00,14.45,18.3
2024-12-20 12:00:00+00:00,14.349999999999998,18.35
2024-12-20 13:00:00+00:00,14.2,18.25
2024-12-20 14:00:00+00:00,14.225000000000001,18.1
2024-12-20 15:00:00+00:00,14.174999999999999,18.025
2024-12-20 16:00:00+00:00,14.850000000000001,18.125
2024-12-20 17:00:00+00:00,16.3,18.375
2024-12-20 18:00:00+00:00,17.95,18.725
2024-12-20 19:00:00+00:00,18.7,19.075
2024-12-20 20:00:00+00:00,19.299999999999997,19.375
2024-12-20 21:00:00+00:00,19.775,19.575
2024-12-20 22:00:00+00:00,19.9,19.825
2024-12-20 23:00:00+00:00,19.475,19.7
2024-12-21 00:00:00+00:00,18.45,19.650000000000002
2024-12-21 01:00:00+00:00,17.55,19.35
2024-12-21 02:00:00+00:00,16.7,18.975
2024-12-21 03:00:00+00:00,15.750000000000002,18.700000000000003
2024-12-21 04:00:00+00:00,14.75,18.349999999999998
2024-12-21 05:00:00+00:00,14.425,18.125
2024-12-21 06:00:00+00:00,13.675,17.8
2024-12-21 07:00:00+00:00,13.075,17.674999999999997
2024-12-21 08:00:00+00:00,12.425,17.349999999999998
2024-12-21 09:00:00+00:00,10.100000000000001,17.049999999999997
2024-12-21 10:00:00+00:00,9.275,16.9
2024-12-21 11:00:00+00:00,10.175,16.825000000000003
2024-12-21 12:00:00+00:00,10.0,16.55
2024-12-21 13:00:00+00:00,9.675,16.425
2024-12-21 14:00:00+00:00,9.5,16.175
2024-12-21 15:00:00+00:00,10.8,16.0
2024-12-21 16:00:00+00:00,12.075,16.0
2024-12-21 17:00:00+00:00,13.65,16.175
2024-12-21 18:00:00+00:00,14.924999999999999,16.625
2024-12-21 19:00:00+00:00,15.475000000000001,17.174999999999997
2024-12-21 20:00:00+00:00,15.5,17.575
2024-12-21 21:00:00+00:00,15.275,17.85
2024-12-21 22:00:00+00:00,14.975,17.9
2024-12-21 23:00:00+00:00,14.625,17.75
2024-12-22 00:00:00+00:00,13.875,17.525
2024-12-22 01:00:00+00:00,13.55,17.25
2024-12-22 02:00:00+00:00,13.225000000000001,17.1
2024-12-22 03:00:00+00:00,13.100000000000001,16.950000000000003
2024-12-22 04:00:00+00:00,13.075000000000001,16.825
2024-12-22 05:00:00+00:00,12.975,16.575
2024-12-22 06:00:00+00:00,13.15,16.45
2024-12-22 07:00:00+00:00,12.725000000000001,16.3
2024-12-22 08:00:00+00:00,12.575000000000001,16.175
2024-12-22 09:00:00+00:00,12.05,16.025
2024-12-22 10:00:00+00:00,11.775000000000002,15.925
2024-12-22 11:00:00+00:00,11.75,15.775
2024-12-22 12:00:00+00:00,11.6,15.625
2024-12-22 13:00:00+00:00,11.125,15.45
2024-12-22 14:00:00+00:00,11.875,15.375
2024-12-22 15:00:00+00:00,13.799999999999999,15.524999999999999
2024-12-22 16:00:00+00:00,15.674999999999999,15.674999999999999
2024-12-22 17:00:00+00:00,17.700000000000003,15.975
2024-12-22 18:00:00+00:00,18.85,16.475
2024-12-22 19:00:00+00:00,19.15,17.1
2024-12-22 20:00:00+00:00,19.425,17.325000000000003
2024-12-22 21:00:00+00:00,19.349999999999998,17.549999999999997
2024-12-22 22:00:00+00:00,19.3,17.674999999999997
2024-12-22 23:00:00+00:00,18.85,17.65
2024-12-23 00:00:00+00:00,17.625,17.85
2024-12-23 01:00:00+00:00,16.924999999999997,17.825
2024-12-23 02:00:00+00:00,16.575,17.475
2024-12-23 03:00:00+00:00,16.6,17.35
2024-12-23 04:00:00+00:00,17.049999999999997,17.275
2024-12-23 05:00:00+00:00,17.075000000000003,17.200000000000003
2024-12-23 06:00:00+00:00,17.325,17.174999999999997
2024-12-23 07:00:00+00:00,17.575,17.125
2024-12-23 08:00:00+00:00,17.575,17.075
2024-12-23 09:00:00+00:00,17.725,17.049999999999997
2024-12-23 10:00:00+00:00,17.675,17.0
2024-12-23 11:00:00+00:00,17.799999999999997,16.975
2024-12-23 12:00:00+00:00,17.975,16.925
2024-12-23 13:00:00+00:00,18.025,16.925
2024-12-23 14:00:00+00:00,18.5,16.95
2024-12-23 15:00:00+00:00,19.875,16.975
2024-12-23 16:00:00+00:00,20.1,17.125
2024-12-23 17:00:00+00:00,20.675000000000004,17.35
2024-12-23 18:00:00+00:00,21.1,17.575
2024-12-23 19:00:00+00:00,20.824999999999996,17.875
2024-12-23 20:00:00+00:00,20.924999999999997,18.075
2024-12-23 21:00:00+00:00,21.075,18.5
2024-12-23 22:00:00+00:00,20.875,18.725
2024-12-23 23:00:00+00:00,20.425,18.6
2024-12-24 00:00:00+00:00,19.625,18.575
2024-12-24 01:00:00+00:00,19.375,18.5
2024-12-24 02:00:00+00:00,19.575,18.45
2024-12-24 03:00:00+00:00,19.475,18.349999999999998
2024-12-24 04:00:00+00:00,19.3,18.35
2024-12-24 05:00:00+00:00,19.2,18.35
2024-12-24 06:00:00+00:00,19.275,18.375
2024-12-24 07:00:00+00:00,19.25,18.35
2024-12-24 08:00:00+00:00,19.275,18.25
2024-12-24 09:00:00+00:00,19.174999999999997,18.225
2024-12-24 10:00:00+00:00,19.025,18.275
2024-12-24 11:00:00+00:00,18.7,18.275
2024-12-24 12:00:00+00:00,18.55,18.275
2024-12-24 13:00:00+00:00,18.650000000000002,18.25
2024-12-24 14:00:00+00:00,19.1,18.275
2024-12-24 15:00:00+00:00,20.5,18.325000000000003
2024-12-24 16:00:00+00:00,20.975,18.375
2024-12-24 17:00:00+00:00,22.15,18.75
2024-12-24 18:00:00+00:00,22.400000000000002,19.2
2024-12-24 19:00:00+00:00,22.575,19.575
2024-12-24 20:00:00+00:00,22.775,20.125
2024-12-24 21:00:00+00:00,22.575,20.375
2024-12-24 22:00:00+00:00,22.65,20.7
2024-12-24 23:00:00+00:00,22.325,20.775
2024-12-25 00:00:00+00:00,21.349999999999998,20.700000000000003
2024-12-25 01:00:00+00:00,21.0,20.575
2024-12-25 02:00:00+00:00,21.025,20.549999999999997
2024-12-25 03:00:00+00:00,21.175,20.150000000000002
2024-12-25 04:00:00+00:00,20.975,20.075
2024-12-25 05:00:00+00:00,20.900000000000002,19.9
2024-12-25 06:00:00+00:00,20.45,19.85
2024-12-25 07:00:00+00:00,20.5,19.875
2024-12-25 08:00:00+00:00,21.049999999999997,19.9
2024-12-25 09:00:00+00:00,19.725,19.9
2024-12-25 10:00:00+00:00,17.799999999999997,19.724999999999998
2024-12-25 11:00:00+00:00,17.325,19.799999999999997
2024-12-25 12:00:00+00:00,17.25,19.775
2024-12-25 13:00:00+00:00,17.5,19.75
2024-12-25 14:00:00+00:00,17.45,19.75
2024-12-25 15:00:00+00:00,17.674999999999997,19.775
2024-12-25 16:00:00+00:00,18.125,19.775
2024-12-25 17:00:00+00:00,18.95,19.799999999999997
2024-12-25 18:00:00+00:00,19.8,19.875
2024-12-25 19:00:00+00:00,20.425,20.075
2024-12-25 20:00:00+00:00,20.375,20.3
2024-12-25 21:00:00+00:00,20.775000000000002,20.475
2024-12-25 22:00:00+00:00,20.924999999999997,20.425
2024-12-25 23:00:00+00:00,20.75,20.4
2024-12-26 00:00:00+00:00,19.85,20.125
2024-12-26 01:00:00+00:00,19.475,20.075
2024-12-26 02:00:00+00:00,19.275000000000002,19.974999999999998
2024-12-26 03:00:00+00:00,19.525000000000002,19.95
2024-12-26 04:00:00+00:00,19.299999999999997,19.9
2024-12-26 05:00:00+00:00,19.325,19.925
2024-12-26 06:00:00+00:00,19.475,19.95
2024-12-26 07:00:00+00:00,19.075000000000003,19.95
2024-12-26 08:00:00+00:00,19.125,19.925
2024-12-26 09:00:00+00:00,19.275,19.925
2024-12-26 10:00:00+00:00,19.35,19.95
2024-12-26 11:00:00+00:00,19.450000000000003,19.924999999999997
2024-12-26 12:00:00+00:00,19.625,19.95
2024-12-26 13:00:00+00:00,19.925,19.974999999999998
2024-12-26 14:00:00+00:00,20.25,19.974999999999998
2024-12-26 15:00:00+00:00,21.0,19.95
2024-12-26 16:00:00+00:00,21.675,20.025
2024-12-26 17:00:00+00:00,22.025000000000002,20.125
2024-12-26 18:00:00+00:00,22.075000000000003,20.35
2024-12-26 19:00:00+00:00,22.05,20.6
2024-12-26 20:00:00+00:00,22.200000000000003,20.924999999999997
2024-12-26 21:00:00+00:00,22.4,21.225
2024-12-26 22:00:00+00:00,22.700000000000003,21.424999999999997
2024-12-26 23:00:00+00:00,22.35,21.474999999999998
2024-12-27 00:00:00+00:00,22.15,21.25
2024-12-27 01:00:00+00:00,21.725,21.1
2024-12-27 02:00:00+00:00,21.15,20.974999999999998
2024-12-27 03:00:00+00:00,20.75,20.9
2024-12-27 04:00:00+00:00,20.425,20.775000000000002
2024-12-27 05:00:00+00:00,19.45,20.7
2024-12-27 06:00:00+00:00,18.9,20.65
2024-12-27 07:00:00+00:00,17.75,20.6
2024-12-27 08:00:00+00:00,17.25,20.549999999999997
2024-12-27 09:00:00+00:00,17.200000000000003,20.55
2024-12-27 10:00:00+00:00,17.175,20.525000000000002
2024-12-27 11:00:00+00:00,16.650000000000002,20.475
2024-12-27 12:00:00+00:00,16.5,20.425
2024-12-27 13:00:00+00:00,15.95,20.3
2024-12-27 14:00:00+00:00,15.799999999999997,20.2
2024-12-27 15:00:00+00:00,16.7,20.1
2024-12-27 16:00:00+00:00,17.75,20.075000000000003
2024-12-27 17:00:00+00:00,18.25,20.125
2024-12-27 18:00:00+00:00,18.85,20.25
2024-12-27 19:00:00+00:00,19.075000000000003,20.425
2024-12-27 20:00:00+00:00,19.8,20.725
2024-12-27 21:00:00+00:00,20.65,21.025
2024-12-27 22:00:00+00:00,21.0,21.25
2024-12-27 23:00:00+00:00,21.374999999999996,21.375
2024-12-28 00:00:00+00:00,19.3,21.033333333333335
2024-12-28 01:00:00+00:00,19.675,21.200000000000003
2024-12-28 02:00:00+00:00,19.25,21.074999999999996
2024-12-28 03:00:00+00:00,19.125,20.95
2024-12-28 04:00:00+00:00,19.15,20.825
2024-12-28 05:00:00+00:00,19.800000000000004,20.625
2024-12-28 06:00:00+00:00,20.1,20.525
2024-12-28 07:00:00+00:00,20.549999999999997,20.525
2024-12-28 08:00:00+00:00,20.85,20.575
2024-12-28 09:00:00+00:00,20.8,20.625
2024-12-28 10:00:00+00:00,20.7,20.65
2024-12-28 11:00:00+00:00,20.775000000000002,20.625
2024-12-28 12:00:00+00:00,20.775,20.7
2024-12-28 13:00:00+00:00,20.775,20.725
2024-12-28 14:00:00+00:00,21.025,20.725
2024-12-28 15:00:00+00:00,21.200000000000003,20.75
2024-12-28 16:00:00+00:00,21.725,20.775
2024-12-28 17:00:00+00:00,22.474999999999998,20.875
2024-12-28 18:00:00+00:00,22.7,21.15
2024-12-28 19:00:00+00:00,23.125,21.6
2024-12-28 20:00:00+00:00,23.700000000000003,21.975
2024-12-28 21:00:00+00:00,24.15,22.05
2024-12-28 22:00:00+00:00,24.1,22.15
2024-12-28 23:00:00+00:00,24.650000000000002,22.2
2024-12-29 00:00:00+00:00,23.525000000000002,22.125
2024-12-29 01:00:00+00:00,22.175,21.875
2024-12-29 02:00:00+00:00,21.625,21.75
2024-12-29 03:00:00+00:00,20.675,21.525000000000002
2024-12-29 04:00:00+00:00,18.974999999999998,21.35
2024-12-29 05:00:00+00:00,18.549999999999997,21.375
2024-12-29 06:00:00+00:00,16.95,21.200000000000003
2024-12-29 07:00:00+00:00,15.975000000000001,21.075000000000003
2024-12-29 08:00:00+00:00,15.175,20.95
2024-12-29 09:00:00+00:00,15.75,20.75
2024-12-29 10:00:00+00:00,15.774999999999999,20.5
2024-12-29 11:00:00+00:00,14.649999999999999,20.4
2024-12-29 12:00:00+00:00,14.7,20.225
2024-12-29 13:00:00+00:00,13.400000000000002,20.05
2024-12-29 14:00:00+00:00,13.825,19.7
2024-12-29 15:00:00+00:00,15.425,19.425
2024-12-29 16:00:00+00:00,17.35,19.35
2024-12-29 17:00:00+00:00,18.625,19.5
2024-12-29 18:00:00+00:00,18.825000000000003,19.775000000000002
2024-12-29 19:00:00+00:00,20.025,20.25
2024-12-29 20:00:00+00:00,20.525,20.65
2024-12-29 21:00:00+00:00,21.724999999999998,21.199999999999996
2024-12-29 22:00:00+00:00,21.724999999999998,21.5
2024-12-29 23:00:00+00:00,20.125,21.625
2024-12-30 00:00:00+00:00,19.0,21.475
2024-12-30 01:00:00+00:00,18.45,21.35
2024-12-30 02:00:00+00:00,18.375,21.224999999999998
2024-12-30 03:00:00+00:00,17.95,21.05
2024-12-30 04:00:00+00:00,17.950000000000003,20.95
2024-12-30 05:00:00+00:00,18.174999999999997,20.725
2024-12-30 06:00:00+00:00,18.15,20.6
2024-12-30 07:00:00+00:00,18.224999999999998,20.400000000000002
2024-12-30 08:00:00+00:00,18.325000000000003,20.325
2024-12-30 09:00:00+00:00,18.875,20.275
2024-12-30 10:00:00+00:00,18.299999999999997,20.150000000000002
2024-12-30 11:00:00+00:00,18.05,20.05
2024-12-30 12:00:00+00:00,17.75,20.025
2024-12-30 13:00:00+00:00,18.225,20.0
2024-12-30 14:00:00+00:00,18.55,19.975
2024-12-30 15:00:00+00:00,19.525,19.875
2024-12-30 16:00:00+00:00,21.299999999999997,19.950000000000003
2024-12-30 17:00:00+00:00,21.924999999999997,20.075
2024-12-30 18:00:00+00:00,22.199999999999996,20.575
2024-12-30 19:00:00+00:00,22.5,21.1
2024-12-30 20:00:00+00:00,22.525000000000002,21.549999999999997
2024-12-30 21:00:00+00:00,22.525,21.8
2024-12-30 22:00:00+00:00,22.525,22.0
2024-12-30 23:00:00+00:00,21.900000000000002,21.875
2024-12-31 00:00:00+00:00,21.224999999999998,22.0
2024-12-31 01:00:00+00:00,21.05,21.699999999999996
2024-12-31 02:00:00+00:00,21.025,21.575
2024-12-31 03:00:00+00:00,21.025,21.5
2024-12-31 04:00:00+00:00,20.775000000000002,21.4
2024-12-31 05:00:00+00:00,20.46666666666667,20.96666666666667
2024-12-31 06:00:00+00:00,20.474999999999998,21.0
2024-12-31 07:00:00+00:00,20.25,20.775
2024-12-31 08:00:00+00:00,19.9,20.7
2024-12-31 09:00:00+00:00,19.075,20.725
2024-12-31 10:00:00+00:00,18.875,20.8
2024-12-31 11:00:00+00:00,18.725,20.875
2024-12-31 12:00:00+00:00,18.325000000000003,20.9
2024-12-31 13:00:00+00:00,17.2,20.9
2024-12-31 14:00:00+00:00,16.3,20.8
2024-12-31 15:00:00+00:00,16.725,20.6
2024-12-31 16:00:00+00:00,17.05,20.5
2024-12-31 17:00:00+00:00,17.75,20.5
2024-12-31 18:00:00+00:00,18.475,20.625
2024-12-31 19:00:00+00:00,19.375,20.775
2024-12-31 20:00:00+00:00,20.125,20.95
2024-12-31 21:00:00+00:00,20.775,20.75
2024-12-31 22:00:00+00:00,20.9,20.849999999999998
2024-12-31 23:00:00+00:00,20.575000000000003,20.775
2025-01-01 00:00:00+00:00,18.975,20.625
2025-01-01 01:00:00+00:00,18.0,20.424999999999997
2025-01-01 02:00:00+00:00,17.225,20.175
2025-01-01 03:00:00+00:00,16.775,19.975
2025-01-01 04:00:00+00:00,16.125,19.7
2025-01-01 05:00:00+00:00,15.0,19.65
2025-01-01 06:00:00+00:00,14.475,19.400000000000002
2025-01-01 07:00:00+00:00,13.625,19.075
2025-01-01 08:00:00+00:00,12.85,19.05
2025-01-01 09:00:00+00:00,12.6,18.65
2025-01-01 10:00:00+00:00,12.25,18.5
2025-01-01 11:00:00+00:00,12.0,18.2
2025-01-01 12:00:00+00:00,11.75,17.924999999999997
2025-01-01 13:00:00+00:00,11.75,17.825000000000003
2025-01-01 14:00:00+00:00,11.675,17.45
2025-01-01 15:00:00+00:00,12.149999999999999,17.25
2025-01-01 16:00:00+00:00,13.075,17.175
2025-01-01 17:00:00+00:00,14.075000000000001,17.299999999999997
2025-01-01 18:00:00+00:00,14.850000000000001,17.45
2025-01-01 19:00:00+00:00,15.55,17.7
2025-01-01 20:00:00+00:00,15.75,17.925
2025-01-01 21:00:00+00:00,16.125,18.025
2025-01-01 22:00:00+00:00,16.0,18.174999999999997
2025-01-01 23:00:00+00:00,15.475,18.1
2025-01-02 00:00:00+00:00,15.4,17.950000000000003
2025-01-02 01:00:00+00:00,15.399999999999999,17.8
2025-01-02 02:00:00+00:00,15.425,17.725
2025-01-02 03:00:00+00:00,15.500000000000002,17.65
2025-01-02 04:00:00+00:00,15.425,17.55
2025-01-02 05:00:00+00:00,15.25,17.425
2025-01-02 06:00:00+00:00,15.200000000000001,17.425
2025-01-02 07:00:00+00:00,15.149999999999999,17.175
2025-01-02 08:00:00+00:00,15.05,17.224999999999998
2025-01-02 09:00:00+00:00,15.0,17.1
2025-01-02 10:00:00+00:00,15.100000000000001,17.1
2025-01-02 11:00:00+00:00,15.125,17.075
2025-01-02 12:00:00+00:00,15.3,16.95
2025-01-02 13:00:00+00:00,14.625,16.8
2025-01-02 14:00:00+00:00,14.05,16.725
2025-01-02 15:00:00+00:00,13.625,16.75
2025-01-02 16:00:00+00:00,14.124999999999998,16.625
2025-01-02 17:00:00+00:00,14.899999999999999,16.625
2025-01-02 18:00:00+00:00,15.299999999999999,16.65
2025-01-02 19:00:00+00:00,15.675,16.675
2025-01-02 20:00:00+00:00,15.975000000000001,16.85
2025-01-02 21:00:00+00:00,15.975,16.95
2025-01-02 22:00:00+00:00,16.25,17.0
2025-01-02 23:00:00+00:00,16.275,17.0
2025-01-03 00:00:00+00:00,16.275,17.0
2025-01-03 01:00:00+00:00,16.2,17.05
2025-01-03 02:00:00+00:00,15.975,17.05
2025-01-03 03:00:00+00:00,15.925,17.075
2025-01-03 04:00:00+00:00,15.974999999999998,17.05
2025-01-03 05:00:00+00:00,15.799999999999999,17.05
2025-01-03 06:00:00+00:00,15.849999999999998,17.1
2025-01-03 07:00:00+00:00,15.825,16.974999999999998
2025-01-03 08:00:00+00:00,15.625000000000002,16.95
2025-01-03 09:00:00+00:00,15.55,16.95
2025-01-03 10:00:00+00:00,15.425,16.974999999999998
2025-01-03 11:00:00+00:00,15.35,16.974999999999998
2025-01-03 12:00:00+00:00,15.349999999999998,16.925000000000004
2025-01-03 13:00:00+00:00,15.3,16.9
2025-01-03 14:00:00+00:00,15.350000000000001,16.825000000000003
2025-01-03 15:00:00+00:00,15.375,16.825
2025-01-03 16:00:00+00:00,15.7,16.875
2025-01-03 17:00:00+00:00,15.950000000000001,16.925
2025-01-03 18:00:00+00:00,16.6,17.075
2025-01-03 19:00:00+00:00,17.125,17.275
2025-01-03 20:00:00+00:00,17.65,17.575000000000003
2025-01-03 21:00:00+00:00,17.925,17.724999999999998
2025-01-03 22:00:00+00:00,18.325,17.875
2025-01-03 23:00:00+00:00,18.0,17.825
2025-01-04 00:00:00+00:00,17.825000000000003,17.95
2025-01-04 01:00:00+00:00,17.575,17.974999999999998
2025-01-04 02:00:00+00:00,17.45,17.825
2025-01-04 03:00:00+00:00,17.225,17.825
2025-01-04 04:00:00+00:00,17.075,17.775
2025-01-04 05:00:00+00:00,17.1,17.775
2025-01-04 06:00:00+00:00,16.724999999999998,17.75
2025-01-04 07:00:00+00:00,16.75,17.724999999999998
2025-01-04 08:00:00+00:00,16.825,17.650000000000002
2025-01-04 09:00:00+00:00,16.925,17.55
2025-01-04 10:00:00+00:00,17.55,17.575000000000003
2025-01-04 11:00:00+00:00,17.224999999999998,17.55
2025-01-04 12:00:00+00:00,17.199999999999996,17.5
2025-01-04 13:00:00+00:00,17.174999999999997,17.450000000000003
2025-01-04 14:00:00+00:00,17.35,17.450000000000003
2025-01-04 15:00:00+00:00,17.85,17.475
2025-01-04 16:00:00+00:00,18.9,17.575
2025-01-04 17:00:00+00:00,19.924999999999997,17.725
2025-01-04 18:00:00+00:00,20.275,18.025
2025-01-04 19:00:00+00:00,21.1,18.375
2025-01-04 20:00:00+00:00,21.449999999999996,18.5
2025-01-04 21:00:00+00:00,21.85,18.85
2025-01-04 22:00:00+00:00,21.825,19.575
2025-01-04 23:00:00+00:00,21.549999999999997,19.724999999999998
2025-01-05 00:00:00+00:00,20.425,19.575000000000003
2025-01-05 01:00:00+00:00,20.125,19.625
2025-01-05 02:00:00+00:00,20.025,19.525000000000002
2025-01-05 03:00:00+00:00,20.25,19.475
2025-01-05 04:00:00+00:00,20.275,19.4
2025-01-05 05:00:00+00:00,20.3,19.4
2025-01-05 06:00:00+00:00,20.5,19.325000000000003
2025-01-05 07:00:00+00:00,20.625,18.975
2025-01-05 08:00:00+00:00,20.75,18.95
2025-01-05 09:00:00+00:00,20.875,18.95
2025-01-05 10:00:00+00:00,20.775,18.85
2025-01-05 11:00:00+00:00,20.75,18.8
2025-01-05 12:00:00+00:00,20.8,18.85
2025-01-05 13:00:00+00:00,20.75,18.925
2025-01-05 14:00:00+00:00,20.9,18.875
2025-01-05 15:00:00+00:00,21.475,18.9
2025-01-05 16:00:00+00:00,21.8,19.174999999999997
2025-01-05 17:00:00+00:00,22.700000000000003,19.425
2025-01-05 18:00:00+00:00,22.650000000000002,19.55
2025-01-05 19:00:00+00:00,22.275,19.725
2025-01-05 20:00:00+00:00,22.799999999999997,19.9
2025-01-05 21:00:00+00:00,22.700000000000003,19.95
2025-01-05 22:00:00+00:00,22.574999999999996,20.125
2025-01-05 23:00:00+00:00,22.25,20.15
2025-01-06 00:00:00+00:00,20.724999999999998,20.075
2025-01-06 01:00:00+00:00,17.925,19.775000000000002
2025-01-06 02:00:00+00:00,15.825,19.625
2025-01-06 03:00:00+00:00,13.524999999999999,19.05
2025-01-06 04:00:00+00:00,11.674999999999999,18.5
2025-01-06 05:00:00+00:00,9.975,17.9
2025-01-06 06:00:00+00:00,8.125,16.925
2025-01-06 07:00:00+00:00,6.825000000000001,16.3
2025-01-06 08:00:00+00:00,5.65,15.75
2025-01-06 09:00:00+00:00,4.475,14.675
2025-01-06 10:00:00+00:00,3.625,13.775
2025-01-06 11:00:00+00:00,2.8,13.149999999999999
2025-01-06 12:00:00+00:00,2.0749999999999997,12.149999999999999
2025-01-06 13:00:00+00:00,1.625,11.325
2025-01-06 14:00:00+00:00,1.225,10.55
2025-01-06 15:00:00+00:00,1.625,10.25
2025-01-06 16:00:00+00:00,2.175,9.925
2025-01-06 17:00:00+00:00,3.35,10.2
2025-01-06 18:00:00+00:00,4.45,10.725
2025-01-06 19:00:00+00:00,5.824999999999999,11.075
2025-01-06 20:00:00+00:00,6.9,11.400000000000002
2025-01-06 21:00:00+00:00,7.625,11.850000000000001
2025-01-06 22:00:00+00:00,8.075,12.05
2025-01-06 23:00:00+00:00,8.1,12.049999999999999
2025-01-07 00:00:00+00:00,7.5,11.875
2025-01-07 01:00:00+00:00,6.699999999999999,11.55
2025-01-07 02:00:00+00:00,6.175000000000001,11.350000000000001
2025-01-07 03:00:00+00:00,5.85,11.049999999999999
2025-01-07 04:00:00+00:00,5.35,10.849999999999998
2025-01-07 05:00:00+00:00,4.85,10.25
2025-01-07 06:00:00+00:00,4.25,9.825
2025-01-07 07:00:00+00:00,3.825,9.825
2025-01-07 08:00:00+00:00,3.5250000000000004,9.424999999999999
2025-01-07 09:00:00+00:00,3.2249999999999996,9.05
2025-01-07 10:00:00+00:00,2.8,9.1
2025-01-07 11:00:00+00:00,3.0,8.925
2025-01-07 12:00:00+00:00,2.475,8.775
2025-01-07 13:00:00+00:00,2.15,7.8
2025-01-07 14:00:00+00:00,2.275,7.625
2025-01-07 15:00:00+00:00,2.675,7.375
2025-01-07 16:00:00+00:00,3.5749999999999997,7.45
2025-01-07 17:00:00+00:00,4.45,8.649999999999999
2025-01-07 18:00:00+00:00,5.425,8.225
2025-01-07 19:00:00+00:00,6.05,9.3
2025-01-07 20:00:00+00:00,6.725,9.7
2025-01-07 21:00:00+00:00,7.550000000000001,10.025
2025-01-07 22:00:00+00:00,8.125,10.399999999999999
2025-01-07 23:00:00+00:00,8.424999999999999,9.875
2025-01-08 00:00:00+00:00,8.549999999999999,10.175
2025-01-08 01:00:00+00:00,8.625,10.275
2025-01-08 02:00:00+00:00,8.625,10.375
2025-01-08 03:00:00+00:00,8.6,10.299999999999999
2025-01-08 04:00:00+00:00,8.425,10.15
2025-01-08 05:00:00+00:00,8.299999999999999,9.675
2025-01-08 06:00:00+00:00,8.1,9.3
2025-01-08 07:00:00+00:00,7.8500000000000005,9.25
2025-01-08 08:00:00+00:00,7.275,9.15
2025-01-08 09:00:00+00:00,6.775,9.225
2025-01-08 10:00:00+00:00,6.25,9.0
2025-01-08 11:00:00+00:00,5.775,8.8
2025-01-08 12:00:00+00:00,5.45,8.625
2025-01-08 13:00:00+00:00,5.0,8.475
2025-01-08 14:00:00+00:00,4.6,8.350000000000001
2025-01-08 15:00:00+00:00,4.375,8.25
2025-01-08 16:00:00+00:00,4.3,8.125
2025-01-08 17:00:00+00:00,4.575,7.949999999999999
2025-01-08 18:00:00+00:00,4.825,8.025
2025-01-08 19:00:00+00:00,5.225,7.95
2025-01-08 20:00:00+00:00,5.824999999999999,8.25
2025-01-08 21:00:00+00:00,6.2,8.55
2025-01-08 22:00:00+00:00,6.424999999999999,8.549999999999999
2025-01-08 23:00:00+00:00,6.324999999999999,8.649999999999999
2025-01-09 00:00:00+00:00,6.199999999999999,8.625
2025-01-09 01:00:00+00:00,5.9750000000000005,8.674999999999999
2025-01-09 02:00:00+00:00,5.7,8.65
2025-01-09 03:00:00+00:00,5.375,8.575
2025-01-09 04:00:00+00:00,5.4,8.575000000000001
2025-01-09 05:00:00+00:00,5.2250000000000005,8.549999999999999
2025-01-09 06:00:00+00:00,5.175,8.525
2025-01-09 07:00:00+00:00,5.125,8.399999999999999
2025-01-09 08:00:00+00:00,5.125,8.4
2025-01-09 09:00:00+00:00,5.275,8.299999999999999
2025-01-09 10:00:00+00:00,5.4,8.325
2025-01-09 11:00:00+00:00,5.6,8.25
2025-01-09 12:00:00+00:00,5.725,8.175
2025-01-09 13:00:00+00:00,5.7749999999999995,8.1
2025-01-09 14:00:00+00:00,5.9,8.025
2025-01-09 15:00:00+00:00,6.2,8.075
2025-01-09 16:00:00+00:00,6.7250000000000005,8.2
2025-01-09 17:00:00+00:00,7.6000000000000005,8.575000000000001
2025-01-09 18:00:00+00:00,8.625,9.05
2025-01-09 19:00:00+00:00,9.275,9.425
2025-01-09 20:00:00+00:00,10.450000000000001,10.0
2025-01-09 21:00:00+00:00,11.425,10.075
2025-01-09 22:00:00+00:00,10.65,10.125
2025-01-09 23:00:00+00:00,9.8,10.525
2025-01-10 00:00:00+00:00,7.7250000000000005,10.075
2025-01-10 01:00:00+00:00,6.1,9.85
2025-01-10 02:00:00+00:00,5.0249999999999995,8.950000000000001
2025-01-10 03:00:00+00:00,4.175,8.875
2025-01-10 04:00:00+00:00,3.925,8.725
2025-01-10 05:00:00+00:00,3.8249999999999997,8.475
2025-01-10 06:00:00+00:00,3.7249999999999996,8.35
2025-01-10 07:00:00+00:00,3.7750000000000004,8.2
2025-01-10 08:00:00+00:00,3.75,8.125
2025-01-10 09:00:00+00:00,4.1,8.075000000000001
2025-01-10 10:00:00+00:00,4.525,8.05
2025-01-10 11:00:00+00:00,4.675,8.025
2025-01-10 12:00:00+00:00,4.675,7.875000000000001
2025-01-10 13:00:00+00:00,4.8,7.8
2025-01-10 14:00:00+00:00,4.875,7.749999999999999
2025-01-10 15:00:00+00:00,5.0,7.675000000000001
2025-01-10 16:00:00+00:00,5.0,7.675000000000001
2025-01-10 17:00:00+00:00,5.3999999999999995,8.5
2025-01-10 18:00:00+00:00,6.2,8.75
2025-01-10 19:00:00+00:00,7.1000000000000005,8.9
2025-01-10 20:00:00+00:00,7.35,8.875
2025-01-10 21:00:00+00:00,7.4,9.024999999999999
2025-01-10 22:00:00+00:00,7.25,8.425
2025-01-10 23:00:00+00:00,7.25,8.200000000000001
2025-01-11 00:00:00+00:00,7.0,8.225
2025-01-11 01:00:00+00:00,6.699999999999999,8.175
2025-01-11 02:00:00+00:00,6.425,8.174999999999999
2025-01-11 03:00:00+00:00,6.1,8.125
2025-01-11 04:00:00+00:00,5.925000000000001,8.1
2025-01-11 05:00:00+00:00,5.85,8.05
2025-01-11 06:00:00+00:00,5.75,7.975
2025-01-11 07:00:00+00:00,5.7,7.975
2025-01-11 08:00:00+00:00,5.625,7.925000000000001
2025-01-11 09:00:00+00:00,5.5,7.875
2025-01-11 10:00:00+00:00,4.8999999999999995,7.675000000000001
2025-01-11 11:00:00+00:00,4.25,7.550000000000001
2025-01-11 12:00:00+00:00,3.6499999999999995,7.525
2025-01-11 13:00:00+00:00,4.025,7.3999999999999995
2025-01-11 14:00:00+00:00,4.525,7.275
2025-01-11 15:00:00+00:00,6.125,7.325000000000001
2025-01-11 16:00:00+00:00,7.175,7.7
2025-01-11 17:00:00+00:00,8.425,8.25
2025-01-11 18:00:00+00:00,9.075000000000001,8.45
2025-01-11 19:00:00+00:00,9.2,9.149999999999999
2025-01-11 20:00:00+00:00,10.025,9.7
2025-01-11 21:00:00+00:00,10.525,10.399999999999999
2025-01-11 22:00:00+00:00,10.875,10.9
2025-01-11 23:00:00+00:00,11.049999999999999,10.9
2025-01-12 00:00:00+00:00,10.649999999999999,10.75
2025-01-12 01:00:00+00:00,10.15,10.65
2025-01-12 02:00:00+00:00,9.925,10.600000000000001
2025-01-12 03:00:00+00:00,10.325,10.45
2025-01-12 04:00:00+00:00,10.575000000000001,10.399999999999999
2025-01-12 05:00:00+00:00,10.575,10.325
2025-01-12 06:00:00+00:00,9.975,10.325
2025-01-12 07:00:00+00:00,9.399999999999999,10.225
2025-01-12 08:00:00+00:00,9.0,10.15
2025-01-12 09:00:00+00:00,8.6,10.125
2025-01-12 10:00:00+00:00,8.9,10.049999999999999
2025-01-12 11:00:00+00:00,9.15,10.05
2025-01-12 12:00:00+00:00,9.425,10.075
2025-01-12 13:00:00+00:00,9.675,10.1
2025-01-12 14:00:00+00:00,9.975000000000001,10.05
2025-01-12 15:00:00+00:00,10.3,10.05
2025-01-12 16:00:00+00:00,10.999999999999998,10.125
2025-01-12 17:00:00+00:00,11.524999999999999,10.25
2025-01-12 18:00:00+00:00,12.1,10.4
2025-01-12 19:00:00+00:00,12.325,10.625
2025-01-12 20:00:00+00:00,13.1,10.9
2025-01-12 21:00:00+00:00,13.700000000000001,11.0
2025-01-12 22:00:00+00:00,14.174999999999999,11.2
2025-01-12 23:00:00+00:00,13.825,11.399999999999999
2025-01-13 00:00:00+00:00,13.35,11.55
2025-01-13 01:00:00+00:00,12.899999999999999,11.5
2025-01-13 02:00:00+00:00,12.325,11.525
2025-01-13 03:00:00+00:00,11.725,11.6
2025-01-13 04:00:00+00:00,11.1,11.625
2025-01-13 05:00:00+00:00,11.0,11.225000000000001
2025-01-13 06:00:00+00:00,9.975000000000001,11.049999999999999
2025-01-13 07:00:00+00:00,9.325,11.0
2025-01-13 08:00:00+00:00,8.625,10.925
2025-01-13 09:00:00+00:00,8.149999999999999,10.65
2025-01-13 10:00:00+00:00,7.825000000000001,10.475000000000001
2025-01-13 11:00:00+00:00,7.4,10.275
2025-01-13 12:00:00+00:00,7.200000000000001,10.15
2025-01-13 13:00:00+00:00,6.85,9.899999999999999
2025-01-13 14:00:00+00:00,6.950000000000001,9.75
2025-01-13 15:00:00+00:00,7.800000000000001,9.675
2025-01-13 16:00:00+00:00,8.925,9.8
2025-01-13 17:00:00+00:00,10.2,10.175
2025-01-13 18:00:00+00:00,11.299999999999999,10.7
2025-01-13 19:00:00+00:00,12.049999999999999,11.05
2025-01-13 20:00:00+00:00,12.524999999999999,11.600000000000001
2025-01-13 21:00:00+00:00,13.0,12.15
2025-01-13 22:00:00+00:00,13.325000000000001,12.524999999999999
2025-01-13 23:00:00+00:00,13.424999999999999,12.750000000000002
2025-01-14 00:00:00+00:00,12.5,12.774999999999999
2025-01-14 01:00:00+00:00,11.475,12.65
2025-01-14 02:00:00+00:00,10.975,12.5
2025-01-14 03:00:00+00:00,10.775,12.175
2025-01-14 04:00:00+00:00,10.325,12.124999999999998
2025-01-14 05:00:00+00:00,9.625,12.125
2025-01-14 06:00:00+00:00,9.05,11.899999999999999
2025-01-14 07:00:00+00:00,9.0,11.75
2025-01-14 08:00:00+00:00,8.950000000000001,11.475000000000001
2025-01-14 09:00:00+00:00,8.775,11.2
2025-01-14 10:00:00+00:00,8.625,11.225
2025-01-14 11:00:00+00:00,8.6,11.075
2025-01-14 12:00:00+00:00,9.05,10.925
2025-01-14 13:00:00+00:00,9.0,10.825000000000001
2025-01-14 14:00:00+00:00,9.075,10.700000000000001
2025-01-14 15:00:00+00:00,9.35,10.624999999999998
2025-01-14 16:00:00+00:00,9.825,10.6
2025-01-14 17:00:00+00:00,10.1,10.674999999999999
2025-01-14 18:00:00+00:00,10.399999999999999,10.725
2025-01-14 19:00:00+00:00,10.75,10.825
2025-01-14 20:00:00+00:00,11.125,11.075
2025-01-14 21:00:00+00:00,11.075,11.175
2025-01-14 22:00:00+00:00,11.0,11.325
2025-01-14 23:00:00+00:00,10.95,11.425
2025-01-15 00:00:00+00:00,10.85,11.55
2025-01-15 01:00:00+00:00,10.675,11.600000000000001
2025-01-15 02:00:00+00:00,10.475,11.600000000000001
2025-01-15 03:00:00+00:00,10.45,11.225000000000001
2025-01-15 04:00:00+00:00,10.475000000000001,11.200000000000001
2025-01-15 05:00:00+00:00,10.475000000000001,11.275
2025-01-15 06:00:00+00:00,10.625,11.2
2025-01-15 07:00:00+00:00,10.8,11.225
2025-01-15 08:00:00+00:00,10.675,11.2
2025-01-15 09:00:00+00:00,10.524999999999999,11.075
2025-01-15 10:00:00+00:00,10.175,11.075000000000001
2025-01-15 11:00:00+00:00,9.700000000000001,11.15
2025-01-15 12:00:00+00:00,9.675,10.95
2025-01-15 13:00:00+00:00,9.0,10.85
2025-01-15 14:00:00+00:00,8.799999999999999,10.774999999999999
2025-01-15 15:00:00+00:00,8.9,10.775
2025-01-15 16:00:00+00:00,8.975000000000001,10.724999999999998
2025-01-15 17:00:00+00:00,8.975,10.724999999999998
2025-01-15 18:00:00+00:00,9.350000000000001,10.749999999999998
2025-01-15 19:00:00+00:00,9.725,10.774999999999999
2025-01-15 20:00:00+00:00,9.925,10.875
2025-01-15 21:00:00+00:00,10.325000000000001,10.950000000000001
2025-01-15 22:00:00+00:00,10.524999999999999,11.200000000000001
2025-01-15 23:00:00+00:00,10.875,11.45
2025-01-16 00:00:00+00:00,10.950000000000001,11.55
2025-01-16 01:00:00+00:00,10.75,11.625
2025-01-16 02:00:00+00:00,10.950000000000001,11.624999999999998
2025-01-16 03:00:00+00:00,11.125,11.624999999999998
2025-01-16 04:00:00+00:00,11.075000000000001,11.6
2025-01-16 05:00:00+00:00,11.1,11.649999999999999
2025-01-16 06:00:00+00:00,10.850000000000001,11.55
2025-01-16 07:00:00+00:00,10.0,11.3
2025-01-16 08:00:00+00:00,9.125,11.075
2025-01-16 09:00:00+00:00,8.425,10.95
2025-01-16 10:00:00+00:00,8.174999999999999,10.875
2025-01-16 11:00:00+00:00,7.624999999999999,10.75
2025-01-16 12:00:00+00:00,7.1,10.675
2025-01-16 13:00:00+00:00,6.575,10.65
2025-01-16 14:00:00+00:00,6.500000000000001,10.5
2025-01-16 15:00:00+00:00,7.9,10.4
2025-01-16 16:00:00+00:00,10.0,10.475
2025-01-16 17:00:00+00:00,11.274999999999999,10.600000000000001
2025-01-16 18:00:00+00:00,12.85,10.9
2025-01-16 19:00:00+00:00,14.125,11.100000000000001
2025-01-16 20:00:00+00:00,14.375,11.425
2025-01-16 21:00:00+00:00,14.774999999999999,11.9
2025-01-16 22:00:00+00:00,14.875,12.0
2025-01-16 23:00:00+00:00,14.575000000000001,12.075
2025-01-17 00:00:00+00:00,13.649999999999999,12.25
2025-01-17 01:00:00+00:00,12.575,12.25
2025-01-17 02:00:00+00:00,11.825,12.3
2025-01-17 03:00:00+00:00,11.5,12.225
2025-01-17 04:00:00+00:00,11.1,12.200000000000001
2025-01-17 05:00:00+00:00,10.899999999999999,12.2
2025-01-17 06:00:00+00:00,10.175,12.1
2025-01-17 07:00:00+00:00,10.625,12.024999999999999
2025-01-17 08:00:00+00:00,10.55,11.8
2025-01-17 09:00:00+00:00,10.75,11.8
2025-01-17 10:00:00+00:00,11.175,11.8
2025-01-17 11:00:00+00:00,10.649999999999999,11.850000000000001
2025-01-17 12:00:00+00:00,10.625,11.8
2025-01-17 13:00:00+00:00,10.9,11.75
2025-01-17 14:00:00+00:00,11.4,11.625
2025-01-17 15:00:00+00:00,13.075,11.575000000000001
2025-01-17 16:00:00+00:00,14.774999999999999,11.6
2025-01-17 17:00:00+00:00,15.100000000000001,11.75
2025-01-17 18:00:00+00:00,16.675,11.975000000000001
2025-01-17 19:00:00+00:00,17.475,12.4
2025-01-17 20:00:00+00:00,17.400000000000002,12.55
2025-01-17 21:00:00+00:00,17.075,12.725
2025-01-17 22:00:00+00:00,16.9,13.024999999999999
2025-01-17 23:00:00+00:00,17.125,13.274999999999999
2025-01-18 00:00:00+00:00,16.9,13.55
2025-01-18 01:00:00+00:00,17.299999999999997,13.899999999999999
2025-01-18 02:00:00+00:00,17.0,13.899999999999999
2025-01-18 03:00:00+00:00,16.725,13.95
2025-01-18 04:00:00+00:00,16.775,13.725
2025-01-18 05:00:00+00:00,16.6,13.55
2025-01-18 06:00:00+00:00,15.925,13.5
2025-01-18 07:00:00+00:00,16.525,13.499999999999998
2025-01-18 08:00:00+00:00,17.174999999999997,13.5
2025-01-18 09:00:00+00:00,16.224999999999998,13.5
2025-01-18 10:00:00+00:00,16.475,13.525
2025-01-18 11:00:00+00:00,16.05,13.5
2025-01-18 12:00:00+00:00,14.775,13.475000000000001
2025-01-18 13:00:00+00:00,14.725,13.4
2025-01-18 14:00:00+00:00,15.299999999999999,13.375
2025-01-18 15:00:00+00:00,15.9,13.399999999999999
2025-01-18 16:00:00+00:00,16.85,13.425
2025-01-18 17:00:00+00:00,16.425,13.625
2025-01-18 18:00:00+00:00,16.525,13.925
2025-01-18 19:00:00+00:00,17.025000000000002,14.225
2025-01-18 20:00:00+00:00,17.825,14.774999999999999
2025-01-18 21:00:00+00:00,18.175,15.025000000000002
2025-01-18 22:00:00+00:00,17.725,15.424999999999999
2025-01-18 23:00:00+00:00,16.9,15.025
2025-01-19 00:00:00+00:00,15.925,15.05
2025-01-19 01:00:00+00:00,14.275,14.799999999999999
2025-01-19 02:00:00+00:00,13.4,14.850000000000001
2025-01-19 03:00:00+00:00,12.474999999999998,14.55
2025-01-19 04:00:00+00:00,11.475000000000001,14.3
2025-01-19 05:00:00+00:00,10.425,13.8
2025-01-19 06:00:00+00:00,9.45,13.125000000000002
2025-01-19 07:00:00+00:00,8.575,12.575
2025-01-19 08:00:00+00:00,7.725,12.2
2025-01-19 09:00:00+00:00,6.825,11.700000000000001
2025-01-19 10:00:00+00:00,5.4,11.375
2025-01-19 11:00:00+00:00,3.675,10.875
2025-01-19 12:00:00+00:00,2.2750000000000004,10.375
2025-01-19 13:00:00+00:00,1.3,9.9
2025-01-19 14:00:00+00:00,0.875,9.1
2025-01-19 15:00:00+00:00,1.25,8.55
2025-01-19 16:00:00+00:00,2.05,8.375
2025-01-19 17:00:00+00:00,2.975,8.225
2025-01-19 18:00:00+00:00,3.825,8.325
2025-01-19 19:00:00+00:00,4.825,8.6
2025-01-19 20:00:00+00:00,5.5,9.0
2025-01-19 21:00:00+00:00,6.074999999999999,9.25
2025-01-19 22:00:00+00:00,6.425,10.075000000000001
2025-01-19 23:00:00+00:00,6.35,10.175
2025-01-20 00:00:00+00:00,5.5,9.875
2025-01-20 01:00:00+00:00,4.699999999999999,9.45
2025-01-20 02:00:00+00:00,4.449999999999999,9.275
2025-01-20 03:00:00+00:00,4.025,8.925
2025-01-20 04:00:00+00:00,3.6,8.725
2025-01-20 05:00:00+00:00,3.1500000000000004,8.275
2025-01-20 06:00:00+00:00,2.3,7.750000000000001
2025-01-20 07:00:00+00:00,1.65,7.324999999999999
2025-01-20 08:00:00+00:00,1.7249999999999999,7.6000000000000005
2025-01-20 09:00:00+00:00,1.35,7.425000000000001
2025-01-20 10:00:00+00:00,1.4000000000000001,7.3
2025-01-20 11:00:00+00:00,1.45,7.25
2025-01-20 12:00:00+00:00,1.6249999999999998,7.15
2025-01-20 13:00:00+00:00,1.7750000000000001,6.9750000000000005
2025-01-20 14:00:00+00:00,1.8,6.65
2025-01-20 15:00:00+00:00,1.9749999999999999,6.775
2025-01-20 16:00:00+00:00,2.7,6.7749999999999995
2025-01-20 17:00:00+00:00,3.3499999999999996,6.824999999999999
2025-01-20 18:00:00+00:00,3.9250000000000003,7.725
2025-01-20 19:00:00+00:00,4.675,7.85
2025-01-20 20:00:00+00:00,5.0249999999999995,7.9
2025-01-20 21:00:00+00:00,5.05,7.65
2025-01-20 22:00:00+00:00,4.7250000000000005,7.625000000000001
2025-01-20 23:00:00+00:00,4.4,7.425000000000001
2025-01-21 00:00:00+00:00,3.725,7.425
2025-01-21 01:00:00+00:00,3.325,7.550000000000001
2025-01-21 02:00:00+00:00,2.8500000000000005,7.275
2025-01-21 03:00:00+00:00,2.775,6.949999999999999
2025-01-21 04:00:00+00:00,2.8249999999999997,6.750000000000001
2025-01-21 05:00:00+00:00,2.6,6.25
2025-01-21 06:00:00+00:00,1.9,5.625
2025-01-21 07:00:00+00:00,1.025,5.075
2025-01-21 08:00:00+00:00,0.525,5.0
2025-01-21 09:00:00+00:00,0.32499999999999996,4.8
2025-01-21 10:00:00+00:00,0.025000000000000036,4.65
2025-01-21 11:00:00+00:00,-0.7000000000000001,4.9
2025-01-21 12:00:00+00:00,-1.225,4.3
2025-01-21 13:00:00+00:00,-1.2,3.95
2025-01-21 14:00:00+00:00,-1.3250000000000002,3.5
2025-01-21 15:00:00+00:00,-1.4500000000000002,3.175
2025-01-21 16:00:00+00:00,-1.325,3.2
2025-01-21 17:00:00+00:00,-1.175,3.1250000000000004
2025-01-21 18:00:00+00:00,-0.8,3.275
2025-01-21 19:00:00+00:00,-0.22499999999999998,3.4000000000000004
2025-01-21 20:00:00+00:00,0.15,3.95
2025-01-21 21:00:00+00:00,1.025,3.825
2025-01-21 22:00:00+00:00,1.875,4.1
2025-01-21 23:00:00+00:00,2.8,4.2749999999999995
2025-01-22 00:00:00+00:00,2.4000000000000004,4.4750000000000005
2025-01-22 01:00:00+00:00,1.75,4.35
2025-01-22 02:00:00+00:00,1.2999999999999998,4.075
2025-01-22 03:00:00+00:00,0.575,3.9250000000000003
2025-01-22 04:00:00+00:00,-0.12499999999999997,3.95
2025-01-22 05:00:00+00:00,-0.5249999999999999,3.8499999999999996
2025-01-22 06:00:00+00:00,-0.575,3.7
2025-01-22 07:00:00+00:00,-0.5249999999999999,3.5500000000000003
2025-01-22 08:00:00+00:00,-0.15000000000000005,3.45
2025-01-22 09:00:00+00:00,-0.22500000000000006,3.9749999999999996
2025-01-22 10:00:00+00:00,-0.42499999999999993,3.875
2025-01-22 11:00:00+00:00,-0.775,3.8
2025-01-22 12:00:00+00:00,-1.325,3.625
2025-01-22 13:00:00+00:00,-1.25,3.6500000000000004
2025-01-22 14:00:00+00:00,1.05,3.9000000000000004
2025-01-22 15:00:00+00:00,2.875,3.9250000000000003
2025-01-22 16:00:00+00:00,4.0249999999999995,4.025
2025-01-22 17:00:00+00:00,3.9499999999999997,4.3
2025-01-22 18:00:00+00:00,4.525,4.7749999999999995
2025-01-22 19:00:00+00:00,5.050000000000001,5.225
2025-01-22 20:00:00+00:00,6.174999999999999,6.0
2025-01-22 21:00:00+00:00,6.625,6.65
2025-01-22 22:00:00+00:00,6.925000000000001,6.85
2025-01-22 23:00:00+00:00,7.375,7.35
2025-01-23 00:00:00+00:00,6.8500000000000005,7.5
2025-01-23 01:00:00+00:00,6.25,7.475
2025-01-23 02:00:00+00:00,6.05,7.35
2025-01-23 03:00:00+00:00,5.550000000000001,7.300000000000001
2025-01-23 04:00:00+00:00,5.625,7.175000000000001
2025-01-23 05:00:00+00:00,5.824999999999999,7.15
2025-01-23 06:00:00+00:00,5.800000000000001,6.85
2025-01-23 07:00:00+00:00,5.575,6.775
2025-01-23 08:00:00+00:00,5.55,6.7
2025-01-23 09:00:00+00:00,5.4750000000000005,6.625
2025-01-23 10:00:00+00:00,5.35,6.525
2025-01-23 11:00:00+00:00,5.675,6.574999999999999
2025-01-23 12:00:00+00:00,5.775,6.550000000000001
2025-01-23 13:00:00+00:00,5.95,6.574999999999999
2025-01-23 14:00:00+00:00,5.574999999999999,6.574999999999999
2025-01-23 15:00:00+00:00,5.85,6.65
2025-01-23 16:00:00+00:00,6.825,6.875
2025-01-23 17:00:00+00:00,7.5,7.2749999999999995
2025-01-23 18:00:00+00:00,8.25,7.425000000000001
2025-01-23 19:00:00+00:00,9.375,7.75
2025-01-23 20:00:00+00:00,9.825000000000001,8.35
2025-01-23 21:00:00+00:00,10.524999999999999,8.625
2025-01-23 22:00:00+00:00,10.625,9.05
2025-01-23 23:00:00+00:00,9.8,9.299999999999999
2025-01-24 00:00:00+00:00,9.225,9.375
2025-01-24 01:00:00+00:00,8.799999999999999,8.725
2025-01-24 02:00:00+00:00,8.825,8.774999999999999
2025-01-24 03:00:00+00:00,8.825000000000001,8.85
2025-01-24 04:00:00+00:00,8.225,8.475
2025-01-24 05:00:00+00:00,7.9,8.399999999999999
2025-01-24 06:00:00+00:00,7.6,8.45
2025-01-24 07:00:00+00:00,7.049999999999999,8.475
2025-01-24 08:00:00+00:00,6.375,8.424999999999999
2025-01-24 09:00:00+00:00,5.275,8.3
2025-01-24 10:00:00+00:00,4.675000000000001,8.175
2025-01-24 11:00:00+00:00,3.7749999999999995,7.975
2025-01-24 12:00:00+00:00,3.3,7.85
2025-01-24 13:00:00+00:00,3.7,7.675
2025-01-24 14:00:00+00:00,4.025,7.625
2025-01-24 15:00:00+00:00,5.1,7.6000000000000005
2025-01-24 16:00:00+00:00,6.525,7.699999999999999
2025-01-24 17:00:00+00:00,8.025,8.025
2025-01-24 18:00:00+00:00,9.2,8.45
2025-01-24 19:00:00+00:00,10.0,9.325
2025-01-24 20:00:00+00:00,10.425,10.025
2025-01-24 21:00:00+00:00,10.45,10.649999999999999
2025-01-24 22:00:00+00:00,10.275000000000002,10.825
2025-01-24 23:00:00+00:00,10.275,10.774999999999999
2025-01-25 00:00:00+00:00,9.475000000000001,10.6
2025-01-25 01:00:00+00:00,8.8,10.575000000000001
2025-01-25 02:00:00+00:00,8.425,10.424999999999999
2025-01-25 03:00:00+00:00,8.575,10.024999999999999
2025-01-25 04:00:00+00:00,9.399999999999999,9.975
2025-01-25 05:00:00+00:00,9.25,9.95
2025-01-25 06:00:00+00:00,8.85,9.875
2025-01-25 07:00:00+00:00,8.95,9.275
2025-01-25 08:00:00+00:00,9.25,9.125
2025-01-25 09:00:00+00:00,9.025,9.075
2025-01-25 10:00:00+00:00,8.4,9.0
2025-01-25 11:00:00+00:00,8.525,8.974999999999998
2025-01-25 12:00:00+00:00,8.725,8.95
2025-01-25 13:00:00+00:00,9.45,8.925
2025-01-25 14:00:00+00:00,10.325,8.925
2025-01-25 15:00:00+00:00,12.899999999999999,8.95
2025-01-25 16:00:00+00:00,12.875,9.05
2025-01-25 17:00:00+00:00,14.2,9.25
2025-01-25 18:00:00+00:00,14.725000000000001,9.525
2025-01-25 19:00:00+00:00,15.399999999999999,9.85
2025-01-25 20:00:00+00:00,15.175,9.85
2025-01-25 21:00:00+00:00,14.0,10.25
2025-01-25 22:00:00+00:00,13.8,10.375
2025-01-25 23:00:00+00:00,14.274999999999999,10.5
2025-01-26 00:00:00+00:00,13.899999999999999,10.65
2025-01-26 01:00:00+00:00,13.925,10.675
2025-01-26 02:00:00+00:00,14.35,10.475000000000001
2025-01-26 03:00:00+00:00,14.375,10.3
2025-01-26 04:00:00+00:00,14.400000000000002,10.25
2025-01-26 05:00:00+00:00,14.7,10.225000000000001
2025-01-26 06:00:00+00:00,14.75,10.299999999999999
2025-01-26 07:00:00+00:00,14.85,10.45
2025-01-26 08:00:00+00:00,15.7,10.55
2025-01-26 09:00:00+00:00,15.475,10.55
2025-01-26 10:00:00+00:00,15.25,10.6
2025-01-26 11:00:00+00:00,15.250000000000002,10.65
2025-01-26 12:00:00+00:00,16.5,10.675
2025-01-26 13:00:00+00:00,15.275,10.65
2025-01-26 14:00:00+00:00,14.925,10.65
2025-01-26 15:00:00+00:00,15.775000000000002,10.7
2025-01-26 16:00:00+00:00,17.125,10.75
2025-01-26 17:00:00+00:00,18.875,10.8
2025-01-26 18:00:00+00:00,18.475,11.000000000000002
2025-01-26 19:00:00+00:00,18.575000000000003,11.425
2025-01-26 20:00:00+00:00,18.5,11.85
2025-01-26 21:00:00+00:00,18.05,12.075
2025-01-26 22:00:00+00:00,18.225,12.125
2025-01-26 23:00:00+00:00,17.025,12.375
2025-01-27 00:00:00+00:00,17.275,12.375
2025-01-27 01:00:00+00:00,16.325,12.45
2025-01-27 02:00:00+00:00,16.925,12.5
2025-01-27 03:00:00+00:00,17.1,12.375000000000002
2025-01-27 04:00:00+00:00,17.3,12.3
2025-01-27 05:00:00+00:00,16.15,12.325000000000001
2025-01-27 06:00:00+00:00,14.875,12.475000000000001
2025-01-27 07:00:00+00:00,13.649999999999999,12.575
2025-01-27 08:00:00+00:00,13.025,12.525
2025-01-27 09:00:00+00:00,12.225,12.575
2025-01-27 10:00:00+00:00,11.975,12.674999999999999
2025-01-27 11:00:00+00:00,11.7,12.65
2025-01-27 12:00:00+00:00,11.3,12.7
2025-01-27 13:00:00+00:00,11.3,12.825
2025-01-27 14:00:00+00:00,11.25,12.649999999999999
2025-01-27 15:00:00+00:00,11.375,12.625
2025-01-27 16:00:00+00:00,11.375,12.725
2025-01-27 17:00:00+00:00,11.149999999999999,12.8
2025-01-27 18:00:00+00:00,10.925,12.625
2025-01-27 19:00:00+00:00,11.125,12.475
2025-01-27 20:00:00+00:00,11.2,12.700000000000001
2025-01-27 21:00:00+00:00,11.225,12.975
2025-01-27 22:00:00+00:00,11.025,12.975
2025-01-27 23:00:00+00:00,11.05,12.825
2025-01-28 00:00:00+00:00,11.05,12.75
2025-01-28 01:00:00+00:00,11.225,12.774999999999999
2025-01-28 02:00:00+00:00,11.325,12.600000000000001
2025-01-28 03:00:00+00:00,11.274999999999999,12.65
2025-01-28 04:00:00+00:00,11.35,12.625
2025-01-28 05:00:00+00:00,11.275,12.525000000000002
2025-01-28 06:00:00+00:00,11.375,12.425
2025-01-28 07:00:00+00:00,11.525,12.175
2025-01-28 08:00:00+00:00,11.524999999999999,12.175
2025-01-28 09:00:00+00:00,11.775000000000002,12.2
2025-01-28 10:00:00+00:00,11.775,12.275
2025-01-28 11:00:00+00:00,12.0,12.375
2025-01-28 12:00:00+00:00,11.899999999999999,12.45
2025-01-28 13:00:00+00:00,11.875,12.525
2025-01-28 14:00:00+00:00,11.975000000000001,12.525
2025-01-28 15:00:00+00:00,12.075000000000001,12.575000000000001
2025-01-28 16:00:00+00:00,12.425,12.675
2025-01-28 17:00:00+00:00,12.95,12.75
2025-01-28 18:00:00+00:00,12.675,12.725000000000001
2025-01-28 19:00:00+00:00,13.1,13.025
2025-01-28 20:00:00+00:00,12.925,13.075000000000001
2025-01-28 21:00:00+00:00,13.350000000000001,13.075
2025-01-28 22:00:00+00:00,13.524999999999999,13.25
2025-01-28 23:00:00+00:00,12.825,13.25
2025-01-29 00:00:00+00:00,12.925,13.175
2025-01-29 01:00:00+00:00,12.875,12.975
2025-01-29 02:00:00+00:00,13.0,12.850000000000001
2025-01-29 03:00:00+00:00,13.1,12.875
2025-01-29 04:00:00+00:00,13.2,12.825000000000001
2025-01-29 05:00:00+00:00,13.325,12.75
2025-01-29 06:00:00+00:00,13.450000000000001,12.749999999999998
2025-01-29 07:00:00+00:00,13.75,12.7
2025-01-29 08:00:00+00:00,14.025000000000002,12.724999999999998
2025-01-29 09:00:00+00:00,14.450000000000001,12.725000000000001
2025-01-29 10:00:00+00:00,14.575000000000001,12.775000000000002
2025-01-29 11:00:00+00:00,14.325,12.775000000000002
2025-01-29 12:00:00+00:00,15.0,12.825
2025-01-29 13:00:00+00:00,15.8,12.775
2025-01-29 14:00:00+00:00,16.025,12.8
2025-01-29 15:00:00+00:00,16.7,12.8
2025-01-29 16:00:00+00:00,17.275,12.899999999999999
2025-01-29 17:00:00+00:00,18.275,13.125
2025-01-29 18:00:00+00:00,18.4,13.375
2025-01-29 19:00:00+00:00,18.775,13.524999999999999
2025-01-29 20:00:00+00:00,18.375,13.700000000000001
2025-01-29 21:00:00+00:00,18.05,13.875
2025-01-29 22:00:00+00:00,17.8,14.225
2025-01-29 23:00:00+00:00,17.575,14.7
2025-01-30 00:00:00+00:00,17.575,14.999999999999998
2025-01-30 01:00:00+00:00,17.675,15.25
2025-01-30 02:00:00+00:00,17.4,15.049999999999999
2025-01-30 03:00:00+00:00,17.35,14.774999999999999
2025-01-30 04:00:00+00:00,17.725,14.525
2025-01-30 05:00:00+00:00,17.475,14.4
2025-01-30 06:00:00+00:00,18.35,14.275
2025-01-30 07:00:00+00:00,18.075,14.3
2025-01-30 08:00:00+00:00,18.55,14.35
2025-01-30 09:00:00+00:00,17.85,14.325
2025-01-30 10:00:00+00:00,17.224999999999998,14.3
2025-01-30 11:00:00+00:00,17.725,14.325
2025-01-30 12:00:00+00:00,17.2,14.45
2025-01-30 13:00:00+00:00,18.075,14.7
2025-01-30 14:00:00+00:00,17.875,14.725
2025-01-30 15:00:00+00:00,18.175,14.675
2025-01-30 16:00:00+00:00,17.674999999999997,14.675
2025-01-30 17:00:00+00:00,18.45,14.799999999999999
2025-01-30 18:00:00+00:00,19.175,14.925
2025-01-30 19:00:00+00:00,20.075000000000003,15.05
2025-01-30 20:00:00+00:00,18.725,15.225
2025-01-30 21:00:00+00:00,18.174999999999997,15.325
2025-01-30 22:00:00+00:00,17.85,15.45
2025-01-30 23:00:00+00:00,17.4,15.600000000000001
2025-01-31 00:00:00+00:00,17.425,15.8
2025-01-31 01:00:00+00:00,17.1,15.875
2025-01-31 02:00:00+00:00,16.424999999999997,15.650000000000002
2025-01-31 03:00:00+00:00,15.774999999999999,15.575
2025-01-31 04:00:00+00:00,15.25,15.350000000000001
2025-01-31 05:00:00+00:00,15.075,15.225
2025-01-31 06:00:00+00:00,14.675,15.100000000000001
2025-01-31 07:00:00+00:00,14.7,15.075
2025-01-31 08:00:00+00:00,14.649999999999999,15.0
2025-01-31 09:00:00+00:00,13.825,15.075
2025-01-31 10:00:00+00:00,13.675,15.05
2025-01-31 11:00:00+00:00,13.4,15.05
2025-01-31 12:00:00+00:00,12.75,15.0
2025-01-31 13:00:00+00:00,12.225000000000001,14.9
2025-01-31 14:00:00+00:00,12.65,14.724999999999998
2025-01-31 15:00:00+00:00,14.075000000000001,14.7
2025-01-31 16:00:00+00:00,15.575,14.725000000000001
2025-01-31 17:00:00+00:00,17.975,15.075
2025-01-31 18:00:00+00:00,18.3,15.475000000000001
2025-01-31 19:00:00+00:00,19.55,15.95
2025-01-31 20:00:00+00:00,20.025,16.575
2025-01-31 21:00:00+00:00,21.0,16.700000000000003
2025-01-31 22:00:00+00:00,21.125,16.675
2025-01-31 23:00:00+00:00,20.675,16.700000000000003
2025-02-01 00:00:00+00:00,19.45,16.875
2025-02-01 01:00:00+00:00,18.1,16.7
2025-02-01 02:00:00+00:00,17.375,16.424999999999997
2025-02-01 03:00:00+00:00,16.0,16.275
2025-02-01 04:00:00+00:00,14.525,15.95
2025-02-01 05:00:00+00:00,14.325,15.8
2025-02-01 06:00:00+00:00,13.925,15.7
2025-02-01 07:00:00+00:00,12.999999999999998,15.524999999999999
2025-02-01 08:00:00+00:00,12.850000000000001,15.425
2025-02-01 09:00:00+00:00,11.575,15.275
2025-02-01 10:00:00+00:00,11.425,15.175
2025-02-01 11:00:00+00:00,10.925,15.075
2025-02-01 12:00:00+00:00,10.875,14.925
2025-02-01 13:00:00+00:00,9.65,14.700000000000001
2025-02-01 14:00:00+00:00,10.85,14.549999999999999
2025-02-01 15:00:00+00:00,13.175,14.3
2025-02-01 16:00:00+00:00,15.024999999999999,14.575000000000001
2025-02-01 17:00:00+00:00,15.850000000000001,14.975000000000001
2025-02-01 18:00:00+00:00,17.15,15.450000000000001
2025-02-01 19:00:00+00:00,17.8,16.1
2025-02-01 20:00:00+00:00,18.45,16.8
2025-02-01 21:00:00+00:00,18.45,17.450000000000003
2025-02-01 22:00:00+00:00,18.275000000000002,17.475
2025-02-01 23:00:00+00:00,17.549999999999997,17.525
2025-02-02 00:00:00+00:00,16.225,17.349999999999998
2025-02-02 01:00:00+00:00,15.399999999999999,17.099999999999998
2025-02-02 02:00:00+00:00,15.125000000000002,17.175
2025-02-02 03:00:00+00:00,15.125,17.075
2025-02-02 04:00:00+00:00,15.0,16.875
2025-02-02 05:00:00+00:00,15.0,16.8
2025-02-02 06:00:00+00:00,15.25,16.7
2025-02-02 07:00:00+00:00,14.75,16.55
2025-02-02 08:00:00+00:00,14.725,16.474999999999998
2025-02-02 09:00:00+00:00,15.225,16.375
2025-02-02 10:00:00+00:00,14.675,16.15
2025-02-02 11:00:00+00:00,14.225,15.975000000000001
2025-02-02 12:00:00+00:00,13.725000000000001,15.850000000000001
2025-02-02 13:00:00+00:00,13.65,15.625
2025-02-02 14:00:00+00:00,14.675,15.45
2025-02-02 15:00:00+00:00,16.85,15.425
2025-02-02 16:00:00+00:00,17.375,15.5
2025-02-02 17:00:00+00:00,17.65,15.875
2025-02-02 18:00:00+00:00,19.6,16.424999999999997
2025-02-02 19:00:00+00:00,20.5,16.775
2025-02-02 20:00:00+00:00,20.950000000000003,17.325000000000003
2025-02-02 21:00:00+00:00,20.1,17.75
2025-02-02 22:00:00+00:00,20.174999999999997,17.700000000000003
2025-02-02 23:00:00+00:00,20.275,17.5
2025-02-03 00:00:00+00:00,18.450000000000003,17.7
2025-02-03 01:00:00+00:00,17.150000000000002,17.75
2025-02-03 02:00:00+00:00,16.725,17.9
2025-02-03 03:00:00+00:00,16.6,17.85
2025-02-03 04:00:00+00:00,16.4,17.75
2025-02-03 05:00:00+00:00,17.2,17.6
2025-02-03 06:00:00+00:00,17.025,17.575
2025-02-03 07:00:00+00:00,17.475,17.6
2025-02-03 08:00:00+00:00,17.724999999999998,17.55
2025-02-03 09:00:00+00:00,17.924999999999997,17.45
2025-02-03 10:00:00+00:00,18.1,17.325
2025-02-03 11:00:00+00:00,17.9,17.175
2025-02-03 12:00:00+00:00,17.725,17.075
2025-02-03 13:00:00+00:00,17.450000000000003,17.05
2025-02-03 14:00:00+00:00,17.5,17.05
2025-02-03 15:00:00+00:00,18.125,17.099999999999998
2025-02-03 16:00:00+00:00,19.05,17.125
2025-02-03 17:00:00+00:00,19.225,17.15
2025-02-03 18:00:00+00:00,20.3,17.2
2025-02-03 19:00:00+00:00,21.425,17.4
2025-02-03 20:00:00+00:00,20.875,17.625
2025-02-03 21:00:00+00:00,21.0,17.825
2025-02-03 22:00:00+00:00,21.099999999999998,17.85
2025-02-03 23:00:00+00:00,20.6,17.875
2025-02-04 00:00:00+00:00,19.825000000000003,17.925
2025-02-04 01:00:00+00:00,19.424999999999997,18.0
2025-02-04 02:00:00+00:00,19.349999999999998,18.025
2025-02-04 03:00:00+00:00,19.25,18.0
2025-02-04 04:00:00+00:00,19.125,18.1
2025-02-04 05:00:00+00:00,19.2,18.2
2025-02-04 06:00:00+00:00,19.125,18.275
2025-02-04 07:00:00+00:00,19.075000000000003,18.349999999999998
2025-02-04 08:00:00+00:00,19.05,18.375
2025-02-04 09:00:00+00:00,19.1,18.35
2025-02-04 10:00:00+00:00,18.625,18.325000000000003
2025-02-04 11:00:00+00:00,18.575000000000003,18.200000000000003
2025-02-04 12:00:00+00:00,18.55,18.15
2025-02-04 13:00:00+00:00,18.2,18.15
2025-02-04 14:00:00+00:00,18.125,18.125
2025-02-04 15:00:00+00:00,18.55,18.2
2025-02-04 16:00:00+00:00,19.525,18.425
2025-02-04 17:00:00+00:00,19.75,18.7
2025-02-04 18:00:00+00:00,20.3,19.150000000000002
2025-02-04 19:00:00+00:00,20.55,19.4
2025-02-04 20:00:00+00:00,21.0,19.55
2025-02-04 21:00:00+00:00,21.65,19.75
2025-02-04 22:00:00+00:00,21.575,19.950000000000003
2025-02-04 23:00:00+00:00,21.025,20.15
2025-02-05 00:00:00+00:00,20.025,20.25
2025-02-05 01:00:00+00:00,19.475,20.4
2025-02-05 02:00:00+00:00,19.375,20.325
2025-02-05 03:00:00+00:00,19.5,20.275
2025-02-05 04:00:00+00:00,18.875,20.45
2025-02-05 05:00:00+00:00,18.75,20.4
2025-02-05 06:00:00+00:00,18.85,20.3
2025-02-05 07:00:00+00:00,18.85,20.3
2025-02-05 08:00:00+00:00,18.700000000000003,20.225
2025-02-05 09:00:00+00:00,18.725,20.15
2025-02-05 10:00:00+00:00,18.325,20.125
2025-02-05 11:00:00+00:00,18.424999999999997,20.125
2025-02-05 12:00:00+00:00,18.525,20.075
2025-02-05 13:00:00+00:00,18.75,19.799999999999997
2025-02-05 14:00:00+00:00,19.225,19.75
2025-02-05 15:00:00+00:00,19.700000000000003,19.799999999999997
2025-02-05 16:00:00+00:00,20.4,20.025
2025-02-05 17:00:00+00:00,21.05,20.25
2025-02-05 18:00:00+00:00,22.0,20.625
2025-02-05 19:00:00+00:00,22.025000000000002,21.1
2025-02-05 20:00:00+00:00,21.95,21.025
2025-02-05 21:00:00+00:00,22.349999999999998,21.349999999999998
2025-02-05 22:00:00+00:00,22.15,21.575
2025-02-05 23:00:00+00:00,21.65,21.525
2025-02-06 00:00:00+00:00,20.974999999999998,21.45
2025-02-06 01:00:00+00:00,20.175000000000004,21.275
2025-02-06 02:00:00+00:00,19.725,21.175
2025-02-06 03:00:00+00:00,19.549999999999997,21.125
2025-02-06 04:00:00+00:00,19.85,21.125
2025-02-06 05:00:00+00:00,19.85,21.200000000000003
2025-02-06 06:00:00+00:00,20.05,21.175
2025-02-06 07:00:00+00:00,19.925,21.200000000000003
2025-02-06 08:00:00+00:00,19.925,21.225
2025-02-06 09:00:00+00:00,19.8,21.275000000000002
2025-02-06 10:00:00+00:00,19.65,21.299999999999997
2025-02-06 11:00:00+00:00,20.1,21.25
2025-02-06 12:00:00+00:00,20.175,21.15
2025-02-06 13:00:00+00:00,20.0,21.025
2025-02-06 14:00:00+00:00,19.875,20.825
2025-02-06 15:00:00+00:00,20.425,20.725
2025-02-06 16:00:00+00:00,21.25,20.85
2025-02-06 17:00:00+00:00,21.75,21.15
2025-02-06 18:00:00+00:00,22.299999999999997,21.65
2025-02-06 19:00:00+00:00,22.85,22.0
2025-02-06 20:00:00+00:00,23.025,22.575000000000003
2025-02-06 21:00:00+00:00,23.224999999999998,22.575
2025-02-06 22:00:00+00:00,22.85,22.6
2025-02-06 23:00:00+00:00,22.35,22.674999999999997
2025-02-07 00:00:00+00:00,21.375,22.200000000000003
2025-02-07 01:00:00+00:00,20.325,22.0
2025-02-07 02:00:00+00:00,19.925,21.9
2025-02-07 03:00:00+00:00,20.025000000000002,21.975
2025-02-07 04:00:00+00:00,20.275,21.924999999999997
2025-02-07 05:00:00+00:00,20.275,21.950000000000003
2025-02-07 06:00:00+00:00,19.95,22.0
2025-02-07 07:00:00+00:00,19.975,22.05
2025-02-07 08:00:00+00:00,19.825,22.1
2025-02-07 09:00:00+00:00,19.65,22.05
2025-02-07 10:00:00+00:00,19.8,22.0
2025-02-07 11:00:00+00:00,19.650000000000002,21.9
2025-02-07 12:00:00+00:00,19.7,21.85
2025-02-07 13:00:00+00:00,19.9,21.775
2025-02-07 14:00:00+00:00,20.049999999999997,21.674999999999997
2025-02-07 15:00:00+00:00,20.575,21.55
2025-02-07 16:00:00+00:00,21.15,21.45
2025-02-07 17:00:00+00:00,21.975,21.525
2025-02-07 18:00:00+00:00,22.225,21.624999999999996
2025-02-07 19:00:00+00:00,22.449999999999996,21.75
2025-02-07 20:00:00+00:00,22.575,21.875
2025-02-07 21:00:00+00:00,23.025,22.275000000000002
2025-02-07 22:00:00+00:00,22.85,22.575
2025-02-07 23:00:00+00:00,21.7,22.525
2025-02-08 00:00:00+00:00,20.65,22.25
2025-02-08 01:00:00+00:00,20.45,21.7
2025-02-08 02:00:00+00:00,20.75,21.625000000000004
2025-02-08 03:00:00+00:00,20.95,21.525
2025-02-08 04:00:00+00:00,20.975,21.425
2025-02-08 05:00:00+00:00,21.075,21.35
2025-02-08 06:00:00+00:00,20.9,21.375
2025-02-08 07:00:00+00:00,20.9,21.25
2025-02-08 08:00:00+00:00,20.9,21.174999999999997
2025-02-08 09:00:00+00:00,20.775,21.15
2025-02-08 10:00:00+00:00,20.525,21.175
2025-02-08 11:00:00+00:00,20.625,21.15
2025-02-08 12:00:00+00:00,20.8,21.1
2025-02-08 13:00:00+00:00,20.75,21.05
2025-02-08 14:00:00+00:00,21.075,21.0
2025-02-08 15:00:00+00:00,21.25,21.1
2025-02-08 16:00:00+00:00,21.625,21.225
2025-02-08 17:00:00+00:00,22.475,21.474999999999998
2025-02-08 18:00:00+00:00,22.9,21.825
2025-02-08 19:00:00+00:00,23.075,22.225
2025-02-08 20:00:00+00:00,23.65,22.55
2025-02-08 21:00:00+00:00,23.475,22.950000000000003
2025-02-08 22:00:00+00:00,23.0,23.2
2025-02-08 23:00:00+00:00,22.325,23.275
2025-02-09 00:00:00+00:00,21.3,23.125
2025-02-09 01:00:00+00:00,20.85,22.675000000000004
2025-02-09 02:00:00+00:00,20.725,22.249999999999996
2025-02-09 03:00:00+00:00,20.575,21.875
2025-02-09 04:00:00+00:00,20.525000000000002,21.75
2025-02-09 05:00:00+00:00,20.475,21.55
2025-02-09 06:00:00+00:00,20.224999999999998,21.525
2025-02-09 07:00:00+00:00,20.25,21.525
2025-02-09 08:00:00+00:00,20.15,21.55
2025-02-09 09:00:00+00:00,20.25,21.575000000000003
2025-02-09 10:00:00+00:00,19.8,21.525
2025-02-09 11:00:00+00:00,19.775,21.5
2025-02-09 12:00:00+00:00,19.525000000000002,21.5
2025-02-09 13:00:00+00:00,19.375,21.45
2025-02-09 14:00:00+00:00,19.8,21.5
2025-02-09 15:00:00+00:00,20.1,21.5
2025-02-09 16:00:00+00:00,20.75,21.575
2025-02-09 17:00:00+00:00,21.5,21.725
2025-02-09 18:00:00+00:00,22.15,22.15
2025-02-09 19:00:00+00:00,22.725,22.6
2025-02-09 20:00:00+00:00,23.1,23.225
2025-02-09 21:00:00+00:00,22.8,23.6
2025-02-09 22:00:00+00:00,22.675,23.699999999999996
2025-02-09 23:00:00+00:00,22.25,23.724999999999998
2025-02-10 00:00:00+00:00,21.375,23.4
2025-02-10 01:00:00+00:00,20.475,22.900000000000002
2025-02-10 02:00:00+00:00,20.299999999999997,22.450000000000003
2025-02-10 03:00:00+00:00,19.924999999999997,22.125
2025-02-10 04:00:00+00:00,19.775,22.025
2025-02-10 05:00:00+00:00,19.25,22.175
2025-02-10 06:00:00+00:00,19.125,22.174999999999997
2025-02-10 07:00:00+00:00,17.825000000000003,22.150000000000002
2025-02-10 08:00:00+00:00,16.325,22.224999999999998
2025-02-10 09:00:00+00:00,16.2,22.175
2025-02-10 10:00:00+00:00,16.275,21.950000000000003
2025-02-10 11:00:00+00:00,16.349999999999998,21.775
2025-02-10 12:00:00+00:00,16.25,21.575
2025-02-10 13:00:00+00:00,16.3,21.424999999999997
2025-02-10 14:00:00+00:00,15.95,21.25
2025-02-10 15:00:00+00:00,16.0,21.125
2025-02-10 16:00:00+00:00,15.925,20.924999999999997
2025-02-10 17:00:00+00:00,16.975,20.950000000000003
2025-02-10 18:00:00+00:00,18.474999999999998,21.0
2025-02-10 19:00:00+00:00,19.799999999999997,21.25
2025-02-10 20:00:00+00:00,19.6,21.4
2025-02-10 21:00:00+00:00,18.75,21.075
2025-02-10 22:00:00+00:00,18.675,21.225
2025-02-10 23:00:00+00:00,18.425,21.475
2025-02-11 00:00:00+00:00,18.675,21.35
2025-02-11 01:00:00+00:00,18.95,20.975
2025-02-11 02:00:00+00:00,19.425,20.725
2025-02-11 03:00:00+00:00,19.55,20.625
2025-02-11 04:00:00+00:00,19.825,20.474999999999998
2025-02-11 05:00:00+00:00,19.875,20.375
2025-02-11 06:00:00+00:00,19.75,20.325
2025-02-11 07:00:00+00:00,19.75,20.225
2025-02-11 08:00:00+00:00,19.775,20.224999999999998
2025-02-11 09:00:00+00:00,19.924999999999997,20.224999999999998
2025-02-11 10:00:00+00:00,19.924999999999997,20.325
2025-02-11 11:00:00+00:00,20.066666666666666,20.266666666666666
2025-02-11 12:00:00+00:00,20.55,20.45
2025-02-11 13:00:00+00:00,20.475,20.525
2025-02-11 14:00:00+00:00,20.475,20.575000000000003
2025-02-11 15:00:00+00:00,20.775,20.625
2025-02-11 16:00:00+00:00,21.5,20.725
2025-02-11 17:00:00+00:00,21.900000000000002,20.775
2025-02-11 18:00:00+00:00,22.075000000000003,20.950000000000003
2025-02-11 19:00:00+00:00,22.424999999999997,21.275
2025-02-11 20:00:00+00:00,22.45,21.724999999999998
2025-02-11 21:00:00+00:00,22.025,21.825
2025-02-11 22:00:00+00:00,21.9,21.625
2025-02-11 23:00:00+00:00,21.624999999999996,21.575
2025-02-12 00:00:00+00:00,21.150000000000002,21.575
2025-02-12 01:00:00+00:00,20.650000000000002,21.425
2025-02-12 02:00:00+00:00,20.225,21.25
2025-02-12 03:00:00+00:00,20.0,21.05
2025-02-12 04:00:00+00:00,19.849999999999998,20.925
2025-02-12 05:00:00+00:00,20.05,20.875
2025-02-12 06:00:00+00:00,20.775,20.775
2025-02-12 07:00:00+00:00,20.65,20.799999999999997
2025-02-12 08:00:00+00:00,20.975,20.75
2025-02-12 09:00:00+00:00,21.325,20.775
2025-02-12 10:00:00+00:00,21.049999999999997,20.775
2025-02-12 11:00:00+00:00,20.775,20.75
2025-02-12 12:00:00+00:00,20.575,20.775000000000002
2025-02-12 13:00:00+00:00,20.65,20.75
2025-02-12 14:00:00+00:00,20.85,20.75
2025-02-12 15:00:00+00:00,21.275,20.8
2025-02-12 16:00:00+00:00,21.375,20.85
2025-02-12 17:00:00+00:00,22.625,20.950000000000003
2025-02-12 18:00:00+00:00,22.666666666666668,20.966666666666665
2025-02-12 19:00:00+00:00,23.03333333333333,21.066666666666666
2025-02-12 20:00:00+00:00,20.066666666666666,21.433333333333334
2025-02-12 21:00:00+00:00,18.7,21.8
2025-02-12 22:00:00+00:00,17.599999999999998,21.900000000000002
2025-02-12 23:00:00+00:00,15.7,21.875
2025-02-13 00:00:00+00:00,15.525000000000002,21.675
2025-02-13 01:00:00+00:00,14.775,21.224999999999998
2025-02-13 02:00:00+00:00,13.4,20.85
2025-02-13 03:00:00+00:00,12.866666666666667,20.733333333333334
2025-02-13 04:00:00+00:00,12.800000000000002,19.666666666666668
2025-02-13 05:00:00+00:00,11.6,19.7
2025-02-13 06:00:00+00:00,10.95,19.375
2025-02-13 07:00:00+00:00,10.649999999999999,18.875
2025-02-13 08:00:00+00:00,10.15,18.5
2025-02-13 09:00:00+00:00,9.4,18.05
2025-02-13 10:00:00+00:00,8.8,17.5
2025-02-13 11:00:00+00:00,7.925,17.2
2025-02-13 12:00:00+00:00,7.375,16.55
2025-02-13 13:00:00+00:00,7.15,16.175
2025-02-13 14:00:00+00:00,6.800000000000001,15.8
2025-02-13 15:00:00+00:00,6.725,15.5
2025-02-13 16:00:00+00:00,6.2250000000000005,15.075000000000001
2025-02-13 17:00:00+00:00,6.300000000000001,15.1
2025-02-13 18:00:00+00:00,7.05,15.05
2025-02-13 19:00:00+00:00,8.850000000000001,15.025
2025-02-13 20:00:00+00:00,10.075,14.875
2025-02-13 21:00:00+00:00,11.05,14.925
2025-02-13 22:00:00+00:00,11.274999999999999,14.875
2025-02-13 23:00:00+00:00,11.5,14.85
2025-02-14 00:00:00+00:00,11.349999999999998,14.825
2025-02-14 01:00:00+00:00,11.100000000000001,14.799999999999999
2025-02-14 02:00:00+00:00,10.950000000000001,15.125
2025-02-14 03:00:00+00:00,10.549999999999999,15.0
2025-02-14 04:00:00+00:00,10.325,14.850000000000001
2025-02-14 05:00:00+00:00,10.024999999999999,14.625
2025-02-14 06:00:00+00:00,9.45,14.350000000000001
2025-02-14 07:00:00+00:00,8.7,14.149999999999999
2025-02-14 08:00:00+00:00,8.25,13.725
2025-02-14 09:00:00+00:00,8.025,13.775
2025-02-14 10:00:00+00:00,7.875,13.624999999999998
2025-02-14 11:00:00+00:00,7.250000000000001,13.05
2025-02-14 12:00:00+00:00,6.9750000000000005,13.0
2025-02-14 13:00:00+00:00,6.95,12.85
2025-02-14 14:00:00+00:00,7.5,12.700000000000001
2025-02-14 15:00:00+00:00,7.7749999999999995,12.549999999999999
2025-02-14 16:00:00+00:00,8.024999999999999,12.399999999999999
2025-02-14 17:00:00+00:00,8.200000000000001,12.425
2025-02-14 18:00:00+00:00,9.375,12.674999999999999
2025-02-14 19:00:00+00:00,10.5,12.850000000000001
2025-02-14 20:00:00+00:00,11.350000000000001,12.925
2025-02-14 21:00:00+00:00,12.225000000000001,13.2
2025-02-14 22:00:00+00:00,12.9,13.375
2025-02-14 23:00:00+00:00,12.774999999999999,13.450000000000001
2025-02-15 00:00:00+00:00,12.5,13.575
2025-02-15 01:00:00+00:00,12.350000000000001,13.899999999999999
2025-02-15 02:00:00+00:00,12.375,13.8
2025-02-15 03:00:00+00:00,12.549999999999999,13.875
2025-02-15 04:00:00+00:00,12.5,13.975
2025-02-15 05:00:00+00:00,12.225,14.000000000000002
2025-02-15 06:00:00+00:00,12.325,14.299999999999999
2025-02-15 07:00:00+00:00,12.525,14.25
2025-02-15 08:00:00+00:00,13.075,14.25
2025-02-15 09:00:00+00:00,13.5,14.325000000000001
2025-02-15 10:00:00+00:00,13.6,14.375
2025-02-15 11:00:00+00:00,13.575,14.475
2025-02-15 12:00:00+00:00,13.224999999999998,14.475000000000001
2025-02-15 13:00:00+00:00,12.649999999999999,14.649999999999999
2025-02-15 14:00:00+00:00,12.7,14.625
2025-02-15 15:00:00+00:00,13.4,14.575000000000001
2025-02-15 16:00:00+00:00,14.3,14.35
2025-02-15 17:00:00+00:00,15.625,14.425
2025-02-15 18:00:00+00:00,17.575,14.6
2025-02-15 19:00:00+00:00,20.65,15.05
2025-02-15 20:00:00+00:00,21.225,16.0
2025-02-15 21:00:00+00:00,20.675,16.625
2025-02-15 22:00:00+00:00,19.0,16.450000000000003
2025-02-15 23:00:00+00:00,18.4,16.3
2025-02-16 00:00:00+00:00,18.55,16.25
2025-02-16 01:00:00+00:00,18.125,16.325
2025-02-16 02:00:00+00:00,17.225,16.375
2025-02-16 03:00:00+00:00,16.55,16.475
2025-02-16 04:00:00+00:00,15.9,16.4
2025-02-16 05:00:00+00:00,14.9,16.375
2025-02-16 06:00:00+00:00,14.424999999999999,16.45
2025-02-16 07:00:00+00:00,14.175,16.3
2025-02-16 08:00:00+00:00,14.100000000000001,16.1
2025-02-16 09:00:00+00:00,12.825,15.825
2025-02-16 10:00:00+00:00,11.599999999999998,15.575000000000001
2025-02-16 11:00:00+00:00,10.225000000000001,15.2
2025-02-16 12:00:00+00:00,8.95,14.9
2025-02-16 13:00:00+00:00,7.7,14.424999999999999
2025-02-16 14:00:00+00:00,6.7,14.049999999999999
2025-02-16 15:00:00+00:00,6.425000000000001,13.674999999999999
2025-02-16 16:00:00+00:00,7.075,13.450000000000001
2025-02-16 17:00:00+00:00,8.2,13.5
2025-02-16 18:00:00+00:00,9.6,13.924999999999999
2025-02-16 19:00:00+00:00,10.85,14.275
2025-02-16 20:00:00+00:00,12.024999999999999,14.625
2025-02-16 21:00:00+00:00,13.025,15.05
2025-02-16 22:00:00+00:00,13.75,15.275
2025-02-16 23:00:00+00:00,13.85,15.375
2025-02-17 00:00:00+00:00,13.174999999999999,15.275
2025-02-17 01:00:00+00:00,12.025000000000002,15.024999999999999
2025-02-17 02:00:00+00:00,11.125,14.625
2025-02-17 03:00:00+00:00,10.274999999999999,14.274999999999999
2025-02-17 04:00:00+00:00,9.75,13.950000000000001
2025-02-17 05:00:00+00:00,9.075000000000001,13.625
2025-02-17 06:00:00+00:00,8.45,13.375
2025-02-17 07:00:00+00:00,8.4,13.2
2025-02-17 08:00:00+00:00,7.85,12.775
2025-02-17 09:00:00+00:00,7.625,12.349999999999998
2025-02-17 10:00:00+00:00,7.199999999999999,12.225
2025-02-17 11:00:00+00:00,7.125,12.125
2025-02-17 12:00:00+00:00,7.075,11.725
2025-02-17 13:00:00+00:00,6.85,11.5
2025-02-17 14:00:00+00:00,7.274999999999999,11.525
2025-02-17 15:00:00+00:00,8.425,11.524999999999999
2025-02-17 16:00:00+00:00,10.850000000000001,11.8
2025-02-17 17:00:00+00:00,12.749999999999998,12.425
2025-02-17 18:00:00+00:00,14.425,13.075
2025-02-17 19:00:00+00:00,15.774999999999999,13.9
2025-02-17 20:00:00+00:00,16.299999999999997,14.45
2025-02-17 21:00:00+00:00,16.525000000000002,14.825
2025-02-17 22:00:00+00:00,16.475,15.25
2025-02-17 23:00:00+00:00,16.3,15.450000000000001
2025-02-18 00:00:00+00:00,15.899999999999999,15.400000000000002
2025-02-18 01:00:00+00:00,15.524999999999999,15.275
2025-02-18 02:00:00+00:00,15.35,15.175
2025-02-18 03:00:00+00:00,15.3,15.1
2025-02-18 04:00:00+00:00,15.325000000000001,15.049999999999999
2025-02-18 05:00:00+00:00,15.2,15.05
2025-02-18 06:00:00+00:00,15.200000000000001,15.0
2025-02-18 07:00:00+00:00,15.399999999999999,15.0
2025-02-18 08:00:00+00:00,15.274999999999999,14.95
2025-02-18 09:00:00+00:00,15.65,14.975
2025-02-18 10:00:00+00:00,16.3,15.0
2025-02-18 11:00:00+00:00,16.675,15.000000000000002
2025-02-18 12:00:00+00:00,16.849999999999998,15.000000000000002
2025-02-18 13:00:00+00:00,16.625,15.05
2025-02-18 14:00:00+00:00,16.6,15.100000000000001
2025-02-18 15:00:00+00:00,17.525,15.049999999999999
2025-02-18 16:00:00+00:00,18.474999999999998,15.049999999999999
2025-02-18 17:00:00+00:00,18.55,15.275000000000002
2025-02-18 18:00:00+00:00,18.924999999999997,15.375
2025-02-18 19:00:00+00:00,18.675,15.45
2025-02-18 20:00:00+00:00,18.625,15.575000000000001
2025-02-18 21:00:00+00:00,18.65,15.674999999999999
2025-02-18 22:00:00+00:00,18.674999999999997,15.825000000000001
2025-02-18 23:00:00+00:00,18.875,15.925
2025-02-19 00:00:00+00:00,18.6,16.025
2025-02-19 01:00:00+00:00,18.25,16.125
2025-02-19 02:00:00+00:00,17.650000000000002,16.1
2025-02-19 03:00:00+00:00,17.25,16.15
2025-02-19 04:00:00+00:00,13.95,16.2
2025-02-19 05:00:00+00:00,9.174999999999999,15.95
2025-02-19 06:00:00+00:00,7.1,15.399999999999999
2025-02-19 07:00:00+00:00,6.4750000000000005,14.85
2025-02-19 08:00:00+00:00,5.799999999999999,14.425
2025-02-19 09:00:00+00:00,4.949999999999999,13.950000000000001
2025-02-19 10:00:00+00:00,3.25,13.375
2025-02-19 11:00:00+00:00,1.9749999999999999,12.75
2025-02-19 12:00:00+00:00,1.5,12.225
2025-02-19 13:00:00+00:00,0.7749999999999999,11.575000000000001
2025-02-19 14:00:00+00:00,0.325,10.775
2025-02-19 15:00:00+00:00,0.04999999999999999,9.95
2025-02-19 16:00:00+00:00,0.0,9.849999999999998
2025-02-19 17:00:00+00:00,0.17499999999999993,9.675
2025-02-19 18:00:00+00:00,0.7500000000000001,9.450000000000001
2025-02-19 19:00:00+00:00,1.15,9.425
2025-02-19 20:00:00+00:00,1.5,9.175
2025-02-19 21:00:00+00:00,1.55,9.15
2025-02-19 22:00:00+00:00,1.4500000000000002,9.174999999999999
2025-02-19 23:00:00+00:00,1.15,9.024999999999999
2025-02-20 00:00:00+00:00,0.45,8.55
2025-02-20 01:00:00+00:00,-0.20000000000000004,8.375
2025-02-20 02:00:00+00:00,-0.6499999999999999,8.1
2025-02-20 03:00:00+00:00,-0.9500000000000001,7.449999999999999
2025-02-20 04:00:00+00:00,-1.125,7.0
2025-02-20 05:00:00+00:00,-1.625,6.65
2025-02-20 06:00:00+00:00,-1.5999999999999999,6.15
2025-02-20 07:00:00+00:00,-1.7,5.825
2025-02-20 08:00:00+00:00,-1.975,5.449999999999999
2025-02-20 09:00:00+00:00,-1.95,5.15
2025-02-20 10:00:00+00:00,-2.25,4.675
2025-02-20 11:00:00+00:00,-2.8,3.8249999999999997
2025-02-20 12:00:00+00:00,-2.8999999999999995,3.3499999999999996
2025-02-20 13:00:00+00:00,-3.0500000000000003,3.1499999999999995
2025-02-20 14:00:00+00:00,-3.25,2.9499999999999997
2025-02-20 15:00:00+00:00,-3.5250000000000004,2.8
2025-02-20 16:00:00+00:00,-3.25,3.025
2025-02-20 17:00:00+00:00,-2.4,3.375
2025-02-20 18:00:00+00:00,-0.8500000000000001,4.125
2025-02-20 19:00:00+00:00,0.5,4.85
2025-02-20 20:00:00+00:00,2.075,5.699999999999999
2025-02-20 21:00:00+00:00,3.1999999999999997,6.824999999999999
2025-02-20 22:00:00+00:00,3.825,7.475
2025-02-20 23:00:00+00:00,4.175000000000001,7.449999999999999
2025-02-21 00:00:00+00:00,4.3,8.0
2025-02-21 01:00:00+00:00,4.35,7.125
2025-02-21 02:00:00+00:00,4.35,7.1499999999999995
2025-02-21 03:00:00+00:00,4.475,7.1000000000000005
2025-02-21 04:00:00+00:00,4.325,7.175000000000001
2025-02-21 05:00:00+00:00,4.325,6.8999999999999995
2025-02-21 06:00:00+00:00,4.225,6.775
2025-02-21 07:00:00+00:00,4.125,6.65
2025-02-21 08:00:00+00:00,4.05,6.574999999999999
2025-02-21 09:00:00+00:00,4.050000000000001,6.6
2025-02-21 10:00:00+00:00,3.975,6.550000000000001
2025-02-21 11:00:00+00:00,3.925,6.45
2025-02-21 12:00:00+00:00,3.7750000000000004,6.3999999999999995
2025-02-21 13:00:00+00:00,3.6499999999999995,6.3
2025-02-21 14:00:00+00:00,3.0500000000000003,6.3
2025-02-21 15:00:00+00:00,2.8499999999999996,6.199999999999999
2025-02-21 16:00:00+00:00,3.1,6.300000000000001
2025-02-21 17:00:00+00:00,3.175,6.300000000000001
2025-02-21 18:00:00+00:00,3.575,6.25
2025-02-21 19:00:00+00:00,4.2,6.175000000000001
2025-02-21 20:00:00+00:00,4.65,6.475
2025-02-21 21:00:00+00:00,4.95,7.15
2025-02-21 22:00:00+00:00,5.3,7.1
2025-02-21 23:00:00+00:00,5.425,7.199999999999999
2025-02-22 00:00:00+00:00,5.4,7.25
2025-02-22 01:00:00+00:00,5.2250000000000005,7.35
2025-02-22 02:00:00+00:00,5.15,7.625
2025-02-22 03:00:00+00:00,4.975,7.3500000000000005
2025-02-22 04:00:00+00:00,4.925,6.925
2025-02-22 05:00:00+00:00,4.85,6.575
2025-02-22 06:00:00+00:00,4.825,6.4
2025-02-22 07:00:00+00:00,4.675,6.225
2025-02-22 08:00:00+00:00,4.475,6.075
2025-02-22 09:00:00+00:00,4.175,6.025
2025-02-22 10:00:00+00:00,4.0249999999999995,5.975
2025-02-22 11:00:00+00:00,3.8499999999999996,5.925
2025-02-22 12:00:00+00:00,3.725,5.8999999999999995
2025-02-22 13:00:00+00:00,3.5250000000000004,5.725
2025-02-22 14:00:00+00:00,3.55,5.675
2025-02-22 15:00:00+00:00,3.6500000000000004,5.75
2025-02-22 16:00:00+00:00,3.9,5.75
2025-02-22 17:00:00+00:00,3.925,5.75
2025-02-22 18:00:00+00:00,3.5500000000000003,5.85
2025-02-22 19:00:00+00:00,3.8,6.975
2025-02-22 20:00:00+00:00,4.25,6.7
2025-02-22 21:00:00+00:00,4.625,7.3999999999999995
2025-02-22 22:00:00+00:00,4.925000000000001,6.625
2025-02-22 23:00:00+00:00,5.0,6.949999999999999
2025-02-23 00:00:00+00:00,5.1000000000000005,6.9
2025-02-23 01:00:00+00:00,5.05,6.65
2025-02-23 02:00:00+00:00,5.275,6.525
2025-02-23 03:00:00+00:00,5.4,6.775
2025-02-23 04:00:00+00:00,5.55,6.9
2025-02-23 05:00:00+00:00,5.6,6.825
2025-02-23 06:00:00+00:00,5.775,6.775
2025-02-23 07:00:00+00:00,5.8999999999999995,6.75
2025-02-23 08:00:00+00:00,6.0,6.725
2025-02-23 09:00:00+00:00,5.95,6.75
2025-02-23 10:00:00+00:00,6.175,6.7749999999999995
2025-02-23 11:00:00+00:00,6.25,6.7749999999999995
2025-02-23 12:00:00+00:00,6.25,6.825
2025-02-23 13:00:00+00:00,6.375,6.8500000000000005
2025-02-23 14:00:00+00:00,6.55,6.925000000000001
2025-02-23 15:00:00+00:00,6.7,7.0
2025-02-23 16:00:00+00:00,7.175000000000001,7.074999999999999
2025-02-23 17:00:00+00:00,7.875,7.425
2025-02-23 18:00:00+00:00,8.950000000000001,7.675000000000001
2025-02-23 19:00:00+00:00,9.35,8.025
2025-02-23 20:00:00+00:00,10.25,8.5
2025-02-23 21:00:00+00:00,11.075,8.950000000000001
2025-02-23 22:00:00+00:00,12.35,9.05
2025-02-23 23:00:00+00:00,12.675,9.25
2025-02-24 00:00:00+00:00,12.399999999999999,9.7
2025-02-24 01:00:00+00:00,11.625,9.55
2025-02-24 02:00:00+00:00,11.25,9.6
2025-02-24 03:00:00+00:00,10.375,9.75
2025-02-24 04:00:00+00:00,9.850000000000001,9.649999999999999
2025-02-24 05:00:00+00:00,9.25,9.55
2025-02-24 06:00:00+00:00,8.4,9.45
2025-02-24 07:00:00+00:00,8.500000000000002,9.325
2025-02-24 08:00:00+00:00,7.85,9.2
2025-02-24 09:00:00+00:00,7.1,9.075
2025-02-24 10:00:00+00:00,6.675,8.95
2025-02-24 11:00:00+00:00,6.35,8.85
2025-02-24 12:00:00+00:00,6.275,8.775
2025-02-24 13:00:00+00:00,6.275,8.625
2025-02-24 14:00:00+00:00,7.075,8.525
2025-02-24 15:00:00+00:00,8.7,8.475000000000001
2025-02-24 16:00:00+00:00,9.575000000000001,8.725
2025-02-24 17:00:00+00:00,9.85,9.175
2025-02-24 18:00:00+00:00,10.975000000000001,9.774999999999999
2025-02-24 19:00:00+00:00,11.149999999999999,10.55
2025-02-24 20:00:00+00:00,12.875000000000002,11.35
2025-02-24 21:00:00+00:00,12.95,11.400000000000002
2025-02-24 22:00:00+00:00,12.700000000000001,11.575
2025-02-24 23:00:00+00:00,13.575,12.399999999999999
2025-02-25 00:00:00+00:00,13.625,12.350000000000001
2025-02-25 01:00:00+00:00,12.6,12.475
2025-02-25 02:00:00+00:00,12.15,12.525
2025-02-25 03:00:00+00:00,12.125,12.299999999999999
2025-02-25 04:00:00+00:00,12.375,12.250000000000002
2025-02-25 05:00:00+00:00,12.575,12.25
2025-02-25 06:00:00+00:00,12.450000000000001,12.125
2025-02-25 07:00:00+00:00,12.35,11.925
2025-02-25 08:00:00+00:00,12.3,11.825
2025-02-25 09:00:00+00:00,11.633333333333333,12.5
2025-02-25 10:00:00+00:00,11.000000000000002,11.724999999999998
2025-02-25 11:00:00+00:00,10.0,11.7
2025-02-25 12:00:00+00:00,10.05,11.625000000000002
2025-02-25 13:00:00+00:00,9.25,11.55
2025-02-25 14:00:00+00:00,9.925,11.475
2025-02-25 15:00:00+00:00,11.549999999999999,11.424999999999999
2025-02-25 16:00:00+00:00,13.8,11.6
2025-02-25 17:00:00+00:00,13.975000000000001,12.175
2025-02-25 18:00:00+00:00,16.474999999999998,12.75
2025-02-25 19:00:00+00:00,17.35,13.0
2025-02-25 20:00:00+00:00,17.45,13.425
2025-02-25 21:00:00+00:00,17.65,13.825
2025-02-25 22:00:00+00:00,18.0,14.575
2025-02-25 23:00:00+00:00,17.675,14.575000000000001
2025-02-26 00:00:00+00:00,16.900000000000002,14.775
2025-02-26 01:00:00+00:00,15.525,14.725000000000001
2025-02-26 02:00:00+00:00,15.05,14.475000000000001
2025-02-26 03:00:00+00:00,14.8,14.275
2025-02-26 04:00:00+00:00,14.975000000000001,14.25
2025-02-26 05:00:00+00:00,14.850000000000001,14.274999999999999
2025-02-26 06:00:00+00:00,14.925,14.125
2025-02-26 07:00:00+00:00,14.899999999999999,14.0
2025-02-26 08:00:00+00:00,14.825,13.9
2025-02-26 09:00:00+00:00,14.975000000000001,13.8
2025-02-26 10:00:00+00:00,14.375,13.850000000000001
2025-02-26 11:00:00+00:00,14.049999999999999,13.85
2025-02-26 12:00:00+00:00,13.825,13.875
2025-02-26 13:00:00+00:00,14.200000000000001,13.825000000000001
2025-02-26 14:00:00+00:00,16.025,13.825
2025-02-26 15:00:00+00:00,17.025000000000002,13.85
2025-02-26 16:00:00+00:00,17.45,14.024999999999999
2025-02-26 17:00:00+00:00,18.9,14.225
2025-02-26 18:00:00+00:00,19.775000000000002,14.65
2025-02-26 19:00:00+00:00,19.775,15.775
2025-02-26 20:00:00+00:00,20.2,16.35
2025-02-26 21:00:00+00:00,19.875,16.675
2025-02-26 22:00:00+00:00,19.925,16.625
2025-02-26 23:00:00+00:00,19.950000000000003,16.775
2025-02-27 00:00:00+00:00,18.975,16.924999999999997
2025-02-27 01:00:00+00:00,17.25,17.025
2025-02-27 02:00:00+00:00,16.925,16.875
2025-02-27 03:00:00+00:00,16.375000000000004,16.7
2025-02-27 04:00:00+00:00,16.2,16.425
2025-02-27 05:00:00+00:00,16.45,16.25
2025-02-27 06:00:00+00:00,16.299999999999997,16.225
2025-02-27 07:00:00+00:00,15.950000000000001,16.225
2025-02-27 08:00:00+00:00,16.1,16.175
2025-02-27 09:00:00+00:00,15.925,16.2
2025-02-27 10:00:00+00:00,14.875,16.2
2025-02-27 11:00:00+00:00,14.774999999999999,16.2
2025-02-27 12:00:00+00:00,14.200000000000001,16.175
2025-02-27 13:00:00+00:00,14.674999999999999,16.125
2025-02-27 14:00:00+00:00,14.799999999999999,16.1
2025-02-27 15:00:00+00:00,15.425,16.099999999999998
2025-02-27 16:00:00+00:00,17.1,16.325
2025-02-27 17:00:00+00:00,18.174999999999997,16.725
2025-02-27 18:00:00+00:00,19.2,17.200000000000003
2025-02-27 19:00:00+00:00,20.85,17.2
2025-02-27 20:00:00+00:00,22.425,17.25
2025-02-27 21:00:00+00:00,22.299999999999997,17.375
2025-02-27 22:00:00+00:00,22.65,18.0
2025-02-27 23:00:00+00:00,21.0,18.325000000000003
2025-02-28 00:00:00+00:00,19.675,18.25
2025-02-28 01:00:00+00:00,18.599999999999998,17.9
2025-02-28 02:00:00+00:00,17.675,17.675
2025-02-28 03:00:00+00:00,16.925,17.925
2025-02-28 04:00:00+00:00,16.45,17.7
2025-02-28 05:00:00+00:00,15.649999999999999,17.725
2025-02-28 06:00:00+00:00,15.625,17.700000000000003
2025-02-28 07:00:00+00:00,15.425,17.5
2025-02-28 08:00:00+00:00,14.975000000000001,17.325
2025-02-28 09:00:00+00:00,14.625,17.375
2025-02-28 10:00:00+00:00,14.275000000000002,17.375
2025-02-28 11:00:00+00:00,14.025,17.3
2025-02-28 12:00:00+00:00,13.799999999999999,17.25
2025-02-28 13:00:00+00:00,13.55,17.175
2025-02-28 14:00:00+00:00,14.275000000000002,16.95
2025-02-28 15:00:00+00:00,15.725,16.924999999999997
2025-02-28 16:00:00+00:00,17.150000000000002,17.200000000000003
2025-02-28 17:00:00+00:00,18.099999999999998,17.599999999999998
2025-02-28 18:00:00+00:00,18.025,17.875
2025-02-28 19:00:00+00:00,18.45,18.0
2025-02-28 20:00:00+00:00,18.2,18.525
2025-02-28 21:00:00+00:00,18.775,19.325000000000003
2025-02-28 22:00:00+00:00,19.25,19.775
2025-02-28 23:00:00+00:00,19.075000000000003,19.95
2025-03-01 00:00:00+00:00,18.15,19.975
2025-03-01 01:00:00+00:00,16.825,19.875
2025-03-01 02:00:00+00:00,16.2,19.75
2025-03-01 03:00:00+00:00,15.975,19.0
2025-03-01 04:00:00+00:00,16.025,18.925
2025-03-01 05:00:00+00:00,16.025,18.700000000000003
2025-03-01 06:00:00+00:00,15.799999999999999,18.475
2025-03-01 07:00:00+00:00,15.524999999999999,18.325
2025-03-01 08:00:00+00:00,15.3,18.049999999999997
2025-03-01 09:00:00+00:00,14.999999999999998,17.825000000000003
2025-03-01 10:00:00+00:00,13.9,17.700000000000003
2025-03-01 11:00:00+00:00,13.2,17.6
2025-03-01 12:00:00+00:00,13.325000000000001,17.525000000000002
2025-03-01 13:00:00+00:00,13.274999999999999,17.575
2025-03-01 14:00:00+00:00,14.0,17.5
2025-03-01 15:00:00+00:00,14.975000000000001,17.599999999999998
2025-03-01 16:00:00+00:00,15.7,17.725
2025-03-01 17:00:00+00:00,16.075000000000003,18.099999999999998
2025-03-01 18:00:00+00:00,17.525,18.675
2025-03-01 19:00:00+00:00,19.049999999999997,19.125
2025-03-01 20:00:00+00:00,20.6,19.325
2025-03-01 21:00:00+00:00,22.0,19.5
2025-03-01 22:00:00+00:00,21.225,19.75
2025-03-01 23:00:00+00:00,21.15,20.25
2025-03-02 00:00:00+00:00,20.675,21.150000000000002
2025-03-02 01:00:00+00:00,19.325000000000003,20.675
2025-03-02 02:00:00+00:00,18.400000000000002,20.675
2025-03-02 03:00:00+00:00,18.25,20.150000000000002
2025-03-02 04:00:00+00:00,18.325000000000003,20.174999999999997
2025-03-02 05:00:00+00:00,18.15,20.375
2025-03-02 06:00:00+00:00,18.175,20.35
2025-03-02 07:00:00+00:00,18.05,19.85
2025-03-02 08:00:00+00:00,17.775000000000002,19.875
2025-03-02 09:00:00+00:00,17.549999999999997,19.85
2025-03-02 10:00:00+00:00,17.4,19.825
2025-03-02 11:00:00+00:00,17.400000000000002,19.625
2025-03-02 12:00:00+00:00,17.525000000000002,19.325
2025-03-02 13:00:00+00:00,17.325,19.25
2025-03-02 14:00:00+00:00,17.775,19.025
2025-03-02 15:00:00+00:00,18.8,18.9
2025-03-02 16:00:00+00:00,19.525,19.025
2025-03-02 17:00:00+00:00,20.025,19.35
2025-03-02 18:00:00+00:00,20.525,19.799999999999997
2025-03-02 19:00:00+00:00,20.875,20.35
2025-03-02 20:00:00+00:00,20.975,20.4
2025-03-02 21:00:00+00:00,20.950000000000003,20.549999999999997
2025-03-02 22:00:00+00:00,20.925,20.325
2025-03-02 23:00:00+00:00,20.75,20.225
2025-03-03 00:00:00+00:00,20.075,20.275
2025-03-03 01:00:00+00:00,19.525,20.25
2025-03-03 02:00:00+00:00,19.65,20.325
2025-03-03 03:00:00+00:00,19.55,20.35
2025-03-03 04:00:00+00:00,19.725,20.174999999999997
2025-03-03 05:00:00+00:00,19.5,20.275
2025-03-03 06:00:00+00:00,19.349999999999998,20.35
2025-03-03 07:00:00+00:00,19.55,20.425
2025-03-03 08:00:00+00:00,19.275,20.349999999999998
2025-03-03 09:00:00+00:00,19.424999999999997,20.224999999999998
2025-03-03 10:00:00+00:00,19.625,20.1
2025-03-03 11:00:00+00:00,19.75,20.0
2025-03-03 12:00:00+00:00,19.375,19.9
2025-03-03 13:00:00+00:00,19.25,19.849999999999998
2025-03-03 14:00:00+00:00,19.475,19.775000000000002
2025-03-03 15:00:00+00:00,20.174999999999997,19.825
2025-03-03 16:00:00+00:00,20.7,19.825000000000003
2025-03-03 17:00:00+00:00,21.3,19.900000000000002
2025-03-03 18:00:00+00:00,21.4,20.025
2025-03-03 19:00:00+00:00,22.05,20.299999999999997
2025-03-03 20:00:00+00:00,22.049999999999997,20.5
2025-03-03 21:00:00+00:00,21.675,20.700000000000003
2025-03-03 22:00:00+00:00,21.775,20.799999999999997
2025-03-03 23:00:00+00:00,21.425,20.85
2025-03-04 00:00:00+00:00,20.725,20.85
2025-03-04 01:00:00+00:00,20.5,20.775
2025-03-04 02:00:00+00:00,20.85,20.674999999999997
2025-03-04 03:00:00+00:00,20.599999999999998,20.625
2025-03-04 04:00:00+00:00,20.825,20.575000000000003
2025-03-04 05:00:00+00:00,20.575,20.65
2025-03-04 06:00:00+00:00,20.5,20.525
2025-03-04 07:00:00+00:00,20.6,20.475
2025-03-04 08:00:00+00:00,21.05,20.55
2025-03-04 09:00:00+00:00,21.15,20.5
2025-03-04 10:00:00+00:00,21.075000000000003,20.525
2025-03-04 11:00:00+00:00,21.05,20.525
2025-03-04 12:00:00+00:00,21.05,20.5
2025-03-04 13:00:00+00:00,21.225,20.525
2025-03-04 14:00:00+00:00,21.425,20.5
2025-03-04 15:00:00+00:00,21.55,20.575
2025-03-04 16:00:00+00:00,19.0,20.725
2025-03-04 17:00:00+00:00,20.0,20.825000000000003
2025-03-04 18:00:00+00:00,23.025,21.0
2025-03-04 19:00:00+00:00,25.1,21.125
2025-03-04 20:00:00+00:00,26.375,21.299999999999997
2025-03-04 21:00:00+00:00,26.825000000000003,21.549999999999997
2025-03-04 22:00:00+00:00,26.45,21.45
2025-03-04 23:00:00+00:00,26.275,21.15
2025-03-05 00:00:00+00:00,25.0,20.825
2025-03-05 01:00:00+00:00,23.15,20.45
2025-03-05 02:00:00+00:00,21.575000000000003,20.2
2025-03-05 03:00:00+00:00,20.75,19.975
2025-03-05 04:00:00+00:00,20.35,19.725
2025-03-05 05:00:00+00:00,20.450000000000003,19.525
2025-03-05 06:00:00+00:00,20.125,19.425
2025-03-05 07:00:00+00:00,19.225,19.275
2025-03-05 08:00:00+00:00,18.025,19.0
2025-03-05 09:00:00+00:00,17.425,18.674999999999997
2025-03-05 10:00:00+00:00,16.575000000000003,18.450000000000003
2025-03-05 11:00:00+00:00,15.975,18.175
2025-03-05 12:00:00+00:00,15.299999999999999,18.200000000000003
2025-03-05 13:00:00+00:00,14.55,18.075
2025-03-05 14:00:00+00:00,14.625,17.675
2025-03-05 15:00:00+00:00,14.9,17.625
2025-03-05 16:00:00+00:00,15.625,17.475
2025-03-05 17:00:00+00:00,16.6,17.75
2025-03-05 18:00:00+00:00,17.799999999999997,18.375
2025-03-05 19:00:00+00:00,19.049999999999997,18.7
2025-03-05 20:00:00+00:00,20.125,19.175
2025-03-05 21:00:00+00:00,20.233333333333334,19.566666666666666
2025-03-05 22:00:00+00:00,21.1,20.325
2025-03-05 23:00:00+00:00,21.3,20.425
2025-03-06 00:00:00+00:00,20.45,20.575
2025-03-06 01:00:00+00:00,18.8,20.35
2025-03-06 02:00:00+00:00,17.775000000000002,20.125
2025-03-06 03:00:00+00:00,17.25,19.8
2025-03-06 04:00:00+00:00,16.775,19.599999999999998
2025-03-06 05:00:00+00:00,16.5,19.15
2025-03-06 06:00:00+00:00,16.275,18.85
2025-03-06 07:00:00+00:00,16.425,18.525000000000002
2025-03-06 08:00:00+00:00,15.975,18.275
2025-03-06 09:00:00+00:00,15.85,18.025
2025-03-06 10:00:00+00:00,15.700000000000001,17.724999999999998
2025-03-06 11:00:00+00:00,15.25,17.450000000000003
2025-03-06 12:00:00+00:00,14.775,17.275
2025-03-06 13:00:00+00:00,14.75,17.099999999999998
2025-03-06 14:00:00+00:00,15.875,17.0
2025-03-06 15:00:00+00:00,17.349999999999998,17.1
2025-03-06 16:00:00+00:00,17.775,17.425
2025-03-06 17:00:00+00:00,18.025,17.924999999999997
2025-03-06 18:00:00+00:00,18.425,18.45
2025-03-06 19:00:00+00:00,18.475,18.875
2025-03-06 20:00:00+00:00,18.674999999999997,19.125
2025-03-06 21:00:00+00:00,18.95,19.375
2025-03-06 22:00:00+00:00,19.05,19.525000000000002
2025-03-06 23:00:00+00:00,19.35,19.5
2025-03-07 00:00:00+00:00,19.075000000000003,19.599999999999998
2025-03-07 01:00:00+00:00,18.599999999999998,19.625
2025-03-07 02:00:00+00:00,18.475,19.175000000000004
2025-03-07 03:00:00+00:00,18.675,19.075000000000003
2025-03-07 04:00:00+00:00,18.725,18.95
2025-03-07 05:00:00+00:00,18.575000000000003,18.825
2025-03-07 06:00:00+00:00,18.65,18.75
2025-03-07 07:00:00+00:00,18.599999999999998,18.625
2025-03-07 08:00:00+00:00,18.35,18.55
2025-03-07 09:00:00+00:00,18.65,18.55
2025-03-07 10:00:00+00:00,18.725,18.599999999999998
2025-03-07 11:00:00+00:00,18.450000000000003,18.525
2025-03-07 12:00:00+00:00,18.05,18.5
2025-03-07 13:00:00+00:00,18.2,18.475
2025-03-07 14:00:00+00:00,18.950000000000003,18.5
2025-03-07 15:00:00+00:00,20.325,18.55
2025-03-07 16:00:00+00:00,20.225,18.6
2025-03-07 17:00:00+00:00,21.125,18.775
2025-03-07 18:00:00+00:00,21.125,19.1
2025-03-07 19:00:00+00:00,21.474999999999998,19.325
2025-03-07 20:00:00+00:00,21.824999999999996,19.474999999999998
2025-03-07 21:00:00+00:00,21.799999999999997,19.575
2025-03-07 22:00:00+00:00,21.625,19.775
2025-03-07 23:00:00+00:00,21.475,19.9
2025-03-08 00:00:00+00:00,20.725,20.0
2025-03-08 01:00:00+00:00,20.0,19.975
2025-03-08 02:00:00+00:00,19.85,19.975
2025-03-08 03:00:00+00:00,20.200000000000003,20.0
2025-03-08 04:00:00+00:00,20.275,19.95
2025-03-08 05:00:00+00:00,20.25,19.95
2025-03-08 06:00:00+00:00,20.2,20.025
2025-03-08 07:00:00+00:00,20.2,20.025
2025-03-08 08:00:00+00:00,20.25,20.075000000000003
2025-03-08 09:00:00+00:00,20.1,20.1
2025-03-08 10:00:00+00:00,20.25,20.1
2025-03-08 11:00:00+00:00,20.3,20.1
2025-03-08 12:00:00+00:00,20.349999999999998,20.1
2025-03-08 13:00:00+00:00,20.025,20.1
2025-03-08 14:00:00+00:00,20.125,20.049999999999997
2025-03-08 15:00:00+00:00,20.6,20.0
2025-03-08 16:00:00+00:00,21.025,20.225
2025-03-08 17:00:00+00:00,22.1,20.6
2025-03-08 18:00:00+00:00,22.349999999999998,20.975
2025-03-08 19:00:00+00:00,22.625,21.2
2025-03-08 20:00:00+00:00,22.825,21.475
2025-03-08 21:00:00+00:00,22.775,21.825
2025-03-08 22:00:00+00:00,22.974999999999998,22.2
2025-03-08 23:00:00+00:00,22.675,22.3
2025-03-09 00:00:00+00:00,21.750000000000004,22.225
2025-03-09 01:00:00+00:00,20.7,22.125
2025-03-09 02:00:00+00:00,18.650000000000002,22.05
2025-03-09 03:00:00+00:00,17.425,21.85
2025-03-09 04:00:00+00:00,16.25,20.3
2025-03-09 05:00:00+00:00,15.25,19.7
2025-03-09 06:00:00+00:00,14.450000000000001,20.424999999999997
2025-03-09 07:00:00+00:00,13.675,20.075000000000003
2025-03-09 08:00:00+00:00,13.024999999999999,19.65
2025-03-09 09:00:00+00:00,12.5,19.225
2025-03-09 10:00:00+00:00,12.0,18.625
2025-03-09 11:00:00+00:00,11.424999999999999,18.2
2025-03-09 12:00:00+00:00,11.075000000000001,17.625
2025-03-09 13:00:00+00:00,10.850000000000001,17.075
2025-03-09 14:00:00+00:00,10.999999999999998,16.575
2025-03-09 15:00:00+00:00,10.950000000000001,16.125
2025-03-09 16:00:00+00:00,11.725,15.900000000000002
2025-03-09 17:00:00+00:00,13.075,15.625
2025-03-09 18:00:00+00:00,13.799999999999999,16.1
2025-03-09 19:00:00+00:00,15.0,17.05
2025-03-09 20:00:00+00:00,16.400000000000002,18.2
2025-03-09 21:00:00+00:00,17.2,19.15
2025-03-09 22:00:00+00:00,17.299999999999997,19.4
2025-03-09 23:00:00+00:00,17.725,19.45
2025-03-10 00:00:00+00:00,17.325000000000003,19.4
2025-03-10 01:00:00+00:00,16.375,19.0
2025-03-10 02:00:00+00:00,15.224999999999998,18.45
2025-03-10 03:00:00+00:00,13.825,18.025
2025-03-10 04:00:00+00:00,13.55,17.45
2025-03-10 05:00:00+00:00,12.799999999999999,17.175
2025-03-10 06:00:00+00:00,12.274999999999999,16.924999999999997
2025-03-10 07:00:00+00:00,12.025,16.775
2025-03-10 08:00:00+00:00,11.65,16.575000000000003
2025-03-10 09:00:00+00:00,11.3,16.125
2025-03-10 10:00:00+00:00,10.425,15.725000000000001
2025-03-10 11:00:00+00:00,8.825,15.375
2025-03-10 12:00:00+00:00,8.575,15.2
2025-03-10 13:00:00+00:00,7.5249999999999995,15.325
2025-03-10 14:00:00+00:00,9.8,15.375
2025-03-10 15:00:00+00:00,12.350000000000001,15.149999999999999
2025-03-10 16:00:00+00:00,13.575,15.575000000000001
2025-03-10 17:00:00+00:00,15.075000000000001,16.075
2025-03-10 18:00:00+00:00,16.0,16.950000000000003
2025-03-10 19:00:00+00:00,16.700000000000003,17.975
2025-03-10 20:00:00+00:00,16.9,19.075
2025-03-10 21:00:00+00:00,17.2,19.625
2025-03-10 22:00:00+00:00,17.75,19.975
2025-03-10 23:00:00+00:00,17.625,19.75
2025-03-11 00:00:00+00:00,17.425,19.75
2025-03-11 01:00:00+00:00,16.45,19.375
2025-03-11 02:00:00+00:00,16.15,19.05
2025-03-11 03:00:00+00:00,16.200000000000003,19.025
2025-03-11 04:00:00+00:00,16.375,18.825
2025-03-11 05:00:00+00:00,16.45,18.424999999999997
2025-03-11 06:00:00+00:00,16.4,18.1
2025-03-11 07:00:00+00:00,16.5,17.825
2025-03-11 08:00:00+00:00,16.25,17.6
2025-03-11 09:00:00+00:00,15.899999999999999,17.45
2025-03-11 10:00:00+00:00,15.850000000000001,17.424999999999997
2025-03-11 11:00:00+00:00,15.649999999999999,17.325000000000003
2025-03-11 12:00:00+00:00,14.95,17.225
2025-03-11 13:00:00+00:00,12.974999999999998,17.049999999999997
2025-03-11 14:00:00+00:00,14.024999999999999,17.0
2025-03-11 15:00:00+00:00,15.9,16.974999999999998
2025-03-11 16:00:00+00:00,18.049999999999997,17.225
2025-03-11 17:00:00+00:00,19.25,17.75
2025-03-11 18:00:00+00:00,19.85,18.5
2025-03-11 19:00:00+00:00,19.974999999999998,19.425
2025-03-11 20:00:00+00:00,20.400000000000002,20.125
2025-03-11 21:00:00+00:00,20.35,20.875
2025-03-11 22:00:00+00:00,20.525,20.825
2025-03-11 23:00:00+00:00,20.5,20.975
2025-03-12 00:00:00+00:00,20.075000000000003,20.875
2025-03-12 01:00:00+00:00,19.299999999999997,20.85
2025-03-12 02:00:00+00:00,18.925,20.675
2025-03-12 03:00:00+00:00,18.975,20.35
2025-03-12 04:00:00+00:00,19.1,20.0
2025-03-12 05:00:00+00:00,19.200000000000003,19.7
2025-03-12 06:00:00+00:00,19.225,19.55
2025-03-12 07:00:00+00:00,19.0,19.349999999999998
2025-03-12 08:00:00+00:00,18.75,19.174999999999997
2025-03-12 09:00:00+00:00,18.424999999999997,18.975
2025-03-12 10:00:00+00:00,18.450000000000003,18.9
2025-03-12 11:00:00+00:00,18.55,18.85
2025-03-12 12:00:00+00:00,18.674999999999997,18.8
2025-03-12 13:00:00+00:00,18.675,18.8
2025-03-12 14:00:00+00:00,19.125,18.875
2025-03-12 15:00:00+00:00,20.099999999999998,19.025
2025-03-12 16:00:00+00:00,20.7,19.175000000000004
2025-03-12 17:00:00+00:00,21.225,19.474999999999998
2025-03-12 18:00:00+00:00,21.75,19.85
2025-03-12 19:00:00+00:00,21.9,20.25
2025-03-12 20:00:00+00:00,21.974999999999998,21.049999999999997
2025-03-12 21:00:00+00:00,22.174999999999997,21.175
2025-03-12 22:00:00+00:00,22.075,21.525
2025-03-12 23:00:00+00:00,22.049999999999997,21.65
2025-03-13 00:00:00+00:00,21.700000000000003,21.675
2025-03-13 01:00:00+00:00,20.975,21.475
2025-03-13 02:00:00+00:00,20.75,21.349999999999998
2025-03-13 03:00:00+00:00,20.825,21.2
2025-03-13 04:00:00+00:00,20.650000000000002,21.15
2025-03-13 05:00:00+00:00,20.85,20.975
2025-03-13 06:00:00+00:00,20.85,21.0
2025-03-13 07:00:00+00:00,20.575000000000003,20.950000000000003
2025-03-13 08:00:00+00:00,20.375,20.9
2025-03-13 09:00:00+00:00,20.125,20.8
2025-03-13 10:00:00+00:00,20.2,20.725
2025-03-13 11:00:00+00:00,20.2,20.700000000000003
2025-03-13 12:00:00+00:00,20.075,20.599999999999998
2025-03-13 13:00:00+00:00,19.925,20.5
2025-03-13 14:00:00+00:00,19.975,20.475
2025-03-13 15:00:00+00:00,20.55,20.5
2025-03-13 16:00:00+00:00,21.225,20.75
2025-03-13 17:00:00+00:00,20.825,21.125
2025-03-13 18:00:00+00:00,21.25,21.475
2025-03-13 19:00:00+00:00,21.349999999999998,22.025
2025-03-13 20:00:00+00:00,22.5,22.6
2025-03-13 21:00:00+00:00,21.675000000000004,23.2
2025-03-13 22:00:00+00:00,21.875,23.7
2025-03-13 23:00:00+00:00,21.25,23.625
2025-03-14 00:00:00+00:00,20.299999999999997,23.525000000000002
2025-03-14 01:00:00+00:00,19.525,23.349999999999998
2025-03-14 02:00:00+00:00,19.825000000000003,23.150000000000002
2025-03-14 03:00:00+00:00,20.4,22.875000000000004
2025-03-14 04:00:00+00:00,20.9,22.75
2025-03-14 05:00:00+00:00,20.950000000000003,22.625
2025-03-14 06:00:00+00:00,20.775000000000002,22.475
2025-03-14 07:00:00+00:00,20.725,22.25
2025-03-14 08:00:00+00:00,20.75,22.075
2025-03-14 09:00:00+00:00,21.0,21.900000000000002
2025-03-14 10:00:00+00:00,21.15,21.725
2025-03-14 11:00:00+00:00,21.075000000000003,21.599999999999998
2025-03-14 12:00:00+00:00,20.9,21.450000000000003
2025-03-14 13:00:00+00:00,20.725,21.400000000000002
2025-03-14 14:00:00+00:00,21.225,21.4
2025-03-14 15:00:00+00:00,21.85,21.425
2025-03-14 16:00:00+00:00,22.5,21.5
2025-03-14 17:00:00+00:00,23.125,21.725
2025-03-14 18:00:00+00:00,23.15,22.0
2025-03-14 19:00:00+00:00,23.175,22.549999999999997
2025-03-14 20:00:00+00:00,23.15,23.049999999999997
2025-03-14 21:00:00+00:00,23.174999999999997,23.424999999999997
2025-03-14 22:00:00+00:00,23.174999999999997,23.95
2025-03-14 23:00:00+00:00,22.85,24.0
2025-03-15 00:00:00+00:00,22.424999999999997,23.875
2025-03-15 01:00:00+00:00,21.6,23.724999999999998
2025-03-15 02:00:00+00:00,21.4,23.5
2025-03-15 03:00:00+00:00,21.275,23.35
2025-03-15 04:00:00+00:00,20.799999999999997,23.1
2025-03-15 05:00:00+00:00,21.225,23.0
2025-03-15 06:00:00+00:00,21.275,22.775
2025-03-15 07:00:00+00:00,21.4,22.674999999999997
2025-03-15 08:00:00+00:00,21.4,22.625
2025-03-15 09:00:00+00:00,21.1,22.574999999999996
2025-03-15 10:00:00+00:00,20.4,22.550000000000004
2025-03-15 11:00:00+00:00,20.2,22.45
2025-03-15 12:00:00+00:00,19.375,22.125
2025-03-15 13:00:00+00:00,19.5,22.15
2025-03-15 14:00:00+00:00,19.775,22.15
2025-03-15 15:00:00+00:00,21.5,21.825
2025-03-15 16:00:00+00:00,22.875,21.85
2025-03-15 17:00:00+00:00,23.95,22.0
2025-03-15 18:00:00+00:00,24.825,22.25
2025-03-15 19:00:00+00:00,25.674999999999997,22.650000000000002
2025-03-15 20:00:00+00:00,26.825,22.225
2025-03-15 21:00:00+00:00,27.4,22.95
2025-03-15 22:00:00+00:00,27.575,23.3
2025-03-15 23:00:00+00:00,26.799999999999997,23.325
2025-03-16 00:00:00+00:00,25.625,23.025
2025-03-16 01:00:00+00:00,24.075000000000003,22.675
2025-03-16 02:00:00+00:00,22.175,22.3
2025-03-16 03:00:00+00:00,21.2,22.0
2025-03-16 04:00:00+00:00,20.125,21.725
2025-03-16 05:00:00+00:00,19.175,21.450000000000003
2025-03-16 06:00:00+00:00,18.275000000000002,21.150000000000002
2025-03-16 07:00:00+00:00,18.1,20.8
2025-03-16 08:00:00+00:00,17.450000000000003,20.55
2025-03-16 09:00:00+00:00,17.05,20.075
2025-03-16 10:00:00+00:00,15.374999999999998,19.924999999999997
2025-03-16 11:00:00+00:00,14.024999999999999,19.625
2025-03-16 12:00:00+00:00,13.55,19.375
2025-03-16 13:00:00+00:00,13.075000000000001,18.975
2025-03-16 14:00:00+00:00,15.675,18.525000000000002
2025-03-16 15:00:00+00:00,17.549999999999997,18.75
2025-03-16 16:00:00+00:00,18.6,18.974999999999998
2025-03-16 17:00:00+00:00,19.0,19.225
2025-03-16 18:00:00+00:00,20.0,19.675
2025-03-16 19:00:00+00:00,20.35,20.55
2025-03-16 20:00:00+00:00,20.275,20.85
2025-03-16 21:00:00+00:00,20.4,21.35
2025-03-16 22:00:00+00:00,20.425,21.975
2025-03-16 23:00:00+00:00,20.400000000000002,22.025
2025-03-17 00:00:00+00:00,19.775,21.975
2025-03-17 01:00:00+00:00,19.025,21.825000000000003
2025-03-17 02:00:00+00:00,19.0,21.575000000000003
2025-03-17 03:00:00+00:00,18.975,21.174999999999997
2025-03-17 04:00:00+00:00,18.625,20.875
2025-03-17 05:00:00+00:00,18.925,20.599999999999998
2025-03-17 06:00:00+00:00,18.549999999999997,20.475
2025-03-17 07:00:00+00:00,18.45,20.275
2025-03-17 08:00:00+00:00,17.7,20.049999999999997
2025-03-17 09:00:00+00:00,17.75,20.025000000000002
2025-03-17 10:00:00+00:00,16.55,19.925
2025-03-17 11:00:00+00:00,17.0,19.625
2025-03-17 12:00:00+00:00,16.7,19.425
2025-03-17 13:00:00+00:00,17.075,19.200000000000003
2025-03-17 14:00:00+00:00,18.725,19.05
2025-03-17 15:00:00+00:00,20.3,19.1
2025-03-17 16:00:00+00:00,21.0,19.525000000000002
2025-03-17 17:00:00+00:00,21.55,20.1
2025-03-17 18:00:00+00:00,21.849999999999998,20.924999999999997
2025-03-17 19:00:00+00:00,22.075,21.400000000000002
2025-03-17 20:00:00+00:00,22.075,21.974999999999998
2025-03-17 21:00:00+00:00,22.049999999999997,22.4
2025-03-17 22:00:00+00:00,21.675,22.75
2025-03-17 23:00:00+00:00,21.450000000000003,22.675
2025-03-18 00:00:00+00:00,21.075,22.5
2025-03-18 01:00:00+00:00,20.525,22.25
2025-03-18 02:00:00+00:00,20.174999999999997,22.075000000000003
2025-03-18 03:00:00+00:00,20.15,21.599999999999998
2025-03-18 04:00:00+00:00,20.025000000000002,21.375
2025-03-18 05:00:00+00:00,19.925,21.075
2025-03-18 06:00:00+00:00,19.975,20.85
2025-03-18 07:00:00+00:00,20.025,20.7
2025-03-18 08:00:00+00:00,19.925,20.425
2025-03-18 09:00:00+00:00,19.7,20.049999999999997
2025-03-18 10:00:00+00:00,19.65,20.0
2025-03-18 11:00:00+00:00,19.575,19.700000000000003
2025-03-18 12:00:00+00:00,19.574999999999996,19.5
2025-03-18 13:00:00+00:00,19.6,19.799999999999997
2025-03-18 14:00:00+00:00,20.1,19.675
2025-03-18 15:00:00+00:00,20.825000000000003,19.65
2025-03-18 16:00:00+00:00,21.225,19.725
2025-03-18 17:00:00+00:00,21.45,20.325
2025-03-18 18:00:00+00:00,21.75,20.75
2025-03-18 19:00:00+00:00,21.95,21.3
2025-03-18 20:00:00+00:00,22.075,21.7
2025-03-18 21:00:00+00:00,22.05,22.025000000000002
2025-03-18 22:00:00+00:00,22.0,22.125
2025-03-18 23:00:00+00:00,21.85,22.174999999999997
2025-03-19 00:00:00+00:00,21.424999999999997,22.225
2025-03-19 01:00:00+00:00,20.950000000000003,22.1
2025-03-19 02:00:00+00:00,20.900000000000002,21.875000000000004
2025-03-19 03:00:00+00:00,20.85,21.7
2025-03-19 04:00:00+00:00,20.95,21.625
2025-03-19 05:00:00+00:00,20.8,21.525000000000002
2025-03-19 06:00:00+00:00,20.75,21.5
2025-03-19 07:00:00+00:00,20.75,21.375
2025-03-19 08:00:00+00:00,20.875,21.150000000000002
2025-03-19 09:00:00+00:00,20.825,21.075
2025-03-19 10:00:00+00:00,20.725,21.125
2025-03-19 11:00:00+00:00,20.825,21.1
2025-03-19 12:00:00+00:00,20.700000000000003,21.1
2025-03-19 13:00:00+00:00,20.575,21.075
2025-03-19 14:00:00+00:00,20.65,21.05
2025-03-19 15:00:00+00:00,21.324999999999996,21.05
2025-03-19 16:00:00+00:00,21.849999999999998,21.075
2025-03-19 17:00:00+00:00,23.025,21.275
2025-03-19 18:00:00+00:00,24.325000000000003,21.725
2025-03-19 19:00:00+00:00,24.975,22.15
2025-03-19 20:00:00+00:00,25.549999999999997,22.55
2025-03-19 21:00:00+00:00,26.424999999999997,22.9
2025-03-19 22:00:00+00:00,26.3,23.15
2025-03-19 23:00:00+00:00,26.35,23.15
2025-03-20 00:00:00+00:00,25.375,22.974999999999998
2025-03-20 01:00:00+00:00,23.6,22.75
2025-03-20 02:00:00+00:00,21.85,22.375
2025-03-20 03:00:00+00:00,20.925,21.974999999999998
2025-03-20 04:00:00+00:00,20.075,21.35
2025-03-20 05:00:00+00:00,18.725,20.625
2025-03-20 06:00:00+00:00,17.15,20.0
2025-03-20 07:00:00+00:00,15.575,19.4
2025-03-20 08:00:00+00:00,14.225,18.725
2025-03-20 09:00:00+00:00,13.25,18.1
2025-03-20 10:00:00+00:00,12.275,17.525
2025-03-20 11:00:00+00:00,11.5,16.7
2025-03-20 12:00:00+00:00,10.65,15.650000000000002
2025-03-20 13:00:00+00:00,9.85,15.125
2025-03-20 14:00:00+00:00,11.425,15.000000000000002
2025-03-20 15:00:00+00:00,12.299999999999999,14.924999999999999
2025-03-20 16:00:00+00:00,13.525,14.95
2025-03-20 17:00:00+00:00,14.899999999999999,16.075000000000003
2025-03-20 18:00:00+00:00,16.075,16.9
2025-03-20 19:00:00+00:00,17.3,17.75
2025-03-20 20:00:00+00:00,18.3,18.825
2025-03-20 21:00:00+00:00,19.150000000000002,19.65
2025-03-20 22:00:00+00:00,19.025,20.025
2025-03-20 23:00:00+00:00,19.325000000000003,19.975
2025-03-21 00:00:00+00:00,19.125,19.975
2025-03-21 01:00:00+00:00,18.450000000000003,19.799999999999997
2025-03-21 02:00:00+00:00,17.45,19.325
2025-03-21 03:00:00+00:00,16.8,18.975
2025-03-21 04:00:00+00:00,16.225,18.575000000000003
2025-03-21 05:00:00+00:00,15.975,18.375
2025-03-21 06:00:00+00:00,15.850000000000001,18.174999999999997
2025-03-21 07:00:00+00:00,14.5,17.85
2025-03-21 08:00:00+00:00,14.774999999999999,17.65
2025-03-21 09:00:00+00:00,14.899999999999999,17.575
2025-03-21 10:00:00+00:00,15.25,17.425
2025-03-21 11:00:00+00:00,14.775000000000002,17.325
2025-03-21 12:00:00+00:00,14.975,17.075000000000003
2025-03-21 13:00:00+00:00,15.225,16.825
2025-03-21 14:00:00+00:00,16.725,16.75
2025-03-21 15:00:00+00:00,18.45,16.85
2025-03-21 16:00:00+00:00,18.85,17.45
2025-03-21 17:00:00+00:00,19.1,17.975
2025-03-21 18:00:00+00:00,19.3,18.6
2025-03-21 19:00:00+00:00,19.475,19.15
2025-03-21 20:00:00+00:00,19.525,19.375
2025-03-21 21:00:00+00:00,19.65,19.95
2025-03-21 22:00:00+00:00,19.85,20.65
2025-03-21 23:00:00+00:00,19.9,20.9
2025-03-22 00:00:00+00:00,19.75,21.1
2025-03-22 01:00:00+00:00,19.225,20.975
2025-03-22 02:00:00+00:00,18.975,20.35
2025-03-22 03:00:00+00:00,19.0,20.1
2025-03-22 04:00:00+00:00,18.9,19.9
2025-03-22 05:00:00+00:00,18.85,19.825
2025-03-22 06:00:00+00:00,19.0,19.65
2025-03-22 07:00:00+00:00,18.95,19.625
2025-03-22 08:00:00+00:00,18.85,19.575000000000003
2025-03-22 09:00:00+00:00,18.674999999999997,19.450000000000003
2025-03-22 10:00:00+00:00,18.375,19.325
2025-03-22 11:00:00+00:00,18.25,19.275
2025-03-22 12:00:00+00:00,18.549999999999997,19.200000000000003
2025-03-22 13:00:00+00:00,18.475,19.175
2025-03-22 14:00:00+00:00,19.85,19.1
2025-03-22 15:00:00+00:00,20.575,19.200000000000003
2025-03-22 16:00:00+00:00,21.225,19.525
2025-03-22 17:00:00+00:00,21.575,19.975
2025-03-22 18:00:00+00:00,21.775,20.175
2025-03-22 19:00:00+00:00,21.925,20.450000000000003
2025-03-22 20:00:00+00:00,21.950000000000003,20.75
2025-03-22 21:00:00+00:00,22.2,21.275
2025-03-22 22:00:00+00:00,22.174999999999997,21.574999999999996
2025-03-22 23:00:00+00:00,21.9,21.75
2025-03-23 00:00:00+00:00,21.700000000000003,21.700000000000003
2025-03-23 01:00:00+00:00,21.125,21.775
2025-03-23 02:00:00+00:00,20.75,21.674999999999997
2025-03-23 03:00:00+00:00,20.65,21.55
2025-03-23 04:00:00+00:00,20.599999999999998,21.275
2025-03-23 05:00:00+00:00,20.375,21.175
2025-03-23 06:00:00+00:00,20.325,21.174999999999997
2025-03-23 07:00:00+00:00,20.325,21.25
2025-03-23 08:00:00+00:00,20.525,21.25
2025-03-23 09:00:00+00:00,20.675,21.224999999999998
2025-03-23 10:00:00+00:00,20.575,21.225
2025-03-23 11:00:00+00:00,20.599999999999998,21.075000000000003
2025-03-23 12:00:00+00:00,20.85,21.025
2025-03-23 13:00:00+00:00,20.925000000000004,20.975
2025-03-23 14:00:00+00:00,21.15,20.975
2025-03-23 15:00:00+00:00,21.625,20.975
2025-03-23 16:00:00+00:00,22.150000000000002,21.1
2025-03-23 17:00:00+00:00,22.85,21.25
2025-03-23 18:00:00+00:00,23.15,21.625
2025-03-23 19:00:00+00:00,23.475,22.125
2025-03-23 20:00:00+00:00,23.450000000000003,22.4
2025-03-23 21:00:00+00:00,23.325,22.9
2025-03-23 22:00:00+00:00,23.15,23.075
2025-03-23 23:00:00+00:00,23.174999999999997,23.125
2025-03-24 00:00:00+00:00,22.424999999999997,23.174999999999997
2025-03-24 01:00:00+00:00,21.975,23.2
2025-03-24 02:00:00+00:00,21.700000000000003,23.125
2025-03-24 03:00:00+00:00,21.525000000000002,22.950000000000003
2025-03-24 04:00:00+00:00,21.625,22.825
2025-03-24 05:00:00+00:00,21.725,22.775000000000002
2025-03-24 06:00:00+00:00,22.049999999999997,22.725
2025-03-24 07:00:00+00:00,18.475,22.674999999999997
2025-03-24 08:00:00+00:00,18.549999999999997,22.650000000000002
2025-03-24 09:00:00+00:00,19.0,22.45
2025-03-24 10:00:00+00:00,19.25,22.275000000000002
2025-03-24 11:00:00+00:00,18.725,22.150000000000002
2025-03-24 12:00:00+00:00,18.525000000000002,22.049999999999997
2025-03-24 13:00:00+00:00,18.475,21.85
2025-03-24 14:00:00+00:00,18.825,21.725
2025-03-24 15:00:00+00:00,20.175,21.775
2025-03-24 16:00:00+00:00,21.375,21.775
2025-03-24 17:00:00+00:00,22.4,22.025
2025-03-24 18:00:00+00:00,22.875,22.675
2025-03-24 19:00:00+00:00,23.175,23.375
2025-03-24 20:00:00+00:00,23.75,23.724999999999998
2025-03-24 21:00:00+00:00,23.349999999999998,24.1
2025-03-24 22:00:00+00:00,23.450000000000003,24.450000000000003
2025-03-24 23:00:00+00:00,23.225,24.675
2025-03-25 00:00:00+00:00,22.599999999999998,24.55
2025-03-25 01:00:00+00:00,21.9,24.35
2025-03-25 02:00:00+00:00,21.500000000000004,24.099999999999998
2025-03-25 03:00:00+00:00,21.525,23.725
2025-03-25 04:00:00+00:00,21.225,23.6
2025-03-25 05:00:00+00:00,21.125,23.525
2025-03-25 06:00:00+00:00,20.825,23.299999999999997
2025-03-25 07:00:00+00:00,20.6,23.224999999999998
2025-03-25 08:00:00+00:00,20.224999999999998,23.224999999999998
2025-03-25 09:00:00+00:00,19.825,23.1
2025-03-25 10:00:00+00:00,20.375,23.049999999999997
2025-03-25 11:00:00+00:00,19.625,22.950000000000003
2025-03-25 12:00:00+00:00,19.15,22.799999999999997
2025-03-25 13:00:00+00:00,18.775,22.700000000000003
2025-03-25 14:00:00+00:00,21.575,22.6
2025-03-25 15:00:00+00:00,22.150000000000002,22.6
2025-03-25 16:00:00+00:00,22.474999999999998,22.725
2025-03-25 17:00:00+00:00,23.800000000000004,23.125
2025-03-25 18:00:00+00:00,23.9,23.875
2025-03-25 19:00:00+00:00,23.950000000000003,24.875
2025-03-25 20:00:00+00:00,24.625,25.25
2025-03-25 21:00:00+00:00,23.75,25.875
2025-03-25 22:00:00+00:00,22.7,25.999999999999996
2025-03-25 23:00:00+00:00,22.6,25.75
2025-03-26 00:00:00+00:00,22.525,25.4
2025-03-26 01:00:00+00:00,21.975,25.025
2025-03-26 02:00:00+00:00,21.449999999999996,24.85
2025-03-26 03:00:00+00:00,20.875,24.5
2025-03-26 04:00:00+00:00,21.2,24.3
2025-03-26 05:00:00+00:00,21.65,24.15
2025-03-26 06:00:00+00:00,21.775000000000002,24.175
2025-03-26 07:00:00+00:00,21.950000000000003,24.074999999999996
2025-03-26 08:00:00+00:00,21.974999999999998,24.050000000000004
2025-03-26 09:00:00+00:00,21.9,24.025
2025-03-26 10:00:00+00:00,21.725,24.025
2025-03-26 11:00:00+00:00,21.525,24.0
2025-03-26 12:00:00+00:00,21.525,23.950000000000003
2025-03-26 13:00:00+00:00,21.725,23.849999999999998
2025-03-26 14:00:00+00:00,22.35,23.775
2025-03-26 15:00:00+00:00,22.975,23.950000000000003
2025-03-26 16:00:00+00:00,23.875,24.1
2025-03-26 17:00:00+00:00,23.825,24.200000000000003
2025-03-26 18:00:00+00:00,23.925,24.4
2025-03-26 19:00:00+00:00,23.325000000000003,24.625
2025-03-26 20:00:00+00:00,22.825000000000003,24.700000000000003
2025-03-26 21:00:00+00:00,21.825000000000003,24.450000000000003
2025-03-26 22:00:00+00:00,20.725,24.224999999999998
2025-03-26 23:00:00+00:00,20.525,24.1
2025-03-27 00:00:00+00:00,20.575000000000003,23.974999999999998
2025-03-27 01:00:00+00:00,20.25,23.900000000000002
2025-03-27 02:00:00+00:00,19.6,23.725
2025-03-27 03:00:00+00:00,19.8,23.599999999999998
2025-03-27 04:00:00+00:00,19.625,23.475
2025-03-27 05:00:00+00:00,19.65,23.375
2025-03-27 06:00:00+00:00,20.150000000000002,23.25
2025-03-27 07:00:00+00:00,20.175,23.125
2025-03-27 08:00:00+00:00,20.25,23.049999999999997
2025-03-27 09:00:00+00:00,20.200000000000003,22.924999999999997
2025-03-27 10:00:00+00:00,20.1,22.8
2025-03-27 11:00:00+00:00,20.099999999999998,22.674999999999997
2025-03-27 12:00:00+00:00,20.45,22.55
2025-03-27 13:00:00+00:00,20.733333333333334,22.666666666666668
2025-03-27 14:00:00+00:00,20.8,22.400000000000002
2025-03-27 15:00:00+00:00,21.0,22.4
2025-03-27 16:00:00+00:00,21.275,22.5
2025-03-27 17:00:00+00:00,21.4,22.575
2025-03-27 18:00:00+00:00,21.474999999999998,22.700000000000003
2025-03-27 19:00:00+00:00,20.974999999999998,22.725
2025-03-27 20:00:00+00:00,20.925,22.650000000000002
2025-03-27 21:00:00+00:00,21.05,22.700000000000003
2025-03-27 22:00:00+00:00,21.125,22.650000000000002
2025-03-27 23:00:00+00:00,20.875,22.650000000000002
2025-03-28 00:00:00+00:00,20.775,22.574999999999996
2025-03-28 01:00:00+00:00,20.9,22.549999999999997
2025-03-28 02:00:00+00:00,20.825000000000003,22.5
2025-03-28 03:00:00+00:00,20.175,22.375
2025-03-28 04:00:00+00:00,19.75,22.325
2025-03-28 05:00:00+00:00,19.5,22.200000000000003
2025-03-28 06:00:00+00:00,19.825000000000003,22.175
2025-03-28 07:00:00+00:00,20.125,22.025
2025-03-28 08:00:00+00:00,20.4,21.825
2025-03-28 09:00:00+00:00,19.224999999999998,21.775
2025-03-28 10:00:00+00:00,19.125,21.375
2025-03-28 11:00:00+00:00,19.725,21.249999999999996
2025-03-28 12:00:00+00:00,20.125,21.175
2025-03-28 13:00:00+00:00,20.325,21.174999999999997
2025-03-28 14:00:00+00:00,20.775,21.174999999999997
2025-03-28 15:00:00+00:00,20.925,21.299999999999997
2025-03-28 16:00:00+00:00,21.650000000000002,21.5
2025-03-28 17:00:00+00:00,22.325,21.625
2025-03-28 18:00:00+00:00,21.425,21.700000000000003
2025-03-28 19:00:00+00:00,19.925,21.775
2025-03-28 20:00:00+00:00,20.075,21.900000000000002
2025-03-28 21:00:00+00:00,20.125,21.925
2025-03-28 22:00:00+00:00,20.375,22.025000000000002
2025-03-28 23:00:00+00:00,21.0,22.125
2025-03-29 00:00:00+00:00,21.375,22.175
2025-03-29 01:00:00+00:00,20.9,22.200000000000003
2025-03-29 02:00:00+00:00,20.7,22.175
2025-03-29 03:00:00+00:00,20.725,22.1
2025-03-29 04:00:00+00:00,20.950000000000003,22.075
2025-03-29 05:00:00+00:00,21.275,22.0
2025-03-29 06:00:00+00:00,21.275,21.925
2025-03-29 07:00:00+00:00,21.299999999999997,21.875
2025-03-29 08:00:00+00:00,21.55,21.875
2025-03-29 09:00:00+00:00,21.75,21.775
2025-03-29 10:00:00+00:00,21.725,21.775
2025-03-29 11:00:00+00:00,21.775,21.775
2025-03-29 12:00:00+00:00,21.7,21.775
2025-03-29 13:00:00+00:00,21.675,21.775
2025-03-29 14:00:00+00:00,21.949999999999996,21.775
2025-03-29 15:00:00+00:00,22.424999999999997,21.825
2025-03-29 16:00:00+00:00,22.9,21.975
2025-03-29 17:00:00+00:00,23.424999999999997,22.325000000000003
2025-03-29 18:00:00+00:00,24.0,22.525
2025-03-29 19:00:00+00:00,24.25,22.725
2025-03-29 20:00:00+00:00,24.4,23.25
2025-03-29 21:00:00+00:00,24.325,23.499999999999996
2025-03-29 22:00:00+00:00,24.375,23.8
2025-03-29 23:00:00+00:00,24.375,24.0
2025-03-30 00:00:00+00:00,23.825,24.150000000000002
2025-03-30 01:00:00+00:00,23.1,24.275
2025-03-30 02:00:00+00:00,22.775,24.175000000000004
2025-03-30 03:00:00+00:00,22.75,24.0
2025-03-30 04:00:00+00:00,22.625,23.775
2025-03-30 05:00:00+00:00,22.475,23.8
2025-03-30 06:00:00+00:00,22.35,23.775
2025-03-30 07:00:00+00:00,22.450000000000003,23.775
2025-03-30 08:00:00+00:00,22.599999999999998,23.724999999999998
2025-03-30 09:00:00+00:00,22.724999999999998,23.7
2025-03-30 10:00:00+00:00,22.6,23.65
2025-03-30 11:00:00+00:00,22.75,23.700000000000003
2025-03-30 12:00:00+00:00,22.849999999999998,23.625
2025-03-30 13:00:00+00:00,22.900000000000002,23.650000000000002
2025-03-30 14:00:00+00:00,23.200000000000003,23.675
2025-03-30 15:00:00+00:00,23.8,23.675
2025-03-30 16:00:00+00:00,24.15,23.775
2025-03-30 17:00:00+00:00,24.325,23.95
2025-03-30 18:00:00+00:00,24.05,24.174999999999997
2025-03-30 19:00:00+00:00,24.525,24.4
2025-03-30 20:00:00+00:00,24.525,24.65
2025-03-30 21:00:00+00:00,24.25,24.775000000000002
2025-03-30 22:00:00+00:00,23.825,24.825
2025-03-30 23:00:00+00:00,23.424999999999997,24.75
2025-03-31 00:00:00+00:00,23.325,24.725
2025-03-31 01:00:00+00:00,23.225,24.65
2025-03-31 02:00:00+00:00,23.2,24.674999999999997
2025-03-31 03:00:00+00:00,23.15,24.7
2025-03-31 04:00:00+00:00,23.075000000000003,24.724999999999998
2025-03-31 05:00:00+00:00,23.025000000000002,24.650000000000002
2025-03-31 06:00:00+00:00,23.175,24.625000000000004
2025-03-31 07:00:00+00:00,23.1,24.6
2025-03-31 08:00:00+00:00,23.250000000000004,24.55
2025-03-31 09:00:00+00:00,23.25,24.5
2025-03-31 10:00:00+00:00,23.275000000000002,24.5
2025-03-31 11:00:00+00:00,22.950000000000003,24.475
2025-03-31 12:00:00+00:00,23.0,24.4
2025-03-31 13:00:00+00:00,23.15,24.4
2025-03-31 14:00:00+00:00,23.425,24.375
2025-03-31 15:00:00+00:00,23.949999999999996,24.5
2025-03-31 16:00:00+00:00,24.424999999999997,24.6
2025-03-31 17:00:00+00:00,25.099999999999998,24.900000000000002
2025-03-31 18:00:00+00:00,26.275,25.650000000000002
2025-03-31 19:00:00+00:00,27.299999999999997,26.325000000000003
2025-03-31 20:00:00+00:00,27.8,27.1
2025-03-31 21:00:00+00:00,27.85,27.250000000000004
2025-03-31 22:00:00+00:00,27.475,27.175
2025-03-31 23:00:00+00:00,25.625,27.3
2025-04-01 00:00:00+00:00,23.625,26.975
2025-04-01 01:00:00+00:00,22.9,26.65
2025-04-01 02:00:00+00:00,22.799999999999997,26.35
2025-04-01 03:00:00+00:00,22.575000000000003,26.275000000000002
2025-04-01 04:00:00+00:00,22.499999999999996,26.1
2025-04-01 05:00:00+00:00,22.224999999999998,26.049999999999997
2025-04-01 06:00:00+00:00,21.95,26.0
2025-04-01 07:00:00+00:00,22.0,25.925
2025-04-01 08:00:00+00:00,21.974999999999998,25.775000000000002
2025-04-01 09:00:00+00:00,22.1,25.674999999999997
2025-04-01 10:00:00+00:00,22.15,25.65
2025-04-01 11:00:00+00:00,22.15,25.55
2025-04-01 12:00:00+00:00,22.050000000000004,25.475
2025-04-01 13:00:00+00:00,21.875,25.425
2025-04-01 14:00:00+00:00,22.2,25.375
2025-04-01 15:00:00+00:00,22.8,25.375
2025-04-01 16:00:00+00:00,23.35,25.375
2025-04-01 17:00:00+00:00,23.725,25.425
2025-04-01 18:00:00+00:00,24.325000000000003,25.475
2025-04-01 19:00:00+00:00,24.575000000000003,25.424999999999997
2025-04-01 20:00:00+00:00,24.75,25.599999999999998
2025-04-01 21:00:00+00:00,24.775,25.85
2025-04-01 22:00:00+00:00,24.675,25.924999999999997
2025-04-01 23:00:00+00:00,24.25,25.875
2025-04-02 00:00:00+00:00,23.875,25.775
2025-04-02 01:00:00+00:00,23.574999999999996,25.725
2025-04-02 02:00:00+00:00,23.45,25.65
2025-04-02 03:00:00+00:00,23.625,25.575000000000003
2025-04-02 04:00:00+00:00,23.799999999999997,25.4
2025-04-02 05:00:00+00:00,23.75,25.224999999999998
2025-04-02 06:00:00+00:00,23.875,25.175
2025-04-02 07:00:00+00:00,23.95,25.075
2025-04-02 08:00:00+00:00,24.15,24.825
2025-04-02 09:00:00+00:00,24.0,24.9
2025-04-02 10:00:00+00:00,23.75,24.999999999999996
2025-04-02 11:00:00+00:00,23.650000000000002,25.049999999999997
2025-04-02 12:00:00+00:00,23.650000000000002,25.025
2025-04-02 13:00:00+00:00,23.55,25.1
2025-04-02 14:00:00+00:00,23.825000000000003,25.125
2025-04-02 15:00:00+00:00,24.275,25.1
2025-04-02 16:00:00+00:00,24.8,25.2
2025-04-02 17:00:00+00:00,25.0,25.225
2025-04-02 18:00:00+00:00,25.3,25.35
2025-04-02 19:00:00+00:00,25.575000000000003,25.725
2025-04-02 20:00:00+00:00,25.8,26.225
2025-04-02 21:00:00+00:00,25.624999999999996,26.525
2025-04-02 22:00:00+00:00,25.450000000000003,26.674999999999997
2025-04-02 23:00:00+00:00,25.275,26.400000000000002
2025-04-03 00:00:00+00:00,25.05,26.225
2025-04-03 01:00:00+00:00,24.775,26.099999999999998
2025-04-03 02:00:00+00:00,24.75,26.025
2025-04-03 03:00:00+00:00,24.625,25.974999999999998
2025-04-03 04:00:00+00:00,24.6,25.925
2025-04-03 05:00:00+00:00,24.400000000000002,25.924999999999997
2025-04-03 06:00:00+00:00,24.075,25.925
2025-04-03 07:00:00+00:00,24.125,25.875
2025-04-03 08:00:00+00:00,23.975,25.75
2025-04-03 09:00:00+00:00,24.0,25.625000000000004
2025-04-03 10:00:00+00:00,23.925,25.5
2025-04-03 11:00:00+00:00,24.099999999999998,25.25
2025-04-03 12:00:00+00:00,24.099999999999998,25.175
2025-04-03 13:00:00+00:00,24.200000000000003,25.125
2025-04-03 14:00:00+00:00,24.725,25.150000000000002
2025-04-03 15:00:00+00:00,25.25,25.375
2025-04-03 16:00:00+00:00,25.625,25.625
2025-04-03 17:00:00+00:00,25.9,25.975
2025-04-03 18:00:00+00:00,25.925,26.375000000000004
2025-04-03 19:00:00+00:00,26.075,26.799999999999997
2025-04-03 20:00:00+00:00,26.1,26.975
2025-04-03 21:00:00+00:00,25.975,27.0
2025-04-03 22:00:00+00:00,25.75,26.950000000000003
2025-04-03 23:00:00+00:00,25.425,26.875
2025-04-04 00:00:00+00:00,25.1,26.85
2025-04-04 01:00:00+00:00,24.700000000000003,26.65
2025-04-04 02:00:00+00:00,24.624999999999996,26.575000000000003
2025-04-04 03:00:00+00:00,24.775,26.475
2025-04-04 04:00:00+00:00,24.775,26.45
2025-04-04 05:00:00+00:00,24.65,26.4
2025-04-04 06:00:00+00:00,24.725,26.3
2025-04-04 07:00:00+00:00,24.8,26.249999999999996
2025-04-04 08:00:00+00:00,24.575000000000003,26.275
2025-04-04 09:00:00+00:00,24.375,26.174999999999997
2025-04-04 10:00:00+00:00,24.199999999999996,26.1
2025-04-04 11:00:00+00:00,24.2,25.975
2025-04-04 12:00:00+00:00,24.25,25.85
2025-04-04 13:00:00+00:00,24.325,25.75
2025-04-04 14:00:00+00:00,24.9,25.75
2025-04-04 15:00:00+00:00,25.85,26.0
2025-04-04 16:00:00+00:00,26.1,26.175
2025-04-04 17:00:00+00:00,26.3,26.574999999999996
2025-04-04 18:00:00+00:00,26.225,26.95
2025-04-04 19:00:00+00:00,26.200000000000003,27.150000000000002
2025-04-04 20:00:00+00:00,26.049999999999997,27.4
2025-04-04 21:00:00+00:00,25.825000000000003,27.349999999999998
2025-04-04 22:00:00+00:00,25.575,27.224999999999998
2025-04-04 23:00:00+00:00,25.449999999999996,27.049999999999997
2025-04-05 00:00:00+00:00,25.2,26.875
2025-04-05 01:00:00+00:00,25.025000000000002,26.825000000000003
2025-04-05 02:00:00+00:00,25.0,26.675
2025-04-05 03:00:00+00:00,24.975,26.575000000000003
2025-04-05 04:00:00+00:00,24.950000000000003,26.575000000000003
2025-04-05 05:00:00+00:00,24.975,26.5
2025-04-05 06:00:00+00:00,25.0,26.450000000000003
2025-04-05 07:00:00+00:00,25.025000000000002,26.450000000000003
2025-04-05 08:00:00+00:00,24.875,26.375
2025-04-05 09:00:00+00:00,24.725,26.275000000000002
2025-04-05 10:00:00+00:00,24.775000000000002,26.3
2025-04-05 11:00:00+00:00,24.675,26.15
2025-04-05 12:00:00+00:00,24.85,26.125
2025-04-05 13:00:00+00:00,24.924999999999997,26.1
2025-04-05 14:00:00+00:00,25.1,26.175
2025-04-05 15:00:00+00:00,25.05,26.075000000000003
2025-04-05 16:00:00+00:00,25.45,26.15
2025-04-05 17:00:00+00:00,26.125000000000004,26.375
2025-04-05 18:00:00+00:00,26.775,26.6
2025-04-05 19:00:00+00:00,25.400000000000002,26.725
2025-04-05 20:00:00+00:00,23.074999999999996,26.875
2025-04-05 21:00:00+00:00,21.825,26.875
2025-04-05 22:00:00+00:00,21.599999999999998,26.9
2025-04-05 23:00:00+00:00,20.975,26.825000000000003
2025-04-06 00:00:00+00:00,19.725,26.525
2025-04-06 01:00:00+00:00,18.85,26.175
2025-04-06 02:00:00+00:00,17.675,25.725
2025-04-06 03:00:00+00:00,16.425,25.349999999999998
2025-04-06 04:00:00+00:00,15.700000000000001,24.8
2025-04-06 05:00:00+00:00,15.075,24.2
2025-04-06 06:00:00+00:00,14.175,23.55
2025-04-06 07:00:00+00:00,13.450000000000001,22.725
2025-04-06 08:00:00+00:00,13.075000000000001,21.75
2025-04-06 09:00:00+00:00,12.8,21.499999999999996
2025-04-06 10:00:00+00:00,12.625,20.925
2025-04-06 11:00:00+00:00,12.0,20.450000000000003
2025-04-06 12:00:00+00:00,11.575000000000001,19.85
2025-04-06 13:00:00+00:00,11.000000000000002,19.4
2025-04-06 14:00:00+00:00,10.575,18.5
2025-04-06 15:00:00+00:00,10.95,18.15
2025-04-06 16:00:00+00:00,11.675,17.349999999999998
2025-04-06 17:00:00+00:00,12.8,17.55
2025-04-06 18:00:00+00:00,13.65,19.150000000000002
2025-04-06 19:00:00+00:00,14.25,20.0
2025-04-06 20:00:00+00:00,14.600000000000001,20.65
2025-04-06 21:00:00+00:00,15.4,20.875
2025-04-06 22:00:00+00:00,15.575,20.975
2025-04-06 23:00:00+00:00,15.100000000000001,20.875
2025-04-07 00:00:00+00:00,14.35,20.65
2025-04-07 01:00:00+00:00,13.425,20.225
2025-04-07 02:00:00+00:00,12.725000000000001,19.825
2025-04-07 03:00:00+00:00,12.025,19.475
2025-04-07 04:00:00+00:00,11.625,19.1
2025-04-07 05:00:00+00:00,11.15,18.425
2025-04-07 06:00:00+00:00,11.0,18.375
2025-04-07 07:00:00+00:00,11.225,18.225
2025-04-07 08:00:00+00:00,10.925,17.75
2025-04-07 09:00:00+00:00,10.7,17.05
2025-04-07 10:00:00+00:00,10.275,16.65
2025-04-07 11:00:00+00:00,9.45,16.425
2025-04-07 12:00:00+00:00,8.649999999999999,16.125
2025-04-07 13:00:00+00:00,9.075000000000001,16.325
2025-04-07 14:00:00+00:00,11.149999999999999,15.575000000000001
2025-04-07 15:00:00+00:00,12.625,16.55
2025-04-07 16:00:00+00:00,14.125,16.4
2025-04-07 17:00:00+00:00,15.524999999999999,17.375
2025-04-07 18:00:00+00:00,16.75,18.25
2025-04-07 19:00:00+00:00,17.75,18.9
2025-04-07 20:00:00+00:00,18.775,20.55
2025-04-07 21:00:00+00:00,19.425,20.925
2025-04-07 22:00:00+00:00,20.1,21.3
2025-04-07 23:00:00+00:00,20.5,21.6
2025-04-08 00:00:00+00:00,20.375,21.025
2025-04-08 01:00:00+00:00,19.025000000000002,20.349999999999998
2025-04-08 02:00:00+00:00,18.0,20.174999999999997
2025-04-08 03:00:00+00:00,17.474999999999998,19.925
2025-04-08 04:00:00+00:00,16.975,19.549999999999997
2025-04-08 05:00:00+00:00,16.875,19.55
2025-04-08 06:00:00+00:00,16.224999999999998,19.25
2025-04-08 07:00:00+00:00,15.75,19.025
2025-04-08 08:00:00+00:00,15.300000000000002,18.75
2025-04-08 09:00:00+00:00,15.200000000000001,18.575
2025-04-08 10:00:00+00:00,14.825000000000001,18.424999999999997
2025-04-08 11:00:00+00:00,14.15,18.225
2025-04-08 12:00:00+00:00,13.475,18.224999999999998
2025-04-08 13:00:00+00:00,12.875,18.175
2025-04-08 14:00:00+00:00,15.474999999999998,18.099999999999998
2025-04-08 15:00:00+00:00,16.8,18.35
2025-04-08 16:00:00+00:00,17.175,18.625
2025-04-08 17:00:00+00:00,17.875,19.275000000000002
2025-04-08 18:00:00+00:00,19.15,20.525
2025-04-08 19:00:00+00:00,20.225,21.05
2025-04-08 20:00:00+00:00,20.95,22.125
2025-04-08 21:00:00+00:00,20.7,22.55
2025-04-08 22:00:00+00:00,20.825,22.474999999999998
2025-04-08 23:00:00+00:00,20.4,22.55
2025-04-09 00:00:00+00:00,20.425,22.4
2025-04-09 01:00:00+00:00,19.45,21.975
2025-04-09 02:00:00+00:00,18.950000000000003,21.575
2025-04-09 03:00:00+00:00,18.8,21.325000000000003
2025-04-09 04:00:00+00:00,18.7,21.275
2025-04-09 05:00:00+00:00,18.625,21.049999999999997
2025-04-09 06:00:00+00:00,18.625,20.975
2025-04-09 07:00:00+00:00,18.575,20.875
2025-04-09 08:00:00+00:00,18.525,20.725
2025-04-09 09:00:00+00:00,18.650000000000002,20.700000000000003
2025-04-09 10:00:00+00:00,18.725,20.55
2025-04-09 11:00:00+00:00,18.85,20.424999999999997
2025-04-09 12:00:00+00:00,19.0,20.275
2025-04-09 13:00:00+00:00,19.35,20.299999999999997
2025-04-09 14:00:00+00:00,19.900000000000002,20.325
2025-04-09 15:00:00+00:00,20.5,20.475
2025-04-09 16:00:00+00:00,20.9,20.75
2025-04-09 17:00:00+00:00,21.349999999999998,21.299999999999997
2025-04-09 18:00:00+00:00,21.65,21.875
2025-04-09 19:00:00+00:00,21.875,22.25
2025-04-09 20:00:00+00:00,22.125,22.599999999999998
2025-04-09 21:00:00+00:00,22.3,22.85
2025-04-09 22:00:00+00:00,22.5,23.049999999999997
2025-04-09 23:00:00+00:00,22.3,23.175
2025-04-10 00:00:00+00:00,21.95,22.95
2025-04-10 01:00:00+00:00,21.175,23.0
2025-04-10 02:00:00+00:00,20.85,22.799999999999997
2025-04-10 03:00:00+00:00,20.725,22.650000000000002
2025-04-10 04:00:00+00:00,20.849999999999998,22.525
2025-04-10 05:00:00+00:00,20.825,22.299999999999997
2025-04-10 06:00:00+00:00,20.900000000000002,22.225
2025-04-10 07:00:00+00:00,20.75,22.099999999999998
2025-04-10 08:00:00+00:00,20.625,21.85
2025-04-10 09:00:00+00:00,20.45,21.625
2025-04-10 10:00:00+00:00,20.349999999999998,21.475
2025-04-10 11:00:00+00:00,20.1,21.35
2025-04-10 12:00:00+00:00,19.725,21.375
2025-04-10 13:00:00+00:00,20.2,21.349999999999998
2025-04-10 14:00:00+00:00,20.924999999999997,21.5
2025-04-10 15:00:00+00:00,21.75,21.675
2025-04-10 16:00:00+00:00,22.125,22.05
2025-04-10 17:00:00+00:00,22.45,22.325000000000003
2025-04-10 18:00:00+00:00,22.775,22.724999999999998
2025-04-10 19:00:00+00:00,22.975,23.374999999999996
2025-04-10 20:00:00+00:00,23.174999999999997,23.95
2025-04-10 21:00:00+00:00,23.325000000000003,24.125
2025-04-10 22:00:00+00:00,23.125,24.4
2025-04-10 23:00:00+00:00,23.0,24.2
2025-04-11 00:00:00+00:00,22.75,24.125
2025-04-11 01:00:00+00:00,22.25,24.3
2025-04-11 02:00:00+00:00,21.699999999999996,23.9
2025-04-11 03:00:00+00:00,21.424999999999997,23.724999999999998
2025-04-11 04:00:00+00:00,21.275,23.700000000000003
2025-04-11 05:00:00+00:00,21.25,23.574999999999996
2025-04-11 06:00:00+00:00,21.2,23.375
2025-04-11 07:00:00+00:00,20.65,23.35
2025-04-11 08:00:00+00:00,20.700000000000003,23.2
2025-04-11 09:00:00+00:00,20.65,22.975
2025-04-11 10:00:00+00:00,18.525,22.925
2025-04-11 11:00:00+00:00,18.15,22.8
2025-04-11 12:00:00+00:00,17.925,22.625
2025-04-11 13:00:00+00:00,18.2,22.45
2025-04-11 14:00:00+00:00,19.325,22.4
2025-04-11 15:00:00+00:00,20.299999999999997,22.825
2025-04-11 16:00:00+00:00,21.224999999999998,23.125
2025-04-11 17:00:00+00:00,21.85,23.675
2025-04-11 18:00:00+00:00,23.3,24.200000000000003
2025-04-11 19:00:00+00:00,24.15,24.95
2025-04-11 20:00:00+00:00,24.075,25.425
2025-04-11 21:00:00+00:00,24.3,25.674999999999997
2025-04-11 22:00:00+00:00,24.549999999999997,25.975
2025-04-11 23:00:00+00:00,24.775,26.224999999999998
2025-04-12 00:00:00+00:00,24.599999999999998,26.35
2025-04-12 01:00:00+00:00,23.575,26.575
2025-04-12 02:00:00+00:00,22.8,26.325
2025-04-12 03:00:00+00:00,22.4,25.35
2025-04-12 04:00:00+00:00,22.125,25.275
2025-04-12 05:00:00+00:00,21.724999999999998,24.85
2025-04-12 06:00:00+00:00,21.4,24.599999999999998
2025-04-12 07:00:00+00:00,20.65,24.049999999999997
2025-04-12 08:00:00+00:00,20.125,23.950000000000003
2025-04-12 09:00:00+00:00,19.699999999999996,23.924999999999997
2025-04-12 10:00:00+00:00,19.8,23.575000000000003
2025-04-12 11:00:00+00:00,19.0,23.575
2025-04-12 12:00:00+00:00,19.299999999999997,23.425
2025-04-12 13:00:00+00:00,19.725,23.15
2025-04-12 14:00:00+00:00,21.15,23.325
2025-04-12 15:00:00+00:00,21.625,23.575
2025-04-12 16:00:00+00:00,22.349999999999998,24.075
2025-04-12 17:00:00+00:00,22.375,24.549999999999997
2025-04-12 18:00:00+00:00,22.65,25.25
2025-04-12 19:00:00+00:00,23.575,25.625
2025-04-12 20:00:00+00:00,23.799999999999997,26.525
2025-04-12 21:00:00+00:00,23.575000000000003,26.525
2025-04-12 22:00:00+00:00,23.575,26.799999999999997
2025-04-12 23:00:00+00:00,23.424999999999997,26.625
2025-04-13 00:00:00+00:00,23.025,26.325
2025-04-13 01:00:00+00:00,22.45,26.175
2025-04-13 02:00:00+00:00,22.1,25.8
2025-04-13 03:00:00+00:00,22.075,25.550000000000004
2025-04-13 04:00:00+00:00,22.1,25.25
2025-04-13 05:00:00+00:00,22.175000000000004,24.825
2025-04-13 06:00:00+00:00,22.275000000000002,25.049999999999997
2025-04-13 07:00:00+00:00,22.075,24.525000000000002
2025-04-13 08:00:00+00:00,22.025000000000002,24.275
2025-04-13 09:00:00+00:00,21.9,24.025
2025-04-13 10:00:00+00:00,21.85,23.975
2025-04-13 11:00:00+00:00,21.75,23.775
2025-04-13 12:00:00+00:00,21.775,23.674999999999997
2025-04-13 13:00:00+00:00,22.0,23.475
2025-04-13 14:00:00+00:00,22.3,23.45
2025-04-13 15:00:00+00:00,22.700000000000003,23.474999999999998
2025-04-13 16:00:00+00:00,23.0,24.0
2025-04-13 17:00:00+00:00,23.375,24.450000000000003
2025-04-13 18:00:00+00:00,23.474999999999998,25.05
2025-04-13 19:00:00+00:00,23.75,25.475
2025-04-13 20:00:00+00:00,23.75,25.925
2025-04-13 21:00:00+00:00,23.875,26.125
2025-04-13 22:00:00+00:00,23.85,26.35
2025-04-13 23:00:00+00:00,23.7,26.275000000000002
2025-04-14 00:00:00+00:00,23.5,26.1
2025-04-14 01:00:00+00:00,23.125,25.625
2025-04-14 02:00:00+00:00,22.799999999999997,25.35
2025-04-14 03:00:00+00:00,22.674999999999997,25.05
2025-04-14 04:00:00+00:00,22.575000000000003,24.7
2025-04-14 05:00:00+00:00,22.625,24.525000000000002
2025-04-14 06:00:00+00:00,22.425,24.4
2025-04-14 07:00:00+00:00,22.474999999999998,23.950000000000003
2025-04-14 08:00:00+00:00,22.45,23.775
2025-04-14 09:00:00+00:00,22.425000000000004,23.725
2025-04-14 10:00:00+00:00,22.35,23.575
2025-04-14 11:00:00+00:00,22.325,23.25
2025-04-14 12:00:00+00:00,22.325,23.25
2025-04-14 13:00:00+00:00,22.275000000000002,23.125
2025-04-14 14:00:00+00:00,22.675,22.950000000000003
2025-04-14 15:00:00+00:00,22.9,23.225
2025-04-14 16:00:00+00:00,23.275000000000002,23.45
2025-04-14 17:00:00+00:00,23.6,23.825000000000003
2025-04-14 18:00:00+00:00,23.875,24.225
2025-04-14 19:00:00+00:00,23.975,24.700000000000003
2025-04-14 20:00:00+00:00,23.95,24.95
2025-04-14 21:00:00+00:00,24.0,25.099999999999998
2025-04-14 22:00:00+00:00,24.0,25.575
2025-04-14 23:00:00+00:00,23.875,25.800000000000004
2025-04-15 00:00:00+00:00,23.675,25.525000000000002
2025-04-15 01:00:00+00:00,23.125,25.05
2025-04-15 02:00:00+00:00,22.674999999999997,24.875
2025-04-15 03:00:00+00:00,22.55,24.775000000000002
2025-04-15 04:00:00+00:00,22.375,24.55
2025-04-15 05:00:00+00:00,22.224999999999998,24.375
2025-04-15 06:00:00+00:00,22.25,24.200000000000003
2025-04-15 07:00:00+00:00,22.075,24.125
2025-04-15 08:00:00+00:00,22.05,24.0
2025-04-15 09:00:00+00:00,22.15,23.95
2025-04-15 10:00:00+00:00,22.199999999999996,23.725
2025-04-15 11:00:00+00:00,21.9,23.475
2025-04-15 12:00:00+00:00,21.375,23.275
2025-04-15 13:00:00+00:00,20.674999999999997,23.2
2025-04-15 14:00:00+00:00,22.025,23.325
2025-04-15 15:00:00+00:00,22.45,23.575
2025-04-15 16:00:00+00:00,23.15,24.125
2025-04-15 17:00:00+00:00,23.7,24.65
2025-04-15 18:00:00+00:00,24.0,25.1
2025-04-15 19:00:00+00:00,24.400000000000002,25.85
2025-04-15 20:00:00+00:00,24.725,26.275000000000002
2025-04-15 21:00:00+00:00,24.750000000000004,26.475
2025-04-15 22:00:00+00:00,24.474999999999998,26.675
2025-04-15 23:00:00+00:00,24.2,26.825
2025-04-16 00:00:00+00:00,23.725,26.35
2025-04-16 01:00:00+00:00,23.225,26.175
2025-04-16 02:00:00+00:00,22.675,25.85
2025-04-16 03:00:00+00:00,22.375,25.475
2025-04-16 04:00:00+00:00,22.4,25.175
2025-04-16 05:00:00+00:00,22.175,25.025
2025-04-16 06:00:00+00:00,22.075,24.775000000000002
2025-04-16 07:00:00+00:00,21.65,24.575
2025-04-16 08:00:00+00:00,21.674999999999997,24.325
2025-04-16 09:00:00+00:00,21.375,24.225
2025-04-16 10:00:00+00:00,21.099999999999998,23.700000000000003
2025-04-16 11:00:00+00:00,21.15,23.650000000000002
2025-04-16 12:00:00+00:00,21.1,23.525
2025-04-16 13:00:00+00:00,21.85,23.6
2025-04-16 14:00:00+00:00,22.6,24.050000000000004
2025-04-16 15:00:00+00:00,23.199999999999996,24.125
2025-04-16 16:00:00+00:00,23.325,24.65
2025-04-16 17:00:00+00:00,23.474999999999998,24.95
2025-04-16 18:00:00+00:00,23.725,25.25
2025-04-16 19:00:00+00:00,23.775,25.549999999999997
2025-04-16 20:00:00+00:00,23.85,25.75
2025-04-16 21:00:00+00:00,23.975,25.775
2025-04-16 22:00:00+00:00,23.875,25.875
2025-04-16 23:00:00+00:00,23.674999999999997,25.85
2025-04-17 00:00:00+00:00,23.425,25.725
2025-04-17 01:00:00+00:00,23.025,25.449999999999996
2025-04-17 02:00:00+00:00,22.825000000000003,25.35
2025-04-17 03:00:00+00:00,22.75,25.175
2025-04-17 04:00:00+00:00,22.725,25.05
2025-04-17 05:00:00+00:00,22.849999999999998,24.974999999999998
2025-04-17 06:00:00+00:00,22.8,24.9
2025-04-17 07:00:00+00:00,22.825,24.674999999999997
2025-04-17 08:00:00+00:00,22.799999999999997,24.5
2025-04-17 09:00:00+00:00,22.725,24.150000000000002
2025-04-17 10:00:00+00:00,22.65,23.525000000000002
2025-04-17 11:00:00+00:00,22.474999999999998,23.475
2025-04-17 12:00:00+00:00,22.425,23.474999999999998
2025-04-17 13:00:00+00:00,22.575,23.424999999999997
2025-04-17 14:00:00+00:00,23.025,23.699999999999996
2025-04-17 15:00:00+00:00,23.425,24.0
2025-04-17 16:00:00+00:00,23.775,24.3
2025-04-17 17:00:00+00:00,23.950000000000003,24.575000000000003
2025-04-17 18:00:00+00:00,24.075000000000003,24.75
2025-04-17 19:00:00+00:00,24.200000000000003,25.075
2025-04-17 20:00:00+00:00,24.275,25.450000000000003
2025-04-17 21:00:00+00:00,24.425000000000004,25.575000000000003
2025-04-17 22:00:00+00:00,24.225,25.65
2025-04-17 23:00:00+00:00,24.125,25.650000000000002
2025-04-18 00:00:00+00:00,23.950000000000003,25.5
2025-04-18 01:00:00+00:00,23.674999999999997,25.325
2025-04-18 02:00:00+00:00,23.575000000000003,25.225
2025-04-18 03:00:00+00:00,23.525000000000002,25.125
2025-04-18 04:00:00+00:00,23.45,25.1
2025-04-18 05:00:00+00:00,23.299999999999997,24.975
2025-04-18 06:00:00+00:00,23.400000000000002,24.85
2025-04-18 07:00:00+00:00,23.5,24.775
2025-04-18 08:00:00+00:00,23.5,24.650000000000002
2025-04-18 09:00:00+00:00,23.575000000000003,24.475
2025-04-18 10:00:00+00:00,23.725,24.200000000000003
2025-04-18 11:00:00+00:00,23.799999999999997,24.125
2025-04-18 12:00:00+00:00,23.75,24.125
2025-04-18 13:00:00+00:00,23.799999999999997,24.075
2025-04-18 14:00:00+00:00,23.950000000000003,24.125
2025-04-18 15:00:00+00:00,24.2,24.55
2025-04-18 16:00:00+00:00,24.575,24.875
2025-04-18 17:00:00+00:00,24.75,25.2
2025-04-18 18:00:00+00:00,24.925,25.525
2025-04-18 19:00:00+00:00,24.974999999999998,25.75
2025-04-18 20:00:00+00:00,24.975,25.85
2025-04-18 21:00:00+00:00,24.950000000000003,25.975
2025-04-18 22:00:00+00:00,24.825000000000003,26.0
2025-04-18 23:00:00+00:00,24.9,25.900000000000002
2025-04-19 00:00:00+00:00,24.7,25.924999999999997
2025-04-19 01:00:00+00:00,24.549999999999997,25.8
2025-04-19 02:00:00+00:00,24.375,25.675
2025-04-19 03:00:00+00:00,24.175,25.625
2025-04-19 04:00:00+00:00,24.0,25.599999999999998
2025-04-19 05:00:00+00:00,23.85,25.55
2025-04-19 06:00:00+00:00,23.625,25.5
2025-04-19 07:00:00+00:00,23.45,25.35
2025-04-19 08:00:00+00:00,23.425,25.325
2025-04-19 09:00:00+00:00,23.375,25.225
2025-04-19 10:00:00+00:00,23.35,25.025
2025-04-19 11:00:00+00:00,23.375,24.95
2025-04-19 12:00:00+00:00,23.425,24.924999999999997
2025-04-19 13:00:00+00:00,23.6,24.75
2025-04-19 14:00:00+00:00,24.000000000000004,24.550000000000004
2025-04-19 15:00:00+00:00,24.5,24.75
2025-04-19 16:00:00+00:00,24.799999999999997,24.924999999999997
2025-04-19 17:00:00+00:00,25.0,25.25
2025-04-19 18:00:00+00:00,25.05,25.5
2025-04-19 19:00:00+00:00,25.025,25.6
2025-04-19 20:00:00+00:00,25.025,25.7
2025-04-19 21:00:00+00:00,25.075000000000003,25.549999999999997
2025-04-19 22:00:00+00:00,24.924999999999997,25.6
2025-04-19 23:00:00+00:00,24.849999999999998,25.6
2025-04-20 00:00:00+00:00,24.6,25.599999999999998
2025-04-20 01:00:00+00:00,24.325,25.575
2025-04-20 02:00:00+00:00,24.15,25.5
2025-04-20 03:00:00+00:00,24.125,25.400000000000002
2025-04-20 04:00:00+00:00,24.075,25.35
2025-04-20 05:00:00+00:00,24.025000000000002,25.275
2025-04-20 06:00:00+00:00,23.924999999999997,25.25
2025-04-20 07:00:00+00:00,23.900000000000002,25.1
2025-04-20 08:00:00+00:00,23.825,24.925
2025-04-20 09:00:00+00:00,23.675,24.925
2025-04-20 10:00:00+00:00,23.825,24.675
2025-04-20 11:00:00+00:00,23.8,24.549999999999997
2025-04-20 12:00:00+00:00,23.675,24.625
2025-04-20 13:00:00+00:00,23.775,24.75
2025-04-20 14:00:00+00:00,24.650000000000002,24.849999999999998
2025-04-20 15:00:00+00:00,25.2,24.924999999999997
2025-04-20 16:00:00+00:00,25.575,25.15
2025-04-20 17:00:00+00:00,25.625,25.55
2025-04-20 18:00:00+00:00,25.575000000000003,25.849999999999998
2025-04-20 19:00:00+00:00,25.625,26.075000000000003
2025-04-20 20:00:00+00:00,25.625,26.4
2025-04-20 21:00:00+00:00,25.575000000000003,26.549999999999997
2025-04-20 22:00:00+00:00,25.474999999999998,26.700000000000003
2025-04-20 23:00:00+00:00,25.424999999999997,26.675
2025-04-21 00:00:00+00:00,25.125,26.775
2025-04-21 01:00:00+00:00,25.025,26.549999999999997
2025-04-21 02:00:00+00:00,24.874999999999996,26.625
2025-04-21 03:00:00+00:00,24.775,26.55
2025-04-21 04:00:00+00:00,24.675,26.475
2025-04-21 05:00:00+00:00,24.425,26.425
2025-04-21 06:00:00+00:00,24.325000000000003,26.325000000000003
2025-04-21 07:00:00+00:00,24.325,26.275000000000002
2025-04-21 08:00:00+00:00,24.175,26.174999999999997
2025-04-21 09:00:00+00:00,24.150000000000002,26.15
2025-04-21 10:00:00+00:00,24.150000000000002,26.075
2025-04-21 11:00:00+00:00,23.975,26.025
2025-04-21 12:00:00+00:00,23.975,25.924999999999997
2025-04-21 13:00:00+00:00,23.625,25.849999999999998
2025-04-21 14:00:00+00:00,23.624999999999996,25.825
2025-04-21 15:00:00+00:00,23.4,25.9
2025-04-21 16:00:00+00:00,22.775,25.95
2025-04-21 17:00:00+00:00,22.674999999999997,26.025000000000002
2025-04-21 18:00:00+00:00,22.3,25.949999999999996
2025-04-21 19:00:00+00:00,21.625,25.75
2025-04-21 20:00:00+00:00,22.299999999999997,25.825000000000003
2025-04-21 21:00:00+00:00,23.325,26.075
2025-04-21 22:00:00+00:00,24.674999999999997,26.325000000000003
2025-04-21 23:00:00+00:00,24.775,26.525
2025-04-22 00:00:00+00:00,24.625,26.475
2025-04-22 01:00:00+00:00,24.075,26.375
2025-04-22 02:00:00+00:00,23.625,26.25
2025-04-22 03:00:00+00:00,23.6,26.175
2025-04-22 04:00:00+00:00,23.375,26.025000000000002
2025-04-22 05:00:00+00:00,23.424999999999997,25.924999999999997
2025-04-22 06:00:00+00:00,23.5,25.825
2025-04-22 07:00:00+00:00,23.375,25.75
2025-04-22 08:00:00+00:00,22.925,25.674999999999997
2025-04-22 09:00:00+00:00,22.874999999999996,25.675
2025-04-22 10:00:00+00:00,23.225,25.6
2025-04-22 11:00:00+00:00,23.424999999999997,25.575
2025-04-22 12:00:00+00:00,23.25,25.499999999999996
2025-04-22 13:00:00+00:00,23.425000000000004,25.425
2025-04-22 14:00:00+00:00,24.025,25.4
2025-04-22 15:00:00+00:00,24.525,25.5
2025-04-22 16:00:00+00:00,24.9,25.749999999999996
2025-04-22 17:00:00+00:00,25.150000000000002,26.125
2025-04-22 18:00:00+00:00,25.425,26.55
2025-04-22 19:00:00+00:00,25.450000000000003,26.85
2025-04-22 20:00:00+00:00,25.45,27.099999999999998
2025-04-22 21:00:00+00:00,25.724999999999998,27.4
2025-04-22 22:00:00+00:00,25.75,27.475
2025-04-22 23:00:00+00:00,25.55,27.375
2025-04-23 00:00:00+00:00,25.174999999999997,27.2
2025-04-23 01:00:00+00:00,24.725,27.025000000000002
2025-04-23 02:00:00+00:00,24.45,27.025
2025-04-23 03:00:00+00:00,24.424999999999997,26.775
2025-04-23 04:00:00+00:00,24.275000000000002,26.6
2025-04-23 05:00:00+00:00,24.200000000000003,26.675
2025-04-23 06:00:00+00:00,24.200000000000003,26.475
2025-04-23 07:00:00+00:00,24.225,26.450000000000003
2025-04-23 08:00:00+00:00,24.225,26.35
2025-04-23 09:00:00+00:00,24.275,26.224999999999998
2025-04-23 10:00:00+00:00,24.325,26.175
2025-04-23 11:00:00+00:00,24.375,26.15
2025-04-23 12:00:00+00:00,24.325000000000003,26.099999999999998
2025-04-23 13:00:00+00:00,24.125,26.0
2025-04-23 14:00:00+00:00,22.5,25.85
2025-04-23 15:00:00+00:00,22.875,25.775000000000002
2025-04-23 16:00:00+00:00,23.674999999999997,25.875
2025-04-23 17:00:00+00:00,24.325000000000003,26.25
2025-04-23 18:00:00+00:00,24.525,26.65
2025-04-23 19:00:00+00:00,25.025,27.0
2025-04-23 20:00:00+00:00,25.35,27.225
2025-04-23 21:00:00+00:00,25.6,27.474999999999998
2025-04-23 22:00:00+00:00,25.625,27.475
2025-04-23 23:00:00+00:00,25.575000000000003,27.400000000000002
2025-04-24 00:00:00+00:00,25.224999999999998,27.35
2025-04-24 01:00:00+00:00,24.8,27.3
2025-04-24 02:00:00+00:00,24.574999999999996,27.249999999999996
2025-04-24 03:00:00+00:00,24.625,27.1
2025-04-24 04:00:00+00:00,24.574999999999996,27.125
2025-04-24 05:00:00+00:00,24.625,26.924999999999997
2025-04-24 06:00:00+00:00,24.55,26.849999999999998
2025-04-24 07:00:00+00:00,24.55,26.725
2025-04-24 08:00:00+00:00,24.55,26.599999999999998
2025-04-24 09:00:00+00:00,24.349999999999998,26.475
2025-04-24 10:00:00+00:00,24.25,26.375
2025-04-24 11:00:00+00:00,24.200000000000003,26.299999999999997
2025-04-24 12:00:00+00:00,24.125,26.2
2025-04-24 13:00:00+00:00,24.5,26.225
2025-04-24 14:00:00+00:00,24.65,26.099999999999998
2025-04-24 15:00:00+00:00,25.15,26.325
2025-04-24 16:00:00+00:00,25.25,26.15
2025-04-24 17:00:00+00:00,25.46666666666667,27.0
2025-04-24 18:00:00+00:00,25.599999999999998,27.366666666666664
2025-04-24 19:00:00+00:00,25.600000000000005,27.666666666666668
2025-04-24 20:00:00+00:00,25.525,27.65
2025-04-24 21:00:00+00:00,25.7,27.9
2025-04-24 22:00:00+00:00,25.625,27.875
2025-04-24 23:00:00+00:00,25.675,27.825000000000003
2025-04-25 00:00:00+00:00,25.275,27.800000000000004
2025-04-25 01:00:00+00:00,25.2,27.699999999999996
2025-04-25 02:00:00+00:00,25.074999999999996,27.674999999999997
2025-04-25 03:00:00+00:00,25.025,27.575
2025-04-25 04:00:00+00:00,24.974999999999998,27.35
2025-04-25 05:00:00+00:00,24.8,27.175
2025-04-25 06:00:00+00:00,24.825000000000003,27.0
2025-04-25 07:00:00+00:00,24.724999999999998,26.9
2025-04-25 08:00:00+00:00,24.65,26.8
2025-04-25 09:00:00+00:00,24.625,26.700000000000003
2025-04-25 10:00:00+00:00,24.625,26.675000000000004
2025-04-25 11:00:00+00:00,24.625,26.674999999999997
2025-04-25 12:00:00+00:00,24.6,26.674999999999997
2025-04-25 13:00:00+00:00,24.7,26.625
2025-04-25 14:00:00+00:00,25.175,26.599999999999998
2025-04-25 15:00:00+00:00,25.35,26.674999999999997
2025-04-25 16:00:00+00:00,25.55,26.924999999999997
2025-04-25 17:00:00+00:00,25.475,27.025
2025-04-25 18:00:00+00:00,25.625,27.200000000000003
2025-04-25 19:00:00+00:00,25.875,27.575000000000003
2025-04-25 20:00:00+00:00,26.1,27.95
2025-04-25 21:00:00+00:00,26.025,28.125
2025-04-25 22:00:00+00:00,25.925,28.15
2025-04-25 23:00:00+00:00,25.9,28.025
2025-04-26 00:00:00+00:00,25.550000000000004,27.925
2025-04-26 01:00:00+00:00,25.15,27.75
2025-04-26 02:00:00+00:00,24.825000000000003,27.575
2025-04-26 03:00:00+00:00,24.775,27.425
2025-04-26 04:00:00+00:00,24.625,27.35
2025-04-26 05:00:00+00:00,24.625,27.175000000000004
2025-04-26 06:00:00+00:00,24.525,27.075
2025-04-26 07:00:00+00:00,24.450000000000003,26.95
2025-04-26 08:00:00+00:00,24.3,26.875
2025-04-26 09:00:00+00:00,24.224999999999998,26.825
2025-04-26 10:00:00+00:00,24.175,26.7
2025-04-26 11:00:00+00:00,24.25,26.675000000000004
2025-04-26 12:00:00+00:00,24.225,26.525
2025-04-26 13:00:00+00:00,24.575,26.475
2025-04-26 14:00:00+00:00,24.8,26.475
2025-04-26 15:00:00+00:00,25.025,26.55
2025-04-26 16:00:00+00:00,25.325,26.700000000000003
2025-04-26 17:00:00+00:00,25.275,26.799999999999997
2025-04-26 18:00:00+00:00,25.475,26.95
2025-04-26 19:00:00+00:00,25.575000000000003,26.999999999999996
2025-04-26 20:00:00+00:00,25.7,27.075
2025-04-26 21:00:00+00:00,25.625,27.375
2025-04-26 22:00:00+00:00,25.575000000000003,27.525000000000002
2025-04-26 23:00:00+00:00,25.474999999999998,27.575000000000003
2025-04-27 00:00:00+00:00,25.225,27.475
2025-04-27 01:00:00+00:00,25.075,27.45
2025-04-27 02:00:00+00:00,24.95,27.25
2025-04-27 03:00:00+00:00,24.85,27.1
2025-04-27 04:00:00+00:00,24.875,27.025
2025-04-27 05:00:00+00:00,24.775000000000002,26.849999999999998
2025-04-27 06:00:00+00:00,24.7,26.85
2025-04-27 07:00:00+00:00,24.625,26.749999999999996
2025-04-27 08:00:00+00:00,24.475,26.549999999999997
2025-04-27 09:00:00+00:00,24.5,26.55
2025-04-27 10:00:00+00:00,24.275,26.374999999999996
2025-04-27 11:00:00+00:00,24.249999999999996,26.225
2025-04-27 12:00:00+00:00,24.174999999999997,26.0
2025-04-27 13:00:00+00:00,24.475,26.1
2025-04-27 14:00:00+00:00,24.95,26.225
2025-04-27 15:00:00+00:00,25.25,26.424999999999997
2025-04-27 16:00:00+00:00,25.625,26.55
2025-04-27 17:00:00+00:00,25.549999999999997,26.7
2025-04-27 18:00:00+00:00,25.674999999999997,26.900000000000002
2025-04-27 19:00:00+00:00,25.775000000000002,27.025
2025-04-27 20:00:00+00:00,25.975,27.224999999999998
2025-04-27 21:00:00+00:00,25.950000000000003,27.4
2025-04-27 22:00:00+00:00,26.025,27.525
2025-04-27 23:00:00+00:00,25.875,27.625
2025-04-28 00:00:00+00:00,25.625,27.474999999999998
2025-04-28 01:00:00+00:00,25.275000000000002,27.35
2025-04-28 02:00:00+00:00,25.15,27.200000000000003
2025-04-28 03:00:00+00:00,25.1,27.099999999999998
2025-04-28 04:00:00+00:00,25.000000000000004,26.925
2025-04-28 05:00:00+00:00,24.924999999999997,26.875
2025-04-28 06:00:00+00:00,24.85,26.775
2025-04-28 07:00:00+00:00,24.849999999999998,26.7
2025-04-28 08:00:00+00:00,24.950000000000003,26.525
2025-04-28 09:00:00+00:00,24.775,26.3
2025-04-28 10:00:00+00:00,24.675000000000004,26.200000000000003
2025-04-28 11:00:00+00:00,24.65,26.125
2025-04-28 12:00:00+00:00,24.775,26.1
2025-04-28 13:00:00+00:00,24.9,26.0
2025-04-28 14:00:00+00:00,25.1,26.200000000000003
2025-04-28 15:00:00+00:00,25.3,26.375
2025-04-28 16:00:00+00:00,25.325,26.425
2025-04-28 17:00:00+00:00,25.624999999999996,26.474999999999998
2025-04-28 18:00:00+00:00,25.799999999999997,26.674999999999997
2025-04-28 19:00:00+00:00,25.975,26.85
2025-04-28 20:00:00+00:00,26.075,27.025
2025-04-28 21:00:00+00:00,25.95,27.1
2025-04-28 22:00:00+00:00,26.050000000000004,27.325000000000003
2025-04-28 23:00:00+00:00,25.925,27.3
2025-04-29 00:00:00+00:00,25.725,27.375
2025-04-29 01:00:00+00:00,25.35,27.225
2025-04-29 02:00:00+00:00,25.200000000000003,27.15
2025-04-29 03:00:00+00:00,25.125,27.0
2025-04-29 04:00:00+00:00,25.0,26.825000000000003
2025-04-29 05:00:00+00:00,24.875,26.65
2025-04-29 06:00:00+00:00,24.924999999999997,26.45
2025-04-29 07:00:00+00:00,24.8,26.375000000000004
2025-04-29 08:00:00+00:00,24.724999999999998,26.275
2025-04-29 09:00:00+00:00,24.725,26.05
2025-04-29 10:00:00+00:00,24.599999999999998,25.900000000000002
2025-04-29 11:00:00+00:00,24.650000000000002,25.825
2025-04-29 12:00:00+00:00,24.724999999999998,25.75
2025-04-29 13:00:00+00:00,24.775000000000002,25.674999999999997
2025-04-29 14:00:00+00:00,25.0,25.75
2025-04-29 15:00:00+00:00,25.375,26.075000000000003
2025-04-29 16:00:00+00:00,25.7,26.35
2025-04-29 17:00:00+00:00,25.874999999999996,26.575
2025-04-29 18:00:00+00:00,26.025,26.7
2025-04-29 19:00:00+00:00,25.950000000000003,26.875
2025-04-29 20:00:00+00:00,26.075000000000003,27.3
2025-04-29 21:00:00+00:00,25.875,27.325000000000003
2025-04-29 22:00:00+00:00,25.674999999999997,27.2
2025-04-29 23:00:00+00:00,25.674999999999997,27.075000000000003
2025-04-30 00:00:00+00:00,25.625,27.1
2025-04-30 01:00:00+00:00,25.35,27.0
2025-04-30 02:00:00+00:00,25.325,26.975
2025-04-30 03:00:00+00:00,25.425,26.9
2025-04-30 04:00:00+00:00,25.424999999999997,26.85
2025-04-30 05:00:00+00:00,25.35,26.775
2025-04-30 06:00:00+00:00,25.475,26.650000000000002
2025-04-30 07:00:00+00:00,25.5,26.525
2025-04-30 08:00:00+00:00,25.450000000000003,26.425000000000004
2025-04-30 09:00:00+00:00,25.4,26.225
2025-04-30 10:00:00+00:00,25.3,26.049999999999997
2025-04-30 11:00:00+00:00,25.299999999999997,26.05
2025-04-30 12:00:00+00:00,25.325000000000003,25.975
2025-04-30 13:00:00+00:00,25.35,25.924999999999997
2025-04-30 14:00:00+00:00,25.525000000000002,26.0
2025-04-30 15:00:00+00:00,25.725,26.174999999999997
2025-04-30 16:00:00+00:00,25.8,26.324999999999996
2025-04-30 17:00:00+00:00,26.075000000000003,26.6
2025-04-30 18:00:00+00:00,26.200000000000003,26.775000000000002
2025-04-30 19:00:00+00:00,26.4,27.025
2025-04-30 20:00:00+00:00,26.299999999999997,27.275
2025-04-30 21:00:00+00:00,26.375,27.4
2025-04-30 22:00:00+00:00,26.3,27.45
2025-04-30 23:00:00+00:00,26.174999999999997,27.45
2025-05-01 00:00:00+00:00,26.0,27.499999999999996
2025-05-01 01:00:00+00:00,25.799999999999997,27.349999999999998
2025-05-01 02:00:00+00:00,25.724999999999998,27.275
2025-05-01 03:00:00+00:00,25.675,27.225
2025-05-01 04:00:00+00:00,25.75,27.075000000000003
2025-05-01 05:00:00+00:00,25.85,26.999999999999996
2025-05-01 06:00:00+00:00,25.875,26.85
2025-05-01 07:00:00+00:00,25.799999999999997,26.8
2025-05-01 08:00:00+00:00,25.549999999999997,26.700000000000003
2025-05-01 09:00:00+00:00,25.525,26.65
2025-05-01 10:00:00+00:00,25.525000000000002,26.575
2025-05-01 11:00:00+00:00,25.4,26.525000000000002
2025-05-01 12:00:00+00:00,25.35,26.425
2025-05-01 13:00:00+00:00,25.625,26.35
2025-05-01 14:00:00+00:00,25.924999999999997,26.375
2025-05-01 15:00:00+00:00,26.0,26.625
2025-05-01 16:00:00+00:00,26.075000000000003,26.8
2025-05-01 17:00:00+00:00,26.225,26.974999999999998
2025-05-01 18:00:00+00:00,26.225,27.15
2025-05-01 19:00:00+00:00,26.249999999999996,27.25
2025-05-01 20:00:00+00:00,26.25,27.4
2025-05-01 21:00:00+00:00,26.349999999999998,27.525000000000002
2025-05-01 22:00:00+00:00,26.3,27.675
2025-05-01 23:00:00+00:00,26.075000000000003,27.799999999999997
2025-05-02 00:00:00+00:00,25.875,27.775
2025-05-02 01:00:00+00:00,25.65,27.7
2025-05-02 02:00:00+00:00,25.650000000000002,27.6
2025-05-02 03:00:00+00:00,25.650000000000002,27.575000000000003
2025-05-02 04:00:00+00:00,25.674999999999997,27.525
2025-05-02 05:00:00+00:00,25.325000000000003,27.35
2025-05-02 06:00:00+00:00,25.25,27.275
2025-05-02 07:00:00+00:00,25.1,27.1
2025-05-02 08:00:00+00:00,24.85,27.225
2025-05-02 09:00:00+00:00,25.125000000000004,27.1
2025-05-02 10:00:00+00:00,25.074999999999996,27.050000000000004
2025-05-02 11:00:00+00:00,25.125,26.875
2025-05-02 12:00:00+00:00,25.200000000000003,26.725
2025-05-02 13:00:00+00:00,25.525,26.674999999999997
2025-05-02 14:00:00+00:00,25.85,26.7
2025-05-02 15:00:00+00:00,25.975,26.825
2025-05-02 16:00:00+00:00,26.200000000000003,27.049999999999997
2025-05-02 17:00:00+00:00,26.3,27.450000000000003
2025-05-02 18:00:00+00:00,26.424999999999997,27.724999999999998
2025-05-02 19:00:00+00:00,26.450000000000003,27.95
2025-05-02 20:00:00+00:00,26.575,28.174999999999997
2025-05-02 21:00:00+00:00,26.575,28.424999999999997
2025-05-02 22:00:00+00:00,26.575,28.724999999999998
2025-05-02 23:00:00+00:00,26.299999999999997,28.775
2025-05-03 00:00:00+00:00,26.175,28.525
2025-05-03 01:00:00+00:00,26.025,28.3
2025-05-03 02:00:00+00:00,25.950000000000003,28.099999999999998
2025-05-03 03:00:00+00:00,26.075000000000003,28.075
2025-05-03 04:00:00+00:00,25.25,27.950000000000003
2025-05-03 05:00:00+00:00,24.4,27.775000000000002
2025-05-03 06:00:00+00:00,23.65,27.674999999999997
2025-05-03 07:00:00+00:00,22.224999999999998,27.55
2025-05-03 08:00:00+00:00,21.5,27.325000000000003
2025-05-03 09:00:00+00:00,21.450000000000003,27.15
2025-05-03 10:00:00+00:00,20.625,26.925
2025-05-03 11:00:00+00:00,20.225,26.625
2025-05-03 12:00:00+00:00,20.325000000000003,26.425
2025-05-03 13:00:00+00:00,20.45,26.1
2025-05-03 14:00:00+00:00,20.775000000000002,25.950000000000003
2025-05-03 15:00:00+00:00,21.224999999999998,25.825
2025-05-03 16:00:00+00:00,21.875,26.025000000000002
2025-05-03 17:00:00+00:00,22.875,26.35
2025-05-03 18:00:00+00:00,24.0,26.475
2025-05-03 19:00:00+00:00,24.9,27.049999999999997
2025-05-03 20:00:00+00:00,25.75,27.35
2025-05-03 21:00:00+00:00,26.0,27.5
2025-05-03 22:00:00+00:00,25.924999999999997,27.5
2025-05-03 23:00:00+00:00,26.025,27.4
2025-05-04 00:00:00+00:00,25.85,27.224999999999998
2025-05-04 01:00:00+00:00,24.925,26.975
2025-05-04 02:00:00+00:00,24.0,26.725
2025-05-04 03:00:00+00:00,23.3,26.5
2025-05-04 04:00:00+00:00,22.65,26.25
2025-05-04 05:00:00+00:00,22.200000000000003,26.075
2025-05-04 06:00:00+00:00,21.65,25.7
2025-05-04 07:00:00+00:00,21.025,25.299999999999997
2025-05-04 08:00:00+00:00,20.849999999999998,24.825
2025-05-04 09:00:00+00:00,20.4,24.525
2025-05-04 10:00:00+00:00,20.125,24.275000000000002
2025-05-04 11:00:00+00:00,19.85,24.050000000000004
2025-05-04 12:00:00+00:00,19.65,23.925
2025-05-04 13:00:00+00:00,19.7,23.575000000000003
2025-05-04 14:00:00+00:00,21.200000000000003,23.55
2025-05-04 15:00:00+00:00,22.6,23.825
2025-05-04 16:00:00+00:00,23.375,24.375
2025-05-04 17:00:00+00:00,23.975,24.8
2025-05-04 18:00:00+00:00,24.400000000000002,25.325
2025-05-04 19:00:00+00:00,24.599999999999998,25.725
2025-05-04 20:00:00+00:00,24.500000000000004,25.95
2025-05-04 21:00:00+00:00,24.45,26.225
2025-05-04 22:00:00+00:00,24.299999999999997,26.474999999999998
2025-05-04 23:00:00+00:00,24.325000000000003,26.425
2025-05-05 00:00:00+00:00,23.9,26.15
2025-05-05 01:00:00+00:00,23.475,25.950000000000003
2025-05-05 02:00:00+00:00,23.3,25.775
2025-05-05 03:00:00+00:00,23.174999999999997,25.599999999999998
2025-05-05 04:00:00+00:00,23.2,25.425
2025-05-05 05:00:00+00:00,23.049999999999997,25.275
2025-05-05 06:00:00+00:00,22.900000000000002,25.125
2025-05-05 07:00:00+00:00,23.025000000000002,25.05
2025-05-05 08:00:00+00:00,23.075,25.0
2025-05-05 09:00:00+00:00,23.575,24.875
2025-05-05 10:00:00+00:00,23.625,24.825
2025-05-05 11:00:00+00:00,23.275,24.75
2025-05-05 12:00:00+00:00,23.325000000000003,24.8
2025-05-05 13:00:00+00:00,23.9,24.799999999999997
2025-05-05 14:00:00+00:00,24.3,24.775
2025-05-05 15:00:00+00:00,24.75,24.775
2025-05-05 16:00:00+00:00,24.95,24.825
2025-05-05 17:00:00+00:00,25.025,24.925
2025-05-05 18:00:00+00:00,24.974999999999998,24.974999999999998
2025-05-05 19:00:00+00:00,24.575,25.025
2025-05-05 20:00:00+00:00,23.6,25.025
2025-05-05 21:00:00+00:00,25.075,25.049999999999997
2025-05-05 22:00:00+00:00,25.325,25.200000000000003
2025-05-05 23:00:00+00:00,25.174999999999997,25.325
2025-05-06 00:00:00+00:00,25.049999999999997,25.35
2025-05-06 01:00:00+00:00,25.2,25.35
2025-05-06 02:00:00+00:00,25.325000000000003,25.375
2025-05-06 03:00:00+00:00,25.275,25.35
2025-05-06 04:00:00+00:00,25.174999999999997,25.375
2025-05-06 05:00:00+00:00,25.15,25.375
2025-05-06 06:00:00+00:00,25.174999999999997,25.35
2025-05-06 07:00:00+00:00,25.1,25.35
2025-05-06 08:00:00+00:00,25.174999999999997,25.349999999999998
2025-05-06 09:00:00+00:00,25.3,25.374999999999996
2025-05-06 10:00:00+00:00,25.425,25.374999999999996
2025-05-06 11:00:00+00:00,25.5,25.374999999999996
2025-05-06 12:00:00+00:00,25.55,25.325
2025-05-06 13:00:00+00:00,25.7,25.325
2025-05-06 14:00:00+00:00,25.924999999999997,25.4
2025-05-06 15:00:00+00:00,26.125,25.549999999999997
2025-05-06 16:00:00+00:00,26.25,25.650000000000002
2025-05-06 17:00:00+00:00,26.25,25.75
2025-05-06 18:00:00+00:00,26.174999999999997,25.775
2025-05-06 19:00:00+00:00,26.125,25.925
2025-05-06 20:00:00+00:00,26.65,25.9
2025-05-06 21:00:00+00:00,26.95,26.025
2025-05-06 22:00:00+00:00,27.049999999999997,26.299999999999997
2025-05-06 23:00:00+00:00,27.1,26.5
2025-05-07 00:00:00+00:00,26.95,26.575000000000003
2025-05-07 01:00:00+00:00,26.525,26.6
2025-05-07 02:00:00+00:00,26.275,26.6
2025-05-07 03:00:00+00:00,25.425,26.7
2025-05-07 04:00:00+00:00,25.150000000000002,26.525
2025-05-07 05:00:00+00:00,25.275,26.5
2025-05-07 06:00:00+00:00,25.225,26.475
2025-05-07 07:00:00+00:00,25.199999999999996,26.45
2025-05-07 08:00:00+00:00,25.0,26.45
2025-05-07 09:00:00+00:00,24.35,26.375
2025-05-07 10:00:00+00:00,22.824999999999996,26.325
2025-05-07 11:00:00+00:00,21.875,26.025
2025-05-07 12:00:00+00:00,21.974999999999998,26.025
2025-05-07 13:00:00+00:00,22.15,25.925
2025-05-07 14:00:00+00:00,22.85,25.9
2025-05-07 15:00:00+00:00,23.85,26.0
2025-05-07 16:00:00+00:00,24.45,26.05
2025-05-07 17:00:00+00:00,24.75,26.2
2025-05-07 18:00:00+00:00,24.95,26.5
2025-05-07 19:00:00+00:00,25.325,26.7
2025-05-07 20:00:00+00:00,25.325000000000003,26.925
2025-05-07 21:00:00+00:00,25.45,27.125
2025-05-07 22:00:00+00:00,25.474999999999998,27.200000000000003
2025-05-07 23:00:00+00:00,25.125000000000004,27.325000000000003
2025-05-08 00:00:00+00:00,24.95,27.4
2025-05-08 01:00:00+00:00,24.725,27.475
2025-05-08 02:00:00+00:00,24.475,27.375
2025-05-08 03:00:00+00:00,24.325000000000003,27.375
2025-05-08 04:00:00+00:00,24.25,27.225
2025-05-08 05:00:00+00:00,24.175,27.175
2025-05-08 06:00:00+00:00,23.975,27.025
2025-05-08 07:00:00+00:00,23.799999999999997,26.925
2025-05-08 08:00:00+00:00,23.525,26.8
2025-05-08 09:00:00+00:00,23.3,26.700000000000003
2025-05-08 10:00:00+00:00,23.3,26.574999999999996
2025-05-08 11:00:00+00:00,23.299999999999997,26.375
2025-05-08 12:00:00+00:00,23.225,26.3
2025-05-08 13:00:00+00:00,23.125,26.275
2025-05-08 14:00:00+00:00,23.525,26.225
2025-05-08 15:00:00+00:00,24.3,26.325
2025-05-08 16:00:00+00:00,25.2,26.425000000000004
2025-05-08 17:00:00+00:00,25.775,26.674999999999997
2025-05-08 18:00:00+00:00,25.95,26.725
2025-05-08 19:00:00+00:00,26.35,26.925
2025-05-08 20:00:00+00:00,26.15,27.0
2025-05-08 21:00:00+00:00,25.9,27.125
2025-05-08 22:00:00+00:00,25.125,27.150000000000002
2025-05-08 23:00:00+00:00,24.950000000000003,27.099999999999998
2025-05-09 00:00:00+00:00,22.75,26.925
2025-05-09 01:00:00+00:00,21.799999999999997,26.825
2025-05-09 02:00:00+00:00,22.325000000000003,26.525000000000002
2025-05-09 03:00:00+00:00,22.549999999999997,26.35
2025-05-09 04:00:00+00:00,22.475,26.25
2025-05-09 05:00:00+00:00,22.125,26.05
2025-05-09 06:00:00+00:00,22.299999999999997,25.875
2025-05-09 07:00:00+00:00,22.174999999999997,25.775
2025-05-09 08:00:00+00:00,21.9,25.599999999999998
2025-05-09 09:00:00+00:00,21.225,25.375
2025-05-09 10:00:00+00:00,20.925,25.325
2025-05-09 11:00:00+00:00,21.175,25.225
2025-05-09 12:00:00+00:00,21.025,25.299999999999997
2025-05-09 13:00:00+00:00,21.325,25.05
2025-05-09 14:00:00+00:00,21.65,24.9
2025-05-09 15:00:00+00:00,21.85,24.85
2025-05-09 16:00:00+00:00,22.700000000000003,25.0
2025-05-09 17:00:00+00:00,23.7,25.4
2025-05-09 18:00:00+00:00,24.6,25.799999999999997
2025-05-09 19:00:00+00:00,25.174999999999997,26.15
2025-05-09 20:00:00+00:00,26.075,26.5
2025-05-09 21:00:00+00:00,26.475,26.8
2025-05-09 22:00:00+00:00,26.800000000000004,26.95
2025-05-09 23:00:00+00:00,26.775,27.05
2025-05-10 00:00:00+00:00,26.7,27.125
2025-05-10 01:00:00+00:00,25.799999999999997,27.075
2025-05-10 02:00:00+00:00,25.075000000000003,26.875
2025-05-10 03:00:00+00:00,24.4,26.775
2025-05-10 04:00:00+00:00,23.224999999999998,26.425
2025-05-10 05:00:00+00:00,22.35,26.1
2025-05-10 06:00:00+00:00,21.625,25.75
2025-05-10 07:00:00+00:00,21.1,25.4
2025-05-10 08:00:00+00:00,20.25,25.525
2025-05-10 09:00:00+00:00,19.424999999999997,25.15
2025-05-10 10:00:00+00:00,19.225,25.075
2025-05-10 11:00:00+00:00,18.775,25.025
2025-05-10 12:00:00+00:00,18.575000000000003,24.625
2025-05-10 13:00:00+00:00,19.174999999999997,24.475
2025-05-10 14:00:00+00:00,20.35,24.35
2025-05-10 15:00:00+00:00,21.374999999999996,24.425
2025-05-10 16:00:00+00:00,22.45,24.75
2025-05-10 17:00:00+00:00,23.6,24.9
2025-05-10 18:00:00+00:00,24.675000000000004,25.65
2025-05-10 19:00:00+00:00,25.6,26.075000000000003
2025-05-10 20:00:00+00:00,26.075000000000003,26.55
2025-05-10 21:00:00+00:00,26.625,26.875
2025-05-10 22:00:00+00:00,25.700000000000003,26.95
2025-05-10 23:00:00+00:00,24.35,26.675000000000004
2025-05-11 00:00:00+00:00,24.799999999999997,26.65
2025-05-11 01:00:00+00:00,24.025,26.575
2025-05-11 02:00:00+00:00,23.075,26.3
2025-05-11 03:00:00+00:00,22.1,25.95
2025-05-11 04:00:00+00:00,21.700000000000003,25.6
2025-05-11 05:00:00+00:00,21.625,25.275
2025-05-11 06:00:00+00:00,20.924999999999997,24.95
2025-05-11 07:00:00+00:00,20.8,25.125
2025-05-11 08:00:00+00:00,20.075,24.975
2025-05-11 09:00:00+00:00,19.5,24.725
2025-05-11 10:00:00+00:00,18.775,24.3
2025-05-11 11:00:00+00:00,19.474999999999998,24.325000000000003
2025-05-11 12:00:00+00:00,19.625,24.375
2025-05-11 13:00:00+00:00,20.075,24.450000000000003
2025-05-11 14:00:00+00:00,19.95,24.5
2025-05-11 15:00:00+00:00,21.1,24.450000000000003
2025-05-11 16:00:00+00:00,22.475,24.575
2025-05-11 17:00:00+00:00,23.849999999999998,24.8
2025-05-11 18:00:00+00:00,25.075000000000003,25.325000000000003
2025-05-11 19:00:00+00:00,25.724999999999998,25.8
2025-05-11 20:00:00+00:00,26.65,26.15
2025-05-11 21:00:00+00:00,27.2,26.45
2025-05-11 22:00:00+00:00,27.650000000000002,26.700000000000003
2025-05-11 23:00:00+00:00,27.5,26.625
2025-05-12 00:00:00+00:00,27.35,26.65
2025-05-12 01:00:00+00:00,26.075000000000003,26.6
2025-05-12 02:00:00+00:00,24.975,26.4
2025-05-12 03:00:00+00:00,24.474999999999998,26.275
2025-05-12 04:00:00+00:00,24.0,26.099999999999998
2025-05-12 05:00:00+00:00,23.375,25.9
2025-05-12 06:00:00+00:00,22.900000000000002,25.7
2025-05-12 07:00:00+00:00,21.55,25.424999999999997
2025-05-12 08:00:00+00:00,20.275,25.2
2025-05-12 09:00:00+00:00,21.025000000000002,25.0
2025-05-12 10:00:00+00:00,20.7,24.925
2025-05-12 11:00:00+00:00,18.775,24.9
2025-05-12 12:00:00+00:00,18.375,24.674999999999997
2025-05-12 13:00:00+00:00,20.125,24.525
2025-05-12 14:00:00+00:00,21.675,24.349999999999998
2025-05-12 15:00:00+00:00,22.9,24.5
2025-05-12 16:00:00+00:00,23.575,24.924999999999997
2025-05-12 17:00:00+00:00,24.575,25.55
2025-05-12 18:00:00+00:00,26.25,26.05
2025-05-12 19:00:00+00:00,27.575,26.85
2025-05-12 20:00:00+00:00,28.0,27.35
2025-05-12 21:00:00+00:00,27.875,27.7
2025-05-12 22:00:00+00:00,27.575,27.800000000000004
2025-05-12 23:00:00+00:00,26.7,27.85
2025-05-13 00:00:00+00:00,26.625,27.85
2025-05-13 01:00:00+00:00,25.85,27.7
2025-05-13 02:00:00+00:00,25.275000000000002,27.450000000000003
2025-05-13 03:00:00+00:00,25.1,27.3
2025-05-13 04:00:00+00:00,25.1,27.125
2025-05-13 05:00:00+00:00,25.25,26.9
2025-05-13 06:00:00+00:00,25.200000000000003,26.75
2025-05-13 07:00:00+00:00,25.175,26.625
2025-05-13 08:00:00+00:00,24.974999999999998,26.5
2025-05-13 09:00:00+00:00,24.975,26.450000000000003
2025-05-13 10:00:00+00:00,24.849999999999998,26.325
2025-05-13 11:00:00+00:00,24.775000000000002,26.299999999999997
2025-05-13 12:00:00+00:00,24.9,26.225
2025-05-13 13:00:00+00:00,25.299999999999997,26.15
2025-05-13 14:00:00+00:00,25.799999999999997,26.2
2025-05-13 15:00:00+00:00,26.225,26.35
2025-05-13 16:00:00+00:00,26.424999999999997,26.6
2025-05-13 17:00:00+00:00,26.85,26.924999999999997
2025-05-13 18:00:00+00:00,27.075000000000003,27.375
2025-05-13 19:00:00+00:00,27.099999999999998,27.824999999999996
2025-05-13 20:00:00+00:00,27.133333333333336,28.13333333333333
2025-05-13 21:00:00+00:00,27.325000000000003,28.725
2025-05-13 22:00:00+00:00,27.35,28.849999999999998
2025-05-13 23:00:00+00:00,27.200000000000003,28.975
2025-05-14 00:00:00+00:00,26.9,28.775
2025-05-14 01:00:00+00:00,26.475,28.55
2025-05-14 02:00:00+00:00,26.200000000000003,28.0
2025-05-14 03:00:00+00:00,26.074999999999996,27.95
2025-05-14 04:00:00+00:00,25.925,27.725
2025-05-14 05:00:00+00:00,25.825000000000003,27.6
2025-05-14 06:00:00+00:00,25.675,27.424999999999997
2025-05-14 07:00:00+00:00,25.525,27.150000000000002
2025-05-14 08:00:00+00:00,25.425,27.0
2025-05-14 09:00:00+00:00,25.375,26.85
2025-05-14 10:00:00+00:00,25.400000000000002,26.450000000000003
2025-05-14 11:00:00+00:00,25.425,26.4
2025-05-14 12:00:00+00:00,25.425,26.275000000000002
2025-05-14 13:00:00+00:00,25.55,26.200000000000003
2025-05-14 14:00:00+00:00,25.925,26.325000000000003
2025-05-14 15:00:00+00:00,26.450000000000003,26.450000000000003
2025-05-14 16:00:00+00:00,26.75,26.7
2025-05-14 17:00:00+00:00,27.025,27.075
2025-05-14 18:00:00+00:00,27.450000000000003,27.4
2025-05-14 19:00:00+00:00,27.575,27.799999999999997
2025-05-14 20:00:00+00:00,27.525,28.2
2025-05-14 21:00:00+00:00,27.400000000000002,28.474999999999998
2025-05-14 22:00:00+00:00,27.424999999999997,28.624999999999996
2025-05-14 23:00:00+00:00,27.299999999999997,28.525000000000002
2025-05-15 00:00:00+00:00,27.025,28.375
2025-05-15 01:00:00+00:00,26.625,28.225
2025-05-15 02:00:00+00:00,26.450000000000003,28.125000000000004
2025-05-15 03:00:00+00:00,26.425000000000004,28.075
2025-05-15 04:00:00+00:00,26.25,27.975
2025-05-15 05:00:00+00:00,26.200000000000003,27.799999999999997
2025-05-15 06:00:00+00:00,26.200000000000003,27.7
2025-05-15 07:00:00+00:00,26.124999999999996,27.55
2025-05-15 08:00:00+00:00,26.025,27.424999999999997
2025-05-15 09:00:00+00:00,26.0,27.200000000000003
2025-05-15 10:00:00+00:00,26.0,27.025
2025-05-15 11:00:00+00:00,26.025,27.0
2025-05-15 12:00:00+00:00,26.074999999999996,26.9
2025-05-15 13:00:00+00:00,26.375,26.9
2025-05-15 14:00:00+00:00,26.799999999999997,26.900000000000002
2025-05-15 15:00:00+00:00,27.200000000000003,27.174999999999997
2025-05-15 16:00:00+00:00,27.450000000000003,27.424999999999997
2025-05-15 17:00:00+00:00,27.725,27.8
2025-05-15 18:00:00+00:00,27.6,28.049999999999997
2025-05-15 19:00:00+00:00,27.575000000000003,28.300000000000004
2025-05-15 20:00:00+00:00,27.799999999999997,28.45
2025-05-15 21:00:00+00:00,27.875,28.5
2025-05-15 22:00:00+00:00,27.724999999999998,28.625
2025-05-15 23:00:00+00:00,27.575,28.75
2025-05-16 00:00:00+00:00,27.424999999999997,28.724999999999998
2025-05-16 01:00:00+00:00,27.25,28.725
2025-05-16 02:00:00+00:00,26.975,28.625
2025-05-16 03:00:00+00:00,26.849999999999998,28.5
2025-05-16 04:00:00+00:00,26.775,28.35
2025-05-16 05:00:00+00:00,26.8,28.224999999999998
2025-05-16 06:00:00+00:00,26.700000000000003,28.125
2025-05-16 07:00:00+00:00,26.7,28.049999999999997
2025-05-16 08:00:00+00:00,26.6,27.975
2025-05-16 09:00:00+00:00,26.625,27.825000000000003
2025-05-16 10:00:00+00:00,26.775,27.775
2025-05-16 11:00:00+00:00,26.725,27.675
2025-05-16 12:00:00+00:00,26.674999999999997,27.575
2025-05-16 13:00:00+00:00,26.775,27.474999999999998
2025-05-16 14:00:00+00:00,26.95,27.575
2025-05-16 15:00:00+00:00,27.224999999999998,27.775000000000002
2025-05-16 16:00:00+00:00,27.375,28.049999999999997
2025-05-16 17:00:00+00:00,27.65,28.225
2025-05-16 18:00:00+00:00,27.700000000000003,28.45
2025-05-16 19:00:00+00:00,27.85,28.650000000000002
2025-05-16 20:00:00+00:00,28.125,28.875
2025-05-16 21:00:00+00:00,28.2,28.925
2025-05-16 22:00:00+00:00,28.075000000000003,28.974999999999998
2025-05-16 23:00:00+00:00,27.85,29.299999999999997
2025-05-17 00:00:00+00:00,27.575,29.3
2025-05-17 01:00:00+00:00,27.525,29.175
2025-05-17 02:00:00+00:00,27.375,29.049999999999997
2025-05-17 03:00:00+00:00,27.375,28.975
2025-05-17 04:00:00+00:00,27.375,28.950000000000003
2025-05-17 05:00:00+00:00,27.25,28.9
2025-05-17 06:00:00+00:00,27.225,28.825000000000003
2025-05-17 07:00:00+00:00,27.35,28.725
2025-05-17 08:00:00+00:00,27.225,28.65
2025-05-17 09:00:00+00:00,26.924999999999997,28.575
2025-05-17 10:00:00+00:00,26.725,28.525
2025-05-17 11:00:00+00:00,26.5,28.475
2025-05-17 12:00:00+00:00,26.4,28.275
2025-05-17 13:00:00+00:00,26.65,28.275
2025-05-17 14:00:00+00:00,27.075,28.325
2025-05-17 15:00:00+00:00,27.424999999999997,28.475
2025-05-17 16:00:00+00:00,27.675,28.799999999999997
2025-05-17 17:00:00+00:00,27.8,29.1
2025-05-17 18:00:00+00:00,27.974999999999998,29.25
2025-05-17 19:00:00+00:00,28.175000000000004,29.500000000000004
2025-05-17 20:00:00+00:00,28.375,29.7
2025-05-17 21:00:00+00:00,28.275,29.875
2025-05-17 22:00:00+00:00,27.849999999999998,29.925
2025-05-17 23:00:00+00:00,27.675,29.900000000000002
2025-05-18 00:00:00+00:00,27.500000000000004,29.85
2025-05-18 01:00:00+00:00,27.400000000000002,29.725
2025-05-18 02:00:00+00:00,27.400000000000002,29.725
2025-05-18 03:00:00+00:00,27.375,29.65
2025-05-18 04:00:00+00:00,27.400000000000002,29.55
2025-05-18 05:00:00+00:00,27.4,29.5
2025-05-18 06:00:00+00:00,27.474999999999998,29.375
2025-05-18 07:00:00+00:00,27.4,29.275
2025-05-18 08:00:00+00:00,27.424999999999997,29.174999999999997
2025-05-18 09:00:00+00:00,27.15,29.1
2025-05-18 10:00:00+00:00,26.975,28.75
2025-05-18 11:00:00+00:00,26.950000000000003,28.650000000000002
2025-05-18 12:00:00+00:00,26.9,28.5
2025-05-18 13:00:00+00:00,26.9,28.250000000000004
2025-05-18 14:00:00+00:00,27.175,28.35
2025-05-18 15:00:00+00:00,27.3,28.475
2025-05-18 16:00:00+00:00,27.475,28.775
2025-05-18 17:00:00+00:00,27.575,29.05
2025-05-18 18:00:00+00:00,27.675,29.275
2025-05-18 19:00:00+00:00,27.725,29.525
2025-05-18 20:00:00+00:00,27.85,29.725
2025-05-18 21:00:00+00:00,27.924999999999997,29.825000000000003
2025-05-18 22:00:00+00:00,27.975,29.9
2025-05-18 23:00:00+00:00,27.674999999999997,29.875
2025-05-19 00:00:00+00:00,27.5,29.775000000000002
2025-05-19 01:00:00+00:00,27.45,29.674999999999997
2025-05-19 02:00:00+00:00,27.35,29.549999999999997
2025-05-19 03:00:00+00:00,27.400000000000002,29.525
2025-05-19 04:00:00+00:00,27.5,29.5
2025-05-19 05:00:00+00:00,27.475,29.375
2025-05-19 06:00:00+00:00,27.599999999999998,29.275
2025-05-19 07:00:00+00:00,27.35,29.150000000000002
2025-05-19 08:00:00+00:00,27.25,28.975
2025-05-19 09:00:00+00:00,27.099999999999998,28.749999999999996
2025-05-19 10:00:00+00:00,27.049999999999997,28.474999999999998
2025-05-19 11:00:00+00:00,26.95,28.325
2025-05-19 12:00:00+00:00,26.85,28.299999999999997
2025-05-19 13:00:00+00:00,26.85,28.4
2025-05-19 14:00:00+00:00,27.124999999999996,28.4
2025-05-19 15:00:00+00:00,27.25,28.5
2025-05-19 16:00:00+00:00,27.425,28.575000000000003
2025-05-19 17:00:00+00:00,27.825000000000003,28.724999999999998
2025-05-19 18:00:00+00:00,28.075000000000003,28.975
2025-05-19 19:00:00+00:00,28.075,29.15
2025-05-19 20:00:00+00:00,27.974999999999998,29.325
2025-05-19 21:00:00+00:00,27.975,29.375
2025-05-19 22:00:00+00:00,28.025,29.425
2025-05-19 23:00:00+00:00,28.025,29.5
2025-05-20 00:00:00+00:00,27.875,29.549999999999997
2025-05-20 01:00:00+00:00,27.725,29.45
2025-05-20 02:00:00+00:00,27.6,29.35
2025-05-20 03:00:00+00:00,27.65,29.224999999999998
2025-05-20 04:00:00+00:00,27.599999999999998,29.125
2025-05-20 05:00:00+00:00,27.575,29.025
2025-05-20 06:00:00+00:00,27.525,28.95
2025-05-20 07:00:00+00:00,27.525,28.875
2025-05-20 08:00:00+00:00,27.474999999999998,28.775
2025-05-20 09:00:00+00:00,27.35,28.7
2025-05-20 10:00:00+00:00,27.275,28.674999999999997
2025-05-20 11:00:00+00:00,27.224999999999998,28.65
2025-05-20 12:00:00+00:00,27.275,28.575
2025-05-20 13:00:00+00:00,27.450000000000003,28.500000000000004
2025-05-20 14:00:00+00:00,27.65,28.474999999999998
2025-05-20 15:00:00+00:00,28.025,28.475
2025-05-20 16:00:00+00:00,28.55,28.625
2025-05-20 17:00:00+00:00,28.650000000000002,29.050000000000004
2025-05-20 18:00:00+00:00,28.424999999999997,29.424999999999997
2025-05-20 19:00:00+00:00,28.625,29.5
2025-05-20 20:00:00+00:00,28.700000000000003,29.625
2025-05-20 21:00:00+00:00,28.799999999999997,29.9
2025-05-20 22:00:00+00:00,28.625,30.125
2025-05-20 23:00:00+00:00,28.875,30.175
2025-05-21 00:00:00+00:00,28.75,30.224999999999998
2025-05-21 01:00:00+00:00,28.174999999999997,30.049999999999997
2025-05-21 02:00:00+00:00,27.875000000000004,29.950000000000003
2025-05-21 03:00:00+00:00,27.75,29.924999999999997
2025-05-21 04:00:00+00:00,27.5,29.825
2025-05-21 05:00:00+00:00,27.450000000000003,29.725
2025-05-21 06:00:00+00:00,26.95,29.725
2025-05-21 07:00:00+00:00,27.125,29.699999999999996
2025-05-21 08:00:00+00:00,27.299999999999997,29.599999999999998
2025-05-21 09:00:00+00:00,26.9,29.4
2025-05-21 10:00:00+00:00,26.475,29.175
2025-05-21 11:00:00+00:00,25.825,28.925
2025-05-21 12:00:00+00:00,26.05,28.825
2025-05-21 13:00:00+00:00,26.15,28.775
2025-05-21 14:00:00+00:00,27.049999999999997,28.674999999999997
2025-05-21 15:00:00+00:00,28.099999999999998,28.85
2025-05-21 16:00:00+00:00,28.675,29.125
2025-05-21 17:00:00+00:00,28.825,29.6
2025-05-21 18:00:00+00:00,29.450000000000003,29.950000000000003
2025-05-21 19:00:00+00:00,29.55,30.349999999999998
2025-05-21 20:00:00+00:00,29.9,30.674999999999997
2025-05-21 21:00:00+00:00,29.55,30.924999999999997
2025-05-21 22:00:00+00:00,29.375,31.225
2025-05-21 23:00:00+00:00,28.75,31.150000000000002
2025-05-22 00:00:00+00:00,28.575,31.025
2025-05-22 01:00:00+00:00,28.175,30.75
2025-05-22 02:00:00+00:00,28.0,30.475
2025-05-22 03:00:00+00:00,27.975,30.325000000000003
2025-05-22 04:00:00+00:00,27.825000000000003,30.25
2025-05-22 05:00:00+00:00,27.775,30.1
2025-05-22 06:00:00+00:00,27.65,29.95
2025-05-22 07:00:00+00:00,27.525000000000002,29.825
2025-05-22 08:00:00+00:00,27.275000000000002,29.65
2025-05-22 09:00:00+00:00,27.25,29.525000000000002
2025-05-22 10:00:00+00:00,27.349999999999998,29.475
2025-05-22 11:00:00+00:00,27.25,29.324999999999996
2025-05-22 12:00:00+00:00,26.95,29.2
2025-05-22 13:00:00+00:00,27.324999999999996,29.15
2025-05-22 14:00:00+00:00,27.875,29.225
2025-05-22 15:00:00+00:00,28.375,29.35
2025-05-22 16:00:00+00:00,28.7,29.7
2025-05-22 17:00:00+00:00,28.799999999999997,30.025
2025-05-22 18:00:00+00:00,28.85,30.275
2025-05-22 19:00:00+00:00,29.1,30.625000000000004
2025-05-22 20:00:00+00:00,29.125,30.924999999999997
2025-05-22 21:00:00+00:00,29.025000000000002,31.175
2025-05-22 22:00:00+00:00,29.075,31.375
2025-05-22 23:00:00+00:00,28.875000000000004,31.45
2025-05-23 00:00:00+00:00,28.500000000000004,31.400000000000002
2025-05-23 01:00:00+00:00,28.174999999999997,31.400000000000002
2025-05-23 02:00:00+00:00,28.075000000000003,31.225
2025-05-23 03:00:00+00:00,27.9,31.025000000000002
2025-05-23 04:00:00+00:00,27.75,30.799999999999997
2025-05-23 05:00:00+00:00,27.575000000000003,30.6
2025-05-23 06:00:00+00:00,27.499999999999996,30.374999999999996
2025-05-23 07:00:00+00:00,27.325,30.174999999999997
2025-05-23 08:00:00+00:00,27.2,29.975
2025-05-23 09:00:00+00:00,27.200000000000003,29.875
2025-05-23 10:00:00+00:00,27.1,29.8
2025-05-23 11:00:00+00:00,26.950000000000003,29.549999999999997
2025-05-23 12:00:00+00:00,25.849999999999998,29.325
2025-05-23 13:00:00+00:00,25.525,29.375
2025-05-23 14:00:00+00:00,26.475,29.475
2025-05-23 15:00:00+00:00,27.6,29.5
2025-05-23 16:00:00+00:00,28.174999999999997,29.725
2025-05-23 17:00:00+00:00,28.475,30.074999999999996
2025-05-23 18:00:00+00:00,28.8,30.35
2025-05-23 19:00:00+00:00,28.875,30.65
2025-05-23 20:00:00+00:00,29.0,30.925
2025-05-23 21:00:00+00:00,29.075,31.174999999999997
2025-05-23 22:00:00+00:00,28.9,31.425
2025-05-23 23:00:00+00:00,28.775,31.375
2025-05-24 00:00:00+00:00,28.45,31.299999999999997
2025-05-24 01:00:00+00:00,28.174999999999997,31.225
2025-05-24 02:00:00+00:00,27.975,31.050000000000004
2025-05-24 03:00:00+00:00,27.775,30.875
2025-05-24 04:00:00+00:00,27.65,30.675
2025-05-24 05:00:00+00:00,27.699999999999996,30.375
2025-05-24 06:00:00+00:00,27.65,30.075
2025-05-24 07:00:00+00:00,27.6,29.875000000000004
2025-05-24 08:00:00+00:00,27.699999999999996,29.775000000000002
2025-05-24 09:00:00+00:00,27.625,29.6
2025-05-24 10:00:00+00:00,27.575000000000003,29.475
2025-05-24 11:00:00+00:00,27.525000000000002,29.325
2025-05-24 12:00:00+00:00,27.525,29.15
2025-05-24 13:00:00+00:00,27.849999999999998,29.1
2025-05-24 14:00:00+00:00,28.225,29.225
2025-05-24 15:00:00+00:00,28.5,29.200000000000003
2025-05-24 16:00:00+00:00,28.725,29.4
2025-05-24 17:00:00+00:00,28.825000000000003,29.675
2025-05-24 18:00:00+00:00,29.075000000000003,29.95
2025-05-24 19:00:00+00:00,29.175,30.400000000000002
2025-05-24 20:00:00+00:00,29.375,30.675
2025-05-24 21:00:00+00:00,29.375000000000004,30.900000000000002
2025-05-24 22:00:00+00:00,29.200000000000003,31.25
2025-05-24 23:00:00+00:00,28.924999999999997,31.299999999999997
2025-05-25 00:00:00+00:00,28.5,31.224999999999998
2025-05-25 01:00:00+00:00,28.375,31.175
2025-05-25 02:00:00+00:00,28.175,30.924999999999997
2025-05-25 03:00:00+00:00,28.175,30.674999999999997
2025-05-25 04:00:00+00:00,28.224999999999998,30.475
2025-05-25 05:00:00+00:00,28.15,30.174999999999997
2025-05-25 06:00:00+00:00,28.074999999999996,30.025
2025-05-25 07:00:00+00:00,28.049999999999997,29.85
2025-05-25 08:00:00+00:00,28.175,29.675
2025-05-25 09:00:00+00:00,28.2,29.575
2025-05-25 10:00:00+00:00,28.075,29.525
2025-05-25 11:00:00+00:00,28.1,29.300000000000004
2025-05-25 12:00:00+00:00,27.875,29.275
2025-05-25 13:00:00+00:00,28.05,29.349999999999998
2025-05-25 14:00:00+00:00,28.275,29.474999999999998
2025-05-25 15:00:00+00:00,28.525,29.500000000000004
2025-05-25 16:00:00+00:00,28.6,29.6
2025-05-25 17:00:00+00:00,28.749999999999996,29.75
2025-05-25 18:00:00+00:00,28.975,29.975
2025-05-25 19:00:00+00:00,29.174999999999997,30.275
2025-05-25 20:00:00+00:00,29.175,30.475
2025-05-25 21:00:00+00:00,29.075000000000003,30.700000000000003
2025-05-25 22:00:00+00:00,29.05,30.950000000000003
2025-05-25 23:00:00+00:00,29.025,30.95
2025-05-26 00:00:00+00:00,28.800000000000004,30.9
2025-05-26 01:00:00+00:00,28.625,30.775
2025-05-26 02:00:00+00:00,28.5,30.575000000000003
2025-05-26 03:00:00+00:00,28.5,30.45
2025-05-26 04:00:00+00:00,28.450000000000003,30.25
2025-05-26 05:00:00+00:00,28.4,30.1
2025-05-26 06:00:00+00:00,28.2,29.925
2025-05-26 07:00:00+00:00,28.025,29.65
2025-05-26 08:00:00+00:00,27.85,29.625
2025-05-26 09:00:00+00:00,27.825,29.55
2025-05-26 10:00:00+00:00,27.725,29.275000000000002
2025-05-26 11:00:00+00:00,27.65,29.075000000000003
2025-05-26 12:00:00+00:00,27.6,29.0
2025-05-26 13:00:00+00:00,27.85,29.0
2025-05-26 14:00:00+00:00,28.1,29.0
2025-05-26 15:00:00+00:00,28.425000000000004,29.049999999999997
2025-05-26 16:00:00+00:00,28.775000000000002,29.35
2025-05-26 17:00:00+00:00,29.125000000000004,29.650000000000002
2025-05-26 18:00:00+00:00,29.05,29.925
2025-05-26 19:00:00+00:00,29.225,30.200000000000003
2025-05-26 20:00:00+00:00,29.049999999999997,30.275
2025-05-26 21:00:00+00:00,29.1,30.375
2025-05-26 22:00:00+00:00,29.3,30.499999999999996
2025-05-26 23:00:00+00:00,28.950000000000003,30.55
2025-05-27 00:00:00+00:00,28.025,30.35
2025-05-27 01:00:00+00:00,27.974999999999998,30.175
2025-05-27 02:00:00+00:00,28.175,30.075
2025-05-27 03:00:00+00:00,28.375000000000004,29.975
2025-05-27 04:00:00+00:00,28.6,29.95
2025-05-27 05:00:00+00:00,28.475,29.875
2025-05-27 06:00:00+00:00,28.325000000000003,29.775
2025-05-27 07:00:00+00:00,28.325,29.65
2025-05-27 08:00:00+00:00,21.724999999999998,29.174999999999997
2025-05-27 09:00:00+00:00,20.349999999999998,28.65
2025-05-27 10:00:00+00:00,21.35,28.275
2025-05-27 11:00:00+00:00,21.400000000000002,28.075
2025-05-27 12:00:00+00:00,22.474999999999998,28.025
2025-05-27 13:00:00+00:00,23.575000000000003,28.15
2025-05-27 14:00:00+00:00,24.85,28.1
2025-05-27 15:00:00+00:00,25.475,28.075000000000003
2025-05-27 16:00:00+00:00,26.225,28.175
2025-05-27 17:00:00+00:00,27.0,28.45
2025-05-27 18:00:00+00:00,27.275,28.75
2025-05-27 19:00:00+00:00,27.575,29.275
2025-05-27 20:00:00+00:00,27.925000000000004,29.775
2025-05-27 21:00:00+00:00,28.25,30.2
2025-05-27 22:00:00+00:00,28.5,30.4
2025-05-27 23:00:00+00:00,28.325,30.575
2025-05-28 00:00:00+00:00,28.05,30.700000000000003
2025-05-28 01:00:00+00:00,27.674999999999997,30.525
2025-05-28 02:00:00+00:00,27.125000000000004,30.250000000000004
2025-05-28 03:00:00+00:00,27.0,30.049999999999997
2025-05-28 04:00:00+00:00,26.925,29.950000000000003
2025-05-28 05:00:00+00:00,26.975,29.775000000000002
2025-05-28 06:00:00+00:00,27.225,29.65
2025-05-28 07:00:00+00:00,27.25,29.5
2025-05-28 08:00:00+00:00,27.099999999999998,29.35
2025-05-28 09:00:00+00:00,26.7,29.325
2025-05-28 10:00:00+00:00,24.925000000000004,29.35
2025-05-28 11:00:00+00:00,22.175,29.075000000000003
2025-05-28 12:00:00+00:00,23.325000000000003,28.725
2025-05-28 13:00:00+00:00,23.449999999999996,28.525
2025-05-28 14:00:00+00:00,22.1,28.400000000000002
2025-05-28 15:00:00+00:00,22.775,28.4
2025-05-28 16:00:00+00:00,23.625,28.45
2025-05-28 17:00:00+00:00,24.725,28.299999999999997
2025-05-28 18:00:00+00:00,25.450000000000003,28.275000000000002
2025-05-28 19:00:00+00:00,25.95,28.35
2025-05-28 20:00:00+00:00,26.225,28.575
2025-05-28 21:00:00+00:00,26.575,28.700000000000003
2025-05-28 22:00:00+00:00,26.900000000000002,29.099999999999998
2025-05-28 23:00:00+00:00,26.974999999999998,29.175
2025-05-29 00:00:00+00:00,26.675,29.174999999999997
2025-05-29 01:00:00+00:00,26.35,29.075000000000003
2025-05-29 02:00:00+00:00,26.1,29.000000000000004
2025-05-29 03:00:00+00:00,26.1,28.9
2025-05-29 04:00:00+00:00,26.0,28.775000000000002
2025-05-29 05:00:00+00:00,26.125,28.625
2025-05-29 06:00:00+00:00,26.250000000000004,28.549999999999997
2025-05-29 07:00:00+00:00,26.1,28.5
2025-05-29 08:00:00+00:00,26.0,28.375
2025-05-29 09:00:00+00:00,25.275,28.325
2025-05-29 10:00:00+00:00,24.9,28.225
2025-05-29 11:00:00+00:00,24.825,28.075000000000003
2025-05-29 12:00:00+00:00,24.8,28.025000000000002
2025-05-29 13:00:00+00:00,25.75,27.950000000000003
2025-05-29 14:00:00+00:00,26.900000000000002,27.949999999999996
2025-05-29 15:00:00+00:00,27.525,28.075000000000003
2025-05-29 16:00:00+00:00,27.999999999999996,28.4
2025-05-29 17:00:00+00:00,28.5,28.75
2025-05-29 18:00:00+00:00,28.475,29.125
2025-05-29 19:00:00+00:00,28.450000000000003,29.525
2025-05-29 20:00:00+00:00,28.599999999999998,29.975
2025-05-29 21:00:00+00:00,28.925000000000004,30.224999999999998
2025-05-29 22:00:00+00:00,28.974999999999998,30.375
2025-05-29 23:00:00+00:00,29.025,30.425
2025-05-30 00:00:00+00:00,28.724999999999998,30.45
2025-05-30 01:00:00+00:00,28.099999999999998,30.6
2025-05-30 02:00:00+00:00,27.775000000000002,30.625000000000004
2025-05-30 03:00:00+00:00,27.75,30.549999999999997
2025-05-30 04:00:00+00:00,27.725,30.449999999999996
2025-05-30 05:00:00+00:00,27.525,30.375
2025-05-30 06:00:00+00:00,27.450000000000003,30.25
2025-05-30 07:00:00+00:00,27.4,30.175000000000004
2025-05-30 08:00:00+00:00,27.225,30.025000000000002
2025-05-30 09:00:00+00:00,27.2,29.924999999999997
2025-05-30 10:00:00+00:00,27.3,29.8
2025-05-30 11:00:00+00:00,27.25,29.650000000000002
2025-05-30 12:00:00+00:00,27.225,29.5
2025-05-30 13:00:00+00:00,27.200000000000003,29.475
2025-05-30 14:00:00+00:00,27.525000000000002,29.450000000000003
2025-05-30 15:00:00+00:00,22.924999999999997,29.25
2025-05-30 16:00:00+00:00,24.225,29.1
2025-05-30 17:00:00+00:00,25.475,29.25
2025-05-30 18:00:00+00:00,26.650000000000002,29.500000000000004
2025-05-30 19:00:00+00:00,27.575,29.725
2025-05-30 20:00:00+00:00,27.425,29.974999999999998
2025-05-30 21:00:00+00:00,27.525000000000002,30.15
2025-05-30 22:00:00+00:00,27.75,30.15
2025-05-30 23:00:00+00:00,27.975,30.174999999999997
2025-05-31 00:00:00+00:00,27.674999999999997,30.200000000000003
2025-05-31 01:00:00+00:00,27.325,30.05
2025-05-31 02:00:00+00:00,27.099999999999998,29.875
2025-05-31 03:00:00+00:00,26.5,29.725
2025-05-31 04:00:00+00:00,26.15,29.65
2025-05-31 05:00:00+00:00,26.224999999999998,29.525
2025-05-31 06:00:00+00:00,25.525,29.474999999999998
2025-05-31 07:00:00+00:00,25.025,29.275
2025-05-31 08:00:00+00:00,24.65,29.049999999999997
2025-05-31 09:00:00+00:00,24.349999999999998,28.974999999999998
2025-05-31 10:00:00+00:00,23.974999999999998,28.825000000000003
2025-05-31 11:00:00+00:00,23.775,28.625
2025-05-31 12:00:00+00:00,24.099999999999998,28.5
2025-05-31 13:00:00+00:00,24.775,28.575
2025-05-31 14:00:00+00:00,25.625,28.55
2025-05-31 15:00:00+00:00,26.200000000000003,28.775
2025-05-31 16:00:00+00:00,27.075000000000003,28.974999999999998
2025-05-31 17:00:00+00:00,27.675,29.125
2025-05-31 18:00:00+00:00,28.35,29.375
2025-05-31 19:00:00+00:00,28.425,29.875
2025-05-31 20:00:00+00:00,28.699999999999996,30.199999999999996
2025-05-31 21:00:00+00:00,28.4,30.425
2025-05-31 22:00:00+00:00,28.45,30.6
2025-05-31 23:00:00+00:00,28.25,30.700000000000003
2025-06-01 00:00:00+00:00,27.9,30.675000000000004
2025-06-01 01:00:00+00:00,27.6,30.6
2025-06-01 02:00:00+00:00,27.325,30.424999999999997
2025-06-01 03:00:00+00:00,27.450000000000003,30.275000000000002
2025-06-01 04:00:00+00:00,27.3,30.15
2025-06-01 05:00:00+00:00,27.200000000000003,30.0
2025-06-01 06:00:00+00:00,27.224999999999998,29.9
2025-06-01 07:00:00+00:00,27.15,29.825
2025-06-01 08:00:00+00:00,27.125,29.775
2025-06-01 09:00:00+00:00,26.725,29.775000000000002
2025-06-01 10:00:00+00:00,26.799999999999997,29.55
2025-06-01 11:00:00+00:00,26.85,29.400000000000002
2025-06-01 12:00:00+00:00,26.825,29.275000000000002
2025-06-01 13:00:00+00:00,27.325000000000003,29.15
2025-06-01 14:00:00+00:00,27.75,29.225
2025-06-01 15:00:00+00:00,28.025,29.425
2025-06-01 16:00:00+00:00,28.35,29.675
2025-06-01 17:00:00+00:00,28.35,30.15
2025-06-01 18:00:00+00:00,28.55,30.525000000000002
2025-06-01 19:00:00+00:00,28.674999999999997,30.875
2025-06-01 20:00:00+00:00,28.625,31.175
2025-06-01 21:00:00+00:00,28.775,31.450000000000003
2025-06-01 22:00:00+00:00,28.85,31.5
2025-06-01 23:00:00+00:00,28.75,31.5
2025-06-02 00:00:00+00:00,28.6,31.400000000000002
2025-06-02 01:00:00+00:00,28.225,31.325
2025-06-02 02:00:00+00:00,28.05,31.05
2025-06-02 03:00:00+00:00,27.85,30.775
2025-06-02 04:00:00+00:00,27.825000000000003,30.700000000000003
2025-06-02 05:00:00+00:00,27.825,30.575
2025-06-02 06:00:00+00:00,27.7,30.5
2025-06-02 07:00:00+00:00,27.4,30.349999999999998
2025-06-02 08:00:00+00:00,27.575,30.125
2025-06-02 09:00:00+00:00,27.4,30.0
2025-06-02 10:00:00+00:00,27.374999999999996,29.875
2025-06-02 11:00:00+00:00,27.35,29.8
2025-06-02 12:00:00+00:00,26.950000000000003,29.725
2025-06-02 13:00:00+00:00,27.724999999999998,29.575
2025-06-02 14:00:00+00:00,28.150000000000002,29.55
2025-06-02 15:00:00+00:00,28.650000000000002,29.6
2025-06-02 16:00:00+00:00,28.65,29.924999999999997
2025-06-02 17:00:00+00:00,28.875,30.275
2025-06-02 18:00:00+00:00,28.849999999999998,30.775000000000002
2025-06-02 19:00:00+00:00,28.925,30.9
2025-06-02 20:00:00+00:00,29.15,31.025000000000002
2025-06-02 21:00:00+00:00,29.275,31.2
2025-06-02 22:00:00+00:00,29.199999999999996,31.2
2025-06-02 23:00:00+00:00,28.9,31.15
2025-06-03 00:00:00+00:00,28.825000000000003,31.075000000000003
2025-06-03 01:00:00+00:00,28.474999999999998,30.974999999999998
2025-06-03 02:00:00+00:00,28.25,30.825
2025-06-03 03:00:00+00:00,28.2,30.675
2025-06-03 04:00:00+00:00,28.075000000000003,30.525
2025-06-03 05:00:00+00:00,28.075,30.425
2025-06-03 06:00:00+00:00,27.975,30.325000000000003
2025-06-03 07:00:00+00:00,27.900000000000002,30.2
2025-06-03 08:00:00+00:00,27.8,30.099999999999998
2025-06-03 09:00:00+00:00,27.8,29.924999999999997
2025-06-03 10:00:00+00:00,27.775,29.675
2025-06-03 11:00:00+00:00,27.75,29.575
2025-06-03 12:00:00+00:00,27.875,29.4
2025-06-03 13:00:00+00:00,28.175,29.475
2025-06-03 14:00:00+00:00,28.45,29.349999999999998
2025-06-03 15:00:00+00:00,28.65,29.425
2025-06-03 16:00:00+00:00,28.825,29.75
2025-06-03 17:00:00+00:00,29.0,29.75
2025-06-03 18:00:00+00:00,29.125,29.924999999999997
2025-06-03 19:00:00+00:00,29.225,30.2
2025-06-03 20:00:00+00:00,29.15,30.525
2025-06-03 21:00:00+00:00,29.075,30.625
2025-06-03 22:00:00+00:00,29.1,30.699999999999996
2025-06-03 23:00:00+00:00,28.974999999999998,30.725
2025-06-04 00:00:00+00:00,28.8,30.65
2025-06-04 01:00:00+00:00,28.575000000000003,30.474999999999998
2025-06-04 02:00:00+00:00,28.375,30.450000000000003
2025-06-04 03:00:00+00:00,28.4,30.4
2025-06-04 04:00:00+00:00,28.325000000000003,30.275
2025-06-04 05:00:00+00:00,28.175,30.175
2025-06-04 06:00:00+00:00,28.125,29.925
2025-06-04 07:00:00+00:00,28.075,29.824999999999996
2025-06-04 08:00:00+00:00,27.975,29.725
2025-06-04 09:00:00+00:00,27.950000000000003,29.625
2025-06-04 10:00:00+00:00,27.85,29.55
2025-06-04 11:00:00+00:00,27.85,29.575
2025-06-04 12:00:00+00:00,27.875,29.5
2025-06-04 13:00:00+00:00,28.1,29.425
2025-06-04 14:00:00+00:00,28.400000000000002,29.3
2025-06-04 15:00:00+00:00,28.674999999999997,29.299999999999997
2025-06-04 16:00:00+00:00,28.875,29.349999999999998
2025-06-04 17:00:00+00:00,29.0,29.55
2025-06-04 18:00:00+00:00,29.224999999999998,29.95
2025-06-04 19:00:00+00:00,29.475,30.25
2025-06-04 20:00:00+00:00,29.325000000000003,30.500000000000004
2025-06-04 21:00:00+00:00,29.5,30.549999999999997
2025-06-04 22:00:00+00:00,29.4,30.75
2025-06-04 23:00:00+00:00,29.275,30.95
2025-06-05 00:00:00+00:00,29.075,30.975
2025-06-05 01:00:00+00:00,28.85,30.825
2025-06-05 02:00:00+00:00,28.625,30.725
2025-06-05 03:00:00+00:00,28.475,30.575
2025-06-05 04:00:00+00:00,28.45,30.475
2025-06-05 05:00:00+00:00,28.25,30.25
2025-06-05 06:00:00+00:00,28.175,30.125
2025-06-05 07:00:00+00:00,27.974999999999998,29.95
2025-06-05 08:00:00+00:00,28.025,29.825000000000003
2025-06-05 09:00:00+00:00,28.050000000000004,29.674999999999997
2025-06-05 10:00:00+00:00,27.900000000000002,29.525
2025-06-05 11:00:00+00:00,27.625,29.500000000000004
2025-06-05 12:00:00+00:00,27.85,29.575
2025-06-05 13:00:00+00:00,28.225,29.475
2025-06-05 14:00:00+00:00,28.5,29.55
2025-06-05 15:00:00+00:00,28.875,29.650000000000002
2025-06-05 16:00:00+00:00,29.2,29.849999999999998
2025-06-05 17:00:00+00:00,29.375,30.075000000000003
2025-06-05 18:00:00+00:00,29.375,30.450000000000003
2025-06-05 19:00:00+00:00,29.55,30.725
2025-06-05 20:00:00+00:00,29.5,31.025
2025-06-05 21:00:00+00:00,29.625,31.1
2025-06-05 22:00:00+00:00,29.549999999999997,31.175
2025-06-05 23:00:00+00:00,29.275,31.175
2025-06-06 00:00:00+00:00,29.175,31.375
2025-06-06 01:00:00+00:00,28.9,31.299999999999997
2025-06-06 02:00:00+00:00,28.65,31.125
2025-06-06 03:00:00+00:00,28.625,30.950000000000003
2025-06-06 04:00:00+00:00,28.45,30.875
2025-06-06 05:00:00+00:00,28.425,30.575000000000003
2025-06-06 06:00:00+00:00,28.400000000000002,30.45
2025-06-06 07:00:00+00:00,28.2,30.299999999999997
2025-06-06 08:00:00+00:00,28.174999999999997,30.200000000000003
2025-06-06 09:00:00+00:00,28.125,30.025
2025-06-06 10:00:00+00:00,28.15,29.924999999999997
2025-06-06 11:00:00+00:00,28.075000000000003,29.825
2025-06-06 12:00:00+00:00,28.175,29.625
2025-06-06 13:00:00+00:00,28.45,29.700000000000003
2025-06-06 14:00:00+00:00,28.7,29.7
2025-06-06 15:00:00+00:00,28.975,29.975
2025-06-06 16:00:00+00:00,29.174999999999997,30.2
2025-06-06 17:00:00+00:00,29.375,30.324999999999996
2025-06-06 18:00:00+00:00,29.625,30.550000000000004
2025-06-06 19:00:00+00:00,29.825000000000003,30.75
2025-06-06 20:00:00+00:00,29.725,31.049999999999997
2025-06-06 21:00:00+00:00,29.65,31.450000000000003
2025-06-06 22:00:00+00:00,29.575000000000003,31.599999999999998
2025-06-06 23:00:00+00:00,29.575000000000003,31.6
2025-06-07 00:00:00+00:00,29.4,31.550000000000004
2025-06-07 01:00:00+00:00,29.15,31.474999999999998
2025-06-07 02:00:00+00:00,28.975,31.175000000000004
2025-06-07 03:00:00+00:00,28.775,30.95
2025-06-07 04:00:00+00:00,28.75,30.775
2025-06-07 05:00:00+00:00,28.725,30.5
2025-06-07 06:00:00+00:00,28.725,30.299999999999997
2025-06-07 07:00:00+00:00,28.6,30.174999999999997
2025-06-07 08:00:00+00:00,28.65,30.175
2025-06-07 09:00:00+00:00,28.625,30.05
2025-06-07 10:00:00+00:00,28.6,29.925
2025-06-07 11:00:00+00:00,28.549999999999997,29.8
2025-06-07 12:00:00+00:00,28.424999999999997,29.625
2025-06-07 13:00:00+00:00,28.5,29.775
2025-06-07 14:00:00+00:00,28.8,29.65
2025-06-07 15:00:00+00:00,28.950000000000003,29.875000000000004
2025-06-07 16:00:00+00:00,29.1,29.975
2025-06-07 17:00:00+00:00,29.25,30.224999999999998
2025-06-07 18:00:00+00:00,29.449999999999996,30.424999999999997
2025-06-07 19:00:00+00:00,29.575,30.599999999999998
2025-06-07 20:00:00+00:00,29.775,30.925
2025-06-07 21:00:00+00:00,29.700000000000003,31.125
2025-06-07 22:00:00+00:00,29.775,31.3
2025-06-07 23:00:00+00:00,29.675,31.45
2025-06-08 00:00:00+00:00,29.400000000000002,31.475
2025-06-08 01:00:00+00:00,29.075000000000003,31.475
2025-06-08 02:00:00+00:00,28.875,31.25
2025-06-08 03:00:00+00:00,28.775,30.95
2025-06-08 04:00:00+00:00,28.724999999999998,30.825000000000003
2025-06-08 05:00:00+00:00,28.825,30.675
2025-06-08 06:00:00+00:00,28.849999999999998,30.425
2025-06-08 07:00:00+00:00,28.825000000000003,30.125
2025-06-08 08:00:00+00:00,28.725,30.0
2025-06-08 09:00:00+00:00,28.775,30.025
2025-06-08 10:00:00+00:00,28.725,29.900000000000002
2025-06-08 11:00:00+00:00,28.6,29.8
2025-06-08 12:00:00+00:00,28.575000000000003,29.775000000000002
2025-06-08 13:00:00+00:00,28.775000000000002,29.775
2025-06-08 14:00:00+00:00,29.025,29.725
2025-06-08 15:00:00+00:00,29.125,29.8
2025-06-08 16:00:00+00:00,29.325000000000003,29.974999999999998
2025-06-08 17:00:00+00:00,29.599999999999998,30.225
2025-06-08 18:00:00+00:00,29.700000000000003,30.625
2025-06-08 19:00:00+00:00,29.725,30.824999999999996
2025-06-08 20:00:00+00:00,29.75,31.125
2025-06-08 21:00:00+00:00,29.625,31.3
2025-06-08 22:00:00+00:00,29.625000000000004,31.650000000000002
2025-06-08 23:00:00+00:00,29.525,31.674999999999997
2025-06-09 00:00:00+00:00,29.4,31.599999999999998
2025-06-09 01:00:00+00:00,29.125,31.549999999999997
2025-06-09 02:00:00+00:00,28.775000000000002,31.4
2025-06-09 03:00:00+00:00,28.75,31.25
2025-06-09 04:00:00+00:00,28.824999999999996,31.0
2025-06-09 05:00:00+00:00,28.825,30.75
2025-06-09 06:00:00+00:00,28.874999999999996,30.525
2025-06-09 07:00:00+00:00,28.975,30.25
2025-06-09 08:00:00+00:00,28.9,30.1
2025-06-09 09:00:00+00:00,28.85,29.925
2025-06-09 10:00:00+00:00,28.925,29.799999999999997
2025-06-09 11:00:00+00:00,29.025,29.799999999999997
2025-06-09 12:00:00+00:00,28.75,29.85
2025-06-09 13:00:00+00:00,28.775000000000002,29.900000000000002
2025-06-09 14:00:00+00:00,29.1,29.950000000000003
2025-06-09 15:00:00+00:00,29.525,30.075
2025-06-09 16:00:00+00:00,29.75,30.125
2025-06-09 17:00:00+00:00,29.400000000000002,30.225
2025-06-09 18:00:00+00:00,29.325000000000003,30.599999999999998
2025-06-09 19:00:00+00:00,29.775,30.950000000000003
2025-06-09 20:00:00+00:00,29.825000000000003,31.275
2025-06-09 21:00:00+00:00,29.825000000000003,31.45
2025-06-09 22:00:00+00:00,29.775,31.5
2025-06-09 23:00:00+00:00,29.65,31.525000000000002
2025-06-10 00:00:00+00:00,29.349999999999998,31.375
2025-06-10 01:00:00+00:00,29.075000000000003,31.25
2025-06-10 02:00:00+00:00,28.674999999999997,31.125000000000004
2025-06-10 03:00:00+00:00,28.5,31.025
2025-06-10 04:00:00+00:00,28.525,30.900000000000002
2025-06-10 05:00:00+00:00,28.45,30.7
2025-06-10 06:00:00+00:00,28.35,30.675000000000004
2025-06-10 07:00:00+00:00,27.925,30.475
2025-06-10 08:00:00+00:00,27.95,30.35
2025-06-10 09:00:00+00:00,27.799999999999997,30.224999999999998
2025-06-10 10:00:00+00:00,27.975,30.049999999999997
2025-06-10 11:00:00+00:00,28.075,29.975
2025-06-10 12:00:00+00:00,28.225,29.85
2025-06-10 13:00:00+00:00,28.599999999999998,29.6
2025-06-10 14:00:00+00:00,29.075000000000003,29.625
2025-06-10 15:00:00+00:00,29.400000000000002,29.85
2025-06-10 16:00:00+00:00,29.925,30.175
2025-06-10 17:00:00+00:00,30.15,30.425
2025-06-10 18:00:00+00:00,29.900000000000002,30.675
2025-06-10 19:00:00+00:00,27.824999999999996,30.775000000000002
2025-06-10 20:00:00+00:00,28.275,30.750000000000004
2025-06-10 21:00:00+00:00,29.5,30.75
2025-06-10 22:00:00+00:00,29.75,30.925000000000004
2025-06-10 23:00:00+00:00,29.85,31.075
2025-06-11 00:00:00+00:00,29.625,31.174999999999997
2025-06-11 01:00:00+00:00,29.200000000000003,31.175
2025-06-11 02:00:00+00:00,28.925000000000004,30.925
2025-06-11 03:00:00+00:00,28.975,30.825000000000003
2025-06-11 04:00:00+00:00,28.999999999999996,30.624999999999996
2025-06-11 05:00:00+00:00,28.95,30.425
2025-06-11 06:00:00+00:00,28.925,30.175
2025-06-11 07:00:00+00:00,28.875,29.95
2025-06-11 08:00:00+00:00,28.775000000000002,29.825
2025-06-11 09:00:00+00:00,28.724999999999998,29.750000000000004
2025-06-11 10:00:00+00:00,28.575,29.575
2025-06-11 11:00:00+00:00,28.299999999999997,29.525
2025-06-11 12:00:00+00:00,24.975,29.45
2025-06-11 13:00:00+00:00,22.575000000000003,29.3
2025-06-11 14:00:00+00:00,23.15,29.200000000000003
2025-06-11 15:00:00+00:00,23.174999999999997,29.05
2025-06-11 16:00:00+00:00,24.450000000000003,29.000000000000004
2025-06-11 17:00:00+00:00,24.825,29.025
2025-06-11 18:00:00+00:00,26.2,29.175
2025-06-11 19:00:00+00:00,27.35,29.4
2025-06-11 20:00:00+00:00,27.999999999999996,29.799999999999997
2025-06-11 21:00:00+00:00,28.475,29.875
2025-06-11 22:00:00+00:00,28.95,30.099999999999998
2025-06-11 23:00:00+00:00,28.825,30.25
2025-06-12 00:00:00+00:00,28.674999999999997,30.224999999999998
2025-06-12 01:00:00+00:00,28.325,30.3
2025-06-12 02:00:00+00:00,28.2,30.225
2025-06-12 03:00:00+00:00,28.275,30.075
2025-06-12 04:00:00+00:00,27.85,29.875
2025-06-12 05:00:00+00:00,26.9,29.775
2025-06-12 06:00:00+00:00,27.625,29.55
2025-06-12 07:00:00+00:00,26.925,29.275
2025-06-12 08:00:00+00:00,27.249999999999996,29.125
2025-06-12 09:00:00+00:00,26.325,29.025
2025-06-12 10:00:00+00:00,27.450000000000003,28.95
2025-06-12 11:00:00+00:00,27.875,28.9
2025-06-12 12:00:00+00:00,27.325000000000003,28.775000000000002
2025-06-12 13:00:00+00:00,27.15,28.7
2025-06-12 14:00:00+00:00,27.35,28.65
2025-06-12 15:00:00+00:00,22.3,28.500000000000004
2025-06-12 16:00:00+00:00,22.424999999999997,28.1
2025-06-12 17:00:00+00:00,23.825000000000003,28.05
2025-06-12 18:00:00+00:00,25.875,28.049999999999997
2025-06-12 19:00:00+00:00,26.65,28.049999999999997
2025-06-12 20:00:00+00:00,24.875000000000004,27.875
2025-06-12 21:00:00+00:00,24.65,27.849999999999998
2025-06-12 22:00:00+00:00,25.825,27.674999999999997
2025-06-12 23:00:00+00:00,26.475,27.85
2025-06-13 00:00:00+00:00,25.15,27.924999999999997
2025-06-13 01:00:00+00:00,25.674999999999997,27.674999999999997
2025-06-13 02:00:00+00:00,25.225,27.65
2025-06-13 03:00:00+00:00,25.2,27.35
2025-06-13 04:00:00+00:00,25.075,27.025
2025-06-13 05:00:00+00:00,25.0,26.825
2025-06-13 06:00:00+00:00,25.225,26.724999999999998
2025-06-13 07:00:00+00:00,25.375,26.725
2025-06-13 08:00:00+00:00,25.799999999999997,26.525
2025-06-13 09:00:00+00:00,26.225,26.525
2025-06-13 10:00:00+00:00,26.95,26.575000000000003
2025-06-13 11:00:00+00:00,27.200000000000003,26.575
2025-06-13 12:00:00+00:00,27.375,26.675
2025-06-13 13:00:00+00:00,27.775,26.85
2025-06-13 14:00:00+00:00,28.200000000000003,27.0
2025-06-13 15:00:00+00:00,28.65,27.3
2025-06-13 16:00:00+00:00,28.825,27.6
2025-06-13 17:00:00+00:00,29.074999999999996,27.875
2025-06-13 18:00:00+00:00,29.225,28.025
2025-06-13 19:00:00+00:00,29.349999999999998,28.15
2025-06-13 20:00:00+00:00,29.299999999999997,28.400000000000002
2025-06-13 21:00:00+00:00,29.5,28.75
2025-06-13 22:00:00+00:00,29.549999999999997,28.924999999999997
2025-06-13 23:00:00+00:00,29.474999999999998,29.1
2025-06-14 00:00:00+00:00,29.2,29.2
2025-06-14 01:00:00+00:00,28.75,29.45
2025-06-14 02:00:00+00:00,28.575,29.424999999999997
2025-06-14 03:00:00+00:00,28.45,29.175
2025-06-14 04:00:00+00:00,28.425,29.075
2025-06-14 05:00:00+00:00,28.375,28.925
2025-06-14 06:00:00+00:00,28.375,28.900000000000002
2025-06-14 07:00:00+00:00,28.450000000000003,28.8
2025-06-14 08:00:00+00:00,28.5,28.724999999999998
2025-06-14 09:00:00+00:00,28.475,28.675
2025-06-14 10:00:00+00:00,28.450000000000003,28.625
2025-06-14 11:00:00+00:00,28.325,28.625
2025-06-14 12:00:00+00:00,28.224999999999998,28.599999999999998
2025-06-14 13:00:00+00:00,28.349999999999998,28.65
2025-06-14 14:00:00+00:00,28.725,28.725
2025-06-14 15:00:00+00:00,29.049999999999997,28.8
2025-06-14 16:00:00+00:00,29.275,29.0
2025-06-14 17:00:00+00:00,28.825000000000003,29.150000000000002
2025-06-14 18:00:00+00:00,28.825,29.150000000000002
2025-06-14 19:00:00+00:00,27.674999999999997,29.125
2025-06-14 20:00:00+00:00,27.2,29.125000000000004
2025-06-14 21:00:00+00:00,27.825,29.075
2025-06-14 22:00:00+00:00,28.625,29.05
2025-06-14 23:00:00+00:00,28.674999999999997,29.05
2025-06-15 00:00:00+00:00,28.924999999999997,29.075
2025-06-15 01:00:00+00:00,28.55,28.975
2025-06-15 02:00:00+00:00,28.4,28.924999999999997
2025-06-15 03:00:00+00:00,28.5,28.85
2025-06-15 04:00:00+00:00,28.425,28.75
2025-06-15 05:00:00+00:00,28.375,28.65
2025-06-15 06:00:00+00:00,28.299999999999997,28.525
2025-06-15 07:00:00+00:00,28.299999999999997,28.45
2025-06-15 08:00:00+00:00,28.275,28.45
2025-06-15 09:00:00+00:00,28.224999999999998,28.425
2025-06-15 10:00:00+00:00,28.075000000000003,28.45
2025-06-15 11:00:00+00:00,28.175,28.425
2025-06-15 12:00:00+00:00,28.2,28.4
2025-06-15 13:00:00+00:00,28.474999999999998,28.349999999999998
2025-06-15 14:00:00+00:00,28.775,28.450000000000003
2025-06-15 15:00:00+00:00,29.05,28.725
2025-06-15 16:00:00+00:00,29.2,29.025
2025-06-15 17:00:00+00:00,29.45,29.275
2025-06-15 18:00:00+00:00,29.675000000000004,29.425
2025-06-15 19:00:00+00:00,29.7,29.450000000000003
2025-06-15 20:00:00+00:00,29.7,29.575000000000003
2025-06-15 21:00:00+00:00,29.849999999999998,29.75
2025-06-15 22:00:00+00:00,29.775,29.875
2025-06-15 23:00:00+00:00,29.6,29.924999999999997
2025-06-16 00:00:00+00:00,29.45,30.175
2025-06-16 01:00:00+00:00,29.150000000000002,30.325
2025-06-16 02:00:00+00:00,28.675,30.299999999999997
2025-06-16 03:00:00+00:00,25.9,30.15
2025-06-16 04:00:00+00:00,24.1,29.875
2025-06-16 05:00:00+00:00,24.450000000000003,29.700000000000003
2025-06-16 06:00:00+00:00,25.9,29.450000000000003
2025-06-16 07:00:00+00:00,26.325000000000003,29.25
2025-06-16 08:00:00+00:00,25.625,29.15
2025-06-16 09:00:00+00:00,25.075,29.05
2025-06-16 10:00:00+00:00,25.375,29.0
2025-06-16 11:00:00+00:00,24.875,28.925
2025-06-16 12:00:00+00:00,24.400000000000002,28.724999999999998
2025-06-16 13:00:00+00:00,25.375000000000004,28.65
2025-06-16 14:00:00+00:00,25.9,28.7
2025-06-16 15:00:00+00:00,27.0,28.75
2025-06-16 16:00:00+00:00,27.35,28.849999999999998
2025-06-16 17:00:00+00:00,27.25,29.225
2025-06-16 18:00:00+00:00,27.549999999999997,29.575000000000003
2025-06-16 19:00:00+00:00,28.15,29.9
2025-06-16 20:00:00+00:00,28.35,30.1
2025-06-16 21:00:00+00:00,28.075000000000003,30.125
2025-06-16 22:00:00+00:00,27.875,30.075
2025-06-16 23:00:00+00:00,27.975,30.125
2025-06-17 00:00:00+00:00,28.424999999999997,30.0
2025-06-17 01:00:00+00:00,28.299999999999997,30.0
2025-06-17 02:00:00+00:00,27.8,29.975
2025-06-17 03:00:00+00:00,27.625,29.875
2025-06-17 04:00:00+00:00,27.525,29.775
2025-06-17 05:00:00+00:00,27.625000000000004,29.525
2025-06-17 06:00:00+00:00,27.75,29.424999999999997
2025-06-17 07:00:00+00:00,27.975,29.4
2025-06-17 08:00:00+00:00,28.049999999999997,29.25
2025-06-17 09:00:00+00:00,28.175,29.175
2025-06-17 10:00:00+00:00,28.05,29.15
2025-06-17 11:00:00+00:00,28.025,29.075
2025-06-17 12:00:00+00:00,28.075,28.975
2025-06-17 13:00:00+00:00,28.3,28.9
2025-06-17 14:00:00+00:00,28.674999999999997,29.025
2025-06-17 15:00:00+00:00,28.875,29.2
2025-06-17 16:00:00+00:00,29.075,29.475
2025-06-17 17:00:00+00:00,29.35,29.775000000000002
2025-06-17 18:00:00+00:00,29.449999999999996,30.125
2025-06-17 19:00:00+00:00,29.475,30.45
2025-06-17 20:00:00+00:00,29.6,30.924999999999997
2025-06-17 21:00:00+00:00,29.65,31.05
2025-06-17 22:00:00+00:00,29.75,31.125
2025-06-17 23:00:00+00:00,29.55,31.0
2025-06-18 00:00:00+00:00,29.4,30.875
2025-06-18 01:00:00+00:00,29.075000000000003,30.775
2025-06-18 02:00:00+00:00,28.675,30.65
2025-06-18 03:00:00+00:00,28.549999999999997,30.549999999999997
2025-06-18 04:00:00+00:00,28.675,30.424999999999997
2025-06-18 05:00:00+00:00,28.700000000000003,30.2
2025-06-18 06:00:00+00:00,28.674999999999997,29.975
2025-06-18 07:00:00+00:00,28.75,29.875
2025-06-18 08:00:00+00:00,28.625,29.9
2025-06-18 09:00:00+00:00,28.6,29.799999999999997
2025-06-18 10:00:00+00:00,28.525,29.5
2025-06-18 11:00:00+00:00,28.375,29.475
2025-06-18 12:00:00+00:00,28.35,29.225
2025-06-18 13:00:00+00:00,28.55,29.15
2025-06-18 14:00:00+00:00,28.775,29.200000000000003
2025-06-18 15:00:00+00:00,29.174999999999997,29.475
2025-06-18 16:00:00+00:00,29.325000000000003,29.674999999999997
2025-06-18 17:00:00+00:00,29.575000000000003,29.924999999999997
2025-06-18 18:00:00+00:00,29.675,30.175
2025-06-18 19:00:00+00:00,29.75,30.45
2025-06-18 20:00:00+00:00,29.75,30.799999999999997
2025-06-18 21:00:00+00:00,29.875,31.0
2025-06-18 22:00:00+00:00,29.75,30.9
2025-06-18 23:00:00+00:00,29.725,31.0
2025-06-19 00:00:00+00:00,29.6,31.0
2025-06-19 01:00:00+00:00,29.375000000000004,31.0
2025-06-19 02:00:00+00:00,29.175000000000004,30.825000000000003
2025-06-19 03:00:00+00:00,29.025000000000002,30.624999999999996
2025-06-19 04:00:00+00:00,28.95,30.525
2025-06-19 05:00:00+00:00,28.875,30.35
2025-06-19 06:00:00+00:00,28.825000000000003,30.225
2025-06-19 07:00:00+00:00,28.674999999999997,30.125
2025-06-19 08:00:00+00:00,28.6,29.925
2025-06-19 09:00:00+00:00,28.45,29.85
2025-06-19 10:00:00+00:00,28.375,29.825
2025-06-19 11:00:00+00:00,28.35,29.700000000000003
2025-06-19 12:00:00+00:00,28.075000000000003,29.474999999999998
2025-06-19 13:00:00+00:00,28.825000000000003,29.55
2025-06-19 14:00:00+00:00,29.1,29.55
2025-06-19 15:00:00+00:00,29.549999999999997,29.725
2025-06-19 16:00:00+00:00,29.85,29.950000000000003
2025-06-19 17:00:00+00:00,29.875,30.25
2025-06-19 18:00:00+00:00,29.875,30.625
2025-06-19 19:00:00+00:00,29.9,30.849999999999998
2025-06-19 20:00:00+00:00,29.75,31.049999999999997
2025-06-19 21:00:00+00:00,30.049999999999997,31.3
2025-06-19 22:00:00+00:00,29.925,31.35
2025-06-19 23:00:00+00:00,29.974999999999998,31.85
2025-06-20 00:00:00+00:00,29.674999999999997,31.675
2025-06-20 01:00:00+00:00,29.475,31.475
2025-06-20 02:00:00+00:00,29.25,31.449999999999996
2025-06-20 03:00:00+00:00,29.05,31.225
2025-06-20 04:00:00+00:00,28.975,31.025000000000002
2025-06-20 05:00:00+00:00,28.925,30.925
2025-06-20 06:00:00+00:00,28.75,30.75
2025-06-20 07:00:00+00:00,28.6,30.625000000000004
2025-06-20 08:00:00+00:00,28.549999999999997,30.424999999999997
2025-06-20 09:00:00+00:00,28.424999999999997,30.424999999999997
2025-06-20 10:00:00+00:00,28.5,30.35
2025-06-20 11:00:00+00:00,28.450000000000003,30.25
2025-06-20 12:00:00+00:00,28.125,30.25
2025-06-20 13:00:00+00:00,28.924999999999997,30.225
2025-06-20 14:00:00+00:00,29.25,30.175
2025-06-20 15:00:00+00:00,28.85,30.200000000000003
2025-06-20 16:00:00+00:00,29.225,30.425
2025-06-20 17:00:00+00:00,29.424999999999997,30.625
2025-06-20 18:00:00+00:00,29.625,30.875
2025-06-20 19:00:00+00:00,29.675,31.325
2025-06-20 20:00:00+00:00,29.8,31.700000000000003
2025-06-20 21:00:00+00:00,29.825000000000003,31.85
2025-06-20 22:00:00+00:00,29.775,32.275
2025-06-20 23:00:00+00:00,29.525000000000002,32.324999999999996
2025-06-21 00:00:00+00:00,29.424999999999997,32.25
2025-06-21 01:00:00+00:00,29.15,31.974999999999998
2025-06-21 02:00:00+00:00,28.9,31.825
2025-06-21 03:00:00+00:00,28.8,31.675
2025-06-21 04:00:00+00:00,28.475,31.35
2025-06-21 05:00:00+00:00,28.55,31.0
2025-06-21 06:00:00+00:00,28.35,30.900000000000002
2025-06-21 07:00:00+00:00,28.425,30.724999999999998
2025-06-21 08:00:00+00:00,28.474999999999998,30.525000000000002
2025-06-21 09:00:00+00:00,28.4,30.45
2025-06-21 10:00:00+00:00,27.975,30.174999999999997
2025-06-21 11:00:00+00:00,27.5,30.125
2025-06-21 12:00:00+00:00,27.85,30.05
2025-06-21 13:00:00+00:00,28.549999999999997,30.025
2025-06-21 14:00:00+00:00,29.1,30.025
2025-06-21 15:00:00+00:00,29.299999999999997,30.25
2025-06-21 16:00:00+00:00,29.525,30.5
2025-06-21 17:00:00+00:00,29.625,30.650000000000002
2025-06-21 18:00:00+00:00,29.85,30.799999999999997
2025-06-21 19:00:00+00:00,29.8,31.166666666666668
2025-06-21 20:00:00+00:00,30.025,31.200000000000003
2025-06-21 21:00:00+00:00,29.825000000000003,31.325000000000003
2025-06-21 22:00:00+00:00,29.900000000000002,31.5
2025-06-21 23:00:00+00:00,29.85,31.575000000000003
2025-06-22 00:00:00+00:00,29.425,31.575
2025-06-22 01:00:00+00:00,29.150000000000002,31.525
2025-06-22 02:00:00+00:00,29.05,31.275
2025-06-22 03:00:00+00:00,28.925,30.95
2025-06-22 04:00:00+00:00,29.0,30.65
2025-06-22 05:00:00+00:00,28.799999999999997,30.474999999999998
2025-06-22 06:00:00+00:00,28.775,30.35
2025-06-22 07:00:00+00:00,28.6,30.174999999999997
2025-06-22 08:00:00+00:00,28.475,30.0
2025-06-22 09:00:00+00:00,28.475,29.875
2025-06-22 10:00:00+00:00,28.375,29.775
2025-06-22 11:00:00+00:00,28.325,29.7
2025-06-22 12:00:00+00:00,28.325,29.900000000000002
2025-06-22 13:00:00+00:00,28.725,29.775
2025-06-22 14:00:00+00:00,29.0,29.825000000000003
2025-06-22 15:00:00+00:00,29.225,29.9
2025-06-22 16:00:00+00:00,29.574999999999996,30.025
2025-06-22 17:00:00+00:00,29.65,30.3
2025-06-22 18:00:00+00:00,29.775,30.5
2025-06-22 19:00:00+00:00,29.75,30.875
2025-06-22 20:00:00+00:00,29.775,31.325
2025-06-22 21:00:00+00:00,29.924999999999997,31.625
2025-06-22 22:00:00+00:00,29.924999999999997,31.725
2025-06-22 23:00:00+00:00,29.7,31.725
2025-06-23 00:00:00+00:00,29.575,31.55
2025-06-23 01:00:00+00:00,29.3,31.424999999999997
2025-06-23 02:00:00+00:00,29.075000000000003,31.35
2025-06-23 03:00:00+00:00,28.95,31.2
2025-06-23 04:00:00+00:00,28.924999999999997,31.1
2025-06-23 05:00:00+00:00,28.900000000000002,30.7
2025-06-23 06:00:00+00:00,28.724999999999998,30.424999999999997
2025-06-23 07:00:00+00:00,28.65,30.325000000000003
2025-06-23 08:00:00+00:00,28.6,30.099999999999998
2025-06-23 09:00:00+00:00,28.5,29.95
2025-06-23 10:00:00+00:00,28.424999999999997,29.9
2025-06-23 11:00:00+00:00,28.200000000000003,29.925
2025-06-23 12:00:00+00:00,28.225,29.825
2025-06-23 13:00:00+00:00,28.65,29.799999999999997
2025-06-23 14:00:00+00:00,29.025,29.924999999999997
2025-06-23 15:00:00+00:00,29.299999999999997,30.099999999999998
2025-06-23 16:00:00+00:00,29.674999999999997,30.249999999999996
2025-06-23 17:00:00+00:00,29.8,30.325
2025-06-23 18:00:00+00:00,29.800000000000004,30.8
2025-06-23 19:00:00+00:00,29.875,31.224999999999998
2025-06-23 20:00:00+00:00,29.825,31.5
2025-06-23 21:00:00+00:00,29.875,31.6
2025-06-23 22:00:00+00:00,29.875,31.799999999999997
2025-06-23 23:00:00+00:00,29.949999999999996,32.050000000000004
2025-06-24 00:00:00+00:00,29.675,31.925
2025-06-24 01:00:00+00:00,29.4,31.799999999999997
2025-06-24 02:00:00+00:00,29.05,31.6
2025-06-24 03:00:00+00:00,28.9,31.425
2025-06-24 04:00:00+00:00,28.875,31.325000000000003
2025-06-24 05:00:00+00:00,28.675,31.0
2025-06-24 06:00:00+00:00,28.525000000000002,30.849999999999998
2025-06-24 07:00:00+00:00,28.425,30.675
2025-06-24 08:00:00+00:00,28.15,30.4
2025-06-24 09:00:00+00:00,27.974999999999998,30.3
2025-06-24 10:00:00+00:00,27.8,30.15
2025-06-24 11:00:00+00:00,27.7,30.1
2025-06-24 12:00:00+00:00,27.699999999999996,29.925
2025-06-24 13:00:00+00:00,28.650000000000002,30.0
2025-06-24 14:00:00+00:00,28.35,30.075000000000003
2025-06-24 15:00:00+00:00,29.45,30.1
2025-06-24 16:00:00+00:00,29.6,30.300000000000004
2025-06-24 17:00:00+00:00,29.6,30.674999999999997
2025-06-24 18:00:00+00:00,29.85,30.950000000000003
2025-06-24 19:00:00+00:00,29.775000000000002,31.450000000000003
2025-06-24 20:00:00+00:00,29.8,31.775
2025-06-24 21:00:00+00:00,30.15,31.975
2025-06-24 22:00:00+00:00,30.074999999999996,32.224999999999994
2025-06-24 23:00:00+00:00,29.7,32.375
2025-06-25 00:00:00+00:00,29.575000000000003,32.275
2025-06-25 01:00:00+00:00,29.275000000000002,31.95
2025-06-25 02:00:00+00:00,28.924999999999997,31.799999999999997
2025-06-25 03:00:00+00:00,28.75,31.575000000000003
2025-06-25 04:00:00+00:00,28.625,31.35
2025-06-25 05:00:00+00:00,28.6,31.15
2025-06-25 06:00:00+00:00,28.575,30.900000000000002
2025-06-25 07:00:00+00:00,28.45,30.775
2025-06-25 08:00:00+00:00,28.300000000000004,30.675
2025-06-25 09:00:00+00:00,27.924999999999997,30.5
2025-06-25 10:00:00+00:00,27.25,30.375
2025-06-25 11:00:00+00:00,27.475,30.25
2025-06-25 12:00:00+00:00,27.525,30.075000000000003
2025-06-25 13:00:00+00:00,28.45,30.050000000000004
2025-06-25 14:00:00+00:00,29.125,30.025
2025-06-25 15:00:00+00:00,28.975,30.2
2025-06-25 16:00:00+00:00,29.500000000000004,30.424999999999997
2025-06-25 17:00:00+00:00,29.625000000000004,30.700000000000003
2025-06-25 18:00:00+00:00,29.875,30.975
2025-06-25 19:00:00+00:00,29.625,31.325
2025-06-25 20:00:00+00:00,29.55,31.5
2025-06-25 21:00:00+00:00,29.125,31.849999999999998
2025-06-25 22:00:00+00:00,29.049999999999997,31.925
2025-06-25 23:00:00+00:00,29.075,31.825000000000003
2025-06-26 00:00:00+00:00,28.3,31.724999999999998
2025-06-26 01:00:00+00:00,28.675,31.549999999999997
2025-06-26 02:00:00+00:00,28.150000000000002,31.35
2025-06-26 03:00:00+00:00,28.15,31.25
2025-06-26 04:00:00+00:00,28.074999999999996,31.049999999999997
2025-06-26 05:00:00+00:00,28.1,30.724999999999998
2025-06-26 06:00:00+00:00,28.075,30.625
2025-06-26 07:00:00+00:00,28.124999999999996,30.45
2025-06-26 08:00:00+00:00,28.05,30.275
2025-06-26 09:00:00+00:00,27.675,30.075000000000003
2025-06-26 10:00:00+00:00,27.075,29.825000000000003
2025-06-26 11:00:00+00:00,26.5,29.65
2025-06-26 12:00:00+00:00,27.299999999999997,29.45
2025-06-26 13:00:00+00:00,28.2,29.45
2025-06-26 14:00:00+00:00,28.625,29.775000000000002
2025-06-26 15:00:00+00:00,29.075,29.95
2025-06-26 16:00:00+00:00,29.15,30.175
2025-06-26 17:00:00+00:00,29.35,30.3
2025-06-26 18:00:00+00:00,29.125,30.675
2025-06-26 19:00:00+00:00,29.449999999999996,30.9
2025-06-26 20:00:00+00:00,29.725,31.2
2025-06-26 21:00:00+00:00,29.65,31.3
2025-06-26 22:00:00+00:00,29.575000000000003,31.525000000000002
2025-06-26 23:00:00+00:00,29.55,31.574999999999996
2025-06-27 00:00:00+00:00,29.375,31.575000000000003
2025-06-27 01:00:00+00:00,29.049999999999997,31.450000000000003
2025-06-27 02:00:00+00:00,28.700000000000003,31.400000000000002
2025-06-27 03:00:00+00:00,28.625,31.25
2025-06-27 04:00:00+00:00,28.625,31.050000000000004
2025-06-27 05:00:00+00:00,28.575,30.825
2025-06-27 06:00:00+00:00,28.475,30.575
2025-06-27 07:00:00+00:00,28.375,30.4
2025-06-27 08:00:00+00:00,28.05,30.275
2025-06-27 09:00:00+00:00,28.050000000000004,30.125000000000004
2025-06-27 10:00:00+00:00,27.9,29.95
2025-06-27 11:00:00+00:00,27.8,29.75
2025-06-27 12:00:00+00:00,27.825,29.55
2025-06-27 13:00:00+00:00,28.599999999999998,29.475
2025-06-27 14:00:00+00:00,28.825000000000003,29.525000000000002
2025-06-27 15:00:00+00:00,29.224999999999998,29.825000000000003
2025-06-27 16:00:00+00:00,29.374999999999996,30.15
2025-06-27 17:00:00+00:00,29.6,30.675000000000004
2025-06-27 18:00:00+00:00,29.900000000000002,31.025
2025-06-27 19:00:00+00:00,29.924999999999997,31.325
2025-06-27 20:00:00+00:00,29.949999999999996,31.625
2025-06-27 21:00:00+00:00,29.925,31.675
2025-06-27 22:00:00+00:00,30.0,31.825000000000003
2025-06-27 23:00:00+00:00,29.775,31.775
2025-06-28 00:00:00+00:00,29.6,31.924999999999997
2025-06-28 01:00:00+00:00,29.35,31.875
2025-06-28 02:00:00+00:00,29.125,31.75
2025-06-28 03:00:00+00:00,28.875,31.475
2025-06-28 04:00:00+00:00,28.8,31.35
2025-06-28 05:00:00+00:00,28.775,31.2
2025-06-28 06:00:00+00:00,28.624999999999996,31.000000000000004
2025-06-28 07:00:00+00:00,28.475,30.65
2025-06-28 08:00:00+00:00,28.275,30.525
2025-06-28 09:00:00+00:00,28.35,30.375
2025-06-28 10:00:00+00:00,28.2,30.2
2025-06-28 11:00:00+00:00,28.150000000000002,30.025
2025-06-28 12:00:00+00:00,28.049999999999997,29.75
2025-06-28 13:00:00+00:00,28.549999999999997,29.599999999999998
2025-06-28 14:00:00+00:00,28.949999999999996,29.625
2025-06-28 15:00:00+00:00,29.275000000000002,29.875
2025-06-28 16:00:00+00:00,29.325,30.325
2025-06-28 17:00:00+00:00,29.65,30.825
2025-06-28 18:00:00+00:00,29.85,31.150000000000002
2025-06-28 19:00:00+00:00,29.825,31.525
2025-06-28 20:00:00+00:00,29.95,31.65
2025-06-28 21:00:00+00:00,30.1,31.85
2025-06-28 22:00:00+00:00,29.924999999999997,31.975
2025-06-28 23:00:00+00:00,29.8,31.999999999999996
2025-06-29 00:00:00+00:00,29.575,31.924999999999997
2025-06-29 01:00:00+00:00,29.400000000000002,31.799999999999997
2025-06-29 02:00:00+00:00,29.075,31.65
2025-06-29 03:00:00+00:00,29.049999999999997,31.475
2025-06-29 04:00:00+00:00,29.0,31.425
2025-06-29 05:00:00+00:00,28.925,31.225
2025-06-29 06:00:00+00:00,28.8,31.1
2025-06-29 07:00:00+00:00,28.5,30.849999999999998
2025-06-29 08:00:00+00:00,28.35,30.799999999999997
2025-06-29 09:00:00+00:00,28.175000000000004,30.65
2025-06-29 10:00:00+00:00,28.150000000000002,30.5
2025-06-29 11:00:00+00:00,28.025,30.1
2025-06-29 12:00:00+00:00,28.224999999999998,29.975
2025-06-29 13:00:00+00:00,28.65,29.825000000000003
2025-06-29 14:00:00+00:00,29.174999999999997,29.9
2025-06-29 15:00:00+00:00,29.35,30.099999999999998
2025-06-29 16:00:00+00:00,29.224999999999998,30.400000000000002
2025-06-29 17:00:00+00:00,28.45,30.700000000000003
2025-06-29 18:00:00+00:00,27.25,31.05
2025-06-29 19:00:00+00:00,27.549999999999997,31.025
2025-06-29 20:00:00+00:00,28.125,31.049999999999997
2025-06-29 21:00:00+00:00,28.8,31.15
2025-06-29 22:00:00+00:00,29.1,31.325
2025-06-29 23:00:00+00:00,29.025,31.25
2025-06-30 00:00:00+00:00,28.9,31.2
2025-06-30 01:00:00+00:00,28.8,30.999999999999996
2025-06-30 02:00:00+00:00,28.424999999999997,30.875
2025-06-30 03:00:00+00:00,28.275,30.625
2025-06-30 04:00:00+00:00,28.15,30.45
2025-06-30 05:00:00+00:00,28.25,30.325
2025-06-30 06:00:00+00:00,28.325,30.275
2025-06-30 07:00:00+00:00,28.4,30.025
2025-06-30 08:00:00+00:00,28.449999999999996,30.025
2025-06-30 09:00:00+00:00,28.65,29.875
2025-06-30 10:00:00+00:00,27.200000000000003,29.5
2025-06-30 11:00:00+00:00,26.5,29.4
2025-06-30 12:00:00+00:00,26.625,29.174999999999997
2025-06-30 13:00:00+00:00,27.175,29.275
2025-06-30 14:00:00+00:00,28.624999999999996,29.3
2025-06-30 15:00:00+00:00,28.55,29.425000000000004
2025-06-30 16:00:00+00:00,28.775,29.575
2025-06-30 17:00:00+00:00,29.375,29.924999999999997
2025-06-30 18:00:00+00:00,29.675000000000004,30.450000000000003
2025-06-30 19:00:00+00:00,29.775000000000002,30.675
2025-06-30 20:00:00+00:00,29.2,30.95
2025-06-30 21:00:00+00:00,26.625,30.875
2025-06-30 22:00:00+00:00,26.675,30.775
2025-06-30 23:00:00+00:00,26.3,30.549999999999997
2025-07-01 00:00:00+00:00,25.749999999999996,30.45
2025-07-01 01:00:00+00:00,25.349999999999998,30.375000000000004
2025-07-01 02:00:00+00:00,25.699999999999996,30.25
2025-07-01 03:00:00+00:00,25.900000000000002,30.175000000000004
2025-07-01 04:00:00+00:00,26.05,30.175
2025-07-01 05:00:00+00:00,25.975,30.049999999999997
2025-07-01 06:00:00+00:00,26.3,30.0
2025-07-01 07:00:00+00:00,26.65,29.975
2025-07-01 08:00:00+00:00,26.75,29.9
2025-07-01 09:00:00+00:00,26.575,29.674999999999997
2025-07-01 10:00:00+00:00,26.25,29.625
2025-07-01 11:00:00+00:00,26.2,29.55
2025-07-01 12:00:00+00:00,25.925,29.225
2025-07-01 13:00:00+00:00,26.624999999999996,29.125
2025-07-01 14:00:00+00:00,27.525000000000002,29.299999999999997
2025-07-01 15:00:00+00:00,28.175,29.4
2025-07-01 16:00:00+00:00,28.975,29.525
2025-07-01 17:00:00+00:00,29.525,29.875
2025-07-01 18:00:00+00:00,29.75,30.25
2025-07-01 19:00:00+00:00,29.799999999999997,30.65
2025-07-01 20:00:00+00:00,29.875,30.85
2025-07-01 21:00:00+00:00,29.924999999999997,31.099999999999998
2025-07-01 22:00:00+00:00,29.725,31.200000000000003
2025-07-01 23:00:00+00:00,29.5,31.1
2025-07-02 00:00:00+00:00,29.325000000000003,31.150000000000002
2025-07-02 01:00:00+00:00,29.174999999999997,31.075000000000003
2025-07-02 02:00:00+00:00,29.025,30.825000000000003
2025-07-02 03:00:00+00:00,28.9,30.55
2025-07-02 04:00:00+00:00,28.35,30.425
2025-07-02 05:00:00+00:00,28.25,30.299999999999997
2025-07-02 06:00:00+00:00,28.05,30.075000000000003
2025-07-02 07:00:00+00:00,27.575000000000003,30.025
2025-07-02 08:00:00+00:00,27.625,29.95
2025-07-02 09:00:00+00:00,27.424999999999997,29.85
2025-07-02 10:00:00+00:00,27.325,29.725
2025-07-02 11:00:00+00:00,26.924999999999997,29.85
2025-07-02 12:00:00+00:00,27.475,29.7
2025-07-02 13:00:00+00:00,28.325000000000003,29.6
2025-07-02 14:00:00+00:00,28.875,29.475
2025-07-02 15:00:00+00:00,29.125,29.549999999999997
2025-07-02 16:00:00+00:00,29.475,29.825000000000003
2025-07-02 17:00:00+00:00,29.625,30.049999999999997
2025-07-02 18:00:00+00:00,29.7,30.299999999999997
2025-07-02 19:00:00+00:00,29.725,30.675
2025-07-02 20:00:00+00:00,29.799999999999997,31.075000000000003
2025-07-02 21:00:00+00:00,29.800000000000004,31.299999999999997
2025-07-02 22:00:00+00:00,29.7,31.375
2025-07-02 23:00:00+00:00,29.5,31.425000000000004
2025-07-03 00:00:00+00:00,29.349999999999998,31.325
2025-07-03 01:00:00+00:00,29.15,31.174999999999997
2025-07-03 02:00:00+00:00,28.975,31.025000000000002
2025-07-03 03:00:00+00:00,28.875,30.824999999999996
2025-07-03 04:00:00+00:00,28.749999999999996,30.699999999999996
2025-07-03 05:00:00+00:00,28.675,30.625
2025-07-03 06:00:00+00:00,28.625,30.375
2025-07-03 07:00:00+00:00,28.65,30.300000000000004
2025-07-03 08:00:00+00:00,28.675,30.2
2025-07-03 09:00:00+00:00,28.6,30.075000000000003
2025-07-03 10:00:00+00:00,28.450000000000003,30.05
2025-07-03 11:00:00+00:00,28.475,30.150000000000002
2025-07-03 12:00:00+00:00,28.55,30.125
2025-07-03 13:00:00+00:00,28.7,30.125
2025-07-03 14:00:00+00:00,28.9,30.099999999999998
2025-07-03 15:00:00+00:00,29.175000000000004,30.049999999999997
2025-07-03 16:00:00+00:00,29.425000000000004,30.125
2025-07-03 17:00:00+00:00,29.700000000000003,30.325
2025-07-03 18:00:00+00:00,29.775,30.625
2025-07-03 19:00:00+00:00,29.8,30.8
2025-07-03 20:00:00+00:00,29.799999999999997,30.975
2025-07-03 21:00:00+00:00,29.9,31.2
2025-07-03 22:00:00+00:00,29.825,31.375
2025-07-03 23:00:00+00:00,29.7,31.375
2025-07-04 00:00:00+00:00,29.549999999999997,31.4
2025-07-04 01:00:00+00:00,29.275,31.25
2025-07-04 02:00:00+00:00,29.075,31.075
2025-07-04 03:00:00+00:00,29.0,30.9
2025-07-04 04:00:00+00:00,29.05,30.75
2025-07-04 05:00:00+00:00,28.849999999999998,30.574999999999996
2025-07-04 06:00:00+00:00,28.85,30.4
2025-07-04 07:00:00+00:00,28.75,30.275
2025-07-04 08:00:00+00:00,28.75,30.075
2025-07-04 09:00:00+00:00,28.65,29.875
2025-07-04 10:00:00+00:00,28.7,29.775000000000002
2025-07-04 11:00:00+00:00,28.700000000000003,29.475
2025-07-04 12:00:00+00:00,28.625,29.4
2025-07-04 13:00:00+00:00,28.849999999999998,29.599999999999998
2025-07-04 14:00:00+00:00,29.125,29.675
2025-07-04 15:00:00+00:00,29.3,29.900000000000002
2025-07-04 16:00:00+00:00,29.424999999999997,30.025
2025-07-04 17:00:00+00:00,29.625,30.2
2025-07-04 18:00:00+00:00,29.75,30.375
2025-07-04 19:00:00+00:00,29.799999999999997,30.55
2025-07-04 20:00:00+00:00,29.825000000000003,30.75
2025-07-04 21:00:00+00:00,29.8,30.85
2025-07-04 22:00:00+00:00,29.650000000000002,30.925
2025-07-04 23:00:00+00:00,29.5,30.849999999999998
2025-07-05 00:00:00+00:00,29.275,30.75
2025-07-05 01:00:00+00:00,29.099999999999998,30.625
2025-07-05 02:00:00+00:00,28.95,30.525
2025-07-05 03:00:00+00:00,28.950000000000003,30.225
2025-07-05 04:00:00+00:00,28.95,30.0
2025-07-05 05:00:00+00:00,28.875,29.775000000000002
2025-07-05 06:00:00+00:00,28.8,29.6
2025-07-05 07:00:00+00:00,28.775,29.525
2025-07-05 08:00:00+00:00,28.675,29.449999999999996
2025-07-05 09:00:00+00:00,28.625,29.349999999999998
2025-07-05 10:00:00+00:00,28.6,29.299999999999997
2025-07-05 11:00:00+00:00,28.525,29.275000000000002
2025-07-05 12:00:00+00:00,28.525,29.175
2025-07-05 13:00:00+00:00,28.75,29.174999999999997
2025-07-05 14:00:00+00:00,28.875,29.175
2025-07-05 15:00:00+00:00,28.95,29.174999999999997
2025-07-05 16:00:00+00:00,29.0,29.25
2025-07-05 17:00:00+00:00,29.049999999999997,29.299999999999997
2025-07-05 18:00:00+00:00,29.175,29.549999999999997
2025-07-05 19:00:00+00:00,29.475,29.724999999999998
2025-07-05 20:00:00+00:00,29.95,29.875
2025-07-05 21:00:00+00:00,29.75,30.125
2025-07-05 22:00:00+00:00,29.875,30.25
2025-07-05 23:00:00+00:00,29.5,30.299999999999997
2025-07-06 00:00:00+00:00,29.325,30.275
2025-07-06 01:00:00+00:00,29.075000000000003,30.175
2025-07-06 02:00:00+00:00,28.924999999999997,30.075
2025-07-06 03:00:00+00:00,28.849999999999998,30.025
2025-07-06 04:00:00+00:00,28.8,29.975
2025-07-06 05:00:00+00:00,28.700000000000003,29.825
2025-07-06 06:00:00+00:00,28.625,29.674999999999997
2025-07-06 07:00:00+00:00,28.6,29.65
2025-07-06 08:00:00+00:00,28.475,29.549999999999997
2025-07-06 09:00:00+00:00,28.325,29.5
2025-07-06 10:00:00+00:00,28.2,29.4
2025-07-06 11:00:00+00:00,27.974999999999998,29.35
2025-07-06 12:00:00+00:00,28.025,29.325
2025-07-06 13:00:00+00:00,28.5,29.299999999999997
2025-07-06 14:00:00+00:00,28.85,29.299999999999997
2025-07-06 15:00:00+00:00,29.275000000000002,29.425
2025-07-06 16:00:00+00:00,29.55,29.65
2025-07-06 17:00:00+00:00,29.475,29.825
2025-07-06 18:00:00+00:00,29.9,30.174999999999997
2025-07-06 19:00:00+00:00,29.975,30.525
2025-07-06 20:00:00+00:00,29.925,30.6
2025-07-06 21:00:00+00:00,29.975,30.65
2025-07-06 22:00:00+00:00,29.974999999999998,30.55
2025-07-06 23:00:00+00:00,29.875,30.7
2025-07-07 00:00:00+00:00,29.674999999999997,30.949999999999996
2025-07-07 01:00:00+00:00,29.45,30.95
2025-07-07 02:00:00+00:00,29.15,30.95
2025-07-07 03:00:00+00:00,29.125,30.799999999999997
2025-07-07 04:00:00+00:00,28.925,30.75
2025-07-07 05:00:00+00:00,28.824999999999996,30.6
2025-07-07 06:00:00+00:00,28.575000000000003,30.499999999999996
2025-07-07 07:00:00+00:00,28.550000000000004,30.275000000000002
2025-07-07 08:00:00+00:00,28.35,30.174999999999997
2025-07-07 09:00:00+00:00,28.375,30.2
2025-07-07 10:00:00+00:00,28.275,30.099999999999998
2025-07-07 11:00:00+00:00,28.275000000000002,30.075000000000003
2025-07-07 12:00:00+00:00,28.299999999999997,29.95
2025-07-07 13:00:00+00:00,28.6,29.775
2025-07-07 14:00:00+00:00,28.950000000000003,29.8
2025-07-07 15:00:00+00:00,29.150000000000002,30.075
2025-07-07 16:00:00+00:00,29.3,30.2
2025-07-07 17:00:00+00:00,29.900000000000002,30.424999999999997
2025-07-07 18:00:00+00:00,30.125,30.775000000000002
2025-07-07 19:00:00+00:00,30.225,31.275
2025-07-07 20:00:00+00:00,30.150000000000002,31.575
2025-07-07 21:00:00+00:00,29.625,31.975
2025-07-07 22:00:00+00:00,29.85,31.799999999999997
2025-07-07 23:00:00+00:00,29.650000000000002,31.45
2025-07-08 00:00:00+00:00,29.349999999999998,31.45
2025-07-08 01:00:00+00:00,29.400000000000002,31.375
2025-07-08 02:00:00+00:00,28.9,31.2
2025-07-08 03:00:00+00:00,28.749999999999996,31.000000000000004
2025-07-08 04:00:00+00:00,28.724999999999998,30.9
2025-07-08 05:00:00+00:00,28.75,30.725
2025-07-08 06:00:00+00:00,28.799999999999997,30.625
2025-07-08 07:00:00+00:00,28.775,30.45
2025-07-08 08:00:00+00:00,28.825000000000003,30.349999999999998
2025-07-08 09:00:00+00:00,28.85,30.299999999999997
2025-07-08 10:00:00+00:00,28.75,30.125
2025-07-08 11:00:00+00:00,28.575,30.0
2025-07-08 12:00:00+00:00,28.575,29.95
2025-07-08 13:00:00+00:00,28.7,29.800000000000004
2025-07-08 14:00:00+00:00,29.175,29.725
2025-07-08 15:00:00+00:00,29.425,29.924999999999997
2025-07-08 16:00:00+00:00,29.425,30.15
2025-07-08 17:00:00+00:00,29.7,30.375
2025-07-08 18:00:00+00:00,29.7,30.450000000000003
2025-07-08 19:00:00+00:00,28.900000000000002,30.625
2025-07-08 20:00:00+00:00,27.325,30.5
2025-07-08 21:00:00+00:00,27.549999999999997,30.575000000000003
2025-07-08 22:00:00+00:00,28.025,30.625
2025-07-08 23:00:00+00:00,27.85,30.725
2025-07-09 00:00:00+00:00,27.400000000000002,30.725
2025-07-09 01:00:00+00:00,27.45,30.525
2025-07-09 02:00:00+00:00,27.825,30.375
2025-07-09 03:00:00+00:00,28.275,30.200000000000003
2025-07-09 04:00:00+00:00,28.55,30.1
2025-07-09 05:00:00+00:00,28.65,29.875
2025-07-09 06:00:00+00:00,28.65,29.85
2025-07-09 07:00:00+00:00,28.6,29.775
2025-07-09 08:00:00+00:00,28.424999999999997,29.650000000000002
2025-07-09 09:00:00+00:00,28.424999999999997,29.549999999999997
2025-07-09 10:00:00+00:00,28.225,29.475
2025-07-09 11:00:00+00:00,28.25,29.425
2025-07-09 12:00:00+00:00,28.000000000000004,29.200000000000003
2025-07-09 13:00:00+00:00,28.299999999999997,29.125
2025-07-09 14:00:00+00:00,28.75,29.325000000000003
2025-07-09 15:00:00+00:00,28.525,29.375
2025-07-09 16:00:00+00:00,28.625,29.5
2025-07-09 17:00:00+00:00,29.075,29.775
2025-07-09 18:00:00+00:00,29.675,30.049999999999997
2025-07-09 19:00:00+00:00,29.95,30.449999999999996
2025-07-09 20:00:00+00:00,29.8,30.675000000000004
2025-07-09 21:00:00+00:00,28.849999999999998,30.775
2025-07-09 22:00:00+00:00,29.375,30.675
2025-07-09 23:00:00+00:00,30.049999999999997,30.824999999999996
2025-07-10 00:00:00+00:00,28.825,30.825
2025-07-10 01:00:00+00:00,28.05,30.775
2025-07-10 02:00:00+00:00,27.900000000000002,30.725
2025-07-10 03:00:00+00:00,28.65,30.599999999999998
2025-07-10 04:00:00+00:00,28.775000000000002,30.35
2025-07-10 05:00:00+00:00,28.575000000000003,30.075000000000003
2025-07-10 06:00:00+00:00,28.275,29.85
2025-07-10 07:00:00+00:00,28.075000000000003,29.65
2025-07-10 08:00:00+00:00,28.0,29.400000000000002
2025-07-10 09:00:00+00:00,27.875,29.125000000000004
2025-07-10 10:00:00+00:00,27.85,29.099999999999998
2025-07-10 11:00:00+00:00,27.7,28.9
2025-07-10 12:00:00+00:00,27.6,28.75
2025-07-10 13:00:00+00:00,28.075,28.849999999999998
2025-07-10 14:00:00+00:00,28.45,29.025
2025-07-10 15:00:00+00:00,28.825,29.175
2025-07-10 16:00:00+00:00,29.025000000000002,29.450000000000003
2025-07-10 17:00:00+00:00,29.425,29.825
2025-07-10 18:00:00+00:00,29.700000000000003,30.300000000000004
2025-07-10 19:00:00+00:00,30.125,30.499999999999996
2025-07-10 20:00:00+00:00,30.125,30.8
2025-07-10 21:00:00+00:00,29.875,30.95
2025-07-10 22:00:00+00:00,29.725,31.275000000000002
2025-07-10 23:00:00+00:00,29.75,31.3
2025-07-11 00:00:00+00:00,29.475,31.25
2025-07-11 01:00:00+00:00,29.299999999999997,31.225
2025-07-11 02:00:00+00:00,29.0,31.275
2025-07-11 03:00:00+00:00,28.85,31.074999999999996
2025-07-11 04:00:00+00:00,28.85,30.85
2025-07-11 05:00:00+00:00,28.725,30.599999999999998
2025-07-11 06:00:00+00:00,28.65,30.275
2025-07-11 07:00:00+00:00,28.650000000000002,30.099999999999998
2025-07-11 08:00:00+00:00,28.55,29.825
2025-07-11 09:00:00+00:00,28.525000000000002,29.625
2025-07-11 10:00:00+00:00,28.375,29.525
2025-07-11 11:00:00+00:00,28.450000000000003,29.475
2025-07-11 12:00:00+00:00,28.325000000000003,29.299999999999997
2025-07-11 13:00:00+00:00,28.6,29.275000000000002
2025-07-11 14:00:00+00:00,28.949999999999996,29.674999999999997
2025-07-11 15:00:00+00:00,29.174999999999997,29.775
2025-07-11 16:00:00+00:00,29.425000000000004,29.900000000000002
2025-07-11 17:00:00+00:00,29.625,30.099999999999998
2025-07-11 18:00:00+00:00,29.7,30.349999999999998
2025-07-11 19:00:00+00:00,29.700000000000003,30.65
2025-07-11 20:00:00+00:00,29.675,30.925
2025-07-11 21:00:00+00:00,29.9,31.25
2025-07-11 22:00:00+00:00,29.674999999999997,31.4
2025-07-11 23:00:00+00:00,29.650000000000002,31.275000000000002
2025-07-12 00:00:00+00:00,29.625,31.175000000000004
2025-07-12 01:00:00+00:00,29.3,30.975
2025-07-12 02:00:00+00:00,29.05,30.849999999999998
2025-07-12 03:00:00+00:00,28.875,30.775
2025-07-12 04:00:00+00:00,28.725,30.674999999999997
2025-07-12 05:00:00+00:00,28.725,30.5
2025-07-12 06:00:00+00:00,28.700000000000003,30.25
2025-07-12 07:00:00+00:00,28.700000000000003,29.95
2025-07-12 08:00:00+00:00,28.6,29.575000000000003
2025-07-12 09:00:00+00:00,28.6,29.6
2025-07-12 10:00:00+00:00,28.650000000000002,29.4
2025-07-12 11:00:00+00:00,28.5,29.3
2025-07-12 12:00:00+00:00,28.45,29.300000000000004
2025-07-12 13:00:00+00:00,28.724999999999998,29.375
2025-07-12 14:00:00+00:00,29.099999999999998,29.475
2025-07-12 15:00:00+00:00,29.3,29.625
2025-07-12 16:00:00+00:00,29.549999999999997,29.9
2025-07-12 17:00:00+00:00,29.674999999999997,30.150000000000002
2025-07-12 18:00:00+00:00,29.799999999999997,30.474999999999998
2025-07-12 19:00:00+00:00,29.75,30.749999999999996
2025-07-12 20:00:00+00:00,29.775,31.025
2025-07-12 21:00:00+00:00,29.875,31.25
2025-07-12 22:00:00+00:00,29.775,31.25
2025-07-12 23:00:00+00:00,29.650000000000002,31.325
2025-07-13 00:00:00+00:00,29.525,31.25
2025-07-13 01:00:00+00:00,29.174999999999997,31.200000000000003
2025-07-13 02:00:00+00:00,28.8,31.025000000000002
2025-07-13 03:00:00+00:00,28.675,30.925
2025-07-13 04:00:00+00:00,28.699999999999996,30.749999999999996
2025-07-13 05:00:00+00:00,28.725,30.5
2025-07-13 06:00:00+00:00,28.65,30.325
2025-07-13 07:00:00+00:00,28.675,30.025
2025-07-13 08:00:00+00:00,28.75,29.825
2025-07-13 09:00:00+00:00,28.725,29.700000000000003
2025-07-13 10:00:00+00:00,28.6,29.65
2025-07-13 11:00:00+00:00,28.55,29.299999999999997
2025-07-13 12:00:00+00:00,28.474999999999998,29.275
2025-07-13 13:00:00+00:00,28.675,29.4
2025-07-13 14:00:00+00:00,29.025,29.375
2025-07-13 15:00:00+00:00,29.325,29.7
2025-07-13 16:00:00+00:00,29.475,30.049999999999997
2025-07-13 17:00:00+00:00,29.65,30.375
2025-07-13 18:00:00+00:00,29.5,30.5
2025-07-13 19:00:00+00:00,29.924999999999997,30.799999999999997
2025-07-13 20:00:00+00:00,29.9,30.95
2025-07-13 21:00:00+00:00,29.825,31.275
2025-07-13 22:00:00+00:00,29.9,31.4
2025-07-13 23:00:00+00:00,29.825000000000003,31.425
2025-07-14 00:00:00+00:00,29.4,31.325000000000003
2025-07-14 01:00:00+00:00,29.099999999999998,31.175
2025-07-14 02:00:00+00:00,28.975,31.05
2025-07-14 03:00:00+00:00,28.799999999999997,30.95
2025-07-14 04:00:00+00:00,28.8,30.8
2025-07-14 05:00:00+00:00,28.725,30.625
2025-07-14 06:00:00+00:00,28.65,30.475
2025-07-14 07:00:00+00:00,28.525,30.275000000000002
2025-07-14 08:00:00+00:00,28.4,30.1
2025-07-14 09:00:00+00:00,28.475,30.0
2025-07-14 10:00:00+00:00,28.424999999999997,29.724999999999998
2025-07-14 11:00:00+00:00,28.424999999999997,29.6
2025-07-14 12:00:00+00:00,28.450000000000003,29.425
2025-07-14 13:00:00+00:00,28.575,29.35
2025-07-14 14:00:00+00:00,28.9,29.4
2025-07-14 15:00:00+00:00,29.35,29.650000000000002
2025-07-14 16:00:00+00:00,29.6,30.0
2025-07-14 17:00:00+00:00,29.875,30.375
2025-07-14 18:00:00+00:00,30.025,30.85
2025-07-14 19:00:00+00:00,29.975,31.174999999999997
2025-07-14 20:00:00+00:00,30.025000000000002,31.325
2025-07-14 21:00:00+00:00,29.85,31.625
2025-07-14 22:00:00+00:00,29.95,31.674999999999997
2025-07-14 23:00:00+00:00,29.875,31.65
2025-07-15 00:00:00+00:00,29.700000000000003,31.6
2025-07-15 01:00:00+00:00,29.25,31.5
2025-07-15 02:00:00+00:00,29.05,31.25
2025-07-15 03:00:00+00:00,28.8,31.05
2025-07-15 04:00:00+00:00,28.849999999999998,30.85
2025-07-15 05:00:00+00:00,28.900000000000002,30.700000000000003
2025-07-15 06:00:00+00:00,28.925000000000004,30.624999999999996
2025-07-15 07:00:00+00:00,28.925,30.5
2025-07-15 08:00:00+00:00,28.950000000000003,30.275
2025-07-15 09:00:00+00:00,28.75,30.075
2025-07-15 10:00:00+00:00,28.525,29.974999999999998
2025-07-15 11:00:00+00:00,28.375000000000004,29.900000000000002
2025-07-15 12:00:00+00:00,28.4,29.725
2025-07-15 13:00:00+00:00,28.625,29.625000000000004
2025-07-15 14:00:00+00:00,29.0,29.7
2025-07-15 15:00:00+00:00,29.275,29.9
2025-07-15 16:00:00+00:00,29.55,30.15
2025-07-15 17:00:00+00:00,29.85,30.4
2025-07-15 18:00:00+00:00,29.85,30.85
2025-07-15 19:00:00+00:00,29.9,31.275
2025-07-15 20:00:00+00:00,29.925,31.549999999999997
2025-07-15 21:00:00+00:00,29.95,31.724999999999998
2025-07-15 22:00:00+00:00,29.924999999999997,31.7
2025-07-15 23:00:00+00:00,29.775,31.6
2025-07-16 00:00:00+00:00,29.700000000000003,31.549999999999997
2025-07-16 01:00:00+00:00,29.349999999999998,31.4
2025-07-16 02:00:00+00:00,29.025000000000002,31.25
2025-07-16 03:00:00+00:00,28.975,31.099999999999998
2025-07-16 04:00:00+00:00,28.9,30.924999999999997
2025-07-16 05:00:00+00:00,28.825000000000003,30.775
2025-07-16 06:00:00+00:00,28.75,30.65
2025-07-16 07:00:00+00:00,28.674999999999997,30.475
2025-07-16 08:00:00+00:00,28.65,30.075000000000003
2025-07-16 09:00:00+00:00,28.575000000000003,29.825
2025-07-16 10:00:00+00:00,28.35,29.824999999999996
2025-07-16 11:00:00+00:00,28.35,29.775000000000002
2025-07-16 12:00:00+00:00,28.175,29.925
2025-07-16 13:00:00+00:00,28.475,29.9
2025-07-16 14:00:00+00:00,28.825,29.949999999999996
2025-07-16 15:00:00+00:00,29.150000000000002,30.099999999999998
2025-07-16 16:00:00+00:00,29.45,30.375
2025-07-16 17:00:00+00:00,29.725,30.65
2025-07-16 18:00:00+00:00,29.9,30.950000000000003
2025-07-16 19:00:00+00:00,29.974999999999998,31.224999999999998
2025-07-16 20:00:00+00:00,30.099999999999998,31.5
2025-07-16 21:00:00+00:00,30.049999999999997,31.9
2025-07-16 22:00:00+00:00,30.1,31.975
2025-07-16 23:00:00+00:00,29.900000000000002,32.05
2025-07-17 00:00:00+00:00,29.475,31.875
2025-07-17 01:00:00+00:00,29.25,31.575000000000003
2025-07-17 02:00:00+00:00,28.925,31.425
2025-07-17 03:00:00+00:00,28.875,31.275
2025-07-17 04:00:00+00:00,28.7,31.15
2025-07-17 05:00:00+00:00,28.625,30.950000000000003
2025-07-17 06:00:00+00:00,28.475,30.775
2025-07-17 07:00:00+00:00,28.25,30.575
2025-07-17 08:00:00+00:00,28.200000000000003,30.375
2025-07-17 09:00:00+00:00,27.975,30.15
2025-07-17 10:00:00+00:00,27.85,30.225
2025-07-17 11:00:00+00:00,27.75,29.975
2025-07-17 12:00:00+00:00,27.349999999999998,29.749999999999996
2025-07-17 13:00:00+00:00,27.625,29.775000000000002
2025-07-17 14:00:00+00:00,28.275,29.825000000000003
2025-07-17 15:00:00+00:00,28.825,29.999999999999996
2025-07-17 16:00:00+00:00,29.225,30.2
2025-07-17 17:00:00+00:00,29.6,30.625
2025-07-17 18:00:00+00:00,29.575000000000003,31.099999999999998
2025-07-17 19:00:00+00:00,29.699999999999996,31.65
2025-07-17 20:00:00+00:00,29.825,31.750000000000004
2025-07-17 21:00:00+00:00,29.925,32.325
2025-07-17 22:00:00+00:00,30.125,32.45
2025-07-17 23:00:00+00:00,29.875,32.55
2025-07-18 00:00:00+00:00,29.625000000000004,32.4
2025-07-18 01:00:00+00:00,29.1,32.375
2025-07-18 02:00:00+00:00,28.724999999999998,32.075
2025-07-18 03:00:00+00:00,28.625,32.025
2025-07-18 04:00:00+00:00,28.65,31.85
2025-07-18 05:00:00+00:00,28.575,31.599999999999998
2025-07-18 06:00:00+00:00,28.5,31.450000000000003
2025-07-18 07:00:00+00:00,28.625,31.175
2025-07-18 08:00:00+00:00,28.525000000000002,30.975
2025-07-18 09:00:00+00:00,28.575000000000003,30.875
2025-07-18 10:00:00+00:00,28.424999999999997,30.825
2025-07-18 11:00:00+00:00,28.525000000000002,30.8
2025-07-18 12:00:00+00:00,28.375,30.775
2025-07-18 13:00:00+00:00,28.325000000000003,30.7
2025-07-18 14:00:00+00:00,28.575000000000003,30.650000000000002
2025-07-18 15:00:00+00:00,29.0,30.700000000000003
2025-07-18 16:00:00+00:00,29.424999999999997,30.799999999999997
2025-07-18 17:00:00+00:00,29.75,31.1
2025-07-18 18:00:00+00:00,29.825,31.5
2025-07-18 19:00:00+00:00,29.975,32.025000000000006
2025-07-18 20:00:00+00:00,30.300000000000004,32.225
2025-07-18 21:00:00+00:00,30.375,32.675
2025-07-18 22:00:00+00:00,30.375,32.85
2025-07-18 23:00:00+00:00,30.225,32.7
2025-07-19 00:00:00+00:00,29.974999999999998,32.9
2025-07-19 01:00:00+00:00,29.675,32.725
2025-07-19 02:00:00+00:00,29.25,32.4
2025-07-19 03:00:00+00:00,29.175,32.05
2025-07-19 04:00:00+00:00,29.075000000000003,31.950000000000003
2025-07-19 05:00:00+00:00,29.05,31.825
2025-07-19 06:00:00+00:00,28.925000000000004,31.6
2025-07-19 07:00:00+00:00,28.85,31.4
2025-07-19 08:00:00+00:00,28.799999999999997,31.3
2025-07-19 09:00:00+00:00,28.775000000000002,31.1
2025-07-19 10:00:00+00:00,28.7,30.775
2025-07-19 11:00:00+00:00,28.4,30.549999999999997
2025-07-19 12:00:00+00:00,28.375,30.625
2025-07-19 13:00:00+00:00,28.65,30.650000000000002
2025-07-19 14:00:00+00:00,29.0,30.6
2025-07-19 15:00:00+00:00,29.375,30.674999999999997
2025-07-19 16:00:00+00:00,29.775,31.0
2025-07-19 17:00:00+00:00,29.999999999999996,31.174999999999997
2025-07-19 18:00:00+00:00,30.200000000000003,31.475
2025-07-19 19:00:00+00:00,30.275000000000002,31.7
2025-07-19 20:00:00+00:00,30.425,31.975
2025-07-19 21:00:00+00:00,30.375,32.25
2025-07-19 22:00:00+00:00,30.375,32.325
2025-07-19 23:00:00+00:00,30.174999999999997,32.4
2025-07-20 00:00:00+00:00,29.9,32.550000000000004
2025-07-20 01:00:00+00:00,29.700000000000003,32.35
2025-07-20 02:00:00+00:00,29.375,32.175
2025-07-20 03:00:00+00:00,29.2,31.85
2025-07-20 04:00:00+00:00,29.15,31.575
2025-07-20 05:00:00+00:00,29.05,31.400000000000002
2025-07-20 06:00:00+00:00,28.974999999999998,31.225
2025-07-20 07:00:00+00:00,28.874999999999996,31.05
2025-07-20 08:00:00+00:00,28.825000000000003,30.924999999999997
2025-07-20 09:00:00+00:00,28.775,30.675
2025-07-20 10:00:00+00:00,28.700000000000003,30.5
2025-07-20 11:00:00+00:00,28.675000000000004,30.375
2025-07-20 12:00:00+00:00,28.625,30.375
2025-07-20 13:00:00+00:00,28.8,30.374999999999996
2025-07-20 14:00:00+00:00,28.825000000000003,30.424999999999997
2025-07-20 15:00:00+00:00,29.125,30.549999999999997
2025-07-20 16:00:00+00:00,29.175,30.450000000000003
2025-07-20 17:00:00+00:00,29.4,30.65
2025-07-20 18:00:00+00:00,29.599999999999998,30.799999999999997
2025-07-20 19:00:00+00:00,29.75,30.9
2025-07-20 20:00:00+00:00,29.775000000000002,30.924999999999997
2025-07-20 21:00:00+00:00,29.875,31.05
2025-07-20 22:00:00+00:00,29.875,31.175
2025-07-20 23:00:00+00:00,29.8,31.225
2025-07-21 00:00:00+00:00,29.625,31.175
2025-07-21 01:00:00+00:00,29.25,31.075000000000003
2025-07-21 02:00:00+00:00,29.075,30.950000000000003
2025-07-21 03:00:00+00:00,29.075000000000003,30.75
2025-07-21 04:00:00+00:00,28.875,30.625
2025-07-21 05:00:00+00:00,28.849999999999998,30.325000000000003
2025-07-21 06:00:00+00:00,28.7,30.15
2025-07-21 07:00:00+00:00,28.699999999999996,30.025
2025-07-21 08:00:00+00:00,28.625,29.875
2025-07-21 09:00:00+00:00,28.5,29.700000000000003
2025-07-21 10:00:00+00:00,28.375,29.675
2025-07-21 11:00:00+00:00,28.299999999999997,29.549999999999997
2025-07-21 12:00:00+00:00,28.299999999999997,29.65
2025-07-21 13:00:00+00:00,28.5,29.674999999999997
2025-07-21 14:00:00+00:00,28.800000000000004,29.775
2025-07-21 15:00:00+00:00,29.05,29.925
2025-07-21 16:00:00+00:00,29.425,29.975
2025-07-21 17:00:00+00:00,29.674999999999997,30.25
2025-07-21 18:00:00+00:00,29.924999999999997,30.574999999999996
2025-07-21 19:00:00+00:00,29.950000000000003,31.1
2025-07-21 20:00:00+00:00,30.05,31.175
2025-07-21 21:00:00+00:00,29.95,31.45
2025-07-21 22:00:00+00:00,29.95,31.625
2025-07-21 23:00:00+00:00,29.875,31.775
2025-07-22 00:00:00+00:00,29.675,31.775
2025-07-22 01:00:00+00:00,29.3,31.650000000000002
2025-07-22 02:00:00+00:00,28.924999999999997,31.55
2025-07-22 03:00:00+00:00,28.825000000000003,31.299999999999997
2025-07-22 04:00:00+00:00,28.7,31.099999999999998
2025-07-22 05:00:00+00:00,28.7,30.875
2025-07-22 06:00:00+00:00,28.625,30.650000000000002
2025-07-22 07:00:00+00:00,28.525,30.375000000000004
2025-07-22 08:00:00+00:00,28.650000000000002,30.375
2025-07-22 09:00:00+00:00,28.575,30.3
2025-07-22 10:00:00+00:00,28.650000000000002,30.25
2025-07-22 11:00:00+00:00,28.525000000000002,30.174999999999997
2025-07-22 12:00:00+00:00,28.525,30.049999999999997
2025-07-22 13:00:00+00:00,28.75,30.0
2025-07-22 14:00:00+00:00,29.075000000000003,29.95
2025-07-22 15:00:00+00:00,29.325,30.250000000000004
2025-07-22 16:00:00+00:00,29.75,30.475
2025-07-22 17:00:00+00:00,30.23333333333333,30.13333333333333
2025-07-22 18:00:00+00:00,30.175,30.85
2025-07-22 19:00:00+00:00,30.175,31.225
2025-07-22 20:00:00+00:00,30.375,31.325000000000003
2025-07-22 21:00:00+00:00,30.325,31.674999999999997
2025-07-22 22:00:00+00:00,30.566666666666666,31.333333333333332
2025-07-22 23:00:00+00:00,30.049999999999997,32.050000000000004
2025-07-23 00:00:00+00:00,29.875000000000004,32.074999999999996
2025-07-23 01:00:00+00:00,29.5,31.775
2025-07-23 02:00:00+00:00,29.2,31.549999999999997
2025-07-23 03:00:00+00:00,28.975,31.375
2025-07-23 04:00:00+00:00,28.9,31.15
2025-07-23 05:00:00+00:00,28.775,30.950000000000003
2025-07-23 06:00:00+00:00,28.85,30.799999999999997
2025-07-23 07:00:00+00:00,28.700000000000003,30.575
2025-07-23 08:00:00+00:00,28.625,30.275
2025-07-23 09:00:00+00:00,28.599999999999998,30.1
2025-07-23 10:00:00+00:00,28.525,30.1
2025-07-23 11:00:00+00:00,28.474999999999998,30.075
2025-07-23 12:00:00+00:00,28.450000000000003,30.025
2025-07-23 13:00:00+00:00,28.7,30.0
2025-07-23 14:00:00+00:00,29.099999999999998,30.075
2025-07-23 15:00:00+00:00,29.475,30.4
2025-07-23 16:00:00+00:00,29.875000000000004,30.675
2025-07-23 17:00:00+00:00,30.025,31.075000000000003
2025-07-23 18:00:00+00:00,30.450000000000003,31.375
2025-07-23 19:00:00+00:00,30.475,31.700000000000003
2025-07-23 20:00:00+00:00,30.25,32.075
2025-07-23 21:00:00+00:00,30.45,32.275
2025-07-23 22:00:00+00:00,30.625,32.525
2025-07-23 23:00:00+00:00,30.475,32.55
2025-07-24 00:00:00+00:00,30.2,32.525
2025-07-24 01:00:00+00:00,29.75,32.425000000000004
2025-07-24 02:00:00+00:00,29.275,32.300000000000004
2025-07-24 03:00:00+00:00,29.075000000000003,31.974999999999998
2025-07-24 04:00:00+00:00,28.925,31.7
2025-07-24 05:00:00+00:00,28.900000000000002,31.425
2025-07-24 06:00:00+00:00,28.799999999999997,31.15
2025-07-24 07:00:00+00:00,28.700000000000003,30.900000000000002
2025-07-24 08:00:00+00:00,28.55,30.75
2025-07-24 09:00:00+00:00,28.425,30.549999999999997
2025-07-24 10:00:00+00:00,28.075,30.425000000000004
2025-07-24 11:00:00+00:00,27.775000000000002,30.425
2025-07-24 12:00:00+00:00,27.700000000000003,30.325000000000003
2025-07-24 13:00:00+00:00,28.4,30.300000000000004
2025-07-24 14:00:00+00:00,28.875,30.35
2025-07-24 15:00:00+00:00,29.225,30.65
2025-07-24 16:00:00+00:00,29.625,31.075
2025-07-24 17:00:00+00:00,30.025,31.449999999999996
2025-07-24 18:00:00+00:00,30.075,31.849999999999998
2025-07-24 19:00:00+00:00,30.2,32.225
2025-07-24 20:00:00+00:00,30.325000000000003,32.475
2025-07-24 21:00:00+00:00,30.525,32.6
2025-07-24 22:00:00+00:00,30.624999999999996,32.824999999999996
2025-07-24 23:00:00+00:00,30.725,32.775
2025-07-25 00:00:00+00:00,30.4,32.65
2025-07-25 01:00:00+00:00,30.0,32.275
2025-07-25 02:00:00+00:00,29.45,32.05
2025-07-25 03:00:00+00:00,29.25,31.875
2025-07-25 04:00:00+00:00,29.075,31.724999999999998
2025-07-25 05:00:00+00:00,28.924999999999997,31.425
2025-07-25 06:00:00+00:00,28.6,31.299999999999997
2025-07-25 07:00:00+00:00,28.375,31.125
2025-07-25 08:00:00+00:00,28.25,31.099999999999998
2025-07-25 09:00:00+00:00,28.000000000000004,30.974999999999998
2025-07-25 10:00:00+00:00,28.15,31.0
2025-07-25 11:00:00+00:00,27.9,30.800000000000004
2025-07-25 12:00:00+00:00,27.8,30.65
2025-07-25 13:00:00+00:00,27.7,30.475
2025-07-25 14:00:00+00:00,27.85,30.5
2025-07-25 15:00:00+00:00,28.175,30.7
2025-07-25 16:00:00+00:00,28.475,30.924999999999997
2025-07-25 17:00:00+00:00,28.575,31.0
2025-07-25 18:00:00+00:00,28.45,31.125
2025-07-25 19:00:00+00:00,28.475,31.225
2025-07-25 20:00:00+00:00,27.225,31.225
2025-07-25 21:00:00+00:00,26.825,31.224999999999998
2025-07-25 22:00:00+00:00,26.099999999999998,31.125
2025-07-25 23:00:00+00:00,26.25,31.05
2025-07-26 00:00:00+00:00,26.3,30.925
2025-07-26 01:00:00+00:00,26.400000000000002,30.900000000000002
2025-07-26 02:00:00+00:00,26.174999999999997,30.900000000000002
2025-07-26 03:00:00+00:00,26.224999999999998,30.75
2025-07-26 04:00:00+00:00,26.4,30.549999999999997
2025-07-26 05:00:00+00:00,26.35,30.45
2025-07-26 06:00:00+00:00,26.675,30.375
2025-07-26 07:00:00+00:00,27.349999999999998,30.224999999999998
2025-07-26 08:00:00+00:00,27.5,30.099999999999998
2025-07-26 09:00:00+00:00,27.450000000000003,29.9
2025-07-26 10:00:00+00:00,27.525000000000002,29.625
2025-07-26 11:00:00+00:00,27.400000000000002,29.625
2025-07-26 12:00:00+00:00,27.7,29.65
2025-07-26 13:00:00+00:00,28.325,29.75
2025-07-26 14:00:00+00:00,28.625,29.575
2025-07-26 15:00:00+00:00,29.125,29.85
2025-07-26 16:00:00+00:00,29.1,30.2
2025-07-26 17:00:00+00:00,28.725,30.425
2025-07-26 18:00:00+00:00,28.8,30.525
2025-07-26 19:00:00+00:00,29.449999999999996,30.625
2025-07-26 20:00:00+00:00,29.625,30.950000000000003
2025-07-26 21:00:00+00:00,29.525000000000002,31.15
2025-07-26 22:00:00+00:00,29.7,31.174999999999997
2025-07-26 23:00:00+00:00,29.8,31.125
2025-07-27 00:00:00+00:00,29.575,31.175
2025-07-27 01:00:00+00:00,29.175,31.175
2025-07-27 02:00:00+00:00,29.099999999999998,31.025
2025-07-27 03:00:00+00:00,29.025,30.875
2025-07-27 04:00:00+00:00,29.0,30.775
2025-07-27 05:00:00+00:00,28.974999999999998,30.625000000000004
2025-07-27 06:00:00+00:00,28.825,30.5
2025-07-27 07:00:00+00:00,28.7,30.349999999999998
2025-07-27 08:00:00+00:00,28.475,30.150000000000002
2025-07-27 09:00:00+00:00,28.475,30.025
2025-07-27 10:00:00+00:00,28.45,29.8
2025-07-27 11:00:00+00:00,28.325,29.674999999999997
2025-07-27 12:00:00+00:00,28.124999999999996,29.625
2025-07-27 13:00:00+00:00,27.549999999999997,29.525
2025-07-27 14:00:00+00:00,28.674999999999997,29.55
2025-07-27 15:00:00+00:00,28.525,29.875
2025-07-27 16:00:00+00:00,28.75,29.900000000000002
2025-07-27 17:00:00+00:00,29.325000000000003,30.025
2025-07-27 18:00:00+00:00,29.525000000000002,30.25
2025-07-27 19:00:00+00:00,29.75,30.525000000000002
2025-07-27 20:00:00+00:00,29.925,30.775
2025-07-27 21:00:00+00:00,30.200000000000003,31.174999999999997
2025-07-27 22:00:00+00:00,30.325000000000003,31.325000000000003
2025-07-27 23:00:00+00:00,30.125,31.5
2025-07-28 00:00:00+00:00,30.0,31.400000000000002
2025-07-28 01:00:00+00:00,29.55,31.35
2025-07-28 02:00:00+00:00,29.125,31.2
2025-07-28 03:00:00+00:00,28.974999999999998,31.200000000000003
2025-07-28 04:00:00+00:00,28.9,31.1
2025-07-28 05:00:00+00:00,28.700000000000003,30.9
2025-07-28 06:00:00+00:00,28.775000000000002,30.775
2025-07-28 07:00:00+00:00,28.675,30.625
2025-07-28 08:00:00+00:00,28.6,30.450000000000003
2025-07-28 09:00:00+00:00,28.5,30.325000000000003
2025-07-28 10:00:00+00:00,28.375,30.150000000000002
2025-07-28 11:00:00+00:00,28.275,30.05
2025-07-28 12:00:00+00:00,27.424999999999997,29.95
2025-07-28 13:00:00+00:00,28.625,29.824999999999996
2025-07-28 14:00:00+00:00,29.299999999999997,29.85
2025-07-28 15:00:00+00:00,29.6,30.15
2025-07-28 16:00:00+00:00,29.775000000000002,30.475
2025-07-28 17:00:00+00:00,30.025,30.775
2025-07-28 18:00:00+00:00,30.0,31.200000000000003
2025-07-28 19:00:00+00:00,30.225,31.775
2025-07-28 20:00:00+00:00,30.375,32.15
2025-07-28 21:00:00+00:00,30.375,32.5
2025-07-28 22:00:00+00:00,30.35,32.675
2025-07-28 23:00:00+00:00,30.525,32.7
2025-07-29 00:00:00+00:00,30.075000000000003,32.75
2025-07-29 01:00:00+00:00,29.525,32.5
2025-07-29 02:00:00+00:00,28.974999999999998,32.25
2025-07-29 03:00:00+00:00,28.724999999999998,32.0
2025-07-29 04:00:00+00:00,28.525,31.825
2025-07-29 05:00:00+00:00,28.450000000000003,31.724999999999998
2025-07-29 06:00:00+00:00,28.425,31.5
2025-07-29 07:00:00+00:00,28.25,31.275
2025-07-29 08:00:00+00:00,27.799999999999997,31.099999999999998
2025-07-29 09:00:00+00:00,27.424999999999997,30.925
2025-07-29 10:00:00+00:00,27.175,30.675000000000004
2025-07-29 11:00:00+00:00,27.275,30.35
2025-07-29 12:00:00+00:00,25.35,30.125
2025-07-29 13:00:00+00:00,26.174999999999997,29.975
2025-07-29 14:00:00+00:00,27.125,29.875
2025-07-29 15:00:00+00:00,27.675,30.0
2025-07-29 16:00:00+00:00,28.075000000000003,30.5
2025-07-29 17:00:00+00:00,28.875,30.9
2025-07-29 18:00:00+00:00,29.975,31.675
2025-07-29 19:00:00+00:00,31.099999999999998,32.275
2025-07-29 20:00:00+00:00,31.7,32.900000000000006
2025-07-29 21:00:00+00:00,31.45,33.199999999999996
2025-07-29 22:00:00+00:00,31.6,33.5
2025-07-29 23:00:00+00:00,31.474999999999998,33.925
2025-07-30 00:00:00+00:00,30.9,33.75
2025-07-30 01:00:00+00:00,30.1,33.3
2025-07-30 02:00:00+00:00,29.200000000000003,32.8
2025-07-30 03:00:00+00:00,28.525,32.425
2025-07-30 04:00:00+00:00,28.25,32.074999999999996
2025-07-30 05:00:00+00:00,27.925,31.749999999999996
2025-07-30 06:00:00+00:00,27.599999999999998,31.474999999999998
2025-07-30 07:00:00+00:00,27.225,31.125
2025-07-30 08:00:00+00:00,26.4,30.8
2025-07-30 09:00:00+00:00,26.25,30.6
2025-07-30 10:00:00+00:00,25.8,30.675
2025-07-30 11:00:00+00:00,23.525,30.575000000000003
2025-07-30 12:00:00+00:00,23.049999999999997,30.375
2025-07-30 13:00:00+00:00,23.375,30.099999999999998
2025-07-30 14:00:00+00:00,24.825000000000003,30.0
2025-07-30 15:00:00+00:00,26.675,30.05
2025-07-30 16:00:00+00:00,27.775,30.474999999999998
2025-07-30 17:00:00+00:00,28.775000000000002,30.85
2025-07-30 18:00:00+00:00,29.425,31.375
2025-07-30 19:00:00+00:00,30.5,32.175
2025-07-30 20:00:00+00:00,31.075,32.849999999999994
2025-07-30 21:00:00+00:00,30.9,33.05
2025-07-30 22:00:00+00:00,30.725,33.25
2025-07-30 23:00:00+00:00,30.95,33.25
2025-07-31 00:00:00+00:00,30.55,33.15
