date,Air Average,Water Average
2021-07-01 00:00:00+00:00,28.925,30.85
2021-07-01 01:00:00+00:00,28.65,30.7
2021-07-01 02:00:00+00:00,28.325000000000003,30.700000000000003
2021-07-01 03:00:00+00:00,28.3,30.625
2021-07-01 04:00:00+00:00,28.125,30.474999999999998
2021-07-01 05:00:00+00:00,27.95,30.400000000000002
2021-07-01 06:00:00+00:00,27.925,30.3
2021-07-01 07:00:00+00:00,27.699999999999996,30.15
2021-07-01 08:00:00+00:00,27.174999999999997,30.0
2021-07-01 09:00:00+00:00,26.974999999999998,29.9
2021-07-01 10:00:00+00:00,26.75,29.799999999999997
2021-07-01 11:00:00+00:00,26.625,29.7
2021-07-01 12:00:00+00:00,26.775,29.575
2021-07-01 13:00:00+00:00,26.924999999999997,29.525
2021-07-01 14:00:00+00:00,28.025,29.55
2021-07-01 15:00:00+00:00,27.9,29.6
2021-07-01 16:00:00+00:00,27.825000000000003,29.799999999999997
2021-07-01 17:00:00+00:00,28.299999999999997,30.125
2021-07-01 18:00:00+00:00,28.75,30.325
2021-07-01 19:00:00+00:00,29.175,30.575000000000003
2021-07-01 20:00:00+00:00,29.500000000000004,31.1
2021-07-01 21:00:00+00:00,29.675,31.2
2021-07-01 22:00:00+00:00,29.75,31.425000000000004
2021-07-01 23:00:00+00:00,29.85,31.9
2021-07-02 00:00:00+00:00,29.65,32.35
2021-07-02 01:00:00+00:00,29.224999999999998,32.05
2021-07-02 02:00:00+00:00,28.65,32.025
2021-07-02 03:00:00+00:00,28.35,32.025
2021-07-02 04:00:00+00:00,28.425,31.725
2021-07-02 05:00:00+00:00,28.325000000000003,31.6
2021-07-02 06:00:00+00:00,28.275,31.4
2021-07-02 07:00:00+00:00,28.225,31.2
2021-07-02 08:00:00+00:00,28.049999999999997,31.049999999999997
2021-07-02 09:00:00+00:00,27.775,30.9
2021-07-02 10:00:00+00:00,27.65,30.725
2021-07-02 11:00:00+00:00,27.6,30.575000000000003
2021-07-02 12:00:00+00:00,27.025,30.425
2021-07-02 13:00:00+00:00,27.45,30.300000000000004
2021-07-02 14:00:00+00:00,28.275,30.325000000000003
2021-07-02 15:00:00+00:00,27.974999999999998,30.424999999999997
2021-07-02 16:00:00+00:00,27.175,30.700000000000003
2021-07-02 17:00:00+00:00,28.525,31.049999999999997
2021-07-02 18:00:00+00:00,29.166666666666668,31.599999999999998
2021-07-02 19:00:00+00:00,29.6,31.65
2021-07-02 20:00:00+00:00,30.075,32.075
2021-07-02 21:00:00+00:00,30.225,32.45
2021-07-02 22:00:00+00:00,30.424999999999997,32.925
2021-07-02 23:00:00+00:00,30.575000000000003,33.275
2021-07-03 00:00:00+00:00,30.324999999999996,33.3
2021-07-03 01:00:00+00:00,29.75,32.975
2021-07-03 02:00:00+00:00,29.35,32.6
2021-07-03 03:00:00+00:00,29.275000000000002,32.275000000000006
2021-07-03 04:00:00+00:00,28.95,31.900000000000002
2021-07-03 05:00:00+00:00,28.9,31.975
2021-07-03 06:00:00+00:00,28.925,31.900000000000002
2021-07-03 07:00:00+00:00,28.775,31.575
2021-07-03 08:00:00+00:00,28.5,31.4
2021-07-03 09:00:00+00:00,28.349999999999998,31.15
2021-07-03 10:00:00+00:00,27.975,30.974999999999998
2021-07-03 11:00:00+00:00,27.8,30.775
2021-07-03 12:00:00+00:00,28.025,30.725
2021-07-03 13:00:00+00:00,28.825,30.7
2021-07-03 14:00:00+00:00,29.0,30.675
2021-07-03 15:00:00+00:00,29.225,30.9
2021-07-03 16:00:00+00:00,29.6,31.299999999999997
2021-07-03 17:00:00+00:00,30.1,31.9
2021-07-03 18:00:00+00:00,30.45,32.35
2021-07-03 19:00:00+00:00,30.075000000000003,33.0
2021-07-03 20:00:00+00:00,29.900000000000002,33.175
2021-07-03 21:00:00+00:00,30.099999999999998,33.05
2021-07-03 22:00:00+00:00,29.975,33.225
2021-07-03 23:00:00+00:00,29.875,33.3
2021-07-04 00:00:00+00:00,29.6,33.2
2021-07-04 01:00:00+00:00,28.725,32.875
2021-07-04 02:00:00+00:00,28.5,32.675
2021-07-04 03:00:00+00:00,28.924999999999997,32.35
2021-07-04 04:00:00+00:00,28.25,32.074999999999996
2021-07-04 05:00:00+00:00,27.8,31.875
2021-07-04 06:00:00+00:00,27.625,31.725
2021-07-04 07:00:00+00:00,27.549999999999997,31.575000000000003
2021-07-04 08:00:00+00:00,27.5,31.450000000000003
2021-07-04 09:00:00+00:00,27.299999999999997,31.35
2021-07-04 10:00:00+00:00,27.0,31.325000000000003
2021-07-04 11:00:00+00:00,27.1,31.35
2021-07-04 12:00:00+00:00,27.275,31.275
2021-07-04 13:00:00+00:00,27.974999999999998,30.925
2021-07-04 14:00:00+00:00,28.2,30.95
2021-07-04 15:00:00+00:00,28.825000000000003,31.224999999999998
2021-07-04 16:00:00+00:00,27.325000000000003,31.075000000000003
2021-07-04 17:00:00+00:00,26.675000000000004,31.1
2021-07-04 18:00:00+00:00,27.025000000000002,31.175
2021-07-04 19:00:00+00:00,27.55,31.05
2021-07-04 20:00:00+00:00,28.025,31.125
2021-07-04 21:00:00+00:00,27.925,31.174999999999997
2021-07-04 22:00:00+00:00,27.85,31.1
2021-07-04 23:00:00+00:00,28.325,31.175000000000004
2021-07-05 00:00:00+00:00,28.825,31.125
2021-07-05 01:00:00+00:00,28.625,31.05
2021-07-05 02:00:00+00:00,28.424999999999997,30.974999999999998
2021-07-05 03:00:00+00:00,28.450000000000003,30.799999999999997
2021-07-05 04:00:00+00:00,28.25,30.6
2021-07-05 05:00:00+00:00,28.299999999999997,30.475
2021-07-05 06:00:00+00:00,28.15,30.424999999999997
2021-07-05 07:00:00+00:00,28.049999999999997,30.35
2021-07-05 08:00:00+00:00,28.049999999999997,30.275
2021-07-05 09:00:00+00:00,27.625,30.15
2021-07-05 10:00:00+00:00,27.049999999999997,30.025
2021-07-05 11:00:00+00:00,26.775000000000002,30.000000000000004
2021-07-05 12:00:00+00:00,26.35,29.9
2021-07-05 13:00:00+00:00,26.9,30.025000000000002
2021-07-05 14:00:00+00:00,28.075000000000003,30.0
2021-07-05 15:00:00+00:00,28.824999999999996,30.075
2021-07-05 16:00:00+00:00,28.45,30.225
2021-07-05 17:00:00+00:00,26.925000000000004,30.500000000000004
2021-07-05 18:00:00+00:00,27.35,30.6
2021-07-05 19:00:00+00:00,27.425,30.575000000000003
2021-07-05 20:00:00+00:00,27.425,30.575000000000003
2021-07-05 21:00:00+00:00,27.225,30.6
2021-07-05 22:00:00+00:00,27.925,30.55
2021-07-05 23:00:00+00:00,28.65,30.625
2021-07-06 00:00:00+00:00,28.450000000000003,30.625
2021-07-06 01:00:00+00:00,28.375,30.525000000000002
2021-07-06 02:00:00+00:00,28.125,30.4
2021-07-06 03:00:00+00:00,28.25,30.275
2021-07-06 04:00:00+00:00,28.375,30.025000000000002
2021-07-06 05:00:00+00:00,28.25,29.9
2021-07-06 06:00:00+00:00,28.174999999999997,29.75
2021-07-06 07:00:00+00:00,28.125,29.625
2021-07-06 08:00:00+00:00,27.174999999999997,29.625
2021-07-06 09:00:00+00:00,25.300000000000004,29.5
2021-07-06 10:00:00+00:00,24.625,29.125
2021-07-06 11:00:00+00:00,23.65,28.925
2021-07-06 12:00:00+00:00,24.35,28.575000000000003
2021-07-06 13:00:00+00:00,24.375,28.45
2021-07-06 14:00:00+00:00,24.174999999999997,28.4
2021-07-06 15:00:00+00:00,24.425,28.525
2021-07-06 16:00:00+00:00,24.824999999999996,28.45
2021-07-06 17:00:00+00:00,24.575000000000003,28.45
2021-07-06 18:00:00+00:00,24.949999999999996,28.324999999999996
2021-07-06 19:00:00+00:00,25.275,28.325000000000003
2021-07-06 20:00:00+00:00,25.400000000000002,28.275
2021-07-06 21:00:00+00:00,25.65,28.375
2021-07-06 22:00:00+00:00,25.424999999999997,28.425
2021-07-06 23:00:00+00:00,25.724999999999998,28.325000000000003
2021-07-07 00:00:00+00:00,25.824999999999996,28.35
2021-07-07 01:00:00+00:00,25.950000000000003,28.224999999999998
2021-07-07 02:00:00+00:00,26.025,28.125
2021-07-07 03:00:00+00:00,26.075,28.125
2021-07-07 04:00:00+00:00,26.424999999999997,28.075000000000003
2021-07-07 05:00:00+00:00,26.799999999999997,27.95
2021-07-07 06:00:00+00:00,26.575,27.825000000000003
2021-07-07 07:00:00+00:00,26.325,27.799999999999997
2021-07-07 08:00:00+00:00,25.650000000000002,27.65
2021-07-07 09:00:00+00:00,25.75,27.6
2021-07-07 10:00:00+00:00,24.424999999999997,27.475
2021-07-07 11:00:00+00:00,24.175,27.4
2021-07-07 12:00:00+00:00,24.475,27.425
2021-07-07 13:00:00+00:00,24.200000000000003,27.4
2021-07-07 14:00:00+00:00,24.0,27.225
2021-07-07 15:00:00+00:00,24.0,27.200000000000003
2021-07-07 16:00:00+00:00,24.65,27.15
2021-07-07 17:00:00+00:00,25.5,27.275
2021-07-07 18:00:00+00:00,26.05,27.325
2021-07-07 19:00:00+00:00,25.9,27.25
2021-07-07 20:00:00+00:00,25.575,27.15
2021-07-07 21:00:00+00:00,25.974999999999998,27.2
2021-07-07 22:00:00+00:00,26.049999999999997,27.275
2021-07-07 23:00:00+00:00,26.224999999999998,27.4
2021-07-08 00:00:00+00:00,25.924999999999997,27.35
2021-07-08 01:00:00+00:00,24.475,27.174999999999997
2021-07-08 02:00:00+00:00,24.1,27.1
2021-07-08 03:00:00+00:00,24.200000000000003,27.1
2021-07-08 04:00:00+00:00,24.45,26.9
2021-07-08 05:00:00+00:00,24.5,26.85
2021-07-08 06:00:00+00:00,24.925,26.775000000000002
2021-07-08 07:00:00+00:00,24.875,26.725
2021-07-08 08:00:00+00:00,25.050000000000004,26.700000000000003
2021-07-08 09:00:00+00:00,25.275,26.725
2021-07-08 10:00:00+00:00,24.974999999999998,26.725
2021-07-08 11:00:00+00:00,25.0,26.575000000000003
2021-07-08 12:00:00+00:00,25.4,26.625
2021-07-08 13:00:00+00:00,25.325,26.575000000000003
2021-07-08 14:00:00+00:00,24.925,26.65
2021-07-08 15:00:00+00:00,24.575,26.599999999999998
2021-07-08 16:00:00+00:00,24.45,26.675
2021-07-08 17:00:00+00:00,25.0,26.65
2021-07-08 18:00:00+00:00,25.35,26.599999999999998
2021-07-08 19:00:00+00:00,25.775000000000002,26.65
2021-07-08 20:00:00+00:00,25.825000000000003,26.599999999999998
2021-07-08 21:00:00+00:00,25.525,26.65
2021-07-08 22:00:00+00:00,25.725,26.6
2021-07-08 23:00:00+00:00,26.225,26.6
2021-07-09 00:00:00+00:00,25.825,26.599999999999998
2021-07-09 01:00:00+00:00,26.349999999999998,26.525000000000002
2021-07-09 02:00:00+00:00,26.675,26.525000000000002
2021-07-09 03:00:00+00:00,26.725,26.55
2021-07-09 04:00:00+00:00,26.675,26.525000000000002
2021-07-09 05:00:00+00:00,26.674999999999997,26.5
2021-07-09 06:00:00+00:00,26.75,26.449999999999996
2021-07-09 07:00:00+00:00,27.0,26.450000000000003
2021-07-09 08:00:00+00:00,26.95,26.45
2021-07-09 09:00:00+00:00,25.925000000000004,26.4
2021-07-09 10:00:00+00:00,24.525,26.375
2021-07-09 11:00:00+00:00,25.425,26.299999999999997
2021-07-09 12:00:00+00:00,26.125,26.299999999999997
2021-07-09 13:00:00+00:00,26.75,26.224999999999998
2021-07-09 14:00:00+00:00,25.575,26.224999999999998
2021-07-09 15:00:00+00:00,25.875000000000004,26.25
2021-07-09 16:00:00+00:00,24.9,26.200000000000003
2021-07-09 17:00:00+00:00,25.15,26.15
2021-07-09 18:00:00+00:00,25.525,26.125
2021-07-09 19:00:00+00:00,26.224999999999998,26.150000000000002
2021-07-09 20:00:00+00:00,26.625,26.4
2021-07-09 21:00:00+00:00,26.549999999999997,26.599999999999998
2021-07-09 22:00:00+00:00,26.85,26.675
2021-07-09 23:00:00+00:00,26.875,26.775
2021-07-10 00:00:00+00:00,26.875,26.75
2021-07-10 01:00:00+00:00,27.15,26.85
2021-07-10 02:00:00+00:00,27.35,26.8
2021-07-10 03:00:00+00:00,27.4,26.825
2021-07-10 04:00:00+00:00,27.35,26.849999999999998
2021-07-10 05:00:00+00:00,27.4,26.849999999999998
2021-07-10 06:00:00+00:00,27.424999999999997,26.875
2021-07-10 07:00:00+00:00,27.424999999999997,26.924999999999997
2021-07-10 08:00:00+00:00,27.475,26.975
2021-07-10 09:00:00+00:00,27.45,26.975
2021-07-10 10:00:00+00:00,27.425,26.975
2021-07-10 11:00:00+00:00,27.300000000000004,27.0
2021-07-10 12:00:00+00:00,27.299999999999997,26.924999999999997
2021-07-10 13:00:00+00:00,27.375,26.924999999999997
2021-07-10 14:00:00+00:00,27.525000000000002,26.875
2021-07-10 15:00:00+00:00,27.975,26.924999999999997
2021-07-10 16:00:00+00:00,28.224999999999998,27.049999999999997
2021-07-10 17:00:00+00:00,28.375,27.175
2021-07-10 18:00:00+00:00,28.425,27.299999999999997
2021-07-10 19:00:00+00:00,28.55,27.549999999999997
2021-07-10 20:00:00+00:00,28.825000000000003,27.825000000000003
2021-07-10 21:00:00+00:00,28.95,27.924999999999997
2021-07-10 22:00:00+00:00,28.900000000000002,28.099999999999998
2021-07-10 23:00:00+00:00,28.525,28.200000000000003
2021-07-11 00:00:00+00:00,27.299999999999997,28.3
2021-07-11 01:00:00+00:00,27.075000000000003,28.325000000000003
2021-07-11 02:00:00+00:00,27.375,28.35
2021-07-11 03:00:00+00:00,27.6,28.325
2021-07-11 04:00:00+00:00,27.6,28.275000000000002
2021-07-11 05:00:00+00:00,27.525,28.275000000000002
2021-07-11 06:00:00+00:00,27.5,28.225
2021-07-11 07:00:00+00:00,27.55,28.200000000000003
2021-07-11 08:00:00+00:00,27.65,28.225
2021-07-11 09:00:00+00:00,27.625,28.249999999999996
2021-07-11 10:00:00+00:00,27.549999999999997,28.224999999999998
2021-07-11 11:00:00+00:00,27.46666666666667,28.23333333333333
2021-07-11 12:00:00+00:00,27.575,28.225
2021-07-11 13:00:00+00:00,27.7,28.200000000000003
2021-07-11 14:00:00+00:00,28.0,28.175000000000004
2021-07-11 15:00:00+00:00,28.175,28.200000000000003
2021-07-11 16:00:00+00:00,28.35,28.275
2021-07-11 17:00:00+00:00,28.525000000000002,28.375
2021-07-11 18:00:00+00:00,29.0,28.525
2021-07-11 19:00:00+00:00,29.0,28.825
2021-07-11 20:00:00+00:00,29.15,29.025
2021-07-11 21:00:00+00:00,29.2,29.275
2021-07-11 22:00:00+00:00,29.275,29.375
2021-07-11 23:00:00+00:00,29.1,29.5
2021-07-12 00:00:00+00:00,28.875,29.575000000000003
2021-07-12 01:00:00+00:00,28.625,29.625
2021-07-12 02:00:00+00:00,28.475,29.549999999999997
2021-07-12 03:00:00+00:00,28.325000000000003,29.475
2021-07-12 04:00:00+00:00,28.224999999999998,29.425
2021-07-12 05:00:00+00:00,28.15,29.375
2021-07-12 06:00:00+00:00,28.075000000000003,29.174999999999997
2021-07-12 07:00:00+00:00,28.025,29.1
2021-07-12 08:00:00+00:00,27.825,28.975
2021-07-12 09:00:00+00:00,27.825,28.95
2021-07-12 10:00:00+00:00,27.775000000000002,28.9
2021-07-12 11:00:00+00:00,27.775,28.825
2021-07-12 12:00:00+00:00,27.775,28.775
2021-07-12 13:00:00+00:00,27.974999999999998,28.800000000000004
2021-07-12 14:00:00+00:00,28.299999999999997,28.799999999999997
2021-07-12 15:00:00+00:00,28.65,28.85
2021-07-12 16:00:00+00:00,28.950000000000003,29.0
2021-07-12 17:00:00+00:00,29.099999999999998,29.200000000000003
2021-07-12 18:00:00+00:00,29.375,29.25
2021-07-12 19:00:00+00:00,29.5,29.475
2021-07-12 20:00:00+00:00,29.325,29.925000000000004
2021-07-12 21:00:00+00:00,29.549999999999997,30.549999999999997
2021-07-12 22:00:00+00:00,29.424999999999997,30.575000000000003
2021-07-12 23:00:00+00:00,29.375,30.55
2021-07-13 00:00:00+00:00,29.124999999999996,30.525
2021-07-13 01:00:00+00:00,28.65,30.5
2021-07-13 02:00:00+00:00,28.375,30.525
2021-07-13 03:00:00+00:00,28.275,30.450000000000003
2021-07-13 04:00:00+00:00,28.424999999999997,30.35
2021-07-13 05:00:00+00:00,28.325000000000003,30.25
2021-07-13 06:00:00+00:00,28.300000000000004,30.175
2021-07-13 07:00:00+00:00,28.175,30.075000000000003
2021-07-13 08:00:00+00:00,28.05,30.075
2021-07-13 09:00:00+00:00,28.075000000000003,29.975
2021-07-13 10:00:00+00:00,27.950000000000003,29.9
2021-07-13 11:00:00+00:00,27.675,29.825000000000003
2021-07-13 12:00:00+00:00,27.725,29.725
2021-07-13 13:00:00+00:00,28.275000000000002,29.6
2021-07-13 14:00:00+00:00,28.975,29.549999999999997
2021-07-13 15:00:00+00:00,28.725,29.525000000000002
2021-07-13 16:00:00+00:00,29.025,29.725
2021-07-13 17:00:00+00:00,28.424999999999997,29.9
2021-07-13 18:00:00+00:00,28.975,29.875
2021-07-13 19:00:00+00:00,28.075000000000003,29.85
2021-07-13 20:00:00+00:00,28.975,29.925
2021-07-13 21:00:00+00:00,29.225,30.275
2021-07-13 22:00:00+00:00,29.2,30.55
2021-07-13 23:00:00+00:00,29.324999999999996,30.674999999999997
2021-07-14 00:00:00+00:00,29.25,30.650000000000002
2021-07-14 01:00:00+00:00,28.65,30.55
2021-07-14 02:00:00+00:00,28.500000000000004,30.55
2021-07-14 03:00:00+00:00,28.4,30.4
2021-07-14 04:00:00+00:00,28.400000000000002,30.075
2021-07-14 05:00:00+00:00,28.175,29.95
2021-07-14 06:00:00+00:00,28.175,29.875
2021-07-14 07:00:00+00:00,28.125,29.8
2021-07-14 08:00:00+00:00,27.950000000000003,29.7
2021-07-14 09:00:00+00:00,27.725,29.625
2021-07-14 10:00:00+00:00,27.824999999999996,29.575000000000003
2021-07-14 11:00:00+00:00,27.525,29.424999999999997
2021-07-14 12:00:00+00:00,27.025,29.35
2021-07-14 13:00:00+00:00,27.775,29.174999999999997
2021-07-14 14:00:00+00:00,28.525,29.2
2021-07-14 15:00:00+00:00,28.799999999999997,28.933333333333334
2021-07-14 16:00:00+00:00,29.025,29.6
2021-07-14 17:00:00+00:00,29.150000000000002,29.924999999999997
2021-07-14 18:00:00+00:00,29.325,30.15
2021-07-14 19:00:00+00:00,29.35,30.4
2021-07-14 20:00:00+00:00,29.400000000000002,30.575
2021-07-14 21:00:00+00:00,29.525,30.85
2021-07-14 22:00:00+00:00,29.525000000000002,31.25
2021-07-14 23:00:00+00:00,29.275,31.45
2021-07-15 00:00:00+00:00,28.975,31.475
2021-07-15 01:00:00+00:00,28.85,31.325
2021-07-15 02:00:00+00:00,28.675,31.225
2021-07-15 03:00:00+00:00,28.474999999999998,31.05
2021-07-15 04:00:00+00:00,28.450000000000003,30.875
2021-07-15 05:00:00+00:00,28.450000000000003,30.6
2021-07-15 06:00:00+00:00,28.4,30.475
2021-07-15 07:00:00+00:00,28.25,30.349999999999998
2021-07-15 08:00:00+00:00,28.3,30.224999999999998
2021-07-15 09:00:00+00:00,28.049999999999997,30.15
2021-07-15 10:00:00+00:00,28.125,29.950000000000003
2021-07-15 11:00:00+00:00,27.9,29.8
2021-07-15 12:00:00+00:00,27.9,29.675
2021-07-15 13:00:00+00:00,28.325,29.45
2021-07-15 14:00:00+00:00,28.725,29.5
2021-07-15 15:00:00+00:00,28.9,29.699999999999996
2021-07-15 16:00:00+00:00,28.975,29.874999999999996
2021-07-15 17:00:00+00:00,29.275,30.15
2021-07-15 18:00:00+00:00,29.475,30.375
2021-07-15 19:00:00+00:00,29.675,30.45
2021-07-15 20:00:00+00:00,29.750000000000004,30.625
2021-07-15 21:00:00+00:00,29.75,30.975
2021-07-15 22:00:00+00:00,29.85,31.375
2021-07-15 23:00:00+00:00,29.75,31.400000000000002
2021-07-16 00:00:00+00:00,29.6,31.425
2021-07-16 01:00:00+00:00,29.225,31.299999999999997
2021-07-16 02:00:00+00:00,28.925,31.125
2021-07-16 03:00:00+00:00,28.875,31.125
2021-07-16 04:00:00+00:00,28.825000000000003,30.974999999999998
2021-07-16 05:00:00+00:00,28.749999999999996,30.775
2021-07-16 06:00:00+00:00,28.725,30.725
2021-07-16 07:00:00+00:00,28.625,30.500000000000004
2021-07-16 08:00:00+00:00,28.5,30.15
2021-07-16 09:00:00+00:00,28.425,30.175
2021-07-16 10:00:00+00:00,28.425,29.925
2021-07-16 11:00:00+00:00,28.400000000000002,29.8
2021-07-16 12:00:00+00:00,28.375,29.5
2021-07-16 13:00:00+00:00,28.65,29.4
2021-07-16 14:00:00+00:00,28.924999999999997,29.325
2021-07-16 15:00:00+00:00,29.125,29.5
2021-07-16 16:00:00+00:00,29.5,29.65
2021-07-16 17:00:00+00:00,29.625,29.8
2021-07-16 18:00:00+00:00,29.749999999999996,30.025
2021-07-16 19:00:00+00:00,29.900000000000002,30.349999999999998
2021-07-16 20:00:00+00:00,29.85,30.75
2021-07-16 21:00:00+00:00,29.875,30.950000000000003
2021-07-16 22:00:00+00:00,29.85,31.174999999999997
2021-07-16 23:00:00+00:00,29.7,31.25
2021-07-17 00:00:00+00:00,29.475,31.2
2021-07-17 01:00:00+00:00,29.125,31.200000000000003
2021-07-17 02:00:00+00:00,28.975,31.125
2021-07-17 03:00:00+00:00,28.875,30.95
2021-07-17 04:00:00+00:00,28.799999999999997,30.75
2021-07-17 05:00:00+00:00,28.725,30.575
2021-07-17 06:00:00+00:00,28.674999999999997,30.325
2021-07-17 07:00:00+00:00,28.525,30.199999999999996
2021-07-17 08:00:00+00:00,28.4,30.15
2021-07-17 09:00:00+00:00,28.400000000000002,30.025
2021-07-17 10:00:00+00:00,28.2,29.825000000000003
2021-07-17 11:00:00+00:00,28.35,29.725
2021-07-17 12:00:00+00:00,28.225,29.55
2021-07-17 13:00:00+00:00,28.5,29.375
2021-07-17 14:00:00+00:00,28.824999999999996,29.425
2021-07-17 15:00:00+00:00,29.224999999999998,29.575
2021-07-17 16:00:00+00:00,29.400000000000002,29.75
2021-07-17 17:00:00+00:00,29.75,30.0
2021-07-17 18:00:00+00:00,29.625000000000004,30.225
2021-07-17 19:00:00+00:00,29.825,30.525
2021-07-17 20:00:00+00:00,29.925,30.6
2021-07-17 21:00:00+00:00,29.924999999999997,30.9
2021-07-17 22:00:00+00:00,29.9,31.175
2021-07-17 23:00:00+00:00,30.0,31.2
2021-07-18 00:00:00+00:00,29.900000000000002,31.0
2021-07-18 01:00:00+00:00,29.300000000000004,31.4
2021-07-18 02:00:00+00:00,29.099999999999998,31.224999999999998
2021-07-18 03:00:00+00:00,28.95,31.175000000000004
2021-07-18 04:00:00+00:00,28.974999999999998,31.0
2021-07-18 05:00:00+00:00,28.875,30.775
2021-07-18 06:00:00+00:00,28.725,30.5
2021-07-18 07:00:00+00:00,28.625,30.45
2021-07-18 08:00:00+00:00,28.450000000000003,30.325000000000003
2021-07-18 09:00:00+00:00,28.4,30.35
2021-07-18 10:00:00+00:00,28.4,30.075
2021-07-18 11:00:00+00:00,28.150000000000002,30.050000000000004
2021-07-18 12:00:00+00:00,28.075,29.925
2021-07-18 13:00:00+00:00,28.699999999999996,29.800000000000004
2021-07-18 14:00:00+00:00,29.25,29.8
2021-07-18 15:00:00+00:00,29.525000000000002,30.0
2021-07-18 16:00:00+00:00,29.675,30.2
2021-07-18 17:00:00+00:00,29.875,30.650000000000002
2021-07-18 18:00:00+00:00,29.950000000000003,30.95
2021-07-18 19:00:00+00:00,30.175,31.125
2021-07-18 20:00:00+00:00,30.275,31.224999999999998
2021-07-18 21:00:00+00:00,30.299999999999997,31.525
2021-07-18 22:00:00+00:00,30.525000000000002,31.975
2021-07-18 23:00:00+00:00,30.325,32.074999999999996
2021-07-19 00:00:00+00:00,30.125,32.075
2021-07-19 01:00:00+00:00,29.675,31.9
2021-07-19 02:00:00+00:00,29.1,31.875
2021-07-19 03:00:00+00:00,28.950000000000003,31.75
2021-07-19 04:00:00+00:00,29.075000000000003,31.575000000000003
2021-07-19 05:00:00+00:00,29.025000000000002,31.400000000000002
2021-07-19 06:00:00+00:00,28.925,31.4
2021-07-19 07:00:00+00:00,28.95,31.25
2021-07-19 08:00:00+00:00,28.825000000000003,30.975
2021-07-19 09:00:00+00:00,28.825,30.65
2021-07-19 10:00:00+00:00,28.6,30.475
2021-07-19 11:00:00+00:00,28.45,30.375
2021-07-19 12:00:00+00:00,28.225,30.325000000000003
2021-07-19 13:00:00+00:00,28.65,30.25
2021-07-19 14:00:00+00:00,28.799999999999997,30.325
2021-07-19 15:00:00+00:00,29.025,30.425
2021-07-19 16:00:00+00:00,29.025,30.525
2021-07-19 17:00:00+00:00,29.575,30.725
2021-07-19 18:00:00+00:00,30.025,31.025000000000002
2021-07-19 19:00:00+00:00,30.099999999999998,31.425
2021-07-19 20:00:00+00:00,30.5,31.825000000000003
2021-07-19 21:00:00+00:00,30.633333333333336,32.300000000000004
2021-07-19 22:00:00+00:00,30.550000000000004,32.125
2021-07-19 23:00:00+00:00,30.5,32.25
2021-07-20 00:00:00+00:00,30.325,32.25
2021-07-20 01:00:00+00:00,29.75,32.225
2021-07-20 02:00:00+00:00,29.525000000000002,32.1
2021-07-20 03:00:00+00:00,29.475,31.924999999999997
2021-07-20 04:00:00+00:00,29.275,31.775
2021-07-20 05:00:00+00:00,29.125,31.6
2021-07-20 06:00:00+00:00,29.0,31.325000000000003
2021-07-20 07:00:00+00:00,28.65,31.125
2021-07-20 08:00:00+00:00,28.425,31.0
2021-07-20 09:00:00+00:00,28.200000000000003,30.8
2021-07-20 10:00:00+00:00,27.65,30.5
2021-07-20 11:00:00+00:00,26.849999999999998,30.35
2021-07-20 12:00:00+00:00,26.575,30.25
2021-07-20 13:00:00+00:00,26.6,30.050000000000004
2021-07-20 14:00:00+00:00,26.975,30.075
2021-07-20 15:00:00+00:00,27.525000000000002,30.125
2021-07-20 16:00:00+00:00,27.474999999999998,30.375
2021-07-20 17:00:00+00:00,26.75,30.5
2021-07-20 18:00:00+00:00,27.074999999999996,30.625
2021-07-20 19:00:00+00:00,28.15,31.174999999999997
2021-07-20 20:00:00+00:00,28.625,31.424999999999997
2021-07-20 21:00:00+00:00,29.549999999999997,31.6
2021-07-20 22:00:00+00:00,28.625,31.700000000000003
2021-07-20 23:00:00+00:00,27.025,31.775
2021-07-21 00:00:00+00:00,28.150000000000002,31.725
2021-07-21 01:00:00+00:00,28.35,31.6
2021-07-21 02:00:00+00:00,27.525,31.5
2021-07-21 03:00:00+00:00,27.150000000000002,31.35
2021-07-21 04:00:00+00:00,27.25,31.175
2021-07-21 05:00:00+00:00,27.425,31.0
2021-07-21 06:00:00+00:00,26.775000000000002,30.799999999999997
2021-07-21 07:00:00+00:00,25.875,30.6
2021-07-21 08:00:00+00:00,25.675,30.325000000000003
2021-07-21 09:00:00+00:00,25.375,30.175
2021-07-21 10:00:00+00:00,25.175,29.975
2021-07-21 11:00:00+00:00,25.6,29.6
2021-07-21 12:00:00+00:00,25.4,29.450000000000003
2021-07-21 13:00:00+00:00,26.0,29.400000000000002
2021-07-21 14:00:00+00:00,26.975,29.375
2021-07-21 15:00:00+00:00,27.825,29.525
2021-07-21 16:00:00+00:00,28.166666666666668,29.599999999999998
2021-07-21 17:00:00+00:00,28.53333333333333,29.933333333333334
2021-07-21 18:00:00+00:00,28.900000000000002,30.23333333333333
2021-07-21 19:00:00+00:00,28.200000000000003,30.53333333333333
2021-07-21 20:00:00+00:00,28.475,31.700000000000003
2021-07-21 21:00:00+00:00,29.1,31.724999999999998
2021-07-21 22:00:00+00:00,29.25,31.825000000000003
2021-07-21 23:00:00+00:00,29.049999999999997,32.025000000000006
2021-07-22 00:00:00+00:00,28.575,31.9
2021-07-22 01:00:00+00:00,28.55,31.575000000000003
2021-07-22 02:00:00+00:00,28.325000000000003,31.35
2021-07-22 03:00:00+00:00,28.225,31.225
2021-07-22 04:00:00+00:00,27.725,31.049999999999997
2021-07-22 05:00:00+00:00,27.75,30.825
2021-07-22 06:00:00+00:00,26.475,30.525
2021-07-22 07:00:00+00:00,25.824999999999996,30.424999999999997
2021-07-22 08:00:00+00:00,25.775,30.3
2021-07-22 09:00:00+00:00,25.775,30.1
2021-07-22 10:00:00+00:00,25.5,30.0
2021-07-22 11:00:00+00:00,25.625,29.974999999999998
2021-07-22 12:00:00+00:00,25.925,29.800000000000004
2021-07-22 13:00:00+00:00,26.15,29.625
2021-07-22 14:00:00+00:00,26.724999999999998,29.625
2021-07-22 15:00:00+00:00,27.625,29.725
2021-07-22 16:00:00+00:00,27.999999999999996,29.65
2021-07-22 17:00:00+00:00,28.55,29.825000000000003
2021-07-22 18:00:00+00:00,28.875,30.225
2021-07-22 19:00:00+00:00,29.275,30.475
2021-07-22 20:00:00+00:00,29.775,30.825000000000003
2021-07-22 21:00:00+00:00,29.9,31.1
2021-07-22 22:00:00+00:00,29.825,31.400000000000002
2021-07-22 23:00:00+00:00,29.566666666666666,31.0
2021-07-23 00:00:00+00:00,29.375,31.049999999999997
2021-07-23 01:00:00+00:00,29.15,31.0
2021-07-23 02:00:00+00:00,28.7,30.95
2021-07-23 03:00:00+00:00,28.599999999999998,30.85
2021-07-23 04:00:00+00:00,28.924999999999997,30.75
2021-07-23 05:00:00+00:00,28.725,30.6
2021-07-23 06:00:00+00:00,28.75,30.4
2021-07-23 07:00:00+00:00,28.8,30.15
2021-07-23 08:00:00+00:00,28.775,29.974999999999998
2021-07-23 09:00:00+00:00,28.775,29.874999999999996
2021-07-23 10:00:00+00:00,28.8,29.85
2021-07-23 11:00:00+00:00,28.75,29.849999999999998
2021-07-23 12:00:00+00:00,28.775,29.675
2021-07-23 13:00:00+00:00,28.975,29.55
2021-07-23 14:00:00+00:00,29.299999999999997,29.525
2021-07-23 15:00:00+00:00,29.65,29.7
2021-07-23 16:00:00+00:00,29.825,29.95
2021-07-23 17:00:00+00:00,30.025,30.175
2021-07-23 18:00:00+00:00,30.200000000000003,30.375
2021-07-23 19:00:00+00:00,30.46666666666667,30.63333333333333
2021-07-23 20:00:00+00:00,30.275,30.825000000000003
2021-07-23 21:00:00+00:00,30.275000000000002,30.975
2021-07-23 22:00:00+00:00,30.25,31.175000000000004
2021-07-23 23:00:00+00:00,29.95,31.299999999999997
2021-07-24 00:00:00+00:00,29.799999999999997,31.3
2021-07-24 01:00:00+00:00,29.325,31.325
2021-07-24 02:00:00+00:00,29.025000000000002,31.225
2021-07-24 03:00:00+00:00,28.533333333333335,30.96666666666667
2021-07-24 04:00:00+00:00,28.675000000000004,30.75
2021-07-24 05:00:00+00:00,28.625,30.575
2021-07-24 06:00:00+00:00,28.6,30.35
2021-07-24 07:00:00+00:00,28.525,30.225
2021-07-24 08:00:00+00:00,28.45,29.95
2021-07-24 09:00:00+00:00,28.425,29.674999999999997
2021-07-24 10:00:00+00:00,28.375,29.474999999999998
2021-07-24 11:00:00+00:00,28.1,29.525
2021-07-24 12:00:00+00:00,28.25,29.5
2021-07-24 13:00:00+00:00,28.374999999999996,29.500000000000004
2021-07-24 14:00:00+00:00,28.775,29.450000000000003
2021-07-24 15:00:00+00:00,29.049999999999997,29.525000000000002
2021-07-24 16:00:00+00:00,29.325000000000003,29.675
2021-07-24 17:00:00+00:00,29.7,29.950000000000003
2021-07-24 18:00:00+00:00,29.924999999999997,30.175
2021-07-24 19:00:00+00:00,30.150000000000002,30.4
2021-07-24 20:00:00+00:00,30.275000000000002,30.6
2021-07-24 21:00:00+00:00,30.2,30.95
2021-07-24 22:00:00+00:00,30.25,31.25
2021-07-24 23:00:00+00:00,30.049999999999997,31.950000000000003
2021-07-25 00:00:00+00:00,29.525000000000002,31.949999999999996
2021-07-25 01:00:00+00:00,29.075000000000003,31.875
2021-07-25 02:00:00+00:00,28.825,31.55
2021-07-25 03:00:00+00:00,28.625,31.300000000000004
2021-07-25 04:00:00+00:00,28.55,30.999999999999996
2021-07-25 05:00:00+00:00,28.375,30.65
2021-07-25 06:00:00+00:00,28.45,30.374999999999996
2021-07-25 07:00:00+00:00,28.1,30.174999999999997
2021-07-25 08:00:00+00:00,28.0,30.025
2021-07-25 09:00:00+00:00,27.8,29.925
2021-07-25 10:00:00+00:00,27.599999999999998,29.799999999999997
2021-07-25 11:00:00+00:00,27.275,29.575
2021-07-25 12:00:00+00:00,27.25,29.349999999999998
2021-07-25 13:00:00+00:00,27.65,29.175
2021-07-25 14:00:00+00:00,27.975,29.35
2021-07-25 15:00:00+00:00,28.450000000000003,29.4
2021-07-25 16:00:00+00:00,29.2,29.724999999999998
2021-07-25 17:00:00+00:00,29.725,30.050000000000004
2021-07-25 18:00:00+00:00,29.725,30.875
2021-07-25 19:00:00+00:00,29.675,31.724999999999998
2021-07-25 20:00:00+00:00,29.925,32.075
2021-07-25 21:00:00+00:00,29.974999999999998,32.55
2021-07-25 22:00:00+00:00,30.075000000000003,32.5
2021-07-25 23:00:00+00:00,30.05,32.8
2021-07-26 00:00:00+00:00,29.7,32.425
2021-07-26 01:00:00+00:00,29.225,32.225
2021-07-26 02:00:00+00:00,28.875,32.1
2021-07-26 03:00:00+00:00,28.700000000000003,31.875
2021-07-26 04:00:00+00:00,28.6,31.650000000000002
2021-07-26 05:00:00+00:00,28.424999999999997,31.375
2021-07-26 06:00:00+00:00,28.1,31.174999999999997
2021-07-26 07:00:00+00:00,28.075000000000003,30.925
2021-07-26 08:00:00+00:00,27.674999999999997,30.675
2021-07-26 09:00:00+00:00,27.525,30.5
2021-07-26 10:00:00+00:00,27.633333333333336,29.8
2021-07-26 11:00:00+00:00,27.575000000000003,30.150000000000002
2021-07-26 12:00:00+00:00,27.475,29.9
2021-07-26 13:00:00+00:00,27.849999999999998,29.725
2021-07-26 14:00:00+00:00,28.375,29.775
2021-07-26 15:00:00+00:00,28.875000000000004,29.799999999999997
2021-07-26 16:00:00+00:00,29.375,29.975
2021-07-26 17:00:00+00:00,29.6,30.425
2021-07-26 18:00:00+00:00,30.125,30.925
2021-07-26 19:00:00+00:00,30.4,32.45
2021-07-26 20:00:00+00:00,30.675,33.0
2021-07-26 21:00:00+00:00,30.700000000000003,33.224999999999994
2021-07-26 22:00:00+00:00,30.824999999999996,33.5
2021-07-26 23:00:00+00:00,30.6,33.575
2021-07-27 00:00:00+00:00,30.275,33.425
2021-07-27 01:00:00+00:00,29.725,33.125
2021-07-27 02:00:00+00:00,29.325,33.025000000000006
2021-07-27 03:00:00+00:00,29.049999999999997,32.85
2021-07-27 04:00:00+00:00,28.6,32.525
2021-07-27 05:00:00+00:00,28.4,32.2
2021-07-27 06:00:00+00:00,27.975,31.900000000000002
2021-07-27 07:00:00+00:00,28.049999999999997,31.599999999999998
2021-07-27 08:00:00+00:00,27.9,31.4
2021-07-27 09:00:00+00:00,27.525,31.1
2021-07-27 10:00:00+00:00,27.424999999999997,30.875
2021-07-27 11:00:00+00:00,26.700000000000003,30.675000000000004
2021-07-27 12:00:00+00:00,25.725,30.450000000000003
2021-07-27 13:00:00+00:00,26.049999999999997,30.25
2021-07-27 14:00:00+00:00,27.075,30.174999999999997
2021-07-27 15:00:00+00:00,28.049999999999997,30.224999999999998
2021-07-27 16:00:00+00:00,28.55,30.599999999999998
2021-07-27 17:00:00+00:00,29.025,30.924999999999997
2021-07-27 18:00:00+00:00,30.166666666666668,31.366666666666664
2021-07-27 19:00:00+00:00,30.099999999999998,32.325
2021-07-27 20:00:00+00:00,30.275000000000002,32.65
2021-07-27 21:00:00+00:00,30.925,33.05
2021-07-27 22:00:00+00:00,30.5,33.275
2021-07-27 23:00:00+00:00,30.650000000000002,33.55
2021-07-28 00:00:00+00:00,30.525000000000002,33.35
2021-07-28 01:00:00+00:00,29.85,33.2
2021-07-28 02:00:00+00:00,29.125,32.95
2021-07-28 03:00:00+00:00,28.925,32.85
2021-07-28 04:00:00+00:00,28.8,32.5
2021-07-28 05:00:00+00:00,28.675,32.275
2021-07-28 06:00:00+00:00,28.65,32.075
2021-07-28 07:00:00+00:00,28.500000000000004,31.825
2021-07-28 08:00:00+00:00,28.65,31.674999999999997
2021-07-28 09:00:00+00:00,28.05,31.5
2021-07-28 10:00:00+00:00,27.775,31.200000000000003
2021-07-28 11:00:00+00:00,28.0,31.0
2021-07-28 12:00:00+00:00,27.525,30.775
2021-07-28 13:00:00+00:00,28.225,30.525
2021-07-28 14:00:00+00:00,28.275,30.525000000000002
2021-07-28 15:00:00+00:00,28.875,30.400000000000002
2021-07-28 16:00:00+00:00,29.5,30.675
2021-07-28 17:00:00+00:00,30.15,30.900000000000002
2021-07-28 18:00:00+00:00,30.824999999999996,31.875
2021-07-28 19:00:00+00:00,30.875,32.575
2021-07-28 20:00:00+00:00,31.175,33.1
2021-07-28 21:00:00+00:00,31.125,33.3
2021-07-28 22:00:00+00:00,30.875,33.800000000000004
2021-07-28 23:00:00+00:00,30.9,33.8
2021-07-29 00:00:00+00:00,30.699999999999996,33.45
2021-07-29 01:00:00+00:00,30.0,33.35
2021-07-29 02:00:00+00:00,29.5,33.25
2021-07-29 03:00:00+00:00,29.35,33.025
2021-07-29 04:00:00+00:00,29.25,32.724999999999994
2021-07-29 05:00:00+00:00,29.175,32.55
2021-07-29 06:00:00+00:00,29.15,32.325
2021-07-29 07:00:00+00:00,29.1,32.1
2021-07-29 08:00:00+00:00,28.8,31.85
2021-07-29 09:00:00+00:00,28.4,31.775
2021-07-29 10:00:00+00:00,27.675,31.575000000000003
2021-07-29 11:00:00+00:00,27.375,31.474999999999998
2021-07-29 12:00:00+00:00,27.174999999999997,31.35
2021-07-29 13:00:00+00:00,27.625,31.125
2021-07-29 14:00:00+00:00,28.2,30.900000000000002
2021-07-29 15:00:00+00:00,28.924999999999997,31.075000000000003
2021-07-29 16:00:00+00:00,29.75,31.375
2021-07-29 17:00:00+00:00,30.525,31.575000000000003
2021-07-29 18:00:00+00:00,31.25,32.35
2021-07-29 19:00:00+00:00,31.6,32.875
2021-07-29 20:00:00+00:00,30.9,32.974999999999994
2021-07-29 21:00:00+00:00,30.150000000000002,32.824999999999996
2021-07-29 22:00:00+00:00,29.875,32.775
2021-07-29 23:00:00+00:00,29.55,32.449999999999996
2021-07-30 00:00:00+00:00,29.275,32.35
2021-07-30 01:00:00+00:00,29.224999999999998,32.225
2021-07-30 02:00:00+00:00,29.0,32.1
2021-07-30 03:00:00+00:00,28.75,31.924999999999997
2021-07-30 04:00:00+00:00,28.475,31.700000000000003
2021-07-30 05:00:00+00:00,28.5,31.35
2021-07-30 06:00:00+00:00,28.275000000000002,31.25
2021-07-30 07:00:00+00:00,27.875000000000004,31.200000000000003
2021-07-30 08:00:00+00:00,28.025000000000002,31.075
2021-07-30 09:00:00+00:00,28.1,31.0
2021-07-30 10:00:00+00:00,27.725,30.924999999999997
2021-07-30 11:00:00+00:00,27.05,30.924999999999997
2021-07-30 12:00:00+00:00,26.6,30.8
2021-07-30 13:00:00+00:00,27.55,30.6
2021-07-30 14:00:00+00:00,28.125,30.65
2021-07-30 15:00:00+00:00,29.275,30.625
2021-07-30 16:00:00+00:00,29.25,30.75
2021-07-30 17:00:00+00:00,29.725,31.174999999999997
2021-07-30 18:00:00+00:00,29.975,31.824999999999996
2021-07-30 19:00:00+00:00,30.25,32.125
2021-07-30 20:00:00+00:00,30.55,32.525
2021-07-30 21:00:00+00:00,30.599999999999998,32.75
2021-07-30 22:00:00+00:00,30.575,32.875
2021-07-30 23:00:00+00:00,30.499999999999996,33.075
2021-07-31 00:00:00+00:00,30.150000000000002,32.974999999999994
2021-07-31 01:00:00+00:00,29.8,32.825
2021-07-31 02:00:00+00:00,29.45,32.574999999999996
2021-07-31 03:00:00+00:00,29.325000000000003,32.425
2021-07-31 04:00:00+00:00,29.375,32.2
2021-07-31 05:00:00+00:00,29.125,31.974999999999998
2021-07-31 06:00:00+00:00,29.25,31.725
2021-07-31 07:00:00+00:00,29.05,31.575000000000003
2021-07-31 08:00:00+00:00,28.85,31.425
2021-07-31 09:00:00+00:00,28.924999999999997,31.249999999999996
2021-07-31 10:00:00+00:00,28.700000000000003,31.0
2021-07-31 11:00:00+00:00,28.625,30.95
2021-07-31 12:00:00+00:00,28.400000000000002,30.775
2021-07-31 13:00:00+00:00,28.525,30.8
2021-07-31 14:00:00+00:00,29.125,30.9
2021-07-31 15:00:00+00:00,29.55,31.025
2021-07-31 16:00:00+00:00,30.299999999999997,31.275
2021-07-31 17:00:00+00:00,30.5,31.549999999999997
2021-07-31 18:00:00+00:00,30.849999999999998,31.775000000000002
2021-07-31 19:00:00+00:00,31.075000000000003,32.0
2021-07-31 20:00:00+00:00,31.05,32.25
2021-07-31 21:00:00+00:00,30.824999999999996,32.625
2021-07-31 22:00:00+00:00,30.775,32.9
2021-07-31 23:00:00+00:00,30.700000000000003,32.724999999999994
2021-08-01 00:00:00+00:00,30.549999999999997,32.85
2021-08-01 01:00:00+00:00,30.05,32.775
2021-08-01 02:00:00+00:00,29.725,32.525
2021-08-01 03:00:00+00:00,29.674999999999997,32.125
2021-08-01 04:00:00+00:00,29.549999999999997,31.900000000000002
2021-08-01 05:00:00+00:00,29.349999999999998,31.6
2021-08-01 06:00:00+00:00,29.25,31.45
2021-08-01 07:00:00+00:00,29.0,31.225
2021-08-01 08:00:00+00:00,28.85,31.075000000000003
2021-08-01 09:00:00+00:00,28.725,30.925
2021-08-01 10:00:00+00:00,28.775,30.7
2021-08-01 11:00:00+00:00,28.675000000000004,30.725
2021-08-01 12:00:00+00:00,28.5,30.675
2021-08-01 13:00:00+00:00,28.75,30.674999999999997
2021-08-01 14:00:00+00:00,29.425,30.674999999999997
2021-08-01 15:00:00+00:00,29.725,30.700000000000003
2021-08-01 16:00:00+00:00,30.325,30.825
2021-08-01 17:00:00+00:00,30.5,31.050000000000004
2021-08-01 18:00:00+00:00,30.700000000000003,31.3
2021-08-01 19:00:00+00:00,30.799999999999997,31.650000000000002
2021-08-01 20:00:00+00:00,30.8,32.225
2021-08-01 21:00:00+00:00,30.875,32.650000000000006
2021-08-01 22:00:00+00:00,30.7,32.825
2021-08-01 23:00:00+00:00,30.7,33.025000000000006
2021-08-02 00:00:00+00:00,30.425,32.875
2021-08-02 01:00:00+00:00,29.975,32.675
2021-08-02 02:00:00+00:00,29.725,32.5
2021-08-02 03:00:00+00:00,29.65,32.300000000000004
2021-08-02 04:00:00+00:00,29.625,31.974999999999998
2021-08-02 05:00:00+00:00,29.550000000000004,31.575
2021-08-02 06:00:00+00:00,29.375,31.375
2021-08-02 07:00:00+00:00,29.325,31.224999999999998
2021-08-02 08:00:00+00:00,29.025,31.150000000000002
2021-08-02 09:00:00+00:00,29.0,31.049999999999997
2021-08-02 10:00:00+00:00,28.825,30.85
2021-08-02 11:00:00+00:00,28.5,30.650000000000002
2021-08-02 12:00:00+00:00,28.299999999999997,30.549999999999997
2021-08-02 13:00:00+00:00,28.7,30.675
2021-08-02 14:00:00+00:00,28.95,30.8
2021-08-02 15:00:00+00:00,29.45,30.9
2021-08-02 16:00:00+00:00,30.225,31.1
2021-08-02 17:00:00+00:00,30.475,31.3
2021-08-02 18:00:00+00:00,30.924999999999997,31.599999999999998
2021-08-02 19:00:00+00:00,31.4,32.075
2021-08-02 20:00:00+00:00,31.525,32.425
2021-08-02 21:00:00+00:00,30.625,32.75
2021-08-02 22:00:00+00:00,30.9,32.975
2021-08-02 23:00:00+00:00,30.799999999999997,33.125
2021-08-03 00:00:00+00:00,30.65,32.975
2021-08-03 01:00:00+00:00,29.675000000000004,32.8
2021-08-03 02:00:00+00:00,29.799999999999997,32.675
2021-08-03 03:00:00+00:00,29.525,32.425
2021-08-03 04:00:00+00:00,29.325000000000003,32.25
2021-08-03 05:00:00+00:00,29.175,32.050000000000004
2021-08-03 06:00:00+00:00,29.275,31.85
2021-08-03 07:00:00+00:00,29.15,31.525000000000002
2021-08-03 08:00:00+00:00,28.15,31.375
2021-08-03 09:00:00+00:00,26.75,31.200000000000003
2021-08-03 10:00:00+00:00,26.1,30.924999999999997
2021-08-03 11:00:00+00:00,26.3,30.6
2021-08-03 12:00:00+00:00,26.150000000000002,30.075000000000003
2021-08-03 13:00:00+00:00,25.549999999999997,29.975
2021-08-03 14:00:00+00:00,25.8,29.9
2021-08-03 15:00:00+00:00,26.075,29.950000000000003
2021-08-03 16:00:00+00:00,26.425,30.15
2021-08-03 17:00:00+00:00,26.825,30.299999999999997
2021-08-03 18:00:00+00:00,27.424999999999997,30.5
2021-08-03 19:00:00+00:00,28.175,30.799999999999997
2021-08-03 20:00:00+00:00,28.725,31.05
2021-08-03 21:00:00+00:00,28.949999999999996,31.3
2021-08-03 22:00:00+00:00,29.65,31.75
2021-08-03 23:00:00+00:00,29.625,32.025
2021-08-04 00:00:00+00:00,29.675,32.175
2021-08-04 01:00:00+00:00,29.299999999999997,32.15
2021-08-04 02:00:00+00:00,29.025,31.775
2021-08-04 03:00:00+00:00,28.925,31.65
2021-08-04 04:00:00+00:00,28.8,31.5
2021-08-04 05:00:00+00:00,28.625,31.325000000000003
2021-08-04 06:00:00+00:00,28.500000000000004,31.2
2021-08-04 07:00:00+00:00,28.35,31.025
2021-08-04 08:00:00+00:00,27.650000000000002,30.9
2021-08-04 09:00:00+00:00,26.325,30.775
2021-08-04 10:00:00+00:00,25.900000000000002,30.575
2021-08-04 11:00:00+00:00,25.475,30.275
2021-08-04 12:00:00+00:00,25.275,29.8
2021-08-04 13:00:00+00:00,25.400000000000002,29.775000000000002
2021-08-04 14:00:00+00:00,25.674999999999997,29.724999999999998
2021-08-04 15:00:00+00:00,25.549999999999997,29.674999999999997
2021-08-04 16:00:00+00:00,25.675,29.700000000000003
2021-08-04 17:00:00+00:00,26.25,29.75
2021-08-04 18:00:00+00:00,26.825000000000003,29.725
2021-08-04 19:00:00+00:00,27.3,29.974999999999998
2021-08-04 20:00:00+00:00,27.974999999999998,30.3
2021-08-04 21:00:00+00:00,28.625,30.65
2021-08-04 22:00:00+00:00,28.775,31.075000000000003
2021-08-04 23:00:00+00:00,28.924999999999997,31.400000000000002
2021-08-05 00:00:00+00:00,28.5,31.65
2021-08-05 01:00:00+00:00,28.099999999999998,31.45
2021-08-05 02:00:00+00:00,28.025,31.4
2021-08-05 03:00:00+00:00,27.924999999999997,31.15
2021-08-05 04:00:00+00:00,27.825000000000003,30.974999999999998
2021-08-05 05:00:00+00:00,27.674999999999997,30.85
2021-08-05 06:00:00+00:00,27.674999999999997,30.775
2021-08-05 07:00:00+00:00,27.675,30.65
2021-08-05 08:00:00+00:00,27.625,30.575
2021-08-05 09:00:00+00:00,27.450000000000003,30.449999999999996
2021-08-05 10:00:00+00:00,27.175,30.275000000000002
2021-08-05 11:00:00+00:00,26.45,30.025
2021-08-05 12:00:00+00:00,25.75,29.550000000000004
2021-08-05 13:00:00+00:00,25.424999999999997,29.55
2021-08-05 14:00:00+00:00,25.3,29.55
2021-08-05 15:00:00+00:00,25.3,29.6
2021-08-05 16:00:00+00:00,25.65,29.55
2021-08-05 17:00:00+00:00,25.875,29.55
2021-08-05 18:00:00+00:00,25.666666666666668,29.666666666666668
2021-08-05 19:00:00+00:00,26.525,29.849999999999998
2021-08-05 20:00:00+00:00,27.175,30.175
2021-08-05 21:00:00+00:00,28.049999999999997,30.45
2021-08-05 22:00:00+00:00,28.3,30.724999999999998
2021-08-05 23:00:00+00:00,28.025,30.875
2021-08-06 00:00:00+00:00,27.65,30.9
2021-08-06 01:00:00+00:00,27.275,30.825
2021-08-06 02:00:00+00:00,27.224999999999998,30.625
2021-08-06 03:00:00+00:00,27.025,30.475
2021-08-06 04:00:00+00:00,27.05,30.35
2021-08-06 05:00:00+00:00,26.925000000000004,30.25
2021-08-06 06:00:00+00:00,27.1,30.05
2021-08-06 07:00:00+00:00,27.1,29.849999999999998
2021-08-06 08:00:00+00:00,27.35,29.625
2021-08-06 09:00:00+00:00,27.2,29.55
2021-08-06 10:00:00+00:00,27.275,29.474999999999998
2021-08-06 11:00:00+00:00,26.974999999999998,29.374999999999996
2021-08-06 12:00:00+00:00,27.25,29.174999999999997
2021-08-06 13:00:00+00:00,27.45,29.15
2021-08-06 14:00:00+00:00,28.25,29.174999999999997
2021-08-06 15:00:00+00:00,28.474999999999998,29.325
2021-08-06 16:00:00+00:00,28.725,29.625
2021-08-06 17:00:00+00:00,29.125,29.875
2021-08-06 18:00:00+00:00,29.375,30.174999999999997
2021-08-06 19:00:00+00:00,29.675,30.724999999999998
2021-08-06 20:00:00+00:00,29.975,30.975
2021-08-06 21:00:00+00:00,29.950000000000003,30.95
2021-08-06 22:00:00+00:00,29.8,31.225
2021-08-06 23:00:00+00:00,29.724999999999998,31.700000000000003
2021-08-07 00:00:00+00:00,29.6,31.700000000000003
2021-08-07 01:00:00+00:00,29.25,31.625
2021-08-07 02:00:00+00:00,28.95,31.5
2021-08-07 03:00:00+00:00,28.85,31.275
2021-08-07 04:00:00+00:00,28.825,31.175
2021-08-07 05:00:00+00:00,28.724999999999998,30.95
2021-08-07 06:00:00+00:00,28.725,30.825
2021-08-07 07:00:00+00:00,28.674999999999997,30.6
2021-08-07 08:00:00+00:00,28.525,30.4
2021-08-07 09:00:00+00:00,28.725,30.25
2021-08-07 10:00:00+00:00,28.7,30.175
2021-08-07 11:00:00+00:00,28.725,30.1
2021-08-07 12:00:00+00:00,28.75,30.049999999999997
2021-08-07 13:00:00+00:00,29.0,29.9
2021-08-07 14:00:00+00:00,29.225,29.8
2021-08-07 15:00:00+00:00,29.375,29.825000000000003
2021-08-07 16:00:00+00:00,29.0,29.975
2021-08-07 17:00:00+00:00,29.700000000000003,30.25
2021-08-07 18:00:00+00:00,30.025000000000002,30.575
2021-08-07 19:00:00+00:00,30.325,30.75
2021-08-07 20:00:00+00:00,30.325,31.025
2021-08-07 21:00:00+00:00,30.425,31.275
2021-08-07 22:00:00+00:00,30.224999999999998,31.5
2021-08-07 23:00:00+00:00,30.125,31.55
2021-08-08 00:00:00+00:00,30.025,31.550000000000004
2021-08-08 01:00:00+00:00,29.775,31.375
2021-08-08 02:00:00+00:00,29.55,31.35
2021-08-08 03:00:00+00:00,29.450000000000003,31.225
2021-08-08 04:00:00+00:00,29.374999999999996,30.924999999999997
2021-08-08 05:00:00+00:00,29.3,30.825
2021-08-08 06:00:00+00:00,29.25,30.575
2021-08-08 07:00:00+00:00,29.275,30.450000000000003
2021-08-08 08:00:00+00:00,29.174999999999997,30.200000000000003
2021-08-08 09:00:00+00:00,29.174999999999997,30.125
2021-08-08 10:00:00+00:00,29.175000000000004,30.125
2021-08-08 11:00:00+00:00,29.099999999999998,30.0
2021-08-08 12:00:00+00:00,29.025000000000002,29.925
2021-08-08 13:00:00+00:00,29.225,29.924999999999997
2021-08-08 14:00:00+00:00,29.5,29.975
2021-08-08 15:00:00+00:00,29.55,29.975
2021-08-08 16:00:00+00:00,30.025,30.125
2021-08-08 17:00:00+00:00,30.15,30.35
2021-08-08 18:00:00+00:00,30.325000000000003,30.699999999999996
2021-08-08 19:00:00+00:00,30.275,30.924999999999997
2021-08-08 20:00:00+00:00,30.5,31.025
2021-08-08 21:00:00+00:00,30.450000000000003,31.5
2021-08-08 22:00:00+00:00,30.525,31.725
2021-08-08 23:00:00+00:00,30.475,31.6
2021-08-09 00:00:00+00:00,30.275,31.525
2021-08-09 01:00:00+00:00,30.0,31.425
2021-08-09 02:00:00+00:00,29.724999999999998,31.1
2021-08-09 03:00:00+00:00,29.65,30.95
2021-08-09 04:00:00+00:00,29.575000000000003,30.9
2021-08-09 05:00:00+00:00,29.45,30.75
2021-08-09 06:00:00+00:00,29.449999999999996,30.549999999999997
2021-08-09 07:00:00+00:00,29.424999999999997,30.4
2021-08-09 08:00:00+00:00,29.375,30.349999999999998
2021-08-09 09:00:00+00:00,29.275000000000002,30.075000000000003
2021-08-09 10:00:00+00:00,29.2,29.925
2021-08-09 11:00:00+00:00,29.200000000000003,29.8
2021-08-09 12:00:00+00:00,29.175,29.825000000000003
2021-08-09 13:00:00+00:00,29.3,29.85
2021-08-09 14:00:00+00:00,29.650000000000002,29.95
2021-08-09 15:00:00+00:00,29.925,30.025
2021-08-09 16:00:00+00:00,30.125,30.2
2021-08-09 17:00:00+00:00,30.299999999999997,30.4
2021-08-09 18:00:00+00:00,30.475,30.65
2021-08-09 19:00:00+00:00,30.475,30.849999999999998
2021-08-09 20:00:00+00:00,30.625000000000004,31.125
2021-08-09 21:00:00+00:00,30.400000000000002,31.099999999999998
2021-08-09 22:00:00+00:00,30.6,31.3
2021-08-09 23:00:00+00:00,30.525,31.45
2021-08-10 00:00:00+00:00,30.375000000000004,31.775000000000002
2021-08-10 01:00:00+00:00,29.925,31.525
2021-08-10 02:00:00+00:00,29.675,31.325000000000003
2021-08-10 03:00:00+00:00,29.549999999999997,31.225
2021-08-10 04:00:00+00:00,29.35,30.95
2021-08-10 05:00:00+00:00,29.25,30.775
2021-08-10 06:00:00+00:00,29.225,30.7
2021-08-10 07:00:00+00:00,29.1,30.625
2021-08-10 08:00:00+00:00,29.125,30.525
2021-08-10 09:00:00+00:00,29.075,30.4
2021-08-10 10:00:00+00:00,29.075000000000003,30.099999999999998
2021-08-10 11:00:00+00:00,29.075,30.1
2021-08-10 12:00:00+00:00,29.075000000000003,30.175000000000004
2021-08-10 13:00:00+00:00,29.25,30.125000000000004
2021-08-10 14:00:00+00:00,29.650000000000002,30.125
2021-08-10 15:00:00+00:00,29.724999999999998,30.05
2021-08-10 16:00:00+00:00,30.125,30.275
2021-08-10 17:00:00+00:00,30.4,30.5
2021-08-10 18:00:00+00:00,30.375000000000004,30.85
2021-08-10 19:00:00+00:00,30.55,31.075000000000003
2021-08-10 20:00:00+00:00,30.674999999999997,31.400000000000002
2021-08-10 21:00:00+00:00,30.4,31.450000000000003
2021-08-10 22:00:00+00:00,30.55,31.725
2021-08-10 23:00:00+00:00,30.500000000000004,31.975
2021-08-11 00:00:00+00:00,30.175,32.075
2021-08-11 01:00:00+00:00,29.75,31.924999999999997
2021-08-11 02:00:00+00:00,29.5,31.799999999999997
2021-08-11 03:00:00+00:00,29.4,31.425
2021-08-11 04:00:00+00:00,29.35,31.35
2021-08-11 05:00:00+00:00,29.275,31.2
2021-08-11 06:00:00+00:00,29.299999999999997,30.974999999999998
2021-08-11 07:00:00+00:00,29.25,30.799999999999997
2021-08-11 08:00:00+00:00,29.2,30.625
2021-08-11 09:00:00+00:00,29.174999999999997,30.625
2021-08-11 10:00:00+00:00,28.950000000000003,30.525000000000002
2021-08-11 11:00:00+00:00,28.799999999999997,30.424999999999997
2021-08-11 12:00:00+00:00,28.7,30.474999999999998
2021-08-11 13:00:00+00:00,28.3,30.525
2021-08-11 14:00:00+00:00,29.15,30.45
2021-08-11 15:00:00+00:00,29.800000000000004,30.650000000000002
2021-08-11 16:00:00+00:00,29.95,30.9
2021-08-11 17:00:00+00:00,30.175,31.15
2021-08-11 18:00:00+00:00,30.349999999999998,31.425
2021-08-11 19:00:00+00:00,30.6,31.775000000000002
2021-08-11 20:00:00+00:00,30.575000000000003,32.300000000000004
2021-08-11 21:00:00+00:00,30.549999999999997,32.599999999999994
2021-08-11 22:00:00+00:00,30.65,32.650000000000006
2021-08-11 23:00:00+00:00,30.575000000000003,32.75
2021-08-12 00:00:00+00:00,30.325,32.699999999999996
2021-08-12 01:00:00+00:00,29.900000000000002,32.475
2021-08-12 02:00:00+00:00,29.725,32.2
2021-08-12 03:00:00+00:00,29.575000000000003,31.925
2021-08-12 04:00:00+00:00,29.550000000000004,31.775
2021-08-12 05:00:00+00:00,29.450000000000003,31.65
2021-08-12 06:00:00+00:00,29.324999999999996,31.475
2021-08-12 07:00:00+00:00,29.4,31.15
2021-08-12 08:00:00+00:00,29.275,31.025
2021-08-12 09:00:00+00:00,29.174999999999997,30.874999999999996
2021-08-12 10:00:00+00:00,28.95,30.725
2021-08-12 11:00:00+00:00,28.85,30.45
2021-08-12 12:00:00+00:00,28.875,30.275
2021-08-12 13:00:00+00:00,29.2,30.250000000000004
2021-08-12 14:00:00+00:00,29.575,30.275
2021-08-12 15:00:00+00:00,28.750000000000004,30.525
2021-08-12 16:00:00+00:00,29.425,30.8
2021-08-12 17:00:00+00:00,29.55,31.0
2021-08-12 18:00:00+00:00,30.075000000000003,31.375
2021-08-12 19:00:00+00:00,30.475,31.75
2021-08-12 20:00:00+00:00,30.425,32.25
2021-08-12 21:00:00+00:00,30.475,32.5
2021-08-12 22:00:00+00:00,30.425,32.75
2021-08-12 23:00:00+00:00,30.450000000000003,32.825
2021-08-13 00:00:00+00:00,30.275,32.725
2021-08-13 01:00:00+00:00,29.9,32.425
2021-08-13 02:00:00+00:00,29.700000000000003,32.25
2021-08-13 03:00:00+00:00,29.575,32.1
2021-08-13 04:00:00+00:00,29.425000000000004,31.9
2021-08-13 05:00:00+00:00,29.375,31.75
2021-08-13 06:00:00+00:00,29.275,31.55
2021-08-13 07:00:00+00:00,29.2,31.450000000000003
2021-08-13 08:00:00+00:00,29.05,31.375
2021-08-13 09:00:00+00:00,28.924999999999997,31.275
2021-08-13 10:00:00+00:00,28.75,31.1
2021-08-13 11:00:00+00:00,28.825,30.924999999999997
2021-08-13 12:00:00+00:00,28.724999999999998,30.725
2021-08-13 13:00:00+00:00,29.15,30.575000000000003
2021-08-13 14:00:00+00:00,29.875,30.55
2021-08-13 15:00:00+00:00,30.0,30.75
2021-08-13 16:00:00+00:00,30.150000000000002,31.125
2021-08-13 17:00:00+00:00,30.549999999999997,31.75
2021-08-13 18:00:00+00:00,30.349999999999998,32.225
2021-08-13 19:00:00+00:00,30.049999999999997,32.375
2021-08-13 20:00:00+00:00,29.549999999999997,32.7
2021-08-13 21:00:00+00:00,30.275,32.900000000000006
2021-08-13 22:00:00+00:00,30.3,32.875
2021-08-13 23:00:00+00:00,30.325,32.975
2021-08-14 00:00:00+00:00,30.249999999999996,32.8
2021-08-14 01:00:00+00:00,29.724999999999998,32.675
2021-08-14 02:00:00+00:00,29.4,32.5
2021-08-14 03:00:00+00:00,29.3,32.3
2021-08-14 04:00:00+00:00,29.200000000000003,32.15
2021-08-14 05:00:00+00:00,29.025,32.025
2021-08-14 06:00:00+00:00,28.724999999999998,31.875
2021-08-14 07:00:00+00:00,28.75,31.75
2021-08-14 08:00:00+00:00,28.749999999999996,31.725
2021-08-14 09:00:00+00:00,28.5,31.575
2021-08-14 10:00:00+00:00,28.4,31.424999999999997
2021-08-14 11:00:00+00:00,28.05,31.275
2021-08-14 12:00:00+00:00,27.9,31.150000000000002
2021-08-14 13:00:00+00:00,28.849999999999998,31.099999999999998
2021-08-14 14:00:00+00:00,29.225,31.025
2021-08-14 15:00:00+00:00,29.625,31.125
2021-08-14 16:00:00+00:00,29.175,31.25
2021-08-14 17:00:00+00:00,30.4,31.775
2021-08-14 18:00:00+00:00,29.9,32.125
2021-08-14 19:00:00+00:00,30.05,32.5
2021-08-14 20:00:00+00:00,30.349999999999998,32.7
2021-08-14 21:00:00+00:00,30.525,32.849999999999994
2021-08-14 22:00:00+00:00,30.625,32.8
2021-08-14 23:00:00+00:00,30.4,33.025000000000006
2021-08-15 00:00:00+00:00,30.0,33.1
2021-08-15 01:00:00+00:00,29.675,33.025
2021-08-15 02:00:00+00:00,29.200000000000003,32.775000000000006
2021-08-15 03:00:00+00:00,29.0,32.55
2021-08-15 04:00:00+00:00,28.875,32.4
2021-08-15 05:00:00+00:00,28.875,32.275
2021-08-15 06:00:00+00:00,28.674999999999997,32.1
2021-08-15 07:00:00+00:00,28.625,31.9
2021-08-15 08:00:00+00:00,28.424999999999997,31.625
2021-08-15 09:00:00+00:00,27.975,31.6
2021-08-15 10:00:00+00:00,27.625,31.475
2021-08-15 11:00:00+00:00,27.6,31.475
2021-08-15 12:00:00+00:00,26.725,31.275
2021-08-15 13:00:00+00:00,27.725,31.2
2021-08-15 14:00:00+00:00,28.425,31.0
2021-08-15 15:00:00+00:00,28.799999999999997,31.074999999999996
2021-08-15 16:00:00+00:00,29.25,31.4
2021-08-15 17:00:00+00:00,29.825,32.0
2021-08-15 18:00:00+00:00,29.95,32.325
2021-08-15 19:00:00+00:00,30.375,32.650000000000006
2021-08-15 20:00:00+00:00,30.625,32.975
2021-08-15 21:00:00+00:00,30.7,33.275
2021-08-15 22:00:00+00:00,30.625,33.3
2021-08-15 23:00:00+00:00,30.25,33.525
2021-08-16 00:00:00+00:00,28.950000000000003,33.3
2021-08-16 01:00:00+00:00,25.95,32.85
2021-08-16 02:00:00+00:00,26.675,32.55
2021-08-16 03:00:00+00:00,27.025,32.474999999999994
2021-08-16 04:00:00+00:00,27.125,32.275
2021-08-16 05:00:00+00:00,26.65,31.974999999999998
2021-08-16 06:00:00+00:00,26.25,31.724999999999998
2021-08-16 07:00:00+00:00,25.775,31.599999999999998
2021-08-16 08:00:00+00:00,25.925,31.575000000000003
2021-08-16 09:00:00+00:00,25.775,31.325000000000003
2021-08-16 10:00:00+00:00,25.925,31.299999999999997
2021-08-16 11:00:00+00:00,25.799999999999997,31.099999999999998
2021-08-16 12:00:00+00:00,25.775,31.075
2021-08-16 13:00:00+00:00,26.349999999999998,30.775
2021-08-16 14:00:00+00:00,27.375,30.825
2021-08-16 15:00:00+00:00,28.125,31.0
2021-08-16 16:00:00+00:00,28.8,31.1
2021-08-16 17:00:00+00:00,28.575,31.3
2021-08-16 18:00:00+00:00,29.55,31.475
2021-08-16 19:00:00+00:00,29.700000000000003,31.675000000000004
2021-08-16 20:00:00+00:00,29.650000000000002,32.4
2021-08-16 21:00:00+00:00,30.325000000000003,32.525
2021-08-16 22:00:00+00:00,30.450000000000003,32.575
2021-08-16 23:00:00+00:00,30.400000000000002,32.625
2021-08-17 00:00:00+00:00,29.975,32.9
2021-08-17 01:00:00+00:00,29.425,32.85
2021-08-17 02:00:00+00:00,29.325,32.7
2021-08-17 03:00:00+00:00,29.3,32.375
2021-08-17 04:00:00+00:00,29.225,32.225
2021-08-17 05:00:00+00:00,29.225,32.0
2021-08-17 06:00:00+00:00,28.974999999999998,31.725
2021-08-17 07:00:00+00:00,29.075,31.574999999999996
2021-08-17 08:00:00+00:00,29.075000000000003,31.349999999999998
2021-08-17 09:00:00+00:00,28.925,31.175000000000004
2021-08-17 10:00:00+00:00,28.950000000000003,31.099999999999998
2021-08-17 11:00:00+00:00,28.65,31.025
2021-08-17 12:00:00+00:00,28.675,31.25
2021-08-17 13:00:00+00:00,28.825,31.200000000000003
2021-08-17 14:00:00+00:00,28.975,31.200000000000003
2021-08-17 15:00:00+00:00,29.849999999999998,31.275
2021-08-17 16:00:00+00:00,30.3,30.7
2021-08-17 17:00:00+00:00,30.15,31.525
2021-08-17 18:00:00+00:00,30.425,31.775
2021-08-17 19:00:00+00:00,30.5,31.875000000000004
2021-08-17 20:00:00+00:00,30.4,31.950000000000003
2021-08-17 21:00:00+00:00,30.425,32.025
2021-08-17 22:00:00+00:00,30.45,32.125
2021-08-17 23:00:00+00:00,30.474999999999998,32.225
2021-08-18 00:00:00+00:00,30.349999999999998,32.275
2021-08-18 01:00:00+00:00,29.9,32.075
2021-08-18 02:00:00+00:00,29.825000000000003,31.975
2021-08-18 03:00:00+00:00,29.725,31.825
2021-08-18 04:00:00+00:00,29.775,31.75
2021-08-18 05:00:00+00:00,29.675,31.65
2021-08-18 06:00:00+00:00,29.724999999999998,31.474999999999998
2021-08-18 07:00:00+00:00,29.65,31.35
2021-08-18 08:00:00+00:00,29.525,31.200000000000003
2021-08-18 09:00:00+00:00,29.525,31.05
2021-08-18 10:00:00+00:00,29.65,30.975
2021-08-18 11:00:00+00:00,29.700000000000003,30.9
2021-08-18 12:00:00+00:00,29.5,30.775
2021-08-18 13:00:00+00:00,29.775,30.800000000000004
2021-08-18 14:00:00+00:00,30.15,30.85
2021-08-18 15:00:00+00:00,30.424999999999997,30.950000000000003
2021-08-18 16:00:00+00:00,30.675,31.125
2021-08-18 17:00:00+00:00,30.825,31.2
2021-08-18 18:00:00+00:00,30.975,31.425
2021-08-18 19:00:00+00:00,30.65,31.575000000000003
2021-08-18 20:00:00+00:00,30.950000000000003,31.650000000000002
2021-08-18 21:00:00+00:00,31.0,31.75
2021-08-18 22:00:00+00:00,31.0,31.875
2021-08-18 23:00:00+00:00,30.924999999999997,31.975
2021-08-19 00:00:00+00:00,30.575000000000003,31.925
2021-08-19 01:00:00+00:00,30.5,31.875
2021-08-19 02:00:00+00:00,30.325,31.675
2021-08-19 03:00:00+00:00,30.275,31.6
2021-08-19 04:00:00+00:00,30.175,31.45
2021-08-19 05:00:00+00:00,30.0,31.225
2021-08-19 06:00:00+00:00,29.95,31.05
2021-08-19 07:00:00+00:00,29.799999999999997,30.95
2021-08-19 08:00:00+00:00,29.675000000000004,30.799999999999997
2021-08-19 09:00:00+00:00,29.575,30.700000000000003
2021-08-19 10:00:00+00:00,29.424999999999997,30.65
2021-08-19 11:00:00+00:00,29.4,30.5
2021-08-19 12:00:00+00:00,29.325,30.375
2021-08-19 13:00:00+00:00,29.525,30.35
2021-08-19 14:00:00+00:00,29.9,30.324999999999996
2021-08-19 15:00:00+00:00,30.15,30.4
2021-08-19 16:00:00+00:00,30.4,30.525000000000002
2021-08-19 17:00:00+00:00,30.625,30.625
2021-08-19 18:00:00+00:00,30.675,30.750000000000004
2021-08-19 19:00:00+00:00,30.85,30.974999999999998
2021-08-19 20:00:00+00:00,30.85,31.15
2021-08-19 21:00:00+00:00,30.775,31.4
2021-08-19 22:00:00+00:00,30.7,31.7
2021-08-19 23:00:00+00:00,30.675,31.9
2021-08-20 00:00:00+00:00,30.45,31.999999999999996
2021-08-20 01:00:00+00:00,30.075,31.85
2021-08-20 02:00:00+00:00,29.875,31.574999999999996
2021-08-20 03:00:00+00:00,29.875,31.575000000000003
2021-08-20 04:00:00+00:00,29.85,31.375
2021-08-20 05:00:00+00:00,29.75,31.349999999999998
2021-08-20 06:00:00+00:00,29.75,31.325
2021-08-20 07:00:00+00:00,29.775,31.225
2021-08-20 08:00:00+00:00,29.65,30.950000000000003
2021-08-20 09:00:00+00:00,29.400000000000002,30.875
2021-08-20 10:00:00+00:00,29.299999999999997,30.749999999999996
2021-08-20 11:00:00+00:00,29.2,30.825
2021-08-20 12:00:00+00:00,29.025,30.6
2021-08-20 13:00:00+00:00,29.25,30.625
2021-08-20 14:00:00+00:00,29.75,30.65
2021-08-20 15:00:00+00:00,30.025,30.65
2021-08-20 16:00:00+00:00,30.175,30.775
2021-08-20 17:00:00+00:00,30.574999999999996,30.95
2021-08-20 18:00:00+00:00,30.525,31.125
2021-08-20 19:00:00+00:00,30.725,31.4
2021-08-20 20:00:00+00:00,30.75,31.75
2021-08-20 21:00:00+00:00,30.7,32.075
2021-08-20 22:00:00+00:00,30.8,32.275000000000006
2021-08-20 23:00:00+00:00,30.849999999999998,32.25
2021-08-21 00:00:00+00:00,30.45,32.125
2021-08-21 01:00:00+00:00,29.974999999999998,31.95
2021-08-21 02:00:00+00:00,29.675,31.75
2021-08-21 03:00:00+00:00,30.025,31.575000000000003
2021-08-21 04:00:00+00:00,29.9,31.475
2021-08-21 05:00:00+00:00,29.7,31.249999999999996
2021-08-21 06:00:00+00:00,29.575000000000003,31.15
2021-08-21 07:00:00+00:00,29.55,31.075
2021-08-21 08:00:00+00:00,29.425,30.975
2021-08-21 09:00:00+00:00,29.375,30.925
2021-08-21 10:00:00+00:00,29.300000000000004,30.85
2021-08-21 11:00:00+00:00,29.3,30.75
2021-08-21 12:00:00+00:00,29.25,30.725
2021-08-21 13:00:00+00:00,29.475,30.674999999999997
2021-08-21 14:00:00+00:00,29.950000000000003,30.725
2021-08-21 15:00:00+00:00,30.325,30.775
2021-08-21 16:00:00+00:00,30.425,30.85
2021-08-21 17:00:00+00:00,30.55,31.125
2021-08-21 18:00:00+00:00,30.550000000000004,31.25
2021-08-21 19:00:00+00:00,30.75,31.400000000000002
2021-08-21 20:00:00+00:00,30.825,31.575
2021-08-21 21:00:00+00:00,30.825000000000003,31.75
2021-08-21 22:00:00+00:00,30.724999999999998,31.925
2021-08-21 23:00:00+00:00,30.6,32.074999999999996
2021-08-22 00:00:00+00:00,30.5,32.050000000000004
2021-08-22 01:00:00+00:00,29.974999999999998,31.95
2021-08-22 02:00:00+00:00,29.675,31.775
2021-08-22 03:00:00+00:00,29.625,31.700000000000003
2021-08-22 04:00:00+00:00,29.4,31.325000000000003
2021-08-22 05:00:00+00:00,29.175,31.15
2021-08-22 06:00:00+00:00,29.125,31.05
2021-08-22 07:00:00+00:00,29.049999999999997,30.924999999999997
2021-08-22 08:00:00+00:00,28.924999999999997,30.825
2021-08-22 09:00:00+00:00,28.775000000000002,30.575
2021-08-22 10:00:00+00:00,28.55,30.375
2021-08-22 11:00:00+00:00,28.525,30.325
2021-08-22 12:00:00+00:00,28.575000000000003,30.375000000000004
2021-08-22 13:00:00+00:00,29.15,30.125
2021-08-22 14:00:00+00:00,29.650000000000002,30.275
2021-08-22 15:00:00+00:00,29.925,30.275
2021-08-22 16:00:00+00:00,30.025,30.625
2021-08-22 17:00:00+00:00,30.15,30.825000000000003
2021-08-22 18:00:00+00:00,30.25,31.224999999999998
2021-08-22 19:00:00+00:00,30.35,31.45
2021-08-22 20:00:00+00:00,30.424999999999997,31.675
2021-08-22 21:00:00+00:00,30.6,31.825000000000003
2021-08-22 22:00:00+00:00,30.525,32.050000000000004
2021-08-22 23:00:00+00:00,30.4,32.15
2021-08-23 00:00:00+00:00,30.175,32.224999999999994
2021-08-23 01:00:00+00:00,29.650000000000002,32.050000000000004
2021-08-23 02:00:00+00:00,29.275,31.9
2021-08-23 03:00:00+00:00,29.0,31.724999999999998
2021-08-23 04:00:00+00:00,28.825000000000003,31.549999999999997
2021-08-23 05:00:00+00:00,28.925,31.325
2021-08-23 06:00:00+00:00,28.900000000000002,31.125
2021-08-23 07:00:00+00:00,28.75,30.925
2021-08-23 08:00:00+00:00,28.800000000000004,30.75
2021-08-23 09:00:00+00:00,28.775,30.674999999999997
2021-08-23 10:00:00+00:00,28.6,30.525
2021-08-23 11:00:00+00:00,28.325000000000003,30.25
2021-08-23 12:00:00+00:00,28.3,30.200000000000003
2021-08-23 13:00:00+00:00,29.025000000000002,30.175000000000004
2021-08-23 14:00:00+00:00,29.65,30.25
2021-08-23 15:00:00+00:00,29.95,30.249999999999996
2021-08-23 16:00:00+00:00,30.05,30.525
2021-08-23 17:00:00+00:00,30.325000000000003,30.924999999999997
2021-08-23 18:00:00+00:00,30.55,31.424999999999997
2021-08-23 19:00:00+00:00,30.625,31.775
2021-08-23 20:00:00+00:00,30.724999999999998,32.025
2021-08-23 21:00:00+00:00,30.95,32.375
2021-08-23 22:00:00+00:00,30.900000000000002,32.6
2021-08-23 23:00:00+00:00,30.825000000000003,32.6
2021-08-24 00:00:00+00:00,30.6,32.675
2021-08-24 01:00:00+00:00,30.125,32.65
2021-08-24 02:00:00+00:00,29.85,32.35
2021-08-24 03:00:00+00:00,29.725,32.175000000000004
2021-08-24 04:00:00+00:00,29.575,31.950000000000003
2021-08-24 05:00:00+00:00,29.4,31.775
2021-08-24 06:00:00+00:00,29.4,31.575000000000003
2021-08-24 07:00:00+00:00,29.275,31.35
2021-08-24 08:00:00+00:00,29.224999999999998,31.175
2021-08-24 09:00:00+00:00,29.125,31.125
2021-08-24 10:00:00+00:00,29.049999999999997,30.974999999999998
2021-08-24 11:00:00+00:00,28.95,30.775
2021-08-24 12:00:00+00:00,28.5,30.525000000000002
2021-08-24 13:00:00+00:00,29.225,30.5
2021-08-24 14:00:00+00:00,29.75,30.549999999999997
2021-08-24 15:00:00+00:00,30.025000000000002,30.65
2021-08-24 16:00:00+00:00,30.325,31.0
2021-08-24 17:00:00+00:00,30.625,31.4
2021-08-24 18:00:00+00:00,30.675,31.900000000000002
2021-08-24 19:00:00+00:00,30.95,32.25
2021-08-24 20:00:00+00:00,30.75,32.75
2021-08-24 21:00:00+00:00,30.775,33.0
2021-08-24 22:00:00+00:00,30.875,33.15
2021-08-24 23:00:00+00:00,30.675,33.275000000000006
2021-08-25 00:00:00+00:00,30.55,33.15
2021-08-25 01:00:00+00:00,30.0,32.925
2021-08-25 02:00:00+00:00,29.8,32.775
2021-08-25 03:00:00+00:00,29.675,32.65
2021-08-25 04:00:00+00:00,29.7,32.474999999999994
2021-08-25 05:00:00+00:00,29.474999999999998,32.275
2021-08-25 06:00:00+00:00,29.375,31.924999999999997
2021-08-25 07:00:00+00:00,29.25,31.65
2021-08-25 08:00:00+00:00,28.975,31.550000000000004
2021-08-25 09:00:00+00:00,29.125,31.45
2021-08-25 10:00:00+00:00,28.7,31.424999999999997
2021-08-25 11:00:00+00:00,28.625000000000004,31.25
2021-08-25 12:00:00+00:00,28.75,31.0
2021-08-25 13:00:00+00:00,28.9,30.924999999999997
2021-08-25 14:00:00+00:00,29.75,30.925
2021-08-25 15:00:00+00:00,30.25,31.0
2021-08-25 16:00:00+00:00,30.425000000000004,31.375
2021-08-25 17:00:00+00:00,30.65,31.949999999999996
2021-08-25 18:00:00+00:00,30.675,32.325
2021-08-25 19:00:00+00:00,30.933333333333334,33.300000000000004
2021-08-25 20:00:00+00:00,30.833333333333332,33.43333333333333
2021-08-25 21:00:00+00:00,30.96666666666667,34.0
2021-08-25 22:00:00+00:00,30.96666666666667,34.13333333333333
2021-08-25 23:00:00+00:00,31.1,33.375
2021-08-26 00:00:00+00:00,30.674999999999997,33.275000000000006
2021-08-26 01:00:00+00:00,30.125,33.075
2021-08-26 02:00:00+00:00,29.85,32.900000000000006
2021-08-26 03:00:00+00:00,29.55,32.75
2021-08-26 04:00:00+00:00,29.574999999999996,32.675
2021-08-26 05:00:00+00:00,29.45,32.400000000000006
2021-08-26 06:00:00+00:00,29.35,32.349999999999994
2021-08-26 07:00:00+00:00,29.075,32.150000000000006
2021-08-26 08:00:00+00:00,28.499999999999996,32.025
2021-08-26 09:00:00+00:00,28.45,31.875
2021-08-26 10:00:00+00:00,27.174999999999997,31.775
2021-08-26 11:00:00+00:00,26.85,31.65
2021-08-26 12:00:00+00:00,26.85,31.375
2021-08-26 13:00:00+00:00,26.825,31.1
2021-08-26 14:00:00+00:00,27.975,30.9
2021-08-26 15:00:00+00:00,28.949999999999996,30.950000000000003
2021-08-26 16:00:00+00:00,29.525,31.25
2021-08-26 17:00:00+00:00,30.200000000000003,31.700000000000003
2021-08-26 18:00:00+00:00,30.15,32.075
2021-08-26 19:00:00+00:00,28.7,32.25
2021-08-26 20:00:00+00:00,28.950000000000003,32.225
2021-08-26 21:00:00+00:00,29.075000000000003,32.225
2021-08-26 22:00:00+00:00,29.299999999999997,32.15
2021-08-26 23:00:00+00:00,29.65,32.25
2021-08-27 00:00:00+00:00,29.7,32.175
2021-08-27 01:00:00+00:00,29.15,32.125
2021-08-27 02:00:00+00:00,28.875000000000004,32.025
2021-08-27 03:00:00+00:00,28.799999999999997,31.875
2021-08-27 04:00:00+00:00,28.574999999999996,31.775
2021-08-27 05:00:00+00:00,28.575,31.699999999999996
2021-08-27 06:00:00+00:00,28.35,31.700000000000003
2021-08-27 07:00:00+00:00,28.075,31.6
2021-08-27 08:00:00+00:00,27.550000000000004,31.550000000000004
2021-08-27 09:00:00+00:00,26.525000000000002,31.325
2021-08-27 10:00:00+00:00,26.575000000000003,31.125
2021-08-27 11:00:00+00:00,25.450000000000003,30.85
2021-08-27 12:00:00+00:00,25.875,30.65
2021-08-27 13:00:00+00:00,26.075,30.575
2021-08-27 14:00:00+00:00,26.575000000000003,30.549999999999997
2021-08-27 15:00:00+00:00,27.225,30.574999999999996
2021-08-27 16:00:00+00:00,27.725,30.775
2021-08-27 17:00:00+00:00,28.1,30.825
2021-08-27 18:00:00+00:00,28.225,30.975
2021-08-27 19:00:00+00:00,28.475,31.225
2021-08-27 20:00:00+00:00,28.675,31.6
2021-08-27 21:00:00+00:00,28.775000000000002,31.699999999999996
2021-08-27 22:00:00+00:00,29.025,31.75
2021-08-27 23:00:00+00:00,29.025,31.8
2021-08-28 00:00:00+00:00,28.75,31.725
2021-08-28 01:00:00+00:00,28.35,31.525
2021-08-28 02:00:00+00:00,27.625,31.4
2021-08-28 03:00:00+00:00,27.55,31.2
2021-08-28 04:00:00+00:00,27.775,31.125
2021-08-28 05:00:00+00:00,27.75,31.0
2021-08-28 06:00:00+00:00,28.025,30.9
2021-08-28 07:00:00+00:00,27.85,30.875
2021-08-28 08:00:00+00:00,27.799999999999997,30.9
2021-08-28 09:00:00+00:00,27.725,30.775
2021-08-28 10:00:00+00:00,27.125,30.625
2021-08-28 11:00:00+00:00,26.5,30.55
2021-08-28 12:00:00+00:00,25.775000000000002,30.450000000000003
2021-08-28 13:00:00+00:00,25.85,30.474999999999998
2021-08-28 14:00:00+00:00,26.75,30.200000000000003
2021-08-28 15:00:00+00:00,27.275,30.175000000000004
2021-08-28 16:00:00+00:00,27.7,30.325
2021-08-28 17:00:00+00:00,28.574999999999996,30.5
2021-08-28 18:00:00+00:00,28.05,30.8
2021-08-28 19:00:00+00:00,29.5,30.975
2021-08-28 20:00:00+00:00,28.924999999999997,31.3
2021-08-28 21:00:00+00:00,29.775,31.425
2021-08-28 22:00:00+00:00,29.85,31.55
2021-08-28 23:00:00+00:00,29.925000000000004,31.925
2021-08-29 00:00:00+00:00,29.799999999999997,31.95
2021-08-29 01:00:00+00:00,29.1,31.75
2021-08-29 02:00:00+00:00,28.875,31.624999999999996
2021-08-29 03:00:00+00:00,28.824999999999996,31.45
2021-08-29 04:00:00+00:00,28.725,31.275
2021-08-29 05:00:00+00:00,28.65,31.175
2021-08-29 06:00:00+00:00,28.6,31.0
2021-08-29 07:00:00+00:00,28.275,30.875
2021-08-29 08:00:00+00:00,27.775000000000002,31.000000000000004
2021-08-29 09:00:00+00:00,27.6,30.925
2021-08-29 10:00:00+00:00,27.500000000000004,30.875
2021-08-29 11:00:00+00:00,27.075000000000003,30.8
2021-08-29 12:00:00+00:00,26.75,30.625
2021-08-29 13:00:00+00:00,27.1,30.299999999999997
2021-08-29 14:00:00+00:00,27.425,30.325
2021-08-29 15:00:00+00:00,27.95,30.325
2021-08-29 16:00:00+00:00,28.55,30.525
2021-08-29 17:00:00+00:00,29.475,30.825000000000003
2021-08-29 18:00:00+00:00,29.200000000000003,31.050000000000004
2021-08-29 19:00:00+00:00,30.075,31.424999999999997
2021-08-29 20:00:00+00:00,30.7,32.0
2021-08-29 21:00:00+00:00,31.325000000000003,32.325
2021-08-29 22:00:00+00:00,31.075,32.8
2021-08-29 23:00:00+00:00,30.975,32.925
2021-08-30 00:00:00+00:00,31.049999999999997,32.800000000000004
2021-08-30 01:00:00+00:00,30.1,32.65
2021-08-30 02:00:00+00:00,29.8,32.55
2021-08-30 03:00:00+00:00,29.7,32.449999999999996
2021-08-30 04:00:00+00:00,29.549999999999997,32.175
2021-08-30 05:00:00+00:00,29.35,31.974999999999994
2021-08-30 06:00:00+00:00,29.175,31.800000000000004
2021-08-30 07:00:00+00:00,28.9,31.575000000000003
2021-08-30 08:00:00+00:00,28.15,31.450000000000003
2021-08-30 09:00:00+00:00,27.625,31.35
2021-08-30 10:00:00+00:00,27.125000000000004,31.325
2021-08-30 11:00:00+00:00,26.4,31.224999999999998
2021-08-30 12:00:00+00:00,26.25,31.150000000000002
2021-08-30 13:00:00+00:00,26.700000000000003,31.025
2021-08-30 14:00:00+00:00,27.625,31.025
2021-08-30 15:00:00+00:00,28.574999999999996,31.075
2021-08-30 16:00:00+00:00,30.0,31.174999999999997
2021-08-30 17:00:00+00:00,30.975,31.35
2021-08-30 18:00:00+00:00,31.3,31.75
2021-08-30 19:00:00+00:00,31.475,32.15
2021-08-30 20:00:00+00:00,32.15,32.625
2021-08-30 21:00:00+00:00,32.1,33.025
2021-08-30 22:00:00+00:00,31.9,33.2
2021-08-30 23:00:00+00:00,31.825000000000003,33.3
2021-08-31 00:00:00+00:00,31.424999999999997,33.3
2021-08-31 01:00:00+00:00,30.575,33.05
2021-08-31 02:00:00+00:00,30.150000000000002,32.875
2021-08-31 03:00:00+00:00,29.825000000000003,32.6
2021-08-31 04:00:00+00:00,29.675,32.175
2021-08-31 05:00:00+00:00,29.450000000000003,31.725
2021-08-31 06:00:00+00:00,29.375,31.525
2021-08-31 07:00:00+00:00,29.275,31.375
2021-08-31 08:00:00+00:00,29.225,31.25
2021-08-31 09:00:00+00:00,28.974999999999998,31.224999999999998
2021-08-31 10:00:00+00:00,28.825,31.325000000000003
2021-08-31 11:00:00+00:00,28.125,31.225
2021-08-31 12:00:00+00:00,27.099999999999998,31.225
2021-08-31 13:00:00+00:00,26.974999999999998,31.049999999999997
2021-08-31 14:00:00+00:00,28.375,31.0
2021-08-31 15:00:00+00:00,29.125,30.85
2021-08-31 16:00:00+00:00,29.45,30.950000000000003
2021-08-31 17:00:00+00:00,29.900000000000002,31.299999999999997
2021-08-31 18:00:00+00:00,30.400000000000002,31.974999999999998
2021-08-31 19:00:00+00:00,30.575,32.5
2021-08-31 20:00:00+00:00,30.874999999999996,32.6
2021-08-31 21:00:00+00:00,30.975,32.75
2021-08-31 22:00:00+00:00,31.075000000000003,33.099999999999994
2021-08-31 23:00:00+00:00,30.924999999999997,33.1
2021-09-01 00:00:00+00:00,30.5,33.175
2021-09-01 01:00:00+00:00,30.15,32.949999999999996
2021-09-01 02:00:00+00:00,30.0,32.8
2021-09-01 03:00:00+00:00,30.025000000000002,32.55
2021-09-01 04:00:00+00:00,29.975,32.35
2021-09-01 05:00:00+00:00,29.925,32.1
2021-09-01 06:00:00+00:00,29.874999999999996,32.0
2021-09-01 07:00:00+00:00,29.875000000000004,31.675
2021-09-01 08:00:00+00:00,29.675,31.6
2021-09-01 09:00:00+00:00,29.7,31.4
2021-09-01 10:00:00+00:00,29.699999999999996,31.375
2021-09-01 11:00:00+00:00,29.474999999999998,31.35
2021-09-01 12:00:00+00:00,29.699999999999996,31.275
2021-09-01 13:00:00+00:00,29.599999999999998,31.325000000000003
2021-09-01 14:00:00+00:00,29.875,31.325000000000003
2021-09-01 15:00:00+00:00,30.45,31.375
2021-09-01 16:00:00+00:00,30.900000000000002,31.525
2021-09-01 17:00:00+00:00,31.075000000000003,31.65
2021-09-01 18:00:00+00:00,31.3,31.85
2021-09-01 19:00:00+00:00,30.900000000000002,32.075
2021-09-01 20:00:00+00:00,30.9,32.175
2021-09-01 21:00:00+00:00,30.849999999999998,32.224999999999994
2021-09-01 22:00:00+00:00,30.925,32.325
2021-09-01 23:00:00+00:00,30.825,32.4
2021-09-02 00:00:00+00:00,30.55,32.4
2021-09-02 01:00:00+00:00,30.200000000000003,32.324999999999996
2021-09-02 02:00:00+00:00,30.05,32.150000000000006
2021-09-02 03:00:00+00:00,29.975,32.0
2021-09-02 04:00:00+00:00,29.825,31.825
2021-09-02 05:00:00+00:00,29.65,31.85
2021-09-02 06:00:00+00:00,29.525,31.725
2021-09-02 07:00:00+00:00,29.549999999999997,31.5
2021-09-02 08:00:00+00:00,29.45,31.349999999999998
2021-09-02 09:00:00+00:00,29.450000000000003,31.325000000000003
2021-09-02 10:00:00+00:00,29.400000000000002,31.299999999999997
2021-09-02 11:00:00+00:00,29.299999999999997,31.3
2021-09-02 12:00:00+00:00,29.174999999999997,31.275
2021-09-02 13:00:00+00:00,29.5,31.200000000000003
2021-09-02 14:00:00+00:00,29.924999999999997,31.200000000000003
2021-09-02 15:00:00+00:00,30.225,31.200000000000003
2021-09-02 16:00:00+00:00,30.6,31.3
2021-09-02 17:00:00+00:00,30.75,31.525000000000002
2021-09-02 18:00:00+00:00,31.125,31.9
2021-09-02 19:00:00+00:00,30.975,32.050000000000004
2021-09-02 20:00:00+00:00,31.0,32.375
2021-09-02 21:00:00+00:00,31.1,32.425
2021-09-02 22:00:00+00:00,30.775000000000002,32.575
2021-09-02 23:00:00+00:00,30.675,32.675
2021-09-03 00:00:00+00:00,30.575,32.5
2021-09-03 01:00:00+00:00,29.950000000000003,32.4
2021-09-03 02:00:00+00:00,29.875,32.25
2021-09-03 03:00:00+00:00,29.625,32.125
2021-09-03 04:00:00+00:00,29.875,31.975
2021-09-03 05:00:00+00:00,29.7,31.066666666666663
2021-09-03 06:00:00+00:00,29.549999999999997,31.75
2021-09-03 07:00:00+00:00,29.300000000000004,31.625
2021-09-03 08:00:00+00:00,29.275,31.525000000000006
2021-09-03 09:00:00+00:00,29.35,31.45
2021-09-03 10:00:00+00:00,29.325,31.375
2021-09-03 11:00:00+00:00,28.525,31.099999999999998
2021-09-03 12:00:00+00:00,28.775000000000002,31.049999999999997
2021-09-03 13:00:00+00:00,28.9,31.1
2021-09-03 14:00:00+00:00,29.450000000000003,31.0
2021-09-03 15:00:00+00:00,27.825,31.025
2021-09-03 16:00:00+00:00,26.375,30.950000000000003
2021-09-03 17:00:00+00:00,27.675,30.925000000000004
2021-09-03 18:00:00+00:00,28.875,31.075
2021-09-03 19:00:00+00:00,29.924999999999997,31.299999999999997
2021-09-03 20:00:00+00:00,30.425,32.125
2021-09-03 21:00:00+00:00,30.875,32.6
2021-09-03 22:00:00+00:00,30.775,32.675
2021-09-03 23:00:00+00:00,30.8,32.6
2021-09-04 00:00:00+00:00,30.4,32.475
2021-09-04 01:00:00+00:00,29.75,32.275
2021-09-04 02:00:00+00:00,29.65,32.15
2021-09-04 03:00:00+00:00,29.425,31.925
2021-09-04 04:00:00+00:00,29.45,31.8
2021-09-04 05:00:00+00:00,29.450000000000003,31.649999999999995
2021-09-04 06:00:00+00:00,29.375,31.6
2021-09-04 07:00:00+00:00,29.3,31.35
2021-09-04 08:00:00+00:00,29.125,31.0
2021-09-04 09:00:00+00:00,28.924999999999997,30.900000000000002
2021-09-04 10:00:00+00:00,28.875,30.825
2021-09-04 11:00:00+00:00,29.05,30.75
2021-09-04 12:00:00+00:00,28.825,30.700000000000003
2021-09-04 13:00:00+00:00,28.95,30.45
2021-09-04 14:00:00+00:00,29.65,30.5
2021-09-04 15:00:00+00:00,30.025,30.625
2021-09-04 16:00:00+00:00,30.275,30.825000000000003
2021-09-04 17:00:00+00:00,30.525,31.025
2021-09-04 18:00:00+00:00,30.75,31.275000000000002
2021-09-04 19:00:00+00:00,30.725,31.325
2021-09-04 20:00:00+00:00,30.799999999999997,31.749999999999996
2021-09-04 21:00:00+00:00,30.775,32.125
2021-09-04 22:00:00+00:00,30.775,32.275000000000006
2021-09-04 23:00:00+00:00,30.525,32.075
2021-09-05 00:00:00+00:00,,
2021-09-05 01:00:00+00:00,29.9,31.9
2021-09-05 02:00:00+00:00,29.675,31.799999999999997
2021-09-05 03:00:00+00:00,29.475,31.7
2021-09-05 04:00:00+00:00,29.425,31.575
2021-09-05 05:00:00+00:00,29.025,31.375
2021-09-05 06:00:00+00:00,28.9,31.25
2021-09-05 07:00:00+00:00,28.650000000000002,31.125
2021-09-05 08:00:00+00:00,28.475,30.825000000000003
2021-09-05 09:00:00+00:00,28.325,30.625
2021-09-05 10:00:00+00:00,28.175,30.625
2021-09-05 11:00:00+00:00,28.049999999999997,30.525
2021-09-05 12:00:00+00:00,27.85,30.450000000000003
2021-09-05 13:00:00+00:00,27.925,30.424999999999997
2021-09-05 14:00:00+00:00,28.175,30.275
2021-09-05 15:00:00+00:00,28.925,30.375
2021-09-05 16:00:00+00:00,29.475,30.55
2021-09-05 17:00:00+00:00,29.85,30.799999999999997
2021-09-05 18:00:00+00:00,30.425,31.15
2021-09-05 19:00:00+00:00,30.95,31.325000000000003
2021-09-05 20:00:00+00:00,31.1,31.8
2021-09-05 21:00:00+00:00,30.849999999999998,32.25
2021-09-05 22:00:00+00:00,30.725,32.25
2021-09-05 23:00:00+00:00,30.425,32.425
2021-09-06 00:00:00+00:00,30.1,32.225
2021-09-06 01:00:00+00:00,29.6,31.95
2021-09-06 02:00:00+00:00,29.175,31.875
2021-09-06 03:00:00+00:00,29.025,31.800000000000004
2021-09-06 04:00:00+00:00,28.95,31.625
2021-09-06 05:00:00+00:00,28.925,31.549999999999997
2021-09-06 06:00:00+00:00,28.849999999999998,31.375
2021-09-06 07:00:00+00:00,28.700000000000003,31.175
2021-09-06 08:00:00+00:00,28.525,31.075
2021-09-06 09:00:00+00:00,28.575,30.849999999999998
2021-09-06 10:00:00+00:00,28.174999999999997,30.775
2021-09-06 11:00:00+00:00,27.575,30.674999999999997
2021-09-06 12:00:00+00:00,26.375,30.625
2021-09-06 13:00:00+00:00,26.299999999999997,30.525
2021-09-06 14:00:00+00:00,27.224999999999998,30.349999999999998
2021-09-06 15:00:00+00:00,28.075,30.45
2021-09-06 16:00:00+00:00,28.675,30.6
2021-09-06 17:00:00+00:00,29.25,30.85
2021-09-06 18:00:00+00:00,29.825000000000003,31.300000000000004
2021-09-06 19:00:00+00:00,30.475,31.825000000000003
2021-09-06 20:00:00+00:00,31.275000000000002,32.35
2021-09-06 21:00:00+00:00,31.15,32.6
2021-09-06 22:00:00+00:00,31.075,32.900000000000006
2021-09-06 23:00:00+00:00,31.05,33.1
2021-09-07 00:00:00+00:00,30.6,33.025000000000006
2021-09-07 01:00:00+00:00,30.125,32.7
2021-09-07 02:00:00+00:00,29.75,32.475
2021-09-07 03:00:00+00:00,29.6,32.325
2021-09-07 04:00:00+00:00,29.45,32.3
2021-09-07 05:00:00+00:00,29.200000000000003,32.099999999999994
2021-09-07 06:00:00+00:00,29.2,31.925
2021-09-07 07:00:00+00:00,29.0,31.75
2021-09-07 08:00:00+00:00,28.575,31.550000000000004
2021-09-07 09:00:00+00:00,28.375,31.474999999999998
2021-09-07 10:00:00+00:00,27.724999999999998,31.349999999999998
2021-09-07 11:00:00+00:00,27.5,31.275
2021-09-07 12:00:00+00:00,27.075,31.15
2021-09-07 13:00:00+00:00,27.174999999999997,30.974999999999998
2021-09-07 14:00:00+00:00,28.349999999999998,30.975
2021-09-07 15:00:00+00:00,28.525,30.925
2021-09-07 16:00:00+00:00,29.174999999999997,31.325
2021-09-07 17:00:00+00:00,29.799999999999997,31.45
2021-09-07 18:00:00+00:00,30.05,31.525
2021-09-07 19:00:00+00:00,30.625,31.75
2021-09-07 20:00:00+00:00,30.65,31.799999999999997
2021-09-07 21:00:00+00:00,30.55,31.725
2021-09-07 22:00:00+00:00,30.225,31.9
2021-09-07 23:00:00+00:00,29.900000000000002,32.050000000000004
2021-09-08 00:00:00+00:00,29.5,32.0
2021-09-08 01:00:00+00:00,29.25,31.625
2021-09-08 02:00:00+00:00,28.875,31.700000000000003
2021-09-08 03:00:00+00:00,28.775,31.45
2021-09-08 04:00:00+00:00,28.85,31.15
2021-09-08 05:00:00+00:00,28.7,31.1
2021-09-08 06:00:00+00:00,28.35,31.1
2021-09-08 07:00:00+00:00,27.925,30.925
2021-09-08 08:00:00+00:00,27.625,30.65
2021-09-08 09:00:00+00:00,26.549999999999997,30.375
2021-09-08 10:00:00+00:00,26.674999999999997,30.174999999999997
2021-09-08 11:00:00+00:00,26.324999999999996,30.025
2021-09-08 12:00:00+00:00,26.1,29.75
2021-09-08 13:00:00+00:00,26.6,29.6
2021-09-08 14:00:00+00:00,27.624999999999996,29.5
2021-09-08 15:00:00+00:00,28.424999999999997,29.849999999999998
2021-09-08 16:00:00+00:00,28.549999999999997,30.05
2021-09-08 17:00:00+00:00,29.375,30.475
2021-09-08 18:00:00+00:00,30.300000000000004,30.85
2021-09-08 19:00:00+00:00,30.375,31.224999999999998
2021-09-08 20:00:00+00:00,30.700000000000003,31.950000000000003
2021-09-08 21:00:00+00:00,30.450000000000003,32.225
2021-09-08 22:00:00+00:00,30.15,32.35
2021-09-08 23:00:00+00:00,30.025,32.3
2021-09-09 00:00:00+00:00,29.624999999999996,32.325
2021-09-09 01:00:00+00:00,28.8,32.1
2021-09-09 02:00:00+00:00,28.349999999999998,31.85
2021-09-09 03:00:00+00:00,28.2,31.625
2021-09-09 04:00:00+00:00,28.175000000000004,31.425
2021-09-09 05:00:00+00:00,27.725,31.200000000000003
2021-09-09 06:00:00+00:00,27.575,31.0
2021-09-09 07:00:00+00:00,26.85,30.775
2021-09-09 08:00:00+00:00,25.75,30.700000000000003
2021-09-09 09:00:00+00:00,24.75,30.424999999999997
2021-09-09 10:00:00+00:00,24.424999999999997,30.175
2021-09-09 11:00:00+00:00,24.225,30.0
2021-09-09 12:00:00+00:00,24.0,29.675
2021-09-09 13:00:00+00:00,24.35,29.125
2021-09-09 14:00:00+00:00,25.65,29.000000000000004
2021-09-09 15:00:00+00:00,27.275000000000002,29.25
2021-09-09 16:00:00+00:00,28.75,29.475
2021-09-09 17:00:00+00:00,29.975,29.75
2021-09-09 18:00:00+00:00,30.166666666666668,30.066666666666666
2021-09-09 19:00:00+00:00,31.725,30.775
2021-09-09 20:00:00+00:00,32.5,31.174999999999997
2021-09-09 21:00:00+00:00,32.5,31.425
2021-09-09 22:00:00+00:00,32.4,31.650000000000006
2021-09-09 23:00:00+00:00,31.400000000000002,31.975
2021-09-10 00:00:00+00:00,30.825,31.925000000000004
2021-09-10 01:00:00+00:00,29.974999999999998,31.875
2021-09-10 02:00:00+00:00,29.525,31.725
2021-09-10 03:00:00+00:00,29.35,31.575
2021-09-10 04:00:00+00:00,28.950000000000003,31.400000000000002
2021-09-10 05:00:00+00:00,28.65,31.125
2021-09-10 06:00:00+00:00,28.45,30.8
2021-09-10 07:00:00+00:00,28.549999999999997,30.8
2021-09-10 08:00:00+00:00,28.0,30.6
2021-09-10 09:00:00+00:00,27.375,30.450000000000003
2021-09-10 10:00:00+00:00,27.025000000000002,30.275
2021-09-10 11:00:00+00:00,26.1,30.25
2021-09-10 12:00:00+00:00,25.8,30.099999999999998
2021-09-10 13:00:00+00:00,26.25,29.775
2021-09-10 14:00:00+00:00,27.275,29.525000000000002
2021-09-10 15:00:00+00:00,28.225,29.700000000000003
2021-09-10 16:00:00+00:00,29.2,30.025
2021-09-10 17:00:00+00:00,29.95,30.400000000000002
2021-09-10 18:00:00+00:00,30.225,30.799999999999997
2021-09-10 19:00:00+00:00,30.325,31.075000000000003
2021-09-10 20:00:00+00:00,30.35,31.3
2021-09-10 21:00:00+00:00,30.175,31.4
2021-09-10 22:00:00+00:00,29.8,31.45
2021-09-10 23:00:00+00:00,29.375,31.275
2021-09-11 00:00:00+00:00,28.875000000000004,31.025000000000002
2021-09-11 01:00:00+00:00,28.124999999999996,30.75
2021-09-11 02:00:00+00:00,27.625,30.575000000000003
2021-09-11 03:00:00+00:00,27.375,30.35
2021-09-11 04:00:00+00:00,27.1,30.15
2021-09-11 05:00:00+00:00,26.825,29.925
2021-09-11 06:00:00+00:00,26.35,29.9
2021-09-11 07:00:00+00:00,26.05,29.75
2021-09-11 08:00:00+00:00,25.975,29.65
2021-09-11 09:00:00+00:00,25.7,29.275000000000002
2021-09-11 10:00:00+00:00,25.05,29.15
2021-09-11 11:00:00+00:00,24.474999999999998,28.9
2021-09-11 12:00:00+00:00,23.85,28.599999999999998
2021-09-11 13:00:00+00:00,24.1,28.275
2021-09-11 14:00:00+00:00,25.425,28.225
2021-09-11 15:00:00+00:00,26.6,28.325000000000003
2021-09-11 16:00:00+00:00,27.775,28.474999999999998
2021-09-11 17:00:00+00:00,28.65,28.849999999999998
2021-09-11 18:00:00+00:00,29.125,29.175
2021-09-11 19:00:00+00:00,29.25,29.525
2021-09-11 20:00:00+00:00,28.65,29.775
2021-09-11 21:00:00+00:00,28.85,29.949999999999996
2021-09-11 22:00:00+00:00,28.550000000000004,29.9
2021-09-11 23:00:00+00:00,28.275000000000002,29.775
2021-09-12 00:00:00+00:00,28.025,29.7
2021-09-12 01:00:00+00:00,27.549999999999997,29.6
2021-09-12 02:00:00+00:00,27.25,29.45
2021-09-12 03:00:00+00:00,26.8,29.35
2021-09-12 04:00:00+00:00,26.5,28.53333333333333
2021-09-12 05:00:00+00:00,27.1,29.175
2021-09-12 06:00:00+00:00,26.35,29.05
2021-09-12 07:00:00+00:00,26.375,28.924999999999997
2021-09-12 08:00:00+00:00,26.1,28.9
2021-09-12 09:00:00+00:00,26.325,28.95
2021-09-12 10:00:00+00:00,26.2,29.05
2021-09-12 11:00:00+00:00,25.55,28.95
2021-09-12 12:00:00+00:00,26.575,28.875
2021-09-12 13:00:00+00:00,26.075000000000003,28.650000000000002
2021-09-12 14:00:00+00:00,26.5,28.449999999999996
2021-09-12 15:00:00+00:00,26.4,28.5
2021-09-12 16:00:00+00:00,27.05,28.5
2021-09-12 17:00:00+00:00,27.85,28.625
2021-09-12 18:00:00+00:00,28.849999999999998,28.775
2021-09-12 19:00:00+00:00,28.775,28.999999999999996
2021-09-12 20:00:00+00:00,28.800000000000004,29.025
2021-09-12 21:00:00+00:00,28.525000000000002,29.049999999999997
2021-09-12 22:00:00+00:00,27.65,29.025
2021-09-12 23:00:00+00:00,27.700000000000003,28.975
2021-09-13 00:00:00+00:00,27.25,28.975
2021-09-13 01:00:00+00:00,26.625,28.85
2021-09-13 02:00:00+00:00,26.525,28.750000000000004
2021-09-13 03:00:00+00:00,26.625,28.6
2021-09-13 04:00:00+00:00,26.625,28.45
2021-09-13 05:00:00+00:00,26.9,28.45
2021-09-13 06:00:00+00:00,27.25,28.375
2021-09-13 07:00:00+00:00,26.7,28.375
2021-09-13 08:00:00+00:00,26.700000000000003,28.325
2021-09-13 09:00:00+00:00,26.75,28.3
2021-09-13 10:00:00+00:00,25.75,28.125
2021-09-13 11:00:00+00:00,25.95,28.049999999999997
2021-09-13 12:00:00+00:00,25.15,27.975
2021-09-13 13:00:00+00:00,24.75,27.975
2021-09-13 14:00:00+00:00,24.325000000000003,27.825
2021-09-13 15:00:00+00:00,25.000000000000004,27.7
2021-09-13 16:00:00+00:00,25.1,27.725
2021-09-13 17:00:00+00:00,25.424999999999997,27.75
2021-09-13 18:00:00+00:00,25.5,27.8
2021-09-13 19:00:00+00:00,26.275,27.874999999999996
2021-09-13 20:00:00+00:00,25.5,27.975
2021-09-13 21:00:00+00:00,24.900000000000002,27.975
2021-09-13 22:00:00+00:00,24.5,27.950000000000003
2021-09-13 23:00:00+00:00,23.275,27.75
2021-09-14 00:00:00+00:00,22.975,27.5
2021-09-14 01:00:00+00:00,23.025000000000002,27.200000000000003
2021-09-14 02:00:00+00:00,23.133333333333336,26.433333333333334
2021-09-14 03:00:00+00:00,23.200000000000003,26.775000000000002
2021-09-14 04:00:00+00:00,22.925,26.4
2021-09-14 05:00:00+00:00,22.875,26.175
2021-09-14 06:00:00+00:00,22.700000000000003,25.925
2021-09-14 07:00:00+00:00,22.950000000000003,25.674999999999997
2021-09-14 08:00:00+00:00,22.825,25.5
2021-09-14 09:00:00+00:00,22.775,25.4
2021-09-14 10:00:00+00:00,22.325,25.25
2021-09-14 11:00:00+00:00,22.325000000000003,25.175
2021-09-14 12:00:00+00:00,22.3,25.2
2021-09-14 13:00:00+00:00,22.25,25.05
2021-09-14 14:00:00+00:00,22.925,25.1
2021-09-14 15:00:00+00:00,24.475,25.15
2021-09-14 16:00:00+00:00,25.25,25.375
2021-09-14 17:00:00+00:00,26.125,25.650000000000002
2021-09-14 18:00:00+00:00,26.85,25.975
2021-09-14 19:00:00+00:00,27.8,26.450000000000003
2021-09-14 20:00:00+00:00,28.4,26.9
2021-09-14 21:00:00+00:00,28.9,27.25
2021-09-14 22:00:00+00:00,28.875000000000004,27.5
2021-09-14 23:00:00+00:00,28.825,27.85
2021-09-15 00:00:00+00:00,27.900000000000002,27.875
2021-09-15 01:00:00+00:00,26.525,27.825000000000003
2021-09-15 02:00:00+00:00,25.924999999999997,27.45
2021-09-15 03:00:00+00:00,25.599999999999998,27.424999999999997
2021-09-15 04:00:00+00:00,24.9,27.275
2021-09-15 05:00:00+00:00,24.3,27.125
2021-09-15 06:00:00+00:00,23.6,27.049999999999997
2021-09-15 07:00:00+00:00,23.25,27.025
2021-09-15 08:00:00+00:00,22.875,26.925
2021-09-15 09:00:00+00:00,22.775,26.900000000000002
2021-09-15 10:00:00+00:00,22.75,26.925
2021-09-15 11:00:00+00:00,22.875,26.875
2021-09-15 12:00:00+00:00,22.974999999999998,26.975
2021-09-15 13:00:00+00:00,23.174999999999997,26.85
2021-09-15 14:00:00+00:00,23.475,26.775
2021-09-15 15:00:00+00:00,23.85,26.75
2021-09-15 16:00:00+00:00,24.275000000000002,26.8
2021-09-15 17:00:00+00:00,24.725,26.775
2021-09-15 18:00:00+00:00,25.35,26.9
2021-09-15 19:00:00+00:00,26.075,27.049999999999997
2021-09-15 20:00:00+00:00,26.475,27.125
2021-09-15 21:00:00+00:00,26.674999999999997,27.325000000000003
2021-09-15 22:00:00+00:00,26.825000000000003,27.424999999999997
2021-09-15 23:00:00+00:00,27.0,27.525000000000002
2021-09-16 00:00:00+00:00,26.9,27.5
2021-09-16 01:00:00+00:00,26.525,27.475
2021-09-16 02:00:00+00:00,26.3,27.425
2021-09-16 03:00:00+00:00,25.974999999999998,27.35
2021-09-16 04:00:00+00:00,25.4,27.325000000000003
2021-09-16 05:00:00+00:00,24.799999999999997,27.299999999999997
2021-09-16 06:00:00+00:00,24.275,27.224999999999998
2021-09-16 07:00:00+00:00,23.375,27.2
2021-09-16 08:00:00+00:00,23.275,27.175
2021-09-16 09:00:00+00:00,23.275,27.05
2021-09-16 10:00:00+00:00,23.1,26.975
2021-09-16 11:00:00+00:00,22.825,27.200000000000003
2021-09-16 12:00:00+00:00,22.625,27.25
2021-09-16 13:00:00+00:00,22.625,27.275
2021-09-16 14:00:00+00:00,23.650000000000002,27.15
2021-09-16 15:00:00+00:00,24.5,27.075
2021-09-16 16:00:00+00:00,25.633333333333336,27.333333333333332
2021-09-16 17:00:00+00:00,26.53333333333333,27.5
2021-09-16 18:00:00+00:00,27.333333333333332,27.666666666666668
2021-09-16 19:00:00+00:00,28.033333333333335,28.03333333333333
2021-09-16 20:00:00+00:00,28.6,28.1
2021-09-16 21:00:00+00:00,29.075000000000003,28.075
2021-09-16 22:00:00+00:00,28.375000000000004,28.200000000000003
2021-09-16 23:00:00+00:00,28.125,29.025
2021-09-17 00:00:00+00:00,27.7,28.925
2021-09-17 01:00:00+00:00,27.275,28.825
2021-09-17 02:00:00+00:00,26.95,28.674999999999997
2021-09-17 03:00:00+00:00,26.925,28.549999999999997
2021-09-17 04:00:00+00:00,26.85,28.475
2021-09-17 05:00:00+00:00,26.349999999999998,28.275
2021-09-17 06:00:00+00:00,26.174999999999997,28.275
2021-09-17 07:00:00+00:00,26.175,28.325
2021-09-17 08:00:00+00:00,26.125,28.35
2021-09-17 09:00:00+00:00,25.900000000000002,28.3
2021-09-17 10:00:00+00:00,25.65,28.275
2021-09-17 11:00:00+00:00,25.200000000000003,28.3
2021-09-17 12:00:00+00:00,24.775000000000002,28.325
2021-09-17 13:00:00+00:00,25.325000000000003,28.199999999999996
2021-09-17 14:00:00+00:00,26.725,28.175
2021-09-17 15:00:00+00:00,27.450000000000003,28.174999999999997
2021-09-17 16:00:00+00:00,27.549999999999997,28.3
2021-09-17 17:00:00+00:00,27.925,28.6
2021-09-17 18:00:00+00:00,28.4,28.9
2021-09-17 19:00:00+00:00,29.125,29.575
2021-09-17 20:00:00+00:00,29.224999999999998,29.724999999999998
2021-09-17 21:00:00+00:00,29.4,30.125
2021-09-17 22:00:00+00:00,29.55,29.925000000000004
2021-09-17 23:00:00+00:00,29.75,29.8
2021-09-18 00:00:00+00:00,29.55,30.200000000000003
2021-09-18 01:00:00+00:00,28.675,30.275
2021-09-18 02:00:00+00:00,28.275,30.450000000000003
2021-09-18 03:00:00+00:00,28.0,30.275000000000002
2021-09-18 04:00:00+00:00,27.775,30.1
2021-09-18 05:00:00+00:00,27.65,29.95
2021-09-18 06:00:00+00:00,27.450000000000003,29.8
2021-09-18 07:00:00+00:00,27.424999999999997,29.674999999999997
2021-09-18 08:00:00+00:00,27.375,29.55
2021-09-18 09:00:00+00:00,27.125,29.699999999999996
2021-09-18 10:00:00+00:00,26.674999999999997,29.65
2021-09-18 11:00:00+00:00,25.674999999999997,29.45
2021-09-18 12:00:00+00:00,25.525000000000002,29.325000000000003
2021-09-18 13:00:00+00:00,25.799999999999997,29.174999999999997
2021-09-18 14:00:00+00:00,26.724999999999998,29.099999999999998
2021-09-18 15:00:00+00:00,27.625,29.125
2021-09-18 16:00:00+00:00,28.475,29.325
2021-09-18 17:00:00+00:00,28.700000000000003,29.475
2021-09-18 18:00:00+00:00,29.825,29.875
2021-09-18 19:00:00+00:00,29.95,30.225
2021-09-18 20:00:00+00:00,31.025000000000002,30.799999999999997
2021-09-18 21:00:00+00:00,29.525000000000002,30.625
2021-09-18 22:00:00+00:00,27.725,31.075000000000003
2021-09-18 23:00:00+00:00,27.574999999999996,31.300000000000004
2021-09-19 00:00:00+00:00,27.900000000000002,31.175
2021-09-19 01:00:00+00:00,28.075000000000003,31.0
2021-09-19 02:00:00+00:00,27.6,30.875
2021-09-19 03:00:00+00:00,27.725,30.825000000000003
2021-09-19 04:00:00+00:00,27.700000000000003,30.700000000000003
2021-09-19 05:00:00+00:00,28.000000000000004,30.450000000000003
2021-09-19 06:00:00+00:00,27.825000000000003,30.3
2021-09-19 07:00:00+00:00,27.5,30.2
2021-09-19 08:00:00+00:00,27.175,30.05
2021-09-19 09:00:00+00:00,25.9,29.924999999999997
2021-09-19 10:00:00+00:00,25.175,29.825000000000003
2021-09-19 11:00:00+00:00,24.875,29.65
2021-09-19 12:00:00+00:00,24.875,29.700000000000003
2021-09-19 13:00:00+00:00,25.225,29.675
2021-09-19 14:00:00+00:00,26.25,29.675
2021-09-19 15:00:00+00:00,27.049999999999997,29.725
2021-09-19 16:00:00+00:00,27.8,29.825
2021-09-19 17:00:00+00:00,28.375,30.125
2021-09-19 18:00:00+00:00,29.233333333333334,29.866666666666664
2021-09-19 19:00:00+00:00,29.725,30.924999999999997
2021-09-19 20:00:00+00:00,30.0,31.275
2021-09-19 21:00:00+00:00,30.075,31.450000000000003
2021-09-19 22:00:00+00:00,30.0,32.0
2021-09-19 23:00:00+00:00,29.625000000000004,31.9
2021-09-20 00:00:00+00:00,29.0,31.425
2021-09-20 01:00:00+00:00,28.525,31.25
2021-09-20 02:00:00+00:00,28.425,31.075
2021-09-20 03:00:00+00:00,28.349999999999998,30.875
2021-09-20 04:00:00+00:00,28.25,30.65
2021-09-20 05:00:00+00:00,28.225,30.525
2021-09-20 06:00:00+00:00,28.225,30.325000000000003
2021-09-20 07:00:00+00:00,28.175,30.2
2021-09-20 08:00:00+00:00,28.125,30.025
2021-09-20 09:00:00+00:00,28.1,30.025000000000002
2021-09-20 10:00:00+00:00,28.1,30.075000000000003
2021-09-20 11:00:00+00:00,27.975,30.0
2021-09-20 12:00:00+00:00,27.675,29.925
2021-09-20 13:00:00+00:00,27.85,29.775
2021-09-20 14:00:00+00:00,28.450000000000003,29.724999999999998
2021-09-20 15:00:00+00:00,28.85,29.8
2021-09-20 16:00:00+00:00,29.275,29.925000000000004
2021-09-20 17:00:00+00:00,29.75,30.175
2021-09-20 18:00:00+00:00,29.999999999999996,30.4
2021-09-20 19:00:00+00:00,30.15,30.55
2021-09-20 20:00:00+00:00,30.099999999999998,30.625
2021-09-20 21:00:00+00:00,30.15,30.724999999999998
2021-09-20 22:00:00+00:00,30.125,30.875
2021-09-20 23:00:00+00:00,29.950000000000003,30.85
2021-09-21 00:00:00+00:00,29.549999999999997,30.950000000000003
2021-09-21 01:00:00+00:00,29.2,31.0
2021-09-21 02:00:00+00:00,29.0,30.9
2021-09-21 03:00:00+00:00,29.025,30.9
2021-09-21 04:00:00+00:00,28.95,30.725
2021-09-21 05:00:00+00:00,29.0,30.65
2021-09-21 06:00:00+00:00,28.95,30.575000000000003
2021-09-21 07:00:00+00:00,28.924999999999997,30.424999999999997
2021-09-21 08:00:00+00:00,28.799999999999997,30.35
2021-09-21 09:00:00+00:00,28.575,30.275000000000002
2021-09-21 10:00:00+00:00,28.55,30.150000000000002
2021-09-21 11:00:00+00:00,28.575,30.025
2021-09-21 12:00:00+00:00,28.575000000000003,29.875
2021-09-21 13:00:00+00:00,28.525000000000002,29.950000000000003
2021-09-21 14:00:00+00:00,28.925,29.875
2021-09-21 15:00:00+00:00,29.05,29.35
2021-09-21 16:00:00+00:00,29.575,30.199999999999996
2021-09-21 17:00:00+00:00,30.075,30.375
2021-09-21 18:00:00+00:00,30.025000000000002,30.674999999999997
2021-09-21 19:00:00+00:00,30.175,30.925
2021-09-21 20:00:00+00:00,30.224999999999998,31.125
2021-09-21 21:00:00+00:00,30.4,31.4
2021-09-21 22:00:00+00:00,30.4,31.525
2021-09-21 23:00:00+00:00,30.45,31.65
2021-09-22 00:00:00+00:00,29.85,31.599999999999998
2021-09-22 01:00:00+00:00,29.525000000000002,31.55
2021-09-22 02:00:00+00:00,29.325,31.4
2021-09-22 03:00:00+00:00,29.025,31.425
2021-09-22 04:00:00+00:00,26.425,31.200000000000003
2021-09-22 05:00:00+00:00,24.624999999999996,30.7
2021-09-22 06:00:00+00:00,25.924999999999997,30.5
2021-09-22 07:00:00+00:00,25.9,30.325
2021-09-22 08:00:00+00:00,26.1,30.0
2021-09-22 09:00:00+00:00,25.475,29.425
2021-09-22 10:00:00+00:00,24.724999999999998,28.974999999999998
2021-09-22 11:00:00+00:00,23.825,28.525000000000002
2021-09-22 12:00:00+00:00,23.125,28.074999999999996
2021-09-22 13:00:00+00:00,22.475,27.425
2021-09-22 14:00:00+00:00,22.549999999999997,27.25
2021-09-22 15:00:00+00:00,23.0,27.15
2021-09-22 16:00:00+00:00,23.575,27.424999999999997
2021-09-22 17:00:00+00:00,24.5,27.5
2021-09-22 18:00:00+00:00,25.325000000000003,27.675
2021-09-22 19:00:00+00:00,25.750000000000004,27.85
2021-09-22 20:00:00+00:00,26.375,27.95
2021-09-22 21:00:00+00:00,26.900000000000002,28.0
2021-09-22 22:00:00+00:00,27.675000000000004,28.1
2021-09-22 23:00:00+00:00,27.875,28.025
2021-09-23 00:00:00+00:00,27.075000000000003,28.0
2021-09-23 01:00:00+00:00,25.625,27.875
2021-09-23 02:00:00+00:00,24.824999999999996,27.75
2021-09-23 03:00:00+00:00,24.475,27.725
2021-09-23 04:00:00+00:00,24.125,27.525
2021-09-23 05:00:00+00:00,23.3,27.2
2021-09-23 06:00:00+00:00,23.15,27.05
2021-09-23 07:00:00+00:00,21.925,26.825
2021-09-23 08:00:00+00:00,20.400000000000002,26.099999999999998
2021-09-23 09:00:00+00:00,20.2,26.075
2021-09-23 10:00:00+00:00,20.275,25.575
2021-09-23 11:00:00+00:00,20.25,25.424999999999997
2021-09-23 12:00:00+00:00,20.525000000000002,25.15
2021-09-23 13:00:00+00:00,20.799999999999997,25.049999999999997
2021-09-23 14:00:00+00:00,22.425,24.724999999999998
2021-09-23 15:00:00+00:00,23.650000000000002,24.999999999999996
2021-09-23 16:00:00+00:00,24.75,25.400000000000002
2021-09-23 17:00:00+00:00,25.325,25.775
2021-09-23 18:00:00+00:00,25.775000000000002,26.1
2021-09-23 19:00:00+00:00,25.8,26.625
2021-09-23 20:00:00+00:00,26.249999999999996,26.95
2021-09-23 21:00:00+00:00,26.05,27.225
2021-09-23 22:00:00+00:00,25.95,27.475
2021-09-23 23:00:00+00:00,25.775000000000002,27.825
2021-09-24 00:00:00+00:00,25.075,27.725
2021-09-24 01:00:00+00:00,24.2,27.525
2021-09-24 02:00:00+00:00,23.8,27.4
2021-09-24 03:00:00+00:00,23.6,27.175
2021-09-24 04:00:00+00:00,23.5,26.9
2021-09-24 05:00:00+00:00,23.55,26.7
2021-09-24 06:00:00+00:00,23.45,26.5
2021-09-24 07:00:00+00:00,23.25,26.4
2021-09-24 08:00:00+00:00,22.799999999999997,26.575
2021-09-24 09:00:00+00:00,22.8,26.424999999999997
2021-09-24 10:00:00+00:00,22.5,26.499999999999996
2021-09-24 11:00:00+00:00,22.375000000000004,26.45
2021-09-24 12:00:00+00:00,21.950000000000003,26.325000000000003
2021-09-24 13:00:00+00:00,22.75,26.099999999999998
2021-09-24 14:00:00+00:00,24.1,25.825
2021-09-24 15:00:00+00:00,24.975,25.824999999999996
2021-09-24 16:00:00+00:00,25.674999999999997,26.0
2021-09-24 17:00:00+00:00,25.75,26.275
2021-09-24 18:00:00+00:00,26.0,26.525000000000002
2021-09-24 19:00:00+00:00,26.075000000000003,27.05
2021-09-24 20:00:00+00:00,26.225,27.375
2021-09-24 21:00:00+00:00,26.25,27.674999999999997
2021-09-24 22:00:00+00:00,26.299999999999997,27.9
2021-09-24 23:00:00+00:00,26.200000000000003,27.875
2021-09-25 00:00:00+00:00,25.599999999999998,27.925
2021-09-25 01:00:00+00:00,24.799999999999997,27.725
2021-09-25 02:00:00+00:00,24.475,27.475
2021-09-25 03:00:00+00:00,24.174999999999997,27.4
2021-09-25 04:00:00+00:00,23.85,27.125
2021-09-25 05:00:00+00:00,23.575,26.95
2021-09-25 06:00:00+00:00,23.225,26.825
2021-09-25 07:00:00+00:00,23.0,26.675
2021-09-25 08:00:00+00:00,22.9,26.475
2021-09-25 09:00:00+00:00,22.45,26.325000000000003
2021-09-25 10:00:00+00:00,22.4,26.150000000000002
2021-09-25 11:00:00+00:00,22.175,26.025
2021-09-25 12:00:00+00:00,22.125,25.950000000000003
2021-09-25 13:00:00+00:00,22.150000000000002,25.799999999999997
2021-09-25 14:00:00+00:00,23.375,25.674999999999997
2021-09-25 15:00:00+00:00,24.3,25.85
2021-09-25 16:00:00+00:00,25.15,26.05
2021-09-25 17:00:00+00:00,25.575000000000003,26.275
2021-09-25 18:00:00+00:00,25.65,26.800000000000004
2021-09-25 19:00:00+00:00,25.85,27.175
2021-09-25 20:00:00+00:00,26.15,27.325000000000003
2021-09-25 21:00:00+00:00,26.25,27.4
2021-09-25 22:00:00+00:00,26.1,27.6
2021-09-25 23:00:00+00:00,26.025,27.725
2021-09-26 00:00:00+00:00,25.45,27.725
2021-09-26 01:00:00+00:00,24.674999999999997,27.475
2021-09-26 02:00:00+00:00,24.425,27.349999999999998
2021-09-26 03:00:00+00:00,24.325,27.25
2021-09-26 04:00:00+00:00,24.275,27.05
2021-09-26 05:00:00+00:00,24.15,26.875000000000004
2021-09-26 06:00:00+00:00,24.1,26.725
2021-09-26 07:00:00+00:00,23.924999999999997,26.700000000000003
2021-09-26 08:00:00+00:00,23.424999999999997,26.6
2021-09-26 09:00:00+00:00,22.924999999999997,26.55
2021-09-26 10:00:00+00:00,22.775000000000002,26.45
2021-09-26 11:00:00+00:00,22.05,26.3
2021-09-26 12:00:00+00:00,22.025,26.125
2021-09-26 13:00:00+00:00,22.424999999999997,25.875
2021-09-26 14:00:00+00:00,24.049999999999997,25.775
2021-09-26 15:00:00+00:00,25.250000000000004,26.0
2021-09-26 16:00:00+00:00,26.025,26.25
2021-09-26 17:00:00+00:00,26.0,26.7
2021-09-26 18:00:00+00:00,26.125,27.049999999999997
2021-09-26 19:00:00+00:00,26.349999999999998,27.425
2021-09-26 20:00:00+00:00,26.349999999999998,27.700000000000003
2021-09-26 21:00:00+00:00,26.125,27.775000000000002
2021-09-26 22:00:00+00:00,26.275,27.925
2021-09-26 23:00:00+00:00,26.175000000000004,28.025000000000002
2021-09-27 00:00:00+00:00,25.75,28.025
2021-09-27 01:00:00+00:00,24.974999999999998,27.775
2021-09-27 02:00:00+00:00,24.925000000000004,27.65
2021-09-27 03:00:00+00:00,24.8,27.55
2021-09-27 04:00:00+00:00,24.650000000000002,27.5
2021-09-27 05:00:00+00:00,24.700000000000003,27.525
2021-09-27 06:00:00+00:00,24.675,27.375
2021-09-27 07:00:00+00:00,24.049999999999997,27.2
2021-09-27 08:00:00+00:00,23.674999999999997,27.1
2021-09-27 09:00:00+00:00,23.15,27.05
2021-09-27 10:00:00+00:00,22.849999999999998,26.95
2021-09-27 11:00:00+00:00,22.6,26.85
2021-09-27 12:00:00+00:00,22.325,26.625
2021-09-27 13:00:00+00:00,22.85,26.55
2021-09-27 14:00:00+00:00,23.65,26.375
2021-09-27 15:00:00+00:00,24.725,26.425
2021-09-27 16:00:00+00:00,25.725,26.575
2021-09-27 17:00:00+00:00,26.624999999999996,26.825
2021-09-27 18:00:00+00:00,27.5,27.099999999999998
2021-09-27 19:00:00+00:00,27.95,27.299999999999997
2021-09-27 20:00:00+00:00,28.625,27.55
2021-09-27 21:00:00+00:00,28.55,27.85
2021-09-27 22:00:00+00:00,28.65,28.125
2021-09-27 23:00:00+00:00,28.075,28.45
2021-09-28 00:00:00+00:00,27.625,28.549999999999997
2021-09-28 01:00:00+00:00,27.174999999999997,28.5
2021-09-28 02:00:00+00:00,27.049999999999997,28.5
2021-09-28 03:00:00+00:00,26.924999999999997,28.425
2021-09-28 04:00:00+00:00,26.875,28.35
2021-09-28 05:00:00+00:00,26.8,27.633333333333336
2021-09-28 06:00:00+00:00,27.125,28.275000000000002
2021-09-28 07:00:00+00:00,27.125,28.2
2021-09-28 08:00:00+00:00,27.125000000000004,28.15
2021-09-28 09:00:00+00:00,27.1,27.974999999999998
2021-09-28 10:00:00+00:00,27.125,27.875
2021-09-28 11:00:00+00:00,26.974999999999998,27.85
2021-09-28 12:00:00+00:00,26.85,28.0
2021-09-28 13:00:00+00:00,27.05,27.875
2021-09-28 14:00:00+00:00,27.375,27.925
2021-09-28 15:00:00+00:00,27.500000000000004,27.925
2021-09-28 16:00:00+00:00,28.200000000000003,28.05
2021-09-28 17:00:00+00:00,28.700000000000003,28.2
2021-09-28 18:00:00+00:00,29.049999999999997,28.45
2021-09-28 19:00:00+00:00,29.099999999999998,28.875
2021-09-28 20:00:00+00:00,29.125,29.15
2021-09-28 21:00:00+00:00,29.2,29.475
2021-09-28 22:00:00+00:00,29.225,29.6
2021-09-28 23:00:00+00:00,28.8,29.45
2021-09-29 00:00:00+00:00,28.45,29.599999999999998
2021-09-29 01:00:00+00:00,28.125,29.6
2021-09-29 02:00:00+00:00,27.799999999999997,29.25
2021-09-29 03:00:00+00:00,27.150000000000002,29.125
2021-09-29 04:00:00+00:00,26.475,29.15
2021-09-29 05:00:00+00:00,26.3,28.975
2021-09-29 06:00:00+00:00,25.549999999999997,28.775
2021-09-29 07:00:00+00:00,25.475,28.599999999999998
2021-09-29 08:00:00+00:00,25.474999999999998,28.425
2021-09-29 09:00:00+00:00,24.900000000000002,28.25
2021-09-29 10:00:00+00:00,22.125,27.950000000000003
2021-09-29 11:00:00+00:00,21.25,27.5
2021-09-29 12:00:00+00:00,21.549999999999997,27.375
2021-09-29 13:00:00+00:00,21.675,27.049999999999997
2021-09-29 14:00:00+00:00,22.450000000000003,26.9
2021-09-29 15:00:00+00:00,23.05,26.924999999999997
2021-09-29 16:00:00+00:00,23.6,27.0
2021-09-29 17:00:00+00:00,24.124999999999996,27.025
2021-09-29 18:00:00+00:00,23.0,26.849999999999998
2021-09-29 19:00:00+00:00,23.575,26.75
2021-09-29 20:00:00+00:00,24.875,26.799999999999997
2021-09-29 21:00:00+00:00,25.85,26.95
2021-09-29 22:00:00+00:00,26.4,27.075000000000003
2021-09-29 23:00:00+00:00,26.325000000000003,27.200000000000003
2021-09-30 00:00:00+00:00,25.900000000000002,27.275
2021-09-30 01:00:00+00:00,25.975,27.25
2021-09-30 02:00:00+00:00,26.075000000000003,27.224999999999998
2021-09-30 03:00:00+00:00,26.15,27.25
2021-09-30 04:00:00+00:00,26.025,27.175
2021-09-30 05:00:00+00:00,26.349999999999998,27.150000000000002
2021-09-30 06:00:00+00:00,26.474999999999998,27.1
2021-09-30 07:00:00+00:00,26.55,27.025
2021-09-30 08:00:00+00:00,26.6,26.950000000000003
2021-09-30 09:00:00+00:00,26.625,26.925
2021-09-30 10:00:00+00:00,26.775,26.9
2021-09-30 11:00:00+00:00,26.6,27.0
2021-09-30 12:00:00+00:00,26.525,27.025
2021-09-30 13:00:00+00:00,26.075,27.025
2021-09-30 14:00:00+00:00,27.0,27.025
2021-09-30 15:00:00+00:00,27.624999999999996,27.1
2021-09-30 16:00:00+00:00,27.325,27.15
2021-09-30 17:00:00+00:00,25.799999999999997,27.275
2021-09-30 18:00:00+00:00,24.674999999999997,27.325000000000003
2021-09-30 19:00:00+00:00,23.9,27.3
2021-09-30 20:00:00+00:00,24.549999999999997,27.200000000000003
2021-09-30 21:00:00+00:00,24.675000000000004,27.15
2021-09-30 22:00:00+00:00,25.025000000000002,27.125
2021-09-30 23:00:00+00:00,25.550000000000004,27.049999999999997
2021-10-01 00:00:00+00:00,25.8,27.049999999999997
2021-10-01 01:00:00+00:00,25.375,27.025
2021-10-01 02:00:00+00:00,25.625,26.975
2021-10-01 03:00:00+00:00,25.85,26.95
2021-10-01 04:00:00+00:00,25.85,26.85
2021-10-01 05:00:00+00:00,26.0,26.825
2021-10-01 06:00:00+00:00,25.525,26.8
2021-10-01 07:00:00+00:00,25.625,26.775000000000002
2021-10-01 08:00:00+00:00,25.875,26.775000000000002
2021-10-01 09:00:00+00:00,26.075,26.724999999999998
2021-10-01 10:00:00+00:00,25.275,26.724999999999998
2021-10-01 11:00:00+00:00,24.275000000000002,26.775000000000002
2021-10-01 12:00:00+00:00,23.450000000000003,26.725
2021-10-01 13:00:00+00:00,23.525,26.7
2021-10-01 14:00:00+00:00,23.75,26.575
2021-10-01 15:00:00+00:00,23.475,26.5
2021-10-01 16:00:00+00:00,23.866666666666664,25.766666666666666
2021-10-01 17:00:00+00:00,24.05,26.5
2021-10-01 18:00:00+00:00,24.275,26.5
2021-10-01 19:00:00+00:00,24.575,26.475
2021-10-01 20:00:00+00:00,24.949999999999996,26.525
2021-10-01 21:00:00+00:00,25.2,26.6
2021-10-01 22:00:00+00:00,25.200000000000003,26.674999999999997
2021-10-01 23:00:00+00:00,25.4,26.725
2021-10-02 00:00:00+00:00,25.224999999999998,26.674999999999997
2021-10-02 01:00:00+00:00,24.950000000000003,26.625
2021-10-02 02:00:00+00:00,24.85,26.575000000000003
2021-10-02 03:00:00+00:00,24.724999999999998,26.549999999999997
2021-10-02 04:00:00+00:00,24.749999999999996,26.5
2021-10-02 05:00:00+00:00,24.8,26.550000000000004
2021-10-02 06:00:00+00:00,24.775,26.525000000000002
2021-10-02 07:00:00+00:00,24.725,26.500000000000004
2021-10-02 08:00:00+00:00,24.599999999999998,26.500000000000004
2021-10-02 09:00:00+00:00,24.275,26.500000000000004
2021-10-02 10:00:00+00:00,23.95,26.474999999999998
2021-10-02 11:00:00+00:00,23.9,26.449999999999996
2021-10-02 12:00:00+00:00,23.5,26.375
2021-10-02 13:00:00+00:00,23.425,26.275
2021-10-02 14:00:00+00:00,23.225,26.200000000000003
2021-10-02 15:00:00+00:00,24.275000000000002,26.25
2021-10-02 16:00:00+00:00,25.1,26.4
2021-10-02 17:00:00+00:00,26.525,26.575000000000003
2021-10-02 18:00:00+00:00,26.825000000000003,26.775
2021-10-02 19:00:00+00:00,26.6,26.875
2021-10-02 20:00:00+00:00,27.450000000000003,27.125
2021-10-02 21:00:00+00:00,27.3,27.450000000000003
2021-10-02 22:00:00+00:00,27.575000000000003,27.375
2021-10-02 23:00:00+00:00,27.275000000000002,27.55
2021-10-03 00:00:00+00:00,26.6,27.75
2021-10-03 01:00:00+00:00,26.324999999999996,27.75
2021-10-03 02:00:00+00:00,26.15,27.549999999999997
2021-10-03 03:00:00+00:00,26.049999999999997,27.425000000000004
2021-10-03 04:00:00+00:00,26.025,27.5
2021-10-03 05:00:00+00:00,25.7,27.474999999999998
2021-10-03 06:00:00+00:00,25.55,26.9
2021-10-03 07:00:00+00:00,25.425,27.475
2021-10-03 08:00:00+00:00,25.35,27.5
2021-10-03 09:00:00+00:00,25.249999999999996,27.5
2021-10-03 10:00:00+00:00,25.200000000000003,27.450000000000003
2021-10-03 11:00:00+00:00,25.15,27.425000000000004
2021-10-03 12:00:00+00:00,24.875,27.424999999999997
2021-10-03 13:00:00+00:00,24.75,27.425
2021-10-03 14:00:00+00:00,24.5,27.3
2021-10-03 15:00:00+00:00,24.625,27.275000000000002
2021-10-03 16:00:00+00:00,25.050000000000004,27.3
2021-10-03 17:00:00+00:00,26.249999999999996,27.5
2021-10-03 18:00:00+00:00,27.224999999999998,27.725
2021-10-03 19:00:00+00:00,28.25,27.975
2021-10-03 20:00:00+00:00,29.225,28.224999999999998
2021-10-03 21:00:00+00:00,29.65,28.674999999999997
2021-10-03 22:00:00+00:00,29.275,28.7
2021-10-03 23:00:00+00:00,28.449999999999996,28.65
2021-10-04 00:00:00+00:00,26.849999999999998,28.85
2021-10-04 01:00:00+00:00,26.525,28.775
2021-10-04 02:00:00+00:00,26.174999999999997,28.724999999999998
2021-10-04 03:00:00+00:00,26.325000000000003,28.650000000000002
2021-10-04 04:00:00+00:00,26.45,28.625
2021-10-04 05:00:00+00:00,26.0,28.574999999999996
2021-10-04 06:00:00+00:00,25.0,28.549999999999997
2021-10-04 07:00:00+00:00,24.400000000000002,28.5
2021-10-04 08:00:00+00:00,24.15,28.45
2021-10-04 09:00:00+00:00,23.975,28.375
2021-10-04 10:00:00+00:00,23.825,28.424999999999997
2021-10-04 11:00:00+00:00,23.799999999999997,28.349999999999998
2021-10-04 12:00:00+00:00,23.65,28.225
2021-10-04 13:00:00+00:00,23.549999999999997,27.975
2021-10-04 14:00:00+00:00,24.4,27.9
2021-10-04 15:00:00+00:00,25.5,27.975
2021-10-04 16:00:00+00:00,26.450000000000003,28.05
2021-10-04 17:00:00+00:00,27.1,28.125000000000004
2021-10-04 18:00:00+00:00,27.700000000000003,28.225
2021-10-04 19:00:00+00:00,28.6,28.475
2021-10-04 20:00:00+00:00,29.0,28.799999999999997
2021-10-04 21:00:00+00:00,29.525,28.875
2021-10-04 22:00:00+00:00,29.674999999999997,29.075000000000003
2021-10-04 23:00:00+00:00,29.45,29.025
2021-10-05 00:00:00+00:00,28.475,28.925000000000004
2021-10-05 01:00:00+00:00,27.5,28.724999999999998
2021-10-05 02:00:00+00:00,27.175,28.5
2021-10-05 03:00:00+00:00,26.75,28.425
2021-10-05 04:00:00+00:00,25.575000000000003,28.4
2021-10-05 05:00:00+00:00,24.375,28.325
2021-10-05 06:00:00+00:00,23.65,28.200000000000003
2021-10-05 07:00:00+00:00,22.9,28.075000000000003
2021-10-05 08:00:00+00:00,21.575000000000003,27.924999999999997
2021-10-05 09:00:00+00:00,20.825000000000003,27.750000000000004
2021-10-05 10:00:00+00:00,21.700000000000003,27.5
2021-10-05 11:00:00+00:00,21.125,27.3
2021-10-05 12:00:00+00:00,20.6,27.1
2021-10-05 13:00:00+00:00,20.65,26.924999999999997
2021-10-05 14:00:00+00:00,21.45,26.749999999999996
2021-10-05 15:00:00+00:00,22.875,26.674999999999997
2021-10-05 16:00:00+00:00,24.799999999999997,26.875
2021-10-05 17:00:00+00:00,26.15,27.25
2021-10-05 18:00:00+00:00,27.425,27.674999999999997
2021-10-05 19:00:00+00:00,28.200000000000003,27.825000000000003
2021-10-05 20:00:00+00:00,28.799999999999997,28.075
2021-10-05 21:00:00+00:00,29.025,28.25
2021-10-05 22:00:00+00:00,29.675,28.375
2021-10-05 23:00:00+00:00,29.125,28.425
2021-10-06 00:00:00+00:00,27.6,28.424999999999997
2021-10-06 01:00:00+00:00,27.225,28.4
2021-10-06 02:00:00+00:00,26.450000000000003,28.3
2021-10-06 03:00:00+00:00,25.5,28.25
2021-10-06 04:00:00+00:00,25.4,28.175
2021-10-06 05:00:00+00:00,24.950000000000003,28.0
2021-10-06 06:00:00+00:00,24.125,27.625
2021-10-06 07:00:00+00:00,23.550000000000004,27.575
2021-10-06 08:00:00+00:00,23.475,27.550000000000004
2021-10-06 09:00:00+00:00,22.25,27.45
2021-10-06 10:00:00+00:00,21.275,27.275
2021-10-06 11:00:00+00:00,21.05,27.225
2021-10-06 12:00:00+00:00,21.95,27.275
2021-10-06 13:00:00+00:00,22.65,27.224999999999998
2021-10-06 14:00:00+00:00,23.275000000000002,27.1
2021-10-06 15:00:00+00:00,24.325000000000003,27.05
2021-10-06 16:00:00+00:00,25.15,27.150000000000002
2021-10-06 17:00:00+00:00,25.924999999999997,27.450000000000003
2021-10-06 18:00:00+00:00,26.875,27.825000000000003
2021-10-06 19:00:00+00:00,27.5,28.2
2021-10-06 20:00:00+00:00,28.15,28.65
2021-10-06 21:00:00+00:00,28.674999999999997,28.950000000000003
2021-10-06 22:00:00+00:00,28.35,29.225
2021-10-06 23:00:00+00:00,27.85,29.275
2021-10-07 00:00:00+00:00,27.049999999999997,29.175
2021-10-07 01:00:00+00:00,26.6,29.1
2021-10-07 02:00:00+00:00,26.4,29.0
2021-10-07 03:00:00+00:00,26.400000000000002,28.9
2021-10-07 04:00:00+00:00,25.950000000000003,28.775
2021-10-07 05:00:00+00:00,25.75,28.575
2021-10-07 06:00:00+00:00,25.900000000000002,28.549999999999997
2021-10-07 07:00:00+00:00,25.65,28.475
2021-10-07 08:00:00+00:00,25.75,28.3
2021-10-07 09:00:00+00:00,25.65,28.1
2021-10-07 10:00:00+00:00,25.575,28.099999999999998
2021-10-07 11:00:00+00:00,25.3,28.275
2021-10-07 12:00:00+00:00,24.424999999999997,28.2
2021-10-07 13:00:00+00:00,24.825,28.0
2021-10-07 14:00:00+00:00,25.125,27.7
2021-10-07 15:00:00+00:00,25.333333333333332,26.900000000000002
2021-10-07 16:00:00+00:00,26.5,27.0
2021-10-07 17:00:00+00:00,27.599999999999998,27.2
2021-10-07 18:00:00+00:00,28.03333333333333,27.53333333333333
2021-10-07 19:00:00+00:00,28.266666666666666,28.03333333333333
2021-10-07 20:00:00+00:00,28.0,29.0
2021-10-07 21:00:00+00:00,27.85,29.200000000000003
2021-10-07 22:00:00+00:00,27.75,29.25
2021-10-07 23:00:00+00:00,27.575,29.35
2021-10-08 00:00:00+00:00,26.724999999999998,29.075000000000003
2021-10-08 01:00:00+00:00,26.3,28.95
2021-10-08 02:00:00+00:00,25.9,28.799999999999997
2021-10-08 03:00:00+00:00,25.900000000000002,28.725
2021-10-08 04:00:00+00:00,25.525,28.65
2021-10-08 05:00:00+00:00,25.425,28.525000000000002
2021-10-08 06:00:00+00:00,25.275,28.45
2021-10-08 07:00:00+00:00,25.275,28.375
2021-10-08 08:00:00+00:00,25.150000000000002,28.375000000000004
2021-10-08 09:00:00+00:00,24.575,28.325
2021-10-08 10:00:00+00:00,24.075,28.2
2021-10-08 11:00:00+00:00,24.05,28.125
2021-10-08 12:00:00+00:00,24.349999999999998,27.875
2021-10-08 13:00:00+00:00,24.825000000000003,27.825
2021-10-08 14:00:00+00:00,26.2,27.549999999999997
2021-10-08 15:00:00+00:00,26.775,27.7
2021-10-08 16:00:00+00:00,26.725,27.725
2021-10-08 17:00:00+00:00,27.05,28.025
2021-10-08 18:00:00+00:00,26.9,28.475
2021-10-08 19:00:00+00:00,27.15,28.625
2021-10-08 20:00:00+00:00,27.1,28.874999999999996
2021-10-08 21:00:00+00:00,27.075000000000003,29.15
2021-10-08 22:00:00+00:00,27.1,29.05
2021-10-08 23:00:00+00:00,26.975,29.075000000000003
2021-10-09 00:00:00+00:00,26.125,29.05
2021-10-09 01:00:00+00:00,25.525,28.825
2021-10-09 02:00:00+00:00,25.3,28.7
2021-10-09 03:00:00+00:00,25.15,28.549999999999997
2021-10-09 04:00:00+00:00,25.099999999999998,28.275
2021-10-09 05:00:00+00:00,24.900000000000002,28.049999999999997
2021-10-09 06:00:00+00:00,24.9,28.075
2021-10-09 07:00:00+00:00,25.1,28.0
2021-10-09 08:00:00+00:00,25.025,27.925
2021-10-09 09:00:00+00:00,24.925000000000004,27.875
2021-10-09 10:00:00+00:00,24.5,27.775000000000002
2021-10-09 11:00:00+00:00,24.175,27.75
2021-10-09 12:00:00+00:00,24.700000000000003,27.6
2021-10-09 13:00:00+00:00,25.375,27.375
2021-10-09 14:00:00+00:00,26.05,27.4
2021-10-09 15:00:00+00:00,26.75,27.5
2021-10-09 16:00:00+00:00,26.775,27.674999999999997
2021-10-09 17:00:00+00:00,26.924999999999997,28.075
2021-10-09 18:00:00+00:00,26.875,28.45
2021-10-09 19:00:00+00:00,27.425,28.725
2021-10-09 20:00:00+00:00,27.4,28.825000000000003
2021-10-09 21:00:00+00:00,27.375,28.975
2021-10-09 22:00:00+00:00,27.475,29.25
2021-10-09 23:00:00+00:00,27.225,29.200000000000003
2021-10-10 00:00:00+00:00,26.650000000000002,28.975
2021-10-10 01:00:00+00:00,26.375,28.825
2021-10-10 02:00:00+00:00,26.4,28.650000000000002
2021-10-10 03:00:00+00:00,26.599999999999998,28.6
2021-10-10 04:00:00+00:00,26.7,28.5
2021-10-10 05:00:00+00:00,26.700000000000003,28.224999999999998
2021-10-10 06:00:00+00:00,26.799999999999997,28.150000000000002
2021-10-10 07:00:00+00:00,26.974999999999998,28.025000000000002
2021-10-10 08:00:00+00:00,26.975,28.025000000000002
2021-10-10 09:00:00+00:00,26.95,27.975
2021-10-10 10:00:00+00:00,27.025000000000002,27.974999999999998
2021-10-10 11:00:00+00:00,27.1,27.95
2021-10-10 12:00:00+00:00,27.075,27.875
2021-10-10 13:00:00+00:00,27.2,27.799999999999997
2021-10-10 14:00:00+00:00,27.75,27.849999999999998
2021-10-10 15:00:00+00:00,28.175000000000004,27.900000000000002
2021-10-10 16:00:00+00:00,28.4,28.075000000000003
2021-10-10 17:00:00+00:00,28.65,28.35
2021-10-10 18:00:00+00:00,28.725,28.749999999999996
2021-10-10 19:00:00+00:00,28.8,29.1
2021-10-10 20:00:00+00:00,28.799999999999997,29.324999999999996
2021-10-10 21:00:00+00:00,28.825,29.625
2021-10-10 22:00:00+00:00,28.8,29.775
2021-10-10 23:00:00+00:00,28.6,29.75
2021-10-11 00:00:00+00:00,28.35,29.55
2021-10-11 01:00:00+00:00,28.2,29.35
2021-10-11 02:00:00+00:00,28.1,29.25
2021-10-11 03:00:00+00:00,28.05,29.125
2021-10-11 04:00:00+00:00,28.0,29.0
2021-10-11 05:00:00+00:00,28.075,28.924999999999997
2021-10-11 06:00:00+00:00,28.0,28.775
2021-10-11 07:00:00+00:00,27.924999999999997,28.675
2021-10-11 08:00:00+00:00,27.875,28.575
2021-10-11 09:00:00+00:00,27.724999999999998,28.5
2021-10-11 10:00:00+00:00,27.450000000000003,28.425
2021-10-11 11:00:00+00:00,27.3,28.474999999999998
2021-10-11 12:00:00+00:00,26.150000000000002,28.45
2021-10-11 13:00:00+00:00,24.825,28.4
2021-10-11 14:00:00+00:00,24.975,28.25
2021-10-11 15:00:00+00:00,25.025,28.175
2021-10-11 16:00:00+00:00,25.2,28.075000000000003
2021-10-11 17:00:00+00:00,25.45,28.075
2021-10-11 18:00:00+00:00,25.575000000000003,28.1
2021-10-11 19:00:00+00:00,26.0,28.099999999999998
2021-10-11 20:00:00+00:00,26.65,28.199999999999996
2021-10-11 21:00:00+00:00,26.950000000000003,28.425
2021-10-11 22:00:00+00:00,27.35,28.675000000000004
2021-10-11 23:00:00+00:00,27.275000000000002,28.725
2021-10-12 00:00:00+00:00,26.775,28.675
2021-10-12 01:00:00+00:00,26.5,28.549999999999997
2021-10-12 02:00:00+00:00,26.475,28.475
2021-10-12 03:00:00+00:00,26.75,28.375
2021-10-12 04:00:00+00:00,26.950000000000003,28.325000000000003
2021-10-12 05:00:00+00:00,27.075,28.35
2021-10-12 06:00:00+00:00,27.275,28.25
2021-10-12 07:00:00+00:00,27.325,28.224999999999998
2021-10-12 08:00:00+00:00,27.25,28.125
2021-10-12 09:00:00+00:00,27.325,28.099999999999998
2021-10-12 10:00:00+00:00,27.425,28.099999999999998
2021-10-12 11:00:00+00:00,27.474999999999998,28.05
2021-10-12 12:00:00+00:00,27.450000000000003,28.025000000000002
2021-10-12 13:00:00+00:00,27.6,28.0
2021-10-12 14:00:00+00:00,27.875,27.9
2021-10-12 15:00:00+00:00,28.3,28.0
2021-10-12 16:00:00+00:00,28.700000000000003,28.099999999999998
2021-10-12 17:00:00+00:00,28.799999999999997,28.375
2021-10-12 18:00:00+00:00,28.975,28.650000000000002
2021-10-12 19:00:00+00:00,28.975,28.925
2021-10-12 20:00:00+00:00,29.025,29.125
2021-10-12 21:00:00+00:00,28.874999999999996,29.375
2021-10-12 22:00:00+00:00,28.825,29.400000000000002
2021-10-12 23:00:00+00:00,28.625,29.3
2021-10-13 00:00:00+00:00,28.275000000000002,29.3
2021-10-13 01:00:00+00:00,28.1,29.224999999999998
2021-10-13 02:00:00+00:00,28.025000000000002,29.150000000000002
2021-10-13 03:00:00+00:00,27.85,28.975
2021-10-13 04:00:00+00:00,27.799999999999997,28.925
2021-10-13 05:00:00+00:00,27.724999999999998,28.849999999999998
2021-10-13 06:00:00+00:00,27.625,28.775000000000002
2021-10-13 07:00:00+00:00,27.6,28.650000000000002
2021-10-13 08:00:00+00:00,27.625,28.6
2021-10-13 09:00:00+00:00,27.549999999999997,28.5
2021-10-13 10:00:00+00:00,27.425,28.450000000000003
2021-10-13 11:00:00+00:00,27.400000000000002,28.325
2021-10-13 12:00:00+00:00,27.425,28.15
2021-10-13 13:00:00+00:00,27.575000000000003,28.0
2021-10-13 14:00:00+00:00,27.975,27.95
2021-10-13 15:00:00+00:00,28.299999999999997,27.975
2021-10-13 16:00:00+00:00,28.375,28.074999999999996
2021-10-13 17:00:00+00:00,28.55,28.25
2021-10-13 18:00:00+00:00,28.65,28.5
2021-10-13 19:00:00+00:00,28.7,28.75
2021-10-13 20:00:00+00:00,28.674999999999997,28.95
2021-10-13 21:00:00+00:00,28.6,29.049999999999997
2021-10-13 22:00:00+00:00,28.575,29.2
2021-10-13 23:00:00+00:00,28.299999999999997,29.2
2021-10-14 00:00:00+00:00,28.124999999999996,29.150000000000002
2021-10-14 01:00:00+00:00,28.0,28.975
2021-10-14 02:00:00+00:00,27.875,28.875
2021-10-14 03:00:00+00:00,27.9,28.75
2021-10-14 04:00:00+00:00,27.849999999999998,28.775
2021-10-14 05:00:00+00:00,27.724999999999998,28.625
2021-10-14 06:00:00+00:00,27.65,28.525
2021-10-14 07:00:00+00:00,27.625,28.424999999999997
2021-10-14 08:00:00+00:00,27.55,28.25
2021-10-14 09:00:00+00:00,27.475,28.15
2021-10-14 10:00:00+00:00,27.525,28.1
2021-10-14 11:00:00+00:00,27.5,28.049999999999997
2021-10-14 12:00:00+00:00,27.549999999999997,28.05
2021-10-14 13:00:00+00:00,27.574999999999996,27.950000000000003
2021-10-14 14:00:00+00:00,27.775,27.924999999999997
2021-10-14 15:00:00+00:00,26.549999999999997,27.9
2021-10-14 16:00:00+00:00,23.75,27.875
2021-10-14 17:00:00+00:00,23.199999999999996,27.7
2021-10-14 18:00:00+00:00,23.599999999999998,27.499999999999996
2021-10-14 19:00:00+00:00,24.375,27.35
2021-10-14 20:00:00+00:00,25.725,27.4
2021-10-14 21:00:00+00:00,26.675,27.475
2021-10-14 22:00:00+00:00,27.125,27.575
2021-10-14 23:00:00+00:00,27.1,27.624999999999996
2021-10-15 00:00:00+00:00,26.85,27.599999999999998
2021-10-15 01:00:00+00:00,26.4,27.6
2021-10-15 02:00:00+00:00,26.125,27.55
2021-10-15 03:00:00+00:00,26.0,27.5
2021-10-15 04:00:00+00:00,26.125,27.5
2021-10-15 05:00:00+00:00,26.225,27.449999999999996
2021-10-15 06:00:00+00:00,26.225,27.424999999999997
2021-10-15 07:00:00+00:00,26.275,27.424999999999997
2021-10-15 08:00:00+00:00,26.225,27.4
2021-10-15 09:00:00+00:00,26.3,27.425000000000004
2021-10-15 10:00:00+00:00,26.45,27.374999999999996
2021-10-15 11:00:00+00:00,26.475,27.325
2021-10-15 12:00:00+00:00,26.35,27.325
2021-10-15 13:00:00+00:00,26.449999999999996,27.325000000000003
2021-10-15 14:00:00+00:00,26.925,27.325
2021-10-15 15:00:00+00:00,27.450000000000003,27.375
2021-10-15 16:00:00+00:00,27.95,27.45
2021-10-15 17:00:00+00:00,28.325000000000003,27.55
2021-10-15 18:00:00+00:00,28.6,27.625
2021-10-15 19:00:00+00:00,28.700000000000003,27.75
2021-10-15 20:00:00+00:00,28.775000000000002,28.224999999999998
2021-10-15 21:00:00+00:00,28.225,28.5
2021-10-15 22:00:00+00:00,27.2,28.725
2021-10-15 23:00:00+00:00,26.575,28.7
2021-10-16 00:00:00+00:00,26.95,28.650000000000002
2021-10-16 01:00:00+00:00,26.950000000000003,28.7
2021-10-16 02:00:00+00:00,26.650000000000002,28.424999999999997
2021-10-16 03:00:00+00:00,25.0,28.325
2021-10-16 04:00:00+00:00,24.475,28.4
2021-10-16 05:00:00+00:00,23.625,27.875000000000004
2021-10-16 06:00:00+00:00,22.925,27.575
2021-10-16 07:00:00+00:00,22.600000000000005,27.100000000000005
2021-10-16 08:00:00+00:00,21.4,26.574999999999996
2021-10-16 09:00:00+00:00,20.675,26.125
2021-10-16 10:00:00+00:00,20.0,25.700000000000003
2021-10-16 11:00:00+00:00,19.35,25.275
2021-10-16 12:00:00+00:00,18.7,24.924999999999997
2021-10-16 13:00:00+00:00,18.23333333333333,24.333333333333332
2021-10-16 14:00:00+00:00,18.375,24.125
2021-10-16 15:00:00+00:00,18.724999999999998,23.875
2021-10-16 16:00:00+00:00,19.425,23.849999999999998
2021-10-16 17:00:00+00:00,20.225,23.775000000000002
2021-10-16 18:00:00+00:00,20.674999999999997,24.1
2021-10-16 19:00:00+00:00,21.299999999999997,24.15
2021-10-16 20:00:00+00:00,21.55,24.25
2021-10-16 21:00:00+00:00,22.15,24.450000000000003
2021-10-16 22:00:00+00:00,22.475,24.450000000000003
2021-10-16 23:00:00+00:00,22.4,24.5
2021-10-17 00:00:00+00:00,21.275,24.425000000000004
2021-10-17 01:00:00+00:00,20.575,24.15
2021-10-17 02:00:00+00:00,20.45,23.825000000000003
2021-10-17 03:00:00+00:00,19.925,23.4
2021-10-17 04:00:00+00:00,19.625,23.049999999999997
2021-10-17 05:00:00+00:00,18.225,23.150000000000002
2021-10-17 06:00:00+00:00,17.4,23.625
2021-10-17 07:00:00+00:00,16.675,23.5
2021-10-17 08:00:00+00:00,16.400000000000002,23.35
2021-10-17 09:00:00+00:00,16.049999999999997,22.674999999999997
2021-10-17 10:00:00+00:00,16.4,23.475
2021-10-17 11:00:00+00:00,15.624999999999998,22.975
2021-10-17 12:00:00+00:00,15.375,22.825000000000003
2021-10-17 13:00:00+00:00,15.799999999999999,22.450000000000003
2021-10-17 14:00:00+00:00,16.75,21.825
2021-10-17 15:00:00+00:00,18.675,21.7
2021-10-17 16:00:00+00:00,20.075,21.9
2021-10-17 17:00:00+00:00,20.825,22.1
2021-10-17 18:00:00+00:00,21.35,23.15
2021-10-17 19:00:00+00:00,21.775,23.475
2021-10-17 20:00:00+00:00,21.875,23.775
2021-10-17 21:00:00+00:00,22.2,23.999999999999996
2021-10-17 22:00:00+00:00,22.275000000000002,24.049999999999997
2021-10-17 23:00:00+00:00,21.95,24.1
2021-10-18 00:00:00+00:00,21.125,23.724999999999998
2021-10-18 01:00:00+00:00,20.725,23.4
2021-10-18 02:00:00+00:00,20.375,23.225
2021-10-18 03:00:00+00:00,19.950000000000003,23.150000000000002
2021-10-18 04:00:00+00:00,19.625,23.6
2021-10-18 05:00:00+00:00,19.525,23.65
2021-10-18 06:00:00+00:00,19.35,23.575000000000003
2021-10-18 07:00:00+00:00,19.325000000000003,23.374999999999996
2021-10-18 08:00:00+00:00,19.4,23.250000000000004
2021-10-18 09:00:00+00:00,19.275,23.125
2021-10-18 10:00:00+00:00,19.3,23.125
2021-10-18 11:00:00+00:00,19.175,23.0
2021-10-18 12:00:00+00:00,18.575,22.75
2021-10-18 13:00:00+00:00,18.7,22.225
2021-10-18 14:00:00+00:00,19.525,22.225
2021-10-18 15:00:00+00:00,20.525,22.225
2021-10-18 16:00:00+00:00,21.375,22.35
2021-10-18 17:00:00+00:00,21.825000000000003,22.625
2021-10-18 18:00:00+00:00,22.3,23.025000000000002
2021-10-18 19:00:00+00:00,22.6,23.475
2021-10-18 20:00:00+00:00,23.05,23.925
2021-10-18 21:00:00+00:00,23.3,24.175
2021-10-18 22:00:00+00:00,23.425,24.275
2021-10-18 23:00:00+00:00,23.4,24.349999999999998
2021-10-19 00:00:00+00:00,22.45,24.275000000000002
2021-10-19 01:00:00+00:00,22.0,24.150000000000002
2021-10-19 02:00:00+00:00,21.675,23.975
2021-10-19 03:00:00+00:00,21.475,23.900000000000002
2021-10-19 04:00:00+00:00,21.400000000000002,23.825
2021-10-19 05:00:00+00:00,21.3,23.825000000000003
2021-10-19 06:00:00+00:00,21.35,23.775000000000002
2021-10-19 07:00:00+00:00,21.325,23.675
2021-10-19 08:00:00+00:00,21.525,23.65
2021-10-19 09:00:00+00:00,21.65,23.55
2021-10-19 10:00:00+00:00,21.075,23.5
2021-10-19 11:00:00+00:00,20.875,23.425
2021-10-19 12:00:00+00:00,20.625,23.4
2021-10-19 13:00:00+00:00,20.950000000000003,23.15
2021-10-19 14:00:00+00:00,22.275,23.125
2021-10-19 15:00:00+00:00,23.75,23.325000000000003
2021-10-19 16:00:00+00:00,25.075,23.55
2021-10-19 17:00:00+00:00,25.475,23.75
2021-10-19 18:00:00+00:00,25.5,23.975
2021-10-19 19:00:00+00:00,25.775000000000002,24.450000000000003
2021-10-19 20:00:00+00:00,25.599999999999998,24.625
2021-10-19 21:00:00+00:00,25.85,24.7
2021-10-19 22:00:00+00:00,25.5,24.775
2021-10-19 23:00:00+00:00,25.225,24.825
2021-10-20 00:00:00+00:00,24.349999999999998,24.775
2021-10-20 01:00:00+00:00,23.875,24.725
2021-10-20 02:00:00+00:00,23.7,24.75
2021-10-20 03:00:00+00:00,23.650000000000002,24.8
2021-10-20 04:00:00+00:00,23.674999999999997,24.825000000000003
2021-10-20 05:00:00+00:00,23.575000000000003,24.825000000000003
2021-10-20 06:00:00+00:00,23.5,24.799999999999997
2021-10-20 07:00:00+00:00,23.349999999999998,24.75
2021-10-20 08:00:00+00:00,23.0,24.749999999999996
2021-10-20 09:00:00+00:00,22.525000000000002,24.75
2021-10-20 10:00:00+00:00,22.075000000000003,24.674999999999997
2021-10-20 11:00:00+00:00,21.6,24.625
2021-10-20 12:00:00+00:00,21.049999999999997,24.5
2021-10-20 13:00:00+00:00,21.299999999999997,24.400000000000002
2021-10-20 14:00:00+00:00,21.725,24.299999999999997
2021-10-20 15:00:00+00:00,22.85,24.275
2021-10-20 16:00:00+00:00,23.450000000000003,24.450000000000003
2021-10-20 17:00:00+00:00,24.199999999999996,24.575000000000003
2021-10-20 18:00:00+00:00,25.0,24.8
2021-10-20 19:00:00+00:00,25.700000000000003,25.275
2021-10-20 20:00:00+00:00,26.325,25.75
2021-10-20 21:00:00+00:00,26.924999999999997,26.125
2021-10-20 22:00:00+00:00,27.175,26.349999999999998
2021-10-20 23:00:00+00:00,26.599999999999998,26.625
2021-10-21 00:00:00+00:00,26.025000000000002,26.6
2021-10-21 01:00:00+00:00,25.400000000000002,26.575
2021-10-21 02:00:00+00:00,24.95,26.5
2021-10-21 03:00:00+00:00,24.425,25.875
2021-10-21 04:00:00+00:00,24.224999999999998,25.650000000000002
2021-10-21 05:00:00+00:00,24.099999999999998,25.575
2021-10-21 06:00:00+00:00,23.95,25.5
2021-10-21 07:00:00+00:00,23.825000000000003,25.325000000000003
2021-10-21 08:00:00+00:00,23.425,25.325
2021-10-21 09:00:00+00:00,22.799999999999997,25.5
2021-10-21 10:00:00+00:00,22.0,25.475
2021-10-21 11:00:00+00:00,21.700000000000003,25.174999999999997
2021-10-21 12:00:00+00:00,21.374999999999996,25.15
2021-10-21 13:00:00+00:00,21.5,25.325000000000003
2021-10-21 14:00:00+00:00,22.0,25.325
2021-10-21 15:00:00+00:00,22.225,25.35
2021-10-21 16:00:00+00:00,22.6,25.325
2021-10-21 17:00:00+00:00,23.625,25.5
2021-10-21 18:00:00+00:00,24.4,25.575000000000003
2021-10-21 19:00:00+00:00,25.225,25.8
2021-10-21 20:00:00+00:00,25.775,26.375
2021-10-21 21:00:00+00:00,26.65,26.624999999999996
2021-10-21 22:00:00+00:00,27.15,27.25
2021-10-21 23:00:00+00:00,26.75,26.975
2021-10-22 00:00:00+00:00,26.05,27.049999999999997
2021-10-22 01:00:00+00:00,25.525,27.150000000000002
2021-10-22 02:00:00+00:00,24.675,27.049999999999997
2021-10-22 03:00:00+00:00,24.5,26.925
2021-10-22 04:00:00+00:00,24.375,26.800000000000004
2021-10-22 05:00:00+00:00,24.275,26.625
2021-10-22 06:00:00+00:00,24.200000000000003,26.599999999999998
2021-10-22 07:00:00+00:00,23.575,26.425
2021-10-22 08:00:00+00:00,23.675,26.35
2021-10-22 09:00:00+00:00,22.875,26.25
2021-10-22 10:00:00+00:00,22.049999999999997,26.05
2021-10-22 11:00:00+00:00,21.75,26.025
2021-10-22 12:00:00+00:00,21.575000000000003,26.099999999999998
2021-10-22 13:00:00+00:00,21.424999999999997,26.049999999999997
2021-10-22 14:00:00+00:00,22.225,25.975
2021-10-22 15:00:00+00:00,23.099999999999998,25.975
2021-10-22 16:00:00+00:00,24.1,26.025000000000002
2021-10-22 17:00:00+00:00,25.275000000000002,26.125
2021-10-22 18:00:00+00:00,25.375,26.35
2021-10-22 19:00:00+00:00,25.85,27.0
2021-10-22 20:00:00+00:00,26.275,27.599999999999998
2021-10-22 21:00:00+00:00,26.4,27.975
2021-10-22 22:00:00+00:00,26.224999999999998,28.1
2021-10-22 23:00:00+00:00,26.2,28.15
2021-10-23 00:00:00+00:00,25.375,27.950000000000003
2021-10-23 01:00:00+00:00,25.175,27.65
2021-10-23 02:00:00+00:00,25.375,27.375
2021-10-23 03:00:00+00:00,25.375,27.25
2021-10-23 04:00:00+00:00,25.525,27.15
2021-10-23 05:00:00+00:00,25.6,27.1
2021-10-23 06:00:00+00:00,25.75,27.050000000000004
2021-10-23 07:00:00+00:00,25.725,27.025
2021-10-23 08:00:00+00:00,25.475,27.025
2021-10-23 09:00:00+00:00,25.375,26.95
2021-10-23 10:00:00+00:00,25.424999999999997,26.75
2021-10-23 11:00:00+00:00,25.15,26.599999999999998
2021-10-23 12:00:00+00:00,24.5,26.4
2021-10-23 13:00:00+00:00,24.825000000000003,26.4
2021-10-23 14:00:00+00:00,24.725,26.4
2021-10-23 15:00:00+00:00,24.85,26.325
2021-10-23 16:00:00+00:00,24.700000000000003,26.275000000000002
2021-10-23 17:00:00+00:00,25.475,26.349999999999998
2021-10-23 18:00:00+00:00,25.950000000000003,26.424999999999997
2021-10-23 19:00:00+00:00,23.575,26.599999999999998
2021-10-23 20:00:00+00:00,22.375,26.849999999999998
2021-10-23 21:00:00+00:00,23.3,26.8
2021-10-23 22:00:00+00:00,24.1,26.7
2021-10-23 23:00:00+00:00,24.175000000000004,26.575
2021-10-24 00:00:00+00:00,24.225,26.549999999999997
2021-10-24 01:00:00+00:00,24.099999999999998,26.525000000000002
2021-10-24 02:00:00+00:00,24.299999999999997,26.425
2021-10-24 03:00:00+00:00,24.624999999999996,26.324999999999996
2021-10-24 04:00:00+00:00,24.625,26.2
2021-10-24 05:00:00+00:00,24.55,26.1
2021-10-24 06:00:00+00:00,24.875,26.075000000000003
2021-10-24 07:00:00+00:00,24.9,26.075000000000003
2021-10-24 08:00:00+00:00,24.875,26.050000000000004
2021-10-24 09:00:00+00:00,24.950000000000003,26.0
2021-10-24 10:00:00+00:00,24.65,25.9
2021-10-24 11:00:00+00:00,24.45,25.95
2021-10-24 12:00:00+00:00,24.325,25.9
2021-10-24 13:00:00+00:00,24.475,25.95
2021-10-24 14:00:00+00:00,25.625,25.925
2021-10-24 15:00:00+00:00,26.375,25.9
2021-10-24 16:00:00+00:00,26.699999999999996,25.95
2021-10-24 17:00:00+00:00,26.975,26.099999999999998
2021-10-24 18:00:00+00:00,27.025,26.375
2021-10-24 19:00:00+00:00,27.225,26.75
2021-10-24 20:00:00+00:00,27.725,27.1
2021-10-24 21:00:00+00:00,27.799999999999997,27.375
2021-10-24 22:00:00+00:00,27.700000000000003,27.425
2021-10-24 23:00:00+00:00,27.4,27.625
2021-10-25 00:00:00+00:00,26.625,27.75
2021-10-25 01:00:00+00:00,26.275,27.675
2021-10-25 02:00:00+00:00,26.175,27.625000000000004
2021-10-25 03:00:00+00:00,26.150000000000002,27.625
2021-10-25 04:00:00+00:00,26.025,27.65
2021-10-25 05:00:00+00:00,25.975,27.549999999999997
2021-10-25 06:00:00+00:00,25.875,27.349999999999998
2021-10-25 07:00:00+00:00,25.85,27.3
2021-10-25 08:00:00+00:00,25.775,27.2
2021-10-25 09:00:00+00:00,25.525,27.125
2021-10-25 10:00:00+00:00,25.425,27.049999999999997
2021-10-25 11:00:00+00:00,25.25,27.025
2021-10-25 12:00:00+00:00,24.7,26.950000000000003
2021-10-25 13:00:00+00:00,24.95,26.875
2021-10-25 14:00:00+00:00,26.125,26.875
2021-10-25 15:00:00+00:00,26.825,26.875
2021-10-25 16:00:00+00:00,26.775000000000002,26.799999999999997
2021-10-25 17:00:00+00:00,27.025,27.0
2021-10-25 18:00:00+00:00,27.299999999999997,27.45
2021-10-25 19:00:00+00:00,27.625,27.85
2021-10-25 20:00:00+00:00,27.724999999999998,28.225
2021-10-25 21:00:00+00:00,27.85,28.650000000000002
2021-10-25 22:00:00+00:00,28.0,28.599999999999998
2021-10-25 23:00:00+00:00,27.775,28.849999999999998
2021-10-26 00:00:00+00:00,27.075,28.650000000000002
2021-10-26 01:00:00+00:00,26.625,28.875
2021-10-26 02:00:00+00:00,26.5,28.85
2021-10-26 03:00:00+00:00,26.5,28.75
2021-10-26 04:00:00+00:00,26.5,28.6
2021-10-26 05:00:00+00:00,26.424999999999997,28.4
2021-10-26 06:00:00+00:00,26.475,28.275000000000002
2021-10-26 07:00:00+00:00,26.375,28.225
2021-10-26 08:00:00+00:00,26.424999999999997,28.049999999999997
2021-10-26 09:00:00+00:00,26.25,27.925
2021-10-26 10:00:00+00:00,26.325,27.875
2021-10-26 11:00:00+00:00,26.4,27.875
2021-10-26 12:00:00+00:00,26.2,27.825000000000003
2021-10-26 13:00:00+00:00,26.275,27.825000000000003
2021-10-26 14:00:00+00:00,26.525,27.799999999999997
2021-10-26 15:00:00+00:00,26.875,27.824999999999996
2021-10-26 16:00:00+00:00,27.225,27.9
2021-10-26 17:00:00+00:00,27.3,28.15
2021-10-26 18:00:00+00:00,27.25,28.15
2021-10-26 19:00:00+00:00,27.3,28.224999999999998
2021-10-26 20:00:00+00:00,27.549999999999997,28.4
2021-10-26 21:00:00+00:00,27.75,28.6
2021-10-26 22:00:00+00:00,27.4,28.800000000000004
2021-10-26 23:00:00+00:00,27.325000000000003,28.725
2021-10-27 00:00:00+00:00,27.025,28.6
2021-10-27 01:00:00+00:00,26.900000000000002,28.45
2021-10-27 02:00:00+00:00,26.75,28.325000000000003
2021-10-27 03:00:00+00:00,26.675,28.25
2021-10-27 04:00:00+00:00,26.700000000000003,28.1
2021-10-27 05:00:00+00:00,26.675,27.925
2021-10-27 06:00:00+00:00,26.7,27.799999999999997
2021-10-27 07:00:00+00:00,26.775,27.75
2021-10-27 08:00:00+00:00,26.775,27.65
2021-10-27 09:00:00+00:00,26.75,27.525
2021-10-27 10:00:00+00:00,26.775,27.474999999999998
2021-10-27 11:00:00+00:00,27.025000000000002,27.375
2021-10-27 12:00:00+00:00,26.95,27.325000000000003
2021-10-27 13:00:00+00:00,27.125,27.35
2021-10-27 14:00:00+00:00,24.975,27.325
2021-10-27 15:00:00+00:00,18.9,27.15
2021-10-27 16:00:00+00:00,20.15,26.925
2021-10-27 17:00:00+00:00,20.65,26.8
2021-10-27 18:00:00+00:00,22.125,26.775
2021-10-27 19:00:00+00:00,24.125,26.974999999999998
2021-10-27 20:00:00+00:00,26.9,27.125
2021-10-27 21:00:00+00:00,27.725,27.075000000000003
2021-10-27 22:00:00+00:00,27.55,26.900000000000002
2021-10-27 23:00:00+00:00,26.400000000000002,26.625
2021-10-28 00:00:00+00:00,24.1,26.325
2021-10-28 01:00:00+00:00,22.15,26.025
2021-10-28 02:00:00+00:00,21.575000000000003,25.575000000000003
2021-10-28 03:00:00+00:00,20.674999999999997,25.275
2021-10-28 04:00:00+00:00,19.975,24.924999999999997
2021-10-28 05:00:00+00:00,19.35,24.575
2021-10-28 06:00:00+00:00,18.5,24.275
2021-10-28 07:00:00+00:00,18.35,24.250000000000004
2021-10-28 08:00:00+00:00,18.8,24.025000000000002
2021-10-28 09:00:00+00:00,17.575,23.699999999999996
2021-10-28 10:00:00+00:00,16.9,23.475
2021-10-28 11:00:00+00:00,15.9,22.950000000000003
2021-10-28 12:00:00+00:00,15.325,22.9
2021-10-28 13:00:00+00:00,14.925,22.450000000000003
2021-10-28 14:00:00+00:00,17.025000000000002,22.175
2021-10-28 15:00:00+00:00,19.6,22.124999999999996
2021-10-28 16:00:00+00:00,22.0,22.049999999999997
2021-10-28 17:00:00+00:00,23.500000000000004,22.15
2021-10-28 18:00:00+00:00,24.424999999999997,22.325
2021-10-28 19:00:00+00:00,24.95,22.800000000000004
2021-10-28 20:00:00+00:00,25.475,23.200000000000003
2021-10-28 21:00:00+00:00,25.799999999999997,23.15
2021-10-28 22:00:00+00:00,25.85,23.174999999999997
2021-10-28 23:00:00+00:00,25.299999999999997,22.9
2021-10-29 00:00:00+00:00,23.0,22.625000000000004
2021-10-29 01:00:00+00:00,21.375,22.299999999999997
2021-10-29 02:00:00+00:00,20.575,22.075
2021-10-29 03:00:00+00:00,19.925,21.625
2021-10-29 04:00:00+00:00,18.45,21.325
2021-10-29 05:00:00+00:00,17.425,21.0
2021-10-29 06:00:00+00:00,17.025000000000002,20.549999999999997
2021-10-29 07:00:00+00:00,16.775,20.474999999999998
2021-10-29 08:00:00+00:00,16.3,20.275
2021-10-29 09:00:00+00:00,15.95,19.925
2021-10-29 10:00:00+00:00,15.825,19.65
2021-10-29 11:00:00+00:00,15.25,19.200000000000003
2021-10-29 12:00:00+00:00,14.3,19.15
2021-10-29 13:00:00+00:00,13.475,18.85
2021-10-29 14:00:00+00:00,15.700000000000001,18.775
2021-10-29 15:00:00+00:00,18.2,17.96666666666667
2021-10-29 16:00:00+00:00,19.55,18.45
2021-10-29 17:00:00+00:00,20.35,18.575000000000003
2021-10-29 18:00:00+00:00,20.975,19.200000000000003
2021-10-29 19:00:00+00:00,21.525,20.15
2021-10-29 20:00:00+00:00,22.225,20.6
2021-10-29 21:00:00+00:00,22.575,21.0
2021-10-29 22:00:00+00:00,22.75,20.75
2021-10-29 23:00:00+00:00,22.475,20.7
2021-10-30 00:00:00+00:00,20.200000000000003,20.575
2021-10-30 01:00:00+00:00,19.0,20.125
2021-10-30 02:00:00+00:00,17.55,19.949999999999996
2021-10-30 03:00:00+00:00,16.825,19.425
2021-10-30 04:00:00+00:00,16.1,19.425
2021-10-30 05:00:00+00:00,15.325,19.225
2021-10-30 06:00:00+00:00,14.55,19.075
2021-10-30 07:00:00+00:00,13.7,18.950000000000003
2021-10-30 08:00:00+00:00,13.0,18.85
2021-10-30 09:00:00+00:00,12.399999999999999,19.275
2021-10-30 10:00:00+00:00,12.100000000000001,19.35
2021-10-30 11:00:00+00:00,12.325,19.525000000000002
2021-10-30 12:00:00+00:00,12.3,19.575
2021-10-30 13:00:00+00:00,12.299999999999999,19.625
2021-10-30 14:00:00+00:00,14.725,19.224999999999998
2021-10-30 15:00:00+00:00,16.5,18.675
2021-10-30 16:00:00+00:00,18.275,19.1
2021-10-30 17:00:00+00:00,18.85,19.625
2021-10-30 18:00:00+00:00,19.875,20.275
2021-10-30 19:00:00+00:00,20.8,20.8
2021-10-30 20:00:00+00:00,21.674999999999997,21.475
2021-10-30 21:00:00+00:00,22.3,21.875
2021-10-30 22:00:00+00:00,22.35,22.2
2021-10-30 23:00:00+00:00,22.1,22.175
2021-10-31 00:00:00+00:00,21.075,22.075
2021-10-31 01:00:00+00:00,20.0,21.95
2021-10-31 02:00:00+00:00,19.775,21.8
2021-10-31 03:00:00+00:00,19.775,21.775000000000002
2021-10-31 04:00:00+00:00,19.75,21.75
2021-10-31 05:00:00+00:00,19.625,21.724999999999998
2021-10-31 06:00:00+00:00,19.7,21.650000000000002
2021-10-31 07:00:00+00:00,19.825000000000003,21.775
2021-10-31 08:00:00+00:00,19.900000000000002,21.825
2021-10-31 09:00:00+00:00,19.174999999999997,21.900000000000002
2021-10-31 10:00:00+00:00,19.025,21.900000000000002
2021-10-31 11:00:00+00:00,19.45,21.9
2021-10-31 12:00:00+00:00,19.475,21.825000000000003
2021-10-31 13:00:00+00:00,20.05,21.799999999999997
2021-10-31 14:00:00+00:00,21.65,21.800000000000004
2021-10-31 15:00:00+00:00,23.125,21.55
2021-10-31 16:00:00+00:00,23.675,21.650000000000002
2021-10-31 17:00:00+00:00,23.875000000000004,22.075
2021-10-31 18:00:00+00:00,24.0,22.5
2021-10-31 19:00:00+00:00,24.175,22.95
2021-10-31 20:00:00+00:00,24.275,23.450000000000003
2021-10-31 21:00:00+00:00,24.375,23.55
2021-10-31 22:00:00+00:00,24.349999999999998,23.65
2021-10-31 23:00:00+00:00,23.875,23.725
2021-11-01 00:00:00+00:00,22.474999999999998,23.525000000000002
2021-11-01 01:00:00+00:00,21.825,23.225
2021-11-01 02:00:00+00:00,21.575000000000003,23.1
2021-11-01 03:00:00+00:00,21.450000000000003,23.075000000000003
2021-11-01 04:00:00+00:00,21.200000000000003,22.95
2021-11-01 05:00:00+00:00,21.025000000000002,22.85
2021-11-01 06:00:00+00:00,20.85,22.825000000000003
2021-11-01 07:00:00+00:00,20.55,22.725
2021-11-01 08:00:00+00:00,20.450000000000003,22.725
2021-11-01 09:00:00+00:00,20.15,22.699999999999996
2021-11-01 10:00:00+00:00,20.025000000000002,22.75
2021-11-01 11:00:00+00:00,19.974999999999998,22.75
2021-11-01 12:00:00+00:00,20.1,22.674999999999997
2021-11-01 13:00:00+00:00,20.325,22.475
2021-11-01 14:00:00+00:00,21.475,22.499999999999996
2021-11-01 15:00:00+00:00,22.725,22.5
2021-11-01 16:00:00+00:00,23.725,22.55
2021-11-01 17:00:00+00:00,24.225,22.900000000000002
2021-11-01 18:00:00+00:00,24.25,23.225
2021-11-01 19:00:00+00:00,24.299999999999997,23.625000000000004
2021-11-01 20:00:00+00:00,24.25,23.950000000000003
2021-11-01 21:00:00+00:00,24.075000000000003,24.099999999999998
2021-11-01 22:00:00+00:00,23.925,24.225
2021-11-01 23:00:00+00:00,23.575000000000003,24.2
2021-11-02 00:00:00+00:00,22.625,24.225
2021-11-02 01:00:00+00:00,22.275,24.1
2021-11-02 02:00:00+00:00,22.15,24.05
2021-11-02 03:00:00+00:00,22.075,24.0
2021-11-02 04:00:00+00:00,21.874999999999996,23.85
2021-11-02 05:00:00+00:00,21.875,23.875
2021-11-02 06:00:00+00:00,21.675,23.775
2021-11-02 07:00:00+00:00,21.6,23.675
2021-11-02 08:00:00+00:00,21.25,23.575000000000003
2021-11-02 09:00:00+00:00,21.325,23.475
2021-11-02 10:00:00+00:00,21.15,23.375000000000004
2021-11-02 11:00:00+00:00,20.674999999999997,23.35
2021-11-02 12:00:00+00:00,20.525,23.225
2021-11-02 13:00:00+00:00,20.549999999999997,23.174999999999997
2021-11-02 14:00:00+00:00,22.1,23.05
2021-11-02 15:00:00+00:00,22.950000000000003,23.1
2021-11-02 16:00:00+00:00,24.025,23.35
2021-11-02 17:00:00+00:00,24.200000000000003,23.699999999999996
2021-11-02 18:00:00+00:00,24.375,24.0
2021-11-02 19:00:00+00:00,24.2,24.3
2021-11-02 20:00:00+00:00,24.225,24.4
2021-11-02 21:00:00+00:00,24.175,24.525
2021-11-02 22:00:00+00:00,24.05,24.625
2021-11-02 23:00:00+00:00,23.725,24.700000000000003
2021-11-03 00:00:00+00:00,23.099999999999998,24.575
2021-11-03 01:00:00+00:00,22.974999999999998,24.45
2021-11-03 02:00:00+00:00,23.075,24.35
2021-11-03 03:00:00+00:00,23.175,24.275
2021-11-03 04:00:00+00:00,23.2,24.225
2021-11-03 05:00:00+00:00,23.174999999999997,24.2
2021-11-03 06:00:00+00:00,23.300000000000004,24.125
2021-11-03 07:00:00+00:00,23.325,24.075
2021-11-03 08:00:00+00:00,23.175,24.0
2021-11-03 09:00:00+00:00,23.025,23.85
2021-11-03 10:00:00+00:00,22.475,23.775
2021-11-03 11:00:00+00:00,21.775,23.8
2021-11-03 12:00:00+00:00,21.75,23.7
2021-11-03 13:00:00+00:00,21.875,23.65
2021-11-03 14:00:00+00:00,22.7,23.6
2021-11-03 15:00:00+00:00,24.15,23.675
2021-11-03 16:00:00+00:00,24.275,23.900000000000002
2021-11-03 17:00:00+00:00,24.525000000000002,24.075
2021-11-03 18:00:00+00:00,24.85,24.25
2021-11-03 19:00:00+00:00,24.825000000000003,24.65
2021-11-03 20:00:00+00:00,24.799999999999997,24.9
2021-11-03 21:00:00+00:00,23.549999999999997,24.975
2021-11-03 22:00:00+00:00,20.700000000000003,24.950000000000003
2021-11-03 23:00:00+00:00,20.175,24.5
2021-11-04 00:00:00+00:00,19.025,24.175
2021-11-04 01:00:00+00:00,18.55,23.85
2021-11-04 02:00:00+00:00,18.549999999999997,23.650000000000002
2021-11-04 03:00:00+00:00,18.15,23.45
2021-11-04 04:00:00+00:00,18.375,23.3
2021-11-04 05:00:00+00:00,18.25,23.150000000000002
2021-11-04 06:00:00+00:00,16.425,22.775
2021-11-04 07:00:00+00:00,14.225,22.575000000000003
2021-11-04 08:00:00+00:00,13.8,22.025000000000002
2021-11-04 09:00:00+00:00,13.425,21.85
2021-11-04 10:00:00+00:00,13.275,21.575
2021-11-04 11:00:00+00:00,13.149999999999999,21.375
2021-11-04 12:00:00+00:00,12.925,21.0
2021-11-04 13:00:00+00:00,12.425,20.7
2021-11-04 14:00:00+00:00,12.149999999999999,20.35
2021-11-04 15:00:00+00:00,12.125,20.025
2021-11-04 16:00:00+00:00,11.95,19.825
2021-11-04 17:00:00+00:00,11.975,19.549999999999997
2021-11-04 18:00:00+00:00,12.35,19.4
2021-11-04 19:00:00+00:00,12.825,19.275
2021-11-04 20:00:00+00:00,13.100000000000001,19.025
2021-11-04 21:00:00+00:00,13.075,19.025
2021-11-04 22:00:00+00:00,13.075000000000001,19.425
2021-11-04 23:00:00+00:00,13.424999999999999,19.7
2021-11-05 00:00:00+00:00,13.275,19.35
2021-11-05 01:00:00+00:00,13.35,19.05
2021-11-05 02:00:00+00:00,13.225,18.725
2021-11-05 03:00:00+00:00,13.225,18.65
2021-11-05 04:00:00+00:00,13.125,18.849999999999998
2021-11-05 05:00:00+00:00,13.100000000000001,18.85
2021-11-05 06:00:00+00:00,13.175,18.95
2021-11-05 07:00:00+00:00,13.249999999999998,18.975
2021-11-05 08:00:00+00:00,12.875,18.95
2021-11-05 09:00:00+00:00,12.225,19.0
2021-11-05 10:00:00+00:00,11.725000000000001,18.975
2021-11-05 11:00:00+00:00,11.475,18.85
2021-11-05 12:00:00+00:00,11.05,18.125
2021-11-05 13:00:00+00:00,10.825000000000001,17.85
2021-11-05 14:00:00+00:00,11.875000000000002,17.825000000000003
2021-11-05 15:00:00+00:00,12.85,17.975
2021-11-05 16:00:00+00:00,13.75,18.2
2021-11-05 17:00:00+00:00,14.600000000000001,18.450000000000003
2021-11-05 18:00:00+00:00,15.6,18.675
2021-11-05 19:00:00+00:00,16.1,19.475
2021-11-05 20:00:00+00:00,16.6,19.974999999999998
2021-11-05 21:00:00+00:00,17.0,20.325
2021-11-05 22:00:00+00:00,17.375,20.549999999999997
2021-11-05 23:00:00+00:00,17.325,20.425
2021-11-06 00:00:00+00:00,16.4,20.25
2021-11-06 01:00:00+00:00,16.0,20.15
2021-11-06 02:00:00+00:00,15.974999999999998,20.2
2021-11-06 03:00:00+00:00,15.55,20.150000000000002
2021-11-06 04:00:00+00:00,15.399999999999999,20.05
2021-11-06 05:00:00+00:00,15.024999999999999,19.9
2021-11-06 06:00:00+00:00,14.675,19.6
2021-11-06 07:00:00+00:00,14.25,19.55
2021-11-06 08:00:00+00:00,14.0,19.3
2021-11-06 09:00:00+00:00,13.85,19.200000000000003
2021-11-06 10:00:00+00:00,13.425,19.0
2021-11-06 11:00:00+00:00,13.149999999999999,18.9
2021-11-06 12:00:00+00:00,13.175,18.825
2021-11-06 13:00:00+00:00,13.3,18.6
2021-11-06 14:00:00+00:00,14.0,18.425
2021-11-06 15:00:00+00:00,14.7,18.450000000000003
2021-11-06 16:00:00+00:00,15.5,18.166666666666668
2021-11-06 17:00:00+00:00,16.275000000000002,18.775
2021-11-06 18:00:00+00:00,17.15,19.174999999999997
2021-11-06 19:00:00+00:00,17.849999999999998,19.650000000000002
2021-11-06 20:00:00+00:00,18.475,20.275000000000002
2021-11-06 21:00:00+00:00,18.7,20.4
2021-11-06 22:00:00+00:00,19.5,20.724999999999998
2021-11-06 23:00:00+00:00,19.875,20.799999999999997
2021-11-07 00:00:00+00:00,18.075,20.724999999999998
2021-11-07 01:00:00+00:00,17.55,20.625
2021-11-07 02:00:00+00:00,17.3,20.5
2021-11-07 03:00:00+00:00,16.825,20.475
2021-11-07 04:00:00+00:00,16.425,20.425
2021-11-07 05:00:00+00:00,16.525,20.325
2021-11-07 06:00:00+00:00,15.975,20.224999999999998
2021-11-07 07:00:00+00:00,15.649999999999999,20.125
2021-11-07 08:00:00+00:00,15.8,19.875
2021-11-07 09:00:00+00:00,15.850000000000001,19.725
2021-11-07 10:00:00+00:00,15.925,19.65
2021-11-07 11:00:00+00:00,15.7,19.475
2021-11-07 12:00:00+00:00,15.45,19.450000000000003
2021-11-07 13:00:00+00:00,15.375,19.425
2021-11-07 14:00:00+00:00,16.3,19.325
2021-11-07 15:00:00+00:00,17.375,19.375
2021-11-07 16:00:00+00:00,18.474999999999998,19.599999999999998
2021-11-07 17:00:00+00:00,19.175,19.825
2021-11-07 18:00:00+00:00,20.225,20.225
2021-11-07 19:00:00+00:00,20.425,20.625
2021-11-07 20:00:00+00:00,20.75,21.349999999999998
2021-11-07 21:00:00+00:00,20.775,21.7
2021-11-07 22:00:00+00:00,20.675,21.775
2021-11-07 23:00:00+00:00,20.400000000000002,21.95
2021-11-08 00:00:00+00:00,19.425,22.0
2021-11-08 01:00:00+00:00,18.925,21.825000000000003
2021-11-08 02:00:00+00:00,18.799999999999997,21.775000000000002
2021-11-08 03:00:00+00:00,18.625,21.5
2021-11-08 04:00:00+00:00,18.6,21.474999999999998
2021-11-08 05:00:00+00:00,18.525,21.375
2021-11-08 06:00:00+00:00,18.525,21.325
2021-11-08 07:00:00+00:00,18.45,21.225
2021-11-08 08:00:00+00:00,18.475,21.05
2021-11-08 09:00:00+00:00,18.25,20.975
2021-11-08 10:00:00+00:00,18.05,21.0
2021-11-08 11:00:00+00:00,17.875,20.85
2021-11-08 12:00:00+00:00,17.849999999999998,20.725
2021-11-08 13:00:00+00:00,17.925,20.725
2021-11-08 14:00:00+00:00,19.125,20.599999999999998
2021-11-08 15:00:00+00:00,20.225,20.45
2021-11-08 16:00:00+00:00,21.725,20.550000000000004
2021-11-08 17:00:00+00:00,21.924999999999997,20.825
2021-11-08 18:00:00+00:00,22.6,21.0
2021-11-08 19:00:00+00:00,22.9,21.574999999999996
2021-11-08 20:00:00+00:00,23.025,21.875
2021-11-08 21:00:00+00:00,22.8,22.200000000000003
2021-11-08 22:00:00+00:00,22.875,22.5
2021-11-08 23:00:00+00:00,22.325,22.700000000000003
2021-11-09 00:00:00+00:00,21.275000000000002,22.450000000000003
2021-11-09 01:00:00+00:00,20.8,22.325
2021-11-09 02:00:00+00:00,20.65,22.25
2021-11-09 03:00:00+00:00,20.45,22.150000000000002
2021-11-09 04:00:00+00:00,20.75,22.125
2021-11-09 05:00:00+00:00,20.75,22.15
2021-11-09 06:00:00+00:00,20.575,22.025
2021-11-09 07:00:00+00:00,20.325,22.025
2021-11-09 08:00:00+00:00,20.3,21.900000000000002
2021-11-09 09:00:00+00:00,20.425,21.85
2021-11-09 10:00:00+00:00,20.475,21.75
2021-11-09 11:00:00+00:00,20.549999999999997,21.65
2021-11-09 12:00:00+00:00,20.375,21.575000000000003
2021-11-09 13:00:00+00:00,20.55,21.5
2021-11-09 14:00:00+00:00,21.299999999999997,21.45
2021-11-09 15:00:00+00:00,22.05,21.424999999999997
2021-11-09 16:00:00+00:00,22.775,21.5
2021-11-09 17:00:00+00:00,23.4,21.674999999999997
2021-11-09 18:00:00+00:00,23.724999999999998,21.9
2021-11-09 19:00:00+00:00,23.725,22.05
2021-11-09 20:00:00+00:00,23.625,22.625
2021-11-09 21:00:00+00:00,23.450000000000003,22.924999999999997
2021-11-09 22:00:00+00:00,23.225,23.05
2021-11-09 23:00:00+00:00,22.65,22.975
2021-11-10 00:00:00+00:00,22.075,22.950000000000003
2021-11-10 01:00:00+00:00,21.85,22.799999999999997
2021-11-10 02:00:00+00:00,21.65,22.625
2021-11-10 03:00:00+00:00,21.5,22.55
2021-11-10 04:00:00+00:00,21.775,22.45
2021-11-10 05:00:00+00:00,21.650000000000002,22.4
2021-11-10 06:00:00+00:00,21.55,22.3
2021-11-10 07:00:00+00:00,21.75,22.275
2021-11-10 08:00:00+00:00,21.2,22.200000000000003
2021-11-10 09:00:00+00:00,21.225,22.150000000000002
2021-11-10 10:00:00+00:00,21.375,22.1
2021-11-10 11:00:00+00:00,21.35,22.1
2021-11-10 12:00:00+00:00,21.174999999999997,22.049999999999997
2021-11-10 13:00:00+00:00,21.75,21.975
2021-11-10 14:00:00+00:00,22.025,21.9
2021-11-10 15:00:00+00:00,22.375,21.85
2021-11-10 16:00:00+00:00,22.775000000000002,21.925
2021-11-10 17:00:00+00:00,23.525,22.15
2021-11-10 18:00:00+00:00,24.125,22.375
2021-11-10 19:00:00+00:00,24.175,22.825000000000003
2021-11-10 20:00:00+00:00,24.4,23.175000000000004
2021-11-10 21:00:00+00:00,24.525,23.35
2021-11-10 22:00:00+00:00,24.45,23.35
2021-11-10 23:00:00+00:00,24.15,23.174999999999997
2021-11-11 00:00:00+00:00,23.4,23.05
2021-11-11 01:00:00+00:00,23.175,23.15
2021-11-11 02:00:00+00:00,23.05,23.375
2021-11-11 03:00:00+00:00,23.025,23.325
2021-11-11 04:00:00+00:00,22.85,23.3
2021-11-11 05:00:00+00:00,22.75,23.25
2021-11-11 06:00:00+00:00,22.5,23.125
2021-11-11 07:00:00+00:00,22.400000000000002,23.075000000000003
2021-11-11 08:00:00+00:00,22.4,23.0
2021-11-11 09:00:00+00:00,22.15,22.95
2021-11-11 10:00:00+00:00,22.15,22.9
2021-11-11 11:00:00+00:00,22.025,22.875
2021-11-11 12:00:00+00:00,21.275,22.775000000000002
2021-11-11 13:00:00+00:00,21.05,22.675000000000004
2021-11-11 14:00:00+00:00,21.975,22.6
2021-11-11 15:00:00+00:00,23.475,22.65
2021-11-11 16:00:00+00:00,23.174999999999997,22.8
2021-11-11 17:00:00+00:00,22.775,22.849999999999998
2021-11-11 18:00:00+00:00,22.700000000000003,23.05
2021-11-11 19:00:00+00:00,23.55,23.25
2021-11-11 20:00:00+00:00,24.449999999999996,23.325
2021-11-11 21:00:00+00:00,24.7,23.849999999999998
2021-11-11 22:00:00+00:00,24.724999999999998,24.025
2021-11-11 23:00:00+00:00,23.725,24.075
2021-11-12 00:00:00+00:00,22.35,23.875
2021-11-12 01:00:00+00:00,21.174999999999997,23.624999999999996
2021-11-12 02:00:00+00:00,20.625,23.375
2021-11-12 03:00:00+00:00,19.525000000000002,23.2
2021-11-12 04:00:00+00:00,19.0,22.950000000000003
2021-11-12 05:00:00+00:00,18.225,22.825000000000003
2021-11-12 06:00:00+00:00,18.125,22.65
2021-11-12 07:00:00+00:00,17.85,22.525000000000002
2021-11-12 08:00:00+00:00,17.5,22.45
2021-11-12 09:00:00+00:00,17.15,22.35
2021-11-12 10:00:00+00:00,16.75,22.2
2021-11-12 11:00:00+00:00,15.025000000000002,22.05
2021-11-12 12:00:00+00:00,14.75,21.599999999999998
2021-11-12 13:00:00+00:00,14.375,21.675
2021-11-12 14:00:00+00:00,15.450000000000001,21.75
2021-11-12 15:00:00+00:00,16.85,21.575
2021-11-12 16:00:00+00:00,18.375,21.55
2021-11-12 17:00:00+00:00,19.675,21.700000000000003
2021-11-12 18:00:00+00:00,20.825,22.05
2021-11-12 19:00:00+00:00,21.85,22.8
2021-11-12 20:00:00+00:00,23.275,23.35
2021-11-12 21:00:00+00:00,24.125,23.474999999999998
2021-11-12 22:00:00+00:00,24.650000000000002,23.674999999999997
2021-11-12 23:00:00+00:00,24.6,23.6
2021-11-13 00:00:00+00:00,22.650000000000002,23.5
2021-11-13 01:00:00+00:00,22.525,23.45
2021-11-13 02:00:00+00:00,21.9,23.474999999999998
2021-11-13 03:00:00+00:00,21.25,23.4
2021-11-13 04:00:00+00:00,20.2,23.1
2021-11-13 05:00:00+00:00,19.225,22.775000000000002
2021-11-13 06:00:00+00:00,18.5,22.55
2021-11-13 07:00:00+00:00,17.825000000000003,22.1
2021-11-13 08:00:00+00:00,16.933333333333334,21.233333333333334
2021-11-13 09:00:00+00:00,16.875,21.349999999999998
2021-11-13 10:00:00+00:00,16.05,20.674999999999997
2021-11-13 11:00:00+00:00,15.424999999999999,20.45
2021-11-13 12:00:00+00:00,14.625,20.225
2021-11-13 13:00:00+00:00,14.075,19.725
2021-11-13 14:00:00+00:00,14.55,19.6
2021-11-13 15:00:00+00:00,15.624999999999998,19.475
2021-11-13 16:00:00+00:00,16.55,19.6
2021-11-13 17:00:00+00:00,17.3,19.975
2021-11-13 18:00:00+00:00,17.8,20.075
2021-11-13 19:00:00+00:00,18.35,20.450000000000003
2021-11-13 20:00:00+00:00,18.65,21.15
2021-11-13 21:00:00+00:00,18.6,21.199999999999996
2021-11-13 22:00:00+00:00,19.125,21.1
2021-11-13 23:00:00+00:00,18.95,21.15
2021-11-14 00:00:00+00:00,17.8,21.125
2021-11-14 01:00:00+00:00,17.175,21.125
2021-11-14 02:00:00+00:00,16.875,20.849999999999998
2021-11-14 03:00:00+00:00,17.150000000000002,20.825
2021-11-14 04:00:00+00:00,17.475,20.674999999999997
2021-11-14 05:00:00+00:00,17.0,20.45
2021-11-14 06:00:00+00:00,17.4,20.3
2021-11-14 07:00:00+00:00,17.45,20.049999999999997
2021-11-14 08:00:00+00:00,17.9,19.9
2021-11-14 09:00:00+00:00,18.05,19.825
2021-11-14 10:00:00+00:00,18.375,20.175
2021-11-14 11:00:00+00:00,18.15,20.0
2021-11-14 12:00:00+00:00,18.275,19.975
2021-11-14 13:00:00+00:00,18.775,20.175
2021-11-14 14:00:00+00:00,18.325,20.175
2021-11-14 15:00:00+00:00,19.299999999999997,20.25
2021-11-14 16:00:00+00:00,20.225,20.375
2021-11-14 17:00:00+00:00,21.225,20.625
2021-11-14 18:00:00+00:00,22.2,20.875
2021-11-14 19:00:00+00:00,22.75,21.174999999999997
2021-11-14 20:00:00+00:00,22.925,21.200000000000003
2021-11-14 21:00:00+00:00,22.85,21.5
2021-11-14 22:00:00+00:00,22.775,21.625
2021-11-14 23:00:00+00:00,22.525,21.675
2021-11-15 00:00:00+00:00,21.625,21.75
2021-11-15 01:00:00+00:00,21.075,21.775
2021-11-15 02:00:00+00:00,20.8,21.7
2021-11-15 03:00:00+00:00,20.925,21.55
2021-11-15 04:00:00+00:00,20.825,21.575000000000003
2021-11-15 05:00:00+00:00,20.75,21.550000000000004
2021-11-15 06:00:00+00:00,20.6,21.525
2021-11-15 07:00:00+00:00,20.6,21.425
2021-11-15 08:00:00+00:00,20.174999999999997,21.375
2021-11-15 09:00:00+00:00,19.9,21.375
2021-11-15 10:00:00+00:00,20.0,21.35
2021-11-15 11:00:00+00:00,18.975,21.275
2021-11-15 12:00:00+00:00,18.45,21.200000000000003
2021-11-15 13:00:00+00:00,18.5,21.025000000000002
2021-11-15 14:00:00+00:00,20.425,21.0
2021-11-15 15:00:00+00:00,22.375,21.05
2021-11-15 16:00:00+00:00,22.375000000000004,21.2
2021-11-15 17:00:00+00:00,23.5,21.299999999999997
2021-11-15 18:00:00+00:00,23.8,22.025
2021-11-15 19:00:00+00:00,23.95,22.625
2021-11-15 20:00:00+00:00,24.2,22.975
2021-11-15 21:00:00+00:00,23.8,22.8
2021-11-15 22:00:00+00:00,23.75,22.925
2021-11-15 23:00:00+00:00,23.375,22.924999999999997
2021-11-16 00:00:00+00:00,22.325000000000003,22.85
2021-11-16 01:00:00+00:00,21.85,22.849999999999998
2021-11-16 02:00:00+00:00,22.0,22.85
2021-11-16 03:00:00+00:00,22.05,22.675000000000004
2021-11-16 04:00:00+00:00,21.95,22.6
2021-11-16 05:00:00+00:00,22.099999999999998,22.475
2021-11-16 06:00:00+00:00,22.025,22.424999999999997
2021-11-16 07:00:00+00:00,22.075,22.375
2021-11-16 08:00:00+00:00,21.950000000000003,22.3
2021-11-16 09:00:00+00:00,21.749999999999996,22.25
2021-11-16 10:00:00+00:00,21.6,22.200000000000003
2021-11-16 11:00:00+00:00,21.475,22.124999999999996
2021-11-16 12:00:00+00:00,21.525,22.05
2021-11-16 13:00:00+00:00,21.5,22.0
2021-11-16 14:00:00+00:00,22.125,21.975
2021-11-16 15:00:00+00:00,22.9,22.025
2021-11-16 16:00:00+00:00,23.6,22.15
2021-11-16 17:00:00+00:00,23.925000000000004,22.5
2021-11-16 18:00:00+00:00,24.2,22.875
2021-11-16 19:00:00+00:00,24.375,23.2
2021-11-16 20:00:00+00:00,24.425,23.65
2021-11-16 21:00:00+00:00,24.400000000000002,23.700000000000003
2021-11-16 22:00:00+00:00,24.275,23.575000000000003
2021-11-16 23:00:00+00:00,24.0,23.599999999999998
2021-11-17 00:00:00+00:00,23.15,23.450000000000003
2021-11-17 01:00:00+00:00,22.9,23.4
2021-11-17 02:00:00+00:00,22.849999999999998,23.325
2021-11-17 03:00:00+00:00,22.9,23.174999999999997
2021-11-17 04:00:00+00:00,22.949999999999996,23.125
2021-11-17 05:00:00+00:00,22.775,23.05
2021-11-17 06:00:00+00:00,22.875,23.0
2021-11-17 07:00:00+00:00,22.85,22.975
2021-11-17 08:00:00+00:00,22.85,22.85
2021-11-17 09:00:00+00:00,22.825,22.674999999999997
2021-11-17 10:00:00+00:00,22.775,22.6
2021-11-17 11:00:00+00:00,22.6,22.725
2021-11-17 12:00:00+00:00,22.449999999999996,22.675
2021-11-17 13:00:00+00:00,22.5,22.650000000000002
2021-11-17 14:00:00+00:00,22.725,22.549999999999997
2021-11-17 15:00:00+00:00,23.450000000000003,22.549999999999997
2021-11-17 16:00:00+00:00,24.1,22.6
2021-11-17 17:00:00+00:00,24.4,22.799999999999997
2021-11-17 18:00:00+00:00,24.925000000000004,23.225
2021-11-17 19:00:00+00:00,25.200000000000003,23.549999999999997
2021-11-17 20:00:00+00:00,25.325000000000003,23.875
2021-11-17 21:00:00+00:00,25.275,24.324999999999996
2021-11-17 22:00:00+00:00,24.975,24.325000000000003
2021-11-17 23:00:00+00:00,24.674999999999997,24.075
2021-11-18 00:00:00+00:00,23.349999999999998,24.025
2021-11-18 01:00:00+00:00,23.125,24.025
2021-11-18 02:00:00+00:00,23.1,23.849999999999998
2021-11-18 03:00:00+00:00,22.799999999999997,23.75
2021-11-18 04:00:00+00:00,22.725,23.675
2021-11-18 05:00:00+00:00,23.0,23.625
2021-11-18 06:00:00+00:00,22.85,23.575
2021-11-18 07:00:00+00:00,22.0,23.624999999999996
2021-11-18 08:00:00+00:00,21.700000000000003,23.650000000000002
2021-11-18 09:00:00+00:00,21.45,23.650000000000002
2021-11-18 10:00:00+00:00,21.175000000000004,23.6
2021-11-18 11:00:00+00:00,21.125,23.525
2021-11-18 12:00:00+00:00,20.049999999999997,23.475
2021-11-18 13:00:00+00:00,17.425,23.225
2021-11-18 14:00:00+00:00,17.175,22.4
2021-11-18 15:00:00+00:00,17.025000000000002,22.45
2021-11-18 16:00:00+00:00,17.075,22.25
2021-11-18 17:00:00+00:00,17.9,22.15
2021-11-18 18:00:00+00:00,18.125,22.200000000000003
2021-11-18 19:00:00+00:00,18.975,22.0
2021-11-18 20:00:00+00:00,19.8,22.025
2021-11-18 21:00:00+00:00,19.475,21.950000000000003
2021-11-18 22:00:00+00:00,19.25,21.724999999999998
2021-11-18 23:00:00+00:00,19.125,21.575000000000003
2021-11-19 00:00:00+00:00,18.65,21.3
2021-11-19 01:00:00+00:00,17.924999999999997,21.075000000000003
2021-11-19 02:00:00+00:00,17.0,20.9
2021-11-19 03:00:00+00:00,16.724999999999998,20.575000000000003
2021-11-19 04:00:00+00:00,16.075,20.65
2021-11-19 05:00:00+00:00,15.325000000000001,20.5
2021-11-19 06:00:00+00:00,14.825,20.25
2021-11-19 07:00:00+00:00,14.350000000000001,20.125
2021-11-19 08:00:00+00:00,13.85,19.45
2021-11-19 09:00:00+00:00,13.55,19.275
2021-11-19 10:00:00+00:00,13.075,19.324999999999996
2021-11-19 11:00:00+00:00,12.25,18.95
2021-11-19 12:00:00+00:00,12.05,19.025
2021-11-19 13:00:00+00:00,11.775,18.7
2021-11-19 14:00:00+00:00,11.924999999999999,18.175
2021-11-19 15:00:00+00:00,12.25,17.775
2021-11-19 16:00:00+00:00,12.625,17.725
2021-11-19 17:00:00+00:00,13.25,17.775
2021-11-19 18:00:00+00:00,13.899999999999999,17.825000000000003
2021-11-19 19:00:00+00:00,14.8,18.599999999999998
2021-11-19 20:00:00+00:00,15.549999999999999,18.65
2021-11-19 21:00:00+00:00,16.125,18.449999999999996
2021-11-19 22:00:00+00:00,16.325000000000003,19.0
2021-11-19 23:00:00+00:00,16.55,19.2
2021-11-20 00:00:00+00:00,16.15,19.225
2021-11-20 01:00:00+00:00,15.975,19.175
2021-11-20 02:00:00+00:00,16.05,19.375
2021-11-20 03:00:00+00:00,16.35,19.45
2021-11-20 04:00:00+00:00,16.9,19.475
2021-11-20 05:00:00+00:00,16.6,19.5
2021-11-20 06:00:00+00:00,16.5,19.575
2021-11-20 07:00:00+00:00,16.425,19.7
2021-11-20 08:00:00+00:00,16.125,19.725
2021-11-20 09:00:00+00:00,15.724999999999998,19.425
2021-11-20 10:00:00+00:00,14.974999999999998,19.375
2021-11-20 11:00:00+00:00,14.825,19.35
2021-11-20 12:00:00+00:00,14.75,19.175
2021-11-20 13:00:00+00:00,15.25,19.075
2021-11-20 14:00:00+00:00,15.75,18.95
2021-11-20 15:00:00+00:00,16.999999999999996,18.95
2021-11-20 16:00:00+00:00,19.825000000000003,19.125
2021-11-20 17:00:00+00:00,21.424999999999997,19.474999999999998
2021-11-20 18:00:00+00:00,22.575000000000003,19.9
2021-11-20 19:00:00+00:00,22.775,20.375
2021-11-20 20:00:00+00:00,22.699999999999996,20.650000000000002
2021-11-20 21:00:00+00:00,22.875,20.9
2021-11-20 22:00:00+00:00,22.875,21.175
2021-11-20 23:00:00+00:00,22.424999999999997,21.174999999999997
2021-11-21 00:00:00+00:00,21.425,21.349999999999998
2021-11-21 01:00:00+00:00,21.125,21.424999999999997
2021-11-21 02:00:00+00:00,21.1,21.299999999999997
2021-11-21 03:00:00+00:00,21.175,21.049999999999997
2021-11-21 04:00:00+00:00,21.225,20.800000000000004
2021-11-21 05:00:00+00:00,21.224999999999998,20.799999999999997
2021-11-21 06:00:00+00:00,21.025,20.75
2021-11-21 07:00:00+00:00,20.9,20.725
2021-11-21 08:00:00+00:00,20.85,20.700000000000003
2021-11-21 09:00:00+00:00,20.65,20.65
2021-11-21 10:00:00+00:00,20.375,20.6
2021-11-21 11:00:00+00:00,20.450000000000003,20.625
2021-11-21 12:00:00+00:00,19.724999999999998,20.625
2021-11-21 13:00:00+00:00,19.475,20.55
2021-11-21 14:00:00+00:00,20.4,20.5
2021-11-21 15:00:00+00:00,22.375,20.525
2021-11-21 16:00:00+00:00,22.725,20.6
2021-11-21 17:00:00+00:00,23.4,20.775
2021-11-21 18:00:00+00:00,23.975,21.0
2021-11-21 19:00:00+00:00,23.975,21.324999999999996
2021-11-21 20:00:00+00:00,23.974999999999998,21.975
2021-11-21 21:00:00+00:00,24.625000000000004,22.424999999999997
2021-11-21 22:00:00+00:00,23.975,22.5
2021-11-21 23:00:00+00:00,23.475,22.55
2021-11-22 00:00:00+00:00,22.8,22.574999999999996
2021-11-22 01:00:00+00:00,22.275,22.625
2021-11-22 02:00:00+00:00,21.9,22.625
2021-11-22 03:00:00+00:00,21.874999999999996,22.675
2021-11-22 04:00:00+00:00,21.549999999999997,22.65
2021-11-22 05:00:00+00:00,20.05,22.549999999999997
2021-11-22 06:00:00+00:00,18.725,22.375
2021-11-22 07:00:00+00:00,17.924999999999997,21.725
2021-11-22 08:00:00+00:00,17.275,21.425
2021-11-22 09:00:00+00:00,16.6,21.2
2021-11-22 10:00:00+00:00,16.174999999999997,20.925
2021-11-22 11:00:00+00:00,15.85,20.700000000000003
2021-11-22 12:00:00+00:00,15.6,20.375
2021-11-22 13:00:00+00:00,15.299999999999999,20.0
2021-11-22 14:00:00+00:00,14.875,19.599999999999998
2021-11-22 15:00:00+00:00,15.25,18.35
2021-11-22 16:00:00+00:00,15.725000000000001,19.55
2021-11-22 17:00:00+00:00,15.975,19.875
2021-11-22 18:00:00+00:00,17.025,20.125
2021-11-22 19:00:00+00:00,18.575,20.4
2021-11-22 20:00:00+00:00,19.725,20.700000000000003
2021-11-22 21:00:00+00:00,20.35,20.95
2021-11-22 22:00:00+00:00,20.700000000000003,21.05
2021-11-22 23:00:00+00:00,20.35,20.925
2021-11-23 00:00:00+00:00,18.65,20.575
2021-11-23 01:00:00+00:00,17.75,20.424999999999997
2021-11-23 02:00:00+00:00,16.45,20.275
2021-11-23 03:00:00+00:00,16.075,20.375
2021-11-23 04:00:00+00:00,15.175,20.15
2021-11-23 05:00:00+00:00,14.499999999999998,19.825
2021-11-23 06:00:00+00:00,14.425,19.9
2021-11-23 07:00:00+00:00,14.025,19.825
2021-11-23 08:00:00+00:00,13.925,19.525
2021-11-23 09:00:00+00:00,13.375,19.125
2021-11-23 10:00:00+00:00,13.075000000000001,19.2
2021-11-23 11:00:00+00:00,13.55,19.275
2021-11-23 12:00:00+00:00,13.25,18.75
2021-11-23 13:00:00+00:00,13.375,18.5
2021-11-23 14:00:00+00:00,14.799999999999999,19.0
2021-11-23 15:00:00+00:00,16.425,18.45
2021-11-23 16:00:00+00:00,17.675,18.5
2021-11-23 17:00:00+00:00,18.675,18.825
2021-11-23 18:00:00+00:00,19.275,19.175
2021-11-23 19:00:00+00:00,20.15,19.724999999999998
2021-11-23 20:00:00+00:00,20.35,20.175
2021-11-23 21:00:00+00:00,20.400000000000002,20.475
2021-11-23 22:00:00+00:00,20.6,20.700000000000003
2021-11-23 23:00:00+00:00,20.225,20.725
2021-11-24 00:00:00+00:00,18.96666666666667,20.0
2021-11-24 01:00:00+00:00,19.025,20.525
2021-11-24 02:00:00+00:00,19.049999999999997,20.425
2021-11-24 03:00:00+00:00,18.900000000000002,20.4
2021-11-24 04:00:00+00:00,18.95,20.475
2021-11-24 05:00:00+00:00,19.575,20.225
2021-11-24 06:00:00+00:00,19.950000000000003,20.15
2021-11-24 07:00:00+00:00,19.95,20.2
2021-11-24 08:00:00+00:00,20.025000000000002,20.125
2021-11-24 09:00:00+00:00,20.2,20.1
2021-11-24 10:00:00+00:00,20.475,20.05
2021-11-24 11:00:00+00:00,20.575,20.025
2021-11-24 12:00:00+00:00,20.775,20.025
2021-11-24 13:00:00+00:00,20.675,20.05
2021-11-24 14:00:00+00:00,21.3,20.025
2021-11-24 15:00:00+00:00,21.700000000000003,20.025
2021-11-24 16:00:00+00:00,23.0,20.099999999999998
2021-11-24 17:00:00+00:00,23.175,20.15
2021-11-24 18:00:00+00:00,23.6,20.5
2021-11-24 19:00:00+00:00,23.95,20.65
2021-11-24 20:00:00+00:00,23.475,20.7
2021-11-24 21:00:00+00:00,23.4,20.85
2021-11-24 22:00:00+00:00,23.125,21.025000000000002
2021-11-24 23:00:00+00:00,22.625,21.075000000000003
2021-11-25 00:00:00+00:00,22.525,21.1
2021-11-25 01:00:00+00:00,22.700000000000003,21.275
2021-11-25 02:00:00+00:00,22.7,21.225
2021-11-25 03:00:00+00:00,22.75,21.175
2021-11-25 04:00:00+00:00,22.475,21.25
2021-11-25 05:00:00+00:00,22.3,21.174999999999997
2021-11-25 06:00:00+00:00,22.299999999999997,21.15
2021-11-25 07:00:00+00:00,22.300000000000004,21.1
2021-11-25 08:00:00+00:00,22.225,21.075
2021-11-25 09:00:00+00:00,22.225,21.049999999999997
2021-11-25 10:00:00+00:00,22.275,21.05
2021-11-25 11:00:00+00:00,21.975,21.075
2021-11-25 12:00:00+00:00,21.85,21.075
2021-11-25 13:00:00+00:00,21.799999999999997,21.125
2021-11-25 14:00:00+00:00,21.75,21.125
2021-11-25 15:00:00+00:00,22.099999999999998,21.175
2021-11-25 16:00:00+00:00,21.800000000000004,21.225
2021-11-25 17:00:00+00:00,21.05,21.275
2021-11-25 18:00:00+00:00,19.925,21.2
2021-11-25 19:00:00+00:00,16.849999999999998,21.15
2021-11-25 20:00:00+00:00,13.524999999999999,21.025
2021-11-25 21:00:00+00:00,13.274999999999999,20.700000000000003
2021-11-25 22:00:00+00:00,12.775000000000002,20.425
2021-11-25 23:00:00+00:00,12.475,20.0
2021-11-26 00:00:00+00:00,12.825,19.675
2021-11-26 01:00:00+00:00,13.299999999999999,19.375
2021-11-26 02:00:00+00:00,13.725,19.125
2021-11-26 03:00:00+00:00,13.799999999999999,18.75
2021-11-26 04:00:00+00:00,13.9,18.700000000000003
2021-11-26 05:00:00+00:00,13.8,18.525
2021-11-26 06:00:00+00:00,13.499999999999998,18.25
2021-11-26 07:00:00+00:00,12.975000000000001,18.200000000000003
2021-11-26 08:00:00+00:00,12.425,18.0
2021-11-26 09:00:00+00:00,11.875,17.575000000000003
2021-11-26 10:00:00+00:00,11.475000000000001,17.5
2021-11-26 11:00:00+00:00,10.975000000000001,17.3
2021-11-26 12:00:00+00:00,10.325,16.7
2021-11-26 13:00:00+00:00,9.825,16.175
2021-11-26 14:00:00+00:00,9.825,15.924999999999999
2021-11-26 15:00:00+00:00,9.9,16.05
2021-11-26 16:00:00+00:00,10.525,16.0
2021-11-26 17:00:00+00:00,11.325000000000001,16.075
2021-11-26 18:00:00+00:00,12.3,16.3
2021-11-26 19:00:00+00:00,13.175,16.525
2021-11-26 20:00:00+00:00,13.825000000000001,16.9
2021-11-26 21:00:00+00:00,14.55,17.225
2021-11-26 22:00:00+00:00,14.825,17.3
2021-11-26 23:00:00+00:00,14.8,17.175
2021-11-27 00:00:00+00:00,14.125,17.25
2021-11-27 01:00:00+00:00,13.375,17.5
2021-11-27 02:00:00+00:00,12.625,17.3
2021-11-27 03:00:00+00:00,12.3,17.325
2021-11-27 04:00:00+00:00,11.95,17.275
2021-11-27 05:00:00+00:00,11.924999999999999,17.150000000000002
2021-11-27 06:00:00+00:00,11.95,16.825
2021-11-27 07:00:00+00:00,11.850000000000001,16.75
2021-11-27 08:00:00+00:00,11.849999999999998,16.9
2021-11-27 09:00:00+00:00,11.85,17.125
2021-11-27 10:00:00+00:00,11.75,17.25
2021-11-27 11:00:00+00:00,11.8,17.2
2021-11-27 12:00:00+00:00,11.5,16.849999999999998
2021-11-27 13:00:00+00:00,10.875,16.424999999999997
2021-11-27 14:00:00+00:00,10.4,16.4
2021-11-27 15:00:00+00:00,9.95,16.325
2021-11-27 16:00:00+00:00,9.9,16.325
2021-11-27 17:00:00+00:00,9.925,16.075
2021-11-27 18:00:00+00:00,9.925,16.15
2021-11-27 19:00:00+00:00,10.65,16.1
2021-11-27 20:00:00+00:00,11.475,16.05
2021-11-27 21:00:00+00:00,11.275,16.125
2021-11-27 22:00:00+00:00,11.05,16.025000000000002
2021-11-27 23:00:00+00:00,10.700000000000001,16.25
2021-11-28 00:00:00+00:00,10.924999999999999,16.3
2021-11-28 01:00:00+00:00,11.0,16.299999999999997
2021-11-28 02:00:00+00:00,10.825,16.2
2021-11-28 03:00:00+00:00,11.125,16.1
2021-11-28 04:00:00+00:00,11.2,16.1
2021-11-28 05:00:00+00:00,11.149999999999999,15.525000000000002
2021-11-28 06:00:00+00:00,11.2,15.649999999999999
2021-11-28 07:00:00+00:00,11.4,15.7
2021-11-28 08:00:00+00:00,11.75,15.725000000000001
2021-11-28 09:00:00+00:00,12.075,15.524999999999999
2021-11-28 10:00:00+00:00,12.1,15.575000000000001
2021-11-28 11:00:00+00:00,12.525,15.55
2021-11-28 12:00:00+00:00,12.875,15.575
2021-11-28 13:00:00+00:00,12.624999999999998,15.549999999999999
2021-11-28 14:00:00+00:00,12.399999999999999,15.399999999999999
2021-11-28 15:00:00+00:00,12.65,15.549999999999999
2021-11-28 16:00:00+00:00,12.774999999999999,15.399999999999999
2021-11-28 17:00:00+00:00,12.575,15.475
2021-11-28 18:00:00+00:00,12.849999999999998,16.075
2021-11-28 19:00:00+00:00,12.825,15.675
2021-11-28 20:00:00+00:00,13.35,15.675
2021-11-28 21:00:00+00:00,13.75,15.725000000000001
2021-11-28 22:00:00+00:00,14.1,15.775000000000002
2021-11-28 23:00:00+00:00,14.2,15.8
2021-11-29 00:00:00+00:00,14.100000000000001,15.8
2021-11-29 01:00:00+00:00,13.775,16.375
2021-11-29 02:00:00+00:00,13.25,16.4
2021-11-29 03:00:00+00:00,12.775,16.325000000000003
2021-11-29 04:00:00+00:00,12.1,16.25
2021-11-29 05:00:00+00:00,11.525,16.275
2021-11-29 06:00:00+00:00,10.675,16.325
2021-11-29 07:00:00+00:00,10.833333333333334,16.7
2021-11-29 08:00:00+00:00,9.6,16.225
2021-11-29 09:00:00+00:00,8.450000000000001,16.15
2021-11-29 10:00:00+00:00,8.75,16.025000000000002
2021-11-29 11:00:00+00:00,9.575000000000001,15.575000000000001
2021-11-29 12:00:00+00:00,9.625,15.549999999999999
2021-11-29 13:00:00+00:00,9.3,15.5
2021-11-29 14:00:00+00:00,9.375,15.325000000000001
2021-11-29 15:00:00+00:00,10.275,15.375
2021-11-29 16:00:00+00:00,11.899999999999999,15.5
2021-11-29 17:00:00+00:00,12.775,15.675
2021-11-29 18:00:00+00:00,14.05,15.899999999999999
2021-11-29 19:00:00+00:00,15.0,16.25
2021-11-29 20:00:00+00:00,15.875,16.525
2021-11-29 21:00:00+00:00,16.349999999999998,17.224999999999998
2021-11-29 22:00:00+00:00,17.1,17.349999999999998
2021-11-29 23:00:00+00:00,16.8,17.375
2021-11-30 00:00:00+00:00,15.95,17.35
2021-11-30 01:00:00+00:00,15.475,17.125
2021-11-30 02:00:00+00:00,15.2,17.05
2021-11-30 03:00:00+00:00,15.100000000000001,17.0
2021-11-30 04:00:00+00:00,14.95,17.175
2021-11-30 05:00:00+00:00,14.675,17.2
2021-11-30 06:00:00+00:00,14.375,17.299999999999997
2021-11-30 07:00:00+00:00,14.124999999999998,17.275
2021-11-30 08:00:00+00:00,13.924999999999999,17.3
2021-11-30 09:00:00+00:00,13.950000000000001,17.25
2021-11-30 10:00:00+00:00,13.475,16.825
2021-11-30 11:00:00+00:00,13.075000000000001,16.674999999999997
2021-11-30 12:00:00+00:00,12.925,16.474999999999998
2021-11-30 13:00:00+00:00,12.75,16.35
2021-11-30 14:00:00+00:00,13.625,16.2
2021-11-30 15:00:00+00:00,14.925,16.275
2021-11-30 16:00:00+00:00,16.150000000000002,16.4
2021-11-30 17:00:00+00:00,18.025,16.75
2021-11-30 18:00:00+00:00,18.7,16.9
2021-11-30 19:00:00+00:00,19.85,17.275
2021-11-30 20:00:00+00:00,20.15,18.299999999999997
2021-11-30 21:00:00+00:00,20.475,18.65
2021-11-30 22:00:00+00:00,20.55,18.75
2021-11-30 23:00:00+00:00,19.9,18.65
2021-12-01 00:00:00+00:00,18.55,18.575000000000003
2021-12-01 01:00:00+00:00,17.9,18.775000000000002
2021-12-01 02:00:00+00:00,17.775,18.45
2021-12-01 03:00:00+00:00,17.625,18.299999999999997
2021-12-01 04:00:00+00:00,17.4,18.025000000000002
2021-12-01 05:00:00+00:00,17.45,18.049999999999997
2021-12-01 06:00:00+00:00,17.175,18.15
2021-12-01 07:00:00+00:00,16.975,18.05
2021-12-01 08:00:00+00:00,16.75,18.25
2021-12-01 09:00:00+00:00,16.25,18.2
2021-12-01 10:00:00+00:00,15.850000000000001,18.225
2021-12-01 11:00:00+00:00,15.375,17.9
2021-12-01 12:00:00+00:00,15.225000000000001,17.849999999999998
2021-12-01 13:00:00+00:00,15.05,17.65
2021-12-01 14:00:00+00:00,15.575000000000001,17.625
2021-12-01 15:00:00+00:00,17.225,17.55
2021-12-01 16:00:00+00:00,18.1,17.575
2021-12-01 17:00:00+00:00,19.325,17.85
2021-12-01 18:00:00+00:00,20.9,18.0
2021-12-01 19:00:00+00:00,20.950000000000003,18.3
2021-12-01 20:00:00+00:00,21.3,18.8
2021-12-01 21:00:00+00:00,21.475,19.9
2021-12-01 22:00:00+00:00,21.225,19.924999999999997
2021-12-01 23:00:00+00:00,20.825,19.975
2021-12-02 00:00:00+00:00,19.575000000000003,19.849999999999998
2021-12-02 01:00:00+00:00,19.0,19.825
2021-12-02 02:00:00+00:00,18.75,19.724999999999998
2021-12-02 03:00:00+00:00,18.75,19.65
2021-12-02 04:00:00+00:00,18.825,19.525
2021-12-02 05:00:00+00:00,18.5,19.4
2021-12-02 06:00:00+00:00,18.525,19.349999999999998
2021-12-02 07:00:00+00:00,18.299999999999997,19.275
2021-12-02 08:00:00+00:00,18.25,19.225
2021-12-02 09:00:00+00:00,17.875,19.125
2021-12-02 10:00:00+00:00,17.225,18.95
2021-12-02 11:00:00+00:00,16.8,18.9
2021-12-02 12:00:00+00:00,16.55,18.775
2021-12-02 13:00:00+00:00,16.125,18.6
2021-12-02 14:00:00+00:00,16.5,18.525
2021-12-02 15:00:00+00:00,17.75,18.55
2021-12-02 16:00:00+00:00,19.35,18.575000000000003
2021-12-02 17:00:00+00:00,20.95,18.85
2021-12-02 18:00:00+00:00,21.200000000000003,19.075
2021-12-02 19:00:00+00:00,21.475,19.575
2021-12-02 20:00:00+00:00,22.025,20.275
2021-12-02 21:00:00+00:00,22.05,20.85
2021-12-02 22:00:00+00:00,22.2,20.975
2021-12-02 23:00:00+00:00,21.299999999999997,21.125
2021-12-03 00:00:00+00:00,20.45,21.05
2021-12-03 01:00:00+00:00,20.0,20.849999999999998
2021-12-03 02:00:00+00:00,19.9,20.8
2021-12-03 03:00:00+00:00,19.85,20.65
2021-12-03 04:00:00+00:00,19.775,20.549999999999997
2021-12-03 05:00:00+00:00,19.650000000000002,20.275
2021-12-03 06:00:00+00:00,19.85,20.125
2021-12-03 07:00:00+00:00,19.9,20.175
2021-12-03 08:00:00+00:00,19.975,20.275
2021-12-03 09:00:00+00:00,19.95,20.2
2021-12-03 10:00:00+00:00,19.775,20.125
2021-12-03 11:00:00+00:00,19.7,20.049999999999997
2021-12-03 12:00:00+00:00,19.549999999999997,20.0
2021-12-03 13:00:00+00:00,19.6,19.975
2021-12-03 14:00:00+00:00,19.7,19.975
2021-12-03 15:00:00+00:00,20.25,20.0
2021-12-03 16:00:00+00:00,20.849999999999998,20.125
2021-12-03 17:00:00+00:00,22.4,20.375
2021-12-03 18:00:00+00:00,23.0,20.575
2021-12-03 19:00:00+00:00,22.950000000000003,20.575000000000003
2021-12-03 20:00:00+00:00,22.725,21.225
2021-12-03 21:00:00+00:00,22.85,21.775
2021-12-03 22:00:00+00:00,22.65,21.775
2021-12-03 23:00:00+00:00,22.45,21.799999999999997
2021-12-04 00:00:00+00:00,21.075,21.75
2021-12-04 01:00:00+00:00,20.7,21.750000000000004
2021-12-04 02:00:00+00:00,20.575000000000003,21.75
2021-12-04 03:00:00+00:00,20.425,21.5
2021-12-04 04:00:00+00:00,20.45,21.425
2021-12-04 05:00:00+00:00,20.775,21.25
2021-12-04 06:00:00+00:00,20.875,21.125
2021-12-04 07:00:00+00:00,20.95,21.075000000000003
2021-12-04 08:00:00+00:00,20.775,21.125
2021-12-04 09:00:00+00:00,20.674999999999997,21.1
2021-12-04 10:00:00+00:00,20.724999999999998,21.075
2021-12-04 11:00:00+00:00,20.7,21.075
2021-12-04 12:00:00+00:00,20.550000000000004,21.0
2021-12-04 13:00:00+00:00,20.299999999999997,20.974999999999998
2021-12-04 14:00:00+00:00,20.7,20.925
2021-12-04 15:00:00+00:00,21.45,20.95
2021-12-04 16:00:00+00:00,22.325000000000003,21.025
2021-12-04 17:00:00+00:00,23.150000000000002,21.200000000000003
2021-12-04 18:00:00+00:00,23.6,21.549999999999997
2021-12-04 19:00:00+00:00,23.9,21.975
2021-12-04 20:00:00+00:00,23.975,22.45
2021-12-04 21:00:00+00:00,23.85,22.675
2021-12-04 22:00:00+00:00,23.375,22.674999999999997
2021-12-04 23:00:00+00:00,23.15,22.549999999999997
2021-12-05 00:00:00+00:00,22.349999999999998,22.475
2021-12-05 01:00:00+00:00,21.7,22.475
2021-12-05 02:00:00+00:00,21.35,22.5
2021-12-05 03:00:00+00:00,21.3,22.375
2021-12-05 04:00:00+00:00,21.225,22.15
2021-12-05 05:00:00+00:00,21.1,21.925
2021-12-05 06:00:00+00:00,21.1,21.875
2021-12-05 07:00:00+00:00,20.7,21.825000000000003
2021-12-05 08:00:00+00:00,20.6,21.75
2021-12-05 09:00:00+00:00,20.700000000000003,21.7
2021-12-05 10:00:00+00:00,20.525,21.725
2021-12-05 11:00:00+00:00,20.625,21.8
2021-12-05 12:00:00+00:00,20.825,21.825000000000003
2021-12-05 13:00:00+00:00,20.825,21.775
2021-12-05 14:00:00+00:00,21.425,21.725
2021-12-05 15:00:00+00:00,22.0,21.775
2021-12-05 16:00:00+00:00,23.025,21.975
2021-12-05 17:00:00+00:00,23.450000000000003,22.4
2021-12-05 18:00:00+00:00,23.8,22.725
2021-12-05 19:00:00+00:00,23.925,22.825
2021-12-05 20:00:00+00:00,23.9,23.0
2021-12-05 21:00:00+00:00,23.724999999999998,23.5
2021-12-05 22:00:00+00:00,23.724999999999998,23.475
2021-12-05 23:00:00+00:00,22.925,23.35
2021-12-06 00:00:00+00:00,22.55,23.225
2021-12-06 01:00:00+00:00,22.775,23.150000000000002
2021-12-06 02:00:00+00:00,23.025,23.25
2021-12-06 03:00:00+00:00,22.9,23.275
2021-12-06 04:00:00+00:00,22.975,23.049999999999997
2021-12-06 05:00:00+00:00,22.975,22.775000000000002
2021-12-06 06:00:00+00:00,23.05,22.700000000000003
2021-12-06 07:00:00+00:00,22.975,22.775
2021-12-06 08:00:00+00:00,22.975,22.750000000000004
2021-12-06 09:00:00+00:00,22.849999999999998,22.700000000000003
2021-12-06 10:00:00+00:00,22.674999999999997,22.725
2021-12-06 11:00:00+00:00,22.724999999999998,22.725
2021-12-06 12:00:00+00:00,22.375,22.725
2021-12-06 13:00:00+00:00,22.200000000000003,22.675
2021-12-06 14:00:00+00:00,22.4,22.725
2021-12-06 15:00:00+00:00,22.974999999999998,22.75
2021-12-06 16:00:00+00:00,23.499999999999996,22.825000000000003
2021-12-06 17:00:00+00:00,23.775,23.0
2021-12-06 18:00:00+00:00,24.325000000000003,23.249999999999996
2021-12-06 19:00:00+00:00,24.5,23.25
2021-12-06 20:00:00+00:00,19.9,23.35
2021-12-06 21:00:00+00:00,18.625,23.4
2021-12-06 22:00:00+00:00,18.425,23.099999999999998
2021-12-06 23:00:00+00:00,18.05,22.799999999999997
2021-12-07 00:00:00+00:00,17.9,22.525
2021-12-07 01:00:00+00:00,17.325000000000003,22.025000000000002
2021-12-07 02:00:00+00:00,16.825,21.75
2021-12-07 03:00:00+00:00,16.4,21.325000000000003
2021-12-07 04:00:00+00:00,15.675,21.049999999999997
2021-12-07 05:00:00+00:00,15.125,20.825
2021-12-07 06:00:00+00:00,14.8,20.35
2021-12-07 07:00:00+00:00,14.3,20.4
2021-12-07 08:00:00+00:00,13.95,20.275
2021-12-07 09:00:00+00:00,13.774999999999999,20.2
2021-12-07 10:00:00+00:00,13.425,20.0
2021-12-07 11:00:00+00:00,13.049999999999999,19.6
2021-12-07 12:00:00+00:00,12.700000000000001,19.299999999999997
2021-12-07 13:00:00+00:00,12.774999999999999,19.025000000000002
2021-12-07 14:00:00+00:00,12.625,18.85
2021-12-07 15:00:00+00:00,12.775,18.700000000000003
2021-12-07 16:00:00+00:00,13.45,18.674999999999997
2021-12-07 17:00:00+00:00,13.233333333333333,18.599999999999998
2021-12-07 18:00:00+00:00,14.55,18.65
2021-12-07 19:00:00+00:00,15.625,18.8
2021-12-07 20:00:00+00:00,16.175,19.2
2021-12-07 21:00:00+00:00,16.75,19.575
2021-12-07 22:00:00+00:00,17.05,19.625
2021-12-07 23:00:00+00:00,17.425,19.85
2021-12-08 00:00:00+00:00,17.675,19.674999999999997
2021-12-08 01:00:00+00:00,17.85,19.65
2021-12-08 02:00:00+00:00,18.075,19.675
2021-12-08 03:00:00+00:00,18.175,19.6
2021-12-08 04:00:00+00:00,18.2,19.625
2021-12-08 05:00:00+00:00,18.125,19.65
2021-12-08 06:00:00+00:00,17.975,19.85
2021-12-08 07:00:00+00:00,17.975,19.9
2021-12-08 08:00:00+00:00,17.625,19.9
2021-12-08 09:00:00+00:00,17.4,19.8
2021-12-08 10:00:00+00:00,17.325,19.825000000000003
2021-12-08 11:00:00+00:00,17.150000000000002,19.75
2021-12-08 12:00:00+00:00,17.25,19.7
2021-12-08 13:00:00+00:00,17.3,19.625
2021-12-08 14:00:00+00:00,17.475,19.625
2021-12-08 15:00:00+00:00,17.75,19.675
2021-12-08 16:00:00+00:00,18.4,19.75
2021-12-08 17:00:00+00:00,18.85,19.9
2021-12-08 18:00:00+00:00,19.475,20.075
2021-12-08 19:00:00+00:00,19.9,20.450000000000003
2021-12-08 20:00:00+00:00,20.2,21.125
2021-12-08 21:00:00+00:00,20.1,21.125
2021-12-08 22:00:00+00:00,20.025,21.224999999999998
2021-12-08 23:00:00+00:00,19.525,21.225
2021-12-09 00:00:00+00:00,19.200000000000003,21.125
2021-12-09 01:00:00+00:00,19.075000000000003,21.074999999999996
2021-12-09 02:00:00+00:00,19.15,21.049999999999997
2021-12-09 03:00:00+00:00,19.225,21.075
2021-12-09 04:00:00+00:00,19.45,21.025
2021-12-09 05:00:00+00:00,19.4,21.05
2021-12-09 06:00:00+00:00,19.95,21.0
2021-12-09 07:00:00+00:00,20.3,20.950000000000003
2021-12-09 08:00:00+00:00,20.25,20.9
2021-12-09 09:00:00+00:00,20.3,20.9
2021-12-09 10:00:00+00:00,20.775,20.875
2021-12-09 11:00:00+00:00,21.124999999999996,20.875
2021-12-09 12:00:00+00:00,20.975,20.875
2021-12-09 13:00:00+00:00,21.075,20.85
2021-12-09 14:00:00+00:00,21.6,20.9
2021-12-09 15:00:00+00:00,21.566666666666666,21.333333333333332
2021-12-09 16:00:00+00:00,22.025000000000002,21.075000000000003
2021-12-09 17:00:00+00:00,23.099999999999998,21.175
2021-12-09 18:00:00+00:00,23.175000000000004,21.675
2021-12-09 19:00:00+00:00,23.725,21.8
2021-12-09 20:00:00+00:00,23.825,22.05
2021-12-09 21:00:00+00:00,24.05,22.450000000000003
2021-12-09 22:00:00+00:00,23.8,22.750000000000004
2021-12-09 23:00:00+00:00,23.4,22.625
2021-12-10 00:00:00+00:00,23.049999999999997,22.375
2021-12-10 01:00:00+00:00,22.875,22.4
2021-12-10 02:00:00+00:00,22.974999999999998,22.599999999999998
2021-12-10 03:00:00+00:00,23.075000000000003,22.5
2021-12-10 04:00:00+00:00,23.1,22.525
2021-12-10 05:00:00+00:00,22.875,22.475
2021-12-10 06:00:00+00:00,22.75,22.35
2021-12-10 07:00:00+00:00,22.849999999999998,22.4
2021-12-10 08:00:00+00:00,22.799999999999997,22.4
2021-12-10 09:00:00+00:00,22.700000000000003,22.449999999999996
2021-12-10 10:00:00+00:00,22.925,22.4
2021-12-10 11:00:00+00:00,23.025,22.375
2021-12-10 12:00:00+00:00,22.875,22.324999999999996
2021-12-10 13:00:00+00:00,22.825000000000003,22.225
2021-12-10 14:00:00+00:00,22.775000000000002,22.25
2021-12-10 15:00:00+00:00,23.2,22.4
2021-12-10 16:00:00+00:00,23.425000000000004,22.575
2021-12-10 17:00:00+00:00,23.999999999999996,22.85
2021-12-10 18:00:00+00:00,24.324999999999996,23.175000000000004
2021-12-10 19:00:00+00:00,24.45,23.450000000000003
2021-12-10 20:00:00+00:00,24.4,23.75
2021-12-10 21:00:00+00:00,24.475,23.95
2021-12-10 22:00:00+00:00,24.375,23.974999999999998
2021-12-10 23:00:00+00:00,24.125,24.0
2021-12-11 00:00:00+00:00,23.85,23.825
2021-12-11 01:00:00+00:00,23.799999999999997,23.65
2021-12-11 02:00:00+00:00,23.75,23.6
2021-12-11 03:00:00+00:00,23.625,23.575
2021-12-11 04:00:00+00:00,23.55,23.575
2021-12-11 05:00:00+00:00,23.35,23.575
2021-12-11 06:00:00+00:00,23.125,23.549999999999997
2021-12-11 07:00:00+00:00,23.025,23.5
2021-12-11 08:00:00+00:00,22.85,23.475
2021-12-11 09:00:00+00:00,22.900000000000002,23.45
2021-12-11 10:00:00+00:00,22.875000000000004,23.45
2021-12-11 11:00:00+00:00,22.875,23.275
2021-12-11 12:00:00+00:00,22.775,23.225
2021-12-11 13:00:00+00:00,22.550000000000004,23.174999999999997
2021-12-11 14:00:00+00:00,18.8,22.924999999999997
2021-12-11 15:00:00+00:00,16.474999999999998,22.299999999999997
2021-12-11 16:00:00+00:00,16.2,21.975
2021-12-11 17:00:00+00:00,16.275000000000002,21.675
2021-12-11 18:00:00+00:00,15.799999999999997,21.45
2021-12-11 19:00:00+00:00,15.075,21.025
2021-12-11 20:00:00+00:00,14.850000000000001,20.55
2021-12-11 21:00:00+00:00,15.1,20.15
2021-12-11 22:00:00+00:00,14.825,19.625
2021-12-11 23:00:00+00:00,14.55,19.049999999999997
2021-12-12 00:00:00+00:00,13.4,18.6
2021-12-12 01:00:00+00:00,12.825000000000001,18.125
2021-12-12 02:00:00+00:00,12.275,17.550000000000004
2021-12-12 03:00:00+00:00,11.75,16.9
2021-12-12 04:00:00+00:00,11.125,16.599999999999998
2021-12-12 05:00:00+00:00,10.75,16.225
2021-12-12 06:00:00+00:00,10.3,16.0
2021-12-12 07:00:00+00:00,10.25,15.749999999999998
2021-12-12 08:00:00+00:00,10.375,15.65
2021-12-12 09:00:00+00:00,10.125,15.4
2021-12-12 10:00:00+00:00,9.875,15.399999999999999
2021-12-12 11:00:00+00:00,9.55,15.349999999999998
2021-12-12 12:00:00+00:00,9.025,14.55
2021-12-12 13:00:00+00:00,8.625,14.299999999999999
2021-12-12 14:00:00+00:00,8.700000000000001,13.75
2021-12-12 15:00:00+00:00,9.350000000000001,13.549999999999999
2021-12-12 16:00:00+00:00,9.899999999999999,13.8
2021-12-12 17:00:00+00:00,11.15,14.3
2021-12-12 18:00:00+00:00,12.05,15.225
2021-12-12 19:00:00+00:00,12.825,15.55
2021-12-12 20:00:00+00:00,13.799999999999999,16.0
2021-12-12 21:00:00+00:00,14.8,16.375
2021-12-12 22:00:00+00:00,14.55,16.75
2021-12-12 23:00:00+00:00,14.674999999999999,17.125
2021-12-13 00:00:00+00:00,14.15,17.4
2021-12-13 01:00:00+00:00,14.025000000000002,17.525
2021-12-13 02:00:00+00:00,14.25,17.625
2021-12-13 03:00:00+00:00,14.575,17.625
2021-12-13 04:00:00+00:00,14.725,17.75
2021-12-13 05:00:00+00:00,14.649999999999999,17.775
2021-12-13 06:00:00+00:00,14.225,17.799999999999997
2021-12-13 07:00:00+00:00,14.15,17.725
2021-12-13 08:00:00+00:00,14.424999999999999,17.525
2021-12-13 09:00:00+00:00,14.75,17.450000000000003
2021-12-13 10:00:00+00:00,14.6,17.025000000000002
2021-12-13 11:00:00+00:00,14.899999999999999,17.174999999999997
2021-12-13 12:00:00+00:00,15.025,17.125
2021-12-13 13:00:00+00:00,15.075000000000001,16.925
2021-12-13 14:00:00+00:00,14.85,16.75
2021-12-13 15:00:00+00:00,14.700000000000001,16.7
2021-12-13 16:00:00+00:00,15.075,16.55
2021-12-13 17:00:00+00:00,15.425,16.65
2021-12-13 18:00:00+00:00,16.05,17.15
2021-12-13 19:00:00+00:00,16.575,17.225
2021-12-13 20:00:00+00:00,17.025,17.599999999999998
2021-12-13 21:00:00+00:00,17.724999999999998,17.825000000000003
2021-12-13 22:00:00+00:00,17.675,17.924999999999997
2021-12-13 23:00:00+00:00,18.075,17.825
2021-12-14 00:00:00+00:00,18.125,17.775
2021-12-14 01:00:00+00:00,18.125,17.725
2021-12-14 02:00:00+00:00,18.25,17.75
2021-12-14 03:00:00+00:00,18.625,17.7
2021-12-14 04:00:00+00:00,18.775000000000002,17.724999999999998
2021-12-14 05:00:00+00:00,19.099999999999998,17.675
2021-12-14 06:00:00+00:00,19.45,17.65
2021-12-14 07:00:00+00:00,19.724999999999998,17.75
2021-12-14 08:00:00+00:00,19.45,17.725
2021-12-14 09:00:00+00:00,19.575000000000003,17.675
2021-12-14 10:00:00+00:00,19.65,17.65
2021-12-14 11:00:00+00:00,19.925,17.675
2021-12-14 12:00:00+00:00,20.075,17.65
2021-12-14 13:00:00+00:00,20.0,17.725
2021-12-14 14:00:00+00:00,20.074999999999996,17.775
2021-12-14 15:00:00+00:00,20.825000000000003,17.875
2021-12-14 16:00:00+00:00,21.675,18.225
2021-12-14 17:00:00+00:00,22.125,18.5
2021-12-14 18:00:00+00:00,22.674999999999997,18.825
2021-12-14 19:00:00+00:00,22.975,19.4
2021-12-14 20:00:00+00:00,22.950000000000003,19.825000000000003
2021-12-14 21:00:00+00:00,22.975,19.975
2021-12-14 22:00:00+00:00,22.925,19.875
2021-12-14 23:00:00+00:00,22.125,20.075
2021-12-15 00:00:00+00:00,21.275000000000002,20.125
2021-12-15 01:00:00+00:00,20.825,20.15
2021-12-15 02:00:00+00:00,20.7,20.125
2021-12-15 03:00:00+00:00,20.549999999999997,20.125
2021-12-15 04:00:00+00:00,20.25,20.05
2021-12-15 05:00:00+00:00,20.15,19.975
2021-12-15 06:00:00+00:00,20.35,19.924999999999997
2021-12-15 07:00:00+00:00,20.425,19.9
2021-12-15 08:00:00+00:00,20.475,19.925
2021-12-15 09:00:00+00:00,20.6,19.95
2021-12-15 10:00:00+00:00,20.625,19.9
2021-12-15 11:00:00+00:00,20.625,19.85
2021-12-15 12:00:00+00:00,20.375,19.8
2021-12-15 13:00:00+00:00,20.375,19.8
2021-12-15 14:00:00+00:00,20.5,19.75
2021-12-15 15:00:00+00:00,21.625,19.775
2021-12-15 16:00:00+00:00,22.675000000000004,19.950000000000003
2021-12-15 17:00:00+00:00,23.425,20.35
2021-12-15 18:00:00+00:00,23.65,20.675
2021-12-15 19:00:00+00:00,23.849999999999998,21.15
2021-12-15 20:00:00+00:00,23.75,21.225
2021-12-15 21:00:00+00:00,23.525,21.7
2021-12-15 22:00:00+00:00,23.5,21.8
2021-12-15 23:00:00+00:00,23.049999999999997,21.825000000000003
2021-12-16 00:00:00+00:00,22.025,21.825
2021-12-16 01:00:00+00:00,21.725,21.874999999999996
2021-12-16 02:00:00+00:00,21.75,21.674999999999997
2021-12-16 03:00:00+00:00,21.85,21.549999999999997
2021-12-16 04:00:00+00:00,22.175,21.45
2021-12-16 05:00:00+00:00,22.1,21.375
2021-12-16 06:00:00+00:00,22.125,21.374999999999996
2021-12-16 07:00:00+00:00,22.125,21.400000000000002
2021-12-16 08:00:00+00:00,22.0,21.375
2021-12-16 09:00:00+00:00,21.8,21.375
2021-12-16 10:00:00+00:00,21.6,21.374999999999996
2021-12-16 11:00:00+00:00,21.375,21.4
2021-12-16 12:00:00+00:00,21.2,21.299999999999997
2021-12-16 13:00:00+00:00,21.2,21.224999999999998
2021-12-16 14:00:00+00:00,21.349999999999998,21.224999999999998
2021-12-16 15:00:00+00:00,22.2,21.224999999999998
2021-12-16 16:00:00+00:00,22.85,21.375
2021-12-16 17:00:00+00:00,23.75,21.675
2021-12-16 18:00:00+00:00,23.95,22.0
2021-12-16 19:00:00+00:00,24.1,22.25
2021-12-16 20:00:00+00:00,23.974999999999998,22.375
2021-12-16 21:00:00+00:00,24.0,22.6
2021-12-16 22:00:00+00:00,23.55,22.925000000000004
2021-12-16 23:00:00+00:00,23.475,22.875
2021-12-17 00:00:00+00:00,22.5,22.775
2021-12-17 01:00:00+00:00,22.325000000000003,22.725
2021-12-17 02:00:00+00:00,22.25,22.65
2021-12-17 03:00:00+00:00,22.075,22.425
2021-12-17 04:00:00+00:00,22.075,22.275000000000002
2021-12-17 05:00:00+00:00,21.825000000000003,22.25
2021-12-17 06:00:00+00:00,21.650000000000002,22.25
2021-12-17 07:00:00+00:00,21.55,22.2
2021-12-17 08:00:00+00:00,21.475,22.15
2021-12-17 09:00:00+00:00,21.275000000000002,22.275000000000002
2021-12-17 10:00:00+00:00,21.275,22.275
2021-12-17 11:00:00+00:00,21.35,22.275
2021-12-17 12:00:00+00:00,21.45,22.175
2021-12-17 13:00:00+00:00,21.299999999999997,22.15
2021-12-17 14:00:00+00:00,21.75,22.125
2021-12-17 15:00:00+00:00,22.325000000000003,22.1
2021-12-17 16:00:00+00:00,22.974999999999998,22.3
2021-12-17 17:00:00+00:00,23.675,22.55
2021-12-17 18:00:00+00:00,23.875,22.775
2021-12-17 19:00:00+00:00,23.900000000000002,23.025
2021-12-17 20:00:00+00:00,23.775,23.15
2021-12-17 21:00:00+00:00,23.650000000000002,23.3
2021-12-17 22:00:00+00:00,23.275,23.3
2021-12-17 23:00:00+00:00,22.75,23.25
2021-12-18 00:00:00+00:00,22.299999999999997,23.325
2021-12-18 01:00:00+00:00,22.25,23.200000000000003
2021-12-18 02:00:00+00:00,22.125,23.1
2021-12-18 03:00:00+00:00,22.250000000000004,22.9
2021-12-18 04:00:00+00:00,22.275000000000002,22.7
2021-12-18 05:00:00+00:00,22.1,22.575
2021-12-18 06:00:00+00:00,22.125,22.599999999999998
2021-12-18 07:00:00+00:00,22.025,22.549999999999997
2021-12-18 08:00:00+00:00,21.950000000000003,22.5
2021-12-18 09:00:00+00:00,21.825000000000003,22.525
2021-12-18 10:00:00+00:00,21.775000000000002,22.5
2021-12-18 11:00:00+00:00,21.775,22.525
2021-12-18 12:00:00+00:00,21.85,22.575
2021-12-18 13:00:00+00:00,21.900000000000002,22.549999999999997
2021-12-18 14:00:00+00:00,22.275,22.5
2021-12-18 15:00:00+00:00,23.075000000000003,22.599999999999998
2021-12-18 16:00:00+00:00,23.425000000000004,22.674999999999997
2021-12-18 17:00:00+00:00,23.625,22.85
2021-12-18 18:00:00+00:00,24.15,22.925
2021-12-18 19:00:00+00:00,24.625000000000004,23.224999999999998
2021-12-18 20:00:00+00:00,21.65,23.275
2021-12-18 21:00:00+00:00,15.875,23.074999999999996
2021-12-18 22:00:00+00:00,14.8,22.674999999999997
2021-12-18 23:00:00+00:00,14.924999999999999,22.400000000000002
2021-12-19 00:00:00+00:00,14.4,21.3
2021-12-19 01:00:00+00:00,14.175,21.625
2021-12-19 02:00:00+00:00,13.5,21.200000000000003
2021-12-19 03:00:00+00:00,12.975,20.95
2021-12-19 04:00:00+00:00,12.674999999999999,20.549999999999997
2021-12-19 05:00:00+00:00,12.275,20.25
2021-12-19 06:00:00+00:00,12.000000000000002,19.8
2021-12-19 07:00:00+00:00,11.85,19.425
2021-12-19 08:00:00+00:00,11.75,19.05
2021-12-19 09:00:00+00:00,11.5,18.525
2021-12-19 10:00:00+00:00,11.2,17.925
2021-12-19 11:00:00+00:00,10.85,17.325000000000003
2021-12-19 12:00:00+00:00,10.125,17.025000000000002
2021-12-19 13:00:00+00:00,9.325,16.575
2021-12-19 14:00:00+00:00,8.825,16.425
2021-12-19 15:00:00+00:00,9.25,16.175
2021-12-19 16:00:00+00:00,8.95,15.95
2021-12-19 17:00:00+00:00,9.524999999999999,15.8
2021-12-19 18:00:00+00:00,10.275,15.825
2021-12-19 19:00:00+00:00,11.299999999999999,15.899999999999999
2021-12-19 20:00:00+00:00,12.0,15.825
2021-12-19 21:00:00+00:00,12.475,15.850000000000001
2021-12-19 22:00:00+00:00,12.425,15.725000000000001
2021-12-19 23:00:00+00:00,12.266666666666666,15.266666666666666
2021-12-20 00:00:00+00:00,11.825,15.575000000000001
2021-12-20 01:00:00+00:00,11.400000000000002,16.15
2021-12-20 02:00:00+00:00,10.65,15.775
2021-12-20 03:00:00+00:00,10.799999999999999,15.775
2021-12-20 04:00:00+00:00,10.775,15.925
2021-12-20 05:00:00+00:00,10.950000000000001,15.399999999999999
2021-12-20 06:00:00+00:00,10.700000000000001,15.175
2021-12-20 07:00:00+00:00,10.399999999999999,15.049999999999999
2021-12-20 08:00:00+00:00,10.600000000000001,15.250000000000002
2021-12-20 09:00:00+00:00,10.125,15.149999999999999
2021-12-20 10:00:00+00:00,9.625,15.000000000000002
2021-12-20 11:00:00+00:00,9.425,14.85
2021-12-20 12:00:00+00:00,9.375,14.875
2021-12-20 13:00:00+00:00,9.3,14.675
2021-12-20 14:00:00+00:00,9.75,14.5
2021-12-20 15:00:00+00:00,9.95,14.375
2021-12-20 16:00:00+00:00,10.25,14.3
2021-12-20 17:00:00+00:00,10.85,14.275
2021-12-20 18:00:00+00:00,11.299999999999999,14.65
2021-12-20 19:00:00+00:00,12.1,15.6
2021-12-20 20:00:00+00:00,12.524999999999999,15.950000000000001
2021-12-20 21:00:00+00:00,13.175,16.3
2021-12-20 22:00:00+00:00,13.524999999999999,16.425
2021-12-20 23:00:00+00:00,13.625,16.525
2021-12-21 00:00:00+00:00,13.3,16.5
2021-12-21 01:00:00+00:00,12.925,16.4
2021-12-21 02:00:00+00:00,12.65,16.4
2021-12-21 03:00:00+00:00,12.549999999999999,16.425
2021-12-21 04:00:00+00:00,12.2,16.549999999999997
2021-12-21 05:00:00+00:00,11.575000000000001,16.625
2021-12-21 06:00:00+00:00,11.35,16.7
2021-12-21 07:00:00+00:00,10.875,16.325
2021-12-21 08:00:00+00:00,10.65,16.275
2021-12-21 09:00:00+00:00,10.774999999999999,16.3
2021-12-21 10:00:00+00:00,9.8,15.675
2021-12-21 11:00:00+00:00,9.225,15.475000000000001
2021-12-21 12:00:00+00:00,9.625,15.400000000000002
2021-12-21 13:00:00+00:00,9.399999999999999,15.100000000000001
2021-12-21 14:00:00+00:00,10.05,14.775000000000002
2021-12-21 15:00:00+00:00,10.925,14.700000000000001
2021-12-21 16:00:00+00:00,11.3,14.725
2021-12-21 17:00:00+00:00,12.024999999999999,14.95
2021-12-21 18:00:00+00:00,12.95,15.375
2021-12-21 19:00:00+00:00,13.375,15.825
2021-12-21 20:00:00+00:00,14.15,16.25
2021-12-21 21:00:00+00:00,15.025,16.6
2021-12-21 22:00:00+00:00,15.55,16.95
2021-12-21 23:00:00+00:00,15.3,16.975
2021-12-22 00:00:00+00:00,14.675,16.975
2021-12-22 01:00:00+00:00,13.875,17.0
2021-12-22 02:00:00+00:00,14.149999999999999,16.975
2021-12-22 03:00:00+00:00,14.174999999999999,16.849999999999998
2021-12-22 04:00:00+00:00,14.325,16.875
2021-12-22 05:00:00+00:00,14.600000000000001,16.875
2021-12-22 06:00:00+00:00,14.625,16.825
2021-12-22 07:00:00+00:00,14.8,16.775
2021-12-22 08:00:00+00:00,14.375,16.7
2021-12-22 09:00:00+00:00,14.075,16.65
2021-12-22 10:00:00+00:00,14.175,16.475
2021-12-22 11:00:00+00:00,14.200000000000001,16.525000000000002
2021-12-22 12:00:00+00:00,14.2,16.5
2021-12-22 13:00:00+00:00,14.4,16.375
2021-12-22 14:00:00+00:00,14.15,16.225
2021-12-22 15:00:00+00:00,15.825000000000001,16.2
2021-12-22 16:00:00+00:00,16.825,16.275
2021-12-22 17:00:00+00:00,17.099999999999998,16.55
2021-12-22 18:00:00+00:00,18.5,16.9
2021-12-22 19:00:00+00:00,19.25,17.275
2021-12-22 20:00:00+00:00,19.75,17.65
2021-12-22 21:00:00+00:00,20.05,17.925
2021-12-22 22:00:00+00:00,19.9,18.525
2021-12-22 23:00:00+00:00,19.45,18.375
2021-12-23 00:00:00+00:00,18.2,18.25
2021-12-23 01:00:00+00:00,17.85,18.225
2021-12-23 02:00:00+00:00,18.475,18.175
2021-12-23 03:00:00+00:00,18.5,18.125
2021-12-23 04:00:00+00:00,18.625,17.975
2021-12-23 05:00:00+00:00,18.525,18.0
2021-12-23 06:00:00+00:00,18.525000000000002,17.849999999999998
2021-12-23 07:00:00+00:00,18.35,17.775
2021-12-23 08:00:00+00:00,18.175,17.775
2021-12-23 09:00:00+00:00,18.025,17.725
2021-12-23 10:00:00+00:00,17.95,17.725
2021-12-23 11:00:00+00:00,18.0,17.7
2021-12-23 12:00:00+00:00,17.700000000000003,17.675
2021-12-23 13:00:00+00:00,17.525,17.625
2021-12-23 14:00:00+00:00,17.95,17.55
2021-12-23 15:00:00+00:00,18.849999999999998,17.525000000000002
2021-12-23 16:00:00+00:00,19.8,17.674999999999997
2021-12-23 17:00:00+00:00,20.775000000000002,17.975
2021-12-23 18:00:00+00:00,20.975,18.325
2021-12-23 19:00:00+00:00,21.225,18.525
2021-12-23 20:00:00+00:00,21.225,18.85
2021-12-23 21:00:00+00:00,21.424999999999997,18.975
2021-12-23 22:00:00+00:00,21.425000000000004,19.15
2021-12-23 23:00:00+00:00,21.025,19.2
2021-12-24 00:00:00+00:00,20.025,19.200000000000003
2021-12-24 01:00:00+00:00,19.775,19.325000000000003
2021-12-24 02:00:00+00:00,19.775000000000002,19.175
2021-12-24 03:00:00+00:00,19.549999999999997,19.075
2021-12-24 04:00:00+00:00,19.325000000000003,19.05
2021-12-24 05:00:00+00:00,19.200000000000003,19.025
2021-12-24 06:00:00+00:00,19.2,18.875
2021-12-24 07:00:00+00:00,19.225,18.95
2021-12-24 08:00:00+00:00,19.225,18.775
2021-12-24 09:00:00+00:00,19.1,18.8
2021-12-24 10:00:00+00:00,18.975,18.8
2021-12-24 11:00:00+00:00,18.95,18.775
2021-12-24 12:00:00+00:00,18.95,18.775
2021-12-24 13:00:00+00:00,18.975,18.725
2021-12-24 14:00:00+00:00,19.125,18.725
2021-12-24 15:00:00+00:00,20.3,18.7
2021-12-24 16:00:00+00:00,21.349999999999998,18.875
2021-12-24 17:00:00+00:00,22.125,19.35
2021-12-24 18:00:00+00:00,22.45,19.825
2021-12-24 19:00:00+00:00,22.766666666666666,20.066666666666666
2021-12-24 20:00:00+00:00,22.424999999999997,20.125
2021-12-24 21:00:00+00:00,22.625,20.25
2021-12-24 22:00:00+00:00,22.375,20.625
2021-12-24 23:00:00+00:00,21.724999999999998,20.45
2021-12-25 00:00:00+00:00,20.95,20.349999999999998
2021-12-25 01:00:00+00:00,20.525,20.2
2021-12-25 02:00:00+00:00,20.425,20.325000000000003
2021-12-25 03:00:00+00:00,20.55,20.175
2021-12-25 04:00:00+00:00,20.65,20.05
2021-12-25 05:00:00+00:00,20.65,20.025
2021-12-25 06:00:00+00:00,20.825,20.0
2021-12-25 07:00:00+00:00,20.875,20.0
2021-12-25 08:00:00+00:00,20.725,19.925
2021-12-25 09:00:00+00:00,20.75,19.875
2021-12-25 10:00:00+00:00,20.75,19.875
2021-12-25 11:00:00+00:00,20.650000000000002,19.85
2021-12-25 12:00:00+00:00,20.325,19.825
2021-12-25 13:00:00+00:00,20.075,19.8
2021-12-25 14:00:00+00:00,20.225,19.775
2021-12-25 15:00:00+00:00,21.25,19.8
2021-12-25 16:00:00+00:00,21.9,19.925
2021-12-25 17:00:00+00:00,22.5,20.299999999999997
2021-12-25 18:00:00+00:00,22.825,20.4
2021-12-25 19:00:00+00:00,22.975,20.925
2021-12-25 20:00:00+00:00,22.9,21.425
2021-12-25 21:00:00+00:00,22.799999999999997,21.35
2021-12-25 22:00:00+00:00,22.450000000000003,21.475
2021-12-25 23:00:00+00:00,22.150000000000002,21.45
2021-12-26 00:00:00+00:00,21.5,21.525
2021-12-26 01:00:00+00:00,21.299999999999997,21.375
2021-12-26 02:00:00+00:00,21.2,21.4
2021-12-26 03:00:00+00:00,21.25,21.275000000000002
2021-12-26 04:00:00+00:00,21.15,21.2
2021-12-26 05:00:00+00:00,21.2,21.15
2021-12-26 06:00:00+00:00,21.224999999999998,21.1
2021-12-26 07:00:00+00:00,21.075,21.025
2021-12-26 08:00:00+00:00,20.924999999999997,20.975
2021-12-26 09:00:00+00:00,20.675,20.9
2021-12-26 10:00:00+00:00,20.325,20.85
2021-12-26 11:00:00+00:00,19.975,20.8
2021-12-26 12:00:00+00:00,19.65,20.8
2021-12-26 13:00:00+00:00,19.8,20.725
2021-12-26 14:00:00+00:00,20.25,20.650000000000002
2021-12-26 15:00:00+00:00,21.225,20.6
2021-12-26 16:00:00+00:00,21.924999999999997,20.75
2021-12-26 17:00:00+00:00,22.833333333333332,20.333333333333336
2021-12-26 18:00:00+00:00,22.975,21.25
2021-12-26 19:00:00+00:00,23.175,21.724999999999998
2021-12-26 20:00:00+00:00,23.275,22.025
2021-12-26 21:00:00+00:00,23.3,22.25
2021-12-26 22:00:00+00:00,23.075000000000003,22.325
2021-12-26 23:00:00+00:00,22.55,22.300000000000004
2021-12-27 00:00:00+00:00,22.025,22.325
2021-12-27 01:00:00+00:00,21.775,22.125
2021-12-27 02:00:00+00:00,21.725,22.025
2021-12-27 03:00:00+00:00,21.674999999999997,21.950000000000003
2021-12-27 04:00:00+00:00,21.424999999999997,21.975
2021-12-27 05:00:00+00:00,21.299999999999997,21.85
2021-12-27 06:00:00+00:00,21.275,21.825
2021-12-27 07:00:00+00:00,21.2,21.75
2021-12-27 08:00:00+00:00,21.224999999999998,21.675
2021-12-27 09:00:00+00:00,20.875,21.625000000000004
2021-12-27 10:00:00+00:00,20.75,21.575
2021-12-27 11:00:00+00:00,20.674999999999997,21.525000000000002
2021-12-27 12:00:00+00:00,20.725,21.475
2021-12-27 13:00:00+00:00,20.875,21.425
2021-12-27 14:00:00+00:00,21.0,21.275
2021-12-27 15:00:00+00:00,21.725,21.25
2021-12-27 16:00:00+00:00,22.525000000000002,21.325000000000003
2021-12-27 17:00:00+00:00,23.1,21.55
2021-12-27 18:00:00+00:00,23.325,21.825
2021-12-27 19:00:00+00:00,23.625,22.125
2021-12-27 20:00:00+00:00,23.700000000000003,22.55
2021-12-27 21:00:00+00:00,23.575,22.875
2021-12-27 22:00:00+00:00,23.275000000000002,23.025000000000002
2021-12-27 23:00:00+00:00,22.925,22.9
2021-12-28 00:00:00+00:00,22.3,22.650000000000002
2021-12-28 01:00:00+00:00,22.025000000000002,22.575
2021-12-28 02:00:00+00:00,21.924999999999997,22.575
2021-12-28 03:00:00+00:00,21.825000000000003,22.425
2021-12-28 04:00:00+00:00,21.775000000000002,22.45
2021-12-28 05:00:00+00:00,21.875,22.4
2021-12-28 06:00:00+00:00,21.875,22.35
2021-12-28 07:00:00+00:00,21.950000000000003,22.275000000000002
2021-12-28 08:00:00+00:00,21.900000000000002,22.150000000000002
2021-12-28 09:00:00+00:00,21.875,22.049999999999997
2021-12-28 10:00:00+00:00,21.925,22.049999999999997
2021-12-28 11:00:00+00:00,21.875,21.975
2021-12-28 12:00:00+00:00,21.825000000000003,21.924999999999997
2021-12-28 13:00:00+00:00,21.825,21.924999999999997
2021-12-28 14:00:00+00:00,21.9,21.924999999999997
2021-12-28 15:00:00+00:00,22.299999999999997,21.9
2021-12-28 16:00:00+00:00,22.725,21.949999999999996
2021-12-28 17:00:00+00:00,23.25,22.200000000000003
2021-12-28 18:00:00+00:00,23.65,22.525000000000002
2021-12-28 19:00:00+00:00,23.5,22.725
2021-12-28 20:00:00+00:00,23.375,22.775
2021-12-28 21:00:00+00:00,23.450000000000003,22.849999999999998
2021-12-28 22:00:00+00:00,23.325,23.025
2021-12-28 23:00:00+00:00,23.0,23.05
2021-12-29 00:00:00+00:00,22.650000000000002,22.925
2021-12-29 01:00:00+00:00,22.299999999999997,22.75
2021-12-29 02:00:00+00:00,22.35,22.725
2021-12-29 03:00:00+00:00,22.45,22.65
2021-12-29 04:00:00+00:00,22.324999999999996,22.599999999999998
2021-12-29 05:00:00+00:00,22.35,22.525
2021-12-29 06:00:00+00:00,22.25,22.450000000000003
2021-12-29 07:00:00+00:00,22.200000000000003,22.4
2021-12-29 08:00:00+00:00,22.175000000000004,22.4
2021-12-29 09:00:00+00:00,22.175000000000004,22.35
2021-12-29 10:00:00+00:00,22.125000000000004,22.349999999999998
2021-12-29 11:00:00+00:00,22.025,22.375
2021-12-29 12:00:00+00:00,21.975,22.375
2021-12-29 13:00:00+00:00,22.025,22.3
2021-12-29 14:00:00+00:00,21.95,22.275
2021-12-29 15:00:00+00:00,22.2,21.966666666666665
2021-12-29 16:00:00+00:00,22.375,22.375
2021-12-29 17:00:00+00:00,22.675,22.625
2021-12-29 18:00:00+00:00,23.099999999999998,22.875
2021-12-29 19:00:00+00:00,23.325000000000003,23.049999999999997
2021-12-29 20:00:00+00:00,23.475,23.25
2021-12-29 21:00:00+00:00,23.65,23.45
2021-12-29 22:00:00+00:00,23.35,23.400000000000002
2021-12-29 23:00:00+00:00,23.35,23.424999999999997
2021-12-30 00:00:00+00:00,22.5,23.4
2021-12-30 01:00:00+00:00,22.075,23.325
2021-12-30 02:00:00+00:00,21.8,23.275
2021-12-30 03:00:00+00:00,21.5,23.25
2021-12-30 04:00:00+00:00,21.025,23.2
2021-12-30 05:00:00+00:00,20.675,23.224999999999998
2021-12-30 06:00:00+00:00,20.375,23.175
2021-12-30 07:00:00+00:00,20.2,23.075
2021-12-30 08:00:00+00:00,19.9,23.0
2021-12-30 09:00:00+00:00,19.799999999999997,22.875
2021-12-30 10:00:00+00:00,19.675,22.849999999999998
2021-12-30 11:00:00+00:00,19.375,22.825
2021-12-30 12:00:00+00:00,19.525000000000002,22.749999999999996
2021-12-30 13:00:00+00:00,19.549999999999997,22.599999999999998
2021-12-30 14:00:00+00:00,20.125,22.45
2021-12-30 15:00:00+00:00,20.625,22.425
2021-12-30 16:00:00+00:00,20.7,22.575000000000003
2021-12-30 17:00:00+00:00,20.95,22.6
2021-12-30 18:00:00+00:00,21.450000000000003,22.65
2021-12-30 19:00:00+00:00,22.025,22.9
2021-12-30 20:00:00+00:00,21.924999999999997,23.0
2021-12-30 21:00:00+00:00,21.9,23.25
2021-12-30 22:00:00+00:00,22.125,23.4
2021-12-30 23:00:00+00:00,22.1,23.475
2021-12-31 00:00:00+00:00,21.875,23.4
