date,Air Average,Water Average
2020-09-19 00:00:00+00:00,29.5,28.975
2020-09-19 01:00:00+00:00,28.175,28.775
2020-09-19 02:00:00+00:00,27.275000000000002,28.575000000000003
2020-09-19 03:00:00+00:00,26.875,28.425
2020-09-19 04:00:00+00:00,26.075000000000003,28.174999999999997
2020-09-19 05:00:00+00:00,25.4,28.049999999999997
2020-09-19 06:00:00+00:00,24.799999999999997,27.799999999999997
2020-09-19 07:00:00+00:00,24.025000000000002,27.700000000000003
2020-09-19 08:00:00+00:00,23.675000000000004,27.45
2020-09-19 09:00:00+00:00,23.225,27.249999999999996
2020-09-19 10:00:00+00:00,23.074999999999996,27.05
2020-09-19 11:00:00+00:00,22.674999999999997,26.8
2020-09-19 12:00:00+00:00,22.775,26.675
2020-09-19 13:00:00+00:00,22.725,26.775
2020-09-19 14:00:00+00:00,23.049999999999997,26.525000000000002
2020-09-19 15:00:00+00:00,23.8,26.55
2020-09-19 16:00:00+00:00,24.775,26.75
2020-09-19 17:00:00+00:00,26.1,26.799999999999997
2020-09-19 18:00:00+00:00,27.15,27.025
2020-09-19 19:00:00+00:00,28.0,27.299999999999997
2020-09-19 20:00:00+00:00,28.5,27.574999999999996
2020-09-19 21:00:00+00:00,29.049999999999997,27.924999999999997
2020-09-19 22:00:00+00:00,29.325000000000003,28.275
2020-09-19 23:00:00+00:00,29.2,28.225
2020-09-20 00:00:00+00:00,28.525,28.15
2020-09-20 01:00:00+00:00,27.6,27.95
2020-09-20 02:00:00+00:00,27.125000000000004,27.875
2020-09-20 03:00:00+00:00,26.424999999999997,27.825000000000003
2020-09-20 04:00:00+00:00,25.5,27.700000000000003
2020-09-20 05:00:00+00:00,24.775,27.425
2020-09-20 06:00:00+00:00,24.025,27.15
2020-09-20 07:00:00+00:00,23.3,27.049999999999997
2020-09-20 08:00:00+00:00,22.75,26.875
2020-09-20 09:00:00+00:00,22.275000000000002,26.725
2020-09-20 10:00:00+00:00,21.974999999999998,26.65
2020-09-20 11:00:00+00:00,21.724999999999998,26.425
2020-09-20 12:00:00+00:00,21.049999999999997,26.325
2020-09-20 13:00:00+00:00,21.025,26.2
2020-09-20 14:00:00+00:00,21.575,26.0
2020-09-20 15:00:00+00:00,22.725,25.625
2020-09-20 16:00:00+00:00,23.975,25.875
2020-09-20 17:00:00+00:00,25.5,25.95
2020-09-20 18:00:00+00:00,26.95,26.05
2020-09-20 19:00:00+00:00,27.674999999999997,26.175
2020-09-20 20:00:00+00:00,26.700000000000003,26.25
2020-09-20 21:00:00+00:00,25.025,26.325000000000003
2020-09-20 22:00:00+00:00,23.675,26.349999999999998
2020-09-20 23:00:00+00:00,22.775000000000002,26.325000000000003
2020-09-21 00:00:00+00:00,22.075,26.3
2020-09-21 01:00:00+00:00,22.075000000000003,26.025
2020-09-21 02:00:00+00:00,22.200000000000003,26.099999999999998
2020-09-21 03:00:00+00:00,22.2,26.049999999999997
2020-09-21 04:00:00+00:00,22.325,25.949999999999996
2020-09-21 05:00:00+00:00,22.400000000000002,25.925
2020-09-21 06:00:00+00:00,22.625,25.9
2020-09-21 07:00:00+00:00,22.574999999999996,26.025
2020-09-21 08:00:00+00:00,22.549999999999997,25.925
2020-09-21 09:00:00+00:00,22.475,25.875
2020-09-21 10:00:00+00:00,22.15,25.749999999999996
2020-09-21 11:00:00+00:00,22.0,25.7
2020-09-21 12:00:00+00:00,21.925,25.400000000000002
2020-09-21 13:00:00+00:00,22.15,25.174999999999997
2020-09-21 14:00:00+00:00,22.125,25.099999999999998
2020-09-21 15:00:00+00:00,22.25,24.975
2020-09-21 16:00:00+00:00,22.375,24.85
2020-09-21 17:00:00+00:00,22.675,24.825000000000003
2020-09-21 18:00:00+00:00,23.049999999999997,24.775
2020-09-21 19:00:00+00:00,23.2,24.799999999999997
2020-09-21 20:00:00+00:00,23.150000000000002,24.799999999999997
2020-09-21 21:00:00+00:00,22.75,24.85
2020-09-21 22:00:00+00:00,23.025,24.775
2020-09-21 23:00:00+00:00,23.200000000000003,24.800000000000004
2020-09-22 00:00:00+00:00,23.0,24.75
2020-09-22 01:00:00+00:00,23.025,24.75
2020-09-22 02:00:00+00:00,23.299999999999997,24.675
2020-09-22 03:00:00+00:00,23.349999999999998,24.575
2020-09-22 04:00:00+00:00,22.925,24.55
2020-09-22 05:00:00+00:00,23.025000000000002,24.625
2020-09-22 06:00:00+00:00,22.925,24.6
2020-09-22 07:00:00+00:00,22.549999999999997,24.575000000000003
2020-09-22 08:00:00+00:00,22.325000000000003,24.575000000000003
2020-09-22 09:00:00+00:00,22.1,24.55
2020-09-22 10:00:00+00:00,22.1,24.5
2020-09-22 11:00:00+00:00,22.075000000000003,24.5
2020-09-22 12:00:00+00:00,22.174999999999997,24.45
2020-09-22 13:00:00+00:00,22.15,24.400000000000002
2020-09-22 14:00:00+00:00,22.224999999999998,24.375
2020-09-22 15:00:00+00:00,22.5,24.4
2020-09-22 16:00:00+00:00,23.049999999999997,24.4
2020-09-22 17:00:00+00:00,23.599999999999998,24.450000000000003
2020-09-22 18:00:00+00:00,24.3,24.55
2020-09-22 19:00:00+00:00,23.925,24.7
2020-09-22 20:00:00+00:00,24.475,24.825
2020-09-22 21:00:00+00:00,24.7,24.875
2020-09-22 22:00:00+00:00,24.475,25.049999999999997
2020-09-22 23:00:00+00:00,24.05,25.0
2020-09-23 00:00:00+00:00,23.55,25.025
2020-09-23 01:00:00+00:00,23.025,25.0
2020-09-23 02:00:00+00:00,22.950000000000003,25.0
2020-09-23 03:00:00+00:00,22.775,25.025000000000002
2020-09-23 04:00:00+00:00,22.575000000000003,24.975
2020-09-23 05:00:00+00:00,22.55,24.9
2020-09-23 06:00:00+00:00,22.525,24.849999999999998
2020-09-23 07:00:00+00:00,22.55,24.775
2020-09-23 08:00:00+00:00,22.475,24.775
2020-09-23 09:00:00+00:00,22.575,24.75
2020-09-23 10:00:00+00:00,22.450000000000003,24.725
2020-09-23 11:00:00+00:00,22.3,24.675
2020-09-23 12:00:00+00:00,22.275000000000002,24.675
2020-09-23 13:00:00+00:00,22.15,24.599999999999998
2020-09-23 14:00:00+00:00,22.5,24.575000000000003
2020-09-23 15:00:00+00:00,22.85,24.625
2020-09-23 16:00:00+00:00,23.5,24.675
2020-09-23 17:00:00+00:00,23.775,24.825
2020-09-23 18:00:00+00:00,23.999999999999996,25.025
2020-09-23 19:00:00+00:00,24.6,25.15
2020-09-23 20:00:00+00:00,24.9,25.349999999999998
2020-09-23 21:00:00+00:00,25.075000000000003,25.475
2020-09-23 22:00:00+00:00,25.450000000000003,25.575000000000003
2020-09-23 23:00:00+00:00,25.375,25.625
2020-09-24 00:00:00+00:00,24.975,25.425
2020-09-24 01:00:00+00:00,24.325000000000003,25.375
2020-09-24 02:00:00+00:00,23.95,25.425
2020-09-24 03:00:00+00:00,23.6,25.374999999999996
2020-09-24 04:00:00+00:00,23.45,25.3
2020-09-24 05:00:00+00:00,23.125,25.200000000000003
2020-09-24 06:00:00+00:00,22.775,25.15
2020-09-24 07:00:00+00:00,22.299999999999997,25.075
2020-09-24 08:00:00+00:00,21.950000000000003,24.975
2020-09-24 09:00:00+00:00,21.725,24.9
2020-09-24 10:00:00+00:00,21.575,24.875
2020-09-24 11:00:00+00:00,21.475,24.725
2020-09-24 12:00:00+00:00,21.25,24.674999999999997
2020-09-24 13:00:00+00:00,21.25,24.625
2020-09-24 14:00:00+00:00,21.825000000000003,24.575000000000003
2020-09-24 15:00:00+00:00,22.224999999999998,24.6
2020-09-24 16:00:00+00:00,22.725,24.625
2020-09-24 17:00:00+00:00,23.075000000000003,24.8
2020-09-24 18:00:00+00:00,23.650000000000002,24.9
2020-09-24 19:00:00+00:00,23.925,25.025
2020-09-24 20:00:00+00:00,24.175,25.175
2020-09-24 21:00:00+00:00,24.325000000000003,25.25
2020-09-24 22:00:00+00:00,24.475,25.35
2020-09-24 23:00:00+00:00,24.55,25.475
2020-09-25 00:00:00+00:00,24.175,25.500000000000004
2020-09-25 01:00:00+00:00,23.725,25.450000000000003
2020-09-25 02:00:00+00:00,23.6,25.4
2020-09-25 03:00:00+00:00,23.45,25.4
2020-09-25 04:00:00+00:00,23.299999999999997,25.224999999999998
2020-09-25 05:00:00+00:00,22.7,25.150000000000002
2020-09-25 06:00:00+00:00,22.575,25.075
2020-09-25 07:00:00+00:00,22.425,24.975
2020-09-25 08:00:00+00:00,21.950000000000003,24.975
2020-09-25 09:00:00+00:00,21.775,24.975
2020-09-25 10:00:00+00:00,21.6,24.975
2020-09-25 11:00:00+00:00,21.549999999999997,24.95
2020-09-25 12:00:00+00:00,20.65,24.9
2020-09-25 13:00:00+00:00,21.0,24.875
2020-09-25 14:00:00+00:00,22.450000000000003,24.775
2020-09-25 15:00:00+00:00,23.275,24.85
2020-09-25 16:00:00+00:00,23.724999999999998,25.0
2020-09-25 17:00:00+00:00,24.125,25.225
2020-09-25 18:00:00+00:00,24.525000000000002,25.975
2020-09-25 19:00:00+00:00,25.099999999999998,26.425
2020-09-25 20:00:00+00:00,26.225,26.799999999999997
2020-09-25 21:00:00+00:00,26.349999999999998,27.025
2020-09-25 22:00:00+00:00,26.05,27.125
2020-09-25 23:00:00+00:00,26.1,26.7
2020-09-26 00:00:00+00:00,25.424999999999997,26.7
2020-09-26 01:00:00+00:00,24.875,26.7
2020-09-26 02:00:00+00:00,24.625,26.65
2020-09-26 03:00:00+00:00,24.8,26.575
2020-09-26 04:00:00+00:00,24.599999999999998,26.525000000000002
2020-09-26 05:00:00+00:00,24.45,26.4
2020-09-26 06:00:00+00:00,24.425,26.375000000000004
2020-09-26 07:00:00+00:00,24.45,26.225
2020-09-26 08:00:00+00:00,24.549999999999997,26.174999999999997
2020-09-26 09:00:00+00:00,24.275,26.2
2020-09-26 10:00:00+00:00,24.225,26.275000000000002
2020-09-26 11:00:00+00:00,24.15,26.275000000000002
2020-09-26 12:00:00+00:00,24.275,26.275000000000002
2020-09-26 13:00:00+00:00,24.75,26.275000000000002
2020-09-26 14:00:00+00:00,25.924999999999997,26.3
2020-09-26 15:00:00+00:00,26.45,26.325
2020-09-26 16:00:00+00:00,26.75,26.400000000000002
2020-09-26 17:00:00+00:00,27.049999999999997,26.6
2020-09-26 18:00:00+00:00,27.275,26.825
2020-09-26 19:00:00+00:00,27.375,27.0
2020-09-26 20:00:00+00:00,27.825000000000003,27.175
2020-09-26 21:00:00+00:00,27.925,27.275000000000002
2020-09-26 22:00:00+00:00,27.875,27.325
2020-09-26 23:00:00+00:00,27.8,27.4
2020-09-27 00:00:00+00:00,27.225,27.599999999999998
2020-09-27 01:00:00+00:00,26.925000000000004,27.7
2020-09-27 02:00:00+00:00,26.775,27.625000000000004
2020-09-27 03:00:00+00:00,26.674999999999997,27.475
2020-09-27 04:00:00+00:00,26.650000000000002,27.4
2020-09-27 05:00:00+00:00,26.675,27.3
2020-09-27 06:00:00+00:00,26.75,27.25
2020-09-27 07:00:00+00:00,26.700000000000003,27.449999999999996
2020-09-27 08:00:00+00:00,26.7,27.35
2020-09-27 09:00:00+00:00,26.6,27.15
2020-09-27 10:00:00+00:00,26.625,27.1
2020-09-27 11:00:00+00:00,26.549999999999997,27.025000000000002
2020-09-27 12:00:00+00:00,26.425000000000004,26.975
2020-09-27 13:00:00+00:00,26.549999999999997,27.025000000000002
2020-09-27 14:00:00+00:00,27.075000000000003,27.0
2020-09-27 15:00:00+00:00,27.725,27.125
2020-09-27 16:00:00+00:00,28.025,27.225
2020-09-27 17:00:00+00:00,28.325,27.325
2020-09-27 18:00:00+00:00,28.5,27.624999999999996
2020-09-27 19:00:00+00:00,28.6,27.675
2020-09-27 20:00:00+00:00,28.65,27.875
2020-09-27 21:00:00+00:00,28.724999999999998,28.175000000000004
2020-09-27 22:00:00+00:00,28.674999999999997,28.475
2020-09-27 23:00:00+00:00,28.525,28.549999999999997
2020-09-28 00:00:00+00:00,28.025000000000002,28.575
2020-09-28 01:00:00+00:00,27.575,28.549999999999997
2020-09-28 02:00:00+00:00,27.474999999999998,28.474999999999998
2020-09-28 03:00:00+00:00,27.4,28.424999999999997
2020-09-28 04:00:00+00:00,27.475,28.35
2020-09-28 05:00:00+00:00,27.425,28.25
2020-09-28 06:00:00+00:00,27.324999999999996,28.15
2020-09-28 07:00:00+00:00,27.25,28.25
2020-09-28 08:00:00+00:00,27.200000000000003,28.099999999999998
2020-09-28 09:00:00+00:00,27.15,28.05
2020-09-28 10:00:00+00:00,27.224999999999998,27.924999999999997
2020-09-28 11:00:00+00:00,27.025,27.9
2020-09-28 12:00:00+00:00,26.225,27.9
2020-09-28 13:00:00+00:00,25.175,27.875
2020-09-28 14:00:00+00:00,21.400000000000002,27.675000000000004
2020-09-28 15:00:00+00:00,20.875,27.5
2020-09-28 16:00:00+00:00,21.225,27.35
2020-09-28 17:00:00+00:00,22.35,27.325000000000003
2020-09-28 18:00:00+00:00,22.924999999999997,27.475
2020-09-28 19:00:00+00:00,23.775,27.525000000000002
2020-09-28 20:00:00+00:00,24.525000000000002,27.575
2020-09-28 21:00:00+00:00,24.9,27.6
2020-09-28 22:00:00+00:00,25.224999999999998,27.4
2020-09-28 23:00:00+00:00,25.225,27.075
2020-09-29 00:00:00+00:00,24.75,26.65
2020-09-29 01:00:00+00:00,23.925,26.175
2020-09-29 02:00:00+00:00,23.575000000000003,25.700000000000003
2020-09-29 03:00:00+00:00,23.3,25.25
2020-09-29 04:00:00+00:00,23.025,24.875
2020-09-29 05:00:00+00:00,22.6,24.4
2020-09-29 06:00:00+00:00,22.075,24.1
2020-09-29 07:00:00+00:00,21.799999999999997,23.925000000000004
2020-09-29 08:00:00+00:00,21.325,23.575
2020-09-29 09:00:00+00:00,20.575,23.375
2020-09-29 10:00:00+00:00,19.150000000000002,22.975
2020-09-29 11:00:00+00:00,17.95,22.725
2020-09-29 12:00:00+00:00,16.950000000000003,22.525000000000002
2020-09-29 13:00:00+00:00,16.275,22.375
2020-09-29 14:00:00+00:00,17.7,22.35
2020-09-29 15:00:00+00:00,19.825,22.475
2020-09-29 16:00:00+00:00,21.625,22.875
2020-09-29 17:00:00+00:00,22.95,23.249999999999996
2020-09-29 18:00:00+00:00,23.775,23.6
2020-09-29 19:00:00+00:00,24.375,24.15
2020-09-29 20:00:00+00:00,24.85,24.35
2020-09-29 21:00:00+00:00,25.299999999999997,24.575
2020-09-29 22:00:00+00:00,25.7,24.8
2020-09-29 23:00:00+00:00,25.85,24.849999999999998
2020-09-30 00:00:00+00:00,24.925,24.8
2020-09-30 01:00:00+00:00,24.05,24.7
2020-09-30 02:00:00+00:00,22.5,24.65
2020-09-30 03:00:00+00:00,21.625,24.549999999999997
2020-09-30 04:00:00+00:00,20.5,24.525000000000002
2020-09-30 05:00:00+00:00,21.4,24.45
2020-09-30 06:00:00+00:00,20.9,24.400000000000002
2020-09-30 07:00:00+00:00,18.6,24.375000000000004
2020-09-30 08:00:00+00:00,18.7,24.1
2020-09-30 09:00:00+00:00,17.4,23.75
2020-09-30 10:00:00+00:00,16.5,23.924999999999997
2020-09-30 11:00:00+00:00,17.075,24.125
2020-09-30 12:00:00+00:00,16.0,24.075
2020-09-30 13:00:00+00:00,16.299999999999997,23.95
2020-09-30 14:00:00+00:00,19.15,23.9
2020-09-30 15:00:00+00:00,21.625,23.549999999999997
2020-09-30 16:00:00+00:00,23.55,23.650000000000002
2020-09-30 17:00:00+00:00,24.525,23.85
2020-09-30 18:00:00+00:00,25.0,24.049999999999997
2020-09-30 19:00:00+00:00,25.425,24.275
2020-09-30 20:00:00+00:00,25.9,24.999999999999996
2020-09-30 21:00:00+00:00,26.25,25.475
2020-09-30 22:00:00+00:00,26.3,25.675
2020-09-30 23:00:00+00:00,26.25,25.775
2020-10-01 00:00:00+00:00,25.449999999999996,25.9
2020-10-01 01:00:00+00:00,24.35,25.7
2020-10-01 02:00:00+00:00,23.549999999999997,25.525
2020-10-01 03:00:00+00:00,23.250000000000004,25.375
2020-10-01 04:00:00+00:00,23.225,25.225
2020-10-01 05:00:00+00:00,22.73333333333333,25.166666666666668
2020-10-01 06:00:00+00:00,22.875,24.825
2020-10-01 07:00:00+00:00,22.675000000000004,24.775
2020-10-01 08:00:00+00:00,21.875,24.675
2020-10-01 09:00:00+00:00,20.675,24.574999999999996
2020-10-01 10:00:00+00:00,19.275,24.575
2020-10-01 11:00:00+00:00,18.525,24.300000000000004
2020-10-01 12:00:00+00:00,18.325,24.35
2020-10-01 13:00:00+00:00,18.85,24.15
2020-10-01 14:00:00+00:00,19.950000000000003,24.174999999999997
2020-10-01 15:00:00+00:00,21.824999999999996,24.275
2020-10-01 16:00:00+00:00,23.4,24.525
2020-10-01 17:00:00+00:00,24.275000000000002,24.85
2020-10-01 18:00:00+00:00,25.025,25.275
2020-10-01 19:00:00+00:00,25.75,25.65
2020-10-01 20:00:00+00:00,26.7,26.05
2020-10-01 21:00:00+00:00,27.6,26.25
2020-10-01 22:00:00+00:00,27.15,26.4
2020-10-01 23:00:00+00:00,26.450000000000003,27.05
2020-10-02 00:00:00+00:00,26.03333333333333,27.066666666666666
2020-10-02 01:00:00+00:00,25.525,26.449999999999996
2020-10-02 02:00:00+00:00,25.05,26.375
2020-10-02 03:00:00+00:00,23.025,26.1
2020-10-02 04:00:00+00:00,22.35,26.125
2020-10-02 05:00:00+00:00,21.375,26.0
2020-10-02 06:00:00+00:00,20.675,25.950000000000003
2020-10-02 07:00:00+00:00,20.474999999999998,25.875
2020-10-02 08:00:00+00:00,20.200000000000003,25.725
2020-10-02 09:00:00+00:00,20.150000000000002,25.575000000000003
2020-10-02 10:00:00+00:00,21.05,25.275
2020-10-02 11:00:00+00:00,20.575,25.1
2020-10-02 12:00:00+00:00,19.833333333333336,24.899999999999995
2020-10-02 13:00:00+00:00,19.875,24.525
2020-10-02 14:00:00+00:00,20.96666666666667,24.366666666666664
2020-10-02 15:00:00+00:00,21.85,24.45
2020-10-02 16:00:00+00:00,23.05,24.575
2020-10-02 17:00:00+00:00,23.924999999999997,24.799999999999997
2020-10-02 18:00:00+00:00,24.35,25.125
2020-10-02 19:00:00+00:00,24.825,25.375
2020-10-02 20:00:00+00:00,25.325,25.724999999999998
2020-10-02 21:00:00+00:00,25.225,25.950000000000003
2020-10-02 22:00:00+00:00,25.1,26.049999999999997
2020-10-02 23:00:00+00:00,24.55,26.1
2020-10-03 00:00:00+00:00,23.875,26.099999999999998
2020-10-03 01:00:00+00:00,23.425,26.025
2020-10-03 02:00:00+00:00,23.15,25.85
2020-10-03 03:00:00+00:00,23.125,25.7
2020-10-03 04:00:00+00:00,23.15,25.575000000000003
2020-10-03 05:00:00+00:00,22.6,25.45
2020-10-03 06:00:00+00:00,22.450000000000003,25.3
2020-10-03 07:00:00+00:00,22.475,25.175
2020-10-03 08:00:00+00:00,22.099999999999998,25.075000000000003
2020-10-03 09:00:00+00:00,21.65,24.975
2020-10-03 10:00:00+00:00,21.800000000000004,24.85
2020-10-03 11:00:00+00:00,20.875,24.725
2020-10-03 12:00:00+00:00,20.85,24.65
2020-10-03 13:00:00+00:00,21.200000000000003,24.425
2020-10-03 14:00:00+00:00,22.575000000000003,24.200000000000003
2020-10-03 15:00:00+00:00,24.499999999999996,24.25
2020-10-03 16:00:00+00:00,25.3,24.475
2020-10-03 17:00:00+00:00,25.6,24.9
2020-10-03 18:00:00+00:00,25.53333333333333,25.5
2020-10-03 19:00:00+00:00,26.099999999999998,25.0
2020-10-03 20:00:00+00:00,26.133333333333336,25.46666666666667
2020-10-03 21:00:00+00:00,25.85,25.85
2020-10-03 22:00:00+00:00,26.075,26.3
2020-10-03 23:00:00+00:00,25.9,26.324999999999996
2020-10-04 00:00:00+00:00,25.075,26.325000000000003
2020-10-04 01:00:00+00:00,24.133333333333336,26.3
2020-10-04 02:00:00+00:00,24.125,26.15
2020-10-04 03:00:00+00:00,23.95,26.025
2020-10-04 04:00:00+00:00,23.924999999999997,25.9
2020-10-04 05:00:00+00:00,23.53333333333333,25.266666666666666
2020-10-04 06:00:00+00:00,23.6,25.625
2020-10-04 07:00:00+00:00,23.549999999999997,25.55
2020-10-04 08:00:00+00:00,22.974999999999998,25.425
2020-10-04 09:00:00+00:00,22.400000000000002,25.3
2020-10-04 10:00:00+00:00,21.725,25.275
2020-10-04 11:00:00+00:00,20.666666666666664,25.333333333333332
2020-10-04 12:00:00+00:00,20.125,25.075000000000003
2020-10-04 13:00:00+00:00,20.5,24.775
2020-10-04 14:00:00+00:00,21.65,24.6
2020-10-04 15:00:00+00:00,22.799999999999997,24.23333333333333
2020-10-04 16:00:00+00:00,24.050000000000004,24.750000000000004
2020-10-04 17:00:00+00:00,25.099999999999998,24.7
2020-10-04 18:00:00+00:00,25.55,25.450000000000003
2020-10-04 19:00:00+00:00,25.625,25.75
2020-10-04 20:00:00+00:00,26.15,26.225
2020-10-04 21:00:00+00:00,26.05,26.8
2020-10-04 22:00:00+00:00,25.9,26.900000000000002
2020-10-04 23:00:00+00:00,26.0,26.950000000000003
2020-10-05 00:00:00+00:00,25.266666666666666,27.066666666666666
2020-10-05 01:00:00+00:00,24.525000000000002,26.925
2020-10-05 02:00:00+00:00,24.249999999999996,26.875
2020-10-05 03:00:00+00:00,24.075000000000003,26.75
2020-10-05 04:00:00+00:00,23.8,26.599999999999998
2020-10-05 05:00:00+00:00,23.6,26.5
2020-10-05 06:00:00+00:00,23.1,26.275
2020-10-05 07:00:00+00:00,22.45,26.075
2020-10-05 08:00:00+00:00,20.7,25.4
2020-10-05 09:00:00+00:00,21.025,26.1
2020-10-05 10:00:00+00:00,20.474999999999998,26.0
2020-10-05 11:00:00+00:00,20.05,25.25
2020-10-05 12:00:00+00:00,20.475,25.55
2020-10-05 13:00:00+00:00,20.2,25.475
2020-10-05 14:00:00+00:00,21.4,25.375
2020-10-05 15:00:00+00:00,22.700000000000003,25.425
2020-10-05 16:00:00+00:00,23.900000000000002,25.733333333333334
2020-10-05 17:00:00+00:00,24.6,25.875
2020-10-05 18:00:00+00:00,25.125,26.450000000000003
2020-10-05 19:00:00+00:00,25.066666666666666,27.03333333333333
2020-10-05 20:00:00+00:00,26.049999999999997,27.0
2020-10-05 21:00:00+00:00,26.325000000000003,27.224999999999998
2020-10-05 22:00:00+00:00,26.25,27.675
2020-10-05 23:00:00+00:00,26.025,27.650000000000002
2020-10-06 00:00:00+00:00,25.450000000000003,27.575000000000003
2020-10-06 01:00:00+00:00,25.025,27.425
2020-10-06 02:00:00+00:00,24.6,27.325000000000003
2020-10-06 03:00:00+00:00,24.450000000000003,27.225
2020-10-06 04:00:00+00:00,24.25,27.125
2020-10-06 05:00:00+00:00,24.125,26.975
2020-10-06 06:00:00+00:00,24.1,26.825
2020-10-06 07:00:00+00:00,24.0,26.675
2020-10-06 08:00:00+00:00,23.875,26.625
2020-10-06 09:00:00+00:00,23.775,26.525000000000002
2020-10-06 10:00:00+00:00,23.675,26.525000000000002
2020-10-06 11:00:00+00:00,23.650000000000002,26.4
2020-10-06 12:00:00+00:00,23.375000000000004,26.25
2020-10-06 13:00:00+00:00,23.325000000000003,26.250000000000004
2020-10-06 14:00:00+00:00,24.325000000000003,26.125
2020-10-06 15:00:00+00:00,24.849999999999998,26.1
2020-10-06 16:00:00+00:00,25.25,26.275
2020-10-06 17:00:00+00:00,25.625,26.450000000000003
2020-10-06 18:00:00+00:00,26.325000000000003,26.775
2020-10-06 19:00:00+00:00,26.575,27.1
2020-10-06 20:00:00+00:00,26.075,27.475
2020-10-06 21:00:00+00:00,25.875,27.849999999999998
2020-10-06 22:00:00+00:00,25.725,27.875
2020-10-06 23:00:00+00:00,25.35,27.8
2020-10-07 00:00:00+00:00,24.7,27.825000000000003
2020-10-07 01:00:00+00:00,24.225,27.675
2020-10-07 02:00:00+00:00,24.1,27.674999999999997
2020-10-07 03:00:00+00:00,23.924999999999997,27.374999999999996
2020-10-07 04:00:00+00:00,23.974999999999998,27.225
2020-10-07 05:00:00+00:00,23.8,27.025
2020-10-07 06:00:00+00:00,23.35,26.875
2020-10-07 07:00:00+00:00,22.925,26.725
2020-10-07 08:00:00+00:00,22.05,26.675
2020-10-07 09:00:00+00:00,21.1,26.525
2020-10-07 10:00:00+00:00,20.325000000000003,26.349999999999998
2020-10-07 11:00:00+00:00,19.775000000000002,26.2
2020-10-07 12:00:00+00:00,20.625,25.950000000000003
2020-10-07 13:00:00+00:00,20.625,25.775000000000002
2020-10-07 14:00:00+00:00,21.224999999999998,25.650000000000002
2020-10-07 15:00:00+00:00,22.35,25.625
2020-10-07 16:00:00+00:00,23.950000000000003,25.725
2020-10-07 17:00:00+00:00,25.45,25.950000000000003
2020-10-07 18:00:00+00:00,26.4,26.275
2020-10-07 19:00:00+00:00,27.15,26.575
2020-10-07 20:00:00+00:00,27.625,26.799999999999997
2020-10-07 21:00:00+00:00,27.625,27.125
2020-10-07 22:00:00+00:00,27.674999999999997,27.375
2020-10-07 23:00:00+00:00,27.325000000000003,27.525
2020-10-08 00:00:00+00:00,26.4,26.799999999999997
2020-10-08 01:00:00+00:00,25.924999999999997,27.375
2020-10-08 02:00:00+00:00,25.75,27.3
2020-10-08 03:00:00+00:00,25.475,27.225
2020-10-08 04:00:00+00:00,25.4,27.125
2020-10-08 05:00:00+00:00,25.525,27.075
2020-10-08 06:00:00+00:00,25.25,26.975
2020-10-08 07:00:00+00:00,25.0,26.95
2020-10-08 08:00:00+00:00,24.65,26.875
2020-10-08 09:00:00+00:00,24.275,26.775
2020-10-08 10:00:00+00:00,23.974999999999998,26.650000000000002
2020-10-08 11:00:00+00:00,24.175,26.525
2020-10-08 12:00:00+00:00,23.925,26.475
2020-10-08 13:00:00+00:00,24.1,26.4
2020-10-08 14:00:00+00:00,25.325,26.325000000000003
2020-10-08 15:00:00+00:00,25.75,26.375
2020-10-08 16:00:00+00:00,26.8,26.45
2020-10-08 17:00:00+00:00,27.55,26.575000000000003
2020-10-08 18:00:00+00:00,27.900000000000002,26.825000000000003
2020-10-08 19:00:00+00:00,28.15,27.05
2020-10-08 20:00:00+00:00,27.424999999999997,27.150000000000002
2020-10-08 21:00:00+00:00,26.45,27.25
2020-10-08 22:00:00+00:00,26.0,27.325
2020-10-08 23:00:00+00:00,25.8,27.4
2020-10-09 00:00:00+00:00,25.625,27.25
2020-10-09 01:00:00+00:00,25.725,27.275
2020-10-09 02:00:00+00:00,25.9,27.125
2020-10-09 03:00:00+00:00,25.825000000000003,27.15
2020-10-09 04:00:00+00:00,25.6,27.1
2020-10-09 05:00:00+00:00,25.424999999999997,27.0
2020-10-09 06:00:00+00:00,25.433333333333334,26.566666666666663
2020-10-09 07:00:00+00:00,25.1,26.825
2020-10-09 08:00:00+00:00,24.825,26.675
2020-10-09 09:00:00+00:00,24.75,26.625
2020-10-09 10:00:00+00:00,24.775,26.55
2020-10-09 11:00:00+00:00,24.675,26.525
2020-10-09 12:00:00+00:00,24.7,26.424999999999997
2020-10-09 13:00:00+00:00,24.549999999999997,26.325
2020-10-09 14:00:00+00:00,24.674999999999997,26.325
2020-10-09 15:00:00+00:00,24.900000000000002,26.2
2020-10-09 16:00:00+00:00,25.549999999999997,26.175
2020-10-09 17:00:00+00:00,26.475,26.275
2020-10-09 18:00:00+00:00,27.7,26.475
2020-10-09 19:00:00+00:00,28.599999999999998,26.7
2020-10-09 20:00:00+00:00,29.150000000000002,26.9
2020-10-09 21:00:00+00:00,29.525,27.05
2020-10-09 22:00:00+00:00,29.675,27.174999999999997
2020-10-09 23:00:00+00:00,29.55,27.15
2020-10-10 00:00:00+00:00,28.674999999999997,27.1
2020-10-10 01:00:00+00:00,27.700000000000003,27.025000000000002
2020-10-10 02:00:00+00:00,27.15,27.0
2020-10-10 03:00:00+00:00,26.75,26.975
2020-10-10 04:00:00+00:00,26.025000000000002,26.975
2020-10-10 05:00:00+00:00,25.700000000000003,26.9
2020-10-10 06:00:00+00:00,25.25,26.85
2020-10-10 07:00:00+00:00,25.35,26.8
2020-10-10 08:00:00+00:00,25.025000000000002,26.775
2020-10-10 09:00:00+00:00,24.925,26.725
2020-10-10 10:00:00+00:00,24.5,26.674999999999997
2020-10-10 11:00:00+00:00,24.775,26.7
2020-10-10 12:00:00+00:00,24.7,26.725
2020-10-10 13:00:00+00:00,24.775,26.625
2020-10-10 14:00:00+00:00,25.45,26.424999999999997
2020-10-10 15:00:00+00:00,26.5,26.166666666666668
2020-10-10 16:00:00+00:00,26.950000000000003,26.575
2020-10-10 17:00:00+00:00,26.849999999999998,26.875
2020-10-10 18:00:00+00:00,27.049999999999997,27.3
2020-10-10 19:00:00+00:00,27.3,27.75
2020-10-10 20:00:00+00:00,27.65,28.05
2020-10-10 21:00:00+00:00,28.400000000000002,28.25
2020-10-10 22:00:00+00:00,28.35,28.45
2020-10-10 23:00:00+00:00,28.7,28.525
2020-10-11 00:00:00+00:00,27.475,28.474999999999998
2020-10-11 01:00:00+00:00,27.15,28.35
2020-10-11 02:00:00+00:00,27.0,28.25
2020-10-11 03:00:00+00:00,26.875000000000004,28.150000000000002
2020-10-11 04:00:00+00:00,26.9,28.15
2020-10-11 05:00:00+00:00,26.675,28.174999999999997
2020-10-11 06:00:00+00:00,26.575,28.0
2020-10-11 07:00:00+00:00,26.475,27.950000000000003
2020-10-11 08:00:00+00:00,26.375,27.775
2020-10-11 09:00:00+00:00,26.175,27.65
2020-10-11 10:00:00+00:00,26.0,27.55
2020-10-11 11:00:00+00:00,25.875,27.5
2020-10-11 12:00:00+00:00,25.799999999999997,27.450000000000003
2020-10-11 13:00:00+00:00,25.95,27.375
2020-10-11 14:00:00+00:00,26.5,27.400000000000002
2020-10-11 15:00:00+00:00,27.075000000000003,27.475
2020-10-11 16:00:00+00:00,27.475,27.575000000000003
2020-10-11 17:00:00+00:00,27.825,27.85
2020-10-11 18:00:00+00:00,28.05,28.1
2020-10-11 19:00:00+00:00,28.049999999999997,28.325000000000003
2020-10-11 20:00:00+00:00,28.05,28.6
2020-10-11 21:00:00+00:00,28.075,28.825000000000003
2020-10-11 22:00:00+00:00,27.975,28.950000000000003
2020-10-11 23:00:00+00:00,27.6,28.775
2020-10-12 00:00:00+00:00,27.225,28.825
2020-10-12 01:00:00+00:00,26.85,28.8
2020-10-12 02:00:00+00:00,26.549999999999997,28.65
2020-10-12 03:00:00+00:00,26.474999999999998,28.575
2020-10-12 04:00:00+00:00,26.35,28.5
2020-10-12 05:00:00+00:00,26.425,28.275
2020-10-12 06:00:00+00:00,26.35,28.174999999999997
2020-10-12 07:00:00+00:00,26.325,28.05
2020-10-12 08:00:00+00:00,26.375,28.025
2020-10-12 09:00:00+00:00,26.15,27.900000000000002
2020-10-12 10:00:00+00:00,26.200000000000003,27.775
2020-10-12 11:00:00+00:00,26.074999999999996,27.675
2020-10-12 12:00:00+00:00,25.924999999999997,27.650000000000002
2020-10-12 13:00:00+00:00,25.925000000000004,27.599999999999998
2020-10-12 14:00:00+00:00,26.55,27.6
2020-10-12 15:00:00+00:00,27.225,27.675
2020-10-12 16:00:00+00:00,27.675,27.8
2020-10-12 17:00:00+00:00,27.975,28.025000000000002
2020-10-12 18:00:00+00:00,28.425,28.25
2020-10-12 19:00:00+00:00,28.55,28.575
2020-10-12 20:00:00+00:00,29.1,28.825
2020-10-12 21:00:00+00:00,29.1,29.000000000000004
2020-10-12 22:00:00+00:00,28.925,29.2
2020-10-12 23:00:00+00:00,28.6,29.174999999999997
2020-10-13 00:00:00+00:00,27.674999999999997,29.3
2020-10-13 01:00:00+00:00,27.1,29.299999999999997
2020-10-13 02:00:00+00:00,26.775,29.3
2020-10-13 03:00:00+00:00,26.775,29.225
2020-10-13 04:00:00+00:00,26.699999999999996,29.2
2020-10-13 05:00:00+00:00,26.25,29.1
2020-10-13 06:00:00+00:00,25.499999999999996,28.9
2020-10-13 07:00:00+00:00,24.75,28.775
2020-10-13 08:00:00+00:00,23.95,28.625
2020-10-13 09:00:00+00:00,23.200000000000003,28.325000000000003
2020-10-13 10:00:00+00:00,22.875,28.125000000000004
2020-10-13 11:00:00+00:00,22.85,27.950000000000003
2020-10-13 12:00:00+00:00,22.45,27.75
2020-10-13 13:00:00+00:00,22.325,27.375
2020-10-13 14:00:00+00:00,23.025,27.275
2020-10-13 15:00:00+00:00,23.974999999999998,27.375
2020-10-13 16:00:00+00:00,25.349999999999998,27.725
2020-10-13 17:00:00+00:00,26.0,27.974999999999998
2020-10-13 18:00:00+00:00,26.75,28.550000000000004
2020-10-13 19:00:00+00:00,27.625,28.975
2020-10-13 20:00:00+00:00,28.150000000000002,29.2
2020-10-13 21:00:00+00:00,28.375,29.375
2020-10-13 22:00:00+00:00,28.675,29.45
2020-10-13 23:00:00+00:00,28.200000000000003,29.474999999999998
2020-10-14 00:00:00+00:00,27.474999999999998,29.325000000000003
2020-10-14 01:00:00+00:00,27.0,29.175
2020-10-14 02:00:00+00:00,26.675000000000004,28.875
2020-10-14 03:00:00+00:00,26.475,28.725
2020-10-14 04:00:00+00:00,26.424999999999997,28.7
2020-10-14 05:00:00+00:00,26.25,28.599999999999998
2020-10-14 06:00:00+00:00,26.15,28.525000000000002
2020-10-14 07:00:00+00:00,25.875,28.45
2020-10-14 08:00:00+00:00,25.700000000000003,28.450000000000003
2020-10-14 09:00:00+00:00,25.599999999999998,28.375
2020-10-14 10:00:00+00:00,25.174999999999997,28.275
2020-10-14 11:00:00+00:00,24.575,28.175
2020-10-14 12:00:00+00:00,23.425,28.075000000000003
2020-10-14 13:00:00+00:00,23.375000000000004,28.025000000000002
2020-10-14 14:00:00+00:00,24.225,27.924999999999997
2020-10-14 15:00:00+00:00,25.225,27.975
2020-10-14 16:00:00+00:00,26.25,28.05
2020-10-14 17:00:00+00:00,26.700000000000003,28.375
2020-10-14 18:00:00+00:00,27.049999999999997,28.65
2020-10-14 19:00:00+00:00,27.425,28.775
2020-10-14 20:00:00+00:00,27.575000000000003,28.9
2020-10-14 21:00:00+00:00,27.650000000000002,29.099999999999998
2020-10-14 22:00:00+00:00,27.25,29.150000000000002
2020-10-14 23:00:00+00:00,27.025000000000002,29.200000000000003
2020-10-15 00:00:00+00:00,26.325,29.1
2020-10-15 01:00:00+00:00,26.125,28.775
2020-10-15 02:00:00+00:00,25.925,28.65
2020-10-15 03:00:00+00:00,25.824999999999996,28.45
2020-10-15 04:00:00+00:00,25.9,28.299999999999997
2020-10-15 05:00:00+00:00,25.924999999999997,28.1
2020-10-15 06:00:00+00:00,25.849999999999998,27.8
2020-10-15 07:00:00+00:00,25.875,27.599999999999998
2020-10-15 08:00:00+00:00,25.875,27.625
2020-10-15 09:00:00+00:00,25.9,27.575000000000003
2020-10-15 10:00:00+00:00,25.925,27.425
2020-10-15 11:00:00+00:00,26.025000000000002,27.275000000000002
2020-10-15 12:00:00+00:00,26.025,26.95
2020-10-15 13:00:00+00:00,26.175,27.174999999999997
2020-10-15 14:00:00+00:00,26.625,27.125
2020-10-15 15:00:00+00:00,27.075,27.35
2020-10-15 16:00:00+00:00,27.375,27.549999999999997
2020-10-15 17:00:00+00:00,27.65,27.775
2020-10-15 18:00:00+00:00,27.699999999999996,28.025
2020-10-15 19:00:00+00:00,27.95,28.425
2020-10-15 20:00:00+00:00,28.050000000000004,28.7
2020-10-15 21:00:00+00:00,28.275,28.8
2020-10-15 22:00:00+00:00,28.174999999999997,28.875
2020-10-15 23:00:00+00:00,27.7,28.8
2020-10-16 00:00:00+00:00,27.025,28.849999999999998
2020-10-16 01:00:00+00:00,26.800000000000004,28.700000000000003
2020-10-16 02:00:00+00:00,26.6,28.575
2020-10-16 03:00:00+00:00,26.549999999999997,28.475
2020-10-16 04:00:00+00:00,26.4,28.374999999999996
2020-10-16 05:00:00+00:00,26.325000000000003,28.325
2020-10-16 06:00:00+00:00,25.299999999999997,27.6
2020-10-16 07:00:00+00:00,23.849999999999998,27.975
2020-10-16 08:00:00+00:00,21.724999999999998,27.700000000000003
2020-10-16 09:00:00+00:00,21.174999999999997,27.3
2020-10-16 10:00:00+00:00,20.5,26.900000000000002
2020-10-16 11:00:00+00:00,19.700000000000003,26.575
2020-10-16 12:00:00+00:00,18.975,26.275
2020-10-16 13:00:00+00:00,18.5,25.875
2020-10-16 14:00:00+00:00,18.425,25.65
2020-10-16 15:00:00+00:00,17.875,25.349999999999998
2020-10-16 16:00:00+00:00,17.025000000000002,25.1
2020-10-16 17:00:00+00:00,16.375,24.7
2020-10-16 18:00:00+00:00,15.650000000000002,24.299999999999997
2020-10-16 19:00:00+00:00,15.45,24.0
2020-10-16 20:00:00+00:00,15.7,23.55
2020-10-16 21:00:00+00:00,16.1,23.775
2020-10-16 22:00:00+00:00,16.5,23.624999999999996
2020-10-16 23:00:00+00:00,16.575,23.375
2020-10-17 00:00:00+00:00,16.5,23.125
2020-10-17 01:00:00+00:00,16.7,23.0
2020-10-17 02:00:00+00:00,16.775000000000002,22.900000000000002
2020-10-17 03:00:00+00:00,16.875,22.299999999999997
2020-10-17 04:00:00+00:00,17.075,22.5
2020-10-17 05:00:00+00:00,17.525,22.7
2020-10-17 06:00:00+00:00,18.2,22.6
2020-10-17 07:00:00+00:00,18.475,22.8
2020-10-17 08:00:00+00:00,18.775,23.225
2020-10-17 09:00:00+00:00,19.325,23.225
2020-10-17 10:00:00+00:00,20.025,23.175
2020-10-17 11:00:00+00:00,20.549999999999997,22.8
2020-10-17 12:00:00+00:00,20.35,22.725
2020-10-17 13:00:00+00:00,20.2,22.625
2020-10-17 14:00:00+00:00,21.175,22.85
2020-10-17 15:00:00+00:00,22.875,22.775
2020-10-17 16:00:00+00:00,25.049999999999997,23.075
2020-10-17 17:00:00+00:00,25.725,23.15
2020-10-17 18:00:00+00:00,25.975,23.55
2020-10-17 19:00:00+00:00,25.924999999999997,23.900000000000002
2020-10-17 20:00:00+00:00,26.225,24.275000000000002
2020-10-17 21:00:00+00:00,26.099999999999998,24.6
2020-10-17 22:00:00+00:00,25.849999999999998,25.000000000000004
2020-10-17 23:00:00+00:00,25.525000000000002,25.025
2020-10-18 00:00:00+00:00,25.1,25.0
2020-10-18 01:00:00+00:00,25.333333333333332,25.366666666666664
2020-10-18 02:00:00+00:00,25.35,24.7
2020-10-18 03:00:00+00:00,25.325000000000003,24.625
2020-10-18 04:00:00+00:00,25.325,24.575
2020-10-18 05:00:00+00:00,25.349999999999998,24.525
2020-10-18 06:00:00+00:00,25.374999999999996,24.525
2020-10-18 07:00:00+00:00,25.25,24.575
2020-10-18 08:00:00+00:00,25.125,24.575
2020-10-18 09:00:00+00:00,25.025,24.5
2020-10-18 10:00:00+00:00,24.824999999999996,24.5
2020-10-18 11:00:00+00:00,24.825,24.450000000000003
2020-10-18 12:00:00+00:00,24.725,24.424999999999997
2020-10-18 13:00:00+00:00,24.824999999999996,24.300000000000004
2020-10-18 14:00:00+00:00,25.525,24.275
2020-10-18 15:00:00+00:00,26.1,24.35
2020-10-18 16:00:00+00:00,26.5,24.5
2020-10-18 17:00:00+00:00,26.65,24.875
2020-10-18 18:00:00+00:00,26.925,25.275
2020-10-18 19:00:00+00:00,27.1,25.749999999999996
2020-10-18 20:00:00+00:00,27.099999999999998,26.049999999999997
2020-10-18 21:00:00+00:00,26.825,26.249999999999996
2020-10-18 22:00:00+00:00,26.825,26.525
2020-10-18 23:00:00+00:00,26.599999999999998,26.03333333333333
2020-10-19 00:00:00+00:00,26.25,26.450000000000003
2020-10-19 01:00:00+00:00,25.875000000000004,26.5
2020-10-19 02:00:00+00:00,25.699999999999996,26.4
2020-10-19 03:00:00+00:00,25.7,26.325
2020-10-19 04:00:00+00:00,25.799999999999997,26.225
2020-10-19 05:00:00+00:00,25.8,26.075000000000003
2020-10-19 06:00:00+00:00,25.775000000000002,26.025
2020-10-19 07:00:00+00:00,25.7,25.925
2020-10-19 08:00:00+00:00,25.725,25.875
2020-10-19 09:00:00+00:00,25.725,25.849999999999998
2020-10-19 10:00:00+00:00,25.65,25.775000000000002
2020-10-19 11:00:00+00:00,25.55,25.775
2020-10-19 12:00:00+00:00,25.275,25.8
2020-10-19 13:00:00+00:00,25.299999999999997,25.700000000000003
2020-10-19 14:00:00+00:00,25.975,25.725
2020-10-19 15:00:00+00:00,26.6,25.799999999999997
2020-10-19 16:00:00+00:00,26.75,26.025
2020-10-19 17:00:00+00:00,26.9,26.3
2020-10-19 18:00:00+00:00,26.625,26.5
2020-10-19 19:00:00+00:00,26.975,26.925
2020-10-19 20:00:00+00:00,27.125,27.275
2020-10-19 21:00:00+00:00,27.525000000000002,27.35
2020-10-19 22:00:00+00:00,27.3,27.724999999999998
2020-10-19 23:00:00+00:00,27.0,27.799999999999997
2020-10-20 00:00:00+00:00,26.525,27.7
2020-10-20 01:00:00+00:00,26.325,27.675
2020-10-20 02:00:00+00:00,26.225,27.525
2020-10-20 03:00:00+00:00,26.175,27.325
2020-10-20 04:00:00+00:00,26.099999999999998,27.25
2020-10-20 05:00:00+00:00,26.075000000000003,27.0
2020-10-20 06:00:00+00:00,25.974999999999998,26.9
2020-10-20 07:00:00+00:00,25.9,26.825
2020-10-20 08:00:00+00:00,25.825,26.8
2020-10-20 09:00:00+00:00,25.75,26.75
2020-10-20 10:00:00+00:00,25.625,26.624999999999996
2020-10-20 11:00:00+00:00,25.475,26.575
2020-10-20 12:00:00+00:00,25.4,26.525000000000002
2020-10-20 13:00:00+00:00,25.275,26.499999999999996
2020-10-20 14:00:00+00:00,26.174999999999997,26.474999999999998
2020-10-20 15:00:00+00:00,26.650000000000002,26.6
2020-10-20 16:00:00+00:00,26.8,26.775000000000002
2020-10-20 17:00:00+00:00,26.849999999999998,26.974999999999998
2020-10-20 18:00:00+00:00,26.85,27.275
2020-10-20 19:00:00+00:00,26.924999999999997,27.625
2020-10-20 20:00:00+00:00,27.025,27.950000000000003
2020-10-20 21:00:00+00:00,26.949999999999996,28.3
2020-10-20 22:00:00+00:00,26.925000000000004,28.349999999999998
2020-10-20 23:00:00+00:00,26.5,28.299999999999997
2020-10-21 00:00:00+00:00,25.875,28.15
2020-10-21 01:00:00+00:00,25.675,28.025000000000002
2020-10-21 02:00:00+00:00,25.575000000000003,27.974999999999998
2020-10-21 03:00:00+00:00,25.575000000000003,27.900000000000002
2020-10-21 04:00:00+00:00,25.975,27.824999999999996
2020-10-21 05:00:00+00:00,25.875,27.525
2020-10-21 06:00:00+00:00,25.650000000000002,27.375
2020-10-21 07:00:00+00:00,25.625000000000004,27.275
2020-10-21 08:00:00+00:00,25.5,27.2
2020-10-21 09:00:00+00:00,25.200000000000003,27.150000000000002
2020-10-21 10:00:00+00:00,24.9,27.05
2020-10-21 11:00:00+00:00,24.875,26.975
2020-10-21 12:00:00+00:00,24.475,26.925
2020-10-21 13:00:00+00:00,24.575,26.875
2020-10-21 14:00:00+00:00,25.5,26.825000000000003
2020-10-21 15:00:00+00:00,26.200000000000003,26.95
2020-10-21 16:00:00+00:00,26.8,27.125
2020-10-21 17:00:00+00:00,27.0,27.375
2020-10-21 18:00:00+00:00,27.299999999999997,27.7
2020-10-21 19:00:00+00:00,27.2,27.975
2020-10-21 20:00:00+00:00,27.25,28.325
2020-10-21 21:00:00+00:00,27.225,28.450000000000003
2020-10-21 22:00:00+00:00,27.025000000000002,28.474999999999998
2020-10-21 23:00:00+00:00,26.625,28.450000000000003
2020-10-22 00:00:00+00:00,26.1,28.375
2020-10-22 01:00:00+00:00,25.775,28.225
2020-10-22 02:00:00+00:00,25.65,28.075
2020-10-22 03:00:00+00:00,25.625,28.049999999999997
2020-10-22 04:00:00+00:00,25.45,27.849999999999998
2020-10-22 05:00:00+00:00,25.475,27.775
2020-10-22 06:00:00+00:00,25.45,27.65
2020-10-22 07:00:00+00:00,25.4,27.525
2020-10-22 08:00:00+00:00,25.325,27.474999999999998
2020-10-22 09:00:00+00:00,25.025,27.375
2020-10-22 10:00:00+00:00,24.85,27.3
2020-10-22 11:00:00+00:00,24.799999999999997,27.225
2020-10-22 12:00:00+00:00,24.8,27.15
2020-10-22 13:00:00+00:00,24.8,27.15
2020-10-22 14:00:00+00:00,24.975,27.125
2020-10-22 15:00:00+00:00,26.325,27.15
2020-10-22 16:00:00+00:00,25.525,27.275
2020-10-22 17:00:00+00:00,26.125,27.375
2020-10-22 18:00:00+00:00,26.875,27.475
2020-10-22 19:00:00+00:00,27.075,27.65
2020-10-22 20:00:00+00:00,27.175,27.925
2020-10-22 21:00:00+00:00,27.075,28.125
2020-10-22 22:00:00+00:00,27.0,28.2
2020-10-22 23:00:00+00:00,26.549999999999997,28.25
2020-10-23 00:00:00+00:00,26.125,28.15
2020-10-23 01:00:00+00:00,26.0,27.8
2020-10-23 02:00:00+00:00,25.9,28.025000000000002
2020-10-23 03:00:00+00:00,25.875,27.95
2020-10-23 04:00:00+00:00,25.800000000000004,27.875
2020-10-23 05:00:00+00:00,25.799999999999997,27.9
2020-10-23 06:00:00+00:00,25.775,27.775
2020-10-23 07:00:00+00:00,25.499999999999996,27.65
2020-10-23 08:00:00+00:00,25.425,27.725
2020-10-23 09:00:00+00:00,25.35,27.674999999999997
2020-10-23 10:00:00+00:00,25.299999999999997,27.575
2020-10-23 11:00:00+00:00,25.15,27.5
2020-10-23 12:00:00+00:00,25.05,27.400000000000002
2020-10-23 13:00:00+00:00,25.25,27.275
2020-10-23 14:00:00+00:00,26.450000000000003,27.275
2020-10-23 15:00:00+00:00,27.125,27.375000000000004
2020-10-23 16:00:00+00:00,27.325,27.475
2020-10-23 17:00:00+00:00,27.25,27.7
2020-10-23 18:00:00+00:00,27.475,28.15
2020-10-23 19:00:00+00:00,27.85,28.5
2020-10-23 20:00:00+00:00,28.750000000000004,29.075000000000003
2020-10-23 21:00:00+00:00,28.3,29.299999999999997
2020-10-23 22:00:00+00:00,28.125,29.35
2020-10-23 23:00:00+00:00,27.974999999999998,29.35
2020-10-24 00:00:00+00:00,27.25,29.325000000000003
2020-10-24 01:00:00+00:00,26.1,29.325
2020-10-24 02:00:00+00:00,21.65,29.025
2020-10-24 03:00:00+00:00,18.85,28.5
2020-10-24 04:00:00+00:00,17.4,27.875
2020-10-24 05:00:00+00:00,16.625,27.225
2020-10-24 06:00:00+00:00,15.850000000000001,26.7
2020-10-24 07:00:00+00:00,15.033333333333333,25.766666666666666
2020-10-24 08:00:00+00:00,14.925,25.400000000000002
2020-10-24 09:00:00+00:00,14.924999999999999,25.375
2020-10-24 10:00:00+00:00,14.85,24.6
2020-10-24 11:00:00+00:00,14.475000000000001,24.025
2020-10-24 12:00:00+00:00,14.250000000000002,23.425
2020-10-24 13:00:00+00:00,14.1,23.125
2020-10-24 14:00:00+00:00,14.375,22.775000000000002
2020-10-24 15:00:00+00:00,14.9,22.575000000000003
2020-10-24 16:00:00+00:00,15.874999999999998,22.425
2020-10-24 17:00:00+00:00,16.75,22.35
2020-10-24 18:00:00+00:00,17.9,22.700000000000003
2020-10-24 19:00:00+00:00,18.725,23.0
2020-10-24 20:00:00+00:00,19.85,23.300000000000004
2020-10-24 21:00:00+00:00,20.9,23.475
2020-10-24 22:00:00+00:00,21.425,23.875
2020-10-24 23:00:00+00:00,22.05,23.900000000000002
2020-10-25 00:00:00+00:00,21.125,23.875
2020-10-25 01:00:00+00:00,20.7,23.799999999999997
2020-10-25 02:00:00+00:00,20.45,23.875
2020-10-25 03:00:00+00:00,20.5,23.799999999999997
2020-10-25 04:00:00+00:00,20.4,23.724999999999998
2020-10-25 05:00:00+00:00,20.35,23.6
2020-10-25 06:00:00+00:00,20.5,23.6
2020-10-25 07:00:00+00:00,20.8,23.625
2020-10-25 08:00:00+00:00,21.375,23.575000000000003
2020-10-25 09:00:00+00:00,21.575000000000003,23.549999999999997
2020-10-25 10:00:00+00:00,22.0,23.5
2020-10-25 11:00:00+00:00,22.025,23.5
2020-10-25 12:00:00+00:00,21.9,23.625
2020-10-25 13:00:00+00:00,22.0,23.875
2020-10-25 14:00:00+00:00,22.4,23.8
2020-10-25 15:00:00+00:00,23.6,24.025
2020-10-25 16:00:00+00:00,24.075,24.125
2020-10-25 17:00:00+00:00,24.825,24.3
2020-10-25 18:00:00+00:00,25.2,24.35
2020-10-25 19:00:00+00:00,25.475,24.450000000000003
2020-10-25 20:00:00+00:00,25.7,24.475
2020-10-25 21:00:00+00:00,25.775,24.675
2020-10-25 22:00:00+00:00,25.85,24.9
2020-10-25 23:00:00+00:00,25.8,24.849999999999998
2020-10-26 00:00:00+00:00,25.275000000000002,24.725
2020-10-26 01:00:00+00:00,25.075000000000003,24.674999999999997
2020-10-26 02:00:00+00:00,25.049999999999997,24.725
2020-10-26 03:00:00+00:00,25.05,24.775
2020-10-26 04:00:00+00:00,24.950000000000003,24.775
2020-10-26 05:00:00+00:00,25.0,24.725
2020-10-26 06:00:00+00:00,25.075000000000003,24.775
2020-10-26 07:00:00+00:00,25.15,24.725
2020-10-26 08:00:00+00:00,25.125,24.65
2020-10-26 09:00:00+00:00,25.15,24.625
2020-10-26 10:00:00+00:00,25.275000000000002,24.625
2020-10-26 11:00:00+00:00,25.4,24.65
2020-10-26 12:00:00+00:00,25.275,24.7
2020-10-26 13:00:00+00:00,25.425,24.725
2020-10-26 14:00:00+00:00,25.65,24.775
2020-10-26 15:00:00+00:00,26.025,24.824999999999996
2020-10-26 16:00:00+00:00,25.9,24.975
2020-10-26 17:00:00+00:00,26.25,25.15
2020-10-26 18:00:00+00:00,26.225,25.275
2020-10-26 19:00:00+00:00,25.625,25.425
2020-10-26 20:00:00+00:00,25.799999999999997,25.475
2020-10-26 21:00:00+00:00,26.25,25.575000000000003
2020-10-26 22:00:00+00:00,26.05,25.700000000000003
2020-10-26 23:00:00+00:00,25.85,25.700000000000003
2020-10-27 00:00:00+00:00,25.275000000000002,25.675
2020-10-27 01:00:00+00:00,25.150000000000002,25.65
2020-10-27 02:00:00+00:00,24.924999999999997,25.599999999999998
2020-10-27 03:00:00+00:00,23.2,25.5
2020-10-27 04:00:00+00:00,20.599999999999998,25.450000000000003
2020-10-27 05:00:00+00:00,15.900000000000002,25.25
2020-10-27 06:00:00+00:00,14.950000000000001,24.75
2020-10-27 07:00:00+00:00,14.749999999999998,24.475
2020-10-27 08:00:00+00:00,14.450000000000001,24.075000000000003
2020-10-27 09:00:00+00:00,14.525,23.75
2020-10-27 10:00:00+00:00,14.399999999999999,23.699999999999996
2020-10-27 11:00:00+00:00,14.0,23.5
2020-10-27 12:00:00+00:00,13.200000000000001,22.874999999999996
2020-10-27 13:00:00+00:00,12.6,22.65
2020-10-27 14:00:00+00:00,12.2,22.375
2020-10-27 15:00:00+00:00,12.65,22.125
2020-10-27 16:00:00+00:00,12.675,21.9
2020-10-27 17:00:00+00:00,13.95,21.825000000000003
2020-10-27 18:00:00+00:00,14.874999999999998,21.8
2020-10-27 19:00:00+00:00,15.899999999999999,21.825000000000003
2020-10-27 20:00:00+00:00,16.825,21.775
2020-10-27 21:00:00+00:00,17.025,21.825
2020-10-27 22:00:00+00:00,16.125,21.7
2020-10-27 23:00:00+00:00,15.0,21.525000000000002
2020-10-28 00:00:00+00:00,13.2,21.325
2020-10-28 01:00:00+00:00,12.174999999999999,20.95
2020-10-28 02:00:00+00:00,11.8,20.75
2020-10-28 03:00:00+00:00,11.399999999999999,20.5
2020-10-28 04:00:00+00:00,10.85,20.15
2020-10-28 05:00:00+00:00,10.225,19.775
2020-10-28 06:00:00+00:00,9.7,19.35
2020-10-28 07:00:00+00:00,9.05,19.0
2020-10-28 08:00:00+00:00,8.65,18.724999999999998
2020-10-28 09:00:00+00:00,8.55,18.5
2020-10-28 10:00:00+00:00,7.8999999999999995,18.1
2020-10-28 11:00:00+00:00,7.8500000000000005,17.7
2020-10-28 12:00:00+00:00,8.299999999999999,17.275
2020-10-28 13:00:00+00:00,8.025,16.95
2020-10-28 14:00:00+00:00,7.925,16.675
2020-10-28 15:00:00+00:00,8.475,16.375
2020-10-28 16:00:00+00:00,9.475,16.400000000000002
2020-10-28 17:00:00+00:00,9.399999999999999,16.425
2020-10-28 18:00:00+00:00,10.35,16.35
2020-10-28 19:00:00+00:00,12.366666666666667,16.433333333333334
2020-10-28 20:00:00+00:00,13.825,16.549999999999997
2020-10-28 21:00:00+00:00,15.6,16.875
2020-10-28 22:00:00+00:00,16.725,17.424999999999997
2020-10-28 23:00:00+00:00,16.950000000000003,17.575
2020-10-29 00:00:00+00:00,15.75,17.625
2020-10-29 01:00:00+00:00,15.225000000000001,17.75
2020-10-29 02:00:00+00:00,14.3,17.35
2020-10-29 03:00:00+00:00,13.399999999999999,17.225
2020-10-29 04:00:00+00:00,13.175,17.025
2020-10-29 05:00:00+00:00,12.175,17.05
2020-10-29 06:00:00+00:00,11.375,16.95
2020-10-29 07:00:00+00:00,10.350000000000001,16.799999999999997
2020-10-29 08:00:00+00:00,10.35,17.3
2020-10-29 09:00:00+00:00,11.1,17.5
2020-10-29 10:00:00+00:00,10.575000000000001,17.075
2020-10-29 11:00:00+00:00,9.925,16.650000000000002
2020-10-29 12:00:00+00:00,9.525,16.5
2020-10-29 13:00:00+00:00,10.35,16.3
2020-10-29 14:00:00+00:00,12.175,16.025000000000002
2020-10-29 15:00:00+00:00,14.175,15.55
2020-10-29 16:00:00+00:00,15.249999999999998,16.4
2020-10-29 17:00:00+00:00,15.625,16.75
2020-10-29 18:00:00+00:00,16.475,16.725
2020-10-29 19:00:00+00:00,17.15,17.05
2020-10-29 20:00:00+00:00,18.225,17.625
2020-10-29 21:00:00+00:00,19.1,18.3
2020-10-29 22:00:00+00:00,19.275,18.475
2020-10-29 23:00:00+00:00,18.525,18.525
2020-10-30 00:00:00+00:00,16.875,18.325
2020-10-30 01:00:00+00:00,15.6,18.075
2020-10-30 02:00:00+00:00,14.549999999999999,17.775
2020-10-30 03:00:00+00:00,13.675,17.25
2020-10-30 04:00:00+00:00,13.0,17.400000000000002
2020-10-30 05:00:00+00:00,12.5,17.075
2020-10-30 06:00:00+00:00,11.725,16.775
2020-10-30 07:00:00+00:00,11.3,16.5
2020-10-30 08:00:00+00:00,10.899999999999999,16.225
2020-10-30 09:00:00+00:00,10.475,16.0
2020-10-30 10:00:00+00:00,10.049999999999999,15.9
2020-10-30 11:00:00+00:00,9.675,15.7
2020-10-30 12:00:00+00:00,9.55,15.725
2020-10-30 13:00:00+00:00,9.125,15.325
2020-10-30 14:00:00+00:00,10.649999999999999,15.099999999999998
2020-10-30 15:00:00+00:00,11.975000000000001,15.150000000000002
2020-10-30 16:00:00+00:00,13.15,15.55
2020-10-30 17:00:00+00:00,14.275,16.2
2020-10-30 18:00:00+00:00,15.025000000000002,16.65
2020-10-30 19:00:00+00:00,15.924999999999999,17.225
2020-10-30 20:00:00+00:00,17.433333333333334,17.566666666666666
2020-10-30 21:00:00+00:00,17.875,18.325
2020-10-30 22:00:00+00:00,17.825,18.825000000000003
2020-10-30 23:00:00+00:00,18.875,19.050000000000004
2020-10-31 00:00:00+00:00,17.325000000000003,19.15
2020-10-31 01:00:00+00:00,16.65,19.25
2020-10-31 02:00:00+00:00,16.150000000000002,19.375
2020-10-31 03:00:00+00:00,15.925,19.225
2020-10-31 04:00:00+00:00,16.05,19.075
2020-10-31 05:00:00+00:00,15.45,18.974999999999998
2020-10-31 06:00:00+00:00,15.3,18.875
2020-10-31 07:00:00+00:00,14.899999999999999,18.7
2020-10-31 08:00:00+00:00,15.375,18.6
2020-10-31 09:00:00+00:00,13.175,18.575
2020-10-31 10:00:00+00:00,12.975,18.4
2020-10-31 11:00:00+00:00,12.55,18.3
2020-10-31 12:00:00+00:00,12.674999999999999,17.95
2020-10-31 13:00:00+00:00,13.125,17.825
2020-10-31 14:00:00+00:00,14.375,17.675000000000004
2020-10-31 15:00:00+00:00,15.700000000000001,17.700000000000003
2020-10-31 16:00:00+00:00,17.275,17.925
2020-10-31 17:00:00+00:00,19.03333333333333,17.5
2020-10-31 18:00:00+00:00,18.95,18.75
2020-10-31 19:00:00+00:00,19.625,19.45
2020-10-31 20:00:00+00:00,20.1,19.85
2020-10-31 21:00:00+00:00,20.725,20.4
2020-10-31 22:00:00+00:00,20.875,20.675
2020-10-31 23:00:00+00:00,20.525000000000002,20.8
2020-11-01 00:00:00+00:00,19.775,20.775
2020-11-01 01:00:00+00:00,19.225,20.6
2020-11-01 02:00:00+00:00,19.075,20.55
2020-11-01 03:00:00+00:00,19.325,20.525
2020-11-01 04:00:00+00:00,19.075000000000003,20.375
2020-11-01 05:00:00+00:00,18.85,20.2
2020-11-01 06:00:00+00:00,18.225,20.15
2020-11-01 07:00:00+00:00,17.75,20.125
2020-11-01 08:00:00+00:00,17.225,20.125
2020-11-01 09:00:00+00:00,16.9,19.950000000000003
2020-11-01 10:00:00+00:00,16.825000000000003,19.875
2020-11-01 11:00:00+00:00,16.275,19.75
2020-11-01 12:00:00+00:00,16.0,19.65
2020-11-01 13:00:00+00:00,15.874999999999998,19.424999999999997
2020-11-01 14:00:00+00:00,16.599999999999998,19.325
2020-11-01 15:00:00+00:00,17.8,19.424999999999997
2020-11-01 16:00:00+00:00,19.225,19.575
2020-11-01 17:00:00+00:00,20.65,19.925
2020-11-01 18:00:00+00:00,22.125,19.8
2020-11-01 19:00:00+00:00,22.599999999999998,20.625
2020-11-01 20:00:00+00:00,23.3,21.0
2020-11-01 21:00:00+00:00,23.650000000000002,21.15
2020-11-01 22:00:00+00:00,23.975,21.575
2020-11-01 23:00:00+00:00,23.3,21.65
2020-11-02 00:00:00+00:00,22.375,21.724999999999998
2020-11-02 01:00:00+00:00,21.1,21.675
2020-11-02 02:00:00+00:00,20.075000000000003,21.575
2020-11-02 03:00:00+00:00,19.650000000000002,21.55
2020-11-02 04:00:00+00:00,18.65,21.349999999999998
2020-11-02 05:00:00+00:00,17.849999999999998,20.9
2020-11-02 06:00:00+00:00,16.9,20.675
2020-11-02 07:00:00+00:00,16.400000000000002,20.475
2020-11-02 08:00:00+00:00,16.150000000000002,20.25
2020-11-02 09:00:00+00:00,15.674999999999999,20.15
2020-11-02 10:00:00+00:00,15.024999999999999,19.75
2020-11-02 11:00:00+00:00,14.525,19.475
2020-11-02 12:00:00+00:00,13.899999999999999,19.225
2020-11-02 13:00:00+00:00,13.825,18.95
2020-11-02 14:00:00+00:00,13.933333333333332,18.733333333333334
2020-11-02 15:00:00+00:00,15.8,18.825
2020-11-02 16:00:00+00:00,17.4,18.950000000000003
2020-11-02 17:00:00+00:00,18.725,19.275
2020-11-02 18:00:00+00:00,19.425,19.599999999999998
2020-11-02 19:00:00+00:00,19.9,20.025000000000002
2020-11-02 20:00:00+00:00,20.575,20.4
2020-11-02 21:00:00+00:00,21.174999999999997,20.625
2020-11-02 22:00:00+00:00,21.45,21.05
2020-11-02 23:00:00+00:00,20.975,21.15
2020-11-03 00:00:00+00:00,19.325,21.075000000000003
2020-11-03 01:00:00+00:00,18.675,21.05
2020-11-03 02:00:00+00:00,18.55,21.0
2020-11-03 03:00:00+00:00,18.225,20.95
2020-11-03 04:00:00+00:00,17.85,20.875
2020-11-03 05:00:00+00:00,17.0,20.75
2020-11-03 06:00:00+00:00,16.525,20.65
2020-11-03 07:00:00+00:00,16.25,20.450000000000003
2020-11-03 08:00:00+00:00,16.125,20.275
2020-11-03 09:00:00+00:00,15.975000000000001,20.075
2020-11-03 10:00:00+00:00,15.45,19.950000000000003
2020-11-03 11:00:00+00:00,14.65,19.625
2020-11-03 12:00:00+00:00,14.575,19.675
2020-11-03 13:00:00+00:00,14.6,19.375
2020-11-03 14:00:00+00:00,15.424999999999999,19.1
2020-11-03 15:00:00+00:00,17.175,19.225
2020-11-03 16:00:00+00:00,18.5,19.425
2020-11-03 17:00:00+00:00,19.65,19.775
2020-11-03 18:00:00+00:00,19.849999999999998,20.099999999999998
2020-11-03 19:00:00+00:00,20.299999999999997,20.650000000000002
2020-11-03 20:00:00+00:00,21.25,20.925
2020-11-03 21:00:00+00:00,21.474999999999998,21.224999999999998
2020-11-03 22:00:00+00:00,21.3,21.65
2020-11-03 23:00:00+00:00,20.825,21.749999999999996
2020-11-04 00:00:00+00:00,19.725,21.7
2020-11-04 01:00:00+00:00,19.299999999999997,21.6
2020-11-04 02:00:00+00:00,19.325000000000003,21.625
2020-11-04 03:00:00+00:00,19.075,21.475
2020-11-04 04:00:00+00:00,19.15,21.299999999999997
2020-11-04 05:00:00+00:00,18.799999999999997,21.1
2020-11-04 06:00:00+00:00,18.675,21.050000000000004
2020-11-04 07:00:00+00:00,18.4,20.95
2020-11-04 08:00:00+00:00,18.1,20.875
2020-11-04 09:00:00+00:00,17.5,20.775
2020-11-04 10:00:00+00:00,17.525,20.6
2020-11-04 11:00:00+00:00,17.150000000000002,20.475
2020-11-04 12:00:00+00:00,16.549999999999997,20.4
2020-11-04 13:00:00+00:00,16.925,20.375
2020-11-04 14:00:00+00:00,18.225,20.325
2020-11-04 15:00:00+00:00,19.225,20.35
2020-11-04 16:00:00+00:00,20.925,20.400000000000002
2020-11-04 17:00:00+00:00,21.65,20.799999999999997
2020-11-04 18:00:00+00:00,22.025000000000002,21.075
2020-11-04 19:00:00+00:00,22.749999999999996,21.250000000000004
2020-11-04 20:00:00+00:00,23.175,21.674999999999997
2020-11-04 21:00:00+00:00,23.275000000000002,22.1
2020-11-04 22:00:00+00:00,23.225,22.275000000000002
2020-11-04 23:00:00+00:00,22.8,22.375
2020-11-05 00:00:00+00:00,21.5,22.375
2020-11-05 01:00:00+00:00,20.599999999999998,21.833333333333332
2020-11-05 02:00:00+00:00,20.625,22.325
2020-11-05 03:00:00+00:00,20.599999999999998,22.25
2020-11-05 04:00:00+00:00,20.35,22.175
2020-11-05 05:00:00+00:00,20.375,22.075000000000003
2020-11-05 06:00:00+00:00,20.400000000000002,21.925
2020-11-05 07:00:00+00:00,20.225,21.85
2020-11-05 08:00:00+00:00,20.075000000000003,21.724999999999998
2020-11-05 09:00:00+00:00,19.925,21.625
2020-11-05 10:00:00+00:00,19.375,21.55
2020-11-05 11:00:00+00:00,19.0,21.5
2020-11-05 12:00:00+00:00,18.825,21.325000000000003
2020-11-05 13:00:00+00:00,18.65,21.324999999999996
2020-11-05 14:00:00+00:00,19.700000000000003,21.225
2020-11-05 15:00:00+00:00,20.525,21.175
2020-11-05 16:00:00+00:00,21.625,21.3
2020-11-05 17:00:00+00:00,22.225,21.475
2020-11-05 18:00:00+00:00,22.675,21.799999999999997
2020-11-05 19:00:00+00:00,23.5,22.25
2020-11-05 20:00:00+00:00,23.875,22.674999999999997
2020-11-05 21:00:00+00:00,23.975,22.95
2020-11-05 22:00:00+00:00,23.675,23.200000000000003
2020-11-05 23:00:00+00:00,23.225,23.275000000000002
2020-11-06 00:00:00+00:00,22.1,23.125
2020-11-06 01:00:00+00:00,21.55,23.125
2020-11-06 02:00:00+00:00,21.15,23.05
2020-11-06 03:00:00+00:00,20.975,23.025
2020-11-06 04:00:00+00:00,20.933333333333334,23.133333333333336
2020-11-06 05:00:00+00:00,20.75,22.85
2020-11-06 06:00:00+00:00,20.625,22.775
2020-11-06 07:00:00+00:00,19.766666666666666,22.03333333333333
2020-11-06 08:00:00+00:00,19.475,22.299999999999997
2020-11-06 09:00:00+00:00,19.375,22.2
2020-11-06 10:00:00+00:00,19.25,22.075
2020-11-06 11:00:00+00:00,19.15,21.975
2020-11-06 12:00:00+00:00,18.875,21.950000000000003
2020-11-06 13:00:00+00:00,18.525,21.750000000000004
2020-11-06 14:00:00+00:00,19.275,21.700000000000003
2020-11-06 15:00:00+00:00,20.525,21.8
2020-11-06 16:00:00+00:00,21.225,21.975
2020-11-06 17:00:00+00:00,22.125,22.299999999999997
2020-11-06 18:00:00+00:00,22.900000000000002,22.03333333333333
2020-11-06 19:00:00+00:00,22.675000000000004,23.075
2020-11-06 20:00:00+00:00,23.166666666666668,23.03333333333333
2020-11-06 21:00:00+00:00,23.525000000000002,23.85
2020-11-06 22:00:00+00:00,22.95,24.075
2020-11-06 23:00:00+00:00,22.05,24.025
2020-11-07 00:00:00+00:00,21.325,23.8
2020-11-07 01:00:00+00:00,20.799999999999997,23.6
2020-11-07 02:00:00+00:00,20.375,23.475
2020-11-07 03:00:00+00:00,20.325000000000003,23.325000000000003
2020-11-07 04:00:00+00:00,20.225,23.175
2020-11-07 05:00:00+00:00,20.025,23.0
2020-11-07 06:00:00+00:00,19.65,22.85
2020-11-07 07:00:00+00:00,19.5,22.7
2020-11-07 08:00:00+00:00,19.3,22.575
2020-11-07 09:00:00+00:00,19.375,22.5
2020-11-07 10:00:00+00:00,19.025,22.450000000000003
2020-11-07 11:00:00+00:00,18.724999999999998,22.425
2020-11-07 12:00:00+00:00,18.549999999999997,22.25
2020-11-07 13:00:00+00:00,18.475,22.074999999999996
2020-11-07 14:00:00+00:00,19.125,22.025
2020-11-07 15:00:00+00:00,20.05,22.025
2020-11-07 16:00:00+00:00,21.45,22.15
2020-11-07 17:00:00+00:00,22.3,22.400000000000002
2020-11-07 18:00:00+00:00,22.8,22.7
2020-11-07 19:00:00+00:00,22.775000000000002,22.875
2020-11-07 20:00:00+00:00,23.25,23.0
2020-11-07 21:00:00+00:00,23.725,23.1
2020-11-07 22:00:00+00:00,23.25,23.375000000000004
2020-11-07 23:00:00+00:00,22.7,23.549999999999997
2020-11-08 00:00:00+00:00,22.0,23.5
2020-11-08 01:00:00+00:00,21.7,23.4
2020-11-08 02:00:00+00:00,21.5,23.35
2020-11-08 03:00:00+00:00,21.275000000000002,23.375
2020-11-08 04:00:00+00:00,21.1,23.175
2020-11-08 05:00:00+00:00,21.05,23.075
2020-11-08 06:00:00+00:00,19.65,22.549999999999997
2020-11-08 07:00:00+00:00,20.475,22.9
2020-11-08 08:00:00+00:00,20.200000000000003,22.825000000000003
2020-11-08 09:00:00+00:00,19.95,22.775
2020-11-08 10:00:00+00:00,19.975,22.7
2020-11-08 11:00:00+00:00,19.625,22.650000000000002
2020-11-08 12:00:00+00:00,19.7,22.625
2020-11-08 13:00:00+00:00,19.1,22.6
2020-11-08 14:00:00+00:00,19.35,22.525
2020-11-08 15:00:00+00:00,20.45,22.6
2020-11-08 16:00:00+00:00,22.299999999999997,22.775
2020-11-08 17:00:00+00:00,22.8,22.925
2020-11-08 18:00:00+00:00,23.424999999999997,23.174999999999997
2020-11-08 19:00:00+00:00,23.750000000000004,23.55
2020-11-08 20:00:00+00:00,23.900000000000002,23.825000000000003
2020-11-08 21:00:00+00:00,23.75,24.049999999999997
2020-11-08 22:00:00+00:00,23.725,24.15
2020-11-08 23:00:00+00:00,23.199999999999996,24.125
2020-11-09 00:00:00+00:00,22.425,24.125
2020-11-09 01:00:00+00:00,22.200000000000003,24.0
2020-11-09 02:00:00+00:00,22.125,23.9
2020-11-09 03:00:00+00:00,22.025,23.875
2020-11-09 04:00:00+00:00,21.9,23.875
2020-11-09 05:00:00+00:00,21.75,23.85
2020-11-09 06:00:00+00:00,21.825000000000003,23.825
2020-11-09 07:00:00+00:00,21.725,23.8
2020-11-09 08:00:00+00:00,21.525,23.750000000000004
2020-11-09 09:00:00+00:00,21.35,23.675
2020-11-09 10:00:00+00:00,21.35,23.525000000000002
2020-11-09 11:00:00+00:00,21.150000000000002,23.475
2020-11-09 12:00:00+00:00,20.975,23.424999999999997
2020-11-09 13:00:00+00:00,21.0,23.325000000000003
2020-11-09 14:00:00+00:00,21.375,23.325000000000003
2020-11-09 15:00:00+00:00,22.75,23.375
2020-11-09 16:00:00+00:00,23.575000000000003,23.55
2020-11-09 17:00:00+00:00,24.8,23.5
2020-11-09 18:00:00+00:00,24.35,24.0
2020-11-09 19:00:00+00:00,24.424999999999997,24.150000000000002
2020-11-09 20:00:00+00:00,25.4,23.65
2020-11-09 21:00:00+00:00,24.625,24.525
2020-11-09 22:00:00+00:00,24.425,24.575000000000003
2020-11-09 23:00:00+00:00,24.200000000000003,24.625000000000004
2020-11-10 00:00:00+00:00,23.375,24.75
2020-11-10 01:00:00+00:00,23.125,24.700000000000003
2020-11-10 02:00:00+00:00,22.775,24.65
2020-11-10 03:00:00+00:00,22.75,24.65
2020-11-10 04:00:00+00:00,22.624999999999996,24.474999999999998
2020-11-10 05:00:00+00:00,22.725,24.525
2020-11-10 06:00:00+00:00,22.650000000000002,24.5
2020-11-10 07:00:00+00:00,22.225,24.45
2020-11-10 08:00:00+00:00,22.1,24.474999999999998
2020-11-10 09:00:00+00:00,22.075,24.4
2020-11-10 10:00:00+00:00,21.725,24.325000000000003
2020-11-10 11:00:00+00:00,21.875,24.225
2020-11-10 12:00:00+00:00,21.8,24.1
2020-11-10 13:00:00+00:00,21.325,23.95
2020-11-10 14:00:00+00:00,22.125,23.975
2020-11-10 15:00:00+00:00,22.9,24.025
2020-11-10 16:00:00+00:00,23.424999999999997,24.125
2020-11-10 17:00:00+00:00,24.075,24.449999999999996
2020-11-10 18:00:00+00:00,24.925,24.699999999999996
2020-11-10 19:00:00+00:00,25.666666666666668,24.46666666666667
2020-11-10 20:00:00+00:00,25.425,25.324999999999996
2020-11-10 21:00:00+00:00,25.375,25.75
2020-11-10 22:00:00+00:00,25.833333333333332,25.933333333333334
2020-11-10 23:00:00+00:00,25.599999999999998,25.875000000000004
2020-11-11 00:00:00+00:00,24.575,25.775
2020-11-11 01:00:00+00:00,23.875,25.625
2020-11-11 02:00:00+00:00,23.525,25.5
2020-11-11 03:00:00+00:00,23.1,25.475
2020-11-11 04:00:00+00:00,22.35,25.375
2020-11-11 05:00:00+00:00,22.025,25.45
2020-11-11 06:00:00+00:00,22.2,25.35
2020-11-11 07:00:00+00:00,22.15,25.275
2020-11-11 08:00:00+00:00,20.7,25.200000000000003
2020-11-11 09:00:00+00:00,20.066666666666666,24.833333333333332
2020-11-11 10:00:00+00:00,20.2,25.000000000000004
2020-11-11 11:00:00+00:00,19.675,24.825
2020-11-11 12:00:00+00:00,19.025,24.85
2020-11-11 13:00:00+00:00,19.025,24.825
2020-11-11 14:00:00+00:00,20.75,24.650000000000002
2020-11-11 15:00:00+00:00,22.2,24.625
2020-11-11 16:00:00+00:00,22.7,24.674999999999997
2020-11-11 17:00:00+00:00,23.35,24.85
2020-11-11 18:00:00+00:00,24.425,25.5
2020-11-11 19:00:00+00:00,24.1,25.525
2020-11-11 20:00:00+00:00,24.35,25.975
2020-11-11 21:00:00+00:00,24.76666666666667,25.833333333333332
2020-11-11 22:00:00+00:00,24.475,26.175
2020-11-11 23:00:00+00:00,24.025000000000002,26.1
2020-11-12 00:00:00+00:00,23.225,26.025
2020-11-12 01:00:00+00:00,23.125,25.950000000000003
2020-11-12 02:00:00+00:00,22.825000000000003,25.9
2020-11-12 03:00:00+00:00,22.85,25.85
2020-11-12 04:00:00+00:00,22.875,25.875
2020-11-12 05:00:00+00:00,22.625000000000004,25.8
2020-11-12 06:00:00+00:00,22.525,25.725
2020-11-12 07:00:00+00:00,22.5,25.6
2020-11-12 08:00:00+00:00,22.15,25.55
2020-11-12 09:00:00+00:00,21.700000000000003,25.475
2020-11-12 10:00:00+00:00,21.725,25.35
2020-11-12 11:00:00+00:00,21.700000000000003,25.2
2020-11-12 12:00:00+00:00,21.75,25.125
2020-11-12 13:00:00+00:00,20.674999999999997,25.0
2020-11-12 14:00:00+00:00,20.825,24.925
2020-11-12 15:00:00+00:00,22.450000000000003,24.849999999999998
2020-11-12 16:00:00+00:00,23.55,25.0
2020-11-12 17:00:00+00:00,24.275000000000002,25.25
2020-11-12 18:00:00+00:00,24.775,25.549999999999997
2020-11-12 19:00:00+00:00,24.825,25.8
2020-11-12 20:00:00+00:00,25.26666666666667,25.975
2020-11-12 21:00:00+00:00,24.95,26.125
2020-11-12 22:00:00+00:00,24.9,26.225
2020-11-12 23:00:00+00:00,24.450000000000003,26.1
2020-11-13 00:00:00+00:00,23.849999999999998,25.95
2020-11-13 01:00:00+00:00,23.425,25.825000000000003
2020-11-13 02:00:00+00:00,23.1,25.675
2020-11-13 03:00:00+00:00,23.075000000000003,25.599999999999998
2020-11-13 04:00:00+00:00,22.9,25.55
2020-11-13 05:00:00+00:00,22.675,25.525
2020-11-13 06:00:00+00:00,22.525,25.4
2020-11-13 07:00:00+00:00,22.6,25.375
2020-11-13 08:00:00+00:00,22.525,25.3
2020-11-13 09:00:00+00:00,22.575000000000003,25.225
2020-11-13 10:00:00+00:00,22.075000000000003,25.175
2020-11-13 11:00:00+00:00,22.0,25.074999999999996
2020-11-13 12:00:00+00:00,21.900000000000002,25.025000000000002
2020-11-13 13:00:00+00:00,22.000000000000004,24.4
2020-11-13 14:00:00+00:00,22.2,24.924999999999997
2020-11-13 15:00:00+00:00,23.15,24.9
2020-11-13 16:00:00+00:00,24.174999999999997,25.0
2020-11-13 17:00:00+00:00,24.55,25.275
2020-11-13 18:00:00+00:00,24.924999999999997,25.3
2020-11-13 19:00:00+00:00,25.324999999999996,25.625
2020-11-13 20:00:00+00:00,25.4,25.775
2020-11-13 21:00:00+00:00,25.4,25.975
2020-11-13 22:00:00+00:00,25.35,26.0
2020-11-13 23:00:00+00:00,24.65,25.924999999999997
2020-11-14 00:00:00+00:00,23.95,25.800000000000004
2020-11-14 01:00:00+00:00,23.7,25.725
2020-11-14 02:00:00+00:00,23.775,25.599999999999998
2020-11-14 03:00:00+00:00,23.775,25.525000000000002
2020-11-14 04:00:00+00:00,23.975,25.5
2020-11-14 05:00:00+00:00,24.075,25.475
2020-11-14 06:00:00+00:00,23.975,25.424999999999997
2020-11-14 07:00:00+00:00,23.924999999999997,25.15
2020-11-14 08:00:00+00:00,23.900000000000002,25.075
2020-11-14 09:00:00+00:00,23.8,25.025
2020-11-14 10:00:00+00:00,23.8,25.0
2020-11-14 11:00:00+00:00,23.775,24.975
2020-11-14 12:00:00+00:00,23.875,24.95
2020-11-14 13:00:00+00:00,23.975,24.925
2020-11-14 14:00:00+00:00,24.2,24.900000000000002
2020-11-14 15:00:00+00:00,24.75,25.0
2020-11-14 16:00:00+00:00,25.25,25.1
2020-11-14 17:00:00+00:00,25.599999999999998,25.275
2020-11-14 18:00:00+00:00,25.7,25.55
2020-11-14 19:00:00+00:00,25.975,25.85
2020-11-14 20:00:00+00:00,25.875,26.025
2020-11-14 21:00:00+00:00,25.849999999999998,26.175
2020-11-14 22:00:00+00:00,25.675,26.225
2020-11-14 23:00:00+00:00,25.450000000000003,26.2
2020-11-15 00:00:00+00:00,24.9,26.224999999999998
2020-11-15 01:00:00+00:00,24.775,26.15
2020-11-15 02:00:00+00:00,24.825000000000003,26.05
2020-11-15 03:00:00+00:00,24.825000000000003,25.924999999999997
2020-11-15 04:00:00+00:00,24.675,25.775
2020-11-15 05:00:00+00:00,24.6,25.575
2020-11-15 06:00:00+00:00,24.575000000000003,25.5
2020-11-15 07:00:00+00:00,24.424999999999997,25.450000000000003
2020-11-15 08:00:00+00:00,24.425,25.45
2020-11-15 09:00:00+00:00,24.45,25.425
2020-11-15 10:00:00+00:00,24.15,25.4
2020-11-15 11:00:00+00:00,24.1,25.375
2020-11-15 12:00:00+00:00,24.075,25.35
2020-11-15 13:00:00+00:00,23.775000000000002,25.325000000000003
2020-11-15 14:00:00+00:00,23.225,25.25
2020-11-15 15:00:00+00:00,19.2,25.125
2020-11-15 16:00:00+00:00,20.125,24.95
2020-11-15 17:00:00+00:00,21.225,24.8
2020-11-15 18:00:00+00:00,22.433333333333337,24.399999999999995
2020-11-15 19:00:00+00:00,23.025000000000002,24.724999999999998
2020-11-15 20:00:00+00:00,23.775000000000002,24.7
2020-11-15 21:00:00+00:00,24.075000000000003,24.625
2020-11-15 22:00:00+00:00,24.075000000000003,24.4
2020-11-15 23:00:00+00:00,23.75,24.299999999999997
2020-11-16 00:00:00+00:00,22.5,23.974999999999998
2020-11-16 01:00:00+00:00,21.5,23.6
2020-11-16 02:00:00+00:00,20.575,23.275000000000002
2020-11-16 03:00:00+00:00,19.6,22.950000000000003
2020-11-16 04:00:00+00:00,18.65,22.65
2020-11-16 05:00:00+00:00,17.825000000000003,22.625
2020-11-16 06:00:00+00:00,16.975,22.425
2020-11-16 07:00:00+00:00,16.349999999999998,22.05
2020-11-16 08:00:00+00:00,15.95,21.400000000000002
2020-11-16 09:00:00+00:00,15.674999999999999,21.025
2020-11-16 10:00:00+00:00,15.475,20.875
2020-11-16 11:00:00+00:00,15.125,20.675
2020-11-16 12:00:00+00:00,15.05,20.650000000000002
2020-11-16 13:00:00+00:00,14.649999999999999,20.8
2020-11-16 14:00:00+00:00,15.124999999999998,20.35
2020-11-16 15:00:00+00:00,16.625,20.125
2020-11-16 16:00:00+00:00,18.35,19.95
2020-11-16 17:00:00+00:00,19.825,20.025
2020-11-16 18:00:00+00:00,20.375,20.375
2020-11-16 19:00:00+00:00,21.15,20.799999999999997
2020-11-16 20:00:00+00:00,21.15,21.275000000000002
2020-11-16 21:00:00+00:00,21.35,21.65
2020-11-16 22:00:00+00:00,21.325,21.825
2020-11-16 23:00:00+00:00,20.6,21.9
2020-11-17 00:00:00+00:00,19.575,21.8
2020-11-17 01:00:00+00:00,18.975,21.7
2020-11-17 02:00:00+00:00,18.575,21.575000000000003
2020-11-17 03:00:00+00:00,18.35,21.549999999999997
2020-11-17 04:00:00+00:00,18.224999999999998,21.475
2020-11-17 05:00:00+00:00,17.525,21.375
2020-11-17 06:00:00+00:00,16.925,21.075000000000003
2020-11-17 07:00:00+00:00,16.775,20.7
2020-11-17 08:00:00+00:00,16.525,20.725
2020-11-17 09:00:00+00:00,16.650000000000002,20.349999999999998
2020-11-17 10:00:00+00:00,16.125,20.25
2020-11-17 11:00:00+00:00,15.075000000000001,20.2
2020-11-17 12:00:00+00:00,14.399999999999999,19.95
2020-11-17 13:00:00+00:00,13.625000000000002,19.875
2020-11-17 14:00:00+00:00,14.5,19.525000000000002
2020-11-17 15:00:00+00:00,16.45,19.45
2020-11-17 16:00:00+00:00,18.349999999999998,19.725
2020-11-17 17:00:00+00:00,19.675,19.875
2020-11-17 18:00:00+00:00,20.325000000000003,20.125
2020-11-17 19:00:00+00:00,20.35,20.375
2020-11-17 20:00:00+00:00,20.6,20.7
2020-11-17 21:00:00+00:00,20.75,21.15
2020-11-17 22:00:00+00:00,20.975,21.25
2020-11-17 23:00:00+00:00,20.35,21.2
2020-11-18 00:00:00+00:00,19.45,21.099999999999998
2020-11-18 01:00:00+00:00,18.775,20.975
2020-11-18 02:00:00+00:00,18.85,20.775
2020-11-18 03:00:00+00:00,18.424999999999997,20.650000000000002
2020-11-18 04:00:00+00:00,17.799999999999997,20.700000000000003
2020-11-18 05:00:00+00:00,17.575000000000003,20.55
2020-11-18 06:00:00+00:00,17.475,20.475
2020-11-18 07:00:00+00:00,17.325,20.45
2020-11-18 08:00:00+00:00,17.0,20.450000000000003
2020-11-18 09:00:00+00:00,16.349999999999998,20.325
2020-11-18 10:00:00+00:00,15.9,20.075000000000003
2020-11-18 11:00:00+00:00,15.925,19.875
2020-11-18 12:00:00+00:00,15.175,19.575
2020-11-18 13:00:00+00:00,15.075,19.575
2020-11-18 14:00:00+00:00,15.774999999999999,19.65
2020-11-18 15:00:00+00:00,17.15,19.55
2020-11-18 16:00:00+00:00,19.375,19.725
2020-11-18 17:00:00+00:00,21.35,20.075
2020-11-18 18:00:00+00:00,21.775,20.450000000000003
2020-11-18 19:00:00+00:00,22.075000000000003,20.924999999999997
2020-11-18 20:00:00+00:00,22.35,21.3
2020-11-18 21:00:00+00:00,22.224999999999998,21.525
2020-11-18 22:00:00+00:00,21.9,21.675
2020-11-18 23:00:00+00:00,21.4,21.599999999999998
2020-11-19 00:00:00+00:00,20.400000000000002,21.525
2020-11-19 01:00:00+00:00,19.725,21.549999999999997
2020-11-19 02:00:00+00:00,19.425,21.474999999999998
2020-11-19 03:00:00+00:00,19.1,21.424999999999997
2020-11-19 04:00:00+00:00,18.925,21.299999999999997
2020-11-19 05:00:00+00:00,18.625,21.25
2020-11-19 06:00:00+00:00,18.725,21.125
2020-11-19 07:00:00+00:00,18.433333333333334,20.433333333333334
2020-11-19 08:00:00+00:00,19.3,21.025000000000002
2020-11-19 09:00:00+00:00,19.45,21.0
2020-11-19 10:00:00+00:00,18.35,20.95
2020-11-19 11:00:00+00:00,18.375,20.925
2020-11-19 12:00:00+00:00,18.15,20.849999999999998
2020-11-19 13:00:00+00:00,17.525000000000002,20.725
2020-11-19 14:00:00+00:00,18.575000000000003,20.625
2020-11-19 15:00:00+00:00,20.85,20.575000000000003
2020-11-19 16:00:00+00:00,21.8,20.75
2020-11-19 17:00:00+00:00,22.175,20.950000000000003
2020-11-19 18:00:00+00:00,23.075,21.2
2020-11-19 19:00:00+00:00,23.5,21.775000000000002
2020-11-19 20:00:00+00:00,23.85,21.975
2020-11-19 21:00:00+00:00,23.75,22.15
2020-11-19 22:00:00+00:00,23.724999999999998,22.275
2020-11-19 23:00:00+00:00,23.25,22.275000000000002
2020-11-20 00:00:00+00:00,22.0,22.3
2020-11-20 01:00:00+00:00,21.325000000000003,22.3
2020-11-20 02:00:00+00:00,21.025,22.325
2020-11-20 03:00:00+00:00,20.875,22.224999999999998
2020-11-20 04:00:00+00:00,20.675,22.225
2020-11-20 05:00:00+00:00,20.549999999999997,22.125
2020-11-20 06:00:00+00:00,20.375,22.125
2020-11-20 07:00:00+00:00,20.325,22.0
2020-11-20 08:00:00+00:00,19.799999999999997,21.825
2020-11-20 09:00:00+00:00,19.424999999999997,21.75
2020-11-20 10:00:00+00:00,19.125,21.675
2020-11-20 11:00:00+00:00,19.099999999999998,21.65
2020-11-20 12:00:00+00:00,19.3,21.575
2020-11-20 13:00:00+00:00,19.575,21.525
2020-11-20 14:00:00+00:00,20.475,21.425
2020-11-20 15:00:00+00:00,21.799999999999997,21.45
2020-11-20 16:00:00+00:00,22.525,21.549999999999997
2020-11-20 17:00:00+00:00,23.075000000000003,21.849999999999998
2020-11-20 18:00:00+00:00,24.075000000000003,22.075000000000003
2020-11-20 19:00:00+00:00,24.150000000000002,22.4
2020-11-20 20:00:00+00:00,24.4,22.625000000000004
2020-11-20 21:00:00+00:00,24.075,22.8
2020-11-20 22:00:00+00:00,23.45,22.950000000000003
2020-11-20 23:00:00+00:00,23.35,23.025000000000002
2020-11-21 00:00:00+00:00,22.725,23.05
2020-11-21 01:00:00+00:00,22.625,23.025000000000002
2020-11-21 02:00:00+00:00,22.4,22.95
2020-11-21 03:00:00+00:00,22.1,23.025
2020-11-21 04:00:00+00:00,21.95,23.0
2020-11-21 05:00:00+00:00,21.674999999999997,23.0
2020-11-21 06:00:00+00:00,21.425,22.975
2020-11-21 07:00:00+00:00,21.35,22.9
2020-11-21 08:00:00+00:00,21.125,22.775000000000002
2020-11-21 09:00:00+00:00,21.075,22.65
2020-11-21 10:00:00+00:00,21.0,22.575000000000003
2020-11-21 11:00:00+00:00,20.8,22.474999999999998
2020-11-21 12:00:00+00:00,20.3,22.375
2020-11-21 13:00:00+00:00,19.975,22.424999999999997
2020-11-21 14:00:00+00:00,20.375,22.349999999999998
2020-11-21 15:00:00+00:00,21.96666666666667,21.933333333333334
2020-11-21 16:00:00+00:00,22.900000000000002,22.525000000000002
2020-11-21 17:00:00+00:00,23.525000000000002,22.75
2020-11-21 18:00:00+00:00,23.474999999999998,22.975
2020-11-21 19:00:00+00:00,23.424999999999997,23.174999999999997
2020-11-21 20:00:00+00:00,23.275,23.375
2020-11-21 21:00:00+00:00,23.275,23.45
2020-11-21 22:00:00+00:00,23.1,23.400000000000002
2020-11-21 23:00:00+00:00,22.875,23.400000000000002
2020-11-22 00:00:00+00:00,22.5,23.450000000000003
2020-11-22 01:00:00+00:00,22.249999999999996,23.35
2020-11-22 02:00:00+00:00,21.625,23.325
2020-11-22 03:00:00+00:00,21.475,23.224999999999998
2020-11-22 04:00:00+00:00,21.8,23.2
2020-11-22 05:00:00+00:00,21.450000000000003,23.25
2020-11-22 06:00:00+00:00,21.6,23.15
2020-11-22 07:00:00+00:00,21.674999999999997,23.125
2020-11-22 08:00:00+00:00,21.325,23.075
2020-11-22 09:00:00+00:00,21.05,23.0
2020-11-22 10:00:00+00:00,21.1,22.825
2020-11-22 11:00:00+00:00,21.25,22.75
2020-11-22 12:00:00+00:00,21.075,22.75
2020-11-22 13:00:00+00:00,21.025,22.65
2020-11-22 14:00:00+00:00,21.025,22.675
2020-11-22 15:00:00+00:00,21.375,22.65
2020-11-22 16:00:00+00:00,22.099999999999998,22.724999999999998
2020-11-22 17:00:00+00:00,22.725,22.849999999999998
2020-11-22 18:00:00+00:00,23.299999999999997,23.05
2020-11-22 19:00:00+00:00,24.275,23.3
2020-11-22 20:00:00+00:00,24.45,23.475
2020-11-22 21:00:00+00:00,24.35,23.625
2020-11-22 22:00:00+00:00,24.275,24.125
2020-11-22 23:00:00+00:00,23.75,24.225
2020-11-23 00:00:00+00:00,22.45,24.199999999999996
2020-11-23 01:00:00+00:00,22.0,24.075000000000003
2020-11-23 02:00:00+00:00,21.675,23.974999999999998
2020-11-23 03:00:00+00:00,21.225,23.85
2020-11-23 04:00:00+00:00,20.9,23.825000000000003
2020-11-23 05:00:00+00:00,20.775000000000002,23.700000000000003
2020-11-23 06:00:00+00:00,20.375,23.650000000000002
2020-11-23 07:00:00+00:00,20.275,23.525000000000002
2020-11-23 08:00:00+00:00,20.450000000000003,23.325000000000003
2020-11-23 09:00:00+00:00,19.625,23.075
2020-11-23 10:00:00+00:00,18.525,22.849999999999998
2020-11-23 11:00:00+00:00,17.525,22.575000000000003
2020-11-23 12:00:00+00:00,16.95,22.35
2020-11-23 13:00:00+00:00,17.025,22.225
2020-11-23 14:00:00+00:00,17.325000000000003,22.1
2020-11-23 15:00:00+00:00,18.3,21.975
2020-11-23 16:00:00+00:00,19.325,21.975
2020-11-23 17:00:00+00:00,20.3,22.1
2020-11-23 18:00:00+00:00,21.1,22.5
2020-11-23 19:00:00+00:00,21.2,22.25
2020-11-23 20:00:00+00:00,21.625,22.975
2020-11-23 21:00:00+00:00,21.575,23.05
2020-11-23 22:00:00+00:00,21.5,22.566666666666666
2020-11-23 23:00:00+00:00,20.6,22.924999999999997
2020-11-24 00:00:00+00:00,20.3,22.775000000000002
2020-11-24 01:00:00+00:00,20.174999999999997,22.675
2020-11-24 02:00:00+00:00,20.575000000000003,22.55
2020-11-24 03:00:00+00:00,21.15,22.45
2020-11-24 04:00:00+00:00,21.674999999999997,22.375
2020-11-24 05:00:00+00:00,21.925,22.275
2020-11-24 06:00:00+00:00,22.05,22.225
2020-11-24 07:00:00+00:00,22.025,22.15
2020-11-24 08:00:00+00:00,22.15,22.075
2020-11-24 09:00:00+00:00,22.450000000000003,22.075
2020-11-24 10:00:00+00:00,22.75,22.075000000000003
2020-11-24 11:00:00+00:00,22.900000000000002,22.075000000000003
2020-11-24 12:00:00+00:00,22.825,22.1
2020-11-24 13:00:00+00:00,22.733333333333334,22.266666666666666
2020-11-24 14:00:00+00:00,22.975,22.1
2020-11-24 15:00:00+00:00,23.475,22.1
2020-11-24 16:00:00+00:00,23.924999999999997,22.25
2020-11-24 17:00:00+00:00,24.275000000000002,22.349999999999998
2020-11-24 18:00:00+00:00,24.424999999999997,22.575
2020-11-24 19:00:00+00:00,24.5,22.85
2020-11-24 20:00:00+00:00,24.25,23.1
2020-11-24 21:00:00+00:00,24.299999999999997,23.325000000000003
2020-11-24 22:00:00+00:00,24.275,23.4
2020-11-24 23:00:00+00:00,24.0,23.475
2020-11-25 00:00:00+00:00,23.574999999999996,23.425
2020-11-25 01:00:00+00:00,23.624999999999996,23.35
2020-11-25 02:00:00+00:00,23.525000000000002,23.299999999999997
2020-11-25 03:00:00+00:00,23.5,23.25
2020-11-25 04:00:00+00:00,23.45,23.174999999999997
2020-11-25 05:00:00+00:00,23.475,23.125
2020-11-25 06:00:00+00:00,23.4,23.05
2020-11-25 07:00:00+00:00,23.25,23.0
2020-11-25 08:00:00+00:00,23.25,22.975
2020-11-25 09:00:00+00:00,23.224999999999998,22.975
2020-11-25 10:00:00+00:00,23.074999999999996,22.924999999999997
2020-11-25 11:00:00+00:00,23.075000000000003,22.924999999999997
2020-11-25 12:00:00+00:00,23.05,22.95
2020-11-25 13:00:00+00:00,22.974999999999998,22.875
2020-11-25 14:00:00+00:00,23.125,22.85
2020-11-25 15:00:00+00:00,23.025,22.9
2020-11-25 16:00:00+00:00,21.375,22.9
2020-11-25 17:00:00+00:00,21.375,23.025000000000002
2020-11-25 18:00:00+00:00,21.799999999999997,23.150000000000002
2020-11-25 19:00:00+00:00,22.15,23.3
2020-11-25 20:00:00+00:00,22.674999999999997,23.4
2020-11-25 21:00:00+00:00,22.975,23.45
2020-11-25 22:00:00+00:00,23.0,23.45
2020-11-25 23:00:00+00:00,22.675,23.35
2020-11-26 00:00:00+00:00,21.575000000000003,23.199999999999996
2020-11-26 01:00:00+00:00,20.725,23.0
2020-11-26 02:00:00+00:00,20.225,22.775
2020-11-26 03:00:00+00:00,19.700000000000003,22.525
2020-11-26 04:00:00+00:00,19.55,22.325
2020-11-26 05:00:00+00:00,18.925,22.075000000000003
2020-11-26 06:00:00+00:00,18.875,21.900000000000002
2020-11-26 07:00:00+00:00,18.5,21.700000000000003
2020-11-26 08:00:00+00:00,18.675,21.724999999999998
2020-11-26 09:00:00+00:00,18.075,21.575
2020-11-26 10:00:00+00:00,18.05,21.224999999999998
2020-11-26 11:00:00+00:00,17.45,21.025
2020-11-26 12:00:00+00:00,17.525000000000002,21.075000000000003
2020-11-26 13:00:00+00:00,17.85,21.0
2020-11-26 14:00:00+00:00,18.625,20.975
2020-11-26 15:00:00+00:00,19.925,21.0
2020-11-26 16:00:00+00:00,21.725,21.049999999999997
2020-11-26 17:00:00+00:00,23.099999999999998,21.375
2020-11-26 18:00:00+00:00,23.2,21.824999999999996
2020-11-26 19:00:00+00:00,23.875,22.174999999999997
2020-11-26 20:00:00+00:00,23.75,22.375
2020-11-26 21:00:00+00:00,23.825,22.65
2020-11-26 22:00:00+00:00,23.725,22.825000000000003
2020-11-26 23:00:00+00:00,23.5,22.875
2020-11-27 00:00:00+00:00,23.1,22.825000000000003
2020-11-27 01:00:00+00:00,23.233333333333334,22.399999999999995
2020-11-27 02:00:00+00:00,23.15,22.825000000000003
2020-11-27 03:00:00+00:00,23.25,22.825
2020-11-27 04:00:00+00:00,23.375,22.775
2020-11-27 05:00:00+00:00,23.625,22.875000000000004
2020-11-27 06:00:00+00:00,23.525,22.900000000000002
2020-11-27 07:00:00+00:00,23.45,22.9
2020-11-27 08:00:00+00:00,23.35,22.825
2020-11-27 09:00:00+00:00,23.45,22.9
2020-11-27 10:00:00+00:00,23.5,22.849999999999998
2020-11-27 11:00:00+00:00,23.55,22.849999999999998
2020-11-27 12:00:00+00:00,23.5,22.849999999999998
2020-11-27 13:00:00+00:00,23.375,22.849999999999998
2020-11-27 14:00:00+00:00,23.675,22.874999999999996
2020-11-27 15:00:00+00:00,23.8,22.975
2020-11-27 16:00:00+00:00,24.25,23.049999999999997
2020-11-27 17:00:00+00:00,24.650000000000002,23.15
2020-11-27 18:00:00+00:00,25.075,23.449999999999996
2020-11-27 19:00:00+00:00,25.1,23.725
2020-11-27 20:00:00+00:00,25.200000000000003,23.975
2020-11-27 21:00:00+00:00,25.075000000000003,24.224999999999998
2020-11-27 22:00:00+00:00,24.75,24.525
2020-11-27 23:00:00+00:00,24.075000000000003,24.325000000000003
2020-11-28 00:00:00+00:00,23.65,24.325000000000003
2020-11-28 01:00:00+00:00,23.4,24.25
2020-11-28 02:00:00+00:00,22.924999999999997,24.125
2020-11-28 03:00:00+00:00,22.424999999999997,24.1
2020-11-28 04:00:00+00:00,21.950000000000003,24.075
2020-11-28 05:00:00+00:00,21.7,24.075
2020-11-28 06:00:00+00:00,21.5,23.975
2020-11-28 07:00:00+00:00,21.225,23.85
2020-11-28 08:00:00+00:00,20.675,23.725
2020-11-28 09:00:00+00:00,20.450000000000003,23.625
2020-11-28 10:00:00+00:00,20.05,23.6
2020-11-28 11:00:00+00:00,19.5,23.375
2020-11-28 12:00:00+00:00,18.924999999999997,23.174999999999997
2020-11-28 13:00:00+00:00,19.075,22.95
2020-11-28 14:00:00+00:00,18.95,22.849999999999998
2020-11-28 15:00:00+00:00,19.025,22.775000000000002
2020-11-28 16:00:00+00:00,19.125,22.625
2020-11-28 17:00:00+00:00,19.475,22.450000000000003
2020-11-28 18:00:00+00:00,18.925,22.525000000000002
2020-11-28 19:00:00+00:00,18.85,22.4
2020-11-28 20:00:00+00:00,18.55,22.325000000000003
2020-11-28 21:00:00+00:00,18.625,22.125000000000004
2020-11-28 22:00:00+00:00,19.05,22.0
2020-11-28 23:00:00+00:00,19.15,21.924999999999997
2020-11-29 00:00:00+00:00,18.675,21.825
2020-11-29 01:00:00+00:00,18.5,21.775
2020-11-29 02:00:00+00:00,18.6,21.725
2020-11-29 03:00:00+00:00,18.325,21.5
2020-11-29 04:00:00+00:00,18.3,21.450000000000003
2020-11-29 05:00:00+00:00,18.1,21.375
2020-11-29 06:00:00+00:00,17.9,21.366666666666664
2020-11-29 07:00:00+00:00,17.700000000000003,21.200000000000003
2020-11-29 08:00:00+00:00,15.775,21.124999999999996
2020-11-29 09:00:00+00:00,14.375,20.875
2020-11-29 10:00:00+00:00,13.725,20.575
2020-11-29 11:00:00+00:00,13.475,20.275
2020-11-29 12:00:00+00:00,13.350000000000001,20.125
2020-11-29 13:00:00+00:00,13.15,19.799999999999997
2020-11-29 14:00:00+00:00,13.0,19.525
2020-11-29 15:00:00+00:00,12.925,19.35
2020-11-29 16:00:00+00:00,12.925,19.299999999999997
2020-11-29 17:00:00+00:00,13.75,19.375
2020-11-29 18:00:00+00:00,13.725,19.549999999999997
2020-11-29 19:00:00+00:00,14.774999999999999,19.725
2020-11-29 20:00:00+00:00,16.099999999999998,20.099999999999998
2020-11-29 21:00:00+00:00,16.675,20.1
2020-11-29 22:00:00+00:00,16.175,20.025
2020-11-29 23:00:00+00:00,14.825,19.825
2020-11-30 00:00:00+00:00,13.3,19.525
2020-11-30 01:00:00+00:00,12.799999999999999,19.25
2020-11-30 02:00:00+00:00,12.450000000000001,18.925
2020-11-30 03:00:00+00:00,11.850000000000001,18.625
2020-11-30 04:00:00+00:00,11.425,18.425
2020-11-30 05:00:00+00:00,11.299999999999999,18.200000000000003
2020-11-30 06:00:00+00:00,11.025000000000002,17.8
2020-11-30 07:00:00+00:00,9.975,17.525
2020-11-30 08:00:00+00:00,10.225000000000001,17.55
2020-11-30 09:00:00+00:00,9.9,17.275
2020-11-30 10:00:00+00:00,9.525,16.85
2020-11-30 11:00:00+00:00,9.125,16.55
2020-11-30 12:00:00+00:00,8.625,16.174999999999997
2020-11-30 13:00:00+00:00,8.05,15.8
2020-11-30 14:00:00+00:00,7.8,15.425
2020-11-30 15:00:00+00:00,7.675,15.2
2020-11-30 16:00:00+00:00,7.699999999999999,14.975
2020-11-30 17:00:00+00:00,7.949999999999999,15.175
2020-11-30 18:00:00+00:00,8.725,15.275
2020-11-30 19:00:00+00:00,9.9,15.450000000000001
2020-11-30 20:00:00+00:00,11.3,15.725000000000001
2020-11-30 21:00:00+00:00,12.375,15.875
2020-11-30 22:00:00+00:00,12.724999999999998,16.325
2020-11-30 23:00:00+00:00,12.525,16.325
2020-12-01 00:00:00+00:00,11.2,16.175
2020-12-01 01:00:00+00:00,10.375,15.975000000000001
2020-12-01 02:00:00+00:00,9.7,15.75
2020-12-01 03:00:00+00:00,9.55,15.825000000000001
2020-12-01 04:00:00+00:00,9.375,15.625
2020-12-01 05:00:00+00:00,9.225,15.575
2020-12-01 06:00:00+00:00,8.525,15.524999999999999
2020-12-01 07:00:00+00:00,9.325,15.575
2020-12-01 08:00:00+00:00,8.700000000000001,15.124999999999998
2020-12-01 09:00:00+00:00,8.625,15.075
2020-12-01 10:00:00+00:00,8.5,14.75
2020-12-01 11:00:00+00:00,8.025,14.100000000000001
2020-12-01 12:00:00+00:00,7.225,13.9
2020-12-01 13:00:00+00:00,7.550000000000001,13.7
2020-12-01 14:00:00+00:00,9.125,14.100000000000001
2020-12-01 15:00:00+00:00,12.399999999999999,14.175
2020-12-01 16:00:00+00:00,14.549999999999999,14.475
2020-12-01 17:00:00+00:00,15.75,14.850000000000001
2020-12-01 18:00:00+00:00,16.375,15.15
2020-12-01 19:00:00+00:00,17.025,15.674999999999999
2020-12-01 20:00:00+00:00,17.45,15.95
2020-12-01 21:00:00+00:00,18.025000000000002,16.35
2020-12-01 22:00:00+00:00,18.225,16.425
2020-12-01 23:00:00+00:00,17.900000000000002,16.6
2020-12-02 00:00:00+00:00,17.525000000000002,16.625
2020-12-02 01:00:00+00:00,17.925,16.625
2020-12-02 02:00:00+00:00,18.2,16.675
2020-12-02 03:00:00+00:00,18.375,16.625
2020-12-02 04:00:00+00:00,18.525,16.525000000000002
2020-12-02 05:00:00+00:00,18.575,16.275
2020-12-02 06:00:00+00:00,18.325000000000003,16.45
2020-12-02 07:00:00+00:00,18.599999999999998,16.7
2020-12-02 08:00:00+00:00,18.549999999999997,16.900000000000002
2020-12-02 09:00:00+00:00,18.299999999999997,16.95
2020-12-02 10:00:00+00:00,17.8,17.025
2020-12-02 11:00:00+00:00,17.299999999999997,17.025
2020-12-02 12:00:00+00:00,17.1,17.05
2020-12-02 13:00:00+00:00,17.5,17.05
2020-12-02 14:00:00+00:00,16.75,16.85
2020-12-02 15:00:00+00:00,18.5,16.7
2020-12-02 16:00:00+00:00,19.324999999999996,16.75
2020-12-02 17:00:00+00:00,19.775,16.95
2020-12-02 18:00:00+00:00,20.5,17.125
2020-12-02 19:00:00+00:00,20.625,17.425
2020-12-02 20:00:00+00:00,20.85,17.6
2020-12-02 21:00:00+00:00,20.25,17.85
2020-12-02 22:00:00+00:00,20.674999999999997,18.2
2020-12-02 23:00:00+00:00,19.725,18.425
2020-12-03 00:00:00+00:00,18.9,18.6
2020-12-03 01:00:00+00:00,17.6,18.55
2020-12-03 02:00:00+00:00,16.875,18.275
2020-12-03 03:00:00+00:00,16.525,18.049999999999997
2020-12-03 04:00:00+00:00,15.675,17.775000000000002
2020-12-03 05:00:00+00:00,14.3,17.325
2020-12-03 06:00:00+00:00,13.125,17.1
2020-12-03 07:00:00+00:00,11.625,16.8
2020-12-03 08:00:00+00:00,10.575,16.5
2020-12-03 09:00:00+00:00,9.575,16.099999999999998
2020-12-03 10:00:00+00:00,8.975,15.65
2020-12-03 11:00:00+00:00,8.275,15.125
2020-12-03 12:00:00+00:00,7.6,14.8
2020-12-03 13:00:00+00:00,6.999999999999999,14.45
2020-12-03 14:00:00+00:00,7.1499999999999995,14.175
2020-12-03 15:00:00+00:00,7.875,14.05
2020-12-03 16:00:00+00:00,8.725000000000001,14.024999999999999
2020-12-03 17:00:00+00:00,9.55,14.075
2020-12-03 18:00:00+00:00,10.475,14.15
2020-12-03 19:00:00+00:00,11.425,14.35
2020-12-03 20:00:00+00:00,12.45,14.475
2020-12-03 21:00:00+00:00,12.966666666666667,14.333333333333334
2020-12-03 22:00:00+00:00,13.149999999999999,14.425
2020-12-03 23:00:00+00:00,13.175,14.325
2020-12-04 00:00:00+00:00,12.85,14.25
2020-12-04 01:00:00+00:00,11.85,14.125
2020-12-04 02:00:00+00:00,10.999999999999998,14.700000000000001
2020-12-04 03:00:00+00:00,10.375,14.425
2020-12-04 04:00:00+00:00,9.475000000000001,13.9
2020-12-04 05:00:00+00:00,9.05,13.55
2020-12-04 06:00:00+00:00,8.4,13.35
2020-12-04 07:00:00+00:00,8.025,13.45
2020-12-04 08:00:00+00:00,7.7749999999999995,13.225
2020-12-04 09:00:00+00:00,7.15,13.100000000000001
2020-12-04 10:00:00+00:00,6.35,12.95
2020-12-04 11:00:00+00:00,5.975,12.55
2020-12-04 12:00:00+00:00,5.800000000000001,12.3
2020-12-04 13:00:00+00:00,5.949999999999999,12.225000000000001
2020-12-04 14:00:00+00:00,6.499999999999999,12.075000000000001
2020-12-04 15:00:00+00:00,6.975,11.875
2020-12-04 16:00:00+00:00,7.425,11.899999999999999
2020-12-04 17:00:00+00:00,7.8500000000000005,11.9
2020-12-04 18:00:00+00:00,8.600000000000001,12.225
2020-12-04 19:00:00+00:00,9.45,12.725
2020-12-04 20:00:00+00:00,10.225,13.4
2020-12-04 21:00:00+00:00,10.975000000000001,13.875
2020-12-04 22:00:00+00:00,11.55,14.05
2020-12-04 23:00:00+00:00,11.925,14.099999999999998
2020-12-05 00:00:00+00:00,11.05,14.075000000000001
2020-12-05 01:00:00+00:00,11.025,14.025
2020-12-05 02:00:00+00:00,10.850000000000001,14.1
2020-12-05 03:00:00+00:00,10.05,14.125
2020-12-05 04:00:00+00:00,10.45,14.125
2020-12-05 05:00:00+00:00,10.1,14.100000000000001
2020-12-05 06:00:00+00:00,9.675,14.05
2020-12-05 07:00:00+00:00,9.1,14.025000000000002
2020-12-05 08:00:00+00:00,8.175,14.0
2020-12-05 09:00:00+00:00,8.075,13.975000000000001
2020-12-05 10:00:00+00:00,8.425,13.7
2020-12-05 11:00:00+00:00,8.75,13.65
2020-12-05 12:00:00+00:00,9.3,13.55
2020-12-05 13:00:00+00:00,9.575,13.425
2020-12-05 14:00:00+00:00,10.1,13.325
2020-12-05 15:00:00+00:00,10.475,13.175
2020-12-05 16:00:00+00:00,10.75,13.149999999999999
2020-12-05 17:00:00+00:00,10.850000000000001,13.125
2020-12-05 18:00:00+00:00,11.049999999999999,13.125
2020-12-05 19:00:00+00:00,11.125,13.200000000000001
2020-12-05 20:00:00+00:00,11.3,13.25
2020-12-05 21:00:00+00:00,11.524999999999999,13.3
2020-12-05 22:00:00+00:00,11.625,13.475
2020-12-05 23:00:00+00:00,11.4,13.825
2020-12-06 00:00:00+00:00,11.325,13.6
2020-12-06 01:00:00+00:00,10.899999999999999,13.875
2020-12-06 02:00:00+00:00,10.75,13.825
2020-12-06 03:00:00+00:00,10.533333333333333,13.1
2020-12-06 04:00:00+00:00,9.975,13.65
2020-12-06 05:00:00+00:00,9.45,13.600000000000001
2020-12-06 06:00:00+00:00,9.625,13.7
2020-12-06 07:00:00+00:00,9.75,13.625
2020-12-06 08:00:00+00:00,9.9,13.775
2020-12-06 09:00:00+00:00,9.475,13.749999999999998
2020-12-06 10:00:00+00:00,8.9,13.675
2020-12-06 11:00:00+00:00,8.0,13.475
2020-12-06 12:00:00+00:00,7.275,13.325
2020-12-06 13:00:00+00:00,6.75,13.175
2020-12-06 14:00:00+00:00,6.824999999999999,13.1
2020-12-06 15:00:00+00:00,6.925,13.024999999999999
2020-12-06 16:00:00+00:00,8.825000000000001,13.05
2020-12-06 17:00:00+00:00,10.600000000000001,13.2
2020-12-06 18:00:00+00:00,11.625,13.450000000000001
2020-12-06 19:00:00+00:00,13.2,13.700000000000001
2020-12-06 20:00:00+00:00,15.325000000000001,14.124999999999998
2020-12-06 21:00:00+00:00,16.450000000000003,14.55
2020-12-06 22:00:00+00:00,16.875,14.849999999999998
2020-12-06 23:00:00+00:00,16.6,15.025
2020-12-07 00:00:00+00:00,14.875,15.049999999999999
2020-12-07 01:00:00+00:00,13.649999999999999,14.925
2020-12-07 02:00:00+00:00,12.950000000000001,14.825
2020-12-07 03:00:00+00:00,12.100000000000001,14.55
2020-12-07 04:00:00+00:00,11.774999999999999,14.375000000000002
2020-12-07 05:00:00+00:00,11.075000000000001,14.275
2020-12-07 06:00:00+00:00,11.325,14.200000000000001
2020-12-07 07:00:00+00:00,10.525,14.025
2020-12-07 08:00:00+00:00,10.175,13.774999999999999
2020-12-07 09:00:00+00:00,8.6,13.033333333333333
2020-12-07 10:00:00+00:00,8.424999999999999,13.4
2020-12-07 11:00:00+00:00,7.3,13.2
2020-12-07 12:00:00+00:00,6.525,13.0
2020-12-07 13:00:00+00:00,6.6,12.975
2020-12-07 14:00:00+00:00,7.8,12.849999999999998
2020-12-07 15:00:00+00:00,10.1,13.099999999999998
2020-12-07 16:00:00+00:00,12.375,12.95
2020-12-07 17:00:00+00:00,13.325,13.25
2020-12-07 18:00:00+00:00,14.4,13.85
2020-12-07 19:00:00+00:00,15.475000000000001,14.3
2020-12-07 20:00:00+00:00,16.7,14.8
2020-12-07 21:00:00+00:00,17.625,15.274999999999999
2020-12-07 22:00:00+00:00,18.25,15.225
2020-12-07 23:00:00+00:00,17.924999999999997,15.1
2020-12-08 00:00:00+00:00,15.775,15.025
2020-12-08 01:00:00+00:00,14.524999999999999,15.0
2020-12-08 02:00:00+00:00,14.024999999999999,14.950000000000001
2020-12-08 03:00:00+00:00,13.325000000000001,14.975
2020-12-08 04:00:00+00:00,12.433333333333332,14.466666666666667
2020-12-08 05:00:00+00:00,11.325,14.75
2020-12-08 06:00:00+00:00,11.275,14.65
2020-12-08 07:00:00+00:00,10.600000000000001,14.525000000000002
2020-12-08 08:00:00+00:00,9.875,14.4
2020-12-08 09:00:00+00:00,9.600000000000001,14.225000000000001
2020-12-08 10:00:00+00:00,9.8,14.075000000000001
2020-12-08 11:00:00+00:00,9.25,13.874999999999998
2020-12-08 12:00:00+00:00,9.175,13.7
2020-12-08 13:00:00+00:00,9.05,13.600000000000001
2020-12-08 14:00:00+00:00,10.275,13.575000000000001
2020-12-08 15:00:00+00:00,11.65,13.575
2020-12-08 16:00:00+00:00,13.274999999999999,13.825
2020-12-08 17:00:00+00:00,14.575,14.025
2020-12-08 18:00:00+00:00,15.399999999999999,14.424999999999999
2020-12-08 19:00:00+00:00,17.475,14.85
2020-12-08 20:00:00+00:00,18.125,15.225
2020-12-08 21:00:00+00:00,18.950000000000003,15.475
2020-12-08 22:00:00+00:00,18.0,15.600000000000001
2020-12-08 23:00:00+00:00,17.675000000000004,15.675
2020-12-09 00:00:00+00:00,16.25,15.625
2020-12-09 01:00:00+00:00,15.375,15.624999999999998
2020-12-09 02:00:00+00:00,15.375,15.55
2020-12-09 03:00:00+00:00,15.425,15.425
2020-12-09 04:00:00+00:00,14.975000000000001,15.325
2020-12-09 05:00:00+00:00,15.100000000000001,15.274999999999999
2020-12-09 06:00:00+00:00,14.625,15.175
2020-12-09 07:00:00+00:00,14.475,15.175
2020-12-09 08:00:00+00:00,13.575,15.075
2020-12-09 09:00:00+00:00,13.549999999999999,14.925
2020-12-09 10:00:00+00:00,12.925,14.85
2020-12-09 11:00:00+00:00,12.825,14.75
2020-12-09 12:00:00+00:00,12.600000000000001,14.675
2020-12-09 13:00:00+00:00,11.675,14.575
2020-12-09 14:00:00+00:00,12.024999999999999,14.575000000000001
2020-12-09 15:00:00+00:00,13.925,14.674999999999999
2020-12-09 16:00:00+00:00,16.4,14.75
2020-12-09 17:00:00+00:00,18.025000000000002,14.925
2020-12-09 18:00:00+00:00,18.724999999999998,15.225
2020-12-09 19:00:00+00:00,19.575,15.600000000000001
2020-12-09 20:00:00+00:00,20.425,16.15
2020-12-09 21:00:00+00:00,20.825,16.425
2020-12-09 22:00:00+00:00,20.25,16.525
2020-12-09 23:00:00+00:00,18.575,16.675
2020-12-10 00:00:00+00:00,17.125,16.849999999999998
2020-12-10 01:00:00+00:00,16.6,16.75
2020-12-10 02:00:00+00:00,16.55,16.675
2020-12-10 03:00:00+00:00,16.425,16.5
2020-12-10 04:00:00+00:00,16.25,16.424999999999997
2020-12-10 05:00:00+00:00,16.3,15.6
2020-12-10 06:00:00+00:00,16.0,16.2
2020-12-10 07:00:00+00:00,15.774999999999999,16.1
2020-12-10 08:00:00+00:00,15.375,16.0
2020-12-10 09:00:00+00:00,15.2,15.9
2020-12-10 10:00:00+00:00,15.024999999999999,15.825
2020-12-10 11:00:00+00:00,14.700000000000001,15.75
2020-12-10 12:00:00+00:00,14.6,15.675
2020-12-10 13:00:00+00:00,14.625,15.55
2020-12-10 14:00:00+00:00,15.625,15.425
2020-12-10 15:00:00+00:00,17.175,15.4
2020-12-10 16:00:00+00:00,18.675,15.675
2020-12-10 17:00:00+00:00,19.799999999999997,16.025
2020-12-10 18:00:00+00:00,20.325,16.875
2020-12-10 19:00:00+00:00,20.875,17.05
2020-12-10 20:00:00+00:00,20.75,17.425
2020-12-10 21:00:00+00:00,21.075,17.775
2020-12-10 22:00:00+00:00,20.825,17.925
2020-12-10 23:00:00+00:00,20.225,17.925
2020-12-11 00:00:00+00:00,18.825000000000003,17.925
2020-12-11 01:00:00+00:00,18.525,17.875
2020-12-11 02:00:00+00:00,18.35,17.75
2020-12-11 03:00:00+00:00,18.7,17.775000000000002
2020-12-11 04:00:00+00:00,18.7,17.775
2020-12-11 05:00:00+00:00,18.675,17.825000000000003
2020-12-11 06:00:00+00:00,18.675,17.825000000000003
2020-12-11 07:00:00+00:00,18.95,17.8
2020-12-11 08:00:00+00:00,19.075000000000003,17.825
2020-12-11 09:00:00+00:00,19.299999999999997,17.799999999999997
2020-12-11 10:00:00+00:00,19.349999999999998,17.875
2020-12-11 11:00:00+00:00,19.425,17.85
2020-12-11 12:00:00+00:00,19.625,17.9
2020-12-11 13:00:00+00:00,19.8,17.875
2020-12-11 14:00:00+00:00,19.85,17.85
2020-12-11 15:00:00+00:00,20.125,17.875
2020-12-11 16:00:00+00:00,20.375,17.8
2020-12-11 17:00:00+00:00,20.5,17.8
2020-12-11 18:00:00+00:00,20.2,17.950000000000003
2020-12-11 19:00:00+00:00,19.924999999999997,18.25
2020-12-11 20:00:00+00:00,20.775,18.375
2020-12-11 21:00:00+00:00,20.625,18.55
2020-12-11 22:00:00+00:00,21.025,18.65
2020-12-11 23:00:00+00:00,20.45,18.75
2020-12-12 00:00:00+00:00,20.0,18.775
2020-12-12 01:00:00+00:00,19.925,18.75
2020-12-12 02:00:00+00:00,19.625,18.775
2020-12-12 03:00:00+00:00,19.35,18.85
2020-12-12 04:00:00+00:00,19.199999999999996,18.849999999999998
2020-12-12 05:00:00+00:00,19.025,18.875
2020-12-12 06:00:00+00:00,18.5,18.85
2020-12-12 07:00:00+00:00,17.875,18.85
2020-12-12 08:00:00+00:00,17.025,18.725
2020-12-12 09:00:00+00:00,16.225,18.675
2020-12-12 10:00:00+00:00,15.650000000000002,18.599999999999998
2020-12-12 11:00:00+00:00,14.875,18.5
2020-12-12 12:00:00+00:00,14.475,18.425
2020-12-12 13:00:00+00:00,14.399999999999999,18.3
2020-12-12 14:00:00+00:00,15.075,18.2
2020-12-12 15:00:00+00:00,15.7,18.075000000000003
2020-12-12 16:00:00+00:00,15.5,18.050000000000004
2020-12-12 17:00:00+00:00,15.725000000000001,18.125
2020-12-12 18:00:00+00:00,16.450000000000003,18.299999999999997
2020-12-12 19:00:00+00:00,16.474999999999998,18.375
2020-12-12 20:00:00+00:00,16.5,18.650000000000002
2020-12-12 21:00:00+00:00,16.974999999999998,18.575000000000003
2020-12-12 22:00:00+00:00,17.65,18.6
2020-12-12 23:00:00+00:00,17.95,18.575000000000003
2020-12-13 00:00:00+00:00,17.75,18.55
2020-12-13 01:00:00+00:00,17.725,18.6
2020-12-13 02:00:00+00:00,17.675,18.7
2020-12-13 03:00:00+00:00,17.575,18.725
2020-12-13 04:00:00+00:00,17.25,18.725
2020-12-13 05:00:00+00:00,17.150000000000002,18.675
2020-12-13 06:00:00+00:00,17.550000000000004,18.625
2020-12-13 07:00:00+00:00,17.9,18.599999999999998
2020-12-13 08:00:00+00:00,18.525,18.6
2020-12-13 09:00:00+00:00,19.125,18.6
2020-12-13 10:00:00+00:00,19.275000000000002,18.525
2020-12-13 11:00:00+00:00,18.925,18.525
2020-12-13 12:00:00+00:00,19.325,18.5
2020-12-13 13:00:00+00:00,19.675,18.5
2020-12-13 14:00:00+00:00,19.875,18.549999999999997
2020-12-13 15:00:00+00:00,19.875,18.549999999999997
2020-12-13 16:00:00+00:00,20.799999999999997,18.7
2020-12-13 17:00:00+00:00,21.325,18.924999999999997
2020-12-13 18:00:00+00:00,21.65,19.074999999999996
2020-12-13 19:00:00+00:00,21.85,19.450000000000003
2020-12-13 20:00:00+00:00,22.425,20.049999999999997
2020-12-13 21:00:00+00:00,22.475,20.1
2020-12-13 22:00:00+00:00,22.725,20.375
2020-12-13 23:00:00+00:00,19.125,20.275
2020-12-14 00:00:00+00:00,16.075,19.875
2020-12-14 01:00:00+00:00,14.066666666666668,18.63333333333333
2020-12-14 02:00:00+00:00,13.299999999999999,18.55
2020-12-14 03:00:00+00:00,11.55,17.925
2020-12-14 04:00:00+00:00,9.924999999999999,16.475
2020-12-14 05:00:00+00:00,8.75,16.575
2020-12-14 06:00:00+00:00,7.875,15.9
2020-12-14 07:00:00+00:00,7.475,15.2
2020-12-14 08:00:00+00:00,6.925,14.724999999999998
2020-12-14 09:00:00+00:00,6.333333333333333,14.9
2020-12-14 10:00:00+00:00,5.6,13.649999999999999
2020-12-14 11:00:00+00:00,5.324999999999999,13.525
2020-12-14 12:00:00+00:00,5.3,12.899999999999999
2020-12-14 13:00:00+00:00,5.575,12.7
2020-12-14 14:00:00+00:00,5.7250000000000005,12.475000000000001
2020-12-14 15:00:00+00:00,5.975,12.275
2020-12-14 16:00:00+00:00,6.1,12.225
2020-12-14 17:00:00+00:00,6.5,12.25
2020-12-14 18:00:00+00:00,6.825,12.375
2020-12-14 19:00:00+00:00,7.125,12.775
2020-12-14 20:00:00+00:00,7.475,13.125
2020-12-14 21:00:00+00:00,7.699999999999999,13.424999999999999
2020-12-14 22:00:00+00:00,7.5249999999999995,13.95
2020-12-14 23:00:00+00:00,7.525,14.025
2020-12-15 00:00:00+00:00,7.95,14.0
2020-12-15 01:00:00+00:00,8.125,13.9
2020-12-15 02:00:00+00:00,8.350000000000001,13.95
2020-12-15 03:00:00+00:00,8.55,14.0
2020-12-15 04:00:00+00:00,8.75,13.825000000000001
2020-12-15 05:00:00+00:00,8.85,13.825
2020-12-15 06:00:00+00:00,8.775,13.4
2020-12-15 07:00:00+00:00,8.575,13.625
2020-12-15 08:00:00+00:00,8.6,13.7
2020-12-15 09:00:00+00:00,8.725,13.65
2020-12-15 10:00:00+00:00,8.5,13.5
2020-12-15 11:00:00+00:00,8.875,13.049999999999999
2020-12-15 12:00:00+00:00,8.825,12.999999999999998
2020-12-15 13:00:00+00:00,9.575000000000001,13.0
2020-12-15 14:00:00+00:00,10.3,12.95
2020-12-15 15:00:00+00:00,11.250000000000002,12.850000000000001
2020-12-15 16:00:00+00:00,12.275,12.925
2020-12-15 17:00:00+00:00,13.225,13.149999999999999
2020-12-15 18:00:00+00:00,13.899999999999999,13.325
2020-12-15 19:00:00+00:00,14.4,13.6
2020-12-15 20:00:00+00:00,14.9,13.875
2020-12-15 21:00:00+00:00,14.4,14.25
2020-12-15 22:00:00+00:00,14.05,14.625
2020-12-15 23:00:00+00:00,13.775,14.775000000000002
2020-12-16 00:00:00+00:00,12.625,14.825
2020-12-16 01:00:00+00:00,12.025,14.9
2020-12-16 02:00:00+00:00,11.475000000000001,14.924999999999999
2020-12-16 03:00:00+00:00,10.766666666666666,15.1
2020-12-16 04:00:00+00:00,10.825,14.8
2020-12-16 05:00:00+00:00,10.3,14.375
2020-12-16 06:00:00+00:00,10.25,14.325000000000001
2020-12-16 07:00:00+00:00,10.325,14.3
2020-12-16 08:00:00+00:00,9.85,13.925
2020-12-16 09:00:00+00:00,8.975,13.6
2020-12-16 10:00:00+00:00,8.25,13.350000000000001
2020-12-16 11:00:00+00:00,7.6,13.049999999999999
2020-12-16 12:00:00+00:00,6.9,12.8
2020-12-16 13:00:00+00:00,6.45,12.525
2020-12-16 14:00:00+00:00,6.075,12.25
2020-12-16 15:00:00+00:00,6.6,12.024999999999999
2020-12-16 16:00:00+00:00,7.050000000000001,12.100000000000001
2020-12-16 17:00:00+00:00,8.100000000000001,12.349999999999998
2020-12-16 18:00:00+00:00,8.950000000000001,12.649999999999999
2020-12-16 19:00:00+00:00,10.0,13.100000000000001
2020-12-16 20:00:00+00:00,10.7,13.475000000000001
2020-12-16 21:00:00+00:00,11.475000000000001,13.8
2020-12-16 22:00:00+00:00,11.899999999999999,14.0
2020-12-16 23:00:00+00:00,11.85,14.399999999999999
2020-12-17 00:00:00+00:00,10.775,14.3
2020-12-17 01:00:00+00:00,10.3,14.075
2020-12-17 02:00:00+00:00,9.825,13.925
2020-12-17 03:00:00+00:00,9.5,13.525
2020-12-17 04:00:00+00:00,8.649999999999999,13.425
2020-12-17 05:00:00+00:00,8.3,13.350000000000001
2020-12-17 06:00:00+00:00,7.9,12.825000000000001
2020-12-17 07:00:00+00:00,7.7,12.725
2020-12-17 08:00:00+00:00,7.424999999999999,12.75
2020-12-17 09:00:00+00:00,6.825000000000001,12.524999999999999
2020-12-17 10:00:00+00:00,6.475,12.375
2020-12-17 11:00:00+00:00,6.225,12.275000000000002
2020-12-17 12:00:00+00:00,5.825,11.925
2020-12-17 13:00:00+00:00,5.625,11.775
2020-12-17 14:00:00+00:00,5.925000000000001,11.575
2020-12-17 15:00:00+00:00,6.7250000000000005,11.424999999999999
2020-12-17 16:00:00+00:00,7.949999999999999,11.475
2020-12-17 17:00:00+00:00,9.225,11.825
2020-12-17 18:00:00+00:00,9.925,12.2
2020-12-17 19:00:00+00:00,10.7,12.675
2020-12-17 20:00:00+00:00,11.55,13.05
2020-12-17 21:00:00+00:00,12.225,13.325000000000001
2020-12-17 22:00:00+00:00,12.5,13.825
2020-12-17 23:00:00+00:00,12.125,13.825000000000001
2020-12-18 00:00:00+00:00,11.499999999999998,13.950000000000001
2020-12-18 01:00:00+00:00,11.4,13.85
2020-12-18 02:00:00+00:00,11.725000000000001,13.675
2020-12-18 03:00:00+00:00,11.825,13.475000000000001
2020-12-18 04:00:00+00:00,11.575,13.475
2020-12-18 05:00:00+00:00,11.675,13.45
2020-12-18 06:00:00+00:00,11.875,13.4
2020-12-18 07:00:00+00:00,11.825,13.475
2020-12-18 08:00:00+00:00,11.925,13.575
2020-12-18 09:00:00+00:00,11.799999999999999,13.525
2020-12-18 10:00:00+00:00,12.174999999999999,13.425
2020-12-18 11:00:00+00:00,12.75,13.425
2020-12-18 12:00:00+00:00,12.375,13.325000000000001
2020-12-18 13:00:00+00:00,12.649999999999999,13.3
2020-12-18 14:00:00+00:00,13.650000000000002,13.35
2020-12-18 15:00:00+00:00,15.625000000000002,13.35
2020-12-18 16:00:00+00:00,15.85,13.45
2020-12-18 17:00:00+00:00,16.799999999999997,13.525
2020-12-18 18:00:00+00:00,16.95,13.575000000000001
2020-12-18 19:00:00+00:00,17.6,13.675
2020-12-18 20:00:00+00:00,17.599999999999998,13.775
2020-12-18 21:00:00+00:00,17.35,13.899999999999999
2020-12-18 22:00:00+00:00,17.525,13.975
2020-12-18 23:00:00+00:00,17.375,14.2
2020-12-19 00:00:00+00:00,17.525,14.3
2020-12-19 01:00:00+00:00,17.599999999999998,14.375
2020-12-19 02:00:00+00:00,17.55,14.45
2020-12-19 03:00:00+00:00,17.625,14.5
2020-12-19 04:00:00+00:00,17.775,14.575
2020-12-19 05:00:00+00:00,17.525,14.7
2020-12-19 06:00:00+00:00,17.775,14.774999999999999
2020-12-19 07:00:00+00:00,17.45,14.8
2020-12-19 08:00:00+00:00,17.675,14.875
2020-12-19 09:00:00+00:00,17.425,14.85
2020-12-19 10:00:00+00:00,17.45,14.874999999999998
2020-12-19 11:00:00+00:00,17.6,14.825
2020-12-19 12:00:00+00:00,17.575,14.825
2020-12-19 13:00:00+00:00,17.85,14.8
2020-12-19 14:00:00+00:00,18.099999999999998,14.774999999999999
2020-12-19 15:00:00+00:00,18.25,14.875
2020-12-19 16:00:00+00:00,18.075000000000003,15.025
2020-12-19 17:00:00+00:00,19.125,15.200000000000001
2020-12-19 18:00:00+00:00,19.025,15.100000000000001
2020-12-19 19:00:00+00:00,19.275,15.150000000000002
2020-12-19 20:00:00+00:00,20.225,15.274999999999999
2020-12-19 21:00:00+00:00,18.0,15.5
2020-12-19 22:00:00+00:00,16.825,15.625
2020-12-19 23:00:00+00:00,16.775,15.725000000000001
2020-12-20 00:00:00+00:00,16.275,15.7
2020-12-20 01:00:00+00:00,15.600000000000001,15.75
2020-12-20 02:00:00+00:00,15.350000000000001,15.75
2020-12-20 03:00:00+00:00,15.075,15.750000000000002
2020-12-20 04:00:00+00:00,14.875,15.725000000000001
2020-12-20 05:00:00+00:00,14.375,15.700000000000003
2020-12-20 06:00:00+00:00,13.725000000000001,15.675
2020-12-20 07:00:00+00:00,13.15,15.525
2020-12-20 08:00:00+00:00,12.675,15.275
2020-12-20 09:00:00+00:00,12.125,15.149999999999999
2020-12-20 10:00:00+00:00,11.5,15.0
2020-12-20 11:00:00+00:00,11.075,14.850000000000001
2020-12-20 12:00:00+00:00,10.625,14.65
2020-12-20 13:00:00+00:00,9.675,14.5
2020-12-20 14:00:00+00:00,9.325,14.3
2020-12-20 15:00:00+00:00,10.65,14.200000000000001
2020-12-20 16:00:00+00:00,11.85,14.225
2020-12-20 17:00:00+00:00,13.399999999999999,14.474999999999998
2020-12-20 18:00:00+00:00,14.875,14.875
2020-12-20 19:00:00+00:00,15.975000000000001,15.2
2020-12-20 20:00:00+00:00,16.424999999999997,15.525
2020-12-20 21:00:00+00:00,17.025,15.750000000000002
2020-12-20 22:00:00+00:00,17.125,16.125
2020-12-20 23:00:00+00:00,17.200000000000003,16.2
2020-12-21 00:00:00+00:00,15.4,16.35
2020-12-21 01:00:00+00:00,14.95,16.675
2020-12-21 02:00:00+00:00,14.774999999999999,16.675
2020-12-21 03:00:00+00:00,15.124999999999998,16.625
2020-12-21 04:00:00+00:00,14.875,16.525
2020-12-21 05:00:00+00:00,14.575000000000001,16.375
2020-12-21 06:00:00+00:00,14.275,16.3
2020-12-21 07:00:00+00:00,13.975,16.175
2020-12-21 08:00:00+00:00,12.625,16.1
2020-12-21 09:00:00+00:00,10.924999999999999,15.975000000000001
2020-12-21 10:00:00+00:00,11.65,15.775000000000002
2020-12-21 11:00:00+00:00,11.225000000000001,15.625
2020-12-21 12:00:00+00:00,11.325000000000001,15.5
2020-12-21 13:00:00+00:00,11.2,15.299999999999999
2020-12-21 14:00:00+00:00,10.950000000000001,15.25
2020-12-21 15:00:00+00:00,12.575,15.100000000000001
2020-12-21 16:00:00+00:00,14.6,15.150000000000002
2020-12-21 17:00:00+00:00,15.975000000000001,15.325
2020-12-21 18:00:00+00:00,17.1,15.65
2020-12-21 19:00:00+00:00,17.525,16.05
2020-12-21 20:00:00+00:00,18.375,16.3
2020-12-21 21:00:00+00:00,18.525000000000002,16.55
2020-12-21 22:00:00+00:00,18.425,16.875
2020-12-21 23:00:00+00:00,18.15,17.0
2020-12-22 00:00:00+00:00,16.975,17.150000000000002
2020-12-22 01:00:00+00:00,16.325,17.325
2020-12-22 02:00:00+00:00,16.174999999999997,17.4
2020-12-22 03:00:00+00:00,16.05,17.275
2020-12-22 04:00:00+00:00,16.075,17.25
2020-12-22 05:00:00+00:00,16.575,17.25
2020-12-22 06:00:00+00:00,16.325,17.2
2020-12-22 07:00:00+00:00,16.15,17.225
2020-12-22 08:00:00+00:00,15.45,17.175
2020-12-22 09:00:00+00:00,15.5,17.05
2020-12-22 10:00:00+00:00,15.25,16.975
2020-12-22 11:00:00+00:00,15.3,16.825
2020-12-22 12:00:00+00:00,15.25,16.724999999999998
2020-12-22 13:00:00+00:00,15.375,16.6
2020-12-22 14:00:00+00:00,15.875,16.349999999999998
2020-12-22 15:00:00+00:00,16.924999999999997,16.325
2020-12-22 16:00:00+00:00,17.975,16.474999999999998
2020-12-22 17:00:00+00:00,18.75,16.725
2020-12-22 18:00:00+00:00,19.05,17.099999999999998
2020-12-22 19:00:00+00:00,19.175,17.325
2020-12-22 20:00:00+00:00,19.25,17.599999999999998
2020-12-22 21:00:00+00:00,19.15,17.7
2020-12-22 22:00:00+00:00,19.025,17.75
2020-12-22 23:00:00+00:00,18.45,17.75
2020-12-23 00:00:00+00:00,18.125,17.775
2020-12-23 01:00:00+00:00,18.025,17.675
2020-12-23 02:00:00+00:00,18.174999999999997,17.675
2020-12-23 03:00:00+00:00,18.225,17.65
2020-12-23 04:00:00+00:00,18.3,17.55
2020-12-23 05:00:00+00:00,18.400000000000002,17.525
2020-12-23 06:00:00+00:00,18.5,17.55
2020-12-23 07:00:00+00:00,18.299999999999997,17.475
2020-12-23 08:00:00+00:00,18.200000000000003,17.450000000000003
2020-12-23 09:00:00+00:00,18.25,17.424999999999997
2020-12-23 10:00:00+00:00,18.200000000000003,17.45
2020-12-23 11:00:00+00:00,18.424999999999997,17.4
2020-12-23 12:00:00+00:00,18.525,17.4
2020-12-23 13:00:00+00:00,18.9,17.35
2020-12-23 14:00:00+00:00,19.3,17.325
2020-12-23 15:00:00+00:00,19.9,17.3
2020-12-23 16:00:00+00:00,20.325000000000003,17.525
2020-12-23 17:00:00+00:00,20.299999999999997,17.8
2020-12-23 18:00:00+00:00,21.025,17.974999999999998
2020-12-23 19:00:00+00:00,21.200000000000003,18.225
2020-12-23 20:00:00+00:00,21.475,18.525
2020-12-23 21:00:00+00:00,21.375,18.925
2020-12-23 22:00:00+00:00,21.200000000000003,19.0
2020-12-23 23:00:00+00:00,21.15,19.049999999999997
2020-12-24 00:00:00+00:00,20.5,18.974999999999998
2020-12-24 01:00:00+00:00,20.675,18.849999999999998
2020-12-24 02:00:00+00:00,20.725,18.825
2020-12-24 03:00:00+00:00,20.475,18.799999999999997
2020-12-24 04:00:00+00:00,17.3,18.55
2020-12-24 05:00:00+00:00,15.600000000000001,18.125
2020-12-24 06:00:00+00:00,14.225,17.75
2020-12-24 07:00:00+00:00,12.775,17.224999999999998
2020-12-24 08:00:00+00:00,11.675,16.65
2020-12-24 09:00:00+00:00,10.3,16.025000000000002
2020-12-24 10:00:00+00:00,9.2,15.475000000000001
2020-12-24 11:00:00+00:00,8.075,14.924999999999999
2020-12-24 12:00:00+00:00,6.875,13.275
2020-12-24 13:00:00+00:00,5.874999999999999,13.6
2020-12-24 14:00:00+00:00,5.050000000000001,12.799999999999999
2020-12-24 15:00:00+00:00,5.5249999999999995,12.225000000000001
2020-12-24 16:00:00+00:00,6.5,12.0
2020-12-24 17:00:00+00:00,7.5,11.975
2020-12-24 18:00:00+00:00,8.4,12.125
2020-12-24 19:00:00+00:00,9.6,12.549999999999999
2020-12-24 20:00:00+00:00,10.35,13.05
2020-12-24 21:00:00+00:00,11.250000000000002,13.45
2020-12-24 22:00:00+00:00,12.025,13.45
2020-12-24 23:00:00+00:00,12.100000000000001,13.3
2020-12-25 00:00:00+00:00,10.55,13.3
2020-12-25 01:00:00+00:00,9.9,12.875
2020-12-25 02:00:00+00:00,9.55,12.55
2020-12-25 03:00:00+00:00,9.375,12.3
2020-12-25 04:00:00+00:00,8.675,12.375
2020-12-25 05:00:00+00:00,8.825,12.325
2020-12-25 06:00:00+00:00,9.049999999999999,12.125
2020-12-25 07:00:00+00:00,8.566666666666668,11.166666666666666
2020-12-25 08:00:00+00:00,7.85,11.475
2020-12-25 09:00:00+00:00,7.0,11.2
2020-12-25 10:00:00+00:00,6.375,11.125
2020-12-25 11:00:00+00:00,5.875,10.875
2020-12-25 12:00:00+00:00,5.375,10.6
2020-12-25 13:00:00+00:00,5.050000000000001,10.275
2020-12-25 14:00:00+00:00,5.4750000000000005,9.775
2020-12-25 15:00:00+00:00,7.825,9.549999999999999
2020-12-25 16:00:00+00:00,10.75,9.75
2020-12-25 17:00:00+00:00,13.15,10.2
2020-12-25 18:00:00+00:00,14.750000000000002,10.75
2020-12-25 19:00:00+00:00,15.55,11.55
2020-12-25 20:00:00+00:00,15.100000000000001,12.75
2020-12-25 21:00:00+00:00,15.9,13.7
2020-12-25 22:00:00+00:00,14.999999999999998,14.05
2020-12-25 23:00:00+00:00,14.600000000000001,14.150000000000002
2020-12-26 00:00:00+00:00,13.425,14.05
2020-12-26 01:00:00+00:00,13.05,13.875
2020-12-26 02:00:00+00:00,13.05,13.725
2020-12-26 03:00:00+00:00,12.925,13.625
2020-12-26 04:00:00+00:00,12.899999999999999,13.524999999999999
2020-12-26 05:00:00+00:00,12.700000000000001,13.400000000000002
2020-12-26 06:00:00+00:00,12.975,13.3
2020-12-26 07:00:00+00:00,12.35,13.2
2020-12-26 08:00:00+00:00,11.825,13.125
2020-12-26 09:00:00+00:00,10.175,13.025
2020-12-26 10:00:00+00:00,9.375,12.95
2020-12-26 11:00:00+00:00,8.225000000000001,12.8
2020-12-26 12:00:00+00:00,8.55,12.7
2020-12-26 13:00:00+00:00,8.375,12.475000000000001
2020-12-26 14:00:00+00:00,9.95,12.375
2020-12-26 15:00:00+00:00,10.899999999999999,12.375
2020-12-26 16:00:00+00:00,12.225000000000001,12.8
2020-12-26 17:00:00+00:00,12.725000000000001,13.249999999999998
2020-12-26 18:00:00+00:00,14.325,13.649999999999999
2020-12-26 19:00:00+00:00,15.0,14.274999999999999
2020-12-26 20:00:00+00:00,15.825000000000001,14.900000000000002
2020-12-26 21:00:00+00:00,17.0,15.35
2020-12-26 22:00:00+00:00,17.525000000000002,15.624999999999998
2020-12-26 23:00:00+00:00,17.125,15.475000000000001
2020-12-27 00:00:00+00:00,15.75,15.450000000000001
2020-12-27 01:00:00+00:00,15.2,15.399999999999999
2020-12-27 02:00:00+00:00,14.875,15.350000000000001
2020-12-27 03:00:00+00:00,15.149999999999999,15.3
2020-12-27 04:00:00+00:00,15.575,15.275
2020-12-27 05:00:00+00:00,15.674999999999999,15.25
2020-12-27 06:00:00+00:00,15.575000000000001,15.35
2020-12-27 07:00:00+00:00,15.600000000000001,15.274999999999999
2020-12-27 08:00:00+00:00,15.475000000000001,15.25
2020-12-27 09:00:00+00:00,15.575,15.225000000000001
2020-12-27 10:00:00+00:00,15.35,15.175
2020-12-27 11:00:00+00:00,15.025,15.100000000000001
2020-12-27 12:00:00+00:00,14.9,15.024999999999999
2020-12-27 13:00:00+00:00,14.8,14.899999999999999
2020-12-27 14:00:00+00:00,15.5,14.825
2020-12-27 15:00:00+00:00,16.575,14.8
2020-12-27 16:00:00+00:00,17.849999999999998,15.0
2020-12-27 17:00:00+00:00,18.8,15.325
2020-12-27 18:00:00+00:00,19.375,15.85
2020-12-27 19:00:00+00:00,19.975,16.175
2020-12-27 20:00:00+00:00,20.125,16.625
2020-12-27 21:00:00+00:00,19.9,16.875
2020-12-27 22:00:00+00:00,19.650000000000002,16.975
2020-12-27 23:00:00+00:00,19.275,17.05
2020-12-28 00:00:00+00:00,18.475,17.025
2020-12-28 01:00:00+00:00,17.6,16.900000000000002
2020-12-28 02:00:00+00:00,17.5,16.775000000000002
2020-12-28 03:00:00+00:00,17.525,16.7
2020-12-28 04:00:00+00:00,17.475,16.625
2020-12-28 05:00:00+00:00,17.625,16.55
2020-12-28 06:00:00+00:00,17.175,16.474999999999998
2020-12-28 07:00:00+00:00,17.175,16.4
2020-12-28 08:00:00+00:00,17.075,16.375
2020-12-28 09:00:00+00:00,17.05,16.35
2020-12-28 10:00:00+00:00,17.025000000000002,16.35
2020-12-28 11:00:00+00:00,16.625,16.375
2020-12-28 12:00:00+00:00,16.7,16.325000000000003
2020-12-28 13:00:00+00:00,17.025000000000002,16.225
2020-12-28 14:00:00+00:00,17.5,16.150000000000002
2020-12-28 15:00:00+00:00,18.625,16.125
2020-12-28 16:00:00+00:00,19.225,16.4
2020-12-28 17:00:00+00:00,19.775,16.675
2020-12-28 18:00:00+00:00,20.2,16.9
2020-12-28 19:00:00+00:00,20.3,17.275
2020-12-28 20:00:00+00:00,20.325,17.75
2020-12-28 21:00:00+00:00,20.0,18.05
2020-12-28 22:00:00+00:00,19.925,18.35
2020-12-28 23:00:00+00:00,19.4,18.450000000000003
2020-12-29 00:00:00+00:00,18.675,18.35
2020-12-29 01:00:00+00:00,18.424999999999997,18.25
2020-12-29 02:00:00+00:00,18.25,18.049999999999997
2020-12-29 03:00:00+00:00,18.125,17.799999999999997
2020-12-29 04:00:00+00:00,18.125,17.725
2020-12-29 05:00:00+00:00,18.025,17.625
2020-12-29 06:00:00+00:00,17.975,17.65
2020-12-29 07:00:00+00:00,17.875,17.6
2020-12-29 08:00:00+00:00,17.625,17.65
2020-12-29 09:00:00+00:00,17.525,17.549999999999997
2020-12-29 10:00:00+00:00,17.25,17.55
2020-12-29 11:00:00+00:00,17.0,17.6
2020-12-29 12:00:00+00:00,16.95,17.525
2020-12-29 13:00:00+00:00,17.0,17.5
2020-12-29 14:00:00+00:00,17.625,17.424999999999997
2020-12-29 15:00:00+00:00,18.924999999999997,17.45
2020-12-29 16:00:00+00:00,19.700000000000003,17.700000000000003
2020-12-29 17:00:00+00:00,20.025,17.975
2020-12-29 18:00:00+00:00,20.2,18.325
2020-12-29 19:00:00+00:00,20.3,18.700000000000003
2020-12-29 20:00:00+00:00,19.049999999999997,18.9
2020-12-29 21:00:00+00:00,18.974999999999998,19.05
2020-12-29 22:00:00+00:00,19.049999999999997,19.125
2020-12-29 23:00:00+00:00,19.425,19.25
2020-12-30 00:00:00+00:00,18.975,19.075
2020-12-30 01:00:00+00:00,18.975,18.799999999999997
2020-12-30 02:00:00+00:00,19.0,18.7
2020-12-30 03:00:00+00:00,19.125,18.65
2020-12-30 04:00:00+00:00,19.825,18.625
2020-12-30 05:00:00+00:00,19.599999999999998,18.599999999999998
2020-12-30 06:00:00+00:00,19.625,18.575
2020-12-30 07:00:00+00:00,19.8,18.55
2020-12-30 08:00:00+00:00,19.775,18.55
2020-12-30 09:00:00+00:00,19.575,18.5
2020-12-30 10:00:00+00:00,19.475,18.475
2020-12-30 11:00:00+00:00,19.325000000000003,18.450000000000003
2020-12-30 12:00:00+00:00,19.2,18.425000000000004
2020-12-30 13:00:00+00:00,19.200000000000003,18.425
2020-12-30 14:00:00+00:00,19.325,18.474999999999998
2020-12-30 15:00:00+00:00,19.675,18.525000000000002
2020-12-30 16:00:00+00:00,20.474999999999998,18.6
2020-12-30 17:00:00+00:00,20.924999999999997,18.85
2020-12-30 18:00:00+00:00,21.5,19.025
2020-12-30 19:00:00+00:00,21.525,19.225
2020-12-30 20:00:00+00:00,21.674999999999997,19.6
2020-12-30 21:00:00+00:00,21.599999999999998,19.8
2020-12-30 22:00:00+00:00,21.074999999999996,19.925
2020-12-30 23:00:00+00:00,20.325,20.075
2020-12-31 00:00:00+00:00,20.925,20.15
2020-12-31 01:00:00+00:00,19.975,20.3
2020-12-31 02:00:00+00:00,19.975,20.075
2020-12-31 03:00:00+00:00,19.475,19.95
2020-12-31 04:00:00+00:00,14.999999999999998,19.8
2020-12-31 05:00:00+00:00,13.850000000000001,19.4
2020-12-31 06:00:00+00:00,13.85,19.15
2020-12-31 07:00:00+00:00,12.299999999999999,19.15
2020-12-31 08:00:00+00:00,12.25,19.125
2020-12-31 09:00:00+00:00,12.225000000000001,18.925
2020-12-31 10:00:00+00:00,12.125,18.674999999999997
2020-12-31 11:00:00+00:00,11.799999999999999,18.425
2020-12-31 12:00:00+00:00,11.525,18.3
2020-12-31 13:00:00+00:00,12.375,18.200000000000003
2020-12-31 14:00:00+00:00,11.524999999999999,17.974999999999998
2020-12-31 15:00:00+00:00,10.375,17.625
2020-12-31 16:00:00+00:00,8.575000000000001,17.1
2020-12-31 17:00:00+00:00,7.65,16.725
2020-12-31 18:00:00+00:00,7.5,16.1
2020-12-31 19:00:00+00:00,8.275,15.999999999999998
2020-12-31 20:00:00+00:00,9.35,16.025000000000002
2020-12-31 21:00:00+00:00,9.825,16.25
2020-12-31 22:00:00+00:00,9.7,16.175
2020-12-31 23:00:00+00:00,9.325,16.075000000000003
2021-01-01 00:00:00+00:00,9.0,15.850000000000001
2021-01-01 01:00:00+00:00,8.125,15.6
2021-01-01 02:00:00+00:00,6.925000000000001,15.100000000000001
2021-01-01 03:00:00+00:00,6.199999999999999,14.4
2021-01-01 04:00:00+00:00,5.775,14.325000000000001
2021-01-01 05:00:00+00:00,5.4,13.975000000000001
2021-01-01 06:00:00+00:00,4.95,13.55
2021-01-01 07:00:00+00:00,4.65,13.475000000000001
2021-01-01 08:00:00+00:00,4.675,13.175
2021-01-01 09:00:00+00:00,4.725,12.924999999999999
2021-01-01 10:00:00+00:00,4.824999999999999,12.475000000000001
2021-01-01 11:00:00+00:00,4.9,12.45
2021-01-01 12:00:00+00:00,4.574999999999999,12.375
2021-01-01 13:00:00+00:00,4.824999999999999,12.825
2021-01-01 14:00:00+00:00,5.1,12.475000000000001
2021-01-01 15:00:00+00:00,5.975,12.275
2021-01-01 16:00:00+00:00,7.1,12.25
2021-01-01 17:00:00+00:00,8.3,12.399999999999999
2021-01-01 18:00:00+00:00,9.25,12.825
2021-01-01 19:00:00+00:00,10.425,13.125
2021-01-01 20:00:00+00:00,11.524999999999999,13.599999999999998
2021-01-01 21:00:00+00:00,11.899999999999999,13.725
2021-01-01 22:00:00+00:00,12.7,13.925
2021-01-01 23:00:00+00:00,12.524999999999999,13.874999999999998
2021-01-02 00:00:00+00:00,12.125,13.95
2021-01-02 01:00:00+00:00,11.566666666666668,14.199999999999998
2021-01-02 02:00:00+00:00,11.525,13.975
2021-01-02 03:00:00+00:00,10.524999999999999,13.65
2021-01-02 04:00:00+00:00,9.225,13.375
2021-01-02 05:00:00+00:00,8.575,13.350000000000001
2021-01-02 06:00:00+00:00,7.949999999999999,13.225
2021-01-02 07:00:00+00:00,7.5249999999999995,13.0
2021-01-02 08:00:00+00:00,7.0,12.799999999999999
2021-01-02 09:00:00+00:00,6.325000000000001,12.5
2021-01-02 10:00:00+00:00,5.675000000000001,12.2
2021-01-02 11:00:00+00:00,5.35,11.95
2021-01-02 12:00:00+00:00,4.825,11.875
2021-01-02 13:00:00+00:00,4.65,12.325
2021-01-02 14:00:00+00:00,4.925,12.3
2021-01-02 15:00:00+00:00,6.525,12.4
2021-01-02 16:00:00+00:00,8.433333333333334,11.4
2021-01-02 17:00:00+00:00,9.825000000000001,12.3
2021-01-02 18:00:00+00:00,11.375,12.700000000000001
2021-01-02 19:00:00+00:00,12.475,13.05
2021-01-02 20:00:00+00:00,13.399999999999999,13.4
2021-01-02 21:00:00+00:00,14.075,13.725
2021-01-02 22:00:00+00:00,14.3,14.05
2021-01-02 23:00:00+00:00,14.45,14.3
2021-01-03 00:00:00+00:00,13.25,14.375
2021-01-03 01:00:00+00:00,12.35,14.225
2021-01-03 02:00:00+00:00,11.8,14.075
2021-01-03 03:00:00+00:00,12.125000000000002,13.95
2021-01-03 04:00:00+00:00,11.749999999999998,13.875
2021-01-03 05:00:00+00:00,12.1,13.875000000000002
2021-01-03 06:00:00+00:00,11.825,13.875
2021-01-03 07:00:00+00:00,11.675,13.8
2021-01-03 08:00:00+00:00,11.725000000000001,13.75
2021-01-03 09:00:00+00:00,11.6,13.675
2021-01-03 10:00:00+00:00,11.425,13.625
2021-01-03 11:00:00+00:00,11.05,13.575
2021-01-03 12:00:00+00:00,9.875,13.55
2021-01-03 13:00:00+00:00,8.05,13.4
2021-01-03 14:00:00+00:00,8.1,13.075000000000001
2021-01-03 15:00:00+00:00,10.850000000000001,12.925
2021-01-03 16:00:00+00:00,12.275,12.950000000000001
2021-01-03 17:00:00+00:00,12.875000000000002,13.175
2021-01-03 18:00:00+00:00,16.1,13.549999999999999
2021-01-03 19:00:00+00:00,16.375,14.15
2021-01-03 20:00:00+00:00,16.725,14.325000000000001
2021-01-03 21:00:00+00:00,16.975,14.725
2021-01-03 22:00:00+00:00,17.25,15.05
2021-01-03 23:00:00+00:00,16.7,15.249999999999998
2021-01-04 00:00:00+00:00,15.524999999999999,15.425
2021-01-04 01:00:00+00:00,14.625,15.65
2021-01-04 02:00:00+00:00,14.8,15.649999999999999
2021-01-04 03:00:00+00:00,14.975,15.475
2021-01-04 04:00:00+00:00,14.975000000000001,15.375
2021-01-04 05:00:00+00:00,14.975,15.3
2021-01-04 06:00:00+00:00,14.899999999999999,15.175
2021-01-04 07:00:00+00:00,14.825,15.125
2021-01-04 08:00:00+00:00,14.65,15.075
2021-01-04 09:00:00+00:00,14.425,15.05
2021-01-04 10:00:00+00:00,13.675,15.0
2021-01-04 11:00:00+00:00,13.524999999999999,14.975
2021-01-04 12:00:00+00:00,13.225,14.875
2021-01-04 13:00:00+00:00,12.225000000000001,14.700000000000001
2021-01-04 14:00:00+00:00,13.024999999999999,14.575
2021-01-04 15:00:00+00:00,14.725000000000001,14.474999999999998
2021-01-04 16:00:00+00:00,14.725,14.5
2021-01-04 17:00:00+00:00,16.5,14.7
2021-01-04 18:00:00+00:00,19.049999999999997,15.024999999999999
2021-01-04 19:00:00+00:00,19.35,15.375
2021-01-04 20:00:00+00:00,19.575,15.675
2021-01-04 21:00:00+00:00,20.1,15.975
2021-01-04 22:00:00+00:00,19.25,16.15
2021-01-04 23:00:00+00:00,18.8,16.4
2021-01-05 00:00:00+00:00,17.75,16.525
2021-01-05 01:00:00+00:00,16.875,16.875
2021-01-05 02:00:00+00:00,16.3,16.75
2021-01-05 03:00:00+00:00,16.025,16.7
2021-01-05 04:00:00+00:00,15.775,16.6
2021-01-05 05:00:00+00:00,15.7,16.549999999999997
2021-01-05 06:00:00+00:00,15.525000000000002,16.575000000000003
2021-01-05 07:00:00+00:00,15.3,16.6
2021-01-05 08:00:00+00:00,14.825000000000001,16.474999999999998
2021-01-05 09:00:00+00:00,14.65,16.325
2021-01-05 10:00:00+00:00,14.625,15.849999999999998
2021-01-05 11:00:00+00:00,14.525000000000002,15.6
2021-01-05 12:00:00+00:00,14.4,15.5
2021-01-05 13:00:00+00:00,14.125,15.45
2021-01-05 14:00:00+00:00,13.75,15.375
2021-01-05 15:00:00+00:00,14.225000000000001,15.375
2021-01-05 16:00:00+00:00,14.899999999999999,15.450000000000001
2021-01-05 17:00:00+00:00,15.675,15.674999999999999
2021-01-05 18:00:00+00:00,16.925,15.875
2021-01-05 19:00:00+00:00,16.900000000000002,16.1
2021-01-05 20:00:00+00:00,16.525000000000002,16.375
2021-01-05 21:00:00+00:00,16.725,16.45
2021-01-05 22:00:00+00:00,17.0,16.575
2021-01-05 23:00:00+00:00,17.15,16.7
2021-01-06 00:00:00+00:00,17.033333333333335,16.3
2021-01-06 01:00:00+00:00,16.825,16.724999999999998
2021-01-06 02:00:00+00:00,16.75,16.7
2021-01-06 03:00:00+00:00,16.775000000000002,16.725
2021-01-06 04:00:00+00:00,16.9,16.8
2021-01-06 05:00:00+00:00,17.05,16.775
2021-01-06 06:00:00+00:00,17.150000000000002,16.75
2021-01-06 07:00:00+00:00,17.0,16.725
2021-01-06 08:00:00+00:00,16.95,16.75
2021-01-06 09:00:00+00:00,17.15,16.675
2021-01-06 10:00:00+00:00,17.125,16.650000000000002
2021-01-06 11:00:00+00:00,17.175,16.599999999999998
2021-01-06 12:00:00+00:00,17.4,16.575
2021-01-06 13:00:00+00:00,15.9,15.2
2021-01-06 14:00:00+00:00,17.525,16.425
2021-01-06 15:00:00+00:00,18.075,16.375
2021-01-06 16:00:00+00:00,19.0,16.474999999999998
2021-01-06 17:00:00+00:00,18.975,16.6
2021-01-06 18:00:00+00:00,19.825000000000003,16.8
2021-01-06 19:00:00+00:00,19.8,16.975
2021-01-06 20:00:00+00:00,19.6,17.2
2021-01-06 21:00:00+00:00,19.875,17.475
2021-01-06 22:00:00+00:00,19.95,17.775
2021-01-06 23:00:00+00:00,19.725,17.674999999999997
2021-01-07 00:00:00+00:00,19.550000000000004,17.65
2021-01-07 01:00:00+00:00,18.625,17.7
2021-01-07 02:00:00+00:00,17.05,17.65
2021-01-07 03:00:00+00:00,15.5,17.425
2021-01-07 04:00:00+00:00,14.875,17.15
2021-01-07 05:00:00+00:00,13.825,16.95
2021-01-07 06:00:00+00:00,12.15,16.775000000000002
2021-01-07 07:00:00+00:00,11.6,16.675
2021-01-07 08:00:00+00:00,11.075,16.425
2021-01-07 09:00:00+00:00,10.675,16.15
2021-01-07 10:00:00+00:00,10.75,15.7
2021-01-07 11:00:00+00:00,10.5,15.3
2021-01-07 12:00:00+00:00,10.45,15.1
2021-01-07 13:00:00+00:00,9.625,14.725
2021-01-07 14:00:00+00:00,9.475000000000001,14.224999999999998
2021-01-07 15:00:00+00:00,10.774999999999999,14.025
2021-01-07 16:00:00+00:00,11.25,13.95
2021-01-07 17:00:00+00:00,11.850000000000001,14.1
2021-01-07 18:00:00+00:00,12.7,14.625
2021-01-07 19:00:00+00:00,13.875,15.075
2021-01-07 20:00:00+00:00,14.725000000000001,15.5
2021-01-07 21:00:00+00:00,15.675,15.95
2021-01-07 22:00:00+00:00,16.075000000000003,16.175
2021-01-07 23:00:00+00:00,15.950000000000001,16.275
2021-01-08 00:00:00+00:00,14.6,16.175
2021-01-08 01:00:00+00:00,13.6,15.850000000000001
2021-01-08 02:00:00+00:00,13.450000000000001,15.55
2021-01-08 03:00:00+00:00,12.625,15.2
2021-01-08 04:00:00+00:00,11.9,15.0
2021-01-08 05:00:00+00:00,10.775,14.825000000000001
2021-01-08 06:00:00+00:00,9.975,14.649999999999999
2021-01-08 07:00:00+00:00,9.325000000000001,14.475000000000001
2021-01-08 08:00:00+00:00,9.0,14.350000000000001
2021-01-08 09:00:00+00:00,8.65,14.1
2021-01-08 10:00:00+00:00,8.4,13.849999999999998
2021-01-08 11:00:00+00:00,7.375000000000001,13.575000000000001
2021-01-08 12:00:00+00:00,7.449999999999999,13.075000000000001
2021-01-08 13:00:00+00:00,7.2,12.7
2021-01-08 14:00:00+00:00,7.15,12.375000000000002
2021-01-08 15:00:00+00:00,7.725000000000001,12.350000000000001
2021-01-08 16:00:00+00:00,8.875,12.625
2021-01-08 17:00:00+00:00,9.825,13.100000000000001
2021-01-08 18:00:00+00:00,10.350000000000001,13.625
2021-01-08 19:00:00+00:00,11.200000000000001,14.275
2021-01-08 20:00:00+00:00,11.850000000000001,14.825
2021-01-08 21:00:00+00:00,12.55,15.2
2021-01-08 22:00:00+00:00,12.749999999999998,15.499999999999998
2021-01-08 23:00:00+00:00,12.75,15.575
2021-01-09 00:00:00+00:00,11.899999999999999,15.65
2021-01-09 01:00:00+00:00,11.049999999999999,15.2
2021-01-09 02:00:00+00:00,10.5,14.749999999999998
2021-01-09 03:00:00+00:00,10.175,14.700000000000001
2021-01-09 04:00:00+00:00,9.549999999999999,14.275
2021-01-09 05:00:00+00:00,9.05,14.025
2021-01-09 06:00:00+00:00,8.5,13.899999999999999
2021-01-09 07:00:00+00:00,7.85,13.55
2021-01-09 08:00:00+00:00,7.4750000000000005,13.274999999999999
2021-01-09 09:00:00+00:00,7.15,13.05
2021-01-09 10:00:00+00:00,7.05,12.8
2021-01-09 11:00:00+00:00,6.925,12.625
2021-01-09 12:00:00+00:00,6.550000000000001,12.474999999999998
2021-01-09 13:00:00+00:00,6.45,12.325
2021-01-09 14:00:00+00:00,6.775,12.675
2021-01-09 15:00:00+00:00,7.35,12.5
2021-01-09 16:00:00+00:00,8.2,13.025
2021-01-09 17:00:00+00:00,9.125,13.325000000000001
2021-01-09 18:00:00+00:00,9.975,13.7
2021-01-09 19:00:00+00:00,10.825000000000001,14.05
2021-01-09 20:00:00+00:00,11.4,14.475
2021-01-09 21:00:00+00:00,11.7,14.6
2021-01-09 22:00:00+00:00,11.799999999999999,14.625
2021-01-09 23:00:00+00:00,11.575,14.75
2021-01-10 00:00:00+00:00,11.625,14.8
2021-01-10 01:00:00+00:00,11.575,14.75
2021-01-10 02:00:00+00:00,11.575000000000001,14.7
2021-01-10 03:00:00+00:00,11.475000000000001,14.55
2021-01-10 04:00:00+00:00,11.075,14.15
2021-01-10 05:00:00+00:00,10.6,14.15
2021-01-10 06:00:00+00:00,10.55,14.024999999999999
2021-01-10 07:00:00+00:00,10.85,13.95
2021-01-10 08:00:00+00:00,11.125,13.825
2021-01-10 09:00:00+00:00,11.175,13.725
2021-01-10 10:00:00+00:00,11.3,13.850000000000001
2021-01-10 11:00:00+00:00,11.025,13.5
2021-01-10 12:00:00+00:00,10.5,13.45
2021-01-10 13:00:00+00:00,9.875,13.25
2021-01-10 14:00:00+00:00,10.05,13.15
2021-01-10 15:00:00+00:00,10.524999999999999,13.375
2021-01-10 16:00:00+00:00,10.55,13.3
2021-01-10 17:00:00+00:00,10.399999999999999,13.4
2021-01-10 18:00:00+00:00,9.625,13.225
2021-01-10 19:00:00+00:00,8.25,13.125
2021-01-10 20:00:00+00:00,6.824999999999999,12.649999999999999
2021-01-10 21:00:00+00:00,5.4750000000000005,12.05
2021-01-10 22:00:00+00:00,4.9,11.0
2021-01-10 23:00:00+00:00,4.475,10.7
2021-01-11 00:00:00+00:00,4.15,10.45
2021-01-11 01:00:00+00:00,3.8000000000000003,11.0
2021-01-11 02:00:00+00:00,3.3333333333333335,10.1
2021-01-11 03:00:00+00:00,3.5749999999999997,10.175
2021-01-11 04:00:00+00:00,3.233333333333333,9.533333333333333
2021-01-11 05:00:00+00:00,3.425,9.5
2021-01-11 06:00:00+00:00,3.25,9.399999999999999
2021-01-11 07:00:00+00:00,3.225,9.049999999999999
2021-01-11 08:00:00+00:00,3.2,8.75
2021-01-11 09:00:00+00:00,3.25,8.5
2021-01-11 10:00:00+00:00,3.375,8.35
2021-01-11 11:00:00+00:00,3.075,8.1
2021-01-11 12:00:00+00:00,2.8,7.925000000000001
2021-01-11 13:00:00+00:00,2.7,7.75
2021-01-11 14:00:00+00:00,2.675,7.549999999999999
2021-01-11 15:00:00+00:00,3.325,7.45
2021-01-11 16:00:00+00:00,4.05,7.449999999999999
2021-01-11 17:00:00+00:00,4.925,7.725
2021-01-11 18:00:00+00:00,5.2250000000000005,8.225
2021-01-11 19:00:00+00:00,5.9,8.825
2021-01-11 20:00:00+00:00,6.624999999999999,9.299999999999999
2021-01-11 21:00:00+00:00,7.324999999999999,9.875
2021-01-11 22:00:00+00:00,7.85,10.524999999999999
2021-01-11 23:00:00+00:00,8.15,10.675
2021-01-12 00:00:00+00:00,7.35,10.75
2021-01-12 01:00:00+00:00,6.25,10.575
2021-01-12 02:00:00+00:00,6.0249999999999995,10.450000000000001
2021-01-12 03:00:00+00:00,5.125,10.125
2021-01-12 04:00:00+00:00,4.4,9.649999999999999
2021-01-12 05:00:00+00:00,3.925,9.35
2021-01-12 06:00:00+00:00,3.7,9.2
2021-01-12 07:00:00+00:00,3.375,9.0
2021-01-12 08:00:00+00:00,2.525,8.725
2021-01-12 09:00:00+00:00,2.025,8.725
2021-01-12 10:00:00+00:00,1.775,9.15
2021-01-12 11:00:00+00:00,2.15,8.45
2021-01-12 12:00:00+00:00,2.3,8.325
2021-01-12 13:00:00+00:00,2.175,8.15
2021-01-12 14:00:00+00:00,2.4749999999999996,8.0
2021-01-12 15:00:00+00:00,2.95,7.924999999999999
2021-01-12 16:00:00+00:00,3.9000000000000004,7.925000000000001
2021-01-12 17:00:00+00:00,4.25,7.9
2021-01-12 18:00:00+00:00,5.0,8.35
2021-01-12 19:00:00+00:00,5.525,8.9
2021-01-12 20:00:00+00:00,5.9750000000000005,8.875
2021-01-12 21:00:00+00:00,6.425,9.15
2021-01-12 22:00:00+00:00,6.625,9.25
2021-01-12 23:00:00+00:00,6.824999999999999,9.425
2021-01-13 00:00:00+00:00,6.725,9.575000000000001
2021-01-13 01:00:00+00:00,6.625,9.5
2021-01-13 02:00:00+00:00,6.625,9.5
2021-01-13 03:00:00+00:00,6.575,9.5
2021-01-13 04:00:00+00:00,6.2,9.525
2021-01-13 05:00:00+00:00,6.4,9.925
2021-01-13 06:00:00+00:00,5.75,9.925
2021-01-13 07:00:00+00:00,4.825,9.95
2021-01-13 08:00:00+00:00,4.25,9.924999999999999
2021-01-13 09:00:00+00:00,3.725,9.524999999999999
2021-01-13 10:00:00+00:00,3.3,9.325
2021-01-13 11:00:00+00:00,2.75,8.899999999999999
2021-01-13 12:00:00+00:00,2.325,8.825
2021-01-13 13:00:00+00:00,2.05,8.725
2021-01-13 14:00:00+00:00,2.6500000000000004,8.625
2021-01-13 15:00:00+00:00,5.3,8.55
2021-01-13 16:00:00+00:00,6.925,8.575
2021-01-13 17:00:00+00:00,7.9750000000000005,8.725
2021-01-13 18:00:00+00:00,8.6,9.025
2021-01-13 19:00:00+00:00,9.35,9.35
2021-01-13 20:00:00+00:00,10.499999999999998,10.024999999999999
2021-01-13 21:00:00+00:00,11.4,10.8
2021-01-13 22:00:00+00:00,11.575000000000001,11.475
2021-01-13 23:00:00+00:00,11.850000000000001,11.825
2021-01-14 00:00:00+00:00,10.675,11.975
2021-01-14 01:00:00+00:00,10.275,11.925
2021-01-14 02:00:00+00:00,10.175,11.775
2021-01-14 03:00:00+00:00,10.174999999999999,11.6
2021-01-14 04:00:00+00:00,10.05,11.55
2021-01-14 05:00:00+00:00,10.075,11.575
2021-01-14 06:00:00+00:00,9.95,11.5
2021-01-14 07:00:00+00:00,10.174999999999999,11.475000000000001
2021-01-14 08:00:00+00:00,9.775,11.350000000000001
2021-01-14 09:00:00+00:00,9.675,11.299999999999999
2021-01-14 10:00:00+00:00,9.05,11.25
2021-01-14 11:00:00+00:00,9.5,11.2
2021-01-14 12:00:00+00:00,9.424999999999999,11.125
2021-01-14 13:00:00+00:00,8.775,10.975000000000001
2021-01-14 14:00:00+00:00,9.275,10.825000000000001
2021-01-14 15:00:00+00:00,10.625,10.7
2021-01-14 16:00:00+00:00,13.05,10.675
2021-01-14 17:00:00+00:00,13.7,10.850000000000001
2021-01-14 18:00:00+00:00,15.0,11.225
2021-01-14 19:00:00+00:00,16.65,11.600000000000001
2021-01-14 20:00:00+00:00,17.0,12.149999999999999
2021-01-14 21:00:00+00:00,18.025,12.5
2021-01-14 22:00:00+00:00,18.35,13.075
2021-01-14 23:00:00+00:00,17.75,13.25
2021-01-15 00:00:00+00:00,17.349999999999998,13.6
2021-01-15 01:00:00+00:00,16.125,13.6
2021-01-15 02:00:00+00:00,14.600000000000001,13.45
2021-01-15 03:00:00+00:00,13.350000000000001,13.299999999999999
2021-01-15 04:00:00+00:00,12.799999999999999,13.15
2021-01-15 05:00:00+00:00,12.525,12.7
2021-01-15 06:00:00+00:00,12.25,12.600000000000001
2021-01-15 07:00:00+00:00,10.875,12.4
2021-01-15 08:00:00+00:00,10.350000000000001,12.2
2021-01-15 09:00:00+00:00,9.450000000000001,11.925
2021-01-15 10:00:00+00:00,8.8,11.6
2021-01-15 11:00:00+00:00,8.2,11.375
2021-01-15 12:00:00+00:00,7.2250000000000005,11.224999999999998
2021-01-15 13:00:00+00:00,6.2250000000000005,10.950000000000001
2021-01-15 14:00:00+00:00,6.35,10.7
2021-01-15 15:00:00+00:00,8.475,10.7
2021-01-15 16:00:00+00:00,10.125,10.75
2021-01-15 17:00:00+00:00,11.575000000000001,10.975000000000001
2021-01-15 18:00:00+00:00,13.100000000000001,11.399999999999999
2021-01-15 19:00:00+00:00,14.3,12.025
2021-01-15 20:00:00+00:00,14.875,12.575
2021-01-15 21:00:00+00:00,15.649999999999999,12.95
2021-01-15 22:00:00+00:00,16.15,13.325
2021-01-15 23:00:00+00:00,16.275,13.8
2021-01-16 00:00:00+00:00,13.9,13.450000000000001
2021-01-16 01:00:00+00:00,11.725000000000001,13.225000000000001
2021-01-16 02:00:00+00:00,10.499999999999998,13.025
2021-01-16 03:00:00+00:00,9.599999999999998,12.75
2021-01-16 04:00:00+00:00,8.85,12.375
2021-01-16 05:00:00+00:00,7.95,12.1
2021-01-16 06:00:00+00:00,7.574999999999999,11.825
2021-01-16 07:00:00+00:00,6.625,11.600000000000001
2021-01-16 08:00:00+00:00,6.449999999999999,11.25
2021-01-16 09:00:00+00:00,5.675,10.774999999999999
2021-01-16 10:00:00+00:00,4.8999999999999995,10.524999999999999
2021-01-16 11:00:00+00:00,4.325,10.175
2021-01-16 12:00:00+00:00,4.300000000000001,10.125
2021-01-16 13:00:00+00:00,4.0,9.975
2021-01-16 14:00:00+00:00,3.5,9.875
2021-01-16 15:00:00+00:00,6.925,9.825
2021-01-16 16:00:00+00:00,9.125,9.774999999999999
2021-01-16 17:00:00+00:00,10.475,10.0
2021-01-16 18:00:00+00:00,11.850000000000001,10.475000000000001
2021-01-16 19:00:00+00:00,12.725,11.1
2021-01-16 20:00:00+00:00,13.525,11.850000000000001
2021-01-16 21:00:00+00:00,13.6,12.325
2021-01-16 22:00:00+00:00,13.5,12.875
2021-01-16 23:00:00+00:00,13.025,13.100000000000001
2021-01-17 00:00:00+00:00,12.075,13.274999999999999
2021-01-17 01:00:00+00:00,11.174999999999999,12.975
2021-01-17 02:00:00+00:00,11.175,12.725
2021-01-17 03:00:00+00:00,10.95,12.600000000000001
2021-01-17 04:00:00+00:00,10.7,12.425
2021-01-17 05:00:00+00:00,10.3,12.274999999999999
2021-01-17 06:00:00+00:00,10.225000000000001,12.1
2021-01-17 07:00:00+00:00,9.85,11.975000000000001
2021-01-17 08:00:00+00:00,10.3,11.825000000000001
2021-01-17 09:00:00+00:00,10.275,11.774999999999999
2021-01-17 10:00:00+00:00,9.8,11.650000000000002
2021-01-17 11:00:00+00:00,8.450000000000001,11.549999999999999
2021-01-17 12:00:00+00:00,8.175,11.475
2021-01-17 13:00:00+00:00,8.024999999999999,11.45
2021-01-17 14:00:00+00:00,8.35,11.2
2021-01-17 15:00:00+00:00,9.75,11.1
2021-01-17 16:00:00+00:00,11.524999999999999,11.275
2021-01-17 17:00:00+00:00,13.075,11.599999999999998
2021-01-17 18:00:00+00:00,13.95,12.100000000000001
2021-01-17 19:00:00+00:00,15.125,12.700000000000001
2021-01-17 20:00:00+00:00,15.850000000000001,13.4
2021-01-17 21:00:00+00:00,16.425,14.05
2021-01-17 22:00:00+00:00,16.05,14.3
2021-01-17 23:00:00+00:00,15.975000000000001,14.775
2021-01-18 00:00:00+00:00,14.85,14.850000000000001
2021-01-18 01:00:00+00:00,13.874999999999998,14.8
2021-01-18 02:00:00+00:00,13.525,14.7
2021-01-18 03:00:00+00:00,13.650000000000002,14.475
2021-01-18 04:00:00+00:00,13.25,14.325
2021-01-18 05:00:00+00:00,12.75,14.200000000000001
2021-01-18 06:00:00+00:00,12.625000000000002,14.100000000000001
2021-01-18 07:00:00+00:00,12.425,13.975
2021-01-18 08:00:00+00:00,12.524999999999999,13.9
2021-01-18 09:00:00+00:00,12.599999999999998,13.75
2021-01-18 10:00:00+00:00,12.225,13.5
2021-01-18 11:00:00+00:00,12.549999999999999,13.225000000000001
2021-01-18 12:00:00+00:00,12.9,13.100000000000001
2021-01-18 13:00:00+00:00,13.475000000000001,12.975000000000001
2021-01-18 14:00:00+00:00,14.424999999999999,13.075
2021-01-18 15:00:00+00:00,15.724999999999998,13.100000000000001
2021-01-18 16:00:00+00:00,16.75,13.2
2021-01-18 17:00:00+00:00,18.175,13.674999999999999
2021-01-18 18:00:00+00:00,18.2,14.15
2021-01-18 19:00:00+00:00,18.75,14.5
2021-01-18 20:00:00+00:00,18.95,14.7
2021-01-18 21:00:00+00:00,18.900000000000002,14.7
2021-01-18 22:00:00+00:00,19.4,14.875
2021-01-18 23:00:00+00:00,19.15,15.125
2021-01-19 00:00:00+00:00,18.35,15.350000000000001
2021-01-19 01:00:00+00:00,18.049999999999997,15.85
2021-01-19 02:00:00+00:00,17.875,15.899999999999999
2021-01-19 03:00:00+00:00,18.325,15.874999999999998
2021-01-19 04:00:00+00:00,18.400000000000002,15.975
2021-01-19 05:00:00+00:00,18.125,16.025000000000002
2021-01-19 06:00:00+00:00,18.2,16.075000000000003
2021-01-19 07:00:00+00:00,18.15,16.05
2021-01-19 08:00:00+00:00,17.8,15.974999999999998
2021-01-19 09:00:00+00:00,17.6,15.975000000000001
2021-01-19 10:00:00+00:00,17.2,15.924999999999999
2021-01-19 11:00:00+00:00,17.525,15.975
2021-01-19 12:00:00+00:00,17.375,15.975
2021-01-19 13:00:00+00:00,17.6,16.0
2021-01-19 14:00:00+00:00,17.375,16.0
2021-01-19 15:00:00+00:00,17.7,15.850000000000001
2021-01-19 16:00:00+00:00,17.725,15.899999999999999
2021-01-19 17:00:00+00:00,18.875,16.075
2021-01-19 18:00:00+00:00,19.525,16.3
2021-01-19 19:00:00+00:00,19.425,16.6
2021-01-19 20:00:00+00:00,19.424999999999997,16.925
2021-01-19 21:00:00+00:00,18.975,17.15
2021-01-19 22:00:00+00:00,18.925,17.3
2021-01-19 23:00:00+00:00,18.475,17.325000000000003
2021-01-20 00:00:00+00:00,18.575000000000003,17.35
2021-01-20 01:00:00+00:00,18.0,17.325
2021-01-20 02:00:00+00:00,17.5,17.325000000000003
2021-01-20 03:00:00+00:00,17.575,17.25
2021-01-20 04:00:00+00:00,16.75,17.325
2021-01-20 05:00:00+00:00,16.575000000000003,17.25
2021-01-20 06:00:00+00:00,16.475,17.049999999999997
2021-01-20 07:00:00+00:00,16.099999999999998,17.0
2021-01-20 08:00:00+00:00,15.524999999999999,16.925
2021-01-20 09:00:00+00:00,14.85,16.875
2021-01-20 10:00:00+00:00,14.524999999999999,16.825
2021-01-20 11:00:00+00:00,14.425,16.724999999999998
2021-01-20 12:00:00+00:00,14.45,16.575
2021-01-20 13:00:00+00:00,14.35,16.325
2021-01-20 14:00:00+00:00,14.425,16.275
2021-01-20 15:00:00+00:00,14.5,16.1
2021-01-20 16:00:00+00:00,15.049999999999999,16.275
2021-01-20 17:00:00+00:00,16.299999999999997,16.425
2021-01-20 18:00:00+00:00,16.65,16.525000000000002
2021-01-20 19:00:00+00:00,17.1,16.75
2021-01-20 20:00:00+00:00,17.5,16.875
2021-01-20 21:00:00+00:00,17.825000000000003,17.125
2021-01-20 22:00:00+00:00,18.05,17.349999999999998
2021-01-20 23:00:00+00:00,17.85,17.55
2021-01-21 00:00:00+00:00,17.400000000000002,17.525
2021-01-21 01:00:00+00:00,17.25,17.549999999999997
2021-01-21 02:00:00+00:00,17.674999999999997,17.6
2021-01-21 03:00:00+00:00,17.975,17.674999999999997
2021-01-21 04:00:00+00:00,17.875,17.675
2021-01-21 05:00:00+00:00,17.575,17.675
2021-01-21 06:00:00+00:00,16.5,17.7
2021-01-21 07:00:00+00:00,15.5,17.650000000000002
2021-01-21 08:00:00+00:00,15.15,17.55
2021-01-21 09:00:00+00:00,14.8,17.425
2021-01-21 10:00:00+00:00,14.5,17.2
2021-01-21 11:00:00+00:00,14.55,17.099999999999998
2021-01-21 12:00:00+00:00,14.45,17.05
2021-01-21 13:00:00+00:00,14.525,16.875
2021-01-21 14:00:00+00:00,14.575,16.8
2021-01-21 15:00:00+00:00,14.849999999999998,16.8
2021-01-21 16:00:00+00:00,15.0,16.85
2021-01-21 17:00:00+00:00,15.2,16.9
2021-01-21 18:00:00+00:00,15.65,17.05
2021-01-21 19:00:00+00:00,15.8,17.200000000000003
2021-01-21 20:00:00+00:00,16.075,17.35
2021-01-21 21:00:00+00:00,16.450000000000003,17.4
2021-01-21 22:00:00+00:00,16.575,17.525
2021-01-21 23:00:00+00:00,16.775,17.599999999999998
2021-01-22 00:00:00+00:00,16.8,17.625
2021-01-22 01:00:00+00:00,16.975,17.6
2021-01-22 02:00:00+00:00,17.075000000000003,17.575
2021-01-22 03:00:00+00:00,16.9,17.55
2021-01-22 04:00:00+00:00,16.85,17.675
2021-01-22 05:00:00+00:00,16.825000000000003,17.674999999999997
2021-01-22 06:00:00+00:00,16.875,17.55
2021-01-22 07:00:00+00:00,17.0,17.424999999999997
2021-01-22 08:00:00+00:00,16.925,17.35
2021-01-22 09:00:00+00:00,16.900000000000002,17.299999999999997
2021-01-22 10:00:00+00:00,16.9,17.25
2021-01-22 11:00:00+00:00,17.025,17.175
2021-01-22 12:00:00+00:00,16.875,17.150000000000002
2021-01-22 13:00:00+00:00,16.625,17.175
2021-01-22 14:00:00+00:00,16.425,17.225
2021-01-22 15:00:00+00:00,16.6,17.25
2021-01-22 16:00:00+00:00,17.325,17.35
2021-01-22 17:00:00+00:00,17.975,17.525
2021-01-22 18:00:00+00:00,18.675,17.950000000000003
2021-01-22 19:00:00+00:00,18.85,18.45
2021-01-22 20:00:00+00:00,19.700000000000003,18.925
2021-01-22 21:00:00+00:00,21.025,19.225
2021-01-22 22:00:00+00:00,21.375,19.45
2021-01-22 23:00:00+00:00,20.700000000000003,19.6
2021-01-23 00:00:00+00:00,18.75,19.475
2021-01-23 01:00:00+00:00,17.799999999999997,19.35
2021-01-23 02:00:00+00:00,17.625,19.325
2021-01-23 03:00:00+00:00,17.375,19.375
2021-01-23 04:00:00+00:00,17.325000000000003,19.1
2021-01-23 05:00:00+00:00,17.375,19.125
2021-01-23 06:00:00+00:00,17.65,19.025
2021-01-23 07:00:00+00:00,17.4,19.075
2021-01-23 08:00:00+00:00,17.375,19.125
2021-01-23 09:00:00+00:00,17.125,19.0
2021-01-23 10:00:00+00:00,16.675,18.950000000000003
2021-01-23 11:00:00+00:00,16.375,18.925
2021-01-23 12:00:00+00:00,16.175,18.825
2021-01-23 13:00:00+00:00,15.925,18.7
2021-01-23 14:00:00+00:00,15.725,18.6
2021-01-23 15:00:00+00:00,15.75,18.55
2021-01-23 16:00:00+00:00,16.425,18.525
2021-01-23 17:00:00+00:00,16.85,18.3
2021-01-23 18:00:00+00:00,17.15,18.375
2021-01-23 19:00:00+00:00,16.975,18.425
2021-01-23 20:00:00+00:00,16.950000000000003,18.45
2021-01-23 21:00:00+00:00,16.674999999999997,18.5
2021-01-23 22:00:00+00:00,16.700000000000003,18.475
2021-01-23 23:00:00+00:00,16.65,18.425000000000004
2021-01-24 00:00:00+00:00,16.599999999999998,18.400000000000002
2021-01-24 01:00:00+00:00,16.825,18.400000000000002
2021-01-24 02:00:00+00:00,17.0,18.3
2021-01-24 03:00:00+00:00,17.1,18.224999999999998
2021-01-24 04:00:00+00:00,17.375,18.174999999999997
2021-01-24 05:00:00+00:00,17.275,18.224999999999998
2021-01-24 06:00:00+00:00,17.375,18.224999999999998
2021-01-24 07:00:00+00:00,17.775,18.25
2021-01-24 08:00:00+00:00,18.075,18.225
2021-01-24 09:00:00+00:00,18.299999999999997,18.275
2021-01-24 10:00:00+00:00,18.474999999999998,18.3
2021-01-24 11:00:00+00:00,18.75,18.325
2021-01-24 12:00:00+00:00,19.025,18.325
2021-01-24 13:00:00+00:00,19.375,18.25
2021-01-24 14:00:00+00:00,19.375,18.275
2021-01-24 15:00:00+00:00,19.95,18.3
2021-01-24 16:00:00+00:00,20.625,18.45
2021-01-24 17:00:00+00:00,21.2,18.775000000000002
2021-01-24 18:00:00+00:00,21.150000000000002,18.975
2021-01-24 19:00:00+00:00,21.1,19.325
2021-01-24 20:00:00+00:00,20.45,19.55
2021-01-24 21:00:00+00:00,20.55,19.7
2021-01-24 22:00:00+00:00,20.15,19.875
2021-01-24 23:00:00+00:00,19.95,19.825
2021-01-25 00:00:00+00:00,19.625,19.6
2021-01-25 01:00:00+00:00,19.775,19.525
2021-01-25 02:00:00+00:00,19.85,19.5
2021-01-25 03:00:00+00:00,20.075,19.5
2021-01-25 04:00:00+00:00,20.525,19.45
2021-01-25 05:00:00+00:00,20.5,19.424999999999997
2021-01-25 06:00:00+00:00,20.45,19.475
2021-01-25 07:00:00+00:00,20.349999999999998,19.474999999999998
2021-01-25 08:00:00+00:00,20.325,19.549999999999997
2021-01-25 09:00:00+00:00,20.125,19.5
2021-01-25 10:00:00+00:00,20.1,19.525000000000002
2021-01-25 11:00:00+00:00,20.35,19.55
2021-01-25 12:00:00+00:00,20.525,19.55
2021-01-25 13:00:00+00:00,20.05,19.5
2021-01-25 14:00:00+00:00,20.45,19.45
2021-01-25 15:00:00+00:00,20.8,19.525
2021-01-25 16:00:00+00:00,21.6,19.625
2021-01-25 17:00:00+00:00,21.7,19.75
2021-01-25 18:00:00+00:00,22.525,19.950000000000003
2021-01-25 19:00:00+00:00,22.700000000000003,20.25
2021-01-25 20:00:00+00:00,21.85,20.549999999999997
2021-01-25 21:00:00+00:00,21.575000000000003,20.725
2021-01-25 22:00:00+00:00,21.85,20.875
2021-01-25 23:00:00+00:00,21.55,20.75
2021-01-26 00:00:00+00:00,20.825000000000003,20.525
2021-01-26 01:00:00+00:00,20.425,20.35
2021-01-26 02:00:00+00:00,20.05,20.275000000000002
2021-01-26 03:00:00+00:00,19.775,20.150000000000002
2021-01-26 04:00:00+00:00,19.674999999999997,20.175
2021-01-26 05:00:00+00:00,19.65,20.225
2021-01-26 06:00:00+00:00,19.625,20.174999999999997
2021-01-26 07:00:00+00:00,19.6,20.15
2021-01-26 08:00:00+00:00,19.55,20.125
2021-01-26 09:00:00+00:00,19.3,19.975
2021-01-26 10:00:00+00:00,19.174999999999997,19.924999999999997
2021-01-26 11:00:00+00:00,19.05,19.825
2021-01-26 12:00:00+00:00,18.775000000000002,19.725
2021-01-26 13:00:00+00:00,18.85,19.6
2021-01-26 14:00:00+00:00,18.675,19.525
2021-01-26 15:00:00+00:00,19.55,19.4
2021-01-26 16:00:00+00:00,20.925,19.325000000000003
2021-01-26 17:00:00+00:00,21.8,19.375
2021-01-26 18:00:00+00:00,22.174999999999997,19.5
2021-01-26 19:00:00+00:00,22.525000000000002,19.625
2021-01-26 20:00:00+00:00,21.825,19.95
2021-01-26 21:00:00+00:00,20.900000000000002,20.25
2021-01-26 22:00:00+00:00,20.333333333333332,20.266666666666666
2021-01-26 23:00:00+00:00,19.825,20.45
2021-01-27 00:00:00+00:00,19.0,20.45
2021-01-27 01:00:00+00:00,18.450000000000003,20.349999999999998
2021-01-27 02:00:00+00:00,18.25,20.25
2021-01-27 03:00:00+00:00,18.25,20.075
2021-01-27 04:00:00+00:00,18.0,19.925
2021-01-27 05:00:00+00:00,18.049999999999997,19.875
2021-01-27 06:00:00+00:00,18.075,19.825000000000003
2021-01-27 07:00:00+00:00,17.799999999999997,19.8
2021-01-27 08:00:00+00:00,17.924999999999997,19.85
2021-01-27 09:00:00+00:00,17.133333333333333,19.866666666666667
2021-01-27 10:00:00+00:00,15.2,19.700000000000003
2021-01-27 11:00:00+00:00,14.524999999999999,19.375
2021-01-27 12:00:00+00:00,14.375,19.0
2021-01-27 13:00:00+00:00,14.175,18.625
2021-01-27 14:00:00+00:00,14.45,18.2
2021-01-27 15:00:00+00:00,15.225,18.075
2021-01-27 16:00:00+00:00,16.3,17.9
2021-01-27 17:00:00+00:00,17.549999999999997,18.125
2021-01-27 18:00:00+00:00,18.3,18.275
2021-01-27 19:00:00+00:00,18.5,18.625
2021-01-27 20:00:00+00:00,18.6,18.925
2021-01-27 21:00:00+00:00,18.75,19.1
2021-01-27 22:00:00+00:00,18.875,19.200000000000003
2021-01-27 23:00:00+00:00,18.966666666666665,18.76666666666667
2021-01-28 00:00:00+00:00,17.5,18.825000000000003
2021-01-28 01:00:00+00:00,16.474999999999998,18.4
2021-01-28 02:00:00+00:00,15.600000000000001,18.075
2021-01-28 03:00:00+00:00,14.875,17.725
2021-01-28 04:00:00+00:00,13.6,17.325000000000003
2021-01-28 05:00:00+00:00,12.399999999999999,17.075
2021-01-28 06:00:00+00:00,11.475,16.7
2021-01-28 07:00:00+00:00,10.725000000000001,16.224999999999998
2021-01-28 08:00:00+00:00,10.024999999999999,15.95
2021-01-28 09:00:00+00:00,9.375,15.775
2021-01-28 10:00:00+00:00,8.625,15.325000000000001
2021-01-28 11:00:00+00:00,8.424999999999999,15.024999999999999
2021-01-28 12:00:00+00:00,7.95,14.675
2021-01-28 13:00:00+00:00,7.475,14.475
2021-01-28 14:00:00+00:00,7.175000000000001,14.100000000000001
2021-01-28 15:00:00+00:00,7.675,13.899999999999999
2021-01-28 16:00:00+00:00,8.9,13.850000000000001
2021-01-28 17:00:00+00:00,9.85,13.85
2021-01-28 18:00:00+00:00,11.025,14.35
2021-01-28 19:00:00+00:00,11.75,15.0
2021-01-28 20:00:00+00:00,12.375,15.675
2021-01-28 21:00:00+00:00,12.875,16.15
2021-01-28 22:00:00+00:00,13.3,16.55
2021-01-28 23:00:00+00:00,13.075000000000001,16.625
2021-01-29 00:00:00+00:00,12.299999999999999,16.5
2021-01-29 01:00:00+00:00,11.95,16.25
2021-01-29 02:00:00+00:00,11.975000000000001,16.175
2021-01-29 03:00:00+00:00,11.975000000000001,15.925
2021-01-29 04:00:00+00:00,11.775,15.65
2021-01-29 05:00:00+00:00,11.6,15.525
2021-01-29 06:00:00+00:00,11.75,15.424999999999999
2021-01-29 07:00:00+00:00,11.600000000000001,15.225
2021-01-29 08:00:00+00:00,11.875,15.075
2021-01-29 09:00:00+00:00,12.025,15.024999999999999
2021-01-29 10:00:00+00:00,12.0,15.025
2021-01-29 11:00:00+00:00,11.9,14.974999999999998
2021-01-29 12:00:00+00:00,11.674999999999999,14.925
2021-01-29 13:00:00+00:00,11.575,14.799999999999999
2021-01-29 14:00:00+00:00,11.85,14.8
2021-01-29 15:00:00+00:00,13.375,14.775
2021-01-29 16:00:00+00:00,14.425,15.05
2021-01-29 17:00:00+00:00,15.500000000000002,15.375000000000002
2021-01-29 18:00:00+00:00,16.175,15.875
2021-01-29 19:00:00+00:00,16.775000000000002,16.4
2021-01-29 20:00:00+00:00,17.075,16.725
2021-01-29 21:00:00+00:00,17.225,17.0
2021-01-29 22:00:00+00:00,17.2,17.225
2021-01-29 23:00:00+00:00,16.925,17.2
2021-01-30 00:00:00+00:00,16.225,17.25
2021-01-30 01:00:00+00:00,15.900000000000002,17.05
2021-01-30 02:00:00+00:00,16.025,16.924999999999997
2021-01-30 03:00:00+00:00,16.625,16.849999999999998
2021-01-30 04:00:00+00:00,17.450000000000003,16.775
2021-01-30 05:00:00+00:00,17.475,16.775
2021-01-30 06:00:00+00:00,17.925,16.875
2021-01-30 07:00:00+00:00,17.725,16.75
2021-01-30 08:00:00+00:00,17.775,16.6
2021-01-30 09:00:00+00:00,17.549999999999997,16.6
2021-01-30 10:00:00+00:00,17.825000000000003,16.625
2021-01-30 11:00:00+00:00,17.75,16.575
2021-01-30 12:00:00+00:00,18.025000000000002,16.575
2021-01-30 13:00:00+00:00,18.075,16.55
2021-01-30 14:00:00+00:00,17.975,16.575
2021-01-30 15:00:00+00:00,18.675,16.675
2021-01-30 16:00:00+00:00,19.9,17.0
2021-01-30 17:00:00+00:00,20.225,17.375
2021-01-30 18:00:00+00:00,20.525,17.8
2021-01-30 19:00:00+00:00,20.675,18.349999999999998
2021-01-30 20:00:00+00:00,20.475,18.299999999999997
2021-01-30 21:00:00+00:00,20.924999999999997,18.25
2021-01-30 22:00:00+00:00,21.174999999999997,18.400000000000002
2021-01-30 23:00:00+00:00,20.775,18.75
2021-01-31 00:00:00+00:00,20.125,18.55
2021-01-31 01:00:00+00:00,19.75,18.525
2021-01-31 02:00:00+00:00,19.65,18.549999999999997
2021-01-31 03:00:00+00:00,19.575,18.55
2021-01-31 04:00:00+00:00,19.6,18.475
2021-01-31 05:00:00+00:00,19.575,18.425
2021-01-31 06:00:00+00:00,19.475,18.325000000000003
2021-01-31 07:00:00+00:00,19.125,18.25
2021-01-31 08:00:00+00:00,18.25,18.25
2021-01-31 09:00:00+00:00,18.099999999999998,18.3
2021-01-31 10:00:00+00:00,17.95,18.35
2021-01-31 11:00:00+00:00,16.95,18.325
2021-01-31 12:00:00+00:00,16.5,18.325000000000003
2021-01-31 13:00:00+00:00,15.75,18.174999999999997
2021-01-31 14:00:00+00:00,15.3,18.05
2021-01-31 15:00:00+00:00,16.224999999999998,18.075
2021-01-31 16:00:00+00:00,17.05,18.174999999999997
2021-01-31 17:00:00+00:00,17.825,18.3
2021-01-31 18:00:00+00:00,18.425,18.725
2021-01-31 19:00:00+00:00,19.175,19.125
2021-01-31 20:00:00+00:00,20.2,19.5
2021-01-31 21:00:00+00:00,20.8,19.85
2021-01-31 22:00:00+00:00,20.8,20.0
2021-01-31 23:00:00+00:00,20.425,19.9
2021-02-01 00:00:00+00:00,19.174999999999997,19.675
2021-02-01 01:00:00+00:00,17.8,19.325
2021-02-01 02:00:00+00:00,16.375,19.075000000000003
2021-02-01 03:00:00+00:00,15.675,18.700000000000003
2021-02-01 04:00:00+00:00,15.05,18.3
2021-02-01 05:00:00+00:00,14.274999999999999,17.799999999999997
2021-02-01 06:00:00+00:00,13.2,17.35
2021-02-01 07:00:00+00:00,12.225,16.849999999999998
2021-02-01 08:00:00+00:00,11.55,16.424999999999997
2021-02-01 09:00:00+00:00,10.475,15.950000000000003
2021-02-01 10:00:00+00:00,10.475000000000001,15.475000000000001
2021-02-01 11:00:00+00:00,10.125,15.15
2021-02-01 12:00:00+00:00,9.425,14.549999999999999
2021-02-01 13:00:00+00:00,9.024999999999999,14.175
2021-02-01 14:00:00+00:00,8.924999999999999,13.7
2021-02-01 15:00:00+00:00,9.425,13.55
2021-02-01 16:00:00+00:00,10.625,13.8
2021-02-01 17:00:00+00:00,12.075,14.125
2021-02-01 18:00:00+00:00,13.524999999999999,14.575
2021-02-01 19:00:00+00:00,14.875,15.275
2021-02-01 20:00:00+00:00,16.150000000000002,16.075
2021-02-01 21:00:00+00:00,16.875,16.5
2021-02-01 22:00:00+00:00,17.4,16.925
2021-02-01 23:00:00+00:00,17.525000000000002,17.175
2021-02-02 00:00:00+00:00,16.575,17.125
2021-02-02 01:00:00+00:00,15.475,16.950000000000003
2021-02-02 02:00:00+00:00,14.525,16.75
2021-02-02 03:00:00+00:00,13.950000000000001,16.65
2021-02-02 04:00:00+00:00,13.15,16.45
2021-02-02 05:00:00+00:00,12.3,16.325
2021-02-02 06:00:00+00:00,10.975,16.125
2021-02-02 07:00:00+00:00,10.325,15.625
2021-02-02 08:00:00+00:00,10.15,15.25
2021-02-02 09:00:00+00:00,11.0,14.850000000000001
2021-02-02 10:00:00+00:00,10.75,14.6
2021-02-02 11:00:00+00:00,10.524999999999999,14.925
2021-02-02 12:00:00+00:00,10.575,14.65
2021-02-02 13:00:00+00:00,10.3,14.55
2021-02-02 14:00:00+00:00,10.675,14.375
2021-02-02 15:00:00+00:00,11.899999999999999,14.2
2021-02-02 16:00:00+00:00,13.950000000000001,14.225
2021-02-02 17:00:00+00:00,14.7,14.7
2021-02-02 18:00:00+00:00,15.225000000000001,15.175
2021-02-02 19:00:00+00:00,15.55,15.675
2021-02-02 20:00:00+00:00,16.175,16.15
2021-02-02 21:00:00+00:00,16.4,16.650000000000002
2021-02-02 22:00:00+00:00,16.25,16.85
2021-02-02 23:00:00+00:00,16.25,16.974999999999998
2021-02-03 00:00:00+00:00,15.325000000000001,16.85
2021-02-03 01:00:00+00:00,14.700000000000001,16.725
2021-02-03 02:00:00+00:00,14.55,16.625
2021-02-03 03:00:00+00:00,14.375,16.5
2021-02-03 04:00:00+00:00,14.274999999999999,16.4
2021-02-03 05:00:00+00:00,14.125,16.275
2021-02-03 06:00:00+00:00,14.1,16.15
2021-02-03 07:00:00+00:00,14.175,16.05
2021-02-03 08:00:00+00:00,13.975,15.974999999999998
2021-02-03 09:00:00+00:00,14.15,15.875
2021-02-03 10:00:00+00:00,14.55,15.8
2021-02-03 11:00:00+00:00,14.524999999999999,15.799999999999999
2021-02-03 12:00:00+00:00,14.225,15.775000000000002
2021-02-03 13:00:00+00:00,13.749999999999998,15.75
2021-02-03 14:00:00+00:00,14.675,15.725000000000001
2021-02-03 15:00:00+00:00,16.5,15.675
2021-02-03 16:00:00+00:00,17.875,15.875
2021-02-03 17:00:00+00:00,18.35,16.175
2021-02-03 18:00:00+00:00,18.625,16.525
2021-02-03 19:00:00+00:00,18.65,17.05
2021-02-03 20:00:00+00:00,19.200000000000003,17.4
2021-02-03 21:00:00+00:00,19.075,17.725
2021-02-03 22:00:00+00:00,19.225,17.95
2021-02-03 23:00:00+00:00,18.775,18.025
2021-02-04 00:00:00+00:00,18.175,17.9
2021-02-04 01:00:00+00:00,17.85,17.775
2021-02-04 02:00:00+00:00,17.85,17.875
2021-02-04 03:00:00+00:00,17.900000000000002,17.825000000000003
2021-02-04 04:00:00+00:00,17.925,17.7
2021-02-04 05:00:00+00:00,17.950000000000003,17.7
2021-02-04 06:00:00+00:00,18.1,17.65
2021-02-04 07:00:00+00:00,18.0,17.575
2021-02-04 08:00:00+00:00,17.9,17.474999999999998
2021-02-04 09:00:00+00:00,17.900000000000002,17.400000000000002
2021-02-04 10:00:00+00:00,17.95,17.375
2021-02-04 11:00:00+00:00,18.15,17.325000000000003
2021-02-04 12:00:00+00:00,18.049999999999997,17.35
2021-02-04 13:00:00+00:00,18.075,17.35
2021-02-04 14:00:00+00:00,18.375,17.25
2021-02-04 15:00:00+00:00,19.35,17.275
2021-02-04 16:00:00+00:00,20.150000000000002,17.575000000000003
2021-02-04 17:00:00+00:00,20.55,17.950000000000003
2021-02-04 18:00:00+00:00,21.05,18.5
2021-02-04 19:00:00+00:00,21.200000000000003,19.225
2021-02-04 20:00:00+00:00,21.299999999999997,19.575000000000003
2021-02-04 21:00:00+00:00,21.625,19.85
2021-02-04 22:00:00+00:00,21.325,19.875
2021-02-04 23:00:00+00:00,21.099999999999998,20.025
2021-02-05 00:00:00+00:00,20.25,19.95
2021-02-05 01:00:00+00:00,19.55,19.9
2021-02-05 02:00:00+00:00,19.1,19.85
2021-02-05 03:00:00+00:00,18.6,19.45
2021-02-05 04:00:00+00:00,18.325000000000003,19.325
2021-02-05 05:00:00+00:00,18.65,19.25
2021-02-05 06:00:00+00:00,18.049999999999997,19.25
2021-02-05 07:00:00+00:00,17.25,19.325
2021-02-05 08:00:00+00:00,16.55,19.25
2021-02-05 09:00:00+00:00,15.900000000000002,18.950000000000003
2021-02-05 10:00:00+00:00,15.55,18.725
2021-02-05 11:00:00+00:00,15.350000000000001,18.575
2021-02-05 12:00:00+00:00,15.175,18.450000000000003
2021-02-05 13:00:00+00:00,14.950000000000001,18.125
2021-02-05 14:00:00+00:00,14.749999999999998,17.924999999999997
2021-02-05 15:00:00+00:00,14.674999999999999,17.85
2021-02-05 16:00:00+00:00,14.7,17.825
2021-02-05 17:00:00+00:00,14.6,17.575
2021-02-05 18:00:00+00:00,14.525,17.725
2021-02-05 19:00:00+00:00,14.450000000000001,17.725
2021-02-05 20:00:00+00:00,14.3,17.75
2021-02-05 21:00:00+00:00,14.275,17.725
2021-02-05 22:00:00+00:00,14.0,17.575
2021-02-05 23:00:00+00:00,13.549999999999999,17.424999999999997
2021-02-06 00:00:00+00:00,13.350000000000001,17.375
2021-02-06 01:00:00+00:00,13.3,17.225
2021-02-06 02:00:00+00:00,13.399999999999999,17.15
2021-02-06 03:00:00+00:00,13.375,17.05
2021-02-06 04:00:00+00:00,13.275,17.0
2021-02-06 05:00:00+00:00,13.45,16.9
2021-02-06 06:00:00+00:00,13.9,16.875
2021-02-06 07:00:00+00:00,14.5,16.900000000000002
2021-02-06 08:00:00+00:00,14.850000000000001,16.825
2021-02-06 09:00:00+00:00,15.225,16.8
2021-02-06 10:00:00+00:00,15.475,16.724999999999998
2021-02-06 11:00:00+00:00,15.399999999999999,16.724999999999998
2021-02-06 12:00:00+00:00,15.025000000000002,16.7
2021-02-06 13:00:00+00:00,14.5,16.7
2021-02-06 14:00:00+00:00,14.149999999999999,16.675
2021-02-06 15:00:00+00:00,14.775,16.674999999999997
2021-02-06 16:00:00+00:00,15.424999999999999,16.725
2021-02-06 17:00:00+00:00,15.7,16.8
2021-02-06 18:00:00+00:00,16.1,16.85
2021-02-06 19:00:00+00:00,16.475,16.95
2021-02-06 20:00:00+00:00,17.2,17.2
2021-02-06 21:00:00+00:00,17.35,17.35
2021-02-06 22:00:00+00:00,18.525,17.45
2021-02-06 23:00:00+00:00,18.975,17.549999999999997
2021-02-07 00:00:00+00:00,18.575000000000003,17.5
2021-02-07 01:00:00+00:00,17.924999999999997,17.4
2021-02-07 02:00:00+00:00,16.85,17.4
2021-02-07 03:00:00+00:00,16.275,17.375
2021-02-07 04:00:00+00:00,16.175,17.275
2021-02-07 05:00:00+00:00,15.425,17.125
2021-02-07 06:00:00+00:00,14.925,17.075000000000003
2021-02-07 07:00:00+00:00,13.725000000000001,16.85
2021-02-07 08:00:00+00:00,13.375,16.674999999999997
2021-02-07 09:00:00+00:00,12.45,16.475
2021-02-07 10:00:00+00:00,11.65,16.25
2021-02-07 11:00:00+00:00,10.825,16.075
2021-02-07 12:00:00+00:00,10.35,15.9
2021-02-07 13:00:00+00:00,10.375,15.675
2021-02-07 14:00:00+00:00,10.674999999999999,15.55
2021-02-07 15:00:00+00:00,12.325,15.375
2021-02-07 16:00:00+00:00,13.825,15.575000000000001
2021-02-07 17:00:00+00:00,14.75,15.925
2021-02-07 18:00:00+00:00,15.175,16.4
2021-02-07 19:00:00+00:00,15.724999999999998,16.825
2021-02-07 20:00:00+00:00,16.099999999999998,17.15
2021-02-07 21:00:00+00:00,16.45,17.475
2021-02-07 22:00:00+00:00,16.724999999999998,17.45
2021-02-07 23:00:00+00:00,16.650000000000002,17.475
2021-02-08 00:00:00+00:00,16.325,17.425
2021-02-08 01:00:00+00:00,15.675,17.375
2021-02-08 02:00:00+00:00,15.424999999999999,17.35
2021-02-08 03:00:00+00:00,15.425,17.2
2021-02-08 04:00:00+00:00,15.350000000000001,17.075000000000003
2021-02-08 05:00:00+00:00,15.475000000000001,17.05
2021-02-08 06:00:00+00:00,15.4,17.0
2021-02-08 07:00:00+00:00,15.450000000000001,16.9
2021-02-08 08:00:00+00:00,15.45,16.9
2021-02-08 09:00:00+00:00,15.45,16.825
2021-02-08 10:00:00+00:00,15.35,16.65
2021-02-08 11:00:00+00:00,15.024999999999999,16.675
2021-02-08 12:00:00+00:00,15.425,16.675
2021-02-08 13:00:00+00:00,15.55,16.625
2021-02-08 14:00:00+00:00,16.075,16.65
2021-02-08 15:00:00+00:00,17.475,16.625
2021-02-08 16:00:00+00:00,18.725,16.75
2021-02-08 17:00:00+00:00,19.225,17.0
2021-02-08 18:00:00+00:00,19.8,17.375
2021-02-08 19:00:00+00:00,20.150000000000002,17.799999999999997
2021-02-08 20:00:00+00:00,20.025,18.2
2021-02-08 21:00:00+00:00,19.95,18.4
2021-02-08 22:00:00+00:00,19.75,18.55
2021-02-08 23:00:00+00:00,19.450000000000003,18.6
2021-02-09 00:00:00+00:00,19.150000000000002,18.5
2021-02-09 01:00:00+00:00,18.75,18.35
2021-02-09 02:00:00+00:00,18.549999999999997,18.174999999999997
2021-02-09 03:00:00+00:00,18.175,18.1
2021-02-09 04:00:00+00:00,17.75,18.025000000000002
2021-02-09 05:00:00+00:00,17.6,18.0
2021-02-09 06:00:00+00:00,17.45,17.975
2021-02-09 07:00:00+00:00,17.5,18.0
2021-02-09 08:00:00+00:00,17.549999999999997,18.0
2021-02-09 09:00:00+00:00,17.6,18.075
2021-02-09 10:00:00+00:00,17.674999999999997,18.075000000000003
2021-02-09 11:00:00+00:00,17.85,18.125
2021-02-09 12:00:00+00:00,17.575,18.200000000000003
2021-02-09 13:00:00+00:00,17.825,18.225
2021-02-09 14:00:00+00:00,17.925,18.375
2021-02-09 15:00:00+00:00,18.175,18.424999999999997
2021-02-09 16:00:00+00:00,18.133333333333333,18.366666666666664
2021-02-09 17:00:00+00:00,18.75,18.424999999999997
2021-02-09 18:00:00+00:00,18.875,18.5
2021-02-09 19:00:00+00:00,18.674999999999997,18.75
2021-02-09 20:00:00+00:00,18.950000000000003,19.0
2021-02-09 21:00:00+00:00,19.575000000000003,19.450000000000003
2021-02-09 22:00:00+00:00,19.4,19.75
2021-02-09 23:00:00+00:00,18.95,19.875
2021-02-10 00:00:00+00:00,18.4,19.900000000000002
2021-02-10 01:00:00+00:00,17.875,19.675
2021-02-10 02:00:00+00:00,17.75,19.6
2021-02-10 03:00:00+00:00,17.625,19.424999999999997
2021-02-10 04:00:00+00:00,17.4,19.475
2021-02-10 05:00:00+00:00,17.25,19.400000000000002
2021-02-10 06:00:00+00:00,17.275000000000002,19.25
2021-02-10 07:00:00+00:00,17.525,19.275
2021-02-10 08:00:00+00:00,17.625,19.15
2021-02-10 09:00:00+00:00,17.725,19.15
2021-02-10 10:00:00+00:00,17.475,19.224999999999998
2021-02-10 11:00:00+00:00,17.35,19.325
2021-02-10 12:00:00+00:00,16.625,19.325
2021-02-10 13:00:00+00:00,16.0,19.3
2021-02-10 14:00:00+00:00,15.799999999999999,19.3
2021-02-10 15:00:00+00:00,15.425,19.225
2021-02-10 16:00:00+00:00,15.35,19.15
2021-02-10 17:00:00+00:00,15.7,19.15
2021-02-10 18:00:00+00:00,15.850000000000001,19.225
2021-02-10 19:00:00+00:00,15.850000000000001,19.275
2021-02-10 20:00:00+00:00,15.375,19.525
2021-02-10 21:00:00+00:00,15.775000000000002,19.625
2021-02-10 22:00:00+00:00,16.05,19.85
2021-02-10 23:00:00+00:00,15.675,19.775
2021-02-11 00:00:00+00:00,14.75,19.599999999999998
2021-02-11 01:00:00+00:00,13.475,19.75
2021-02-11 02:00:00+00:00,12.175,19.424999999999997
2021-02-11 03:00:00+00:00,10.875000000000002,18.95
2021-02-11 04:00:00+00:00,9.85,18.725
2021-02-11 05:00:00+00:00,9.2,18.674999999999997
2021-02-11 06:00:00+00:00,8.5,18.175
2021-02-11 07:00:00+00:00,7.95,17.725
2021-02-11 08:00:00+00:00,7.324999999999999,17.349999999999998
2021-02-11 09:00:00+00:00,6.625,17.05
2021-02-11 10:00:00+00:00,6.6499999999999995,16.650000000000002
2021-02-11 11:00:00+00:00,6.4750000000000005,16.299999999999997
2021-02-11 12:00:00+00:00,6.625,15.95
2021-02-11 13:00:00+00:00,5.875,15.500000000000002
2021-02-11 14:00:00+00:00,5.449999999999999,15.099999999999998
2021-02-11 15:00:00+00:00,4.975,14.8
2021-02-11 16:00:00+00:00,4.675000000000001,14.450000000000001
2021-02-11 17:00:00+00:00,4.6,14.0
2021-02-11 18:00:00+00:00,4.433333333333334,13.733333333333334
2021-02-11 19:00:00+00:00,4.5,13.475
2021-02-11 20:00:00+00:00,4.574999999999999,13.274999999999999
2021-02-11 21:00:00+00:00,3.925,12.75
2021-02-11 22:00:00+00:00,3.8,12.425
2021-02-11 23:00:00+00:00,3.6249999999999996,12.075000000000001
2021-02-12 00:00:00+00:00,3.625,11.75
2021-02-12 01:00:00+00:00,3.825,11.299999999999999
2021-02-12 02:00:00+00:00,4.25,11.125
2021-02-12 03:00:00+00:00,4.075,11.775
2021-02-12 04:00:00+00:00,3.5999999999999996,11.7
2021-02-12 05:00:00+00:00,3.3499999999999996,11.25
2021-02-12 06:00:00+00:00,2.75,10.375
2021-02-12 07:00:00+00:00,2.55,10.025
2021-02-12 08:00:00+00:00,2.1,9.925
2021-02-12 09:00:00+00:00,2.0,10.124999999999998
2021-02-12 10:00:00+00:00,2.25,10.0
2021-02-12 11:00:00+00:00,2.0500000000000003,9.875
2021-02-12 12:00:00+00:00,1.7999999999999998,9.875
2021-02-12 13:00:00+00:00,1.75,9.55
2021-02-12 14:00:00+00:00,1.575,9.275
2021-02-12 15:00:00+00:00,1.75,9.025
2021-02-12 16:00:00+00:00,1.925,8.875
2021-02-12 17:00:00+00:00,2.0500000000000003,8.65
2021-02-12 18:00:00+00:00,2.425,8.6
2021-02-12 19:00:00+00:00,2.825,8.625
2021-02-12 20:00:00+00:00,3.45,8.475
2021-02-12 21:00:00+00:00,3.5,8.375
2021-02-12 22:00:00+00:00,3.6,8.3
2021-02-12 23:00:00+00:00,3.25,8.175
2021-02-13 00:00:00+00:00,2.825,8.1
2021-02-13 01:00:00+00:00,2.45,7.949999999999999
2021-02-13 02:00:00+00:00,2.3,8.325
2021-02-13 03:00:00+00:00,2.025,8.125
2021-02-13 04:00:00+00:00,2.05,8.0
2021-02-13 05:00:00+00:00,2.125,7.8
2021-02-13 06:00:00+00:00,1.9249999999999998,7.500000000000001
2021-02-13 07:00:00+00:00,1.525,7.449999999999999
2021-02-13 08:00:00+00:00,1.5,7.425
2021-02-13 09:00:00+00:00,1.45,7.300000000000001
2021-02-13 10:00:00+00:00,1.375,7.275
2021-02-13 11:00:00+00:00,1.3,7.25
2021-02-13 12:00:00+00:00,1.2,7.125
2021-02-13 13:00:00+00:00,0.95,7.074999999999999
2021-02-13 14:00:00+00:00,0.8,7.15
2021-02-13 15:00:00+00:00,0.675,7.05
2021-02-13 16:00:00+00:00,1.0,6.95
2021-02-13 17:00:00+00:00,1.375,6.95
2021-02-13 18:00:00+00:00,1.725,7.0
2021-02-13 19:00:00+00:00,1.7000000000000002,6.8999999999999995
2021-02-13 20:00:00+00:00,1.9000000000000001,6.8999999999999995
2021-02-13 21:00:00+00:00,1.65,6.8999999999999995
2021-02-13 22:00:00+00:00,1.4,6.824999999999999
2021-02-13 23:00:00+00:00,1.175,6.775
2021-02-14 00:00:00+00:00,1.0250000000000001,6.574999999999999
2021-02-14 01:00:00+00:00,0.825,6.5249999999999995
2021-02-14 02:00:00+00:00,0.8,6.5
2021-02-14 03:00:00+00:00,0.75,6.425000000000001
2021-02-14 04:00:00+00:00,0.6,6.325000000000001
2021-02-14 05:00:00+00:00,0.6499999999999999,6.2250000000000005
2021-02-14 06:00:00+00:00,0.675,6.15
2021-02-14 07:00:00+00:00,0.6749999999999999,6.175000000000001
2021-02-14 08:00:00+00:00,0.875,6.2250000000000005
2021-02-14 09:00:00+00:00,0.925,6.1
2021-02-14 10:00:00+00:00,1.1,6.975
2021-02-14 11:00:00+00:00,1.175,5.975
2021-02-14 12:00:00+00:00,1.1,6.049999999999999
2021-02-14 13:00:00+00:00,1.325,6.125
2021-02-14 14:00:00+00:00,1.425,6.025
2021-02-14 15:00:00+00:00,1.5250000000000001,5.949999999999999
2021-02-14 16:00:00+00:00,1.7249999999999999,6.0
2021-02-14 17:00:00+00:00,1.65,6.025
2021-02-14 18:00:00+00:00,1.4,6.025
2021-02-14 19:00:00+00:00,0.85,5.975
2021-02-14 20:00:00+00:00,0.6000000000000001,5.95
2021-02-14 21:00:00+00:00,0.12499999999999999,5.825
2021-02-14 22:00:00+00:00,2.0816681711721685e-17,5.725
2021-02-14 23:00:00+00:00,-0.425,5.575
2021-02-15 00:00:00+00:00,-0.55,5.3999999999999995
2021-02-15 01:00:00+00:00,-0.825,5.325
2021-02-15 02:00:00+00:00,-1.6749999999999998,5.124999999999999
2021-02-15 03:00:00+00:00,-2.2750000000000004,4.925
2021-02-15 04:00:00+00:00,-2.925,4.675
2021-02-15 05:00:00+00:00,-3.5749999999999997,4.35
2021-02-15 06:00:00+00:00,-4.566666666666666,4.0
2021-02-15 07:00:00+00:00,-4.9,3.3749999999999996
2021-02-15 08:00:00+00:00,-5.65,2.9
2021-02-15 09:00:00+00:00,-6.4,2.1750000000000003
2021-02-15 10:00:00+00:00,-7.15,1.725
2021-02-15 11:00:00+00:00,-7.8,1.375
2021-02-15 12:00:00+00:00,-8.3,1.025
2021-02-15 13:00:00+00:00,-8.600000000000001,-0.45
2021-02-15 14:00:00+00:00,-8.8,-0.6
2021-02-15 15:00:00+00:00,-9.25,-0.6
2021-02-15 16:00:00+00:00,-8.8,-0.65
2021-02-15 17:00:00+00:00,-8.35,-0.09999999999999998
2021-02-15 18:00:00+00:00,-7.625,0.825
2021-02-15 19:00:00+00:00,-6.424999999999999,1.3
2021-02-15 20:00:00+00:00,-5.175,1.7999999999999998
2021-02-15 21:00:00+00:00,-4.375,2.325
2021-02-15 22:00:00+00:00,-3.6999999999999997,2.7249999999999996
2021-02-15 23:00:00+00:00,-3.225,2.95
2021-02-16 00:00:00+00:00,-3.2,2.775
2021-02-16 01:00:00+00:00,-3.9,2.525
2021-02-16 02:00:00+00:00,-4.425,2.5
2021-02-16 03:00:00+00:00,-4.824999999999999,2.35
2021-02-16 04:00:00+00:00,-5.325,2.075
2021-02-16 05:00:00+00:00,-5.55,1.75
2021-02-16 06:00:00+00:00,-5.925,1.575
2021-02-16 07:00:00+00:00,-6.35,1.375
2021-02-16 08:00:00+00:00,-6.825,1.3
2021-02-16 09:00:00+00:00,-6.925,1.2
2021-02-16 10:00:00+00:00,-7.175,1.1
2021-02-16 11:00:00+00:00,-7.25,1.0
2021-02-16 12:00:00+00:00,-7.449999999999999,0.7999999999999999
2021-02-16 13:00:00+00:00,-7.675,0.8
2021-02-16 14:00:00+00:00,-7.6,0.6000000000000001
2021-02-16 15:00:00+00:00,-7.05,0.6
2021-02-16 16:00:00+00:00,-6.049999999999999,0.65
2021-02-16 17:00:00+00:00,-4.949999999999999,0.95
2021-02-16 18:00:00+00:00,-3.3249999999999997,1.3
2021-02-16 19:00:00+00:00,-2.4,2.3499999999999996
2021-02-16 20:00:00+00:00,-1.3,2.85
2021-02-16 21:00:00+00:00,-0.7749999999999999,3.1999999999999997
2021-02-16 22:00:00+00:00,0.0,3.55
2021-02-16 23:00:00+00:00,0.575,3.2249999999999996
2021-02-17 00:00:00+00:00,0.5,3.3749999999999996
2021-02-17 01:00:00+00:00,0.125,3.375
2021-02-17 02:00:00+00:00,0.049999999999999996,3.375
2021-02-17 03:00:00+00:00,0.05000000000000001,3.3499999999999996
2021-02-17 04:00:00+00:00,0.09999999999999998,3.3333333333333335
2021-02-17 05:00:00+00:00,1.125,3.4
2021-02-17 06:00:00+00:00,1.35,3.4250000000000003
2021-02-17 07:00:00+00:00,0.6749999999999999,3.325
2021-02-17 08:00:00+00:00,0.975,3.175
2021-02-17 09:00:00+00:00,1.125,2.9000000000000004
2021-02-17 10:00:00+00:00,1.6250000000000002,2.975
2021-02-17 11:00:00+00:00,1.8000000000000003,2.95
2021-02-17 12:00:00+00:00,1.55,2.975
2021-02-17 13:00:00+00:00,0.825,2.975
2021-02-17 14:00:00+00:00,0.4000000000000001,3.0500000000000003
2021-02-17 15:00:00+00:00,0.525,2.9499999999999997
2021-02-17 16:00:00+00:00,0.625,3.0
2021-02-17 17:00:00+00:00,0.75,2.3
2021-02-17 18:00:00+00:00,1.7249999999999999,3.4
2021-02-17 19:00:00+00:00,1.675,3.5749999999999997
2021-02-17 20:00:00+00:00,1.9749999999999999,3.5
2021-02-17 21:00:00+00:00,2.275,3.5999999999999996
2021-02-17 22:00:00+00:00,2.275,3.725
2021-02-17 23:00:00+00:00,2.7,3.775
2021-02-18 00:00:00+00:00,2.95,3.8499999999999996
2021-02-18 01:00:00+00:00,2.875,3.875
2021-02-18 02:00:00+00:00,2.45,3.875
2021-02-18 03:00:00+00:00,2.3,3.85
2021-02-18 04:00:00+00:00,2.225,3.825
2021-02-18 05:00:00+00:00,2.125,3.8
2021-02-18 06:00:00+00:00,1.9,3.775
2021-02-18 07:00:00+00:00,1.525,3.725
2021-02-18 08:00:00+00:00,1.025,3.65
2021-02-18 09:00:00+00:00,0.575,3.675
2021-02-18 10:00:00+00:00,0.44999999999999996,3.625
2021-02-18 11:00:00+00:00,0.12499999999999997,3.6
2021-02-18 12:00:00+00:00,-0.125,3.525
2021-02-18 13:00:00+00:00,-0.225,3.4250000000000003
2021-02-18 14:00:00+00:00,-0.15000000000000002,3.3499999999999996
2021-02-18 15:00:00+00:00,-0.04999999999999999,3.325
2021-02-18 16:00:00+00:00,-0.024999999999999994,3.3
2021-02-18 17:00:00+00:00,0.2,3.35
2021-02-18 18:00:00+00:00,0.7,3.4
2021-02-18 19:00:00+00:00,2.5,3.5749999999999997
2021-02-18 20:00:00+00:00,3.075,3.975
2021-02-18 21:00:00+00:00,3.475,4.4
2021-02-18 22:00:00+00:00,3.4,4.8
2021-02-18 23:00:00+00:00,2.825,5.05
2021-02-19 00:00:00+00:00,2.225,5.1000000000000005
2021-02-19 01:00:00+00:00,1.3,5.025
2021-02-19 02:00:00+00:00,1.0,4.925000000000001
2021-02-19 03:00:00+00:00,0.5,4.775
2021-02-19 04:00:00+00:00,0.3,4.550000000000001
2021-02-19 05:00:00+00:00,0.4,4.375
2021-02-19 06:00:00+00:00,0.22499999999999998,4.175
2021-02-19 07:00:00+00:00,-0.05,3.9000000000000004
2021-02-19 08:00:00+00:00,-0.2,3.65
2021-02-19 09:00:00+00:00,-0.55,3.425
2021-02-19 10:00:00+00:00,-1.15,3.1750000000000003
2021-02-19 11:00:00+00:00,-1.7750000000000001,2.9499999999999997
2021-02-19 12:00:00+00:00,-2.2249999999999996,2.6750000000000003
2021-02-19 13:00:00+00:00,-2.525,2.45
2021-02-19 14:00:00+00:00,-2.3,2.25
2021-02-19 15:00:00+00:00,-1.35,2.95
2021-02-19 16:00:00+00:00,-0.4,3.125
2021-02-19 17:00:00+00:00,0.75,3.55
2021-02-19 18:00:00+00:00,2.1,4.175
2021-02-19 19:00:00+00:00,3.2500000000000004,4.85
2021-02-19 20:00:00+00:00,4.449999999999999,5.425
2021-02-19 21:00:00+00:00,5.875,6.05
2021-02-19 22:00:00+00:00,6.5249999999999995,6.449999999999999
2021-02-19 23:00:00+00:00,7.075,6.7250000000000005
2021-02-20 00:00:00+00:00,7.7,6.875
2021-02-20 01:00:00+00:00,6.175,6.824999999999999
2021-02-20 02:00:00+00:00,5.125,6.65
2021-02-20 03:00:00+00:00,5.025,6.525
2021-02-20 04:00:00+00:00,4.275,6.275
2021-02-20 05:00:00+00:00,4.225,6.1
2021-02-20 06:00:00+00:00,3.625,5.975
2021-02-20 07:00:00+00:00,3.2,5.800000000000001
2021-02-20 08:00:00+00:00,2.625,5.7
2021-02-20 09:00:00+00:00,2.325,5.575
2021-02-20 10:00:00+00:00,2.3249999999999997,5.45
2021-02-20 11:00:00+00:00,2.25,5.375
2021-02-20 12:00:00+00:00,2.275,5.375
2021-02-20 13:00:00+00:00,2.3499999999999996,5.300000000000001
2021-02-20 14:00:00+00:00,3.0,5.375
2021-02-20 15:00:00+00:00,4.9,5.5
2021-02-20 16:00:00+00:00,6.325,5.7
2021-02-20 17:00:00+00:00,8.175,5.925
2021-02-20 18:00:00+00:00,9.65,6.425000000000001
2021-02-20 19:00:00+00:00,10.700000000000001,7.175000000000001
2021-02-20 20:00:00+00:00,11.7,7.925000000000001
2021-02-20 21:00:00+00:00,12.3,8.425
2021-02-20 22:00:00+00:00,12.399999999999999,8.8
2021-02-20 23:00:00+00:00,12.025000000000002,9.0
2021-02-21 00:00:00+00:00,11.5,9.45
2021-02-21 01:00:00+00:00,10.500000000000002,9.6
2021-02-21 02:00:00+00:00,10.100000000000001,9.575000000000001
2021-02-21 03:00:00+00:00,10.5,10.3
2021-02-21 04:00:00+00:00,10.45,9.6
2021-02-21 05:00:00+00:00,10.875,9.575000000000001
2021-02-21 06:00:00+00:00,11.149999999999999,9.525
2021-02-21 07:00:00+00:00,11.175,9.425
2021-02-21 08:00:00+00:00,11.4,9.275
2021-02-21 09:00:00+00:00,11.425,9.175
2021-02-21 10:00:00+00:00,11.6,9.1
2021-02-21 11:00:00+00:00,11.299999999999999,9.025
2021-02-21 12:00:00+00:00,11.475000000000001,8.925
2021-02-21 13:00:00+00:00,11.325,8.925
2021-02-21 14:00:00+00:00,12.325,8.875
2021-02-21 15:00:00+00:00,13.399999999999999,8.875
2021-02-21 16:00:00+00:00,14.4,8.95
2021-02-21 17:00:00+00:00,15.325,9.2
2021-02-21 18:00:00+00:00,15.8,9.149999999999999
2021-02-21 19:00:00+00:00,16.275,9.65
2021-02-21 20:00:00+00:00,16.224999999999998,9.95
2021-02-21 21:00:00+00:00,16.1,10.25
2021-02-21 22:00:00+00:00,16.55,10.399999999999999
2021-02-21 23:00:00+00:00,16.575,10.524999999999999
2021-02-22 00:00:00+00:00,15.399999999999999,10.5
2021-02-22 01:00:00+00:00,14.5,10.5
2021-02-22 02:00:00+00:00,13.475,10.475
2021-02-22 03:00:00+00:00,12.549999999999999,10.45
2021-02-22 04:00:00+00:00,13.033333333333333,9.666666666666666
2021-02-22 05:00:00+00:00,12.024999999999999,10.450000000000001
2021-02-22 06:00:00+00:00,12.05,10.399999999999999
2021-02-22 07:00:00+00:00,11.45,10.274999999999999
2021-02-22 08:00:00+00:00,11.1,10.2
2021-02-22 09:00:00+00:00,10.774999999999999,10.175
2021-02-22 10:00:00+00:00,11.2,10.25
2021-02-22 11:00:00+00:00,12.225,10.3
2021-02-22 12:00:00+00:00,11.875,10.4
2021-02-22 13:00:00+00:00,11.575,10.575
2021-02-22 14:00:00+00:00,11.850000000000001,10.575
2021-02-22 15:00:00+00:00,13.1,10.1
2021-02-22 16:00:00+00:00,13.75,10.375
2021-02-22 17:00:00+00:00,14.075000000000001,10.475000000000001
2021-02-22 18:00:00+00:00,16.5,11.05
2021-02-22 19:00:00+00:00,17.45,11.95
2021-02-22 20:00:00+00:00,16.225,12.424999999999999
2021-02-22 21:00:00+00:00,15.100000000000001,12.8
2021-02-22 22:00:00+00:00,15.025,13.125
2021-02-22 23:00:00+00:00,14.7,13.325
2021-02-23 00:00:00+00:00,14.1,13.45
2021-02-23 01:00:00+00:00,12.6,13.4
2021-02-23 02:00:00+00:00,12.15,13.325
2021-02-23 03:00:00+00:00,12.075,13.075
2021-02-23 04:00:00+00:00,11.8,12.9
2021-02-23 05:00:00+00:00,11.875,12.774999999999999
2021-02-23 06:00:00+00:00,11.975,12.7
2021-02-23 07:00:00+00:00,12.350000000000001,12.674999999999999
2021-02-23 08:00:00+00:00,12.899999999999999,12.625
2021-02-23 09:00:00+00:00,12.525,12.525
2021-02-23 10:00:00+00:00,11.825000000000001,12.45
2021-02-23 11:00:00+00:00,10.9,12.374999999999998
2021-02-23 12:00:00+00:00,11.05,12.274999999999999
2021-02-23 13:00:00+00:00,10.55,12.175
2021-02-23 14:00:00+00:00,11.475,12.15
2021-02-23 15:00:00+00:00,12.55,12.2
2021-02-23 16:00:00+00:00,13.924999999999999,12.275
2021-02-23 17:00:00+00:00,16.025,12.549999999999999
2021-02-23 18:00:00+00:00,17.925,12.825
2021-02-23 19:00:00+00:00,18.35,13.725
2021-02-23 20:00:00+00:00,18.675,14.299999999999999
2021-02-23 21:00:00+00:00,18.625,14.825
2021-02-23 22:00:00+00:00,18.5,15.3
2021-02-23 23:00:00+00:00,18.475,15.649999999999999
2021-02-24 00:00:00+00:00,17.675,15.799999999999999
2021-02-24 01:00:00+00:00,16.525,15.850000000000001
2021-02-24 02:00:00+00:00,16.0,15.674999999999999
2021-02-24 03:00:00+00:00,16.25,15.225000000000001
2021-02-24 04:00:00+00:00,16.25,15.0
2021-02-24 05:00:00+00:00,16.175,14.825000000000001
2021-02-24 06:00:00+00:00,16.424999999999997,14.675
2021-02-24 07:00:00+00:00,16.4,14.6
2021-02-24 08:00:00+00:00,16.25,14.525
2021-02-24 09:00:00+00:00,16.2,14.450000000000001
2021-02-24 10:00:00+00:00,15.975,14.399999999999999
2021-02-24 11:00:00+00:00,16.1,14.6
2021-02-24 12:00:00+00:00,16.25,14.575
2021-02-24 13:00:00+00:00,16.375,14.549999999999999
2021-02-24 14:00:00+00:00,16.35,14.55
2021-02-24 15:00:00+00:00,16.35,14.6
2021-02-24 16:00:00+00:00,16.675,14.575
2021-02-24 17:00:00+00:00,17.975,14.575
2021-02-24 18:00:00+00:00,19.15,14.6
2021-02-24 19:00:00+00:00,19.775,15.275000000000002
2021-02-24 20:00:00+00:00,20.2,15.6
2021-02-24 21:00:00+00:00,20.5,15.875
2021-02-24 22:00:00+00:00,19.25,16.075
2021-02-24 23:00:00+00:00,18.725,16.2
2021-02-25 00:00:00+00:00,18.025,16.2
2021-02-25 01:00:00+00:00,17.5,16.125
2021-02-25 02:00:00+00:00,16.725,16.075
2021-02-25 03:00:00+00:00,16.475,16.125
2021-02-25 04:00:00+00:00,16.1,16.175
2021-02-25 05:00:00+00:00,16.825,16.075
2021-02-25 06:00:00+00:00,16.450000000000003,16.05
2021-02-25 07:00:00+00:00,16.175,16.1
2021-02-25 08:00:00+00:00,16.2,16.2
2021-02-25 09:00:00+00:00,16.0,16.275
2021-02-25 10:00:00+00:00,15.999999999999998,16.325
2021-02-25 11:00:00+00:00,15.95,16.425
2021-02-25 12:00:00+00:00,16.2,16.425
2021-02-25 13:00:00+00:00,16.275,16.5
2021-02-25 14:00:00+00:00,16.675,16.5
2021-02-25 15:00:00+00:00,17.125,16.525
2021-02-25 16:00:00+00:00,17.175,16.525000000000002
2021-02-25 17:00:00+00:00,17.075,16.375
2021-02-25 18:00:00+00:00,16.9,15.8
2021-02-25 19:00:00+00:00,18.775,16.825
2021-02-25 20:00:00+00:00,19.025,17.025
2021-02-25 21:00:00+00:00,18.85,17.25
2021-02-25 22:00:00+00:00,18.625,17.475
2021-02-25 23:00:00+00:00,18.375,17.725
2021-02-26 00:00:00+00:00,17.825,17.825
2021-02-26 01:00:00+00:00,17.725,17.85
2021-02-26 02:00:00+00:00,17.25,17.6
2021-02-26 03:00:00+00:00,17.525,17.375
2021-02-26 04:00:00+00:00,17.299999999999997,17.2
2021-02-26 05:00:00+00:00,17.35,17.075
2021-02-26 06:00:00+00:00,17.825,17.025
2021-02-26 07:00:00+00:00,18.375,17.1
2021-02-26 08:00:00+00:00,18.15,16.875
2021-02-26 09:00:00+00:00,18.125,16.950000000000003
2021-02-26 10:00:00+00:00,17.625,16.975
2021-02-26 11:00:00+00:00,17.95,16.925
2021-02-26 12:00:00+00:00,18.0,17.0
2021-02-26 13:00:00+00:00,17.45,17.0
2021-02-26 14:00:00+00:00,17.625,17.025000000000002
2021-02-26 15:00:00+00:00,17.950000000000003,17.1
2021-02-26 16:00:00+00:00,18.974999999999998,17.225
2021-02-26 17:00:00+00:00,20.45,17.450000000000003
2021-02-26 18:00:00+00:00,20.65,18.2
2021-02-26 19:00:00+00:00,21.1,18.65
2021-02-26 20:00:00+00:00,21.0,18.925
2021-02-26 21:00:00+00:00,20.975,19.175
2021-02-26 22:00:00+00:00,21.1,19.35
2021-02-26 23:00:00+00:00,19.875,19.5
2021-02-27 00:00:00+00:00,19.275,19.6
2021-02-27 01:00:00+00:00,18.425,19.700000000000003
2021-02-27 02:00:00+00:00,18.3,19.75
2021-02-27 03:00:00+00:00,18.4,19.525
2021-02-27 04:00:00+00:00,18.85,19.4
2021-02-27 05:00:00+00:00,19.200000000000003,19.200000000000003
2021-02-27 06:00:00+00:00,19.275,19.15
2021-02-27 07:00:00+00:00,19.275000000000002,19.175
2021-02-27 08:00:00+00:00,18.75,19.025
2021-02-27 09:00:00+00:00,18.6,19.05
2021-02-27 10:00:00+00:00,18.599999999999998,19.125
2021-02-27 11:00:00+00:00,18.674999999999997,18.975
2021-02-27 12:00:00+00:00,18.299999999999997,18.975
2021-02-27 13:00:00+00:00,18.275,18.95
2021-02-27 14:00:00+00:00,18.125,18.95
2021-02-27 15:00:00+00:00,18.625,18.975
2021-02-27 16:00:00+00:00,19.425,19.05
2021-02-27 17:00:00+00:00,20.225,19.225
2021-02-27 18:00:00+00:00,20.875,19.35
2021-02-27 19:00:00+00:00,20.875,19.525000000000002
2021-02-27 20:00:00+00:00,20.975,19.725
2021-02-27 21:00:00+00:00,20.575,19.825
2021-02-27 22:00:00+00:00,20.35,19.95
2021-02-27 23:00:00+00:00,19.875,20.049999999999997
2021-02-28 00:00:00+00:00,19.625,20.1
2021-02-28 01:00:00+00:00,19.375,20.2
2021-02-28 02:00:00+00:00,19.275,20.1
2021-02-28 03:00:00+00:00,20.15,19.875
2021-02-28 04:00:00+00:00,19.975,19.825
2021-02-28 05:00:00+00:00,20.0,19.775000000000002
2021-02-28 06:00:00+00:00,19.825,19.75
2021-02-28 07:00:00+00:00,19.75,19.675
2021-02-28 08:00:00+00:00,19.65,19.65
2021-02-28 09:00:00+00:00,19.8,19.65
2021-02-28 10:00:00+00:00,19.5,19.7
2021-02-28 11:00:00+00:00,19.025,19.65
2021-02-28 12:00:00+00:00,18.924999999999997,19.575
2021-02-28 13:00:00+00:00,19.05,19.625
2021-02-28 14:00:00+00:00,19.075,19.6
2021-02-28 15:00:00+00:00,19.55,19.674999999999997
2021-02-28 16:00:00+00:00,20.475,19.75
2021-02-28 17:00:00+00:00,21.8,19.75
2021-02-28 18:00:00+00:00,22.25,19.975
2021-02-28 19:00:00+00:00,22.475,20.175
2021-02-28 20:00:00+00:00,21.25,20.3
2021-02-28 21:00:00+00:00,21.275,20.325
2021-02-28 22:00:00+00:00,20.775000000000002,20.625
2021-02-28 23:00:00+00:00,20.4,20.900000000000002
2021-03-01 00:00:00+00:00,20.1,20.849999999999998
2021-03-01 01:00:00+00:00,19.85,20.875
2021-03-01 02:00:00+00:00,19.9,21.349999999999998
2021-03-01 03:00:00+00:00,19.875,21.224999999999998
2021-03-01 04:00:00+00:00,19.9,21.175
2021-03-01 05:00:00+00:00,19.799999999999997,21.099999999999998
2021-03-01 06:00:00+00:00,19.65,21.075
2021-03-01 07:00:00+00:00,19.625,21.049999999999997
2021-03-01 08:00:00+00:00,19.975,20.799999999999997
2021-03-01 09:00:00+00:00,19.599999999999998,20.625
2021-03-01 10:00:00+00:00,19.5,20.625
2021-03-01 11:00:00+00:00,19.25,20.65
2021-03-01 12:00:00+00:00,19.125,20.525
2021-03-01 13:00:00+00:00,19.049999999999997,20.375
2021-03-01 14:00:00+00:00,15.899999999999999,20.45
2021-03-01 15:00:00+00:00,13.399999999999999,20.425
2021-03-01 16:00:00+00:00,12.75,20.174999999999997
2021-03-01 17:00:00+00:00,12.625,19.8
2021-03-01 18:00:00+00:00,13.125,19.575000000000003
2021-03-01 19:00:00+00:00,13.850000000000001,19.400000000000002
2021-03-01 20:00:00+00:00,14.525,19.275
2021-03-01 21:00:00+00:00,14.525,19.1
2021-03-01 22:00:00+00:00,14.475000000000001,18.95
2021-03-01 23:00:00+00:00,13.625,18.799999999999997
2021-03-02 00:00:00+00:00,12.974999999999998,18.525
2021-03-02 01:00:00+00:00,12.325000000000001,18.200000000000003
2021-03-02 02:00:00+00:00,12.325,18.0
2021-03-02 03:00:00+00:00,12.375,17.8
2021-03-02 04:00:00+00:00,11.925,17.625
2021-03-02 05:00:00+00:00,11.0,16.733333333333334
2021-03-02 06:00:00+00:00,10.45,17.05
2021-03-02 07:00:00+00:00,10.5,16.7
2021-03-02 08:00:00+00:00,10.475,16.375
2021-03-02 09:00:00+00:00,10.525,16.0
2021-03-02 10:00:00+00:00,10.525,15.625
2021-03-02 11:00:00+00:00,10.525,15.325
2021-03-02 12:00:00+00:00,10.525,15.075
2021-03-02 13:00:00+00:00,10.424999999999999,14.9
2021-03-02 14:00:00+00:00,10.4,15.049999999999999
2021-03-02 15:00:00+00:00,10.6,15.05
2021-03-02 16:00:00+00:00,10.75,14.875
2021-03-02 17:00:00+00:00,11.175,14.9
2021-03-02 18:00:00+00:00,11.3,14.9
2021-03-02 19:00:00+00:00,11.750000000000002,14.925
2021-03-02 20:00:00+00:00,13.025,15.075
2021-03-02 21:00:00+00:00,14.375,15.45
2021-03-02 22:00:00+00:00,15.125,16.125
2021-03-02 23:00:00+00:00,15.975,16.275
2021-03-03 00:00:00+00:00,15.474999999999998,16.375
2021-03-03 01:00:00+00:00,14.375,16.475
2021-03-03 02:00:00+00:00,13.825000000000001,16.425
2021-03-03 03:00:00+00:00,13.0,16.15
2021-03-03 04:00:00+00:00,12.575000000000001,16.1
2021-03-03 05:00:00+00:00,12.274999999999999,15.975000000000001
2021-03-03 06:00:00+00:00,11.549999999999999,15.925
2021-03-03 07:00:00+00:00,11.350000000000001,15.899999999999999
2021-03-03 08:00:00+00:00,11.175,15.85
2021-03-03 09:00:00+00:00,10.55,15.8
2021-03-03 10:00:00+00:00,10.149999999999999,15.725
2021-03-03 11:00:00+00:00,10.275,15.675
2021-03-03 12:00:00+00:00,10.175,15.524999999999999
2021-03-03 13:00:00+00:00,10.65,15.375
2021-03-03 14:00:00+00:00,12.424999999999999,15.274999999999999
2021-03-03 15:00:00+00:00,13.375000000000002,15.15
2021-03-03 16:00:00+00:00,14.1,15.299999999999999
2021-03-03 17:00:00+00:00,14.649999999999999,15.524999999999999
2021-03-03 18:00:00+00:00,15.05,15.85
2021-03-03 19:00:00+00:00,15.200000000000001,16.2
2021-03-03 20:00:00+00:00,15.075,16.6
2021-03-03 21:00:00+00:00,14.775,16.950000000000003
2021-03-03 22:00:00+00:00,14.675,17.125
2021-03-03 23:00:00+00:00,14.825000000000001,17.15
2021-03-04 00:00:00+00:00,14.25,17.1
2021-03-04 01:00:00+00:00,13.325000000000001,17.025
2021-03-04 02:00:00+00:00,13.025,16.85
2021-03-04 03:00:00+00:00,13.025,16.75
2021-03-04 04:00:00+00:00,12.900000000000002,16.650000000000002
2021-03-04 05:00:00+00:00,12.95,16.55
2021-03-04 06:00:00+00:00,13.0,16.474999999999998
2021-03-04 07:00:00+00:00,13.150000000000002,16.35
2021-03-04 08:00:00+00:00,13.175,16.225
2021-03-04 09:00:00+00:00,13.149999999999999,16.125
2021-03-04 10:00:00+00:00,13.075,16.0
2021-03-04 11:00:00+00:00,13.1,15.925
2021-03-04 12:00:00+00:00,12.85,15.8
2021-03-04 13:00:00+00:00,12.924999999999999,15.65
2021-03-04 14:00:00+00:00,14.225000000000001,15.575
2021-03-04 15:00:00+00:00,15.499999999999998,15.575000000000001
2021-03-04 16:00:00+00:00,16.225,15.725
2021-03-04 17:00:00+00:00,16.5,15.875
2021-03-04 18:00:00+00:00,16.625,16.200000000000003
2021-03-04 19:00:00+00:00,16.825,16.575
2021-03-04 20:00:00+00:00,16.85,16.875
2021-03-04 21:00:00+00:00,16.85,17.150000000000002
2021-03-04 22:00:00+00:00,16.549999999999997,17.325000000000003
2021-03-04 23:00:00+00:00,16.575,17.425
2021-03-05 00:00:00+00:00,16.225,17.424999999999997
2021-03-05 01:00:00+00:00,15.6,17.4
2021-03-05 02:00:00+00:00,15.549999999999999,17.299999999999997
2021-03-05 03:00:00+00:00,15.5,17.275
2021-03-05 04:00:00+00:00,15.45,17.225
2021-03-05 05:00:00+00:00,15.274999999999999,17.15
2021-03-05 06:00:00+00:00,15.5,17.025
2021-03-05 07:00:00+00:00,16.1,17.025
2021-03-05 08:00:00+00:00,16.65,17.05
2021-03-05 09:00:00+00:00,17.0,17.1
2021-03-05 10:00:00+00:00,16.95,17.125
2021-03-05 11:00:00+00:00,16.475,17.125
2021-03-05 12:00:00+00:00,16.25,17.2
2021-03-05 13:00:00+00:00,16.150000000000002,17.25
2021-03-05 14:00:00+00:00,16.325,17.2
2021-03-05 15:00:00+00:00,16.650000000000002,17.2
2021-03-05 16:00:00+00:00,16.9,17.224999999999998
2021-03-05 17:00:00+00:00,17.099999999999998,17.275
2021-03-05 18:00:00+00:00,17.6,17.4
2021-03-05 19:00:00+00:00,18.200000000000003,17.6
2021-03-05 20:00:00+00:00,19.55,17.975
2021-03-05 21:00:00+00:00,19.949999999999996,18.375
2021-03-05 22:00:00+00:00,19.75,18.725
2021-03-05 23:00:00+00:00,19.299999999999997,18.8
2021-03-06 00:00:00+00:00,18.875,19.0
2021-03-06 01:00:00+00:00,17.85,18.875
2021-03-06 02:00:00+00:00,17.35,18.875
2021-03-06 03:00:00+00:00,17.625,18.75
2021-03-06 04:00:00+00:00,16.85,18.475
2021-03-06 05:00:00+00:00,17.625,18.575
2021-03-06 06:00:00+00:00,16.65,18.45
2021-03-06 07:00:00+00:00,15.849999999999998,18.275
2021-03-06 08:00:00+00:00,15.025,18.075
2021-03-06 09:00:00+00:00,14.775,17.875
2021-03-06 10:00:00+00:00,15.399999999999999,17.725
2021-03-06 11:00:00+00:00,15.55,17.6
2021-03-06 12:00:00+00:00,15.425,17.450000000000003
2021-03-06 13:00:00+00:00,14.575,17.275
2021-03-06 14:00:00+00:00,13.775000000000002,17.049999999999997
2021-03-06 15:00:00+00:00,13.5,16.95
2021-03-06 16:00:00+00:00,13.8,17.075
2021-03-06 17:00:00+00:00,15.0,17.2
2021-03-06 18:00:00+00:00,16.0,17.549999999999997
2021-03-06 19:00:00+00:00,16.825,17.900000000000002
2021-03-06 20:00:00+00:00,17.2,18.3
2021-03-06 21:00:00+00:00,17.125,18.6
2021-03-06 22:00:00+00:00,17.575000000000003,18.924999999999997
2021-03-06 23:00:00+00:00,16.7,18.700000000000003
2021-03-07 00:00:00+00:00,16.025000000000002,18.55
2021-03-07 01:00:00+00:00,15.0,18.35
2021-03-07 02:00:00+00:00,14.649999999999999,18.2
2021-03-07 03:00:00+00:00,14.475000000000001,18.075
2021-03-07 04:00:00+00:00,14.525000000000002,17.975
2021-03-07 05:00:00+00:00,13.925,18.0
2021-03-07 06:00:00+00:00,13.7,17.9
2021-03-07 07:00:00+00:00,13.875,17.825
2021-03-07 08:00:00+00:00,13.15,17.775
2021-03-07 09:00:00+00:00,13.0,17.675
2021-03-07 10:00:00+00:00,12.775,17.525
2021-03-07 11:00:00+00:00,12.475,17.35
2021-03-07 12:00:00+00:00,12.275,17.125
2021-03-07 13:00:00+00:00,12.05,16.925
2021-03-07 14:00:00+00:00,13.525,16.75
2021-03-07 15:00:00+00:00,14.6,16.675
2021-03-07 16:00:00+00:00,15.5,16.875
2021-03-07 17:00:00+00:00,16.3,17.05
2021-03-07 18:00:00+00:00,16.725,17.275
2021-03-07 19:00:00+00:00,16.85,17.599999999999998
2021-03-07 20:00:00+00:00,16.975,17.975
2021-03-07 21:00:00+00:00,17.225,18.25
2021-03-07 22:00:00+00:00,17.15,18.325
2021-03-07 23:00:00+00:00,16.475,18.15
2021-03-08 00:00:00+00:00,15.975000000000001,18.075
2021-03-08 01:00:00+00:00,15.525,17.9
2021-03-08 02:00:00+00:00,15.3,17.725
2021-03-08 03:00:00+00:00,15.099999999999998,17.55
2021-03-08 04:00:00+00:00,14.924999999999999,17.525
2021-03-08 05:00:00+00:00,14.725000000000001,17.45
2021-03-08 06:00:00+00:00,14.274999999999999,17.3
2021-03-08 07:00:00+00:00,14.274999999999999,17.200000000000003
2021-03-08 08:00:00+00:00,14.225000000000001,17.075
2021-03-08 09:00:00+00:00,14.149999999999999,17.0
2021-03-08 10:00:00+00:00,14.125,16.925
2021-03-08 11:00:00+00:00,14.100000000000001,16.825
2021-03-08 12:00:00+00:00,14.125,16.75
2021-03-08 13:00:00+00:00,14.3,16.625
2021-03-08 14:00:00+00:00,15.35,16.55
2021-03-08 15:00:00+00:00,16.775,16.875
2021-03-08 16:00:00+00:00,17.5,16.925
2021-03-08 17:00:00+00:00,17.974999999999998,17.125
2021-03-08 18:00:00+00:00,18.275,17.425
2021-03-08 19:00:00+00:00,18.424999999999997,17.525
2021-03-08 20:00:00+00:00,18.375,17.849999999999998
2021-03-08 21:00:00+00:00,18.450000000000003,18.150000000000002
2021-03-08 22:00:00+00:00,18.400000000000002,18.474999999999998
2021-03-08 23:00:00+00:00,18.1,18.625
2021-03-09 00:00:00+00:00,17.275,18.525
2021-03-09 01:00:00+00:00,16.325000000000003,18.35
2021-03-09 02:00:00+00:00,15.9,18.2
2021-03-09 03:00:00+00:00,15.875,18.15
2021-03-09 04:00:00+00:00,16.2,18.049999999999997
2021-03-09 05:00:00+00:00,16.35,18.15
2021-03-09 06:00:00+00:00,16.450000000000003,18.05
2021-03-09 07:00:00+00:00,16.5,18.05
2021-03-09 08:00:00+00:00,16.375,17.924999999999997
2021-03-09 09:00:00+00:00,16.825000000000003,18.0
2021-03-09 10:00:00+00:00,17.0,17.925
2021-03-09 11:00:00+00:00,17.075000000000003,17.900000000000002
2021-03-09 12:00:00+00:00,16.925,17.875
2021-03-09 13:00:00+00:00,17.05,17.8
2021-03-09 14:00:00+00:00,17.9,17.799999999999997
2021-03-09 15:00:00+00:00,18.65,17.875
2021-03-09 16:00:00+00:00,19.725,18.049999999999997
2021-03-09 17:00:00+00:00,20.2,18.2
2021-03-09 18:00:00+00:00,20.35,18.525
2021-03-09 19:00:00+00:00,20.45,18.975
2021-03-09 20:00:00+00:00,20.5,19.575000000000003
2021-03-09 21:00:00+00:00,20.549999999999997,20.175
2021-03-09 22:00:00+00:00,20.475,20.575
2021-03-09 23:00:00+00:00,19.65,20.925
2021-03-10 00:00:00+00:00,19.35,20.924999999999997
2021-03-10 01:00:00+00:00,18.775,20.700000000000003
2021-03-10 02:00:00+00:00,18.5,20.275
2021-03-10 03:00:00+00:00,18.425,20.0
2021-03-10 04:00:00+00:00,18.4,19.85
2021-03-10 05:00:00+00:00,18.1,19.7
2021-03-10 06:00:00+00:00,18.05,19.625
2021-03-10 07:00:00+00:00,18.025,19.525
2021-03-10 08:00:00+00:00,17.75,19.275
2021-03-10 09:00:00+00:00,17.775,19.2
2021-03-10 10:00:00+00:00,17.650000000000002,19.15
2021-03-10 11:00:00+00:00,17.725,19.15
2021-03-10 12:00:00+00:00,17.924999999999997,19.05
2021-03-10 13:00:00+00:00,18.225,18.925
2021-03-10 14:00:00+00:00,18.6,18.875
2021-03-10 15:00:00+00:00,19.525,19.0
2021-03-10 16:00:00+00:00,20.425,19.125
2021-03-10 17:00:00+00:00,21.1,19.325
2021-03-10 18:00:00+00:00,21.300000000000004,19.575000000000003
2021-03-10 19:00:00+00:00,21.15,19.975
2021-03-10 20:00:00+00:00,21.0,20.325000000000003
2021-03-10 21:00:00+00:00,21.075,20.575
2021-03-10 22:00:00+00:00,21.049999999999997,20.85
2021-03-10 23:00:00+00:00,20.75,21.15
2021-03-11 00:00:00+00:00,20.15,21.275
2021-03-11 01:00:00+00:00,19.575,21.1
2021-03-11 02:00:00+00:00,19.450000000000003,20.775
2021-03-11 03:00:00+00:00,19.4,20.6
2021-03-11 04:00:00+00:00,19.55,20.45
2021-03-11 05:00:00+00:00,19.575,20.35
2021-03-11 06:00:00+00:00,19.625,20.200000000000003
2021-03-11 07:00:00+00:00,19.65,20.125
2021-03-11 08:00:00+00:00,19.625,20.049999999999997
2021-03-11 09:00:00+00:00,19.6,20.075000000000003
2021-03-11 10:00:00+00:00,19.35,20.025000000000002
2021-03-11 11:00:00+00:00,19.375,20.025
2021-03-11 12:00:00+00:00,19.25,19.974999999999998
2021-03-11 13:00:00+00:00,19.05,19.925
2021-03-11 14:00:00+00:00,19.325,19.825
2021-03-11 15:00:00+00:00,20.125,19.875
2021-03-11 16:00:00+00:00,20.6,20.0
2021-03-11 17:00:00+00:00,21.150000000000002,20.35
2021-03-11 18:00:00+00:00,21.5,20.625
2021-03-11 19:00:00+00:00,21.675000000000004,21.025
2021-03-11 20:00:00+00:00,22.125,21.349999999999998
2021-03-11 21:00:00+00:00,22.175,21.625
2021-03-11 22:00:00+00:00,22.0,21.875
2021-03-11 23:00:00+00:00,21.2,22.175
2021-03-12 00:00:00+00:00,20.625,22.299999999999997
2021-03-12 01:00:00+00:00,20.275,22.25
2021-03-12 02:00:00+00:00,20.25,21.95
2021-03-12 03:00:00+00:00,20.25,21.7
2021-03-12 04:00:00+00:00,20.25,21.525
2021-03-12 05:00:00+00:00,20.2,21.275
2021-03-12 06:00:00+00:00,20.075,21.225
2021-03-12 07:00:00+00:00,20.125,21.075
2021-03-12 08:00:00+00:00,20.1,21.0
2021-03-12 09:00:00+00:00,20.15,20.9
2021-03-12 10:00:00+00:00,20.25,20.875
2021-03-12 11:00:00+00:00,20.125,20.825
2021-03-12 12:00:00+00:00,20.025000000000002,20.8
2021-03-12 13:00:00+00:00,19.85,20.799999999999997
2021-03-12 14:00:00+00:00,19.95,20.825000000000003
2021-03-12 15:00:00+00:00,20.7,20.975
2021-03-12 16:00:00+00:00,21.325000000000003,21.125
2021-03-12 17:00:00+00:00,21.549999999999997,21.375
2021-03-12 18:00:00+00:00,21.85,21.625
2021-03-12 19:00:00+00:00,22.0,22.0
2021-03-12 20:00:00+00:00,22.125,22.375
2021-03-12 21:00:00+00:00,21.999999999999996,22.75
2021-03-12 22:00:00+00:00,21.599999999999998,22.950000000000003
2021-03-12 23:00:00+00:00,21.55,22.875
2021-03-13 00:00:00+00:00,20.8,22.775
2021-03-13 01:00:00+00:00,20.425,22.65
2021-03-13 02:00:00+00:00,20.325,22.5
2021-03-13 03:00:00+00:00,20.549999999999997,22.45
2021-03-13 04:00:00+00:00,20.425,22.4
2021-03-13 05:00:00+00:00,20.475,22.249999999999996
2021-03-13 06:00:00+00:00,20.475,22.125
2021-03-13 07:00:00+00:00,20.475,22.025
2021-03-13 08:00:00+00:00,20.45,22.049999999999997
2021-03-13 09:00:00+00:00,20.0,21.875
2021-03-13 10:00:00+00:00,20.175,21.75
2021-03-13 11:00:00+00:00,19.975,21.699999999999996
2021-03-13 12:00:00+00:00,19.825,21.674999999999997
2021-03-13 13:00:00+00:00,19.700000000000003,21.55
2021-03-13 14:00:00+00:00,19.925,21.625
2021-03-13 15:00:00+00:00,20.675,21.65
2021-03-13 16:00:00+00:00,21.424999999999997,21.700000000000003
2021-03-13 17:00:00+00:00,21.849999999999998,21.85
2021-03-13 18:00:00+00:00,22.125,22.075000000000003
2021-03-13 19:00:00+00:00,22.099999999999998,22.450000000000003
2021-03-13 20:00:00+00:00,22.075,22.825000000000003
2021-03-13 21:00:00+00:00,21.975,23.049999999999997
2021-03-13 22:00:00+00:00,22.133333333333336,23.266666666666666
2021-03-13 23:00:00+00:00,21.625,23.299999999999997
2021-03-14 00:00:00+00:00,21.075,23.275
2021-03-14 01:00:00+00:00,20.75,23.125
2021-03-14 02:00:00+00:00,20.55,23.075
2021-03-14 03:00:00+00:00,20.475,22.975
2021-03-14 04:00:00+00:00,20.625,22.924999999999997
2021-03-14 05:00:00+00:00,20.65,22.775000000000002
2021-03-14 06:00:00+00:00,20.6,22.625
2021-03-14 07:00:00+00:00,20.675,22.475
2021-03-14 08:00:00+00:00,20.75,22.35
2021-03-14 09:00:00+00:00,20.725,22.125
2021-03-14 10:00:00+00:00,20.625,22.049999999999997
2021-03-14 11:00:00+00:00,20.7,21.95
2021-03-14 12:00:00+00:00,20.675,21.875
2021-03-14 13:00:00+00:00,20.525,21.8
2021-03-14 14:00:00+00:00,20.65,21.775000000000002
2021-03-14 15:00:00+00:00,20.849999999999998,21.800000000000004
2021-03-14 16:00:00+00:00,20.900000000000002,21.800000000000004
2021-03-14 17:00:00+00:00,21.375,21.775
2021-03-14 18:00:00+00:00,21.55,21.9
2021-03-14 19:00:00+00:00,19.733333333333334,22.233333333333334
2021-03-14 20:00:00+00:00,16.25,21.874999999999996
2021-03-14 21:00:00+00:00,15.25,21.775
2021-03-14 22:00:00+00:00,15.375,21.7
2021-03-14 23:00:00+00:00,15.600000000000001,21.625
2021-03-15 00:00:00+00:00,15.975,21.625
2021-03-15 01:00:00+00:00,16.425,21.5
2021-03-15 02:00:00+00:00,16.825,21.349999999999998
2021-03-15 03:00:00+00:00,17.1,21.25
2021-03-15 04:00:00+00:00,17.475,21.175
2021-03-15 05:00:00+00:00,17.8,21.025
2021-03-15 06:00:00+00:00,17.5,21.0
2021-03-15 07:00:00+00:00,17.349999999999998,20.875
2021-03-15 08:00:00+00:00,16.674999999999997,20.75
2021-03-15 09:00:00+00:00,16.55,20.65
2021-03-15 10:00:00+00:00,16.725,20.550000000000004
2021-03-15 11:00:00+00:00,16.975,20.450000000000003
2021-03-15 12:00:00+00:00,16.95,20.35
2021-03-15 13:00:00+00:00,16.825,20.275000000000002
2021-03-15 14:00:00+00:00,16.925,20.200000000000003
2021-03-15 15:00:00+00:00,16.725,20.2
2021-03-15 16:00:00+00:00,17.1,20.225
2021-03-15 17:00:00+00:00,17.4,20.35
2021-03-15 18:00:00+00:00,18.125,20.5
2021-03-15 19:00:00+00:00,19.099999999999998,20.65
2021-03-15 20:00:00+00:00,19.65,20.724999999999998
2021-03-15 21:00:00+00:00,20.125,20.825
2021-03-15 22:00:00+00:00,20.349999999999998,20.9
2021-03-15 23:00:00+00:00,20.724999999999998,21.0
2021-03-16 00:00:00+00:00,20.825,21.05
2021-03-16 01:00:00+00:00,20.275,21.075
2021-03-16 02:00:00+00:00,19.975,21.025
2021-03-16 03:00:00+00:00,19.875,21.0
2021-03-16 04:00:00+00:00,19.525000000000002,20.925
2021-03-16 05:00:00+00:00,19.35,20.875
2021-03-16 06:00:00+00:00,19.475,20.85
2021-03-16 07:00:00+00:00,19.5,20.875
2021-03-16 08:00:00+00:00,19.6,20.9
2021-03-16 09:00:00+00:00,19.375,20.900000000000002
2021-03-16 10:00:00+00:00,19.25,20.825
2021-03-16 11:00:00+00:00,19.475,20.8
2021-03-16 12:00:00+00:00,19.95,20.825
2021-03-16 13:00:00+00:00,20.05,20.825
2021-03-16 14:00:00+00:00,20.3,20.725
2021-03-16 15:00:00+00:00,20.475,20.7
2021-03-16 16:00:00+00:00,20.900000000000002,20.7
2021-03-16 17:00:00+00:00,21.325,20.825
2021-03-16 18:00:00+00:00,22.1,20.925
2021-03-16 19:00:00+00:00,22.475,21.275
2021-03-16 20:00:00+00:00,22.65,21.475
2021-03-16 21:00:00+00:00,22.700000000000003,21.624999999999996
2021-03-16 22:00:00+00:00,22.075000000000003,21.775
2021-03-16 23:00:00+00:00,21.425,22.025
2021-03-17 00:00:00+00:00,21.175000000000004,22.025
2021-03-17 01:00:00+00:00,21.15,21.925
2021-03-17 02:00:00+00:00,21.075,21.849999999999998
2021-03-17 03:00:00+00:00,21.125,21.825
2021-03-17 04:00:00+00:00,21.174999999999997,21.825
2021-03-17 05:00:00+00:00,20.975,21.8
2021-03-17 06:00:00+00:00,21.2,21.799999999999997
2021-03-17 07:00:00+00:00,21.25,21.775000000000002
2021-03-17 08:00:00+00:00,21.4,21.724999999999998
2021-03-17 09:00:00+00:00,21.275000000000002,21.775000000000002
2021-03-17 10:00:00+00:00,21.225,21.8
2021-03-17 11:00:00+00:00,21.0,21.75
2021-03-17 12:00:00+00:00,20.925,21.825
2021-03-17 13:00:00+00:00,21.375,21.8
2021-03-17 14:00:00+00:00,21.425,21.75
2021-03-17 15:00:00+00:00,21.75,21.65
2021-03-17 16:00:00+00:00,20.15,21.6
2021-03-17 17:00:00+00:00,21.65,21.650000000000002
2021-03-17 18:00:00+00:00,22.4,21.825000000000003
2021-03-17 19:00:00+00:00,22.95,21.9
2021-03-17 20:00:00+00:00,24.775,22.2
2021-03-17 21:00:00+00:00,26.325000000000003,22.5
2021-03-17 22:00:00+00:00,26.85,22.625000000000004
2021-03-17 23:00:00+00:00,27.35,22.475
2021-03-18 00:00:00+00:00,26.474999999999998,22.675
2021-03-18 01:00:00+00:00,24.05,22.749999999999996
2021-03-18 02:00:00+00:00,22.3,22.625
2021-03-18 03:00:00+00:00,21.4,22.200000000000003
2021-03-18 04:00:00+00:00,20.15,21.775
2021-03-18 05:00:00+00:00,19.225,21.400000000000002
2021-03-18 06:00:00+00:00,17.625,20.925
2021-03-18 07:00:00+00:00,15.975,20.55
2021-03-18 08:00:00+00:00,14.45,19.875
2021-03-18 09:00:00+00:00,13.5,19.225
2021-03-18 10:00:00+00:00,12.700000000000001,18.875
2021-03-18 11:00:00+00:00,12.0,18.200000000000003
2021-03-18 12:00:00+00:00,11.325,17.5
2021-03-18 13:00:00+00:00,10.675,16.974999999999998
2021-03-18 14:00:00+00:00,11.375,16.525000000000002
2021-03-18 15:00:00+00:00,12.625,16.25
2021-03-18 16:00:00+00:00,13.849999999999998,16.2
2021-03-18 17:00:00+00:00,15.275,16.4
2021-03-18 18:00:00+00:00,16.650000000000002,16.775
2021-03-18 19:00:00+00:00,17.975,17.575
2021-03-18 20:00:00+00:00,19.675,18.15
2021-03-18 21:00:00+00:00,20.85,18.724999999999998
2021-03-18 22:00:00+00:00,21.725,19.125
2021-03-18 23:00:00+00:00,22.075,19.35
2021-03-19 00:00:00+00:00,21.775,19.475
2021-03-19 01:00:00+00:00,20.2,19.4
2021-03-19 02:00:00+00:00,18.475,19.3
2021-03-19 03:00:00+00:00,17.299999999999997,19.025
2021-03-19 04:00:00+00:00,16.15,18.775
2021-03-19 05:00:00+00:00,15.225,18.375
2021-03-19 06:00:00+00:00,14.85,18.175
2021-03-19 07:00:00+00:00,14.375,18.0
2021-03-19 08:00:00+00:00,13.75,17.799999999999997
2021-03-19 09:00:00+00:00,13.024999999999999,17.35
2021-03-19 10:00:00+00:00,11.15,16.925
2021-03-19 11:00:00+00:00,10.350000000000001,16.45
2021-03-19 12:00:00+00:00,9.6,15.975
2021-03-19 13:00:00+00:00,9.625,15.525
2021-03-19 14:00:00+00:00,11.174999999999999,15.075
2021-03-19 15:00:00+00:00,12.150000000000002,15.175
2021-03-19 16:00:00+00:00,12.95,15.424999999999999
2021-03-19 17:00:00+00:00,13.675,16.099999999999998
2021-03-19 18:00:00+00:00,14.725000000000001,16.95
2021-03-19 19:00:00+00:00,15.875,17.975
2021-03-19 20:00:00+00:00,17.15,18.549999999999997
2021-03-19 21:00:00+00:00,18.075,19.35
2021-03-19 22:00:00+00:00,18.924999999999997,19.725
2021-03-19 23:00:00+00:00,19.6,19.875
2021-03-20 00:00:00+00:00,19.424999999999997,20.2
2021-03-20 01:00:00+00:00,18.400000000000002,19.500000000000004
2021-03-20 02:00:00+00:00,17.2,19.525
2021-03-20 03:00:00+00:00,16.1,19.2
2021-03-20 04:00:00+00:00,15.875,19.0
2021-03-20 05:00:00+00:00,14.9,18.875
2021-03-20 06:00:00+00:00,13.975000000000001,18.575000000000003
2021-03-20 07:00:00+00:00,13.15,18.35
2021-03-20 08:00:00+00:00,12.525,17.950000000000003
2021-03-20 09:00:00+00:00,11.725000000000001,17.625
2021-03-20 10:00:00+00:00,11.575,17.325
2021-03-20 11:00:00+00:00,11.0,17.25
2021-03-20 12:00:00+00:00,10.850000000000001,17.025000000000002
2021-03-20 13:00:00+00:00,10.85,17.05
2021-03-20 14:00:00+00:00,11.65,17.125
2021-03-20 15:00:00+00:00,13.174999999999999,17.174999999999997
2021-03-20 16:00:00+00:00,13.95,17.275000000000002
2021-03-20 17:00:00+00:00,14.65,17.4
2021-03-20 18:00:00+00:00,15.4,17.799999999999997
2021-03-20 19:00:00+00:00,15.925,18.2
2021-03-20 20:00:00+00:00,16.674999999999997,18.675
2021-03-20 21:00:00+00:00,15.975000000000001,19.0
2021-03-20 22:00:00+00:00,16.225,19.3
2021-03-20 23:00:00+00:00,16.05,19.525
2021-03-21 00:00:00+00:00,15.475,19.475
2021-03-21 01:00:00+00:00,14.850000000000001,19.299999999999997
2021-03-21 02:00:00+00:00,14.450000000000001,19.1
2021-03-21 03:00:00+00:00,14.425,18.875
2021-03-21 04:00:00+00:00,14.350000000000001,18.625
2021-03-21 05:00:00+00:00,14.375,18.45
2021-03-21 06:00:00+00:00,14.225,18.225
2021-03-21 07:00:00+00:00,14.1,18.025
2021-03-21 08:00:00+00:00,14.175,17.95
2021-03-21 09:00:00+00:00,13.575000000000001,17.725
2021-03-21 10:00:00+00:00,13.35,17.775000000000002
2021-03-21 11:00:00+00:00,13.375,17.7
2021-03-21 12:00:00+00:00,13.325,17.575
2021-03-21 13:00:00+00:00,13.399999999999999,17.474999999999998
2021-03-21 14:00:00+00:00,14.95,17.35
2021-03-21 15:00:00+00:00,16.575,17.325
2021-03-21 16:00:00+00:00,17.05,17.4
2021-03-21 17:00:00+00:00,17.425,17.7
2021-03-21 18:00:00+00:00,17.75,18.025000000000002
2021-03-21 19:00:00+00:00,17.875,18.35
2021-03-21 20:00:00+00:00,18.35,18.75
2021-03-21 21:00:00+00:00,18.4,19.075
2021-03-21 22:00:00+00:00,18.599999999999998,19.25
2021-03-21 23:00:00+00:00,18.275,19.375
2021-03-22 00:00:00+00:00,18.05,19.425
2021-03-22 01:00:00+00:00,17.575,19.425000000000004
2021-03-22 02:00:00+00:00,17.625,19.35
2021-03-22 03:00:00+00:00,17.775,19.25
2021-03-22 04:00:00+00:00,17.849999999999998,19.2
2021-03-22 05:00:00+00:00,17.65,19.125
2021-03-22 06:00:00+00:00,17.975,19.099999999999998
2021-03-22 07:00:00+00:00,17.85,19.025
2021-03-22 08:00:00+00:00,17.75,18.974999999999998
2021-03-22 09:00:00+00:00,17.8,19.0
2021-03-22 10:00:00+00:00,17.825,18.95
2021-03-22 11:00:00+00:00,17.725,18.875
2021-03-22 12:00:00+00:00,17.725,18.775
2021-03-22 13:00:00+00:00,18.0,18.700000000000003
2021-03-22 14:00:00+00:00,18.8,18.675
2021-03-22 15:00:00+00:00,19.475,18.675
2021-03-22 16:00:00+00:00,19.95,18.825000000000003
2021-03-22 17:00:00+00:00,20.325000000000003,19.049999999999997
2021-03-22 18:00:00+00:00,20.475,19.375
2021-03-22 19:00:00+00:00,20.7,19.85
2021-03-22 20:00:00+00:00,20.675,20.175
2021-03-22 21:00:00+00:00,20.525,20.375
2021-03-22 22:00:00+00:00,20.275,20.475
2021-03-22 23:00:00+00:00,20.2,20.45
2021-03-23 00:00:00+00:00,20.125,20.425
2021-03-23 01:00:00+00:00,19.975,20.275
2021-03-23 02:00:00+00:00,20.025,20.2
2021-03-23 03:00:00+00:00,20.1,20.125
2021-03-23 04:00:00+00:00,20.075000000000003,20.025000000000002
2021-03-23 05:00:00+00:00,20.025,20.0
2021-03-23 06:00:00+00:00,20.025000000000002,19.95
2021-03-23 07:00:00+00:00,20.0,19.85
2021-03-23 08:00:00+00:00,20.0,19.85
2021-03-23 09:00:00+00:00,19.9,19.95
2021-03-23 10:00:00+00:00,19.65,19.875
2021-03-23 11:00:00+00:00,19.9,19.799999999999997
2021-03-23 12:00:00+00:00,19.75,19.825
2021-03-23 13:00:00+00:00,19.525,19.8
2021-03-23 14:00:00+00:00,20.424999999999997,19.825
2021-03-23 15:00:00+00:00,20.875,19.875
2021-03-23 16:00:00+00:00,21.925,20.0
2021-03-23 17:00:00+00:00,22.400000000000002,20.175
2021-03-23 18:00:00+00:00,22.75,20.55
2021-03-23 19:00:00+00:00,23.825,21.050000000000004
2021-03-23 20:00:00+00:00,24.7,21.375
2021-03-23 21:00:00+00:00,24.75,21.55
2021-03-23 22:00:00+00:00,23.750000000000004,21.6
2021-03-23 23:00:00+00:00,24.099999999999998,21.65
2021-03-24 00:00:00+00:00,23.025,21.65
2021-03-24 01:00:00+00:00,21.525,21.625
2021-03-24 02:00:00+00:00,20.625,21.549999999999997
2021-03-24 03:00:00+00:00,20.299999999999997,21.575
2021-03-24 04:00:00+00:00,19.6,21.599999999999998
2021-03-24 05:00:00+00:00,19.325,21.625
2021-03-24 06:00:00+00:00,19.325000000000003,21.6
2021-03-24 07:00:00+00:00,19.475,21.549999999999997
2021-03-24 08:00:00+00:00,19.625,21.400000000000002
2021-03-24 09:00:00+00:00,19.6,21.275
2021-03-24 10:00:00+00:00,19.65,21.275
2021-03-24 11:00:00+00:00,19.625,21.174999999999997
2021-03-24 12:00:00+00:00,19.625,21.15
2021-03-24 13:00:00+00:00,19.2,21.1
2021-03-24 14:00:00+00:00,19.200000000000003,21.049999999999997
2021-03-24 15:00:00+00:00,19.7,21.050000000000004
2021-03-24 16:00:00+00:00,20.25,21.050000000000004
2021-03-24 17:00:00+00:00,20.75,20.950000000000003
2021-03-24 18:00:00+00:00,20.775,21.025
2021-03-24 19:00:00+00:00,20.974999999999998,21.15
2021-03-24 20:00:00+00:00,21.35,21.3
2021-03-24 21:00:00+00:00,21.55,21.475
2021-03-24 22:00:00+00:00,21.424999999999997,21.65
2021-03-24 23:00:00+00:00,21.225,21.674999999999997
2021-03-25 00:00:00+00:00,20.625,21.700000000000003
2021-03-25 01:00:00+00:00,20.2,21.725
2021-03-25 02:00:00+00:00,20.175,21.675
2021-03-25 03:00:00+00:00,20.2,21.675
2021-03-25 04:00:00+00:00,20.224999999999998,21.625
2021-03-25 05:00:00+00:00,20.325,21.6
2021-03-25 06:00:00+00:00,20.299999999999997,21.525
2021-03-25 07:00:00+00:00,20.725,21.5
2021-03-25 08:00:00+00:00,20.8,21.475
2021-03-25 09:00:00+00:00,20.9,21.450000000000003
2021-03-25 10:00:00+00:00,21.075000000000003,21.424999999999997
2021-03-25 11:00:00+00:00,20.975,21.425000000000004
2021-03-25 12:00:00+00:00,21.049999999999997,21.425
2021-03-25 13:00:00+00:00,20.6,21.450000000000003
2021-03-25 14:00:00+00:00,18.45,21.4
2021-03-25 15:00:00+00:00,18.225,21.325
2021-03-25 16:00:00+00:00,19.475,21.424999999999997
2021-03-25 17:00:00+00:00,20.925,21.65
2021-03-25 18:00:00+00:00,22.475,21.8
2021-03-25 19:00:00+00:00,23.625,22.05
2021-03-25 20:00:00+00:00,24.525,22.349999999999998
2021-03-25 21:00:00+00:00,25.325,22.525
2021-03-25 22:00:00+00:00,25.525,22.7
2021-03-25 23:00:00+00:00,25.35,22.8
2021-03-26 00:00:00+00:00,24.675,22.9
2021-03-26 01:00:00+00:00,22.525,22.9
2021-03-26 02:00:00+00:00,21.425,23.025
2021-03-26 03:00:00+00:00,20.875,22.924999999999997
2021-03-26 04:00:00+00:00,20.15,22.85
2021-03-26 05:00:00+00:00,19.925,22.725
2021-03-26 06:00:00+00:00,19.5,22.575000000000003
2021-03-26 07:00:00+00:00,18.925,22.375
2021-03-26 08:00:00+00:00,18.9,22.125
2021-03-26 09:00:00+00:00,18.549999999999997,22.0
2021-03-26 10:00:00+00:00,18.225,21.9
2021-03-26 11:00:00+00:00,17.424999999999997,21.674999999999997
2021-03-26 12:00:00+00:00,17.5,21.35
2021-03-26 13:00:00+00:00,17.475,21.075000000000003
2021-03-26 14:00:00+00:00,18.925,20.95
2021-03-26 15:00:00+00:00,20.575000000000003,21.025
2021-03-26 16:00:00+00:00,21.525000000000002,21.3
2021-03-26 17:00:00+00:00,21.799999999999997,21.575
2021-03-26 18:00:00+00:00,22.125,21.825000000000003
2021-03-26 19:00:00+00:00,22.775,22.075000000000003
2021-03-26 20:00:00+00:00,21.775000000000002,22.45
2021-03-26 21:00:00+00:00,21.625,22.65
2021-03-26 22:00:00+00:00,21.599999999999998,22.75
2021-03-26 23:00:00+00:00,21.525,22.9
2021-03-27 00:00:00+00:00,20.875,23.0
2021-03-27 01:00:00+00:00,20.55,22.975
2021-03-27 02:00:00+00:00,20.224999999999998,22.825
2021-03-27 03:00:00+00:00,20.225,22.575
2021-03-27 04:00:00+00:00,20.3,22.400000000000002
2021-03-27 05:00:00+00:00,20.5,22.174999999999997
2021-03-27 06:00:00+00:00,21.0,22.125
2021-03-27 07:00:00+00:00,21.15,22.15
2021-03-27 08:00:00+00:00,21.0,22.075
2021-03-27 09:00:00+00:00,20.799999999999997,21.975
2021-03-27 10:00:00+00:00,21.05,22.0
2021-03-27 11:00:00+00:00,21.2,21.925000000000004
2021-03-27 12:00:00+00:00,21.1,21.875
2021-03-27 13:00:00+00:00,21.2,21.766666666666666
2021-03-27 14:00:00+00:00,21.325,21.9
2021-03-27 15:00:00+00:00,21.525000000000002,21.950000000000003
2021-03-27 16:00:00+00:00,22.125,22.0
2021-03-27 17:00:00+00:00,22.7,22.125
2021-03-27 18:00:00+00:00,22.799999999999997,22.375
2021-03-27 19:00:00+00:00,23.025,22.6
2021-03-27 20:00:00+00:00,23.125,22.675
2021-03-27 21:00:00+00:00,23.450000000000003,22.8
2021-03-27 22:00:00+00:00,23.4,23.0
2021-03-27 23:00:00+00:00,23.425,23.200000000000003
2021-03-28 00:00:00+00:00,23.0,23.325
2021-03-28 01:00:00+00:00,22.924999999999997,23.375
2021-03-28 02:00:00+00:00,22.75,23.325
2021-03-28 03:00:00+00:00,22.849999999999998,23.35
2021-03-28 04:00:00+00:00,22.950000000000003,23.375
2021-03-28 05:00:00+00:00,22.75,23.349999999999998
2021-03-28 06:00:00+00:00,22.4,23.325
2021-03-28 07:00:00+00:00,22.175,23.275
2021-03-28 08:00:00+00:00,22.025,23.225
2021-03-28 09:00:00+00:00,21.975,23.1
2021-03-28 10:00:00+00:00,21.975,23.05
2021-03-28 11:00:00+00:00,21.95,22.975
2021-03-28 12:00:00+00:00,18.65,22.85
2021-03-28 13:00:00+00:00,17.65,22.8
2021-03-28 14:00:00+00:00,17.675,22.475
2021-03-28 15:00:00+00:00,18.05,22.1
2021-03-28 16:00:00+00:00,18.3,21.825
2021-03-28 17:00:00+00:00,18.35,21.6
2021-03-28 18:00:00+00:00,17.324999999999996,21.375
2021-03-28 19:00:00+00:00,17.6,21.2
2021-03-28 20:00:00+00:00,18.025,20.950000000000003
2021-03-28 21:00:00+00:00,17.474999999999998,20.675
2021-03-28 22:00:00+00:00,15.925,20.475
2021-03-28 23:00:00+00:00,15.2,20.1
2021-03-29 00:00:00+00:00,15.399999999999999,19.975
2021-03-29 01:00:00+00:00,15.65,19.75
2021-03-29 02:00:00+00:00,15.774999999999999,19.450000000000003
2021-03-29 03:00:00+00:00,15.825,19.25
2021-03-29 04:00:00+00:00,15.775,19.025
2021-03-29 05:00:00+00:00,16.075000000000003,19.025000000000002
2021-03-29 06:00:00+00:00,15.950000000000001,18.799999999999997
2021-03-29 07:00:00+00:00,15.849999999999998,18.775000000000002
2021-03-29 08:00:00+00:00,15.825000000000001,18.700000000000003
2021-03-29 09:00:00+00:00,15.75,18.75
2021-03-29 10:00:00+00:00,15.599999999999998,18.75
2021-03-29 11:00:00+00:00,14.375000000000002,18.6
2021-03-29 12:00:00+00:00,14.65,18.325
2021-03-29 13:00:00+00:00,14.7,18.2
2021-03-29 14:00:00+00:00,15.75,18.05
2021-03-29 15:00:00+00:00,17.15,18.474999999999998
2021-03-29 16:00:00+00:00,18.375,18.725
2021-03-29 17:00:00+00:00,18.9,19.150000000000002
2021-03-29 18:00:00+00:00,19.25,19.525
2021-03-29 19:00:00+00:00,19.125,19.825
2021-03-29 20:00:00+00:00,19.025,20.025
2021-03-29 21:00:00+00:00,18.85,20.1
2021-03-29 22:00:00+00:00,18.875,20.225
2021-03-29 23:00:00+00:00,18.625,20.2
2021-03-30 00:00:00+00:00,18.5,20.175
2021-03-30 01:00:00+00:00,18.4,20.075
2021-03-30 02:00:00+00:00,18.4,20.0
2021-03-30 03:00:00+00:00,18.5,19.95
2021-03-30 04:00:00+00:00,18.7,19.924999999999997
2021-03-30 05:00:00+00:00,18.525,19.9
2021-03-30 06:00:00+00:00,18.575000000000003,19.875
2021-03-30 07:00:00+00:00,19.050000000000004,19.85
2021-03-30 08:00:00+00:00,19.55,19.825
2021-03-30 09:00:00+00:00,19.949999999999996,19.775
2021-03-30 10:00:00+00:00,20.125,19.8
2021-03-30 11:00:00+00:00,20.15,19.8
2021-03-30 12:00:00+00:00,20.175,19.775
2021-03-30 13:00:00+00:00,20.3,19.799999999999997
2021-03-30 14:00:00+00:00,20.75,19.8
2021-03-30 15:00:00+00:00,21.275000000000002,19.875
2021-03-30 16:00:00+00:00,21.85,20.05
2021-03-30 17:00:00+00:00,22.65,20.2
2021-03-30 18:00:00+00:00,22.9,20.525
2021-03-30 19:00:00+00:00,23.150000000000002,20.725
2021-03-30 20:00:00+00:00,23.200000000000003,20.974999999999998
2021-03-30 21:00:00+00:00,23.150000000000002,21.4
2021-03-30 22:00:00+00:00,22.950000000000003,21.725
2021-03-30 23:00:00+00:00,22.799999999999997,22.225
2021-03-31 00:00:00+00:00,22.5,22.275
2021-03-31 01:00:00+00:00,22.125,22.325
2021-03-31 02:00:00+00:00,21.924999999999997,22.275000000000002
2021-03-31 03:00:00+00:00,21.875,22.2
2021-03-31 04:00:00+00:00,21.875000000000004,22.025
2021-03-31 05:00:00+00:00,22.049999999999997,22.025
2021-03-31 06:00:00+00:00,22.025,22.0
2021-03-31 07:00:00+00:00,22.025,21.900000000000002
2021-03-31 08:00:00+00:00,22.025,21.825000000000003
2021-03-31 09:00:00+00:00,21.9,21.724999999999998
2021-03-31 10:00:00+00:00,21.750000000000004,21.75
2021-03-31 11:00:00+00:00,21.7,21.775
2021-03-31 12:00:00+00:00,21.550000000000004,21.8
2021-03-31 13:00:00+00:00,21.375,21.875
2021-03-31 14:00:00+00:00,21.625,21.875
2021-03-31 15:00:00+00:00,22.099999999999998,21.900000000000002
2021-03-31 16:00:00+00:00,22.575,22.025
2021-03-31 17:00:00+00:00,22.95,22.150000000000002
2021-03-31 18:00:00+00:00,23.375,22.275
2021-03-31 19:00:00+00:00,21.375000000000004,22.625
2021-03-31 20:00:00+00:00,19.35,22.924999999999997
2021-03-31 21:00:00+00:00,19.5,23.025
2021-03-31 22:00:00+00:00,19.674999999999997,22.825000000000003
2021-03-31 23:00:00+00:00,20.0,22.6
2021-04-01 00:00:00+00:00,20.674999999999997,22.375
2021-04-01 01:00:00+00:00,20.525,22.174999999999997
2021-04-01 02:00:00+00:00,20.150000000000002,22.025
2021-04-01 03:00:00+00:00,20.025,21.700000000000003
2021-04-01 04:00:00+00:00,19.174999999999997,21.450000000000003
2021-04-01 05:00:00+00:00,18.4,21.2
2021-04-01 06:00:00+00:00,17.9,20.825000000000003
2021-04-01 07:00:00+00:00,17.225,20.5
2021-04-01 08:00:00+00:00,16.5,20.099999999999998
2021-04-01 09:00:00+00:00,16.0,19.725
2021-04-01 10:00:00+00:00,15.525,19.224999999999998
2021-04-01 11:00:00+00:00,14.975,18.675
2021-04-01 12:00:00+00:00,14.825000000000001,18.225
2021-04-01 13:00:00+00:00,14.625,18.25
2021-04-01 14:00:00+00:00,14.725,18.1
2021-04-01 15:00:00+00:00,15.4,18.325
2021-04-01 16:00:00+00:00,16.4,18.700000000000003
2021-04-01 17:00:00+00:00,17.025,18.95
2021-04-01 18:00:00+00:00,17.7,19.225
2021-04-01 19:00:00+00:00,17.6,19.45
2021-04-01 20:00:00+00:00,17.8,19.724999999999998
2021-04-01 21:00:00+00:00,17.625,19.875
2021-04-01 22:00:00+00:00,17.675,20.075
2021-04-01 23:00:00+00:00,17.375,20.225
2021-04-02 00:00:00+00:00,17.1,20.025
2021-04-02 01:00:00+00:00,16.475,19.9
2021-04-02 02:00:00+00:00,16.299999999999997,19.775
2021-04-02 03:00:00+00:00,16.375,19.6
2021-04-02 04:00:00+00:00,16.349999999999998,19.45
2021-04-02 05:00:00+00:00,16.55,19.325000000000003
2021-04-02 06:00:00+00:00,16.424999999999997,19.25
2021-04-02 07:00:00+00:00,15.625,19.049999999999997
2021-04-02 08:00:00+00:00,15.875,18.950000000000003
2021-04-02 09:00:00+00:00,15.65,18.825
2021-04-02 10:00:00+00:00,15.075000000000001,18.799999999999997
2021-04-02 11:00:00+00:00,14.675,18.674999999999997
2021-04-02 12:00:00+00:00,14.65,18.375
2021-04-02 13:00:00+00:00,14.500000000000002,18.200000000000003
2021-04-02 14:00:00+00:00,16.1,18.325
2021-04-02 15:00:00+00:00,17.625,18.299999999999997
2021-04-02 16:00:00+00:00,17.75,18.7
2021-04-02 17:00:00+00:00,17.575,18.9
2021-04-02 18:00:00+00:00,17.474999999999998,19.125
2021-04-02 19:00:00+00:00,17.2,19.4
2021-04-02 20:00:00+00:00,17.05,19.7
2021-04-02 21:00:00+00:00,17.2,19.825000000000003
2021-04-02 22:00:00+00:00,17.05,19.924999999999997
2021-04-02 23:00:00+00:00,17.25,19.875
2021-04-03 00:00:00+00:00,17.25,19.875
2021-04-03 01:00:00+00:00,16.85,19.724999999999998
2021-04-03 02:00:00+00:00,16.75,19.6
2021-04-03 03:00:00+00:00,16.799999999999997,19.5
2021-04-03 04:00:00+00:00,16.75,19.3
2021-04-03 05:00:00+00:00,16.950000000000003,19.225
2021-04-03 06:00:00+00:00,17.375,19.125
2021-04-03 07:00:00+00:00,17.775,19.125
2021-04-03 08:00:00+00:00,17.7,18.924999999999997
2021-04-03 09:00:00+00:00,17.6,18.775
2021-04-03 10:00:00+00:00,17.6,18.7
2021-04-03 11:00:00+00:00,17.974999999999998,18.625
2021-04-03 12:00:00+00:00,18.0,18.5
2021-04-03 13:00:00+00:00,18.125,18.425
2021-04-03 14:00:00+00:00,18.85,18.375
2021-04-03 15:00:00+00:00,19.275,18.549999999999997
2021-04-03 16:00:00+00:00,19.325,18.75
2021-04-03 17:00:00+00:00,19.549999999999997,18.975
2021-04-03 18:00:00+00:00,19.475,19.299999999999997
2021-04-03 19:00:00+00:00,19.625,19.575000000000003
2021-04-03 20:00:00+00:00,19.35,19.775
2021-04-03 21:00:00+00:00,19.2,19.95
2021-04-03 22:00:00+00:00,19.525,20.1
2021-04-03 23:00:00+00:00,19.6,20.3
2021-04-04 00:00:00+00:00,19.325,20.3
2021-04-04 01:00:00+00:00,18.924999999999997,20.275
2021-04-04 02:00:00+00:00,18.625,20.125
2021-04-04 03:00:00+00:00,18.4,20.050000000000004
2021-04-04 04:00:00+00:00,18.325,19.925
2021-04-04 05:00:00+00:00,18.049999999999997,19.875
2021-04-04 06:00:00+00:00,17.950000000000003,19.700000000000003
2021-04-04 07:00:00+00:00,17.924999999999997,19.6
2021-04-04 08:00:00+00:00,17.9,19.475
2021-04-04 09:00:00+00:00,17.675000000000004,19.299999999999997
2021-04-04 10:00:00+00:00,17.3,19.225
2021-04-04 11:00:00+00:00,17.325,19.225
2021-04-04 12:00:00+00:00,17.55,19.275
2021-04-04 13:00:00+00:00,17.725,19.224999999999998
2021-04-04 14:00:00+00:00,18.35,19.150000000000002
2021-04-04 15:00:00+00:00,19.35,19.174999999999997
2021-04-04 16:00:00+00:00,20.075000000000003,19.550000000000004
2021-04-04 17:00:00+00:00,20.575,19.9
2021-04-04 18:00:00+00:00,20.85,20.35
2021-04-04 19:00:00+00:00,21.025,20.95
2021-04-04 20:00:00+00:00,21.075000000000003,21.375
2021-04-04 21:00:00+00:00,21.025,21.75
2021-04-04 22:00:00+00:00,20.875,21.924999999999997
2021-04-04 23:00:00+00:00,20.575,21.975
2021-04-05 00:00:00+00:00,20.45,21.85
2021-04-05 01:00:00+00:00,19.95,21.725
2021-04-05 02:00:00+00:00,19.525,21.525
2021-04-05 03:00:00+00:00,19.55,21.325
2021-04-05 04:00:00+00:00,19.375,21.249999999999996
2021-04-05 05:00:00+00:00,19.275,21.125
2021-04-05 06:00:00+00:00,19.05,21.099999999999998
2021-04-05 07:00:00+00:00,18.975,20.950000000000003
2021-04-05 08:00:00+00:00,18.775,20.875
2021-04-05 09:00:00+00:00,18.75,20.8
2021-04-05 10:00:00+00:00,18.8,20.75
2021-04-05 11:00:00+00:00,18.725,20.8
2021-04-05 12:00:00+00:00,19.025,20.775
2021-04-05 13:00:00+00:00,19.275,20.725
2021-04-05 14:00:00+00:00,20.15,20.700000000000003
2021-04-05 15:00:00+00:00,20.775,20.75
2021-04-05 16:00:00+00:00,21.2,21.0
2021-04-05 17:00:00+00:00,21.25,21.299999999999997
2021-04-05 18:00:00+00:00,21.375,21.45
2021-04-05 19:00:00+00:00,21.85,21.7
2021-04-05 20:00:00+00:00,21.95,22.025
2021-04-05 21:00:00+00:00,21.875,22.300000000000004
2021-04-05 22:00:00+00:00,21.724999999999998,22.425
2021-04-05 23:00:00+00:00,21.55,22.325
2021-04-06 00:00:00+00:00,21.275,22.275
2021-04-06 01:00:00+00:00,21.05,22.150000000000002
2021-04-06 02:00:00+00:00,20.975,22.025000000000002
2021-04-06 03:00:00+00:00,20.950000000000003,21.9
2021-04-06 04:00:00+00:00,20.9,21.875
2021-04-06 05:00:00+00:00,21.0,21.775
2021-04-06 06:00:00+00:00,21.0,21.725
2021-04-06 07:00:00+00:00,21.0,21.725
2021-04-06 08:00:00+00:00,20.875,21.700000000000003
2021-04-06 09:00:00+00:00,20.799999999999997,21.65
2021-04-06 10:00:00+00:00,20.75,21.675
2021-04-06 11:00:00+00:00,20.85,21.6
2021-04-06 12:00:00+00:00,20.775,21.549999999999997
2021-04-06 13:00:00+00:00,20.95,21.425
2021-04-06 14:00:00+00:00,21.6,21.500000000000004
2021-04-06 15:00:00+00:00,22.05,21.6
2021-04-06 16:00:00+00:00,22.55,21.874999999999996
2021-04-06 17:00:00+00:00,22.799999999999997,22.225
2021-04-06 18:00:00+00:00,22.925,22.85
2021-04-06 19:00:00+00:00,23.05,23.25
2021-04-06 20:00:00+00:00,23.075,23.699999999999996
2021-04-06 21:00:00+00:00,23.174999999999997,24.2
2021-04-06 22:00:00+00:00,23.1,24.4
2021-04-06 23:00:00+00:00,22.800000000000004,24.275
2021-04-07 00:00:00+00:00,22.4,24.075
2021-04-07 01:00:00+00:00,22.025,23.65
2021-04-07 02:00:00+00:00,22.0,23.474999999999998
2021-04-07 03:00:00+00:00,22.0,23.25
2021-04-07 04:00:00+00:00,22.125,23.049999999999997
2021-04-07 05:00:00+00:00,22.1,22.9
2021-04-07 06:00:00+00:00,22.125,22.8
2021-04-07 07:00:00+00:00,22.050000000000004,22.65
2021-04-07 08:00:00+00:00,22.1,22.6
2021-04-07 09:00:00+00:00,22.1,22.6
2021-04-07 10:00:00+00:00,22.05,22.625
2021-04-07 11:00:00+00:00,21.974999999999998,22.6
2021-04-07 12:00:00+00:00,21.974999999999998,22.525
2021-04-07 13:00:00+00:00,21.900000000000002,22.45
2021-04-07 14:00:00+00:00,22.275,22.5
2021-04-07 15:00:00+00:00,22.65,22.599999999999998
2021-04-07 16:00:00+00:00,22.95,22.8
2021-04-07 17:00:00+00:00,23.099999999999998,23.075000000000003
2021-04-07 18:00:00+00:00,22.95,23.125
2021-04-07 19:00:00+00:00,23.175,23.4
2021-04-07 20:00:00+00:00,23.225,23.575
2021-04-07 21:00:00+00:00,23.05,23.700000000000003
2021-04-07 22:00:00+00:00,23.075000000000003,23.75
2021-04-07 23:00:00+00:00,23.225,23.900000000000002
2021-04-08 00:00:00+00:00,23.000000000000004,23.95
2021-04-08 01:00:00+00:00,22.575,23.925
2021-04-08 02:00:00+00:00,22.200000000000003,23.7
2021-04-08 03:00:00+00:00,22.175,23.525
2021-04-08 04:00:00+00:00,22.15,23.5
2021-04-08 05:00:00+00:00,22.1,23.475
2021-04-08 06:00:00+00:00,21.900000000000002,23.475
2021-04-08 07:00:00+00:00,21.775,23.424999999999997
2021-04-08 08:00:00+00:00,21.675,23.375
2021-04-08 09:00:00+00:00,21.575,23.374999999999996
2021-04-08 10:00:00+00:00,21.575000000000003,23.325
2021-04-08 11:00:00+00:00,21.5,23.325
2021-04-08 12:00:00+00:00,21.725,23.299999999999997
2021-04-08 13:00:00+00:00,21.75,23.25
2021-04-08 14:00:00+00:00,22.05,23.25
2021-04-08 15:00:00+00:00,22.55,23.3
2021-04-08 16:00:00+00:00,23.15,23.425000000000004
2021-04-08 17:00:00+00:00,23.75,23.85
2021-04-08 18:00:00+00:00,24.150000000000002,24.325
2021-04-08 19:00:00+00:00,24.15,24.9
2021-04-08 20:00:00+00:00,24.450000000000003,25.425
2021-04-08 21:00:00+00:00,24.45,25.674999999999997
2021-04-08 22:00:00+00:00,23.625,25.825000000000003
2021-04-08 23:00:00+00:00,22.625,26.0
2021-04-09 00:00:00+00:00,22.75,26.0
2021-04-09 01:00:00+00:00,22.725,25.799999999999997
2021-04-09 02:00:00+00:00,22.75,25.4
2021-04-09 03:00:00+00:00,22.775,25.225
2021-04-09 04:00:00+00:00,22.725,25.049999999999997
2021-04-09 05:00:00+00:00,22.775,24.85
2021-04-09 06:00:00+00:00,22.725,24.6
2021-04-09 07:00:00+00:00,22.900000000000002,24.400000000000002
2021-04-09 08:00:00+00:00,22.674999999999997,24.225
2021-04-09 09:00:00+00:00,22.775,24.25
2021-04-09 10:00:00+00:00,22.974999999999998,24.075000000000003
2021-04-09 11:00:00+00:00,23.15,24.099999999999998
2021-04-09 12:00:00+00:00,23.025,24.125
2021-04-09 13:00:00+00:00,23.1,24.025000000000002
2021-04-09 14:00:00+00:00,23.324999999999996,24.075
2021-04-09 15:00:00+00:00,23.625,24.074999999999996
2021-04-09 16:00:00+00:00,23.85,24.1
2021-04-09 17:00:00+00:00,24.0,24.225
2021-04-09 18:00:00+00:00,24.175000000000004,24.549999999999997
2021-04-09 19:00:00+00:00,23.95,24.699999999999996
2021-04-09 20:00:00+00:00,24.200000000000003,24.799999999999997
2021-04-09 21:00:00+00:00,24.2,24.925000000000004
2021-04-09 22:00:00+00:00,24.249999999999996,25.275
2021-04-09 23:00:00+00:00,24.25,25.375
2021-04-10 00:00:00+00:00,24.0,25.5
2021-04-10 01:00:00+00:00,23.700000000000003,25.300000000000004
2021-04-10 02:00:00+00:00,23.549999999999997,25.175
2021-04-10 03:00:00+00:00,23.450000000000003,25.049999999999997
2021-04-10 04:00:00+00:00,23.45,24.575
2021-04-10 05:00:00+00:00,23.475,24.4
2021-04-10 06:00:00+00:00,23.424999999999997,24.125
2021-04-10 07:00:00+00:00,23.325,24.05
2021-04-10 08:00:00+00:00,22.95,24.0
2021-04-10 09:00:00+00:00,22.624999999999996,24.0
2021-04-10 10:00:00+00:00,22.7,23.950000000000003
2021-04-10 11:00:00+00:00,22.725,23.9
2021-04-10 12:00:00+00:00,22.775000000000002,23.95
2021-04-10 13:00:00+00:00,22.9,24.0
2021-04-10 14:00:00+00:00,21.95,24.049999999999997
2021-04-10 15:00:00+00:00,19.325,24.025000000000002
2021-04-10 16:00:00+00:00,20.125,24.075000000000003
2021-04-10 17:00:00+00:00,21.55,24.125
2021-04-10 18:00:00+00:00,22.900000000000002,24.349999999999998
2021-04-10 19:00:00+00:00,24.675,24.65
2021-04-10 20:00:00+00:00,25.8,25.049999999999997
2021-04-10 21:00:00+00:00,26.675,25.35
2021-04-10 22:00:00+00:00,27.0,25.150000000000002
2021-04-10 23:00:00+00:00,26.950000000000003,25.2
2021-04-11 00:00:00+00:00,26.3,25.674999999999997
2021-04-11 01:00:00+00:00,24.575,25.275000000000002
2021-04-11 02:00:00+00:00,23.25,24.975
2021-04-11 03:00:00+00:00,22.35,24.8
2021-04-11 04:00:00+00:00,21.875,24.6
2021-04-11 05:00:00+00:00,21.7,24.424999999999997
2021-04-11 06:00:00+00:00,20.775000000000002,24.325
2021-04-11 07:00:00+00:00,19.85,24.049999999999997
2021-04-11 08:00:00+00:00,19.45,23.575
2021-04-11 09:00:00+00:00,19.2,23.125
2021-04-11 10:00:00+00:00,18.4,22.925
2021-04-11 11:00:00+00:00,18.5,22.700000000000003
2021-04-11 12:00:00+00:00,18.275,22.450000000000003
2021-04-11 13:00:00+00:00,18.725,22.200000000000003
2021-04-11 14:00:00+00:00,19.65,22.075000000000003
2021-04-11 15:00:00+00:00,21.45,21.925
2021-04-11 16:00:00+00:00,22.125,22.2
2021-04-11 17:00:00+00:00,22.349999999999998,22.75
2021-04-11 18:00:00+00:00,22.45,23.25
2021-04-11 19:00:00+00:00,22.725,23.75
2021-04-11 20:00:00+00:00,22.675,24.025
2021-04-11 21:00:00+00:00,22.85,24.15
2021-04-11 22:00:00+00:00,22.575000000000003,24.375
2021-04-11 23:00:00+00:00,22.174999999999997,24.424999999999997
2021-04-12 00:00:00+00:00,21.875,24.224999999999998
2021-04-12 01:00:00+00:00,21.3,24.075
2021-04-12 02:00:00+00:00,21.2,23.95
2021-04-12 03:00:00+00:00,21.425,23.900000000000002
2021-04-12 04:00:00+00:00,21.325,23.824999999999996
2021-04-12 05:00:00+00:00,21.4,23.75
2021-04-12 06:00:00+00:00,21.225,23.65
2021-04-12 07:00:00+00:00,21.075,23.575
2021-04-12 08:00:00+00:00,21.0,23.475
2021-04-12 09:00:00+00:00,21.375,23.25
2021-04-12 10:00:00+00:00,21.525000000000002,23.175
2021-04-12 11:00:00+00:00,21.525000000000002,22.999999999999996
2021-04-12 12:00:00+00:00,21.625,22.950000000000003
2021-04-12 13:00:00+00:00,21.725,22.925
2021-04-12 14:00:00+00:00,22.224999999999998,22.950000000000003
2021-04-12 15:00:00+00:00,22.474999999999998,23.0
2021-04-12 16:00:00+00:00,22.975,23.099999999999998
2021-04-12 17:00:00+00:00,23.525,23.35
2021-04-12 18:00:00+00:00,23.7,23.700000000000003
2021-04-12 19:00:00+00:00,23.599999999999998,23.924999999999997
2021-04-12 20:00:00+00:00,23.725,24.125
2021-04-12 21:00:00+00:00,23.549999999999997,24.174999999999997
2021-04-12 22:00:00+00:00,23.299999999999997,24.325
2021-04-12 23:00:00+00:00,23.025,24.325000000000003
2021-04-13 00:00:00+00:00,22.825000000000003,24.250000000000004
2021-04-13 01:00:00+00:00,22.7,24.15
2021-04-13 02:00:00+00:00,22.7,24.075
2021-04-13 03:00:00+00:00,22.775000000000002,24.0
2021-04-13 04:00:00+00:00,22.775000000000002,23.924999999999997
2021-04-13 05:00:00+00:00,22.700000000000003,23.900000000000002
2021-04-13 06:00:00+00:00,22.700000000000003,23.925
2021-04-13 07:00:00+00:00,22.674999999999997,23.825
2021-04-13 08:00:00+00:00,22.675,23.725
2021-04-13 09:00:00+00:00,22.6,23.750000000000004
2021-04-13 10:00:00+00:00,22.549999999999997,23.7
2021-04-13 11:00:00+00:00,22.549999999999997,23.65
2021-04-13 12:00:00+00:00,22.549999999999997,23.6
2021-04-13 13:00:00+00:00,22.6,23.549999999999997
2021-04-13 14:00:00+00:00,22.75,23.5
2021-04-13 15:00:00+00:00,22.925,23.55
2021-04-13 16:00:00+00:00,23.5,23.599999999999998
2021-04-13 17:00:00+00:00,24.174999999999997,23.775
2021-04-13 18:00:00+00:00,24.95,24.0
2021-04-13 19:00:00+00:00,24.200000000000003,24.45
2021-04-13 20:00:00+00:00,24.875,25.075000000000003
2021-04-13 21:00:00+00:00,25.3,25.650000000000002
2021-04-13 22:00:00+00:00,24.85,25.85
2021-04-13 23:00:00+00:00,24.45,26.05
2021-04-14 00:00:00+00:00,24.225,26.025
2021-04-14 01:00:00+00:00,23.825,25.9
2021-04-14 02:00:00+00:00,23.474999999999998,25.775000000000002
2021-04-14 03:00:00+00:00,23.3,25.7
2021-04-14 04:00:00+00:00,23.25,25.65
2021-04-14 05:00:00+00:00,23.349999999999998,25.625
2021-04-14 06:00:00+00:00,23.0,25.525
2021-04-14 07:00:00+00:00,22.6,25.35
2021-04-14 08:00:00+00:00,22.55,25.249999999999996
2021-04-14 09:00:00+00:00,22.675,25.175
2021-04-14 10:00:00+00:00,22.8,25.150000000000002
2021-04-14 11:00:00+00:00,23.0,25.125
2021-04-14 12:00:00+00:00,23.1,25.05
2021-04-14 13:00:00+00:00,23.25,25.0
2021-04-14 14:00:00+00:00,23.7,24.925
2021-04-14 15:00:00+00:00,24.075,24.9
2021-04-14 16:00:00+00:00,24.35,24.950000000000003
2021-04-14 17:00:00+00:00,24.775,24.95
2021-04-14 18:00:00+00:00,24.924999999999997,25.025
2021-04-14 19:00:00+00:00,25.450000000000003,25.1
2021-04-14 20:00:00+00:00,25.75,25.325000000000003
2021-04-14 21:00:00+00:00,26.15,25.55
2021-04-14 22:00:00+00:00,25.9,25.799999999999997
2021-04-14 23:00:00+00:00,25.375,25.975
2021-04-15 00:00:00+00:00,24.95,26.15
2021-04-15 01:00:00+00:00,24.525,26.15
2021-04-15 02:00:00+00:00,24.25,26.075
2021-04-15 03:00:00+00:00,23.974999999999998,26.075
2021-04-15 04:00:00+00:00,23.675,26.099999999999998
2021-04-15 05:00:00+00:00,23.425,26.025
2021-04-15 06:00:00+00:00,23.475,25.925
2021-04-15 07:00:00+00:00,23.325,25.875
2021-04-15 08:00:00+00:00,22.95,25.825
2021-04-15 09:00:00+00:00,23.366666666666664,26.03333333333333
2021-04-15 10:00:00+00:00,22.5,25.6
2021-04-15 11:00:00+00:00,22.225,25.6
2021-04-15 12:00:00+00:00,21.85,25.525
2021-04-15 13:00:00+00:00,21.325,25.425000000000004
2021-04-15 14:00:00+00:00,21.025,25.3
2021-04-15 15:00:00+00:00,21.05,25.225
2021-04-15 16:00:00+00:00,21.225,25.174999999999997
2021-04-15 17:00:00+00:00,21.35,25.049999999999997
2021-04-15 18:00:00+00:00,21.725,25.049999999999997
2021-04-15 19:00:00+00:00,21.4,24.925
2021-04-15 20:00:00+00:00,21.25,24.8
2021-04-15 21:00:00+00:00,21.425,24.700000000000003
2021-04-15 22:00:00+00:00,21.499999999999996,24.6
2021-04-15 23:00:00+00:00,21.725,24.525
2021-04-16 00:00:00+00:00,21.849999999999998,24.4
2021-04-16 01:00:00+00:00,21.875,24.35
2021-04-16 02:00:00+00:00,21.949999999999996,24.249999999999996
2021-04-16 03:00:00+00:00,21.950000000000003,24.099999999999998
2021-04-16 04:00:00+00:00,22.05,24.05
2021-04-16 05:00:00+00:00,21.950000000000003,23.949999999999996
2021-04-16 06:00:00+00:00,21.825000000000003,24.0
2021-04-16 07:00:00+00:00,21.6,23.9
2021-04-16 08:00:00+00:00,21.475,23.825000000000003
2021-04-16 09:00:00+00:00,21.6,23.75
2021-04-16 10:00:00+00:00,21.775,23.775
2021-04-16 11:00:00+00:00,22.025,23.725
2021-04-16 12:00:00+00:00,22.275000000000002,23.75
2021-04-16 13:00:00+00:00,22.475,23.674999999999997
2021-04-16 14:00:00+00:00,22.700000000000003,23.675
2021-04-16 15:00:00+00:00,23.075000000000003,23.674999999999997
2021-04-16 16:00:00+00:00,23.474999999999998,23.775000000000002
2021-04-16 17:00:00+00:00,23.825,23.900000000000002
2021-04-16 18:00:00+00:00,23.950000000000003,24.025000000000002
2021-04-16 19:00:00+00:00,23.924999999999997,24.150000000000002
2021-04-16 20:00:00+00:00,24.425000000000004,24.299999999999997
2021-04-16 21:00:00+00:00,24.75,24.450000000000003
2021-04-16 22:00:00+00:00,24.6,24.575000000000003
2021-04-16 23:00:00+00:00,24.325,24.625
2021-04-17 00:00:00+00:00,24.125000000000004,24.674999999999997
2021-04-17 01:00:00+00:00,24.0,24.725
2021-04-17 02:00:00+00:00,22.7,24.725
2021-04-17 03:00:00+00:00,21.549999999999997,24.75
2021-04-17 04:00:00+00:00,20.7,24.575000000000003
2021-04-17 05:00:00+00:00,20.075,24.325000000000003
2021-04-17 06:00:00+00:00,19.5,24.125
2021-04-17 07:00:00+00:00,18.775,23.849999999999998
2021-04-17 08:00:00+00:00,18.175,23.5
2021-04-17 09:00:00+00:00,17.5,23.050000000000004
2021-04-17 10:00:00+00:00,17.1,22.575
2021-04-17 11:00:00+00:00,16.7,22.25
2021-04-17 12:00:00+00:00,16.175,21.775
2021-04-17 13:00:00+00:00,15.450000000000001,21.475
2021-04-17 14:00:00+00:00,15.625,21.25
2021-04-17 15:00:00+00:00,15.75,20.975
2021-04-17 16:00:00+00:00,16.125,20.875
2021-04-17 17:00:00+00:00,15.899999999999999,20.55
2021-04-17 18:00:00+00:00,15.625,20.825
2021-04-17 19:00:00+00:00,15.774999999999999,20.25
2021-04-17 20:00:00+00:00,16.174999999999997,20.05
2021-04-17 21:00:00+00:00,16.375000000000004,19.9
2021-04-17 22:00:00+00:00,15.925,19.725
2021-04-17 23:00:00+00:00,16.0,19.85
2021-04-18 00:00:00+00:00,16.4,20.075000000000003
2021-04-18 01:00:00+00:00,17.025,20.05
2021-04-18 02:00:00+00:00,17.45,19.700000000000003
2021-04-18 03:00:00+00:00,16.674999999999997,19.575
2021-04-18 04:00:00+00:00,15.950000000000001,19.25
2021-04-18 05:00:00+00:00,15.1,19.025000000000002
2021-04-18 06:00:00+00:00,14.55,18.85
2021-04-18 07:00:00+00:00,14.325,18.725
2021-04-18 08:00:00+00:00,13.875,18.4
2021-04-18 09:00:00+00:00,13.475,18.25
2021-04-18 10:00:00+00:00,13.35,18.125
2021-04-18 11:00:00+00:00,12.925,17.775000000000002
2021-04-18 12:00:00+00:00,12.7,17.5
2021-04-18 13:00:00+00:00,12.575,17.375
2021-04-18 14:00:00+00:00,12.85,16.95
2021-04-18 15:00:00+00:00,13.3,16.85
2021-04-18 16:00:00+00:00,13.825,16.925
2021-04-18 17:00:00+00:00,14.5,16.6
2021-04-18 18:00:00+00:00,15.200000000000001,16.924999999999997
2021-04-18 19:00:00+00:00,15.825,17.175
2021-04-18 20:00:00+00:00,16.725,17.6
2021-04-18 21:00:00+00:00,17.25,17.575
2021-04-18 22:00:00+00:00,17.65,17.724999999999998
2021-04-18 23:00:00+00:00,18.2,17.775
2021-04-19 00:00:00+00:00,18.175,17.875
2021-04-19 01:00:00+00:00,17.8,17.675
2021-04-19 02:00:00+00:00,17.299999999999997,17.65
2021-04-19 03:00:00+00:00,16.925,17.724999999999998
2021-04-19 04:00:00+00:00,16.7,17.725
2021-04-19 05:00:00+00:00,16.35,17.75
2021-04-19 06:00:00+00:00,16.275,17.675
2021-04-19 07:00:00+00:00,15.675,17.675
2021-04-19 08:00:00+00:00,15.55,17.325000000000003
2021-04-19 09:00:00+00:00,15.225000000000001,17.325
2021-04-19 10:00:00+00:00,14.749999999999998,17.25
2021-04-19 11:00:00+00:00,14.175,17.125
2021-04-19 12:00:00+00:00,13.75,17.05
2021-04-19 13:00:00+00:00,14.625,17.200000000000003
2021-04-19 14:00:00+00:00,15.95,17.325000000000003
2021-04-19 15:00:00+00:00,17.75,17.2
2021-04-19 16:00:00+00:00,18.55,17.8
2021-04-19 17:00:00+00:00,18.825000000000003,18.25
2021-04-19 18:00:00+00:00,18.900000000000002,18.725
2021-04-19 19:00:00+00:00,18.825,18.95
2021-04-19 20:00:00+00:00,18.875,19.075
2021-04-19 21:00:00+00:00,18.85,19.275
2021-04-19 22:00:00+00:00,18.875,19.325
2021-04-19 23:00:00+00:00,18.8,19.375
2021-04-20 00:00:00+00:00,18.775,19.375
2021-04-20 01:00:00+00:00,18.675,19.4
2021-04-20 02:00:00+00:00,18.375,19.275000000000002
2021-04-20 03:00:00+00:00,18.0,19.225
2021-04-20 04:00:00+00:00,17.525000000000002,19.174999999999997
2021-04-20 05:00:00+00:00,17.25,19.125
2021-04-20 06:00:00+00:00,17.65,19.025
2021-04-20 07:00:00+00:00,17.625,19.0
2021-04-20 08:00:00+00:00,17.549999999999997,19.0
2021-04-20 09:00:00+00:00,17.224999999999998,19.05
2021-04-20 10:00:00+00:00,16.674999999999997,19.0
2021-04-20 11:00:00+00:00,15.625000000000002,18.95
2021-04-20 12:00:00+00:00,15.400000000000002,18.849999999999998
2021-04-20 13:00:00+00:00,16.0,18.75
2021-04-20 14:00:00+00:00,17.35,18.675
2021-04-20 15:00:00+00:00,18.05,18.8
2021-04-20 16:00:00+00:00,18.95,19.1
2021-04-20 17:00:00+00:00,19.575,19.549999999999997
2021-04-20 18:00:00+00:00,20.474999999999998,20.225
2021-04-20 19:00:00+00:00,21.0,20.950000000000003
2021-04-20 20:00:00+00:00,21.299999999999997,21.55
2021-04-20 21:00:00+00:00,21.7,22.049999999999997
2021-04-20 22:00:00+00:00,21.449999999999996,22.424999999999997
2021-04-20 23:00:00+00:00,21.549999999999997,22.499999999999996
2021-04-21 00:00:00+00:00,21.4,22.325
2021-04-21 01:00:00+00:00,20.875,22.075
2021-04-21 02:00:00+00:00,20.525,21.925000000000004
2021-04-21 03:00:00+00:00,20.424999999999997,21.924999999999997
2021-04-21 04:00:00+00:00,19.525,21.75
2021-04-21 05:00:00+00:00,18.825,21.475
2021-04-21 06:00:00+00:00,17.875,21.225
2021-04-21 07:00:00+00:00,17.05,20.875
2021-04-21 08:00:00+00:00,15.950000000000001,20.55
2021-04-21 09:00:00+00:00,14.725,20.1
2021-04-21 10:00:00+00:00,13.275,19.675
2021-04-21 11:00:00+00:00,11.825000000000001,19.325
2021-04-21 12:00:00+00:00,10.899999999999999,18.875
2021-04-21 13:00:00+00:00,10.325,18.325
2021-04-21 14:00:00+00:00,10.425,18.025
2021-04-21 15:00:00+00:00,11.5,18.125
2021-04-21 16:00:00+00:00,12.4,18.425
2021-04-21 17:00:00+00:00,13.875,18.5
2021-04-21 18:00:00+00:00,15.625,19.025
2021-04-21 19:00:00+00:00,16.9,19.825000000000003
2021-04-21 20:00:00+00:00,17.85,20.35
2021-04-21 21:00:00+00:00,18.65,20.875
2021-04-21 22:00:00+00:00,19.075000000000003,21.275
2021-04-21 23:00:00+00:00,18.3,21.35
2021-04-22 00:00:00+00:00,17.825,21.25
2021-04-22 01:00:00+00:00,17.275,21.075
2021-04-22 02:00:00+00:00,17.424999999999997,20.875
2021-04-22 03:00:00+00:00,17.425,20.7
2021-04-22 04:00:00+00:00,17.375,20.55
2021-04-22 05:00:00+00:00,17.25,20.325
2021-04-22 06:00:00+00:00,17.175,20.075
2021-04-22 07:00:00+00:00,16.950000000000003,19.900000000000002
2021-04-22 08:00:00+00:00,17.1,19.7
2021-04-22 09:00:00+00:00,17.599999999999998,19.7
2021-04-22 10:00:00+00:00,17.575,19.599999999999998
2021-04-22 11:00:00+00:00,17.724999999999998,19.55
2021-04-22 12:00:00+00:00,17.55,19.5
2021-04-22 13:00:00+00:00,18.0,19.45
2021-04-22 14:00:00+00:00,19.75,19.525
2021-04-22 15:00:00+00:00,20.575000000000003,19.65
2021-04-22 16:00:00+00:00,20.85,19.85
2021-04-22 17:00:00+00:00,20.8,20.125
2021-04-22 18:00:00+00:00,20.85,20.35
2021-04-22 19:00:00+00:00,20.925,20.475
2021-04-22 20:00:00+00:00,20.975,20.575
2021-04-22 21:00:00+00:00,20.924999999999997,20.575000000000003
2021-04-22 22:00:00+00:00,20.9,20.525
2021-04-22 23:00:00+00:00,21.049999999999997,20.575
2021-04-23 00:00:00+00:00,21.1,20.55
2021-04-23 01:00:00+00:00,21.05,20.575
2021-04-23 02:00:00+00:00,21.0,20.549999999999997
2021-04-23 03:00:00+00:00,21.1,20.549999999999997
2021-04-23 04:00:00+00:00,21.200000000000003,20.575
2021-04-23 05:00:00+00:00,21.200000000000003,20.575
2021-04-23 06:00:00+00:00,21.175,20.599999999999998
2021-04-23 07:00:00+00:00,21.25,20.575
2021-04-23 08:00:00+00:00,21.325000000000003,20.6
2021-04-23 09:00:00+00:00,21.4,20.6
2021-04-23 10:00:00+00:00,21.349999999999998,20.575
2021-04-23 11:00:00+00:00,21.375,20.625
2021-04-23 12:00:00+00:00,21.499999999999996,20.625
2021-04-23 13:00:00+00:00,21.625,20.65
2021-04-23 14:00:00+00:00,21.75,20.700000000000003
2021-04-23 15:00:00+00:00,22.0,20.85
2021-04-23 16:00:00+00:00,22.325,20.975
2021-04-23 17:00:00+00:00,22.275,21.05
2021-04-23 18:00:00+00:00,22.299999999999997,21.175
2021-04-23 19:00:00+00:00,22.825,21.4
2021-04-23 20:00:00+00:00,23.35,21.550000000000004
2021-04-23 21:00:00+00:00,23.8,21.875
2021-04-23 22:00:00+00:00,23.975,22.2
2021-04-23 23:00:00+00:00,23.9,22.525
2021-04-24 00:00:00+00:00,23.65,22.575
2021-04-24 01:00:00+00:00,23.275,22.5
2021-04-24 02:00:00+00:00,23.175,22.400000000000002
2021-04-24 03:00:00+00:00,23.3,22.475
2021-04-24 04:00:00+00:00,22.725,22.475
2021-04-24 05:00:00+00:00,22.9,22.4
2021-04-24 06:00:00+00:00,22.8,22.424999999999997
2021-04-24 07:00:00+00:00,22.65,22.5
2021-04-24 08:00:00+00:00,22.5,22.45
2021-04-24 09:00:00+00:00,22.325,22.35
2021-04-24 10:00:00+00:00,22.174999999999997,22.35
2021-04-24 11:00:00+00:00,22.25,22.424999999999997
2021-04-24 12:00:00+00:00,22.25,22.35
2021-04-24 13:00:00+00:00,22.225,22.325000000000003
2021-04-24 14:00:00+00:00,22.349999999999998,22.375
2021-04-24 15:00:00+00:00,23.475,22.5
2021-04-24 16:00:00+00:00,24.1,22.724999999999998
2021-04-24 17:00:00+00:00,26.799999999999997,23.325000000000003
2021-04-24 18:00:00+00:00,27.674999999999997,24.0
2021-04-24 19:00:00+00:00,28.2,24.549999999999997
2021-04-24 20:00:00+00:00,28.125,25.0
2021-04-24 21:00:00+00:00,28.6,25.075000000000003
2021-04-24 22:00:00+00:00,28.875,25.1
2021-04-24 23:00:00+00:00,28.5,25.25
2021-04-25 00:00:00+00:00,27.975,25.775000000000002
2021-04-25 01:00:00+00:00,26.275,25.575
2021-04-25 02:00:00+00:00,24.924999999999997,25.625
2021-04-25 03:00:00+00:00,23.8,25.2
2021-04-25 04:00:00+00:00,23.075,24.949999999999996
2021-04-25 05:00:00+00:00,22.249999999999996,24.674999999999997
2021-04-25 06:00:00+00:00,21.674999999999997,24.349999999999998
2021-04-25 07:00:00+00:00,21.125,24.074999999999996
2021-04-25 08:00:00+00:00,20.700000000000003,23.875
2021-04-25 09:00:00+00:00,20.2,23.525
2021-04-25 10:00:00+00:00,20.125,23.15
2021-04-25 11:00:00+00:00,19.6,23.025
2021-04-25 12:00:00+00:00,19.125,22.7
2021-04-25 13:00:00+00:00,19.575,22.575000000000003
2021-04-25 14:00:00+00:00,21.25,22.475
2021-04-25 15:00:00+00:00,22.424999999999997,22.674999999999997
2021-04-25 16:00:00+00:00,22.950000000000003,22.95
2021-04-25 17:00:00+00:00,23.15,23.475
2021-04-25 18:00:00+00:00,23.25,24.0
2021-04-25 19:00:00+00:00,23.2,24.475
2021-04-25 20:00:00+00:00,23.299999999999997,24.825000000000003
2021-04-25 21:00:00+00:00,23.275,25.125
2021-04-25 22:00:00+00:00,22.95,25.325
2021-04-25 23:00:00+00:00,22.950000000000003,25.2
2021-04-26 00:00:00+00:00,22.475,25.125
2021-04-26 01:00:00+00:00,22.175,25.049999999999997
2021-04-26 02:00:00+00:00,22.175,24.875
2021-04-26 03:00:00+00:00,22.2,24.8
2021-04-26 04:00:00+00:00,22.25,24.825000000000003
2021-04-26 05:00:00+00:00,22.025,24.625
2021-04-26 06:00:00+00:00,21.799999999999997,24.475
2021-04-26 07:00:00+00:00,21.724999999999998,24.225
2021-04-26 08:00:00+00:00,21.6,24.124999999999996
2021-04-26 09:00:00+00:00,21.475,24.05
2021-04-26 10:00:00+00:00,21.5,23.8
2021-04-26 11:00:00+00:00,21.475,23.549999999999997
2021-04-26 12:00:00+00:00,21.45,23.325000000000003
2021-04-26 13:00:00+00:00,21.799999999999997,23.25
2021-04-26 14:00:00+00:00,22.425,23.200000000000003
2021-04-26 15:00:00+00:00,22.675,23.325000000000003
2021-04-26 16:00:00+00:00,22.925000000000004,23.525
2021-04-26 17:00:00+00:00,23.1,23.724999999999998
2021-04-26 18:00:00+00:00,23.400000000000002,24.075000000000003
2021-04-26 19:00:00+00:00,23.5,24.375
2021-04-26 20:00:00+00:00,23.55,24.549999999999997
2021-04-26 21:00:00+00:00,23.625,24.825
2021-04-26 22:00:00+00:00,23.525,24.950000000000003
2021-04-26 23:00:00+00:00,23.174999999999997,24.95
2021-04-27 00:00:00+00:00,22.975,24.975
2021-04-27 01:00:00+00:00,22.875,24.925
2021-04-27 02:00:00+00:00,22.875,24.85
2021-04-27 03:00:00+00:00,22.875,24.724999999999998
2021-04-27 04:00:00+00:00,22.775,24.625
2021-04-27 05:00:00+00:00,22.775,24.575000000000003
2021-04-27 06:00:00+00:00,22.9,24.549999999999997
2021-04-27 07:00:00+00:00,22.775,24.525
2021-04-27 08:00:00+00:00,22.725,24.400000000000002
2021-04-27 09:00:00+00:00,22.825000000000003,24.349999999999998
2021-04-27 10:00:00+00:00,22.9,24.275
2021-04-27 11:00:00+00:00,22.9,24.375
2021-04-27 12:00:00+00:00,22.875,24.325
2021-04-27 13:00:00+00:00,23.05,24.225
2021-04-27 14:00:00+00:00,23.175,24.174999999999997
2021-04-27 15:00:00+00:00,23.45,24.125
2021-04-27 16:00:00+00:00,23.799999999999997,24.175
2021-04-27 17:00:00+00:00,23.75,24.174999999999997
2021-04-27 18:00:00+00:00,24.125,24.199999999999996
2021-04-27 19:00:00+00:00,24.725,24.4
2021-04-27 20:00:00+00:00,24.750000000000004,24.500000000000004
2021-04-27 21:00:00+00:00,24.299999999999997,24.55
2021-04-27 22:00:00+00:00,24.075,24.6
2021-04-27 23:00:00+00:00,23.975,24.65
2021-04-28 00:00:00+00:00,23.75,24.675
2021-04-28 01:00:00+00:00,23.75,24.65
2021-04-28 02:00:00+00:00,23.925,24.575000000000003
2021-04-28 03:00:00+00:00,23.85,24.525000000000002
2021-04-28 04:00:00+00:00,24.025,24.575
2021-04-28 05:00:00+00:00,24.15,24.549999999999997
2021-04-28 06:00:00+00:00,24.075,24.549999999999997
2021-04-28 07:00:00+00:00,23.8,24.475
2021-04-28 08:00:00+00:00,23.65,24.4
2021-04-28 09:00:00+00:00,23.525000000000002,24.299999999999997
2021-04-28 10:00:00+00:00,23.5,24.299999999999997
2021-04-28 11:00:00+00:00,23.474999999999998,24.275
2021-04-28 12:00:00+00:00,23.525000000000002,24.2
2021-04-28 13:00:00+00:00,23.7,24.175
2021-04-28 14:00:00+00:00,24.049999999999997,24.299999999999997
2021-04-28 15:00:00+00:00,24.375,24.35
2021-04-28 16:00:00+00:00,24.749999999999996,24.475
2021-04-28 17:00:00+00:00,25.05,24.575000000000003
2021-04-28 18:00:00+00:00,25.125,24.65
2021-04-28 19:00:00+00:00,25.2,24.775000000000002
2021-04-28 20:00:00+00:00,25.325,24.975
2021-04-28 21:00:00+00:00,25.25,25.175
2021-04-28 22:00:00+00:00,25.25,25.3
2021-04-28 23:00:00+00:00,24.9,25.425
2021-04-29 00:00:00+00:00,24.625,25.400000000000002
2021-04-29 01:00:00+00:00,24.45,25.325
2021-04-29 02:00:00+00:00,24.475,25.300000000000004
2021-04-29 03:00:00+00:00,24.475,25.25
2021-04-29 04:00:00+00:00,24.4,25.174999999999997
2021-04-29 05:00:00+00:00,24.225,25.174999999999997
2021-04-29 06:00:00+00:00,24.05,25.1
2021-04-29 07:00:00+00:00,24.025,24.975
2021-04-29 08:00:00+00:00,23.975,24.975
2021-04-29 09:00:00+00:00,24.0,24.85
2021-04-29 10:00:00+00:00,23.950000000000003,24.8
2021-04-29 11:00:00+00:00,24.15,24.700000000000003
2021-04-29 12:00:00+00:00,23.9,24.725
2021-04-29 13:00:00+00:00,24.0,24.775
2021-04-29 14:00:00+00:00,24.199999999999996,24.85
2021-04-29 15:00:00+00:00,24.424999999999997,24.875
2021-04-29 16:00:00+00:00,24.15,24.875
2021-04-29 17:00:00+00:00,23.95,24.800000000000004
2021-04-29 18:00:00+00:00,24.125,24.825000000000003
2021-04-29 19:00:00+00:00,24.2,24.875
2021-04-29 20:00:00+00:00,24.125,24.875
2021-04-29 21:00:00+00:00,24.25,24.9
2021-04-29 22:00:00+00:00,24.400000000000002,24.975
2021-04-29 23:00:00+00:00,24.475,25.0
2021-04-30 00:00:00+00:00,24.275,24.975
2021-04-30 01:00:00+00:00,24.15,25.0
2021-04-30 02:00:00+00:00,24.1,25.0
2021-04-30 03:00:00+00:00,24.099999999999998,24.95
2021-04-30 04:00:00+00:00,24.125,24.95
2021-04-30 05:00:00+00:00,24.099999999999998,24.95
2021-04-30 06:00:00+00:00,24.0,24.950000000000003
2021-04-30 07:00:00+00:00,23.875,25.0
2021-04-30 08:00:00+00:00,22.825000000000003,25.0
2021-04-30 09:00:00+00:00,22.425,24.95
2021-04-30 10:00:00+00:00,22.35,24.9
2021-04-30 11:00:00+00:00,22.45,24.9
2021-04-30 12:00:00+00:00,22.450000000000003,24.799999999999997
2021-04-30 13:00:00+00:00,22.674999999999997,24.700000000000003
2021-04-30 14:00:00+00:00,22.5,24.65
2021-04-30 15:00:00+00:00,22.849999999999998,24.65
2021-04-30 16:00:00+00:00,22.925,24.475
2021-04-30 17:00:00+00:00,22.950000000000003,24.375
2021-04-30 18:00:00+00:00,23.025,24.325
2021-04-30 19:00:00+00:00,22.85,24.35
2021-04-30 20:00:00+00:00,22.725,24.250000000000004
2021-04-30 21:00:00+00:00,23.525,24.3
2021-04-30 22:00:00+00:00,23.400000000000002,24.349999999999998
2021-04-30 23:00:00+00:00,23.525,24.400000000000002
2021-05-01 00:00:00+00:00,23.475,24.45
2021-05-01 01:00:00+00:00,23.5,24.45
2021-05-01 02:00:00+00:00,23.400000000000002,24.425
2021-05-01 03:00:00+00:00,23.450000000000003,24.375000000000004
2021-05-01 04:00:00+00:00,23.450000000000003,24.35
2021-05-01 05:00:00+00:00,23.525,24.325
2021-05-01 06:00:00+00:00,23.4,24.3
2021-05-01 07:00:00+00:00,23.3,24.25
2021-05-01 08:00:00+00:00,23.174999999999997,24.174999999999997
2021-05-01 09:00:00+00:00,22.85,24.174999999999997
2021-05-01 10:00:00+00:00,22.175,24.174999999999997
2021-05-01 11:00:00+00:00,21.7,24.1
2021-05-01 12:00:00+00:00,21.799999999999997,24.025000000000002
2021-05-01 13:00:00+00:00,21.549999999999997,23.85
2021-05-01 14:00:00+00:00,21.799999999999997,23.825000000000003
2021-05-01 15:00:00+00:00,22.025,23.75
2021-05-01 16:00:00+00:00,22.275,23.75
2021-05-01 17:00:00+00:00,21.675,23.7
2021-05-01 18:00:00+00:00,21.625,23.674999999999997
2021-05-01 19:00:00+00:00,21.400000000000002,23.6
2021-05-01 20:00:00+00:00,22.275000000000002,23.675
2021-05-01 21:00:00+00:00,22.675,23.725
2021-05-01 22:00:00+00:00,22.7,23.775000000000002
2021-05-01 23:00:00+00:00,22.6,23.825000000000003
2021-05-02 00:00:00+00:00,22.55,23.775
2021-05-02 01:00:00+00:00,22.325000000000003,23.775000000000002
2021-05-02 02:00:00+00:00,22.25,23.750000000000004
2021-05-02 03:00:00+00:00,22.425000000000004,23.700000000000003
2021-05-02 04:00:00+00:00,22.25,23.65
2021-05-02 05:00:00+00:00,21.925,23.625
2021-05-02 06:00:00+00:00,22.025,23.5
2021-05-02 07:00:00+00:00,21.975,23.45
2021-05-02 08:00:00+00:00,21.775,23.375
2021-05-02 09:00:00+00:00,21.55,23.275
2021-05-02 10:00:00+00:00,20.975,23.325
2021-05-02 11:00:00+00:00,20.825,23.175
2021-05-02 12:00:00+00:00,20.65,23.125
2021-05-02 13:00:00+00:00,20.85,23.200000000000003
2021-05-02 14:00:00+00:00,21.375,23.275000000000002
2021-05-02 15:00:00+00:00,22.1,23.200000000000003
2021-05-02 16:00:00+00:00,23.0,23.275
2021-05-02 17:00:00+00:00,23.8,23.475
2021-05-02 18:00:00+00:00,24.299999999999997,23.85
2021-05-02 19:00:00+00:00,24.275,24.5
2021-05-02 20:00:00+00:00,24.3,24.224999999999998
2021-05-02 21:00:00+00:00,24.150000000000002,24.375
2021-05-02 22:00:00+00:00,24.375,24.424999999999997
2021-05-02 23:00:00+00:00,24.5,24.675000000000004
2021-05-03 00:00:00+00:00,24.375000000000004,24.95
2021-05-03 01:00:00+00:00,24.35,24.900000000000002
2021-05-03 02:00:00+00:00,24.325000000000003,25.075
2021-05-03 03:00:00+00:00,24.424999999999997,25.025000000000002
2021-05-03 04:00:00+00:00,24.35,24.975
2021-05-03 05:00:00+00:00,24.325,24.95
2021-05-03 06:00:00+00:00,24.075000000000003,24.925
2021-05-03 07:00:00+00:00,24.075000000000003,24.950000000000003
2021-05-03 08:00:00+00:00,24.125,24.925000000000004
2021-05-03 09:00:00+00:00,24.375,24.85
2021-05-03 10:00:00+00:00,24.45,24.75
2021-05-03 11:00:00+00:00,24.475,24.75
2021-05-03 12:00:00+00:00,24.35,24.775
2021-05-03 13:00:00+00:00,24.4,24.775
2021-05-03 14:00:00+00:00,24.700000000000003,24.799999999999997
2021-05-03 15:00:00+00:00,25.075000000000003,24.824999999999996
2021-05-03 16:00:00+00:00,25.125,24.95
2021-05-03 17:00:00+00:00,25.3,25.450000000000003
2021-05-03 18:00:00+00:00,25.474999999999998,25.700000000000003
2021-05-03 19:00:00+00:00,25.65,25.825
2021-05-03 20:00:00+00:00,25.900000000000002,25.950000000000003
2021-05-03 21:00:00+00:00,26.075,25.975
2021-05-03 22:00:00+00:00,26.050000000000004,26.174999999999997
2021-05-03 23:00:00+00:00,25.75,26.25
2021-05-04 00:00:00+00:00,25.45,26.075
2021-05-04 01:00:00+00:00,25.299999999999997,26.05
2021-05-04 02:00:00+00:00,25.375,26.075
2021-05-04 03:00:00+00:00,25.250000000000004,26.000000000000004
2021-05-04 04:00:00+00:00,25.275,25.9
2021-05-04 05:00:00+00:00,25.35,25.875
2021-05-04 06:00:00+00:00,25.299999999999997,25.825
2021-05-04 07:00:00+00:00,25.174999999999997,25.825
2021-05-04 08:00:00+00:00,25.125000000000004,25.825
2021-05-04 09:00:00+00:00,25.075,25.775
2021-05-04 10:00:00+00:00,25.075,25.75
2021-05-04 11:00:00+00:00,25.075000000000003,25.725
2021-05-04 12:00:00+00:00,25.1,25.725
2021-05-04 13:00:00+00:00,25.25,25.700000000000003
2021-05-04 14:00:00+00:00,25.525,25.75
2021-05-04 15:00:00+00:00,25.95,25.775
2021-05-04 16:00:00+00:00,26.325000000000003,25.825000000000003
2021-05-04 17:00:00+00:00,26.625,25.974999999999998
2021-05-04 18:00:00+00:00,27.425,26.225
2021-05-04 19:00:00+00:00,26.950000000000003,26.475
2021-05-04 20:00:00+00:00,27.049999999999997,26.700000000000003
2021-05-04 21:00:00+00:00,27.3,26.95
2021-05-04 22:00:00+00:00,27.15,27.075
2021-05-04 23:00:00+00:00,26.75,27.0
2021-05-05 00:00:00+00:00,26.266666666666666,27.933333333333337
2021-05-05 01:00:00+00:00,25.849999999999998,27.4
2021-05-05 02:00:00+00:00,25.375,27.225
2021-05-05 03:00:00+00:00,24.699999999999996,26.95
2021-05-05 04:00:00+00:00,24.125,26.599999999999998
2021-05-05 05:00:00+00:00,23.674999999999997,26.424999999999997
2021-05-05 06:00:00+00:00,23.299999999999997,26.125
2021-05-05 07:00:00+00:00,22.9,25.85
2021-05-05 08:00:00+00:00,22.35,25.575
2021-05-05 09:00:00+00:00,21.775,25.325000000000003
2021-05-05 10:00:00+00:00,21.224999999999998,24.949999999999996
2021-05-05 11:00:00+00:00,20.65,24.5
2021-05-05 12:00:00+00:00,19.8,24.125
2021-05-05 13:00:00+00:00,19.35,23.875
2021-05-05 14:00:00+00:00,19.450000000000003,23.675
2021-05-05 15:00:00+00:00,19.924999999999997,23.724999999999998
2021-05-05 16:00:00+00:00,20.925,23.950000000000003
2021-05-05 17:00:00+00:00,22.125,24.5
2021-05-05 18:00:00+00:00,23.125,25.0
2021-05-05 19:00:00+00:00,24.074999999999996,25.6
2021-05-05 20:00:00+00:00,24.95,25.950000000000003
2021-05-05 21:00:00+00:00,25.75,26.2
2021-05-05 22:00:00+00:00,26.175,26.049999999999997
2021-05-05 23:00:00+00:00,26.25,26.1
2021-05-06 00:00:00+00:00,25.950000000000003,26.075
2021-05-06 01:00:00+00:00,24.15,26.05
2021-05-06 02:00:00+00:00,23.174999999999997,26.275
2021-05-06 03:00:00+00:00,22.875,25.999999999999996
2021-05-06 04:00:00+00:00,22.8,25.900000000000002
2021-05-06 05:00:00+00:00,22.599999999999998,25.849999999999998
2021-05-06 06:00:00+00:00,21.950000000000003,25.8
2021-05-06 07:00:00+00:00,22.299999999999997,25.675
2021-05-06 08:00:00+00:00,21.925,25.525
2021-05-06 09:00:00+00:00,21.725,25.375
2021-05-06 10:00:00+00:00,21.575,25.375
2021-05-06 11:00:00+00:00,21.325,25.2
2021-05-06 12:00:00+00:00,21.374999999999996,24.8
2021-05-06 13:00:00+00:00,21.525,24.675
2021-05-06 14:00:00+00:00,22.025,24.775
2021-05-06 15:00:00+00:00,22.6,24.974999999999998
2021-05-06 16:00:00+00:00,23.25,25.225
2021-05-06 17:00:00+00:00,23.974999999999998,25.65
2021-05-06 18:00:00+00:00,24.65,25.3
2021-05-06 19:00:00+00:00,25.15,26.425
2021-05-06 20:00:00+00:00,25.225,27.075000000000003
2021-05-06 21:00:00+00:00,25.025,27.074999999999996
2021-05-06 22:00:00+00:00,24.575000000000003,27.0
2021-05-06 23:00:00+00:00,24.349999999999998,26.975
2021-05-07 00:00:00+00:00,23.974999999999998,26.95
2021-05-07 01:00:00+00:00,23.375,26.950000000000003
2021-05-07 02:00:00+00:00,22.949999999999996,26.7
2021-05-07 03:00:00+00:00,22.85,26.6
2021-05-07 04:00:00+00:00,22.8,26.575
2021-05-07 05:00:00+00:00,22.825,26.424999999999997
2021-05-07 06:00:00+00:00,22.475,26.300000000000004
2021-05-07 07:00:00+00:00,22.424999999999997,26.200000000000003
2021-05-07 08:00:00+00:00,21.875,26.05
2021-05-07 09:00:00+00:00,21.925,25.974999999999998
2021-05-07 10:00:00+00:00,21.7,25.95
2021-05-07 11:00:00+00:00,21.475,25.7
2021-05-07 12:00:00+00:00,21.325,25.575000000000003
2021-05-07 13:00:00+00:00,22.375,25.4
2021-05-07 14:00:00+00:00,22.95,25.375
2021-05-07 15:00:00+00:00,23.975,25.55
2021-05-07 16:00:00+00:00,24.724999999999998,25.775000000000002
2021-05-07 17:00:00+00:00,25.0,26.174999999999997
2021-05-07 18:00:00+00:00,25.175,26.525
2021-05-07 19:00:00+00:00,25.0,26.85
2021-05-07 20:00:00+00:00,25.025,27.125
2021-05-07 21:00:00+00:00,24.975,27.325
2021-05-07 22:00:00+00:00,24.825,27.299999999999997
2021-05-07 23:00:00+00:00,24.725,27.375
2021-05-08 00:00:00+00:00,24.375000000000004,27.575
2021-05-08 01:00:00+00:00,23.975,27.299999999999997
2021-05-08 02:00:00+00:00,23.9,27.075
2021-05-08 03:00:00+00:00,23.925000000000004,26.9
2021-05-08 04:00:00+00:00,23.825000000000003,26.650000000000002
2021-05-08 05:00:00+00:00,23.825000000000003,26.55
2021-05-08 06:00:00+00:00,23.825,26.449999999999996
2021-05-08 07:00:00+00:00,23.799999999999997,26.175
2021-05-08 08:00:00+00:00,23.799999999999997,25.95
2021-05-08 09:00:00+00:00,23.925,26.1
2021-05-08 10:00:00+00:00,24.150000000000002,26.025
2021-05-08 11:00:00+00:00,24.225,26.1
2021-05-08 12:00:00+00:00,24.225,25.825000000000003
2021-05-08 13:00:00+00:00,24.425,25.775
2021-05-08 14:00:00+00:00,24.85,25.725
2021-05-08 15:00:00+00:00,25.025,25.825
2021-05-08 16:00:00+00:00,25.3,25.95
2021-05-08 17:00:00+00:00,25.5,26.125
2021-05-08 18:00:00+00:00,25.699999999999996,26.424999999999997
2021-05-08 19:00:00+00:00,25.9,26.775
2021-05-08 20:00:00+00:00,26.049999999999997,27.15
2021-05-08 21:00:00+00:00,26.049999999999997,27.35
2021-05-08 22:00:00+00:00,26.0,27.475
2021-05-08 23:00:00+00:00,25.799999999999997,27.525
2021-05-09 00:00:00+00:00,25.575,27.525
2021-05-09 01:00:00+00:00,25.325,27.425
2021-05-09 02:00:00+00:00,25.325000000000003,27.35
2021-05-09 03:00:00+00:00,25.25,27.1
2021-05-09 04:00:00+00:00,25.325000000000003,26.924999999999997
2021-05-09 05:00:00+00:00,25.35,26.85
2021-05-09 06:00:00+00:00,25.4,26.625
2021-05-09 07:00:00+00:00,25.349999999999998,26.499999999999996
2021-05-09 08:00:00+00:00,25.299999999999997,26.425
2021-05-09 09:00:00+00:00,25.375,26.375
2021-05-09 10:00:00+00:00,25.275,26.3
2021-05-09 11:00:00+00:00,25.25,26.3
2021-05-09 12:00:00+00:00,25.35,26.25
2021-05-09 13:00:00+00:00,25.525000000000002,26.15
2021-05-09 14:00:00+00:00,25.625,26.075
2021-05-09 15:00:00+00:00,25.775,26.125
2021-05-09 16:00:00+00:00,25.950000000000003,26.174999999999997
2021-05-09 17:00:00+00:00,26.200000000000003,26.299999999999997
2021-05-09 18:00:00+00:00,26.275,26.425000000000004
2021-05-09 19:00:00+00:00,26.549999999999997,26.699999999999996
2021-05-09 20:00:00+00:00,26.650000000000002,27.049999999999997
2021-05-09 21:00:00+00:00,26.699999999999996,27.224999999999998
2021-05-09 22:00:00+00:00,26.7,27.4
2021-05-09 23:00:00+00:00,26.575,27.450000000000003
2021-05-10 00:00:00+00:00,26.325,27.35
2021-05-10 01:00:00+00:00,26.0,27.424999999999997
2021-05-10 02:00:00+00:00,25.975,27.325
2021-05-10 03:00:00+00:00,26.025,27.325
2021-05-10 04:00:00+00:00,26.1,27.2
2021-05-10 05:00:00+00:00,26.075000000000003,27.125
2021-05-10 06:00:00+00:00,26.049999999999997,27.050000000000004
2021-05-10 07:00:00+00:00,26.025,27.0
2021-05-10 08:00:00+00:00,26.0,26.900000000000002
2021-05-10 09:00:00+00:00,25.950000000000003,26.849999999999998
2021-05-10 10:00:00+00:00,25.625,26.700000000000003
2021-05-10 11:00:00+00:00,25.425,26.625
2021-05-10 12:00:00+00:00,25.200000000000003,26.575
2021-05-10 13:00:00+00:00,25.5,26.575
2021-05-10 14:00:00+00:00,25.7,26.6
2021-05-10 15:00:00+00:00,26.05,26.625
2021-05-10 16:00:00+00:00,26.35,26.825000000000003
2021-05-10 17:00:00+00:00,26.75,26.85
2021-05-10 18:00:00+00:00,26.725,27.225
2021-05-10 19:00:00+00:00,26.849999999999998,27.475
2021-05-10 20:00:00+00:00,27.1,27.8
2021-05-10 21:00:00+00:00,26.925,28.150000000000002
2021-05-10 22:00:00+00:00,26.7,28.299999999999997
2021-05-10 23:00:00+00:00,26.4,28.300000000000004
2021-05-11 00:00:00+00:00,26.45,28.2
2021-05-11 01:00:00+00:00,26.25,28.075000000000003
2021-05-11 02:00:00+00:00,26.224999999999998,28.05
2021-05-11 03:00:00+00:00,26.3,27.974999999999998
2021-05-11 04:00:00+00:00,26.325,27.9
2021-05-11 05:00:00+00:00,26.35,27.875
2021-05-11 06:00:00+00:00,26.3,27.8
2021-05-11 07:00:00+00:00,26.25,27.7
2021-05-11 08:00:00+00:00,26.15,27.6
2021-05-11 09:00:00+00:00,26.175,27.5
2021-05-11 10:00:00+00:00,26.474999999999998,27.475
2021-05-11 11:00:00+00:00,26.325,27.35
2021-05-11 12:00:00+00:00,26.275,27.224999999999998
2021-05-11 13:00:00+00:00,26.15,27.225
2021-05-11 14:00:00+00:00,26.2,27.25
2021-05-11 15:00:00+00:00,26.375,27.4
2021-05-11 16:00:00+00:00,26.675,27.624999999999996
2021-05-11 17:00:00+00:00,26.95,27.8
2021-05-11 18:00:00+00:00,27.125,28.125
2021-05-11 19:00:00+00:00,27.375,28.35
2021-05-11 20:00:00+00:00,27.049999999999997,28.65
2021-05-11 21:00:00+00:00,27.175,28.725
2021-05-11 22:00:00+00:00,27.15,28.849999999999998
2021-05-11 23:00:00+00:00,26.974999999999998,28.799999999999997
2021-05-12 00:00:00+00:00,26.75,28.700000000000003
2021-05-12 01:00:00+00:00,26.65,28.625
2021-05-12 02:00:00+00:00,26.049999999999997,28.475
2021-05-12 03:00:00+00:00,24.525000000000002,28.45
2021-05-12 04:00:00+00:00,23.424999999999997,28.174999999999997
2021-05-12 05:00:00+00:00,22.299999999999997,28.000000000000004
2021-05-12 06:00:00+00:00,21.925,27.549999999999997
2021-05-12 07:00:00+00:00,22.725,27.450000000000003
2021-05-12 08:00:00+00:00,22.6,27.225
2021-05-12 09:00:00+00:00,21.5,26.8
2021-05-12 10:00:00+00:00,21.175,26.650000000000002
2021-05-12 11:00:00+00:00,20.75,26.325
2021-05-12 12:00:00+00:00,20.375,26.075
2021-05-12 13:00:00+00:00,20.2,25.75
2021-05-12 14:00:00+00:00,19.875,25.5
2021-05-12 15:00:00+00:00,19.9,25.550000000000004
2021-05-12 16:00:00+00:00,20.425,25.474999999999998
2021-05-12 17:00:00+00:00,20.675,25.4
2021-05-12 18:00:00+00:00,20.866666666666667,24.73333333333333
2021-05-12 19:00:00+00:00,21.9,25.125
2021-05-12 20:00:00+00:00,22.7,25.525
2021-05-12 21:00:00+00:00,23.450000000000003,25.7
2021-05-12 22:00:00+00:00,23.825,25.775
2021-05-12 23:00:00+00:00,23.625,25.65
2021-05-13 00:00:00+00:00,23.15,25.575000000000003
2021-05-13 01:00:00+00:00,22.549999999999997,25.45
2021-05-13 02:00:00+00:00,21.725,25.224999999999998
2021-05-13 03:00:00+00:00,20.875,24.975
2021-05-13 04:00:00+00:00,20.325,24.75
2021-05-13 05:00:00+00:00,19.775000000000002,24.475
2021-05-13 06:00:00+00:00,19.35,24.2
2021-05-13 07:00:00+00:00,19.025,23.874999999999996
2021-05-13 08:00:00+00:00,18.825000000000003,23.575000000000003
2021-05-13 09:00:00+00:00,18.45,23.2
2021-05-13 10:00:00+00:00,18.299999999999997,22.9
2021-05-13 11:00:00+00:00,18.1,22.933333333333334
2021-05-13 12:00:00+00:00,17.9,23.133333333333336
2021-05-13 13:00:00+00:00,18.2,22.4
2021-05-13 14:00:00+00:00,18.4,22.6
2021-05-13 15:00:00+00:00,19.175,22.5
2021-05-13 16:00:00+00:00,19.85,23.025
2021-05-13 17:00:00+00:00,20.925,23.925
2021-05-13 18:00:00+00:00,21.95,23.775
2021-05-13 19:00:00+00:00,22.625,24.1
2021-05-13 20:00:00+00:00,23.200000000000003,24.3
2021-05-13 21:00:00+00:00,23.650000000000002,24.625
2021-05-13 22:00:00+00:00,23.974999999999998,25.0
2021-05-13 23:00:00+00:00,24.1,25.175
2021-05-14 00:00:00+00:00,23.875,25.125
2021-05-14 01:00:00+00:00,23.674999999999997,25.075
2021-05-14 02:00:00+00:00,23.400000000000002,24.9
2021-05-14 03:00:00+00:00,23.125,24.975
2021-05-14 04:00:00+00:00,22.925,24.650000000000002
2021-05-14 05:00:00+00:00,22.975,24.775
2021-05-14 06:00:00+00:00,22.825,24.75
2021-05-14 07:00:00+00:00,22.650000000000002,24.65
2021-05-14 08:00:00+00:00,22.424999999999997,24.425
2021-05-14 09:00:00+00:00,22.025,24.450000000000003
2021-05-14 10:00:00+00:00,21.525,24.425
2021-05-14 11:00:00+00:00,21.5,24.349999999999998
2021-05-14 12:00:00+00:00,21.5,24.25
2021-05-14 13:00:00+00:00,21.8,24.200000000000003
2021-05-14 14:00:00+00:00,22.625,24.325000000000003
2021-05-14 15:00:00+00:00,23.475,24.55
2021-05-14 16:00:00+00:00,24.099999999999998,24.825
2021-05-14 17:00:00+00:00,24.725,25.2
2021-05-14 18:00:00+00:00,24.924999999999997,25.475
2021-05-14 19:00:00+00:00,25.075000000000003,25.700000000000003
2021-05-14 20:00:00+00:00,25.075,26.05
2021-05-14 21:00:00+00:00,25.05,26.35
2021-05-14 22:00:00+00:00,24.95,26.525000000000002
2021-05-14 23:00:00+00:00,24.825,26.55
2021-05-15 00:00:00+00:00,24.525000000000002,26.525000000000002
2021-05-15 01:00:00+00:00,24.174999999999997,26.324999999999996
2021-05-15 02:00:00+00:00,23.975,26.05
2021-05-15 03:00:00+00:00,23.825000000000003,25.825000000000003
2021-05-15 04:00:00+00:00,23.8,25.65
2021-05-15 05:00:00+00:00,23.7,25.55
2021-05-15 06:00:00+00:00,23.7,25.475
2021-05-15 07:00:00+00:00,23.675,25.25
2021-05-15 08:00:00+00:00,23.700000000000003,25.075
2021-05-15 09:00:00+00:00,23.675,24.9
2021-05-15 10:00:00+00:00,23.65,24.75
2021-05-15 11:00:00+00:00,23.625000000000004,24.6
2021-05-15 12:00:00+00:00,23.650000000000002,24.475
2021-05-15 13:00:00+00:00,24.15,24.349999999999998
2021-05-15 14:00:00+00:00,24.775000000000002,24.450000000000003
2021-05-15 15:00:00+00:00,24.9,24.65
2021-05-15 16:00:00+00:00,24.874999999999996,25.025
2021-05-15 17:00:00+00:00,24.975,25.275
2021-05-15 18:00:00+00:00,25.175,25.425
2021-05-15 19:00:00+00:00,25.2,25.674999999999997
2021-05-15 20:00:00+00:00,25.05,25.625
2021-05-15 21:00:00+00:00,25.175,25.625
2021-05-15 22:00:00+00:00,25.075000000000003,25.65
2021-05-15 23:00:00+00:00,25.0,25.599999999999998
2021-05-16 00:00:00+00:00,24.8,25.55
2021-05-16 01:00:00+00:00,24.650000000000002,25.45
2021-05-16 02:00:00+00:00,24.65,25.325
2021-05-16 03:00:00+00:00,24.75,25.275
2021-05-16 04:00:00+00:00,24.775000000000002,25.225
2021-05-16 05:00:00+00:00,24.875,25.125
2021-05-16 06:00:00+00:00,24.825,25.099999999999998
2021-05-16 07:00:00+00:00,24.724999999999998,25.05
2021-05-16 08:00:00+00:00,24.525,25.025000000000002
2021-05-16 09:00:00+00:00,24.549999999999997,24.950000000000003
2021-05-16 10:00:00+00:00,24.375,24.9
2021-05-16 11:00:00+00:00,24.55,24.825
2021-05-16 12:00:00+00:00,24.549999999999997,24.775
2021-05-16 13:00:00+00:00,24.700000000000003,24.725
2021-05-16 14:00:00+00:00,24.775,24.725
2021-05-16 15:00:00+00:00,24.724999999999998,24.725
2021-05-16 16:00:00+00:00,24.325,24.825000000000003
2021-05-16 17:00:00+00:00,23.450000000000003,24.799999999999997
2021-05-16 18:00:00+00:00,21.575,24.799999999999997
2021-05-16 19:00:00+00:00,21.625,24.65
2021-05-16 20:00:00+00:00,21.3,24.4
2021-05-16 21:00:00+00:00,21.450000000000003,24.349999999999998
2021-05-16 22:00:00+00:00,22.1,24.4
2021-05-16 23:00:00+00:00,22.975,24.425000000000004
2021-05-17 00:00:00+00:00,23.0,24.5
2021-05-17 01:00:00+00:00,22.699999999999996,24.5
2021-05-17 02:00:00+00:00,22.75,24.475
2021-05-17 03:00:00+00:00,23.224999999999998,24.5
2021-05-17 04:00:00+00:00,23.849999999999998,24.45
2021-05-17 05:00:00+00:00,24.1,24.425
2021-05-17 06:00:00+00:00,24.424999999999997,24.400000000000002
2021-05-17 07:00:00+00:00,24.549999999999997,24.400000000000002
2021-05-17 08:00:00+00:00,24.6,24.349999999999998
2021-05-17 09:00:00+00:00,24.699999999999996,24.374999999999996
2021-05-17 10:00:00+00:00,24.724999999999998,24.425
2021-05-17 11:00:00+00:00,24.75,24.374999999999996
2021-05-17 12:00:00+00:00,24.75,24.374999999999996
2021-05-17 13:00:00+00:00,25.0,24.4
2021-05-17 14:00:00+00:00,25.349999999999998,24.450000000000003
2021-05-17 15:00:00+00:00,25.724999999999998,24.675
2021-05-17 16:00:00+00:00,25.975,24.875
2021-05-17 17:00:00+00:00,26.025000000000002,25.099999999999998
2021-05-17 18:00:00+00:00,26.05,25.225
2021-05-17 19:00:00+00:00,26.225,25.375
2021-05-17 20:00:00+00:00,26.325,25.65
2021-05-17 21:00:00+00:00,26.349999999999998,25.799999999999997
2021-05-17 22:00:00+00:00,26.275,26.075000000000003
2021-05-17 23:00:00+00:00,26.35,26.15
2021-05-18 00:00:00+00:00,26.075000000000003,26.35
2021-05-18 01:00:00+00:00,25.799999999999997,26.375
2021-05-18 02:00:00+00:00,24.825,26.0
2021-05-18 03:00:00+00:00,24.125,25.825000000000003
2021-05-18 04:00:00+00:00,24.6,25.775
2021-05-18 05:00:00+00:00,24.775,25.675
2021-05-18 06:00:00+00:00,24.975,25.675
2021-05-18 07:00:00+00:00,25.05,25.675
2021-05-18 08:00:00+00:00,25.05,25.575
2021-05-18 09:00:00+00:00,23.525,25.525000000000002
2021-05-18 10:00:00+00:00,21.325,25.375
2021-05-18 11:00:00+00:00,22.0,25.099999999999998
2021-05-18 12:00:00+00:00,22.4,24.950000000000003
2021-05-18 13:00:00+00:00,23.35,24.95
2021-05-18 14:00:00+00:00,25.225,24.924999999999997
2021-05-18 15:00:00+00:00,26.225,24.95
2021-05-18 16:00:00+00:00,26.55,25.200000000000003
2021-05-18 17:00:00+00:00,26.725,25.575000000000003
2021-05-18 18:00:00+00:00,26.95,25.8
2021-05-18 19:00:00+00:00,27.15,26.1
2021-05-18 20:00:00+00:00,27.125,26.349999999999998
2021-05-18 21:00:00+00:00,26.675,26.75
2021-05-18 22:00:00+00:00,26.225,26.85
2021-05-18 23:00:00+00:00,26.400000000000002,27.03333333333333
2021-05-19 00:00:00+00:00,26.124999999999996,26.900000000000002
2021-05-19 01:00:00+00:00,26.075,26.875
2021-05-19 02:00:00+00:00,26.05,26.775
2021-05-19 03:00:00+00:00,24.975,26.775
2021-05-19 04:00:00+00:00,24.9,26.724999999999998
2021-05-19 05:00:00+00:00,22.35,26.6
2021-05-19 06:00:00+00:00,21.475,26.375
2021-05-19 07:00:00+00:00,20.325000000000003,25.85
2021-05-19 08:00:00+00:00,20.675,25.624999999999996
2021-05-19 09:00:00+00:00,19.8,25.450000000000003
2021-05-19 10:00:00+00:00,18.325,25.225
2021-05-19 11:00:00+00:00,19.325000000000003,24.925
2021-05-19 12:00:00+00:00,20.025,24.9
2021-05-19 13:00:00+00:00,20.6,24.575
2021-05-19 14:00:00+00:00,20.775,24.575
2021-05-19 15:00:00+00:00,20.85,24.324999999999996
2021-05-19 16:00:00+00:00,21.2,24.425
2021-05-19 17:00:00+00:00,20.549999999999997,24.25
2021-05-19 18:00:00+00:00,19.525,23.825000000000003
2021-05-19 19:00:00+00:00,19.15,23.675
2021-05-19 20:00:00+00:00,19.049999999999997,23.45
2021-05-19 21:00:00+00:00,18.65,23.299999999999997
2021-05-19 22:00:00+00:00,19.65,23.25
2021-05-19 23:00:00+00:00,19.925,23.325000000000003
2021-05-20 00:00:00+00:00,20.425,23.225
2021-05-20 01:00:00+00:00,20.5,23.225
2021-05-20 02:00:00+00:00,20.075,23.1
2021-05-20 03:00:00+00:00,19.650000000000002,23.175000000000004
2021-05-20 04:00:00+00:00,19.35,23.075
2021-05-20 05:00:00+00:00,19.25,22.85
2021-05-20 06:00:00+00:00,19.6,22.65
2021-05-20 07:00:00+00:00,19.625,22.5
2021-05-20 08:00:00+00:00,19.675,22.55
2021-05-20 09:00:00+00:00,19.6,22.425
2021-05-20 10:00:00+00:00,19.075,22.475
2021-05-20 11:00:00+00:00,18.925,22.275
2021-05-20 12:00:00+00:00,19.05,22.2
2021-05-20 13:00:00+00:00,19.8,22.225
2021-05-20 14:00:00+00:00,20.55,22.2
2021-05-20 15:00:00+00:00,21.325,22.5
2021-05-20 16:00:00+00:00,21.975,22.7
2021-05-20 17:00:00+00:00,22.575,23.125
2021-05-20 18:00:00+00:00,23.75,23.599999999999998
2021-05-20 19:00:00+00:00,24.650000000000002,24.200000000000003
2021-05-20 20:00:00+00:00,25.325,25.174999999999997
2021-05-20 21:00:00+00:00,25.975,25.375
2021-05-20 22:00:00+00:00,25.700000000000003,25.674999999999997
2021-05-20 23:00:00+00:00,25.249999999999996,25.625
2021-05-21 00:00:00+00:00,24.85,25.825000000000003
2021-05-21 01:00:00+00:00,24.575,26.1
2021-05-21 02:00:00+00:00,24.25,26.325
2021-05-21 03:00:00+00:00,23.95,26.4
2021-05-21 04:00:00+00:00,23.725,26.200000000000003
2021-05-21 05:00:00+00:00,23.4,26.000000000000004
2021-05-21 06:00:00+00:00,23.275,25.825
2021-05-21 07:00:00+00:00,23.1,25.599999999999998
2021-05-21 08:00:00+00:00,22.975,25.325
2021-05-21 09:00:00+00:00,22.75,25.125
2021-05-21 10:00:00+00:00,22.700000000000003,25.374999999999996
2021-05-21 11:00:00+00:00,22.725,25.275
2021-05-21 12:00:00+00:00,22.7,25.15
2021-05-21 13:00:00+00:00,23.35,25.075000000000003
2021-05-21 14:00:00+00:00,24.200000000000003,25.15
2021-05-21 15:00:00+00:00,24.75,25.225
2021-05-21 16:00:00+00:00,25.325000000000003,25.299999999999997
2021-05-21 17:00:00+00:00,25.6,25.450000000000003
2021-05-21 18:00:00+00:00,26.049999999999997,25.45
2021-05-21 19:00:00+00:00,26.424999999999997,25.474999999999998
2021-05-21 20:00:00+00:00,26.75,25.450000000000003
2021-05-21 21:00:00+00:00,26.650000000000002,25.725
2021-05-21 22:00:00+00:00,25.925,26.674999999999997
2021-05-21 23:00:00+00:00,26.15,26.25
2021-05-22 00:00:00+00:00,26.1,26.174999999999997
2021-05-22 01:00:00+00:00,25.45,26.099999999999998
2021-05-22 02:00:00+00:00,25.075,26.0
2021-05-22 03:00:00+00:00,25.075000000000003,25.925
2021-05-22 04:00:00+00:00,24.9,25.775
2021-05-22 05:00:00+00:00,24.724999999999998,25.550000000000004
2021-05-22 06:00:00+00:00,24.05,25.575000000000003
2021-05-22 07:00:00+00:00,24.025,25.525000000000002
2021-05-22 08:00:00+00:00,24.199999999999996,25.650000000000002
2021-05-22 09:00:00+00:00,24.299999999999997,25.7
2021-05-22 10:00:00+00:00,23.975,25.55
2021-05-22 11:00:00+00:00,24.125,25.425
2021-05-22 12:00:00+00:00,23.525,25.25
2021-05-22 13:00:00+00:00,23.2,25.199999999999996
2021-05-22 14:00:00+00:00,24.1,25.1
2021-05-22 15:00:00+00:00,24.575,25.075000000000003
2021-05-22 16:00:00+00:00,25.125,25.05
2021-05-22 17:00:00+00:00,25.025,25.150000000000002
2021-05-22 18:00:00+00:00,25.125,25.4
2021-05-22 19:00:00+00:00,25.45,25.6
2021-05-22 20:00:00+00:00,25.55,25.85
2021-05-22 21:00:00+00:00,25.5,26.025
2021-05-22 22:00:00+00:00,25.425,26.15
2021-05-22 23:00:00+00:00,25.1,26.125
2021-05-23 00:00:00+00:00,25.0,26.174999999999997
2021-05-23 01:00:00+00:00,24.75,26.15
2021-05-23 02:00:00+00:00,24.75,26.099999999999998
2021-05-23 03:00:00+00:00,24.525,25.975
2021-05-23 04:00:00+00:00,24.475,25.9
2021-05-23 05:00:00+00:00,24.450000000000003,25.825000000000003
2021-05-23 06:00:00+00:00,24.4,25.799999999999997
2021-05-23 07:00:00+00:00,24.35,25.775
2021-05-23 08:00:00+00:00,24.299999999999997,25.75
2021-05-23 09:00:00+00:00,23.799999999999997,25.675
2021-05-23 10:00:00+00:00,24.025,25.625
2021-05-23 11:00:00+00:00,24.25,25.574999999999996
2021-05-23 12:00:00+00:00,24.025000000000002,25.5
2021-05-23 13:00:00+00:00,24.075,25.425
2021-05-23 14:00:00+00:00,23.775,25.45
2021-05-23 15:00:00+00:00,23.65,25.374999999999996
2021-05-23 16:00:00+00:00,23.9,25.4
2021-05-23 17:00:00+00:00,24.45,25.475
2021-05-23 18:00:00+00:00,24.674999999999997,25.575000000000003
2021-05-23 19:00:00+00:00,24.8,25.650000000000002
2021-05-23 20:00:00+00:00,25.0,25.799999999999997
2021-05-23 21:00:00+00:00,24.900000000000002,26.025
2021-05-23 22:00:00+00:00,24.9,26.175
2021-05-23 23:00:00+00:00,24.575,26.2
2021-05-24 00:00:00+00:00,24.475,26.225
2021-05-24 01:00:00+00:00,24.450000000000003,26.174999999999997
2021-05-24 02:00:00+00:00,24.3,26.049999999999997
2021-05-24 03:00:00+00:00,24.349999999999998,26.0
2021-05-24 04:00:00+00:00,24.375,25.95
2021-05-24 05:00:00+00:00,24.525,25.900000000000002
2021-05-24 06:00:00+00:00,24.549999999999997,25.799999999999997
2021-05-24 07:00:00+00:00,24.674999999999997,25.725
2021-05-24 08:00:00+00:00,24.625,25.699999999999996
2021-05-24 09:00:00+00:00,24.6,25.599999999999998
2021-05-24 10:00:00+00:00,24.625,25.575
2021-05-24 11:00:00+00:00,24.65,25.55
2021-05-24 12:00:00+00:00,24.575000000000003,25.525
2021-05-24 13:00:00+00:00,24.8,25.549999999999997
2021-05-24 14:00:00+00:00,25.275,25.5
2021-05-24 15:00:00+00:00,25.574999999999996,25.55
2021-05-24 16:00:00+00:00,25.775,25.750000000000004
2021-05-24 17:00:00+00:00,25.875,25.975
2021-05-24 18:00:00+00:00,25.825,26.200000000000003
2021-05-24 19:00:00+00:00,26.175,26.375
2021-05-24 20:00:00+00:00,26.275,26.625
2021-05-24 21:00:00+00:00,26.174999999999997,26.85
2021-05-24 22:00:00+00:00,26.275,26.974999999999998
2021-05-24 23:00:00+00:00,25.95,27.15
2021-05-25 00:00:00+00:00,25.725,27.299999999999997
2021-05-25 01:00:00+00:00,25.625,27.299999999999997
2021-05-25 02:00:00+00:00,25.525,27.15
2021-05-25 03:00:00+00:00,25.425,27.0
2021-05-25 04:00:00+00:00,25.4,26.924999999999997
2021-05-25 05:00:00+00:00,25.3,26.799999999999997
2021-05-25 06:00:00+00:00,25.25,26.675
2021-05-25 07:00:00+00:00,25.3,26.65
2021-05-25 08:00:00+00:00,25.225,26.625
2021-05-25 09:00:00+00:00,25.250000000000004,26.549999999999997
2021-05-25 10:00:00+00:00,25.250000000000004,26.475
2021-05-25 11:00:00+00:00,25.2,26.5
2021-05-25 12:00:00+00:00,25.275000000000002,26.450000000000003
2021-05-25 13:00:00+00:00,25.425,26.4
2021-05-25 14:00:00+00:00,25.675,26.375
2021-05-25 15:00:00+00:00,25.825,26.45
2021-05-25 16:00:00+00:00,26.175000000000004,26.549999999999997
2021-05-25 17:00:00+00:00,26.299999999999997,26.549999999999997
2021-05-25 18:00:00+00:00,26.6,26.35
2021-05-25 19:00:00+00:00,26.5,26.799999999999997
2021-05-25 20:00:00+00:00,26.6,27.025
2021-05-25 21:00:00+00:00,26.575,27.275
2021-05-25 22:00:00+00:00,26.500000000000004,27.449999999999996
2021-05-25 23:00:00+00:00,26.4,27.525000000000002
2021-05-26 00:00:00+00:00,26.25,27.5
2021-05-26 01:00:00+00:00,25.975,27.575000000000003
2021-05-26 02:00:00+00:00,25.825,27.525000000000002
2021-05-26 03:00:00+00:00,25.8,27.45
2021-05-26 04:00:00+00:00,25.8,27.4
2021-05-26 05:00:00+00:00,25.625,27.325
2021-05-26 06:00:00+00:00,25.6,27.25
2021-05-26 07:00:00+00:00,25.575000000000003,27.224999999999998
2021-05-26 08:00:00+00:00,25.525,27.225
2021-05-26 09:00:00+00:00,25.45,27.175
2021-05-26 10:00:00+00:00,25.45,27.15
2021-05-26 11:00:00+00:00,25.474999999999998,27.15
2021-05-26 12:00:00+00:00,25.5,27.075
2021-05-26 13:00:00+00:00,25.775,27.025000000000002
2021-05-26 14:00:00+00:00,26.15,27.0
2021-05-26 15:00:00+00:00,26.424999999999997,26.950000000000003
2021-05-26 16:00:00+00:00,26.675,26.95
2021-05-26 17:00:00+00:00,26.574999999999996,27.075000000000003
2021-05-26 18:00:00+00:00,26.650000000000002,27.299999999999997
2021-05-26 19:00:00+00:00,26.799999999999997,27.625000000000004
2021-05-26 20:00:00+00:00,27.075,28.049999999999997
2021-05-26 21:00:00+00:00,27.1,28.25
2021-05-26 22:00:00+00:00,26.900000000000002,28.450000000000003
2021-05-26 23:00:00+00:00,26.825000000000003,28.625
2021-05-27 00:00:00+00:00,26.550000000000004,28.6
2021-05-27 01:00:00+00:00,26.275,28.6
2021-05-27 02:00:00+00:00,26.049999999999997,28.549999999999997
2021-05-27 03:00:00+00:00,25.975,28.5
2021-05-27 04:00:00+00:00,25.925,28.374999999999996
2021-05-27 05:00:00+00:00,25.875,28.225
2021-05-27 06:00:00+00:00,25.65,28.125
2021-05-27 07:00:00+00:00,25.525,28.0
2021-05-27 08:00:00+00:00,25.525,27.825000000000003
2021-05-27 09:00:00+00:00,25.633333333333336,28.099999999999998
2021-05-27 10:00:00+00:00,25.45,27.674999999999997
2021-05-27 11:00:00+00:00,25.5,27.575000000000003
2021-05-27 12:00:00+00:00,25.475,27.424999999999997
2021-05-27 13:00:00+00:00,25.775,27.45
2021-05-27 14:00:00+00:00,26.35,27.474999999999998
2021-05-27 15:00:00+00:00,26.7,27.575
2021-05-27 16:00:00+00:00,26.924999999999997,27.65
2021-05-27 17:00:00+00:00,27.175,27.700000000000003
2021-05-27 18:00:00+00:00,27.375,27.875
2021-05-27 19:00:00+00:00,27.400000000000002,27.775
2021-05-27 20:00:00+00:00,27.450000000000003,27.95
2021-05-27 21:00:00+00:00,27.5,28.049999999999997
2021-05-27 22:00:00+00:00,27.275,28.35
2021-05-27 23:00:00+00:00,27.15,28.525
2021-05-28 00:00:00+00:00,26.924999999999997,28.65
2021-05-28 01:00:00+00:00,26.700000000000003,28.725
2021-05-28 02:00:00+00:00,26.525,28.725
2021-05-28 03:00:00+00:00,26.4,28.625
2021-05-28 04:00:00+00:00,26.400000000000002,28.525
2021-05-28 05:00:00+00:00,26.275,28.375
2021-05-28 06:00:00+00:00,26.275,28.325
2021-05-28 07:00:00+00:00,26.35,28.175
2021-05-28 08:00:00+00:00,26.2,28.125
2021-05-28 09:00:00+00:00,26.174999999999997,28.1
2021-05-28 10:00:00+00:00,26.125,28.000000000000004
2021-05-28 11:00:00+00:00,26.05,27.775
2021-05-28 12:00:00+00:00,26.224999999999998,27.575000000000003
2021-05-28 13:00:00+00:00,26.450000000000003,27.550000000000004
2021-05-28 14:00:00+00:00,26.775,27.575000000000003
2021-05-28 15:00:00+00:00,27.275,27.7
2021-05-28 16:00:00+00:00,27.55,27.799999999999997
2021-05-28 17:00:00+00:00,27.700000000000003,27.925
2021-05-28 18:00:00+00:00,27.65,28.150000000000002
2021-05-28 19:00:00+00:00,27.65,28.5
2021-05-28 20:00:00+00:00,27.575000000000003,28.799999999999997
2021-05-28 21:00:00+00:00,27.475,29.075000000000003
2021-05-28 22:00:00+00:00,27.375,29.275
2021-05-28 23:00:00+00:00,27.15,29.25
2021-05-29 00:00:00+00:00,26.975,29.275000000000002
2021-05-29 01:00:00+00:00,26.75,29.05
2021-05-29 02:00:00+00:00,26.75,28.900000000000002
2021-05-29 03:00:00+00:00,26.675,28.875
2021-05-29 04:00:00+00:00,26.55,28.9
2021-05-29 05:00:00+00:00,21.825000000000003,28.65
2021-05-29 06:00:00+00:00,20.924999999999997,27.95
2021-05-29 07:00:00+00:00,22.299999999999997,27.375
2021-05-29 08:00:00+00:00,23.275,27.099999999999998
2021-05-29 09:00:00+00:00,24.049999999999997,26.575000000000003
2021-05-29 10:00:00+00:00,22.5,26.625
2021-05-29 11:00:00+00:00,22.9,26.475
2021-05-29 12:00:00+00:00,22.925,26.375
2021-05-29 13:00:00+00:00,22.825000000000003,26.35
2021-05-29 14:00:00+00:00,21.9,26.174999999999997
2021-05-29 15:00:00+00:00,22.825,26.075000000000003
2021-05-29 16:00:00+00:00,23.55,26.424999999999997
2021-05-29 17:00:00+00:00,24.450000000000003,26.475
2021-05-29 18:00:00+00:00,25.625,26.6
2021-05-29 19:00:00+00:00,26.575000000000003,26.975
2021-05-29 20:00:00+00:00,26.925,27.299999999999997
2021-05-29 21:00:00+00:00,26.975,27.35
2021-05-29 22:00:00+00:00,27.125,27.799999999999997
2021-05-29 23:00:00+00:00,27.175,27.85
2021-05-30 00:00:00+00:00,27.0,28.0
2021-05-30 01:00:00+00:00,25.85,28.125
2021-05-30 02:00:00+00:00,25.175,28.025000000000002
2021-05-30 03:00:00+00:00,24.825000000000003,27.875
2021-05-30 04:00:00+00:00,24.825,27.8
2021-05-30 05:00:00+00:00,24.775,27.675
2021-05-30 06:00:00+00:00,25.1,27.525
2021-05-30 07:00:00+00:00,25.0,27.424999999999997
2021-05-30 08:00:00+00:00,25.15,27.300000000000004
2021-05-30 09:00:00+00:00,25.03333333333333,27.366666666666664
2021-05-30 10:00:00+00:00,25.15,27.05
2021-05-30 11:00:00+00:00,25.225,27.0
2021-05-30 12:00:00+00:00,25.475,26.9
2021-05-30 13:00:00+00:00,26.099999999999998,26.85
2021-05-30 14:00:00+00:00,26.275,26.950000000000003
2021-05-30 15:00:00+00:00,26.574999999999996,27.1
2021-05-30 16:00:00+00:00,26.95,27.324999999999996
2021-05-30 17:00:00+00:00,27.025,27.549999999999997
2021-05-30 18:00:00+00:00,27.224999999999998,27.75
2021-05-30 19:00:00+00:00,27.150000000000002,28.05
2021-05-30 20:00:00+00:00,27.1,28.35
2021-05-30 21:00:00+00:00,27.275,28.475
2021-05-30 22:00:00+00:00,27.3,28.725
2021-05-30 23:00:00+00:00,27.049999999999997,28.799999999999997
2021-05-31 00:00:00+00:00,26.65,28.724999999999998
2021-05-31 01:00:00+00:00,26.325000000000003,28.625
2021-05-31 02:00:00+00:00,26.099999999999998,28.424999999999997
2021-05-31 03:00:00+00:00,26.0,28.25
2021-05-31 04:00:00+00:00,26.049999999999997,28.1
2021-05-31 05:00:00+00:00,26.0,27.875
2021-05-31 06:00:00+00:00,25.95,27.775
2021-05-31 07:00:00+00:00,25.875,27.675
2021-05-31 08:00:00+00:00,25.800000000000004,27.650000000000002
2021-05-31 09:00:00+00:00,25.724999999999998,27.575000000000003
2021-05-31 10:00:00+00:00,25.85,27.325
2021-05-31 11:00:00+00:00,25.775,27.125
2021-05-31 12:00:00+00:00,25.825000000000003,26.975
2021-05-31 13:00:00+00:00,26.15,26.95
2021-05-31 14:00:00+00:00,26.3,26.875
2021-05-31 15:00:00+00:00,26.624999999999996,26.975
2021-05-31 16:00:00+00:00,26.775000000000002,27.25
2021-05-31 17:00:00+00:00,26.925,27.5
2021-05-31 18:00:00+00:00,27.175,27.725
2021-05-31 19:00:00+00:00,27.174999999999997,27.900000000000002
2021-05-31 20:00:00+00:00,27.225,28.225
2021-05-31 21:00:00+00:00,27.2,28.6
2021-05-31 22:00:00+00:00,27.05,28.75
2021-05-31 23:00:00+00:00,27.049999999999997,28.699999999999996
2021-06-01 00:00:00+00:00,26.925,28.725
2021-06-01 01:00:00+00:00,26.750000000000004,28.625
2021-06-01 02:00:00+00:00,26.6,28.575000000000003
2021-06-01 03:00:00+00:00,26.475,28.499999999999996
2021-06-01 04:00:00+00:00,26.424999999999997,28.375
2021-06-01 05:00:00+00:00,26.424999999999997,28.25
2021-06-01 06:00:00+00:00,26.35,28.1
2021-06-01 07:00:00+00:00,26.25,27.925000000000004
2021-06-01 08:00:00+00:00,26.25,27.875
2021-06-01 09:00:00+00:00,26.325,27.75
2021-06-01 10:00:00+00:00,26.425000000000004,27.675
2021-06-01 11:00:00+00:00,26.375,27.6
2021-06-01 12:00:00+00:00,24.5,27.450000000000003
2021-06-01 13:00:00+00:00,21.775,27.15
2021-06-01 14:00:00+00:00,21.725,27.0
2021-06-01 15:00:00+00:00,23.325000000000003,26.575
2021-06-01 16:00:00+00:00,25.474999999999998,26.85
2021-06-01 17:00:00+00:00,25.975,26.875
2021-06-01 18:00:00+00:00,26.225,27.025
2021-06-01 19:00:00+00:00,26.45,27.45
2021-06-01 20:00:00+00:00,26.75,27.924999999999997
2021-06-01 21:00:00+00:00,26.975,28.075
2021-06-01 22:00:00+00:00,27.025,28.575
2021-06-01 23:00:00+00:00,27.425,28.874999999999996
2021-06-02 00:00:00+00:00,27.15,28.525000000000002
2021-06-02 01:00:00+00:00,26.775,28.625
2021-06-02 02:00:00+00:00,26.299999999999997,28.425
2021-06-02 03:00:00+00:00,25.95,28.4
2021-06-02 04:00:00+00:00,25.95,28.325
2021-06-02 05:00:00+00:00,25.725,28.325000000000003
2021-06-02 06:00:00+00:00,25.599999999999998,28.349999999999998
2021-06-02 07:00:00+00:00,25.625,28.275
2021-06-02 08:00:00+00:00,25.525,28.174999999999997
2021-06-02 09:00:00+00:00,25.150000000000002,28.1
2021-06-02 10:00:00+00:00,25.325,28.0
2021-06-02 11:00:00+00:00,25.075000000000003,27.925
2021-06-02 12:00:00+00:00,25.449999999999996,27.849999999999998
2021-06-02 13:00:00+00:00,26.225,27.8
2021-06-02 14:00:00+00:00,26.55,27.825
2021-06-02 15:00:00+00:00,26.825,27.925000000000004
2021-06-02 16:00:00+00:00,27.125,28.35
2021-06-02 17:00:00+00:00,27.225,28.7
2021-06-02 18:00:00+00:00,27.475,29.174999999999997
2021-06-02 19:00:00+00:00,27.574999999999996,29.424999999999997
2021-06-02 20:00:00+00:00,27.1,29.625
2021-06-02 21:00:00+00:00,27.475,29.725
2021-06-02 22:00:00+00:00,27.95,29.924999999999997
2021-06-02 23:00:00+00:00,27.725,29.85
2021-06-03 00:00:00+00:00,27.650000000000002,29.950000000000003
2021-06-03 01:00:00+00:00,27.3,29.9
2021-06-03 02:00:00+00:00,27.025,29.775
2021-06-03 03:00:00+00:00,26.675000000000004,29.625
2021-06-03 04:00:00+00:00,26.85,29.400000000000002
2021-06-03 05:00:00+00:00,26.85,29.3
2021-06-03 06:00:00+00:00,26.775000000000002,29.099999999999998
2021-06-03 07:00:00+00:00,26.375,28.9
2021-06-03 08:00:00+00:00,25.75,28.750000000000004
2021-06-03 09:00:00+00:00,25.425,28.65
2021-06-03 10:00:00+00:00,24.75,28.475
2021-06-03 11:00:00+00:00,24.875,28.35
2021-06-03 12:00:00+00:00,24.625,28.25
2021-06-03 13:00:00+00:00,25.174999999999997,28.25
2021-06-03 14:00:00+00:00,25.575000000000003,28.275
2021-06-03 15:00:00+00:00,26.299999999999997,28.25
2021-06-03 16:00:00+00:00,27.125,28.299999999999997
2021-06-03 17:00:00+00:00,27.200000000000003,28.525
2021-06-03 18:00:00+00:00,27.575000000000003,28.825
2021-06-03 19:00:00+00:00,27.575000000000003,28.950000000000003
2021-06-03 20:00:00+00:00,26.875,28.925
2021-06-03 21:00:00+00:00,26.375,28.924999999999997
2021-06-03 22:00:00+00:00,25.275,28.975
2021-06-03 23:00:00+00:00,24.674999999999997,28.85
2021-06-04 00:00:00+00:00,22.75,28.675
2021-06-04 01:00:00+00:00,22.45,28.299999999999997
2021-06-04 02:00:00+00:00,22.5,28.075000000000003
2021-06-04 03:00:00+00:00,22.45,27.799999999999997
2021-06-04 04:00:00+00:00,22.699999999999996,27.6
2021-06-04 05:00:00+00:00,22.974999999999998,27.375
2021-06-04 06:00:00+00:00,23.525,26.975
2021-06-04 07:00:00+00:00,23.975,26.799999999999997
2021-06-04 08:00:00+00:00,23.425,26.625
2021-06-04 09:00:00+00:00,23.549999999999997,26.525
2021-06-04 10:00:00+00:00,23.8,26.45
2021-06-04 11:00:00+00:00,22.574999999999996,26.5
2021-06-04 12:00:00+00:00,22.200000000000003,26.225
2021-06-04 13:00:00+00:00,22.525,26.150000000000002
2021-06-04 14:00:00+00:00,22.724999999999998,26.25
2021-06-04 15:00:00+00:00,23.175,26.025
2021-06-04 16:00:00+00:00,23.950000000000003,26.1
2021-06-04 17:00:00+00:00,24.75,26.225
2021-06-04 18:00:00+00:00,25.975,26.75
2021-06-04 19:00:00+00:00,26.325,27.35
2021-06-04 20:00:00+00:00,26.55,27.925
2021-06-04 21:00:00+00:00,27.0,28.1
2021-06-04 22:00:00+00:00,27.2,28.375
2021-06-04 23:00:00+00:00,27.0,28.375
2021-06-05 00:00:00+00:00,26.724999999999998,28.675000000000004
2021-06-05 01:00:00+00:00,26.75,28.725
2021-06-05 02:00:00+00:00,26.375000000000004,28.450000000000003
2021-06-05 03:00:00+00:00,26.174999999999997,28.349999999999998
2021-06-05 04:00:00+00:00,26.275,28.4
2021-06-05 05:00:00+00:00,25.675,28.424999999999997
2021-06-05 06:00:00+00:00,25.75,28.4
2021-06-05 07:00:00+00:00,25.450000000000003,28.325000000000003
2021-06-05 08:00:00+00:00,25.200000000000003,28.275000000000002
2021-06-05 09:00:00+00:00,25.25,28.224999999999998
2021-06-05 10:00:00+00:00,25.224999999999998,28.075
2021-06-05 11:00:00+00:00,25.0,28.0
2021-06-05 12:00:00+00:00,25.425,27.9
2021-06-05 13:00:00+00:00,25.724999999999998,27.799999999999997
2021-06-05 14:00:00+00:00,26.400000000000002,27.75
2021-06-05 15:00:00+00:00,26.799999999999997,27.825000000000003
2021-06-05 16:00:00+00:00,26.875,28.2
2021-06-05 17:00:00+00:00,27.05,28.824999999999996
2021-06-05 18:00:00+00:00,25.724999999999998,29.075000000000003
2021-06-05 19:00:00+00:00,26.799999999999997,28.775
2021-06-05 20:00:00+00:00,27.400000000000002,28.65
2021-06-05 21:00:00+00:00,27.424999999999997,29.025
2021-06-05 22:00:00+00:00,27.575,29.075
2021-06-05 23:00:00+00:00,27.35,29.275000000000002
2021-06-06 00:00:00+00:00,27.375,29.15
2021-06-06 01:00:00+00:00,26.9,29.025000000000002
2021-06-06 02:00:00+00:00,26.575,28.9
2021-06-06 03:00:00+00:00,26.6,28.9
2021-06-06 04:00:00+00:00,26.775,28.975
2021-06-06 05:00:00+00:00,26.675,28.650000000000002
2021-06-06 06:00:00+00:00,26.5,28.6
2021-06-06 07:00:00+00:00,26.525,28.425
2021-06-06 08:00:00+00:00,26.475,28.275
2021-06-06 09:00:00+00:00,26.275000000000002,28.125
2021-06-06 10:00:00+00:00,26.299999999999997,27.925
2021-06-06 11:00:00+00:00,26.275,28.025
2021-06-06 12:00:00+00:00,26.325000000000003,27.875
2021-06-06 13:00:00+00:00,26.75,27.675
2021-06-06 14:00:00+00:00,27.3,27.799999999999997
2021-06-06 15:00:00+00:00,27.650000000000002,27.924999999999997
2021-06-06 16:00:00+00:00,28.0,28.125
2021-06-06 17:00:00+00:00,28.175,28.275000000000002
2021-06-06 18:00:00+00:00,28.175,28.375
2021-06-06 19:00:00+00:00,28.475,28.5
2021-06-06 20:00:00+00:00,28.475,28.725
2021-06-06 21:00:00+00:00,28.650000000000002,28.674999999999997
2021-06-06 22:00:00+00:00,28.5,28.950000000000003
2021-06-06 23:00:00+00:00,28.375,29.375
2021-06-07 00:00:00+00:00,28.25,29.65
2021-06-07 01:00:00+00:00,28.025,29.575
2021-06-07 02:00:00+00:00,27.874999999999996,29.424999999999997
2021-06-07 03:00:00+00:00,27.775,29.3
2021-06-07 04:00:00+00:00,27.775,29.225
2021-06-07 05:00:00+00:00,27.775,29.174999999999997
2021-06-07 06:00:00+00:00,27.65,29.1
2021-06-07 07:00:00+00:00,27.625,28.974999999999998
2021-06-07 08:00:00+00:00,27.599999999999998,29.0
2021-06-07 09:00:00+00:00,27.625000000000004,28.925
2021-06-07 10:00:00+00:00,27.525,28.875
2021-06-07 11:00:00+00:00,27.599999999999998,28.9
2021-06-07 12:00:00+00:00,27.799999999999997,28.725
2021-06-07 13:00:00+00:00,28.025000000000002,28.475
2021-06-07 14:00:00+00:00,28.225,28.4
2021-06-07 15:00:00+00:00,28.275,28.4
2021-06-07 16:00:00+00:00,28.35,28.575
2021-06-07 17:00:00+00:00,28.549999999999997,28.775000000000002
2021-06-07 18:00:00+00:00,28.675,29.025
2021-06-07 19:00:00+00:00,28.666666666666668,29.46666666666667
2021-06-07 20:00:00+00:00,28.775,29.6
2021-06-07 21:00:00+00:00,28.85,29.75
2021-06-07 22:00:00+00:00,28.85,29.849999999999998
2021-06-07 23:00:00+00:00,28.75,29.925
2021-06-08 00:00:00+00:00,28.6,29.8
2021-06-08 01:00:00+00:00,28.450000000000003,29.7
2021-06-08 02:00:00+00:00,28.225,29.525
2021-06-08 03:00:00+00:00,28.25,29.425
2021-06-08 04:00:00+00:00,28.375,29.35
2021-06-08 05:00:00+00:00,28.400000000000002,29.4
2021-06-08 06:00:00+00:00,28.375,29.3
2021-06-08 07:00:00+00:00,28.275,29.35
2021-06-08 08:00:00+00:00,28.25,29.224999999999998
2021-06-08 09:00:00+00:00,28.075,29.099999999999998
2021-06-08 10:00:00+00:00,27.975,28.975
2021-06-08 11:00:00+00:00,27.725,28.950000000000003
2021-06-08 12:00:00+00:00,27.675000000000004,28.9
2021-06-08 13:00:00+00:00,27.974999999999998,28.799999999999997
2021-06-08 14:00:00+00:00,28.174999999999997,28.700000000000003
2021-06-08 15:00:00+00:00,28.475,28.700000000000003
2021-06-08 16:00:00+00:00,28.700000000000003,28.674999999999997
2021-06-08 17:00:00+00:00,28.975,28.825000000000003
2021-06-08 18:00:00+00:00,29.275,29.050000000000004
2021-06-08 19:00:00+00:00,29.25,29.5
2021-06-08 20:00:00+00:00,29.224999999999998,29.675000000000004
2021-06-08 21:00:00+00:00,29.275,29.85
2021-06-08 22:00:00+00:00,29.05,30.200000000000003
2021-06-08 23:00:00+00:00,29.05,30.225
2021-06-09 00:00:00+00:00,28.849999999999998,30.15
2021-06-09 01:00:00+00:00,28.6,30.275000000000002
2021-06-09 02:00:00+00:00,28.424999999999997,30.15
2021-06-09 03:00:00+00:00,28.425,30.049999999999997
2021-06-09 04:00:00+00:00,28.299999999999997,29.925
2021-06-09 05:00:00+00:00,28.325000000000003,29.8
2021-06-09 06:00:00+00:00,28.325000000000003,29.725
2021-06-09 07:00:00+00:00,28.275,29.675
2021-06-09 08:00:00+00:00,28.25,29.575
2021-06-09 09:00:00+00:00,28.25,29.525000000000002
2021-06-09 10:00:00+00:00,28.25,29.5
2021-06-09 11:00:00+00:00,28.125,29.375
2021-06-09 12:00:00+00:00,28.05,29.375
2021-06-09 13:00:00+00:00,28.225,29.225
2021-06-09 14:00:00+00:00,28.575,29.275
2021-06-09 15:00:00+00:00,28.75,29.275
2021-06-09 16:00:00+00:00,28.950000000000003,29.325
2021-06-09 17:00:00+00:00,29.1,29.2
2021-06-09 18:00:00+00:00,29.225,29.424999999999997
2021-06-09 19:00:00+00:00,29.225,29.675000000000004
2021-06-09 20:00:00+00:00,29.475,30.075
2021-06-09 21:00:00+00:00,29.375,30.450000000000003
2021-06-09 22:00:00+00:00,29.35,30.650000000000002
2021-06-09 23:00:00+00:00,29.225,30.775
2021-06-10 00:00:00+00:00,28.825,30.825000000000003
2021-06-10 01:00:00+00:00,28.6,30.775
2021-06-10 02:00:00+00:00,28.275000000000002,30.65
2021-06-10 03:00:00+00:00,28.125,30.525000000000002
2021-06-10 04:00:00+00:00,28.099999999999998,30.35
2021-06-10 05:00:00+00:00,28.074999999999996,30.225
2021-06-10 06:00:00+00:00,28.05,30.075
2021-06-10 07:00:00+00:00,27.975,29.9
2021-06-10 08:00:00+00:00,27.950000000000003,29.8
2021-06-10 09:00:00+00:00,28.000000000000004,29.7
2021-06-10 10:00:00+00:00,27.825,29.575000000000003
2021-06-10 11:00:00+00:00,27.825,29.425
2021-06-10 12:00:00+00:00,27.75,29.249999999999996
2021-06-10 13:00:00+00:00,28.050000000000004,29.25
2021-06-10 14:00:00+00:00,28.400000000000002,29.2
2021-06-10 15:00:00+00:00,28.775,29.125
2021-06-10 16:00:00+00:00,29.0,29.174999999999997
2021-06-10 17:00:00+00:00,29.174999999999997,29.349999999999998
2021-06-10 18:00:00+00:00,29.275,29.549999999999997
2021-06-10 19:00:00+00:00,29.4,29.5
2021-06-10 20:00:00+00:00,29.375,29.924999999999997
2021-06-10 21:00:00+00:00,29.325,30.200000000000003
2021-06-10 22:00:00+00:00,29.275,30.35
2021-06-10 23:00:00+00:00,29.05,30.599999999999998
2021-06-11 00:00:00+00:00,28.875,30.525
2021-06-11 01:00:00+00:00,28.7,30.525
2021-06-11 02:00:00+00:00,28.425,30.425
2021-06-11 03:00:00+00:00,28.25,30.25
2021-06-11 04:00:00+00:00,28.124999999999996,30.125
2021-06-11 05:00:00+00:00,28.05,29.949999999999996
2021-06-11 06:00:00+00:00,27.975,29.85
2021-06-11 07:00:00+00:00,27.825,29.675
2021-06-11 08:00:00+00:00,27.775,29.475
2021-06-11 09:00:00+00:00,27.65,29.299999999999997
2021-06-11 10:00:00+00:00,27.625,29.200000000000003
2021-06-11 11:00:00+00:00,27.625,29.174999999999997
2021-06-11 12:00:00+00:00,27.625,28.975
2021-06-11 13:00:00+00:00,27.875,28.8
2021-06-11 14:00:00+00:00,28.225,28.85
2021-06-11 15:00:00+00:00,28.450000000000003,28.525000000000002
2021-06-11 16:00:00+00:00,28.724999999999998,28.85
2021-06-11 17:00:00+00:00,28.95,28.975
2021-06-11 18:00:00+00:00,29.175,29.175
2021-06-11 19:00:00+00:00,29.45,29.324999999999996
2021-06-11 20:00:00+00:00,29.525,29.725
2021-06-11 21:00:00+00:00,29.65,30.174999999999997
2021-06-11 22:00:00+00:00,29.674999999999997,30.674999999999997
2021-06-11 23:00:00+00:00,29.675,30.900000000000002
2021-06-12 00:00:00+00:00,29.3,30.950000000000003
2021-06-12 01:00:00+00:00,28.975,31.0
2021-06-12 02:00:00+00:00,28.575,30.825000000000003
2021-06-12 03:00:00+00:00,28.449999999999996,30.549999999999997
2021-06-12 04:00:00+00:00,28.375,30.425
2021-06-12 05:00:00+00:00,28.325,30.250000000000004
2021-06-12 06:00:00+00:00,28.25,30.025
2021-06-12 07:00:00+00:00,28.125,29.9
2021-06-12 08:00:00+00:00,28.025,29.775
2021-06-12 09:00:00+00:00,27.85,29.6
2021-06-12 10:00:00+00:00,27.75,29.5
2021-06-12 11:00:00+00:00,27.575,29.35
2021-06-12 12:00:00+00:00,27.700000000000003,29.275000000000002
2021-06-12 13:00:00+00:00,28.099999999999998,29.25
2021-06-12 14:00:00+00:00,28.599999999999998,29.375
2021-06-12 15:00:00+00:00,29.0,29.200000000000003
2021-06-12 16:00:00+00:00,28.875,29.35
2021-06-12 17:00:00+00:00,29.15,30.025
2021-06-12 18:00:00+00:00,29.325000000000003,30.425
2021-06-12 19:00:00+00:00,29.425,31.0
2021-06-12 20:00:00+00:00,29.8,31.45
2021-06-12 21:00:00+00:00,29.825,31.5
2021-06-12 22:00:00+00:00,29.8,31.85
2021-06-12 23:00:00+00:00,29.7,31.900000000000002
2021-06-13 00:00:00+00:00,29.525,31.875
2021-06-13 01:00:00+00:00,29.174999999999997,31.799999999999997
2021-06-13 02:00:00+00:00,28.6,31.7
2021-06-13 03:00:00+00:00,28.400000000000002,31.5
2021-06-13 04:00:00+00:00,28.25,31.175
2021-06-13 05:00:00+00:00,28.1,30.875
2021-06-13 06:00:00+00:00,27.85,30.625
2021-06-13 07:00:00+00:00,27.5,30.4
2021-06-13 08:00:00+00:00,27.375,30.175
2021-06-13 09:00:00+00:00,27.225,30.0
2021-06-13 10:00:00+00:00,27.125,29.9
2021-06-13 11:00:00+00:00,26.424999999999997,29.725
2021-06-13 12:00:00+00:00,25.95,29.650000000000002
2021-06-13 13:00:00+00:00,26.15,29.624999999999996
2021-06-13 14:00:00+00:00,26.35,29.55
2021-06-13 15:00:00+00:00,26.825000000000003,29.6
2021-06-13 16:00:00+00:00,27.55,29.624999999999996
2021-06-13 17:00:00+00:00,28.05,29.825000000000003
2021-06-13 18:00:00+00:00,28.6,29.35
2021-06-13 19:00:00+00:00,29.375,30.825
2021-06-13 20:00:00+00:00,29.624999999999996,31.049999999999997
2021-06-13 21:00:00+00:00,30.25,31.299999999999997
2021-06-13 22:00:00+00:00,30.975,31.9
2021-06-13 23:00:00+00:00,30.674999999999997,32.025
2021-06-14 00:00:00+00:00,30.175,32.15
2021-06-14 01:00:00+00:00,29.7,31.975
2021-06-14 02:00:00+00:00,29.025,31.825
2021-06-14 03:00:00+00:00,28.624999999999996,31.55
2021-06-14 04:00:00+00:00,28.5,31.25
2021-06-14 05:00:00+00:00,28.2,30.924999999999997
2021-06-14 06:00:00+00:00,28.025000000000002,30.775
2021-06-14 07:00:00+00:00,27.775000000000002,30.625
2021-06-14 08:00:00+00:00,27.525000000000002,30.425
2021-06-14 09:00:00+00:00,27.5,30.25
2021-06-14 10:00:00+00:00,26.933333333333334,29.5
2021-06-14 11:00:00+00:00,26.174999999999997,29.875
2021-06-14 12:00:00+00:00,25.55,29.675
2021-06-14 13:00:00+00:00,25.9,29.5
2021-06-14 14:00:00+00:00,27.049999999999997,29.425
2021-06-14 15:00:00+00:00,28.275,29.55
2021-06-14 16:00:00+00:00,29.299999999999997,29.775000000000002
2021-06-14 17:00:00+00:00,30.325000000000003,30.0
2021-06-14 18:00:00+00:00,31.1,30.725
2021-06-14 19:00:00+00:00,31.625,31.35
2021-06-14 20:00:00+00:00,32.325,30.875
2021-06-14 21:00:00+00:00,31.5,31.525000000000002
2021-06-14 22:00:00+00:00,26.8,32.625
2021-06-14 23:00:00+00:00,24.575000000000003,32.325
2021-06-15 00:00:00+00:00,25.300000000000004,32.075
2021-06-15 01:00:00+00:00,24.975,31.85
2021-06-15 02:00:00+00:00,25.425000000000004,31.675
2021-06-15 03:00:00+00:00,26.425,31.549999999999997
2021-06-15 04:00:00+00:00,24.675000000000004,31.35
2021-06-15 05:00:00+00:00,24.65,31.175
2021-06-15 06:00:00+00:00,24.85,31.0
2021-06-15 07:00:00+00:00,24.925,30.7
2021-06-15 08:00:00+00:00,24.675,30.55
2021-06-15 09:00:00+00:00,24.874999999999996,30.349999999999998
2021-06-15 10:00:00+00:00,25.125,30.125
2021-06-15 11:00:00+00:00,25.225,29.900000000000002
2021-06-15 12:00:00+00:00,25.45,29.6
2021-06-15 13:00:00+00:00,26.325,29.174999999999997
2021-06-15 14:00:00+00:00,27.675,29.325
2021-06-15 15:00:00+00:00,28.6,29.275
2021-06-15 16:00:00+00:00,29.400000000000002,29.349999999999998
2021-06-15 17:00:00+00:00,30.05,29.4
2021-06-15 18:00:00+00:00,30.400000000000002,30.275
2021-06-15 19:00:00+00:00,30.924999999999997,29.800000000000004
2021-06-15 20:00:00+00:00,30.800000000000004,29.975
2021-06-15 21:00:00+00:00,30.875000000000004,30.624999999999996
2021-06-15 22:00:00+00:00,31.075,31.575
2021-06-15 23:00:00+00:00,31.200000000000003,32.175000000000004
2021-06-16 00:00:00+00:00,30.625,32.275
2021-06-16 01:00:00+00:00,30.025,32.225
2021-06-16 02:00:00+00:00,29.499999999999996,32.5
2021-06-16 03:00:00+00:00,28.9,32.075
2021-06-16 04:00:00+00:00,27.325000000000003,31.924999999999997
2021-06-16 05:00:00+00:00,26.025,31.475
2021-06-16 06:00:00+00:00,25.366666666666664,30.933333333333334
2021-06-16 07:00:00+00:00,25.45,30.724999999999998
2021-06-16 08:00:00+00:00,25.549999999999997,30.325000000000003
2021-06-16 09:00:00+00:00,25.525,30.099999999999998
2021-06-16 10:00:00+00:00,25.250000000000004,29.675
2021-06-16 11:00:00+00:00,25.425000000000004,29.700000000000003
2021-06-16 12:00:00+00:00,24.5,29.525000000000002
2021-06-16 13:00:00+00:00,24.9,28.924999999999997
2021-06-16 14:00:00+00:00,25.950000000000003,29.25
2021-06-16 15:00:00+00:00,26.975,29.475
2021-06-16 16:00:00+00:00,27.975,29.650000000000002
2021-06-16 17:00:00+00:00,28.525,29.650000000000002
2021-06-16 18:00:00+00:00,29.299999999999997,30.025
2021-06-16 19:00:00+00:00,29.700000000000003,30.275
2021-06-16 20:00:00+00:00,30.275,30.35
2021-06-16 21:00:00+00:00,30.299999999999997,30.924999999999997
2021-06-16 22:00:00+00:00,30.225,31.5
2021-06-16 23:00:00+00:00,29.950000000000003,31.45
2021-06-17 00:00:00+00:00,29.95,31.474999999999998
2021-06-17 01:00:00+00:00,29.425,31.324999999999996
2021-06-17 02:00:00+00:00,29.05,31.25
2021-06-17 03:00:00+00:00,28.875,31.1
2021-06-17 04:00:00+00:00,28.775,30.974999999999998
2021-06-17 05:00:00+00:00,28.1,30.8
2021-06-17 06:00:00+00:00,27.625,30.674999999999997
2021-06-17 07:00:00+00:00,27.425,30.5
2021-06-17 08:00:00+00:00,26.575,30.349999999999998
2021-06-17 09:00:00+00:00,26.474999999999998,30.150000000000002
2021-06-17 10:00:00+00:00,25.799999999999997,29.975
2021-06-17 11:00:00+00:00,25.625,29.75
2021-06-17 12:00:00+00:00,25.974999999999998,29.5
2021-06-17 13:00:00+00:00,26.700000000000003,29.325
2021-06-17 14:00:00+00:00,27.450000000000003,29.474999999999998
2021-06-17 15:00:00+00:00,28.475,29.6
2021-06-17 16:00:00+00:00,29.775,29.95
2021-06-17 17:00:00+00:00,30.7,30.3
2021-06-17 18:00:00+00:00,31.4,30.674999999999997
2021-06-17 19:00:00+00:00,30.8,30.924999999999997
2021-06-17 20:00:00+00:00,31.299999999999997,31.324999999999996
2021-06-17 21:00:00+00:00,31.325000000000003,31.425000000000004
2021-06-17 22:00:00+00:00,31.324999999999996,31.799999999999997
2021-06-17 23:00:00+00:00,31.125,31.825000000000003
2021-06-18 00:00:00+00:00,30.5,31.8
2021-06-18 01:00:00+00:00,29.75,31.65
2021-06-18 02:00:00+00:00,29.4,31.374999999999996
2021-06-18 03:00:00+00:00,29.275,31.150000000000002
2021-06-18 04:00:00+00:00,29.15,30.95
2021-06-18 05:00:00+00:00,28.900000000000002,30.75
2021-06-18 06:00:00+00:00,28.424999999999997,30.575
2021-06-18 07:00:00+00:00,27.799999999999997,30.375
2021-06-18 08:00:00+00:00,27.3,30.250000000000004
2021-06-18 09:00:00+00:00,26.9,30.175
2021-06-18 10:00:00+00:00,26.625000000000004,30.049999999999997
2021-06-18 11:00:00+00:00,26.150000000000002,29.924999999999997
2021-06-18 12:00:00+00:00,26.15,29.749999999999996
2021-06-18 13:00:00+00:00,26.65,29.65
2021-06-18 14:00:00+00:00,27.550000000000004,29.7
2021-06-18 15:00:00+00:00,28.474999999999998,29.775
2021-06-18 16:00:00+00:00,29.025,30.049999999999997
2021-06-18 17:00:00+00:00,29.625,30.225
2021-06-18 18:00:00+00:00,30.025,30.275000000000002
2021-06-18 19:00:00+00:00,30.625,30.35
2021-06-18 20:00:00+00:00,30.6,30.45
2021-06-18 21:00:00+00:00,30.8,30.599999999999998
2021-06-18 22:00:00+00:00,30.474999999999998,30.75
2021-06-18 23:00:00+00:00,30.575000000000003,30.8
2021-06-19 00:00:00+00:00,30.224999999999998,30.974999999999998
2021-06-19 01:00:00+00:00,29.525,31.099999999999994
2021-06-19 02:00:00+00:00,28.824999999999996,31.075000000000003
2021-06-19 03:00:00+00:00,28.449999999999996,30.925
2021-06-19 04:00:00+00:00,28.25,30.825000000000003
2021-06-19 05:00:00+00:00,28.349999999999998,30.825
2021-06-19 06:00:00+00:00,27.924999999999997,30.725
2021-06-19 07:00:00+00:00,27.725,30.725
2021-06-19 08:00:00+00:00,27.375,30.675000000000004
2021-06-19 09:00:00+00:00,27.1,30.650000000000002
2021-06-19 10:00:00+00:00,26.275,30.525000000000002
2021-06-19 11:00:00+00:00,25.375,30.3
2021-06-19 12:00:00+00:00,25.725,30.349999999999998
2021-06-19 13:00:00+00:00,26.85,30.025
2021-06-19 14:00:00+00:00,27.85,30.025
2021-06-19 15:00:00+00:00,28.5,30.175000000000004
2021-06-19 16:00:00+00:00,29.1,30.375000000000004
2021-06-19 17:00:00+00:00,29.349999999999998,31.025000000000002
2021-06-19 18:00:00+00:00,29.874999999999996,31.424999999999997
2021-06-19 19:00:00+00:00,30.25,32.05
2021-06-19 20:00:00+00:00,30.25,31.975
2021-06-19 21:00:00+00:00,30.2,32.05
2021-06-19 22:00:00+00:00,30.075000000000003,32.525
2021-06-19 23:00:00+00:00,30.050000000000004,32.9
2021-06-20 00:00:00+00:00,29.875,32.95
2021-06-20 01:00:00+00:00,29.474999999999998,32.849999999999994
2021-06-20 02:00:00+00:00,29.25,32.6
2021-06-20 03:00:00+00:00,29.125,32.35
2021-06-20 04:00:00+00:00,29.049999999999997,32.0
2021-06-20 05:00:00+00:00,29.0,31.725
2021-06-20 06:00:00+00:00,28.950000000000003,31.4
2021-06-20 07:00:00+00:00,28.975,31.15
2021-06-20 08:00:00+00:00,28.950000000000003,30.975
2021-06-20 09:00:00+00:00,28.924999999999997,30.75
2021-06-20 10:00:00+00:00,28.875,30.575
2021-06-20 11:00:00+00:00,28.875,30.55
2021-06-20 12:00:00+00:00,28.95,30.475
2021-06-20 13:00:00+00:00,29.225,30.45
2021-06-20 14:00:00+00:00,29.475,30.299999999999997
2021-06-20 15:00:00+00:00,29.549999999999997,30.25
2021-06-20 16:00:00+00:00,29.400000000000002,30.375
2021-06-20 17:00:00+00:00,29.5,30.4
2021-06-20 18:00:00+00:00,29.675,30.425
2021-06-20 19:00:00+00:00,29.725,30.55
2021-06-20 20:00:00+00:00,29.575,30.599999999999998
2021-06-20 21:00:00+00:00,29.425,30.675
2021-06-20 22:00:00+00:00,29.45,30.65
2021-06-20 23:00:00+00:00,29.35,30.625000000000004
2021-06-21 00:00:00+00:00,29.4,30.549999999999997
2021-06-21 01:00:00+00:00,29.0,30.5
2021-06-21 02:00:00+00:00,28.1,30.325000000000003
2021-06-21 03:00:00+00:00,28.075000000000003,30.125
2021-06-21 04:00:00+00:00,29.025,30.0
2021-06-21 05:00:00+00:00,29.125,29.9
2021-06-21 06:00:00+00:00,28.724999999999998,29.875
2021-06-21 07:00:00+00:00,27.85,29.75
2021-06-21 08:00:00+00:00,28.875,29.549999999999997
2021-06-21 09:00:00+00:00,28.825,29.4
2021-06-21 10:00:00+00:00,28.575,29.3
2021-06-21 11:00:00+00:00,28.85,29.2
2021-06-21 12:00:00+00:00,28.9,29.225
2021-06-21 13:00:00+00:00,29.075,29.225
2021-06-21 14:00:00+00:00,29.45,29.225
2021-06-21 15:00:00+00:00,29.525,29.3
2021-06-21 16:00:00+00:00,29.575000000000003,29.375
2021-06-21 17:00:00+00:00,29.525,29.5
2021-06-21 18:00:00+00:00,29.675,29.599999999999998
2021-06-21 19:00:00+00:00,29.725,29.725
2021-06-21 20:00:00+00:00,30.025,30.025000000000002
2021-06-21 21:00:00+00:00,30.275,30.074999999999996
2021-06-21 22:00:00+00:00,30.049999999999997,30.200000000000003
2021-06-21 23:00:00+00:00,29.900000000000002,30.400000000000002
2021-06-22 00:00:00+00:00,29.675,30.425
2021-06-22 01:00:00+00:00,29.550000000000004,30.425000000000004
2021-06-22 02:00:00+00:00,29.4,30.35
2021-06-22 03:00:00+00:00,29.325,30.35
2021-06-22 04:00:00+00:00,29.275,30.200000000000003
2021-06-22 05:00:00+00:00,29.25,30.125
2021-06-22 06:00:00+00:00,29.075,30.025
2021-06-22 07:00:00+00:00,28.8,29.95
2021-06-22 08:00:00+00:00,28.924999999999997,30.025
2021-06-22 09:00:00+00:00,28.900000000000002,30.0
2021-06-22 10:00:00+00:00,28.85,30.025
2021-06-22 11:00:00+00:00,27.975,29.875
2021-06-22 12:00:00+00:00,26.525,29.675
2021-06-22 13:00:00+00:00,27.174999999999997,29.525
2021-06-22 14:00:00+00:00,25.975,29.424999999999997
2021-06-22 15:00:00+00:00,25.925000000000004,29.325
2021-06-22 16:00:00+00:00,27.6,29.4
2021-06-22 17:00:00+00:00,28.425,29.474999999999998
2021-06-22 18:00:00+00:00,28.85,29.475
2021-06-22 19:00:00+00:00,29.0,29.775
2021-06-22 20:00:00+00:00,29.375,30.0
2021-06-22 21:00:00+00:00,29.624999999999996,30.25
2021-06-22 22:00:00+00:00,30.375,30.425
2021-06-22 23:00:00+00:00,30.0,30.85
2021-06-23 00:00:00+00:00,29.674999999999997,30.9
2021-06-23 01:00:00+00:00,28.950000000000003,30.900000000000002
2021-06-23 02:00:00+00:00,28.375,30.950000000000003
2021-06-23 03:00:00+00:00,28.35,30.825
2021-06-23 04:00:00+00:00,28.25,30.599999999999998
2021-06-23 05:00:00+00:00,28.375,30.5
2021-06-23 06:00:00+00:00,28.425000000000004,30.3
2021-06-23 07:00:00+00:00,28.45,30.125000000000004
2021-06-23 08:00:00+00:00,28.325000000000003,30.000000000000004
2021-06-23 09:00:00+00:00,28.425,29.85
2021-06-23 10:00:00+00:00,28.450000000000003,29.775
2021-06-23 11:00:00+00:00,27.3,29.650000000000002
2021-06-23 12:00:00+00:00,26.5,29.35
2021-06-23 13:00:00+00:00,27.099999999999998,29.349999999999998
2021-06-23 14:00:00+00:00,27.625,29.475
2021-06-23 15:00:00+00:00,27.925,29.5
2021-06-23 16:00:00+00:00,28.474999999999998,29.55
2021-06-23 17:00:00+00:00,28.650000000000002,29.725
2021-06-23 18:00:00+00:00,29.075000000000003,29.974999999999998
2021-06-23 19:00:00+00:00,29.225,30.200000000000003
2021-06-23 20:00:00+00:00,29.425,30.525
2021-06-23 21:00:00+00:00,30.125,31.325
2021-06-23 22:00:00+00:00,30.049999999999997,31.325
2021-06-23 23:00:00+00:00,29.775,31.55
2021-06-24 00:00:00+00:00,29.65,31.7
2021-06-24 01:00:00+00:00,29.200000000000003,31.4
2021-06-24 02:00:00+00:00,28.75,31.35
2021-06-24 03:00:00+00:00,28.700000000000003,31.25
2021-06-24 04:00:00+00:00,28.775,30.975
2021-06-24 05:00:00+00:00,28.85,30.775
2021-06-24 06:00:00+00:00,28.900000000000002,30.625
2021-06-24 07:00:00+00:00,28.825,30.55
2021-06-24 08:00:00+00:00,28.75,30.375
2021-06-24 09:00:00+00:00,28.650000000000002,30.175
2021-06-24 10:00:00+00:00,28.625,30.125
2021-06-24 11:00:00+00:00,28.875,30.025000000000002
2021-06-24 12:00:00+00:00,28.95,30.025
2021-06-24 13:00:00+00:00,29.175,30.025
2021-06-24 14:00:00+00:00,29.474999999999998,30.075
2021-06-24 15:00:00+00:00,29.675,30.1
2021-06-24 16:00:00+00:00,29.924999999999997,30.375000000000004
2021-06-24 17:00:00+00:00,29.974999999999998,30.575000000000003
2021-06-24 18:00:00+00:00,30.05,30.75
2021-06-24 19:00:00+00:00,30.150000000000002,31.025000000000002
2021-06-24 20:00:00+00:00,30.15,31.125
2021-06-24 21:00:00+00:00,30.200000000000003,31.475
2021-06-24 22:00:00+00:00,30.1,31.6
2021-06-24 23:00:00+00:00,30.025,31.65
2021-06-25 00:00:00+00:00,29.775,31.7
2021-06-25 01:00:00+00:00,29.575000000000003,31.575000000000003
2021-06-25 02:00:00+00:00,29.300000000000004,31.474999999999998
2021-06-25 03:00:00+00:00,29.275,31.175
2021-06-25 04:00:00+00:00,29.224999999999998,31.05
2021-06-25 05:00:00+00:00,29.2,30.775
2021-06-25 06:00:00+00:00,29.150000000000002,30.650000000000002
2021-06-25 07:00:00+00:00,29.125,30.55
2021-06-25 08:00:00+00:00,29.125,30.325
2021-06-25 09:00:00+00:00,29.049999999999997,30.15
2021-06-25 10:00:00+00:00,29.0,30.0
2021-06-25 11:00:00+00:00,28.9,29.8
2021-06-25 12:00:00+00:00,28.925,29.75
2021-06-25 13:00:00+00:00,29.125,29.65
2021-06-25 14:00:00+00:00,29.5,29.7
2021-06-25 15:00:00+00:00,29.674999999999997,29.8
2021-06-25 16:00:00+00:00,29.7,29.975
2021-06-25 17:00:00+00:00,29.900000000000002,30.275
2021-06-25 18:00:00+00:00,29.974999999999998,30.525
2021-06-25 19:00:00+00:00,30.1,30.8
2021-06-25 20:00:00+00:00,30.075,31.099999999999998
2021-06-25 21:00:00+00:00,30.1,31.4
2021-06-25 22:00:00+00:00,30.025,31.45
2021-06-25 23:00:00+00:00,29.924999999999997,31.575
2021-06-26 00:00:00+00:00,29.8,31.525000000000002
2021-06-26 01:00:00+00:00,29.5,31.425000000000004
2021-06-26 02:00:00+00:00,29.200000000000003,31.375
2021-06-26 03:00:00+00:00,29.15,31.099999999999998
2021-06-26 04:00:00+00:00,29.075000000000003,30.8
2021-06-26 05:00:00+00:00,28.975,30.65
2021-06-26 06:00:00+00:00,28.949999999999996,30.325
2021-06-26 07:00:00+00:00,28.85,30.1
2021-06-26 08:00:00+00:00,28.775000000000002,29.75
2021-06-26 09:00:00+00:00,28.7,29.7
2021-06-26 10:00:00+00:00,28.650000000000002,29.5
2021-06-26 11:00:00+00:00,28.5,29.375
2021-06-26 12:00:00+00:00,28.525,29.300000000000004
2021-06-26 13:00:00+00:00,28.75,29.299999999999997
2021-06-26 14:00:00+00:00,29.075,29.450000000000003
2021-06-26 15:00:00+00:00,28.799999999999997,29.474999999999998
2021-06-26 16:00:00+00:00,29.200000000000003,29.675000000000004
2021-06-26 17:00:00+00:00,29.299999999999997,29.85
2021-06-26 18:00:00+00:00,29.500000000000004,30.125
2021-06-26 19:00:00+00:00,29.7,30.424999999999997
2021-06-26 20:00:00+00:00,29.9,30.625
2021-06-26 21:00:00+00:00,30.049999999999997,30.775
2021-06-26 22:00:00+00:00,30.025000000000002,30.9
2021-06-26 23:00:00+00:00,29.775,31.074999999999996
2021-06-27 00:00:00+00:00,29.674999999999997,31.224999999999998
2021-06-27 01:00:00+00:00,29.375,31.175
2021-06-27 02:00:00+00:00,29.05,30.975
2021-06-27 03:00:00+00:00,28.950000000000003,30.725
2021-06-27 04:00:00+00:00,28.875,30.6
2021-06-27 05:00:00+00:00,28.85,30.424999999999997
2021-06-27 06:00:00+00:00,28.775000000000002,30.3
2021-06-27 07:00:00+00:00,28.575,30.099999999999998
2021-06-27 08:00:00+00:00,28.424999999999997,29.875
2021-06-27 09:00:00+00:00,28.45,29.675
2021-06-27 10:00:00+00:00,28.4,29.375
2021-06-27 11:00:00+00:00,28.200000000000003,29.299999999999997
2021-06-27 12:00:00+00:00,28.25,29.175
2021-06-27 13:00:00+00:00,28.1,29.1
2021-06-27 14:00:00+00:00,28.650000000000002,29.1
2021-06-27 15:00:00+00:00,27.6,29.25
2021-06-27 16:00:00+00:00,27.4,29.4
2021-06-27 17:00:00+00:00,27.875,29.549999999999997
2021-06-27 18:00:00+00:00,28.025,29.724999999999998
2021-06-27 19:00:00+00:00,27.975,29.950000000000003
2021-06-27 20:00:00+00:00,27.85,30.375
2021-06-27 21:00:00+00:00,27.9,30.575
2021-06-27 22:00:00+00:00,28.2,30.875
2021-06-27 23:00:00+00:00,28.0,30.975
2021-06-28 00:00:00+00:00,27.724999999999998,31.049999999999997
2021-06-28 01:00:00+00:00,27.675,31.0
2021-06-28 02:00:00+00:00,27.4,30.85
2021-06-28 03:00:00+00:00,27.4,30.674999999999997
2021-06-28 04:00:00+00:00,27.6,30.5
2021-06-28 05:00:00+00:00,27.85,30.325
2021-06-28 06:00:00+00:00,28.1,30.325000000000003
2021-06-28 07:00:00+00:00,27.9,30.299999999999997
2021-06-28 08:00:00+00:00,27.45,30.15
2021-06-28 09:00:00+00:00,26.875,30.0
2021-06-28 10:00:00+00:00,26.575,29.95
2021-06-28 11:00:00+00:00,26.25,29.75
2021-06-28 12:00:00+00:00,26.025,29.599999999999998
2021-06-28 13:00:00+00:00,26.225,29.45
2021-06-28 14:00:00+00:00,26.55,29.475
2021-06-28 15:00:00+00:00,26.525000000000002,29.45
2021-06-28 16:00:00+00:00,25.599999999999998,29.549999999999997
2021-06-28 17:00:00+00:00,25.2,29.549999999999997
2021-06-28 18:00:00+00:00,24.950000000000003,29.475
2021-06-28 19:00:00+00:00,25.0,29.450000000000003
2021-06-28 20:00:00+00:00,25.25,29.425
2021-06-28 21:00:00+00:00,26.0,29.425
2021-06-28 22:00:00+00:00,26.775,29.625
2021-06-28 23:00:00+00:00,27.25,29.625
2021-06-29 00:00:00+00:00,27.200000000000003,29.525
2021-06-29 01:00:00+00:00,27.125,29.5
2021-06-29 02:00:00+00:00,27.075000000000003,29.400000000000002
2021-06-29 03:00:00+00:00,27.425,29.400000000000002
2021-06-29 04:00:00+00:00,27.575000000000003,29.275
2021-06-29 05:00:00+00:00,27.625,29.15
2021-06-29 06:00:00+00:00,27.549999999999997,29.125
2021-06-29 07:00:00+00:00,27.724999999999998,28.9
2021-06-29 08:00:00+00:00,27.2,28.874999999999996
2021-06-29 09:00:00+00:00,25.924999999999997,28.674999999999997
2021-06-29 10:00:00+00:00,26.325,28.475
2021-06-29 11:00:00+00:00,26.825,28.475
2021-06-29 12:00:00+00:00,26.6,28.4
2021-06-29 13:00:00+00:00,26.65,28.25
2021-06-29 14:00:00+00:00,25.4,28.175
2021-06-29 15:00:00+00:00,26.075000000000003,28.2
2021-06-29 16:00:00+00:00,25.225,28.1
2021-06-29 17:00:00+00:00,25.875,28.275
2021-06-29 18:00:00+00:00,26.1,27.4
2021-06-29 19:00:00+00:00,27.700000000000003,28.575
2021-06-29 20:00:00+00:00,28.6,28.825
2021-06-29 21:00:00+00:00,28.875,29.25
2021-06-29 22:00:00+00:00,28.975,29.55
2021-06-29 23:00:00+00:00,28.975,29.724999999999998
2021-06-30 00:00:00+00:00,28.724999999999998,29.675
2021-06-30 01:00:00+00:00,28.2,29.6
2021-06-30 02:00:00+00:00,27.875,29.525
2021-06-30 03:00:00+00:00,27.6,29.4
2021-06-30 04:00:00+00:00,27.525,29.325
2021-06-30 05:00:00+00:00,27.6,29.225
2021-06-30 06:00:00+00:00,27.875,29.125
2021-06-30 07:00:00+00:00,27.8,29.075000000000003
2021-06-30 08:00:00+00:00,27.775,28.925
2021-06-30 09:00:00+00:00,27.225,28.8
2021-06-30 10:00:00+00:00,26.974999999999998,28.75
2021-06-30 11:00:00+00:00,26.775,28.650000000000002
2021-06-30 12:00:00+00:00,26.975,28.549999999999997
2021-06-30 13:00:00+00:00,27.7,28.525
2021-06-30 14:00:00+00:00,28.424999999999997,28.55
2021-06-30 15:00:00+00:00,28.725,28.674999999999997
2021-06-30 16:00:00+00:00,29.125,28.975
2021-06-30 17:00:00+00:00,29.1,29.4
2021-06-30 18:00:00+00:00,29.325,29.700000000000003
2021-06-30 19:00:00+00:00,29.4,30.025
2021-06-30 20:00:00+00:00,29.5,30.375
2021-06-30 21:00:00+00:00,29.625,30.450000000000003
2021-06-30 22:00:00+00:00,29.375,30.5
2021-06-30 23:00:00+00:00,29.299999999999997,30.7
2021-07-01 00:00:00+00:00,28.925,30.85
2021-07-01 01:00:00+00:00,28.65,30.7
2021-07-01 02:00:00+00:00,28.325000000000003,30.700000000000003
2021-07-01 03:00:00+00:00,28.3,30.625
2021-07-01 04:00:00+00:00,28.125,30.474999999999998
2021-07-01 05:00:00+00:00,27.95,30.400000000000002
2021-07-01 06:00:00+00:00,27.925,30.3
2021-07-01 07:00:00+00:00,27.699999999999996,30.15
2021-07-01 08:00:00+00:00,27.174999999999997,30.0
2021-07-01 09:00:00+00:00,26.974999999999998,29.9
2021-07-01 10:00:00+00:00,26.75,29.799999999999997
2021-07-01 11:00:00+00:00,26.625,29.7
2021-07-01 12:00:00+00:00,26.775,29.575
2021-07-01 13:00:00+00:00,26.924999999999997,29.525
2021-07-01 14:00:00+00:00,28.025,29.55
2021-07-01 15:00:00+00:00,27.9,29.6
2021-07-01 16:00:00+00:00,27.825000000000003,29.799999999999997
2021-07-01 17:00:00+00:00,28.299999999999997,30.125
2021-07-01 18:00:00+00:00,28.75,30.325
2021-07-01 19:00:00+00:00,29.175,30.575000000000003
2021-07-01 20:00:00+00:00,29.500000000000004,31.1
2021-07-01 21:00:00+00:00,29.675,31.2
2021-07-01 22:00:00+00:00,29.75,31.425000000000004
2021-07-01 23:00:00+00:00,29.85,31.9
2021-07-02 00:00:00+00:00,29.65,32.35
2021-07-02 01:00:00+00:00,29.224999999999998,32.05
2021-07-02 02:00:00+00:00,28.65,32.025
2021-07-02 03:00:00+00:00,28.35,32.025
2021-07-02 04:00:00+00:00,28.425,31.725
2021-07-02 05:00:00+00:00,28.325000000000003,31.6
2021-07-02 06:00:00+00:00,28.275,31.4
2021-07-02 07:00:00+00:00,28.225,31.2
2021-07-02 08:00:00+00:00,28.049999999999997,31.049999999999997
2021-07-02 09:00:00+00:00,27.775,30.9
2021-07-02 10:00:00+00:00,27.65,30.725
2021-07-02 11:00:00+00:00,27.6,30.575000000000003
2021-07-02 12:00:00+00:00,27.025,30.425
2021-07-02 13:00:00+00:00,27.45,30.300000000000004
2021-07-02 14:00:00+00:00,28.275,30.325000000000003
2021-07-02 15:00:00+00:00,27.974999999999998,30.424999999999997
2021-07-02 16:00:00+00:00,27.175,30.700000000000003
2021-07-02 17:00:00+00:00,28.525,31.049999999999997
2021-07-02 18:00:00+00:00,29.166666666666668,31.599999999999998
2021-07-02 19:00:00+00:00,29.6,31.65
2021-07-02 20:00:00+00:00,30.075,32.075
2021-07-02 21:00:00+00:00,30.225,32.45
2021-07-02 22:00:00+00:00,30.424999999999997,32.925
2021-07-02 23:00:00+00:00,30.575000000000003,33.275
2021-07-03 00:00:00+00:00,30.324999999999996,33.3
2021-07-03 01:00:00+00:00,29.75,32.975
2021-07-03 02:00:00+00:00,29.35,32.6
2021-07-03 03:00:00+00:00,29.275000000000002,32.275000000000006
2021-07-03 04:00:00+00:00,28.95,31.900000000000002
2021-07-03 05:00:00+00:00,28.9,31.975
2021-07-03 06:00:00+00:00,28.925,31.900000000000002
2021-07-03 07:00:00+00:00,28.775,31.575
2021-07-03 08:00:00+00:00,28.5,31.4
2021-07-03 09:00:00+00:00,28.349999999999998,31.15
2021-07-03 10:00:00+00:00,27.975,30.974999999999998
2021-07-03 11:00:00+00:00,27.8,30.775
2021-07-03 12:00:00+00:00,28.025,30.725
2021-07-03 13:00:00+00:00,28.825,30.7
2021-07-03 14:00:00+00:00,29.0,30.675
2021-07-03 15:00:00+00:00,29.225,30.9
2021-07-03 16:00:00+00:00,29.6,31.299999999999997
2021-07-03 17:00:00+00:00,30.1,31.9
2021-07-03 18:00:00+00:00,30.45,32.35
2021-07-03 19:00:00+00:00,30.075000000000003,33.0
2021-07-03 20:00:00+00:00,29.900000000000002,33.175
2021-07-03 21:00:00+00:00,30.099999999999998,33.05
2021-07-03 22:00:00+00:00,29.975,33.225
2021-07-03 23:00:00+00:00,29.875,33.3
2021-07-04 00:00:00+00:00,29.6,33.2
2021-07-04 01:00:00+00:00,28.725,32.875
2021-07-04 02:00:00+00:00,28.5,32.675
2021-07-04 03:00:00+00:00,28.924999999999997,32.35
2021-07-04 04:00:00+00:00,28.25,32.074999999999996
2021-07-04 05:00:00+00:00,27.8,31.875
2021-07-04 06:00:00+00:00,27.625,31.725
2021-07-04 07:00:00+00:00,27.549999999999997,31.575000000000003
2021-07-04 08:00:00+00:00,27.5,31.450000000000003
2021-07-04 09:00:00+00:00,27.299999999999997,31.35
2021-07-04 10:00:00+00:00,27.0,31.325000000000003
2021-07-04 11:00:00+00:00,27.1,31.35
2021-07-04 12:00:00+00:00,27.275,31.275
2021-07-04 13:00:00+00:00,27.974999999999998,30.925
2021-07-04 14:00:00+00:00,28.2,30.95
2021-07-04 15:00:00+00:00,28.825000000000003,31.224999999999998
2021-07-04 16:00:00+00:00,27.325000000000003,31.075000000000003
2021-07-04 17:00:00+00:00,26.675000000000004,31.1
2021-07-04 18:00:00+00:00,27.025000000000002,31.175
2021-07-04 19:00:00+00:00,27.55,31.05
2021-07-04 20:00:00+00:00,28.025,31.125
2021-07-04 21:00:00+00:00,27.925,31.174999999999997
2021-07-04 22:00:00+00:00,27.85,31.1
2021-07-04 23:00:00+00:00,28.325,31.175000000000004
2021-07-05 00:00:00+00:00,28.825,31.125
2021-07-05 01:00:00+00:00,28.625,31.05
2021-07-05 02:00:00+00:00,28.424999999999997,30.974999999999998
2021-07-05 03:00:00+00:00,28.450000000000003,30.799999999999997
2021-07-05 04:00:00+00:00,28.25,30.6
2021-07-05 05:00:00+00:00,28.299999999999997,30.475
2021-07-05 06:00:00+00:00,28.15,30.424999999999997
2021-07-05 07:00:00+00:00,28.049999999999997,30.35
2021-07-05 08:00:00+00:00,28.049999999999997,30.275
2021-07-05 09:00:00+00:00,27.625,30.15
2021-07-05 10:00:00+00:00,27.049999999999997,30.025
2021-07-05 11:00:00+00:00,26.775000000000002,30.000000000000004
2021-07-05 12:00:00+00:00,26.35,29.9
2021-07-05 13:00:00+00:00,26.9,30.025000000000002
2021-07-05 14:00:00+00:00,28.075000000000003,30.0
2021-07-05 15:00:00+00:00,28.824999999999996,30.075
2021-07-05 16:00:00+00:00,28.45,30.225
2021-07-05 17:00:00+00:00,26.925000000000004,30.500000000000004
2021-07-05 18:00:00+00:00,27.35,30.6
2021-07-05 19:00:00+00:00,27.425,30.575000000000003
2021-07-05 20:00:00+00:00,27.425,30.575000000000003
2021-07-05 21:00:00+00:00,27.225,30.6
2021-07-05 22:00:00+00:00,27.925,30.55
2021-07-05 23:00:00+00:00,28.65,30.625
2021-07-06 00:00:00+00:00,28.450000000000003,30.625
2021-07-06 01:00:00+00:00,28.375,30.525000000000002
2021-07-06 02:00:00+00:00,28.125,30.4
2021-07-06 03:00:00+00:00,28.25,30.275
2021-07-06 04:00:00+00:00,28.375,30.025000000000002
2021-07-06 05:00:00+00:00,28.25,29.9
2021-07-06 06:00:00+00:00,28.174999999999997,29.75
2021-07-06 07:00:00+00:00,28.125,29.625
2021-07-06 08:00:00+00:00,27.174999999999997,29.625
2021-07-06 09:00:00+00:00,25.300000000000004,29.5
2021-07-06 10:00:00+00:00,24.625,29.125
2021-07-06 11:00:00+00:00,23.65,28.925
2021-07-06 12:00:00+00:00,24.35,28.575000000000003
2021-07-06 13:00:00+00:00,24.375,28.45
2021-07-06 14:00:00+00:00,24.174999999999997,28.4
2021-07-06 15:00:00+00:00,24.425,28.525
2021-07-06 16:00:00+00:00,24.824999999999996,28.45
2021-07-06 17:00:00+00:00,24.575000000000003,28.45
2021-07-06 18:00:00+00:00,24.949999999999996,28.324999999999996
2021-07-06 19:00:00+00:00,25.275,28.325000000000003
2021-07-06 20:00:00+00:00,25.400000000000002,28.275
2021-07-06 21:00:00+00:00,25.65,28.375
2021-07-06 22:00:00+00:00,25.424999999999997,28.425
2021-07-06 23:00:00+00:00,25.724999999999998,28.325000000000003
2021-07-07 00:00:00+00:00,25.824999999999996,28.35
2021-07-07 01:00:00+00:00,25.950000000000003,28.224999999999998
2021-07-07 02:00:00+00:00,26.025,28.125
2021-07-07 03:00:00+00:00,26.075,28.125
2021-07-07 04:00:00+00:00,26.424999999999997,28.075000000000003
2021-07-07 05:00:00+00:00,26.799999999999997,27.95
2021-07-07 06:00:00+00:00,26.575,27.825000000000003
2021-07-07 07:00:00+00:00,26.325,27.799999999999997
2021-07-07 08:00:00+00:00,25.650000000000002,27.65
2021-07-07 09:00:00+00:00,25.75,27.6
2021-07-07 10:00:00+00:00,24.424999999999997,27.475
2021-07-07 11:00:00+00:00,24.175,27.4
2021-07-07 12:00:00+00:00,24.475,27.425
2021-07-07 13:00:00+00:00,24.200000000000003,27.4
2021-07-07 14:00:00+00:00,24.0,27.225
2021-07-07 15:00:00+00:00,24.0,27.200000000000003
2021-07-07 16:00:00+00:00,24.65,27.15
2021-07-07 17:00:00+00:00,25.5,27.275
2021-07-07 18:00:00+00:00,26.05,27.325
2021-07-07 19:00:00+00:00,25.9,27.25
2021-07-07 20:00:00+00:00,25.575,27.15
2021-07-07 21:00:00+00:00,25.974999999999998,27.2
2021-07-07 22:00:00+00:00,26.049999999999997,27.275
2021-07-07 23:00:00+00:00,26.224999999999998,27.4
2021-07-08 00:00:00+00:00,25.924999999999997,27.35
2021-07-08 01:00:00+00:00,24.475,27.174999999999997
2021-07-08 02:00:00+00:00,24.1,27.1
2021-07-08 03:00:00+00:00,24.200000000000003,27.1
2021-07-08 04:00:00+00:00,24.45,26.9
2021-07-08 05:00:00+00:00,24.5,26.85
2021-07-08 06:00:00+00:00,24.925,26.775000000000002
2021-07-08 07:00:00+00:00,24.875,26.725
2021-07-08 08:00:00+00:00,25.050000000000004,26.700000000000003
2021-07-08 09:00:00+00:00,25.275,26.725
2021-07-08 10:00:00+00:00,24.974999999999998,26.725
2021-07-08 11:00:00+00:00,25.0,26.575000000000003
2021-07-08 12:00:00+00:00,25.4,26.625
2021-07-08 13:00:00+00:00,25.325,26.575000000000003
2021-07-08 14:00:00+00:00,24.925,26.65
2021-07-08 15:00:00+00:00,24.575,26.599999999999998
2021-07-08 16:00:00+00:00,24.45,26.675
2021-07-08 17:00:00+00:00,25.0,26.65
2021-07-08 18:00:00+00:00,25.35,26.599999999999998
2021-07-08 19:00:00+00:00,25.775000000000002,26.65
2021-07-08 20:00:00+00:00,25.825000000000003,26.599999999999998
2021-07-08 21:00:00+00:00,25.525,26.65
2021-07-08 22:00:00+00:00,25.725,26.6
2021-07-08 23:00:00+00:00,26.225,26.6
2021-07-09 00:00:00+00:00,25.825,26.599999999999998
2021-07-09 01:00:00+00:00,26.349999999999998,26.525000000000002
2021-07-09 02:00:00+00:00,26.675,26.525000000000002
2021-07-09 03:00:00+00:00,26.725,26.55
2021-07-09 04:00:00+00:00,26.675,26.525000000000002
2021-07-09 05:00:00+00:00,26.674999999999997,26.5
2021-07-09 06:00:00+00:00,26.75,26.449999999999996
2021-07-09 07:00:00+00:00,27.0,26.450000000000003
2021-07-09 08:00:00+00:00,26.95,26.45
2021-07-09 09:00:00+00:00,25.925000000000004,26.4
2021-07-09 10:00:00+00:00,24.525,26.375
2021-07-09 11:00:00+00:00,25.425,26.299999999999997
2021-07-09 12:00:00+00:00,26.125,26.299999999999997
2021-07-09 13:00:00+00:00,26.75,26.224999999999998
2021-07-09 14:00:00+00:00,25.575,26.224999999999998
2021-07-09 15:00:00+00:00,25.875000000000004,26.25
2021-07-09 16:00:00+00:00,24.9,26.200000000000003
2021-07-09 17:00:00+00:00,25.15,26.15
2021-07-09 18:00:00+00:00,25.525,26.125
2021-07-09 19:00:00+00:00,26.224999999999998,26.150000000000002
2021-07-09 20:00:00+00:00,26.625,26.4
2021-07-09 21:00:00+00:00,26.549999999999997,26.599999999999998
2021-07-09 22:00:00+00:00,26.85,26.675
2021-07-09 23:00:00+00:00,26.875,26.775
2021-07-10 00:00:00+00:00,26.875,26.75
2021-07-10 01:00:00+00:00,27.15,26.85
2021-07-10 02:00:00+00:00,27.35,26.8
2021-07-10 03:00:00+00:00,27.4,26.825
2021-07-10 04:00:00+00:00,27.35,26.849999999999998
2021-07-10 05:00:00+00:00,27.4,26.849999999999998
2021-07-10 06:00:00+00:00,27.424999999999997,26.875
2021-07-10 07:00:00+00:00,27.424999999999997,26.924999999999997
2021-07-10 08:00:00+00:00,27.475,26.975
2021-07-10 09:00:00+00:00,27.45,26.975
2021-07-10 10:00:00+00:00,27.425,26.975
2021-07-10 11:00:00+00:00,27.300000000000004,27.0
2021-07-10 12:00:00+00:00,27.299999999999997,26.924999999999997
2021-07-10 13:00:00+00:00,27.375,26.924999999999997
2021-07-10 14:00:00+00:00,27.525000000000002,26.875
2021-07-10 15:00:00+00:00,27.975,26.924999999999997
2021-07-10 16:00:00+00:00,28.224999999999998,27.049999999999997
2021-07-10 17:00:00+00:00,28.375,27.175
2021-07-10 18:00:00+00:00,28.425,27.299999999999997
2021-07-10 19:00:00+00:00,28.55,27.549999999999997
2021-07-10 20:00:00+00:00,28.825000000000003,27.825000000000003
2021-07-10 21:00:00+00:00,28.95,27.924999999999997
2021-07-10 22:00:00+00:00,28.900000000000002,28.099999999999998
2021-07-10 23:00:00+00:00,28.525,28.200000000000003
2021-07-11 00:00:00+00:00,27.299999999999997,28.3
2021-07-11 01:00:00+00:00,27.075000000000003,28.325000000000003
2021-07-11 02:00:00+00:00,27.375,28.35
2021-07-11 03:00:00+00:00,27.6,28.325
2021-07-11 04:00:00+00:00,27.6,28.275000000000002
2021-07-11 05:00:00+00:00,27.525,28.275000000000002
2021-07-11 06:00:00+00:00,27.5,28.225
2021-07-11 07:00:00+00:00,27.55,28.200000000000003
2021-07-11 08:00:00+00:00,27.65,28.225
2021-07-11 09:00:00+00:00,27.625,28.249999999999996
2021-07-11 10:00:00+00:00,27.549999999999997,28.224999999999998
2021-07-11 11:00:00+00:00,27.46666666666667,28.23333333333333
2021-07-11 12:00:00+00:00,27.575,28.225
2021-07-11 13:00:00+00:00,27.7,28.200000000000003
2021-07-11 14:00:00+00:00,28.0,28.175000000000004
2021-07-11 15:00:00+00:00,28.175,28.200000000000003
2021-07-11 16:00:00+00:00,28.35,28.275
2021-07-11 17:00:00+00:00,28.525000000000002,28.375
2021-07-11 18:00:00+00:00,29.0,28.525
2021-07-11 19:00:00+00:00,29.0,28.825
2021-07-11 20:00:00+00:00,29.15,29.025
2021-07-11 21:00:00+00:00,29.2,29.275
2021-07-11 22:00:00+00:00,29.275,29.375
2021-07-11 23:00:00+00:00,29.1,29.5
2021-07-12 00:00:00+00:00,28.875,29.575000000000003
2021-07-12 01:00:00+00:00,28.625,29.625
2021-07-12 02:00:00+00:00,28.475,29.549999999999997
2021-07-12 03:00:00+00:00,28.325000000000003,29.475
2021-07-12 04:00:00+00:00,28.224999999999998,29.425
2021-07-12 05:00:00+00:00,28.15,29.375
2021-07-12 06:00:00+00:00,28.075000000000003,29.174999999999997
2021-07-12 07:00:00+00:00,28.025,29.1
2021-07-12 08:00:00+00:00,27.825,28.975
2021-07-12 09:00:00+00:00,27.825,28.95
2021-07-12 10:00:00+00:00,27.775000000000002,28.9
2021-07-12 11:00:00+00:00,27.775,28.825
2021-07-12 12:00:00+00:00,27.775,28.775
2021-07-12 13:00:00+00:00,27.974999999999998,28.800000000000004
2021-07-12 14:00:00+00:00,28.299999999999997,28.799999999999997
2021-07-12 15:00:00+00:00,28.65,28.85
2021-07-12 16:00:00+00:00,28.950000000000003,29.0
2021-07-12 17:00:00+00:00,29.099999999999998,29.200000000000003
2021-07-12 18:00:00+00:00,29.375,29.25
2021-07-12 19:00:00+00:00,29.5,29.475
2021-07-12 20:00:00+00:00,29.325,29.925000000000004
2021-07-12 21:00:00+00:00,29.549999999999997,30.549999999999997
2021-07-12 22:00:00+00:00,29.424999999999997,30.575000000000003
2021-07-12 23:00:00+00:00,29.375,30.55
2021-07-13 00:00:00+00:00,29.124999999999996,30.525
2021-07-13 01:00:00+00:00,28.65,30.5
2021-07-13 02:00:00+00:00,28.375,30.525
2021-07-13 03:00:00+00:00,28.275,30.450000000000003
2021-07-13 04:00:00+00:00,28.424999999999997,30.35
2021-07-13 05:00:00+00:00,28.325000000000003,30.25
2021-07-13 06:00:00+00:00,28.300000000000004,30.175
2021-07-13 07:00:00+00:00,28.175,30.075000000000003
2021-07-13 08:00:00+00:00,28.05,30.075
2021-07-13 09:00:00+00:00,28.075000000000003,29.975
2021-07-13 10:00:00+00:00,27.950000000000003,29.9
2021-07-13 11:00:00+00:00,27.675,29.825000000000003
2021-07-13 12:00:00+00:00,27.725,29.725
2021-07-13 13:00:00+00:00,28.275000000000002,29.6
2021-07-13 14:00:00+00:00,28.975,29.549999999999997
2021-07-13 15:00:00+00:00,28.725,29.525000000000002
2021-07-13 16:00:00+00:00,29.025,29.725
2021-07-13 17:00:00+00:00,28.424999999999997,29.9
2021-07-13 18:00:00+00:00,28.975,29.875
2021-07-13 19:00:00+00:00,28.075000000000003,29.85
2021-07-13 20:00:00+00:00,28.975,29.925
2021-07-13 21:00:00+00:00,29.225,30.275
2021-07-13 22:00:00+00:00,29.2,30.55
2021-07-13 23:00:00+00:00,29.324999999999996,30.674999999999997
2021-07-14 00:00:00+00:00,29.25,30.650000000000002
2021-07-14 01:00:00+00:00,28.65,30.55
2021-07-14 02:00:00+00:00,28.500000000000004,30.55
2021-07-14 03:00:00+00:00,28.4,30.4
2021-07-14 04:00:00+00:00,28.400000000000002,30.075
2021-07-14 05:00:00+00:00,28.175,29.95
2021-07-14 06:00:00+00:00,28.175,29.875
2021-07-14 07:00:00+00:00,28.125,29.8
2021-07-14 08:00:00+00:00,27.950000000000003,29.7
2021-07-14 09:00:00+00:00,27.725,29.625
2021-07-14 10:00:00+00:00,27.824999999999996,29.575000000000003
2021-07-14 11:00:00+00:00,27.525,29.424999999999997
2021-07-14 12:00:00+00:00,27.025,29.35
2021-07-14 13:00:00+00:00,27.775,29.174999999999997
2021-07-14 14:00:00+00:00,28.525,29.2
2021-07-14 15:00:00+00:00,28.799999999999997,28.933333333333334
2021-07-14 16:00:00+00:00,29.025,29.6
2021-07-14 17:00:00+00:00,29.150000000000002,29.924999999999997
2021-07-14 18:00:00+00:00,29.325,30.15
2021-07-14 19:00:00+00:00,29.35,30.4
2021-07-14 20:00:00+00:00,29.400000000000002,30.575
2021-07-14 21:00:00+00:00,29.525,30.85
2021-07-14 22:00:00+00:00,29.525000000000002,31.25
2021-07-14 23:00:00+00:00,29.275,31.45
2021-07-15 00:00:00+00:00,28.975,31.475
2021-07-15 01:00:00+00:00,28.85,31.325
2021-07-15 02:00:00+00:00,28.675,31.225
2021-07-15 03:00:00+00:00,28.474999999999998,31.05
2021-07-15 04:00:00+00:00,28.450000000000003,30.875
2021-07-15 05:00:00+00:00,28.450000000000003,30.6
2021-07-15 06:00:00+00:00,28.4,30.475
2021-07-15 07:00:00+00:00,28.25,30.349999999999998
2021-07-15 08:00:00+00:00,28.3,30.224999999999998
2021-07-15 09:00:00+00:00,28.049999999999997,30.15
2021-07-15 10:00:00+00:00,28.125,29.950000000000003
2021-07-15 11:00:00+00:00,27.9,29.8
2021-07-15 12:00:00+00:00,27.9,29.675
2021-07-15 13:00:00+00:00,28.325,29.45
2021-07-15 14:00:00+00:00,28.725,29.5
2021-07-15 15:00:00+00:00,28.9,29.699999999999996
2021-07-15 16:00:00+00:00,28.975,29.874999999999996
2021-07-15 17:00:00+00:00,29.275,30.15
2021-07-15 18:00:00+00:00,29.475,30.375
2021-07-15 19:00:00+00:00,29.675,30.45
2021-07-15 20:00:00+00:00,29.750000000000004,30.625
2021-07-15 21:00:00+00:00,29.75,30.975
2021-07-15 22:00:00+00:00,29.85,31.375
2021-07-15 23:00:00+00:00,29.75,31.400000000000002
2021-07-16 00:00:00+00:00,29.6,31.425
2021-07-16 01:00:00+00:00,29.225,31.299999999999997
2021-07-16 02:00:00+00:00,28.925,31.125
2021-07-16 03:00:00+00:00,28.875,31.125
2021-07-16 04:00:00+00:00,28.825000000000003,30.974999999999998
2021-07-16 05:00:00+00:00,28.749999999999996,30.775
2021-07-16 06:00:00+00:00,28.725,30.725
2021-07-16 07:00:00+00:00,28.625,30.500000000000004
2021-07-16 08:00:00+00:00,28.5,30.15
2021-07-16 09:00:00+00:00,28.425,30.175
2021-07-16 10:00:00+00:00,28.425,29.925
2021-07-16 11:00:00+00:00,28.400000000000002,29.8
2021-07-16 12:00:00+00:00,28.375,29.5
2021-07-16 13:00:00+00:00,28.65,29.4
2021-07-16 14:00:00+00:00,28.924999999999997,29.325
2021-07-16 15:00:00+00:00,29.125,29.5
2021-07-16 16:00:00+00:00,29.5,29.65
2021-07-16 17:00:00+00:00,29.625,29.8
2021-07-16 18:00:00+00:00,29.749999999999996,30.025
2021-07-16 19:00:00+00:00,29.900000000000002,30.349999999999998
2021-07-16 20:00:00+00:00,29.85,30.75
2021-07-16 21:00:00+00:00,29.875,30.950000000000003
2021-07-16 22:00:00+00:00,29.85,31.174999999999997
2021-07-16 23:00:00+00:00,29.7,31.25
2021-07-17 00:00:00+00:00,29.475,31.2
2021-07-17 01:00:00+00:00,29.125,31.200000000000003
2021-07-17 02:00:00+00:00,28.975,31.125
2021-07-17 03:00:00+00:00,28.875,30.95
2021-07-17 04:00:00+00:00,28.799999999999997,30.75
2021-07-17 05:00:00+00:00,28.725,30.575
2021-07-17 06:00:00+00:00,28.674999999999997,30.325
2021-07-17 07:00:00+00:00,28.525,30.199999999999996
2021-07-17 08:00:00+00:00,28.4,30.15
2021-07-17 09:00:00+00:00,28.400000000000002,30.025
2021-07-17 10:00:00+00:00,28.2,29.825000000000003
2021-07-17 11:00:00+00:00,28.35,29.725
2021-07-17 12:00:00+00:00,28.225,29.55
2021-07-17 13:00:00+00:00,28.5,29.375
2021-07-17 14:00:00+00:00,28.824999999999996,29.425
2021-07-17 15:00:00+00:00,29.224999999999998,29.575
2021-07-17 16:00:00+00:00,29.400000000000002,29.75
2021-07-17 17:00:00+00:00,29.75,30.0
2021-07-17 18:00:00+00:00,29.625000000000004,30.225
2021-07-17 19:00:00+00:00,29.825,30.525
2021-07-17 20:00:00+00:00,29.925,30.6
2021-07-17 21:00:00+00:00,29.924999999999997,30.9
2021-07-17 22:00:00+00:00,29.9,31.175
2021-07-17 23:00:00+00:00,30.0,31.2
2021-07-18 00:00:00+00:00,29.900000000000002,31.0
2021-07-18 01:00:00+00:00,29.300000000000004,31.4
2021-07-18 02:00:00+00:00,29.099999999999998,31.224999999999998
2021-07-18 03:00:00+00:00,28.95,31.175000000000004
2021-07-18 04:00:00+00:00,28.974999999999998,31.0
2021-07-18 05:00:00+00:00,28.875,30.775
2021-07-18 06:00:00+00:00,28.725,30.5
2021-07-18 07:00:00+00:00,28.625,30.45
2021-07-18 08:00:00+00:00,28.450000000000003,30.325000000000003
2021-07-18 09:00:00+00:00,28.4,30.35
2021-07-18 10:00:00+00:00,28.4,30.075
2021-07-18 11:00:00+00:00,28.150000000000002,30.050000000000004
2021-07-18 12:00:00+00:00,28.075,29.925
2021-07-18 13:00:00+00:00,28.699999999999996,29.800000000000004
2021-07-18 14:00:00+00:00,29.25,29.8
2021-07-18 15:00:00+00:00,29.525000000000002,30.0
2021-07-18 16:00:00+00:00,29.675,30.2
2021-07-18 17:00:00+00:00,29.875,30.650000000000002
2021-07-18 18:00:00+00:00,29.950000000000003,30.95
2021-07-18 19:00:00+00:00,30.175,31.125
2021-07-18 20:00:00+00:00,30.275,31.224999999999998
2021-07-18 21:00:00+00:00,30.299999999999997,31.525
2021-07-18 22:00:00+00:00,30.525000000000002,31.975
2021-07-18 23:00:00+00:00,30.325,32.074999999999996
2021-07-19 00:00:00+00:00,30.125,32.075
2021-07-19 01:00:00+00:00,29.675,31.9
2021-07-19 02:00:00+00:00,29.1,31.875
2021-07-19 03:00:00+00:00,28.950000000000003,31.75
2021-07-19 04:00:00+00:00,29.075000000000003,31.575000000000003
2021-07-19 05:00:00+00:00,29.025000000000002,31.400000000000002
2021-07-19 06:00:00+00:00,28.925,31.4
2021-07-19 07:00:00+00:00,28.95,31.25
2021-07-19 08:00:00+00:00,28.825000000000003,30.975
2021-07-19 09:00:00+00:00,28.825,30.65
2021-07-19 10:00:00+00:00,28.6,30.475
2021-07-19 11:00:00+00:00,28.45,30.375
2021-07-19 12:00:00+00:00,28.225,30.325000000000003
2021-07-19 13:00:00+00:00,28.65,30.25
2021-07-19 14:00:00+00:00,28.799999999999997,30.325
2021-07-19 15:00:00+00:00,29.025,30.425
2021-07-19 16:00:00+00:00,29.025,30.525
2021-07-19 17:00:00+00:00,29.575,30.725
2021-07-19 18:00:00+00:00,30.025,31.025000000000002
2021-07-19 19:00:00+00:00,30.099999999999998,31.425
2021-07-19 20:00:00+00:00,30.5,31.825000000000003
2021-07-19 21:00:00+00:00,30.633333333333336,32.300000000000004
2021-07-19 22:00:00+00:00,30.550000000000004,32.125
2021-07-19 23:00:00+00:00,30.5,32.25
2021-07-20 00:00:00+00:00,30.325,32.25
2021-07-20 01:00:00+00:00,29.75,32.225
2021-07-20 02:00:00+00:00,29.525000000000002,32.1
2021-07-20 03:00:00+00:00,29.475,31.924999999999997
2021-07-20 04:00:00+00:00,29.275,31.775
2021-07-20 05:00:00+00:00,29.125,31.6
2021-07-20 06:00:00+00:00,29.0,31.325000000000003
2021-07-20 07:00:00+00:00,28.65,31.125
2021-07-20 08:00:00+00:00,28.425,31.0
2021-07-20 09:00:00+00:00,28.200000000000003,30.8
2021-07-20 10:00:00+00:00,27.65,30.5
2021-07-20 11:00:00+00:00,26.849999999999998,30.35
2021-07-20 12:00:00+00:00,26.575,30.25
2021-07-20 13:00:00+00:00,26.6,30.050000000000004
2021-07-20 14:00:00+00:00,26.975,30.075
2021-07-20 15:00:00+00:00,27.525000000000002,30.125
2021-07-20 16:00:00+00:00,27.474999999999998,30.375
2021-07-20 17:00:00+00:00,26.75,30.5
2021-07-20 18:00:00+00:00,27.074999999999996,30.625
2021-07-20 19:00:00+00:00,28.15,31.174999999999997
2021-07-20 20:00:00+00:00,28.625,31.424999999999997
2021-07-20 21:00:00+00:00,29.549999999999997,31.6
2021-07-20 22:00:00+00:00,28.625,31.700000000000003
2021-07-20 23:00:00+00:00,27.025,31.775
2021-07-21 00:00:00+00:00,28.150000000000002,31.725
2021-07-21 01:00:00+00:00,28.35,31.6
2021-07-21 02:00:00+00:00,27.525,31.5
2021-07-21 03:00:00+00:00,27.150000000000002,31.35
2021-07-21 04:00:00+00:00,27.25,31.175
2021-07-21 05:00:00+00:00,27.425,31.0
2021-07-21 06:00:00+00:00,26.775000000000002,30.799999999999997
2021-07-21 07:00:00+00:00,25.875,30.6
2021-07-21 08:00:00+00:00,25.675,30.325000000000003
2021-07-21 09:00:00+00:00,25.375,30.175
2021-07-21 10:00:00+00:00,25.175,29.975
2021-07-21 11:00:00+00:00,25.6,29.6
2021-07-21 12:00:00+00:00,25.4,29.450000000000003
2021-07-21 13:00:00+00:00,26.0,29.400000000000002
2021-07-21 14:00:00+00:00,26.975,29.375
2021-07-21 15:00:00+00:00,27.825,29.525
2021-07-21 16:00:00+00:00,28.166666666666668,29.599999999999998
2021-07-21 17:00:00+00:00,28.53333333333333,29.933333333333334
2021-07-21 18:00:00+00:00,28.900000000000002,30.23333333333333
2021-07-21 19:00:00+00:00,28.200000000000003,30.53333333333333
2021-07-21 20:00:00+00:00,28.475,31.700000000000003
2021-07-21 21:00:00+00:00,29.1,31.724999999999998
2021-07-21 22:00:00+00:00,29.25,31.825000000000003
2021-07-21 23:00:00+00:00,29.049999999999997,32.025000000000006
2021-07-22 00:00:00+00:00,28.575,31.9
2021-07-22 01:00:00+00:00,28.55,31.575000000000003
2021-07-22 02:00:00+00:00,28.325000000000003,31.35
2021-07-22 03:00:00+00:00,28.225,31.225
2021-07-22 04:00:00+00:00,27.725,31.049999999999997
2021-07-22 05:00:00+00:00,27.75,30.825
2021-07-22 06:00:00+00:00,26.475,30.525
2021-07-22 07:00:00+00:00,25.824999999999996,30.424999999999997
2021-07-22 08:00:00+00:00,25.775,30.3
2021-07-22 09:00:00+00:00,25.775,30.1
2021-07-22 10:00:00+00:00,25.5,30.0
2021-07-22 11:00:00+00:00,25.625,29.974999999999998
2021-07-22 12:00:00+00:00,25.925,29.800000000000004
2021-07-22 13:00:00+00:00,26.15,29.625
2021-07-22 14:00:00+00:00,26.724999999999998,29.625
2021-07-22 15:00:00+00:00,27.625,29.725
2021-07-22 16:00:00+00:00,27.999999999999996,29.65
2021-07-22 17:00:00+00:00,28.55,29.825000000000003
2021-07-22 18:00:00+00:00,28.875,30.225
2021-07-22 19:00:00+00:00,29.275,30.475
2021-07-22 20:00:00+00:00,29.775,30.825000000000003
2021-07-22 21:00:00+00:00,29.9,31.1
2021-07-22 22:00:00+00:00,29.825,31.400000000000002
2021-07-22 23:00:00+00:00,29.566666666666666,31.0
2021-07-23 00:00:00+00:00,29.375,31.049999999999997
2021-07-23 01:00:00+00:00,29.15,31.0
2021-07-23 02:00:00+00:00,28.7,30.95
2021-07-23 03:00:00+00:00,28.599999999999998,30.85
2021-07-23 04:00:00+00:00,28.924999999999997,30.75
2021-07-23 05:00:00+00:00,28.725,30.6
2021-07-23 06:00:00+00:00,28.75,30.4
2021-07-23 07:00:00+00:00,28.8,30.15
2021-07-23 08:00:00+00:00,28.775,29.974999999999998
2021-07-23 09:00:00+00:00,28.775,29.874999999999996
2021-07-23 10:00:00+00:00,28.8,29.85
2021-07-23 11:00:00+00:00,28.75,29.849999999999998
2021-07-23 12:00:00+00:00,28.775,29.675
2021-07-23 13:00:00+00:00,28.975,29.55
2021-07-23 14:00:00+00:00,29.299999999999997,29.525
2021-07-23 15:00:00+00:00,29.65,29.7
2021-07-23 16:00:00+00:00,29.825,29.95
2021-07-23 17:00:00+00:00,30.025,30.175
2021-07-23 18:00:00+00:00,30.200000000000003,30.375
2021-07-23 19:00:00+00:00,30.46666666666667,30.63333333333333
2021-07-23 20:00:00+00:00,30.275,30.825000000000003
2021-07-23 21:00:00+00:00,30.275000000000002,30.975
2021-07-23 22:00:00+00:00,30.25,31.175000000000004
2021-07-23 23:00:00+00:00,29.95,31.299999999999997
2021-07-24 00:00:00+00:00,29.799999999999997,31.3
2021-07-24 01:00:00+00:00,29.325,31.325
2021-07-24 02:00:00+00:00,29.025000000000002,31.225
2021-07-24 03:00:00+00:00,28.533333333333335,30.96666666666667
2021-07-24 04:00:00+00:00,28.675000000000004,30.75
2021-07-24 05:00:00+00:00,28.625,30.575
2021-07-24 06:00:00+00:00,28.6,30.35
2021-07-24 07:00:00+00:00,28.525,30.225
2021-07-24 08:00:00+00:00,28.45,29.95
2021-07-24 09:00:00+00:00,28.425,29.674999999999997
2021-07-24 10:00:00+00:00,28.375,29.474999999999998
2021-07-24 11:00:00+00:00,28.1,29.525
2021-07-24 12:00:00+00:00,28.25,29.5
2021-07-24 13:00:00+00:00,28.374999999999996,29.500000000000004
2021-07-24 14:00:00+00:00,28.775,29.450000000000003
2021-07-24 15:00:00+00:00,29.049999999999997,29.525000000000002
2021-07-24 16:00:00+00:00,29.325000000000003,29.675
2021-07-24 17:00:00+00:00,29.7,29.950000000000003
2021-07-24 18:00:00+00:00,29.924999999999997,30.175
2021-07-24 19:00:00+00:00,30.150000000000002,30.4
2021-07-24 20:00:00+00:00,30.275000000000002,30.6
2021-07-24 21:00:00+00:00,30.2,30.95
2021-07-24 22:00:00+00:00,30.25,31.25
2021-07-24 23:00:00+00:00,30.049999999999997,31.950000000000003
2021-07-25 00:00:00+00:00,29.525000000000002,31.949999999999996
2021-07-25 01:00:00+00:00,29.075000000000003,31.875
2021-07-25 02:00:00+00:00,28.825,31.55
2021-07-25 03:00:00+00:00,28.625,31.300000000000004
2021-07-25 04:00:00+00:00,28.55,30.999999999999996
2021-07-25 05:00:00+00:00,28.375,30.65
2021-07-25 06:00:00+00:00,28.45,30.374999999999996
2021-07-25 07:00:00+00:00,28.1,30.174999999999997
2021-07-25 08:00:00+00:00,28.0,30.025
2021-07-25 09:00:00+00:00,27.8,29.925
2021-07-25 10:00:00+00:00,27.599999999999998,29.799999999999997
2021-07-25 11:00:00+00:00,27.275,29.575
2021-07-25 12:00:00+00:00,27.25,29.349999999999998
2021-07-25 13:00:00+00:00,27.65,29.175
2021-07-25 14:00:00+00:00,27.975,29.35
2021-07-25 15:00:00+00:00,28.450000000000003,29.4
2021-07-25 16:00:00+00:00,29.2,29.724999999999998
2021-07-25 17:00:00+00:00,29.725,30.050000000000004
2021-07-25 18:00:00+00:00,29.725,30.875
2021-07-25 19:00:00+00:00,29.675,31.724999999999998
2021-07-25 20:00:00+00:00,29.925,32.075
2021-07-25 21:00:00+00:00,29.974999999999998,32.55
2021-07-25 22:00:00+00:00,30.075000000000003,32.5
2021-07-25 23:00:00+00:00,30.05,32.8
2021-07-26 00:00:00+00:00,29.7,32.425
2021-07-26 01:00:00+00:00,29.225,32.225
2021-07-26 02:00:00+00:00,28.875,32.1
2021-07-26 03:00:00+00:00,28.700000000000003,31.875
2021-07-26 04:00:00+00:00,28.6,31.650000000000002
2021-07-26 05:00:00+00:00,28.424999999999997,31.375
2021-07-26 06:00:00+00:00,28.1,31.174999999999997
2021-07-26 07:00:00+00:00,28.075000000000003,30.925
2021-07-26 08:00:00+00:00,27.674999999999997,30.675
2021-07-26 09:00:00+00:00,27.525,30.5
2021-07-26 10:00:00+00:00,27.633333333333336,29.8
2021-07-26 11:00:00+00:00,27.575000000000003,30.150000000000002
2021-07-26 12:00:00+00:00,27.475,29.9
2021-07-26 13:00:00+00:00,27.849999999999998,29.725
2021-07-26 14:00:00+00:00,28.375,29.775
2021-07-26 15:00:00+00:00,28.875000000000004,29.799999999999997
2021-07-26 16:00:00+00:00,29.375,29.975
2021-07-26 17:00:00+00:00,29.6,30.425
2021-07-26 18:00:00+00:00,30.125,30.925
2021-07-26 19:00:00+00:00,30.4,32.45
2021-07-26 20:00:00+00:00,30.675,33.0
2021-07-26 21:00:00+00:00,30.700000000000003,33.224999999999994
2021-07-26 22:00:00+00:00,30.824999999999996,33.5
2021-07-26 23:00:00+00:00,30.6,33.575
2021-07-27 00:00:00+00:00,30.275,33.425
2021-07-27 01:00:00+00:00,29.725,33.125
2021-07-27 02:00:00+00:00,29.325,33.025000000000006
2021-07-27 03:00:00+00:00,29.049999999999997,32.85
2021-07-27 04:00:00+00:00,28.6,32.525
2021-07-27 05:00:00+00:00,28.4,32.2
2021-07-27 06:00:00+00:00,27.975,31.900000000000002
2021-07-27 07:00:00+00:00,28.049999999999997,31.599999999999998
2021-07-27 08:00:00+00:00,27.9,31.4
2021-07-27 09:00:00+00:00,27.525,31.1
2021-07-27 10:00:00+00:00,27.424999999999997,30.875
2021-07-27 11:00:00+00:00,26.700000000000003,30.675000000000004
2021-07-27 12:00:00+00:00,25.725,30.450000000000003
2021-07-27 13:00:00+00:00,26.049999999999997,30.25
2021-07-27 14:00:00+00:00,27.075,30.174999999999997
2021-07-27 15:00:00+00:00,28.049999999999997,30.224999999999998
2021-07-27 16:00:00+00:00,28.55,30.599999999999998
2021-07-27 17:00:00+00:00,29.025,30.924999999999997
2021-07-27 18:00:00+00:00,30.166666666666668,31.366666666666664
2021-07-27 19:00:00+00:00,30.099999999999998,32.325
2021-07-27 20:00:00+00:00,30.275000000000002,32.65
2021-07-27 21:00:00+00:00,30.925,33.05
2021-07-27 22:00:00+00:00,30.5,33.275
2021-07-27 23:00:00+00:00,30.650000000000002,33.55
2021-07-28 00:00:00+00:00,30.525000000000002,33.35
2021-07-28 01:00:00+00:00,29.85,33.2
2021-07-28 02:00:00+00:00,29.125,32.95
2021-07-28 03:00:00+00:00,28.925,32.85
2021-07-28 04:00:00+00:00,28.8,32.5
2021-07-28 05:00:00+00:00,28.675,32.275
2021-07-28 06:00:00+00:00,28.65,32.075
2021-07-28 07:00:00+00:00,28.500000000000004,31.825
2021-07-28 08:00:00+00:00,28.65,31.674999999999997
2021-07-28 09:00:00+00:00,28.05,31.5
2021-07-28 10:00:00+00:00,27.775,31.200000000000003
2021-07-28 11:00:00+00:00,28.0,31.0
2021-07-28 12:00:00+00:00,27.525,30.775
2021-07-28 13:00:00+00:00,28.225,30.525
2021-07-28 14:00:00+00:00,28.275,30.525000000000002
2021-07-28 15:00:00+00:00,28.875,30.400000000000002
2021-07-28 16:00:00+00:00,29.5,30.675
2021-07-28 17:00:00+00:00,30.15,30.900000000000002
2021-07-28 18:00:00+00:00,30.824999999999996,31.875
2021-07-28 19:00:00+00:00,30.875,32.575
2021-07-28 20:00:00+00:00,31.175,33.1
2021-07-28 21:00:00+00:00,31.125,33.3
2021-07-28 22:00:00+00:00,30.875,33.800000000000004
2021-07-28 23:00:00+00:00,30.9,33.8
2021-07-29 00:00:00+00:00,30.699999999999996,33.45
2021-07-29 01:00:00+00:00,30.0,33.35
2021-07-29 02:00:00+00:00,29.5,33.25
2021-07-29 03:00:00+00:00,29.35,33.025
2021-07-29 04:00:00+00:00,29.25,32.724999999999994
2021-07-29 05:00:00+00:00,29.175,32.55
2021-07-29 06:00:00+00:00,29.15,32.325
2021-07-29 07:00:00+00:00,29.1,32.1
2021-07-29 08:00:00+00:00,28.8,31.85
2021-07-29 09:00:00+00:00,28.4,31.775
2021-07-29 10:00:00+00:00,27.675,31.575000000000003
2021-07-29 11:00:00+00:00,27.375,31.474999999999998
2021-07-29 12:00:00+00:00,27.174999999999997,31.35
2021-07-29 13:00:00+00:00,27.625,31.125
2021-07-29 14:00:00+00:00,28.2,30.900000000000002
2021-07-29 15:00:00+00:00,28.924999999999997,31.075000000000003
2021-07-29 16:00:00+00:00,29.75,31.375
2021-07-29 17:00:00+00:00,30.525,31.575000000000003
2021-07-29 18:00:00+00:00,31.25,32.35
2021-07-29 19:00:00+00:00,31.6,32.875
2021-07-29 20:00:00+00:00,30.9,32.974999999999994
2021-07-29 21:00:00+00:00,30.150000000000002,32.824999999999996
2021-07-29 22:00:00+00:00,29.875,32.775
2021-07-29 23:00:00+00:00,29.55,32.449999999999996
2021-07-30 00:00:00+00:00,29.275,32.35
2021-07-30 01:00:00+00:00,29.224999999999998,32.225
2021-07-30 02:00:00+00:00,29.0,32.1
2021-07-30 03:00:00+00:00,28.75,31.924999999999997
2021-07-30 04:00:00+00:00,28.475,31.700000000000003
2021-07-30 05:00:00+00:00,28.5,31.35
2021-07-30 06:00:00+00:00,28.275000000000002,31.25
2021-07-30 07:00:00+00:00,27.875000000000004,31.200000000000003
2021-07-30 08:00:00+00:00,28.025000000000002,31.075
2021-07-30 09:00:00+00:00,28.1,31.0
2021-07-30 10:00:00+00:00,27.725,30.924999999999997
2021-07-30 11:00:00+00:00,27.05,30.924999999999997
2021-07-30 12:00:00+00:00,26.6,30.8
2021-07-30 13:00:00+00:00,27.55,30.6
2021-07-30 14:00:00+00:00,28.125,30.65
2021-07-30 15:00:00+00:00,29.275,30.625
2021-07-30 16:00:00+00:00,29.25,30.75
2021-07-30 17:00:00+00:00,29.725,31.174999999999997
2021-07-30 18:00:00+00:00,29.975,31.824999999999996
2021-07-30 19:00:00+00:00,30.25,32.125
2021-07-30 20:00:00+00:00,30.55,32.525
2021-07-30 21:00:00+00:00,30.599999999999998,32.75
2021-07-30 22:00:00+00:00,30.575,32.875
2021-07-30 23:00:00+00:00,30.499999999999996,33.075
2021-07-31 00:00:00+00:00,30.150000000000002,32.974999999999994
2021-07-31 01:00:00+00:00,29.8,32.825
2021-07-31 02:00:00+00:00,29.45,32.574999999999996
2021-07-31 03:00:00+00:00,29.325000000000003,32.425
2021-07-31 04:00:00+00:00,29.375,32.2
2021-07-31 05:00:00+00:00,29.125,31.974999999999998
2021-07-31 06:00:00+00:00,29.25,31.725
2021-07-31 07:00:00+00:00,29.05,31.575000000000003
2021-07-31 08:00:00+00:00,28.85,31.425
2021-07-31 09:00:00+00:00,28.924999999999997,31.249999999999996
2021-07-31 10:00:00+00:00,28.700000000000003,31.0
2021-07-31 11:00:00+00:00,28.625,30.95
2021-07-31 12:00:00+00:00,28.400000000000002,30.775
2021-07-31 13:00:00+00:00,28.525,30.8
2021-07-31 14:00:00+00:00,29.125,30.9
2021-07-31 15:00:00+00:00,29.55,31.025
2021-07-31 16:00:00+00:00,30.299999999999997,31.275
2021-07-31 17:00:00+00:00,30.5,31.549999999999997
2021-07-31 18:00:00+00:00,30.849999999999998,31.775000000000002
2021-07-31 19:00:00+00:00,31.075000000000003,32.0
2021-07-31 20:00:00+00:00,31.05,32.25
2021-07-31 21:00:00+00:00,30.824999999999996,32.625
2021-07-31 22:00:00+00:00,30.775,32.9
2021-07-31 23:00:00+00:00,30.700000000000003,32.724999999999994
2021-08-01 00:00:00+00:00,30.549999999999997,32.85
2021-08-01 01:00:00+00:00,30.05,32.775
2021-08-01 02:00:00+00:00,29.725,32.525
2021-08-01 03:00:00+00:00,29.674999999999997,32.125
2021-08-01 04:00:00+00:00,29.549999999999997,31.900000000000002
2021-08-01 05:00:00+00:00,29.349999999999998,31.6
2021-08-01 06:00:00+00:00,29.25,31.45
2021-08-01 07:00:00+00:00,29.0,31.225
2021-08-01 08:00:00+00:00,28.85,31.075000000000003
2021-08-01 09:00:00+00:00,28.725,30.925
2021-08-01 10:00:00+00:00,28.775,30.7
2021-08-01 11:00:00+00:00,28.675000000000004,30.725
2021-08-01 12:00:00+00:00,28.5,30.675
2021-08-01 13:00:00+00:00,28.75,30.674999999999997
2021-08-01 14:00:00+00:00,29.425,30.674999999999997
2021-08-01 15:00:00+00:00,29.725,30.700000000000003
2021-08-01 16:00:00+00:00,30.325,30.825
2021-08-01 17:00:00+00:00,30.5,31.050000000000004
2021-08-01 18:00:00+00:00,30.700000000000003,31.3
2021-08-01 19:00:00+00:00,30.799999999999997,31.650000000000002
2021-08-01 20:00:00+00:00,30.8,32.225
2021-08-01 21:00:00+00:00,30.875,32.650000000000006
2021-08-01 22:00:00+00:00,30.7,32.825
2021-08-01 23:00:00+00:00,30.7,33.025000000000006
2021-08-02 00:00:00+00:00,30.425,32.875
2021-08-02 01:00:00+00:00,29.975,32.675
2021-08-02 02:00:00+00:00,29.725,32.5
2021-08-02 03:00:00+00:00,29.65,32.300000000000004
2021-08-02 04:00:00+00:00,29.625,31.974999999999998
2021-08-02 05:00:00+00:00,29.550000000000004,31.575
2021-08-02 06:00:00+00:00,29.375,31.375
2021-08-02 07:00:00+00:00,29.325,31.224999999999998
2021-08-02 08:00:00+00:00,29.025,31.150000000000002
2021-08-02 09:00:00+00:00,29.0,31.049999999999997
2021-08-02 10:00:00+00:00,28.825,30.85
2021-08-02 11:00:00+00:00,28.5,30.650000000000002
2021-08-02 12:00:00+00:00,28.299999999999997,30.549999999999997
2021-08-02 13:00:00+00:00,28.7,30.675
2021-08-02 14:00:00+00:00,28.95,30.8
2021-08-02 15:00:00+00:00,29.45,30.9
2021-08-02 16:00:00+00:00,30.225,31.1
2021-08-02 17:00:00+00:00,30.475,31.3
2021-08-02 18:00:00+00:00,30.924999999999997,31.599999999999998
2021-08-02 19:00:00+00:00,31.4,32.075
2021-08-02 20:00:00+00:00,31.525,32.425
2021-08-02 21:00:00+00:00,30.625,32.75
2021-08-02 22:00:00+00:00,30.9,32.975
2021-08-02 23:00:00+00:00,30.799999999999997,33.125
2021-08-03 00:00:00+00:00,30.65,32.975
2021-08-03 01:00:00+00:00,29.675000000000004,32.8
2021-08-03 02:00:00+00:00,29.799999999999997,32.675
2021-08-03 03:00:00+00:00,29.525,32.425
2021-08-03 04:00:00+00:00,29.325000000000003,32.25
2021-08-03 05:00:00+00:00,29.175,32.050000000000004
2021-08-03 06:00:00+00:00,29.275,31.85
2021-08-03 07:00:00+00:00,29.15,31.525000000000002
2021-08-03 08:00:00+00:00,28.15,31.375
2021-08-03 09:00:00+00:00,26.75,31.200000000000003
2021-08-03 10:00:00+00:00,26.1,30.924999999999997
2021-08-03 11:00:00+00:00,26.3,30.6
2021-08-03 12:00:00+00:00,26.150000000000002,30.075000000000003
2021-08-03 13:00:00+00:00,25.549999999999997,29.975
2021-08-03 14:00:00+00:00,25.8,29.9
2021-08-03 15:00:00+00:00,26.075,29.950000000000003
2021-08-03 16:00:00+00:00,26.425,30.15
2021-08-03 17:00:00+00:00,26.825,30.299999999999997
2021-08-03 18:00:00+00:00,27.424999999999997,30.5
2021-08-03 19:00:00+00:00,28.175,30.799999999999997
2021-08-03 20:00:00+00:00,28.725,31.05
2021-08-03 21:00:00+00:00,28.949999999999996,31.3
2021-08-03 22:00:00+00:00,29.65,31.75
2021-08-03 23:00:00+00:00,29.625,32.025
2021-08-04 00:00:00+00:00,29.675,32.175
2021-08-04 01:00:00+00:00,29.299999999999997,32.15
2021-08-04 02:00:00+00:00,29.025,31.775
2021-08-04 03:00:00+00:00,28.925,31.65
2021-08-04 04:00:00+00:00,28.8,31.5
2021-08-04 05:00:00+00:00,28.625,31.325000000000003
2021-08-04 06:00:00+00:00,28.500000000000004,31.2
2021-08-04 07:00:00+00:00,28.35,31.025
2021-08-04 08:00:00+00:00,27.650000000000002,30.9
2021-08-04 09:00:00+00:00,26.325,30.775
2021-08-04 10:00:00+00:00,25.900000000000002,30.575
2021-08-04 11:00:00+00:00,25.475,30.275
2021-08-04 12:00:00+00:00,25.275,29.8
2021-08-04 13:00:00+00:00,25.400000000000002,29.775000000000002
2021-08-04 14:00:00+00:00,25.674999999999997,29.724999999999998
2021-08-04 15:00:00+00:00,25.549999999999997,29.674999999999997
2021-08-04 16:00:00+00:00,25.675,29.700000000000003
2021-08-04 17:00:00+00:00,26.25,29.75
2021-08-04 18:00:00+00:00,26.825000000000003,29.725
2021-08-04 19:00:00+00:00,27.3,29.974999999999998
2021-08-04 20:00:00+00:00,27.974999999999998,30.3
2021-08-04 21:00:00+00:00,28.625,30.65
2021-08-04 22:00:00+00:00,28.775,31.075000000000003
2021-08-04 23:00:00+00:00,28.924999999999997,31.400000000000002
2021-08-05 00:00:00+00:00,28.5,31.65
2021-08-05 01:00:00+00:00,28.099999999999998,31.45
2021-08-05 02:00:00+00:00,28.025,31.4
2021-08-05 03:00:00+00:00,27.924999999999997,31.15
2021-08-05 04:00:00+00:00,27.825000000000003,30.974999999999998
2021-08-05 05:00:00+00:00,27.674999999999997,30.85
2021-08-05 06:00:00+00:00,27.674999999999997,30.775
2021-08-05 07:00:00+00:00,27.675,30.65
2021-08-05 08:00:00+00:00,27.625,30.575
2021-08-05 09:00:00+00:00,27.450000000000003,30.449999999999996
2021-08-05 10:00:00+00:00,27.175,30.275000000000002
2021-08-05 11:00:00+00:00,26.45,30.025
2021-08-05 12:00:00+00:00,25.75,29.550000000000004
2021-08-05 13:00:00+00:00,25.424999999999997,29.55
2021-08-05 14:00:00+00:00,25.3,29.55
2021-08-05 15:00:00+00:00,25.3,29.6
2021-08-05 16:00:00+00:00,25.65,29.55
2021-08-05 17:00:00+00:00,25.875,29.55
2021-08-05 18:00:00+00:00,25.666666666666668,29.666666666666668
2021-08-05 19:00:00+00:00,26.525,29.849999999999998
2021-08-05 20:00:00+00:00,27.175,30.175
2021-08-05 21:00:00+00:00,28.049999999999997,30.45
2021-08-05 22:00:00+00:00,28.3,30.724999999999998
2021-08-05 23:00:00+00:00,28.025,30.875
2021-08-06 00:00:00+00:00,27.65,30.9
2021-08-06 01:00:00+00:00,27.275,30.825
2021-08-06 02:00:00+00:00,27.224999999999998,30.625
2021-08-06 03:00:00+00:00,27.025,30.475
2021-08-06 04:00:00+00:00,27.05,30.35
2021-08-06 05:00:00+00:00,26.925000000000004,30.25
2021-08-06 06:00:00+00:00,27.1,30.05
2021-08-06 07:00:00+00:00,27.1,29.849999999999998
2021-08-06 08:00:00+00:00,27.35,29.625
2021-08-06 09:00:00+00:00,27.2,29.55
2021-08-06 10:00:00+00:00,27.275,29.474999999999998
2021-08-06 11:00:00+00:00,26.974999999999998,29.374999999999996
2021-08-06 12:00:00+00:00,27.25,29.174999999999997
2021-08-06 13:00:00+00:00,27.45,29.15
2021-08-06 14:00:00+00:00,28.25,29.174999999999997
2021-08-06 15:00:00+00:00,28.474999999999998,29.325
2021-08-06 16:00:00+00:00,28.725,29.625
2021-08-06 17:00:00+00:00,29.125,29.875
2021-08-06 18:00:00+00:00,29.375,30.174999999999997
2021-08-06 19:00:00+00:00,29.675,30.724999999999998
2021-08-06 20:00:00+00:00,29.975,30.975
2021-08-06 21:00:00+00:00,29.950000000000003,30.95
2021-08-06 22:00:00+00:00,29.8,31.225
2021-08-06 23:00:00+00:00,29.724999999999998,31.700000000000003
2021-08-07 00:00:00+00:00,29.6,31.700000000000003
2021-08-07 01:00:00+00:00,29.25,31.625
2021-08-07 02:00:00+00:00,28.95,31.5
2021-08-07 03:00:00+00:00,28.85,31.275
2021-08-07 04:00:00+00:00,28.825,31.175
2021-08-07 05:00:00+00:00,28.724999999999998,30.95
2021-08-07 06:00:00+00:00,28.725,30.825
2021-08-07 07:00:00+00:00,28.674999999999997,30.6
2021-08-07 08:00:00+00:00,28.525,30.4
2021-08-07 09:00:00+00:00,28.725,30.25
2021-08-07 10:00:00+00:00,28.7,30.175
2021-08-07 11:00:00+00:00,28.725,30.1
2021-08-07 12:00:00+00:00,28.75,30.049999999999997
2021-08-07 13:00:00+00:00,29.0,29.9
2021-08-07 14:00:00+00:00,29.225,29.8
2021-08-07 15:00:00+00:00,29.375,29.825000000000003
2021-08-07 16:00:00+00:00,29.0,29.975
2021-08-07 17:00:00+00:00,29.700000000000003,30.25
2021-08-07 18:00:00+00:00,30.025000000000002,30.575
2021-08-07 19:00:00+00:00,30.325,30.75
2021-08-07 20:00:00+00:00,30.325,31.025
2021-08-07 21:00:00+00:00,30.425,31.275
2021-08-07 22:00:00+00:00,30.224999999999998,31.5
2021-08-07 23:00:00+00:00,30.125,31.55
2021-08-08 00:00:00+00:00,30.025,31.550000000000004
2021-08-08 01:00:00+00:00,29.775,31.375
2021-08-08 02:00:00+00:00,29.55,31.35
2021-08-08 03:00:00+00:00,29.450000000000003,31.225
2021-08-08 04:00:00+00:00,29.374999999999996,30.924999999999997
2021-08-08 05:00:00+00:00,29.3,30.825
2021-08-08 06:00:00+00:00,29.25,30.575
2021-08-08 07:00:00+00:00,29.275,30.450000000000003
2021-08-08 08:00:00+00:00,29.174999999999997,30.200000000000003
2021-08-08 09:00:00+00:00,29.174999999999997,30.125
2021-08-08 10:00:00+00:00,29.175000000000004,30.125
2021-08-08 11:00:00+00:00,29.099999999999998,30.0
2021-08-08 12:00:00+00:00,29.025000000000002,29.925
2021-08-08 13:00:00+00:00,29.225,29.924999999999997
2021-08-08 14:00:00+00:00,29.5,29.975
2021-08-08 15:00:00+00:00,29.55,29.975
2021-08-08 16:00:00+00:00,30.025,30.125
2021-08-08 17:00:00+00:00,30.15,30.35
2021-08-08 18:00:00+00:00,30.325000000000003,30.699999999999996
2021-08-08 19:00:00+00:00,30.275,30.924999999999997
2021-08-08 20:00:00+00:00,30.5,31.025
2021-08-08 21:00:00+00:00,30.450000000000003,31.5
2021-08-08 22:00:00+00:00,30.525,31.725
2021-08-08 23:00:00+00:00,30.475,31.6
2021-08-09 00:00:00+00:00,30.275,31.525
2021-08-09 01:00:00+00:00,30.0,31.425
2021-08-09 02:00:00+00:00,29.724999999999998,31.1
2021-08-09 03:00:00+00:00,29.65,30.95
2021-08-09 04:00:00+00:00,29.575000000000003,30.9
2021-08-09 05:00:00+00:00,29.45,30.75
2021-08-09 06:00:00+00:00,29.449999999999996,30.549999999999997
2021-08-09 07:00:00+00:00,29.424999999999997,30.4
2021-08-09 08:00:00+00:00,29.375,30.349999999999998
2021-08-09 09:00:00+00:00,29.275000000000002,30.075000000000003
2021-08-09 10:00:00+00:00,29.2,29.925
2021-08-09 11:00:00+00:00,29.200000000000003,29.8
2021-08-09 12:00:00+00:00,29.175,29.825000000000003
2021-08-09 13:00:00+00:00,29.3,29.85
2021-08-09 14:00:00+00:00,29.650000000000002,29.95
2021-08-09 15:00:00+00:00,29.925,30.025
2021-08-09 16:00:00+00:00,30.125,30.2
2021-08-09 17:00:00+00:00,30.299999999999997,30.4
2021-08-09 18:00:00+00:00,30.475,30.65
2021-08-09 19:00:00+00:00,30.475,30.849999999999998
2021-08-09 20:00:00+00:00,30.625000000000004,31.125
2021-08-09 21:00:00+00:00,30.400000000000002,31.099999999999998
2021-08-09 22:00:00+00:00,30.6,31.3
2021-08-09 23:00:00+00:00,30.525,31.45
2021-08-10 00:00:00+00:00,30.375000000000004,31.775000000000002
2021-08-10 01:00:00+00:00,29.925,31.525
2021-08-10 02:00:00+00:00,29.675,31.325000000000003
2021-08-10 03:00:00+00:00,29.549999999999997,31.225
2021-08-10 04:00:00+00:00,29.35,30.95
2021-08-10 05:00:00+00:00,29.25,30.775
2021-08-10 06:00:00+00:00,29.225,30.7
2021-08-10 07:00:00+00:00,29.1,30.625
2021-08-10 08:00:00+00:00,29.125,30.525
2021-08-10 09:00:00+00:00,29.075,30.4
2021-08-10 10:00:00+00:00,29.075000000000003,30.099999999999998
2021-08-10 11:00:00+00:00,29.075,30.1
2021-08-10 12:00:00+00:00,29.075000000000003,30.175000000000004
2021-08-10 13:00:00+00:00,29.25,30.125000000000004
2021-08-10 14:00:00+00:00,29.650000000000002,30.125
2021-08-10 15:00:00+00:00,29.724999999999998,30.05
2021-08-10 16:00:00+00:00,30.125,30.275
2021-08-10 17:00:00+00:00,30.4,30.5
2021-08-10 18:00:00+00:00,30.375000000000004,30.85
2021-08-10 19:00:00+00:00,30.55,31.075000000000003
2021-08-10 20:00:00+00:00,30.674999999999997,31.400000000000002
2021-08-10 21:00:00+00:00,30.4,31.450000000000003
2021-08-10 22:00:00+00:00,30.55,31.725
2021-08-10 23:00:00+00:00,30.500000000000004,31.975
2021-08-11 00:00:00+00:00,30.175,32.075
2021-08-11 01:00:00+00:00,29.75,31.924999999999997
2021-08-11 02:00:00+00:00,29.5,31.799999999999997
2021-08-11 03:00:00+00:00,29.4,31.425
2021-08-11 04:00:00+00:00,29.35,31.35
2021-08-11 05:00:00+00:00,29.275,31.2
2021-08-11 06:00:00+00:00,29.299999999999997,30.974999999999998
2021-08-11 07:00:00+00:00,29.25,30.799999999999997
2021-08-11 08:00:00+00:00,29.2,30.625
2021-08-11 09:00:00+00:00,29.174999999999997,30.625
2021-08-11 10:00:00+00:00,28.950000000000003,30.525000000000002
2021-08-11 11:00:00+00:00,28.799999999999997,30.424999999999997
2021-08-11 12:00:00+00:00,28.7,30.474999999999998
2021-08-11 13:00:00+00:00,28.3,30.525
2021-08-11 14:00:00+00:00,29.15,30.45
2021-08-11 15:00:00+00:00,29.800000000000004,30.650000000000002
2021-08-11 16:00:00+00:00,29.95,30.9
2021-08-11 17:00:00+00:00,30.175,31.15
2021-08-11 18:00:00+00:00,30.349999999999998,31.425
2021-08-11 19:00:00+00:00,30.6,31.775000000000002
2021-08-11 20:00:00+00:00,30.575000000000003,32.300000000000004
2021-08-11 21:00:00+00:00,30.549999999999997,32.599999999999994
2021-08-11 22:00:00+00:00,30.65,32.650000000000006
2021-08-11 23:00:00+00:00,30.575000000000003,32.75
2021-08-12 00:00:00+00:00,30.325,32.699999999999996
2021-08-12 01:00:00+00:00,29.900000000000002,32.475
2021-08-12 02:00:00+00:00,29.725,32.2
2021-08-12 03:00:00+00:00,29.575000000000003,31.925
2021-08-12 04:00:00+00:00,29.550000000000004,31.775
2021-08-12 05:00:00+00:00,29.450000000000003,31.65
2021-08-12 06:00:00+00:00,29.324999999999996,31.475
2021-08-12 07:00:00+00:00,29.4,31.15
2021-08-12 08:00:00+00:00,29.275,31.025
2021-08-12 09:00:00+00:00,29.174999999999997,30.874999999999996
2021-08-12 10:00:00+00:00,28.95,30.725
2021-08-12 11:00:00+00:00,28.85,30.45
2021-08-12 12:00:00+00:00,28.875,30.275
2021-08-12 13:00:00+00:00,29.2,30.250000000000004
2021-08-12 14:00:00+00:00,29.575,30.275
2021-08-12 15:00:00+00:00,28.750000000000004,30.525
2021-08-12 16:00:00+00:00,29.425,30.8
2021-08-12 17:00:00+00:00,29.55,31.0
2021-08-12 18:00:00+00:00,30.075000000000003,31.375
2021-08-12 19:00:00+00:00,30.475,31.75
2021-08-12 20:00:00+00:00,30.425,32.25
2021-08-12 21:00:00+00:00,30.475,32.5
2021-08-12 22:00:00+00:00,30.425,32.75
2021-08-12 23:00:00+00:00,30.450000000000003,32.825
2021-08-13 00:00:00+00:00,30.275,32.725
2021-08-13 01:00:00+00:00,29.9,32.425
2021-08-13 02:00:00+00:00,29.700000000000003,32.25
2021-08-13 03:00:00+00:00,29.575,32.1
2021-08-13 04:00:00+00:00,29.425000000000004,31.9
2021-08-13 05:00:00+00:00,29.375,31.75
2021-08-13 06:00:00+00:00,29.275,31.55
2021-08-13 07:00:00+00:00,29.2,31.450000000000003
2021-08-13 08:00:00+00:00,29.05,31.375
2021-08-13 09:00:00+00:00,28.924999999999997,31.275
2021-08-13 10:00:00+00:00,28.75,31.1
2021-08-13 11:00:00+00:00,28.825,30.924999999999997
2021-08-13 12:00:00+00:00,28.724999999999998,30.725
2021-08-13 13:00:00+00:00,29.15,30.575000000000003
2021-08-13 14:00:00+00:00,29.875,30.55
2021-08-13 15:00:00+00:00,30.0,30.75
2021-08-13 16:00:00+00:00,30.150000000000002,31.125
2021-08-13 17:00:00+00:00,30.549999999999997,31.75
2021-08-13 18:00:00+00:00,30.349999999999998,32.225
2021-08-13 19:00:00+00:00,30.049999999999997,32.375
2021-08-13 20:00:00+00:00,29.549999999999997,32.7
2021-08-13 21:00:00+00:00,30.275,32.900000000000006
2021-08-13 22:00:00+00:00,30.3,32.875
2021-08-13 23:00:00+00:00,30.325,32.975
2021-08-14 00:00:00+00:00,30.249999999999996,32.8
2021-08-14 01:00:00+00:00,29.724999999999998,32.675
2021-08-14 02:00:00+00:00,29.4,32.5
2021-08-14 03:00:00+00:00,29.3,32.3
2021-08-14 04:00:00+00:00,29.200000000000003,32.15
2021-08-14 05:00:00+00:00,29.025,32.025
2021-08-14 06:00:00+00:00,28.724999999999998,31.875
2021-08-14 07:00:00+00:00,28.75,31.75
2021-08-14 08:00:00+00:00,28.749999999999996,31.725
2021-08-14 09:00:00+00:00,28.5,31.575
2021-08-14 10:00:00+00:00,28.4,31.424999999999997
2021-08-14 11:00:00+00:00,28.05,31.275
2021-08-14 12:00:00+00:00,27.9,31.150000000000002
2021-08-14 13:00:00+00:00,28.849999999999998,31.099999999999998
2021-08-14 14:00:00+00:00,29.225,31.025
2021-08-14 15:00:00+00:00,29.625,31.125
2021-08-14 16:00:00+00:00,29.175,31.25
2021-08-14 17:00:00+00:00,30.4,31.775
2021-08-14 18:00:00+00:00,29.9,32.125
2021-08-14 19:00:00+00:00,30.05,32.5
2021-08-14 20:00:00+00:00,30.349999999999998,32.7
2021-08-14 21:00:00+00:00,30.525,32.849999999999994
2021-08-14 22:00:00+00:00,30.625,32.8
2021-08-14 23:00:00+00:00,30.4,33.025000000000006
2021-08-15 00:00:00+00:00,30.0,33.1
2021-08-15 01:00:00+00:00,29.675,33.025
2021-08-15 02:00:00+00:00,29.200000000000003,32.775000000000006
2021-08-15 03:00:00+00:00,29.0,32.55
2021-08-15 04:00:00+00:00,28.875,32.4
2021-08-15 05:00:00+00:00,28.875,32.275
2021-08-15 06:00:00+00:00,28.674999999999997,32.1
2021-08-15 07:00:00+00:00,28.625,31.9
2021-08-15 08:00:00+00:00,28.424999999999997,31.625
2021-08-15 09:00:00+00:00,27.975,31.6
2021-08-15 10:00:00+00:00,27.625,31.475
2021-08-15 11:00:00+00:00,27.6,31.475
2021-08-15 12:00:00+00:00,26.725,31.275
2021-08-15 13:00:00+00:00,27.725,31.2
2021-08-15 14:00:00+00:00,28.425,31.0
2021-08-15 15:00:00+00:00,28.799999999999997,31.074999999999996
2021-08-15 16:00:00+00:00,29.25,31.4
2021-08-15 17:00:00+00:00,29.825,32.0
2021-08-15 18:00:00+00:00,29.95,32.325
2021-08-15 19:00:00+00:00,30.375,32.650000000000006
2021-08-15 20:00:00+00:00,30.625,32.975
2021-08-15 21:00:00+00:00,30.7,33.275
2021-08-15 22:00:00+00:00,30.625,33.3
2021-08-15 23:00:00+00:00,30.25,33.525
2021-08-16 00:00:00+00:00,28.950000000000003,33.3
2021-08-16 01:00:00+00:00,25.95,32.85
2021-08-16 02:00:00+00:00,26.675,32.55
2021-08-16 03:00:00+00:00,27.025,32.474999999999994
2021-08-16 04:00:00+00:00,27.125,32.275
2021-08-16 05:00:00+00:00,26.65,31.974999999999998
2021-08-16 06:00:00+00:00,26.25,31.724999999999998
2021-08-16 07:00:00+00:00,25.775,31.599999999999998
2021-08-16 08:00:00+00:00,25.925,31.575000000000003
2021-08-16 09:00:00+00:00,25.775,31.325000000000003
2021-08-16 10:00:00+00:00,25.925,31.299999999999997
2021-08-16 11:00:00+00:00,25.799999999999997,31.099999999999998
2021-08-16 12:00:00+00:00,25.775,31.075
2021-08-16 13:00:00+00:00,26.349999999999998,30.775
2021-08-16 14:00:00+00:00,27.375,30.825
2021-08-16 15:00:00+00:00,28.125,31.0
2021-08-16 16:00:00+00:00,28.8,31.1
2021-08-16 17:00:00+00:00,28.575,31.3
2021-08-16 18:00:00+00:00,29.55,31.475
2021-08-16 19:00:00+00:00,29.700000000000003,31.675000000000004
2021-08-16 20:00:00+00:00,29.650000000000002,32.4
2021-08-16 21:00:00+00:00,30.325000000000003,32.525
2021-08-16 22:00:00+00:00,30.450000000000003,32.575
2021-08-16 23:00:00+00:00,30.400000000000002,32.625
2021-08-17 00:00:00+00:00,29.975,32.9
2021-08-17 01:00:00+00:00,29.425,32.85
2021-08-17 02:00:00+00:00,29.325,32.7
2021-08-17 03:00:00+00:00,29.3,32.375
2021-08-17 04:00:00+00:00,29.225,32.225
2021-08-17 05:00:00+00:00,29.225,32.0
2021-08-17 06:00:00+00:00,28.974999999999998,31.725
2021-08-17 07:00:00+00:00,29.075,31.574999999999996
2021-08-17 08:00:00+00:00,29.075000000000003,31.349999999999998
2021-08-17 09:00:00+00:00,28.925,31.175000000000004
2021-08-17 10:00:00+00:00,28.950000000000003,31.099999999999998
2021-08-17 11:00:00+00:00,28.65,31.025
2021-08-17 12:00:00+00:00,28.675,31.25
2021-08-17 13:00:00+00:00,28.825,31.200000000000003
2021-08-17 14:00:00+00:00,28.975,31.200000000000003
2021-08-17 15:00:00+00:00,29.849999999999998,31.275
2021-08-17 16:00:00+00:00,30.3,30.7
2021-08-17 17:00:00+00:00,30.15,31.525
2021-08-17 18:00:00+00:00,30.425,31.775
2021-08-17 19:00:00+00:00,30.5,31.875000000000004
2021-08-17 20:00:00+00:00,30.4,31.950000000000003
2021-08-17 21:00:00+00:00,30.425,32.025
2021-08-17 22:00:00+00:00,30.45,32.125
2021-08-17 23:00:00+00:00,30.474999999999998,32.225
2021-08-18 00:00:00+00:00,30.349999999999998,32.275
2021-08-18 01:00:00+00:00,29.9,32.075
2021-08-18 02:00:00+00:00,29.825000000000003,31.975
2021-08-18 03:00:00+00:00,29.725,31.825
2021-08-18 04:00:00+00:00,29.775,31.75
2021-08-18 05:00:00+00:00,29.675,31.65
2021-08-18 06:00:00+00:00,29.724999999999998,31.474999999999998
2021-08-18 07:00:00+00:00,29.65,31.35
2021-08-18 08:00:00+00:00,29.525,31.200000000000003
2021-08-18 09:00:00+00:00,29.525,31.05
2021-08-18 10:00:00+00:00,29.65,30.975
2021-08-18 11:00:00+00:00,29.700000000000003,30.9
2021-08-18 12:00:00+00:00,29.5,30.775
2021-08-18 13:00:00+00:00,29.775,30.800000000000004
2021-08-18 14:00:00+00:00,30.15,30.85
2021-08-18 15:00:00+00:00,30.424999999999997,30.950000000000003
2021-08-18 16:00:00+00:00,30.675,31.125
2021-08-18 17:00:00+00:00,30.825,31.2
2021-08-18 18:00:00+00:00,30.975,31.425
2021-08-18 19:00:00+00:00,30.65,31.575000000000003
2021-08-18 20:00:00+00:00,30.950000000000003,31.650000000000002
2021-08-18 21:00:00+00:00,31.0,31.75
2021-08-18 22:00:00+00:00,31.0,31.875
2021-08-18 23:00:00+00:00,30.924999999999997,31.975
2021-08-19 00:00:00+00:00,30.575000000000003,31.925
2021-08-19 01:00:00+00:00,30.5,31.875
2021-08-19 02:00:00+00:00,30.325,31.675
2021-08-19 03:00:00+00:00,30.275,31.6
2021-08-19 04:00:00+00:00,30.175,31.45
2021-08-19 05:00:00+00:00,30.0,31.225
2021-08-19 06:00:00+00:00,29.95,31.05
2021-08-19 07:00:00+00:00,29.799999999999997,30.95
2021-08-19 08:00:00+00:00,29.675000000000004,30.799999999999997
2021-08-19 09:00:00+00:00,29.575,30.700000000000003
2021-08-19 10:00:00+00:00,29.424999999999997,30.65
2021-08-19 11:00:00+00:00,29.4,30.5
2021-08-19 12:00:00+00:00,29.325,30.375
2021-08-19 13:00:00+00:00,29.525,30.35
2021-08-19 14:00:00+00:00,29.9,30.324999999999996
2021-08-19 15:00:00+00:00,30.15,30.4
2021-08-19 16:00:00+00:00,30.4,30.525000000000002
2021-08-19 17:00:00+00:00,30.625,30.625
2021-08-19 18:00:00+00:00,30.675,30.750000000000004
2021-08-19 19:00:00+00:00,30.85,30.974999999999998
2021-08-19 20:00:00+00:00,30.85,31.15
2021-08-19 21:00:00+00:00,30.775,31.4
2021-08-19 22:00:00+00:00,30.7,31.7
2021-08-19 23:00:00+00:00,30.675,31.9
2021-08-20 00:00:00+00:00,30.45,31.999999999999996
2021-08-20 01:00:00+00:00,30.075,31.85
2021-08-20 02:00:00+00:00,29.875,31.574999999999996
2021-08-20 03:00:00+00:00,29.875,31.575000000000003
2021-08-20 04:00:00+00:00,29.85,31.375
2021-08-20 05:00:00+00:00,29.75,31.349999999999998
2021-08-20 06:00:00+00:00,29.75,31.325
2021-08-20 07:00:00+00:00,29.775,31.225
2021-08-20 08:00:00+00:00,29.65,30.950000000000003
2021-08-20 09:00:00+00:00,29.400000000000002,30.875
2021-08-20 10:00:00+00:00,29.299999999999997,30.749999999999996
2021-08-20 11:00:00+00:00,29.2,30.825
2021-08-20 12:00:00+00:00,29.025,30.6
2021-08-20 13:00:00+00:00,29.25,30.625
2021-08-20 14:00:00+00:00,29.75,30.65
2021-08-20 15:00:00+00:00,30.025,30.65
2021-08-20 16:00:00+00:00,30.175,30.775
2021-08-20 17:00:00+00:00,30.574999999999996,30.95
2021-08-20 18:00:00+00:00,30.525,31.125
2021-08-20 19:00:00+00:00,30.725,31.4
2021-08-20 20:00:00+00:00,30.75,31.75
2021-08-20 21:00:00+00:00,30.7,32.075
2021-08-20 22:00:00+00:00,30.8,32.275000000000006
2021-08-20 23:00:00+00:00,30.849999999999998,32.25
2021-08-21 00:00:00+00:00,30.45,32.125
2021-08-21 01:00:00+00:00,29.974999999999998,31.95
2021-08-21 02:00:00+00:00,29.675,31.75
2021-08-21 03:00:00+00:00,30.025,31.575000000000003
2021-08-21 04:00:00+00:00,29.9,31.475
2021-08-21 05:00:00+00:00,29.7,31.249999999999996
2021-08-21 06:00:00+00:00,29.575000000000003,31.15
2021-08-21 07:00:00+00:00,29.55,31.075
2021-08-21 08:00:00+00:00,29.425,30.975
2021-08-21 09:00:00+00:00,29.375,30.925
2021-08-21 10:00:00+00:00,29.300000000000004,30.85
2021-08-21 11:00:00+00:00,29.3,30.75
2021-08-21 12:00:00+00:00,29.25,30.725
2021-08-21 13:00:00+00:00,29.475,30.674999999999997
2021-08-21 14:00:00+00:00,29.950000000000003,30.725
2021-08-21 15:00:00+00:00,30.325,30.775
2021-08-21 16:00:00+00:00,30.425,30.85
2021-08-21 17:00:00+00:00,30.55,31.125
2021-08-21 18:00:00+00:00,30.550000000000004,31.25
2021-08-21 19:00:00+00:00,30.75,31.400000000000002
2021-08-21 20:00:00+00:00,30.825,31.575
2021-08-21 21:00:00+00:00,30.825000000000003,31.75
2021-08-21 22:00:00+00:00,30.724999999999998,31.925
2021-08-21 23:00:00+00:00,30.6,32.074999999999996
2021-08-22 00:00:00+00:00,30.5,32.050000000000004
2021-08-22 01:00:00+00:00,29.974999999999998,31.95
2021-08-22 02:00:00+00:00,29.675,31.775
2021-08-22 03:00:00+00:00,29.625,31.700000000000003
2021-08-22 04:00:00+00:00,29.4,31.325000000000003
2021-08-22 05:00:00+00:00,29.175,31.15
2021-08-22 06:00:00+00:00,29.125,31.05
2021-08-22 07:00:00+00:00,29.049999999999997,30.924999999999997
2021-08-22 08:00:00+00:00,28.924999999999997,30.825
2021-08-22 09:00:00+00:00,28.775000000000002,30.575
2021-08-22 10:00:00+00:00,28.55,30.375
2021-08-22 11:00:00+00:00,28.525,30.325
2021-08-22 12:00:00+00:00,28.575000000000003,30.375000000000004
2021-08-22 13:00:00+00:00,29.15,30.125
2021-08-22 14:00:00+00:00,29.650000000000002,30.275
2021-08-22 15:00:00+00:00,29.925,30.275
2021-08-22 16:00:00+00:00,30.025,30.625
2021-08-22 17:00:00+00:00,30.15,30.825000000000003
2021-08-22 18:00:00+00:00,30.25,31.224999999999998
2021-08-22 19:00:00+00:00,30.35,31.45
2021-08-22 20:00:00+00:00,30.424999999999997,31.675
2021-08-22 21:00:00+00:00,30.6,31.825000000000003
2021-08-22 22:00:00+00:00,30.525,32.050000000000004
2021-08-22 23:00:00+00:00,30.4,32.15
2021-08-23 00:00:00+00:00,30.175,32.224999999999994
2021-08-23 01:00:00+00:00,29.650000000000002,32.050000000000004
2021-08-23 02:00:00+00:00,29.275,31.9
2021-08-23 03:00:00+00:00,29.0,31.724999999999998
2021-08-23 04:00:00+00:00,28.825000000000003,31.549999999999997
2021-08-23 05:00:00+00:00,28.925,31.325
2021-08-23 06:00:00+00:00,28.900000000000002,31.125
2021-08-23 07:00:00+00:00,28.75,30.925
2021-08-23 08:00:00+00:00,28.800000000000004,30.75
2021-08-23 09:00:00+00:00,28.775,30.674999999999997
2021-08-23 10:00:00+00:00,28.6,30.525
2021-08-23 11:00:00+00:00,28.325000000000003,30.25
2021-08-23 12:00:00+00:00,28.3,30.200000000000003
2021-08-23 13:00:00+00:00,29.025000000000002,30.175000000000004
2021-08-23 14:00:00+00:00,29.65,30.25
2021-08-23 15:00:00+00:00,29.95,30.249999999999996
2021-08-23 16:00:00+00:00,30.05,30.525
2021-08-23 17:00:00+00:00,30.325000000000003,30.924999999999997
2021-08-23 18:00:00+00:00,30.55,31.424999999999997
2021-08-23 19:00:00+00:00,30.625,31.775
2021-08-23 20:00:00+00:00,30.724999999999998,32.025
2021-08-23 21:00:00+00:00,30.95,32.375
2021-08-23 22:00:00+00:00,30.900000000000002,32.6
2021-08-23 23:00:00+00:00,30.825000000000003,32.6
2021-08-24 00:00:00+00:00,30.6,32.675
2021-08-24 01:00:00+00:00,30.125,32.65
2021-08-24 02:00:00+00:00,29.85,32.35
2021-08-24 03:00:00+00:00,29.725,32.175000000000004
2021-08-24 04:00:00+00:00,29.575,31.950000000000003
2021-08-24 05:00:00+00:00,29.4,31.775
2021-08-24 06:00:00+00:00,29.4,31.575000000000003
2021-08-24 07:00:00+00:00,29.275,31.35
2021-08-24 08:00:00+00:00,29.224999999999998,31.175
2021-08-24 09:00:00+00:00,29.125,31.125
2021-08-24 10:00:00+00:00,29.049999999999997,30.974999999999998
2021-08-24 11:00:00+00:00,28.95,30.775
2021-08-24 12:00:00+00:00,28.5,30.525000000000002
2021-08-24 13:00:00+00:00,29.225,30.5
2021-08-24 14:00:00+00:00,29.75,30.549999999999997
2021-08-24 15:00:00+00:00,30.025000000000002,30.65
2021-08-24 16:00:00+00:00,30.325,31.0
2021-08-24 17:00:00+00:00,30.625,31.4
2021-08-24 18:00:00+00:00,30.675,31.900000000000002
2021-08-24 19:00:00+00:00,30.95,32.25
2021-08-24 20:00:00+00:00,30.75,32.75
2021-08-24 21:00:00+00:00,30.775,33.0
2021-08-24 22:00:00+00:00,30.875,33.15
2021-08-24 23:00:00+00:00,30.675,33.275000000000006
2021-08-25 00:00:00+00:00,30.55,33.15
2021-08-25 01:00:00+00:00,30.0,32.925
2021-08-25 02:00:00+00:00,29.8,32.775
2021-08-25 03:00:00+00:00,29.675,32.65
2021-08-25 04:00:00+00:00,29.7,32.474999999999994
2021-08-25 05:00:00+00:00,29.474999999999998,32.275
2021-08-25 06:00:00+00:00,29.375,31.924999999999997
2021-08-25 07:00:00+00:00,29.25,31.65
2021-08-25 08:00:00+00:00,28.975,31.550000000000004
2021-08-25 09:00:00+00:00,29.125,31.45
2021-08-25 10:00:00+00:00,28.7,31.424999999999997
2021-08-25 11:00:00+00:00,28.625000000000004,31.25
2021-08-25 12:00:00+00:00,28.75,31.0
2021-08-25 13:00:00+00:00,28.9,30.924999999999997
2021-08-25 14:00:00+00:00,29.75,30.925
2021-08-25 15:00:00+00:00,30.25,31.0
2021-08-25 16:00:00+00:00,30.425000000000004,31.375
2021-08-25 17:00:00+00:00,30.65,31.949999999999996
2021-08-25 18:00:00+00:00,30.675,32.325
2021-08-25 19:00:00+00:00,30.933333333333334,33.300000000000004
2021-08-25 20:00:00+00:00,30.833333333333332,33.43333333333333
2021-08-25 21:00:00+00:00,30.96666666666667,34.0
2021-08-25 22:00:00+00:00,30.96666666666667,34.13333333333333
2021-08-25 23:00:00+00:00,31.1,33.375
2021-08-26 00:00:00+00:00,30.674999999999997,33.275000000000006
2021-08-26 01:00:00+00:00,30.125,33.075
2021-08-26 02:00:00+00:00,29.85,32.900000000000006
2021-08-26 03:00:00+00:00,29.55,32.75
2021-08-26 04:00:00+00:00,29.574999999999996,32.675
2021-08-26 05:00:00+00:00,29.45,32.400000000000006
2021-08-26 06:00:00+00:00,29.35,32.349999999999994
2021-08-26 07:00:00+00:00,29.075,32.150000000000006
2021-08-26 08:00:00+00:00,28.499999999999996,32.025
2021-08-26 09:00:00+00:00,28.45,31.875
2021-08-26 10:00:00+00:00,27.174999999999997,31.775
2021-08-26 11:00:00+00:00,26.85,31.65
2021-08-26 12:00:00+00:00,26.85,31.375
2021-08-26 13:00:00+00:00,26.825,31.1
2021-08-26 14:00:00+00:00,27.975,30.9
2021-08-26 15:00:00+00:00,28.949999999999996,30.950000000000003
2021-08-26 16:00:00+00:00,29.525,31.25
2021-08-26 17:00:00+00:00,30.200000000000003,31.700000000000003
2021-08-26 18:00:00+00:00,30.15,32.075
2021-08-26 19:00:00+00:00,28.7,32.25
2021-08-26 20:00:00+00:00,28.950000000000003,32.225
2021-08-26 21:00:00+00:00,29.075000000000003,32.225
2021-08-26 22:00:00+00:00,29.299999999999997,32.15
2021-08-26 23:00:00+00:00,29.65,32.25
2021-08-27 00:00:00+00:00,29.7,32.175
2021-08-27 01:00:00+00:00,29.15,32.125
2021-08-27 02:00:00+00:00,28.875000000000004,32.025
2021-08-27 03:00:00+00:00,28.799999999999997,31.875
2021-08-27 04:00:00+00:00,28.574999999999996,31.775
2021-08-27 05:00:00+00:00,28.575,31.699999999999996
2021-08-27 06:00:00+00:00,28.35,31.700000000000003
2021-08-27 07:00:00+00:00,28.075,31.6
2021-08-27 08:00:00+00:00,27.550000000000004,31.550000000000004
2021-08-27 09:00:00+00:00,26.525000000000002,31.325
2021-08-27 10:00:00+00:00,26.575000000000003,31.125
2021-08-27 11:00:00+00:00,25.450000000000003,30.85
2021-08-27 12:00:00+00:00,25.875,30.65
2021-08-27 13:00:00+00:00,26.075,30.575
2021-08-27 14:00:00+00:00,26.575000000000003,30.549999999999997
2021-08-27 15:00:00+00:00,27.225,30.574999999999996
2021-08-27 16:00:00+00:00,27.725,30.775
2021-08-27 17:00:00+00:00,28.1,30.825
2021-08-27 18:00:00+00:00,28.225,30.975
2021-08-27 19:00:00+00:00,28.475,31.225
2021-08-27 20:00:00+00:00,28.675,31.6
2021-08-27 21:00:00+00:00,28.775000000000002,31.699999999999996
2021-08-27 22:00:00+00:00,29.025,31.75
2021-08-27 23:00:00+00:00,29.025,31.8
2021-08-28 00:00:00+00:00,28.75,31.725
2021-08-28 01:00:00+00:00,28.35,31.525
2021-08-28 02:00:00+00:00,27.625,31.4
2021-08-28 03:00:00+00:00,27.55,31.2
2021-08-28 04:00:00+00:00,27.775,31.125
2021-08-28 05:00:00+00:00,27.75,31.0
2021-08-28 06:00:00+00:00,28.025,30.9
2021-08-28 07:00:00+00:00,27.85,30.875
2021-08-28 08:00:00+00:00,27.799999999999997,30.9
2021-08-28 09:00:00+00:00,27.725,30.775
2021-08-28 10:00:00+00:00,27.125,30.625
2021-08-28 11:00:00+00:00,26.5,30.55
2021-08-28 12:00:00+00:00,25.775000000000002,30.450000000000003
2021-08-28 13:00:00+00:00,25.85,30.474999999999998
2021-08-28 14:00:00+00:00,26.75,30.200000000000003
2021-08-28 15:00:00+00:00,27.275,30.175000000000004
2021-08-28 16:00:00+00:00,27.7,30.325
2021-08-28 17:00:00+00:00,28.574999999999996,30.5
2021-08-28 18:00:00+00:00,28.05,30.8
2021-08-28 19:00:00+00:00,29.5,30.975
2021-08-28 20:00:00+00:00,28.924999999999997,31.3
2021-08-28 21:00:00+00:00,29.775,31.425
2021-08-28 22:00:00+00:00,29.85,31.55
2021-08-28 23:00:00+00:00,29.925000000000004,31.925
2021-08-29 00:00:00+00:00,29.799999999999997,31.95
2021-08-29 01:00:00+00:00,29.1,31.75
2021-08-29 02:00:00+00:00,28.875,31.624999999999996
2021-08-29 03:00:00+00:00,28.824999999999996,31.45
2021-08-29 04:00:00+00:00,28.725,31.275
2021-08-29 05:00:00+00:00,28.65,31.175
2021-08-29 06:00:00+00:00,28.6,31.0
2021-08-29 07:00:00+00:00,28.275,30.875
2021-08-29 08:00:00+00:00,27.775000000000002,31.000000000000004
2021-08-29 09:00:00+00:00,27.6,30.925
2021-08-29 10:00:00+00:00,27.500000000000004,30.875
2021-08-29 11:00:00+00:00,27.075000000000003,30.8
2021-08-29 12:00:00+00:00,26.75,30.625
2021-08-29 13:00:00+00:00,27.1,30.299999999999997
2021-08-29 14:00:00+00:00,27.425,30.325
2021-08-29 15:00:00+00:00,27.95,30.325
2021-08-29 16:00:00+00:00,28.55,30.525
2021-08-29 17:00:00+00:00,29.475,30.825000000000003
2021-08-29 18:00:00+00:00,29.200000000000003,31.050000000000004
2021-08-29 19:00:00+00:00,30.075,31.424999999999997
2021-08-29 20:00:00+00:00,30.7,32.0
2021-08-29 21:00:00+00:00,31.325000000000003,32.325
2021-08-29 22:00:00+00:00,31.075,32.8
2021-08-29 23:00:00+00:00,30.975,32.925
2021-08-30 00:00:00+00:00,31.049999999999997,32.800000000000004
2021-08-30 01:00:00+00:00,30.1,32.65
2021-08-30 02:00:00+00:00,29.8,32.55
2021-08-30 03:00:00+00:00,29.7,32.449999999999996
2021-08-30 04:00:00+00:00,29.549999999999997,32.175
2021-08-30 05:00:00+00:00,29.35,31.974999999999994
2021-08-30 06:00:00+00:00,29.175,31.800000000000004
2021-08-30 07:00:00+00:00,28.9,31.575000000000003
2021-08-30 08:00:00+00:00,28.15,31.450000000000003
2021-08-30 09:00:00+00:00,27.625,31.35
2021-08-30 10:00:00+00:00,27.125000000000004,31.325
2021-08-30 11:00:00+00:00,26.4,31.224999999999998
2021-08-30 12:00:00+00:00,26.25,31.150000000000002
2021-08-30 13:00:00+00:00,26.700000000000003,31.025
2021-08-30 14:00:00+00:00,27.625,31.025
2021-08-30 15:00:00+00:00,28.574999999999996,31.075
2021-08-30 16:00:00+00:00,30.0,31.174999999999997
2021-08-30 17:00:00+00:00,30.975,31.35
2021-08-30 18:00:00+00:00,31.3,31.75
2021-08-30 19:00:00+00:00,31.475,32.15
2021-08-30 20:00:00+00:00,32.15,32.625
2021-08-30 21:00:00+00:00,32.1,33.025
2021-08-30 22:00:00+00:00,31.9,33.2
2021-08-30 23:00:00+00:00,31.825000000000003,33.3
2021-08-31 00:00:00+00:00,31.424999999999997,33.3
2021-08-31 01:00:00+00:00,30.575,33.05
2021-08-31 02:00:00+00:00,30.150000000000002,32.875
2021-08-31 03:00:00+00:00,29.825000000000003,32.6
2021-08-31 04:00:00+00:00,29.675,32.175
2021-08-31 05:00:00+00:00,29.450000000000003,31.725
2021-08-31 06:00:00+00:00,29.375,31.525
2021-08-31 07:00:00+00:00,29.275,31.375
2021-08-31 08:00:00+00:00,29.225,31.25
2021-08-31 09:00:00+00:00,28.974999999999998,31.224999999999998
2021-08-31 10:00:00+00:00,28.825,31.325000000000003
2021-08-31 11:00:00+00:00,28.125,31.225
2021-08-31 12:00:00+00:00,27.099999999999998,31.225
2021-08-31 13:00:00+00:00,26.974999999999998,31.049999999999997
2021-08-31 14:00:00+00:00,28.375,31.0
2021-08-31 15:00:00+00:00,29.125,30.85
2021-08-31 16:00:00+00:00,29.45,30.950000000000003
2021-08-31 17:00:00+00:00,29.900000000000002,31.299999999999997
2021-08-31 18:00:00+00:00,30.400000000000002,31.974999999999998
2021-08-31 19:00:00+00:00,30.575,32.5
2021-08-31 20:00:00+00:00,30.874999999999996,32.6
2021-08-31 21:00:00+00:00,30.975,32.75
2021-08-31 22:00:00+00:00,31.075000000000003,33.099999999999994
2021-08-31 23:00:00+00:00,30.924999999999997,33.1
2021-09-01 00:00:00+00:00,30.5,33.175
2021-09-01 01:00:00+00:00,30.15,32.949999999999996
2021-09-01 02:00:00+00:00,30.0,32.8
2021-09-01 03:00:00+00:00,30.025000000000002,32.55
2021-09-01 04:00:00+00:00,29.975,32.35
2021-09-01 05:00:00+00:00,29.925,32.1
2021-09-01 06:00:00+00:00,29.874999999999996,32.0
2021-09-01 07:00:00+00:00,29.875000000000004,31.675
2021-09-01 08:00:00+00:00,29.675,31.6
2021-09-01 09:00:00+00:00,29.7,31.4
2021-09-01 10:00:00+00:00,29.699999999999996,31.375
2021-09-01 11:00:00+00:00,29.474999999999998,31.35
2021-09-01 12:00:00+00:00,29.699999999999996,31.275
2021-09-01 13:00:00+00:00,29.599999999999998,31.325000000000003
2021-09-01 14:00:00+00:00,29.875,31.325000000000003
2021-09-01 15:00:00+00:00,30.45,31.375
2021-09-01 16:00:00+00:00,30.900000000000002,31.525
2021-09-01 17:00:00+00:00,31.075000000000003,31.65
2021-09-01 18:00:00+00:00,31.3,31.85
2021-09-01 19:00:00+00:00,30.900000000000002,32.075
2021-09-01 20:00:00+00:00,30.9,32.175
2021-09-01 21:00:00+00:00,30.849999999999998,32.224999999999994
2021-09-01 22:00:00+00:00,30.925,32.325
2021-09-01 23:00:00+00:00,30.825,32.4
2021-09-02 00:00:00+00:00,30.55,32.4
2021-09-02 01:00:00+00:00,30.200000000000003,32.324999999999996
2021-09-02 02:00:00+00:00,30.05,32.150000000000006
2021-09-02 03:00:00+00:00,29.975,32.0
2021-09-02 04:00:00+00:00,29.825,31.825
2021-09-02 05:00:00+00:00,29.65,31.85
2021-09-02 06:00:00+00:00,29.525,31.725
2021-09-02 07:00:00+00:00,29.549999999999997,31.5
2021-09-02 08:00:00+00:00,29.45,31.349999999999998
2021-09-02 09:00:00+00:00,29.450000000000003,31.325000000000003
2021-09-02 10:00:00+00:00,29.400000000000002,31.299999999999997
2021-09-02 11:00:00+00:00,29.299999999999997,31.3
2021-09-02 12:00:00+00:00,29.174999999999997,31.275
2021-09-02 13:00:00+00:00,29.5,31.200000000000003
2021-09-02 14:00:00+00:00,29.924999999999997,31.200000000000003
2021-09-02 15:00:00+00:00,30.225,31.200000000000003
2021-09-02 16:00:00+00:00,30.6,31.3
2021-09-02 17:00:00+00:00,30.75,31.525000000000002
2021-09-02 18:00:00+00:00,31.125,31.9
2021-09-02 19:00:00+00:00,30.975,32.050000000000004
2021-09-02 20:00:00+00:00,31.0,32.375
2021-09-02 21:00:00+00:00,31.1,32.425
2021-09-02 22:00:00+00:00,30.775000000000002,32.575
2021-09-02 23:00:00+00:00,30.675,32.675
2021-09-03 00:00:00+00:00,30.575,32.5
2021-09-03 01:00:00+00:00,29.950000000000003,32.4
2021-09-03 02:00:00+00:00,29.875,32.25
2021-09-03 03:00:00+00:00,29.625,32.125
2021-09-03 04:00:00+00:00,29.875,31.975
2021-09-03 05:00:00+00:00,29.7,31.066666666666663
2021-09-03 06:00:00+00:00,29.549999999999997,31.75
2021-09-03 07:00:00+00:00,29.300000000000004,31.625
2021-09-03 08:00:00+00:00,29.275,31.525000000000006
2021-09-03 09:00:00+00:00,29.35,31.45
2021-09-03 10:00:00+00:00,29.325,31.375
2021-09-03 11:00:00+00:00,28.525,31.099999999999998
2021-09-03 12:00:00+00:00,28.775000000000002,31.049999999999997
2021-09-03 13:00:00+00:00,28.9,31.1
2021-09-03 14:00:00+00:00,29.450000000000003,31.0
2021-09-03 15:00:00+00:00,27.825,31.025
2021-09-03 16:00:00+00:00,26.375,30.950000000000003
2021-09-03 17:00:00+00:00,27.675,30.925000000000004
2021-09-03 18:00:00+00:00,28.875,31.075
2021-09-03 19:00:00+00:00,29.924999999999997,31.299999999999997
2021-09-03 20:00:00+00:00,30.425,32.125
2021-09-03 21:00:00+00:00,30.875,32.6
2021-09-03 22:00:00+00:00,30.775,32.675
2021-09-03 23:00:00+00:00,30.8,32.6
2021-09-04 00:00:00+00:00,30.4,32.475
2021-09-04 01:00:00+00:00,29.75,32.275
2021-09-04 02:00:00+00:00,29.65,32.15
2021-09-04 03:00:00+00:00,29.425,31.925
2021-09-04 04:00:00+00:00,29.45,31.8
2021-09-04 05:00:00+00:00,29.450000000000003,31.649999999999995
2021-09-04 06:00:00+00:00,29.375,31.6
2021-09-04 07:00:00+00:00,29.3,31.35
2021-09-04 08:00:00+00:00,29.125,31.0
2021-09-04 09:00:00+00:00,28.924999999999997,30.900000000000002
2021-09-04 10:00:00+00:00,28.875,30.825
2021-09-04 11:00:00+00:00,29.05,30.75
2021-09-04 12:00:00+00:00,28.825,30.700000000000003
2021-09-04 13:00:00+00:00,28.95,30.45
2021-09-04 14:00:00+00:00,29.65,30.5
2021-09-04 15:00:00+00:00,30.025,30.625
2021-09-04 16:00:00+00:00,30.275,30.825000000000003
2021-09-04 17:00:00+00:00,30.525,31.025
2021-09-04 18:00:00+00:00,30.75,31.275000000000002
2021-09-04 19:00:00+00:00,30.725,31.325
2021-09-04 20:00:00+00:00,30.799999999999997,31.749999999999996
2021-09-04 21:00:00+00:00,30.775,32.125
2021-09-04 22:00:00+00:00,30.775,32.275000000000006
2021-09-04 23:00:00+00:00,30.525,32.075
2021-09-05 00:00:00+00:00,,
2021-09-05 01:00:00+00:00,29.9,31.9
2021-09-05 02:00:00+00:00,29.675,31.799999999999997
2021-09-05 03:00:00+00:00,29.475,31.7
2021-09-05 04:00:00+00:00,29.425,31.575
2021-09-05 05:00:00+00:00,29.025,31.375
2021-09-05 06:00:00+00:00,28.9,31.25
2021-09-05 07:00:00+00:00,28.650000000000002,31.125
2021-09-05 08:00:00+00:00,28.475,30.825000000000003
2021-09-05 09:00:00+00:00,28.325,30.625
2021-09-05 10:00:00+00:00,28.175,30.625
2021-09-05 11:00:00+00:00,28.049999999999997,30.525
2021-09-05 12:00:00+00:00,27.85,30.450000000000003
2021-09-05 13:00:00+00:00,27.925,30.424999999999997
2021-09-05 14:00:00+00:00,28.175,30.275
2021-09-05 15:00:00+00:00,28.925,30.375
2021-09-05 16:00:00+00:00,29.475,30.55
2021-09-05 17:00:00+00:00,29.85,30.799999999999997
2021-09-05 18:00:00+00:00,30.425,31.15
2021-09-05 19:00:00+00:00,30.95,31.325000000000003
2021-09-05 20:00:00+00:00,31.1,31.8
2021-09-05 21:00:00+00:00,30.849999999999998,32.25
2021-09-05 22:00:00+00:00,30.725,32.25
2021-09-05 23:00:00+00:00,30.425,32.425
2021-09-06 00:00:00+00:00,30.1,32.225
2021-09-06 01:00:00+00:00,29.6,31.95
2021-09-06 02:00:00+00:00,29.175,31.875
2021-09-06 03:00:00+00:00,29.025,31.800000000000004
2021-09-06 04:00:00+00:00,28.95,31.625
2021-09-06 05:00:00+00:00,28.925,31.549999999999997
2021-09-06 06:00:00+00:00,28.849999999999998,31.375
2021-09-06 07:00:00+00:00,28.700000000000003,31.175
2021-09-06 08:00:00+00:00,28.525,31.075
2021-09-06 09:00:00+00:00,28.575,30.849999999999998
2021-09-06 10:00:00+00:00,28.174999999999997,30.775
2021-09-06 11:00:00+00:00,27.575,30.674999999999997
2021-09-06 12:00:00+00:00,26.375,30.625
2021-09-06 13:00:00+00:00,26.299999999999997,30.525
2021-09-06 14:00:00+00:00,27.224999999999998,30.349999999999998
2021-09-06 15:00:00+00:00,28.075,30.45
2021-09-06 16:00:00+00:00,28.675,30.6
2021-09-06 17:00:00+00:00,29.25,30.85
2021-09-06 18:00:00+00:00,29.825000000000003,31.300000000000004
2021-09-06 19:00:00+00:00,30.475,31.825000000000003
2021-09-06 20:00:00+00:00,31.275000000000002,32.35
2021-09-06 21:00:00+00:00,31.15,32.6
2021-09-06 22:00:00+00:00,31.075,32.900000000000006
2021-09-06 23:00:00+00:00,31.05,33.1
2021-09-07 00:00:00+00:00,30.6,33.025000000000006
2021-09-07 01:00:00+00:00,30.125,32.7
2021-09-07 02:00:00+00:00,29.75,32.475
2021-09-07 03:00:00+00:00,29.6,32.325
2021-09-07 04:00:00+00:00,29.45,32.3
2021-09-07 05:00:00+00:00,29.200000000000003,32.099999999999994
2021-09-07 06:00:00+00:00,29.2,31.925
2021-09-07 07:00:00+00:00,29.0,31.75
2021-09-07 08:00:00+00:00,28.575,31.550000000000004
2021-09-07 09:00:00+00:00,28.375,31.474999999999998
2021-09-07 10:00:00+00:00,27.724999999999998,31.349999999999998
2021-09-07 11:00:00+00:00,27.5,31.275
2021-09-07 12:00:00+00:00,27.075,31.15
2021-09-07 13:00:00+00:00,27.174999999999997,30.974999999999998
2021-09-07 14:00:00+00:00,28.349999999999998,30.975
2021-09-07 15:00:00+00:00,28.525,30.925
2021-09-07 16:00:00+00:00,29.174999999999997,31.325
2021-09-07 17:00:00+00:00,29.799999999999997,31.45
2021-09-07 18:00:00+00:00,30.05,31.525
2021-09-07 19:00:00+00:00,30.625,31.75
2021-09-07 20:00:00+00:00,30.65,31.799999999999997
2021-09-07 21:00:00+00:00,30.55,31.725
2021-09-07 22:00:00+00:00,30.225,31.9
2021-09-07 23:00:00+00:00,29.900000000000002,32.050000000000004
2021-09-08 00:00:00+00:00,29.5,32.0
2021-09-08 01:00:00+00:00,29.25,31.625
2021-09-08 02:00:00+00:00,28.875,31.700000000000003
2021-09-08 03:00:00+00:00,28.775,31.45
2021-09-08 04:00:00+00:00,28.85,31.15
2021-09-08 05:00:00+00:00,28.7,31.1
2021-09-08 06:00:00+00:00,28.35,31.1
2021-09-08 07:00:00+00:00,27.925,30.925
2021-09-08 08:00:00+00:00,27.625,30.65
2021-09-08 09:00:00+00:00,26.549999999999997,30.375
2021-09-08 10:00:00+00:00,26.674999999999997,30.174999999999997
2021-09-08 11:00:00+00:00,26.324999999999996,30.025
2021-09-08 12:00:00+00:00,26.1,29.75
2021-09-08 13:00:00+00:00,26.6,29.6
2021-09-08 14:00:00+00:00,27.624999999999996,29.5
2021-09-08 15:00:00+00:00,28.424999999999997,29.849999999999998
2021-09-08 16:00:00+00:00,28.549999999999997,30.05
2021-09-08 17:00:00+00:00,29.375,30.475
2021-09-08 18:00:00+00:00,30.300000000000004,30.85
2021-09-08 19:00:00+00:00,30.375,31.224999999999998
2021-09-08 20:00:00+00:00,30.700000000000003,31.950000000000003
2021-09-08 21:00:00+00:00,30.450000000000003,32.225
2021-09-08 22:00:00+00:00,30.15,32.35
2021-09-08 23:00:00+00:00,30.025,32.3
2021-09-09 00:00:00+00:00,29.624999999999996,32.325
2021-09-09 01:00:00+00:00,28.8,32.1
2021-09-09 02:00:00+00:00,28.349999999999998,31.85
2021-09-09 03:00:00+00:00,28.2,31.625
2021-09-09 04:00:00+00:00,28.175000000000004,31.425
2021-09-09 05:00:00+00:00,27.725,31.200000000000003
2021-09-09 06:00:00+00:00,27.575,31.0
2021-09-09 07:00:00+00:00,26.85,30.775
2021-09-09 08:00:00+00:00,25.75,30.700000000000003
2021-09-09 09:00:00+00:00,24.75,30.424999999999997
2021-09-09 10:00:00+00:00,24.424999999999997,30.175
2021-09-09 11:00:00+00:00,24.225,30.0
2021-09-09 12:00:00+00:00,24.0,29.675
2021-09-09 13:00:00+00:00,24.35,29.125
2021-09-09 14:00:00+00:00,25.65,29.000000000000004
2021-09-09 15:00:00+00:00,27.275000000000002,29.25
2021-09-09 16:00:00+00:00,28.75,29.475
2021-09-09 17:00:00+00:00,29.975,29.75
2021-09-09 18:00:00+00:00,30.166666666666668,30.066666666666666
2021-09-09 19:00:00+00:00,31.725,30.775
2021-09-09 20:00:00+00:00,32.5,31.174999999999997
2021-09-09 21:00:00+00:00,32.5,31.425
2021-09-09 22:00:00+00:00,32.4,31.650000000000006
2021-09-09 23:00:00+00:00,31.400000000000002,31.975
2021-09-10 00:00:00+00:00,30.825,31.925000000000004
2021-09-10 01:00:00+00:00,29.974999999999998,31.875
2021-09-10 02:00:00+00:00,29.525,31.725
2021-09-10 03:00:00+00:00,29.35,31.575
2021-09-10 04:00:00+00:00,28.950000000000003,31.400000000000002
2021-09-10 05:00:00+00:00,28.65,31.125
2021-09-10 06:00:00+00:00,28.45,30.8
2021-09-10 07:00:00+00:00,28.549999999999997,30.8
2021-09-10 08:00:00+00:00,28.0,30.6
2021-09-10 09:00:00+00:00,27.375,30.450000000000003
2021-09-10 10:00:00+00:00,27.025000000000002,30.275
2021-09-10 11:00:00+00:00,26.1,30.25
2021-09-10 12:00:00+00:00,25.8,30.099999999999998
2021-09-10 13:00:00+00:00,26.25,29.775
2021-09-10 14:00:00+00:00,27.275,29.525000000000002
2021-09-10 15:00:00+00:00,28.225,29.700000000000003
2021-09-10 16:00:00+00:00,29.2,30.025
2021-09-10 17:00:00+00:00,29.95,30.400000000000002
2021-09-10 18:00:00+00:00,30.225,30.799999999999997
2021-09-10 19:00:00+00:00,30.325,31.075000000000003
2021-09-10 20:00:00+00:00,30.35,31.3
2021-09-10 21:00:00+00:00,30.175,31.4
2021-09-10 22:00:00+00:00,29.8,31.45
2021-09-10 23:00:00+00:00,29.375,31.275
2021-09-11 00:00:00+00:00,28.875000000000004,31.025000000000002
2021-09-11 01:00:00+00:00,28.124999999999996,30.75
2021-09-11 02:00:00+00:00,27.625,30.575000000000003
2021-09-11 03:00:00+00:00,27.375,30.35
2021-09-11 04:00:00+00:00,27.1,30.15
2021-09-11 05:00:00+00:00,26.825,29.925
2021-09-11 06:00:00+00:00,26.35,29.9
2021-09-11 07:00:00+00:00,26.05,29.75
2021-09-11 08:00:00+00:00,25.975,29.65
2021-09-11 09:00:00+00:00,25.7,29.275000000000002
2021-09-11 10:00:00+00:00,25.05,29.15
2021-09-11 11:00:00+00:00,24.474999999999998,28.9
2021-09-11 12:00:00+00:00,23.85,28.599999999999998
2021-09-11 13:00:00+00:00,24.1,28.275
2021-09-11 14:00:00+00:00,25.425,28.225
2021-09-11 15:00:00+00:00,26.6,28.325000000000003
2021-09-11 16:00:00+00:00,27.775,28.474999999999998
2021-09-11 17:00:00+00:00,28.65,28.849999999999998
2021-09-11 18:00:00+00:00,29.125,29.175
2021-09-11 19:00:00+00:00,29.25,29.525
2021-09-11 20:00:00+00:00,28.65,29.775
2021-09-11 21:00:00+00:00,28.85,29.949999999999996
2021-09-11 22:00:00+00:00,28.550000000000004,29.9
2021-09-11 23:00:00+00:00,28.275000000000002,29.775
2021-09-12 00:00:00+00:00,28.025,29.7
2021-09-12 01:00:00+00:00,27.549999999999997,29.6
2021-09-12 02:00:00+00:00,27.25,29.45
2021-09-12 03:00:00+00:00,26.8,29.35
2021-09-12 04:00:00+00:00,26.5,28.53333333333333
2021-09-12 05:00:00+00:00,27.1,29.175
2021-09-12 06:00:00+00:00,26.35,29.05
2021-09-12 07:00:00+00:00,26.375,28.924999999999997
2021-09-12 08:00:00+00:00,26.1,28.9
2021-09-12 09:00:00+00:00,26.325,28.95
2021-09-12 10:00:00+00:00,26.2,29.05
2021-09-12 11:00:00+00:00,25.55,28.95
2021-09-12 12:00:00+00:00,26.575,28.875
2021-09-12 13:00:00+00:00,26.075000000000003,28.650000000000002
2021-09-12 14:00:00+00:00,26.5,28.449999999999996
2021-09-12 15:00:00+00:00,26.4,28.5
2021-09-12 16:00:00+00:00,27.05,28.5
2021-09-12 17:00:00+00:00,27.85,28.625
2021-09-12 18:00:00+00:00,28.849999999999998,28.775
2021-09-12 19:00:00+00:00,28.775,28.999999999999996
2021-09-12 20:00:00+00:00,28.800000000000004,29.025
2021-09-12 21:00:00+00:00,28.525000000000002,29.049999999999997
2021-09-12 22:00:00+00:00,27.65,29.025
2021-09-12 23:00:00+00:00,27.700000000000003,28.975
2021-09-13 00:00:00+00:00,27.25,28.975
2021-09-13 01:00:00+00:00,26.625,28.85
2021-09-13 02:00:00+00:00,26.525,28.750000000000004
2021-09-13 03:00:00+00:00,26.625,28.6
2021-09-13 04:00:00+00:00,26.625,28.45
2021-09-13 05:00:00+00:00,26.9,28.45
2021-09-13 06:00:00+00:00,27.25,28.375
2021-09-13 07:00:00+00:00,26.7,28.375
2021-09-13 08:00:00+00:00,26.700000000000003,28.325
2021-09-13 09:00:00+00:00,26.75,28.3
2021-09-13 10:00:00+00:00,25.75,28.125
2021-09-13 11:00:00+00:00,25.95,28.049999999999997
2021-09-13 12:00:00+00:00,25.15,27.975
2021-09-13 13:00:00+00:00,24.75,27.975
2021-09-13 14:00:00+00:00,24.325000000000003,27.825
2021-09-13 15:00:00+00:00,25.000000000000004,27.7
2021-09-13 16:00:00+00:00,25.1,27.725
2021-09-13 17:00:00+00:00,25.424999999999997,27.75
2021-09-13 18:00:00+00:00,25.5,27.8
2021-09-13 19:00:00+00:00,26.275,27.874999999999996
2021-09-13 20:00:00+00:00,25.5,27.975
2021-09-13 21:00:00+00:00,24.900000000000002,27.975
2021-09-13 22:00:00+00:00,24.5,27.950000000000003
2021-09-13 23:00:00+00:00,23.275,27.75
2021-09-14 00:00:00+00:00,22.975,27.5
2021-09-14 01:00:00+00:00,23.025000000000002,27.200000000000003
2021-09-14 02:00:00+00:00,23.133333333333336,26.433333333333334
2021-09-14 03:00:00+00:00,23.200000000000003,26.775000000000002
2021-09-14 04:00:00+00:00,22.925,26.4
2021-09-14 05:00:00+00:00,22.875,26.175
2021-09-14 06:00:00+00:00,22.700000000000003,25.925
2021-09-14 07:00:00+00:00,22.950000000000003,25.674999999999997
2021-09-14 08:00:00+00:00,22.825,25.5
2021-09-14 09:00:00+00:00,22.775,25.4
2021-09-14 10:00:00+00:00,22.325,25.25
2021-09-14 11:00:00+00:00,22.325000000000003,25.175
2021-09-14 12:00:00+00:00,22.3,25.2
2021-09-14 13:00:00+00:00,22.25,25.05
2021-09-14 14:00:00+00:00,22.925,25.1
2021-09-14 15:00:00+00:00,24.475,25.15
2021-09-14 16:00:00+00:00,25.25,25.375
2021-09-14 17:00:00+00:00,26.125,25.650000000000002
2021-09-14 18:00:00+00:00,26.85,25.975
2021-09-14 19:00:00+00:00,27.8,26.450000000000003
2021-09-14 20:00:00+00:00,28.4,26.9
2021-09-14 21:00:00+00:00,28.9,27.25
2021-09-14 22:00:00+00:00,28.875000000000004,27.5
2021-09-14 23:00:00+00:00,28.825,27.85
2021-09-15 00:00:00+00:00,27.900000000000002,27.875
2021-09-15 01:00:00+00:00,26.525,27.825000000000003
2021-09-15 02:00:00+00:00,25.924999999999997,27.45
2021-09-15 03:00:00+00:00,25.599999999999998,27.424999999999997
2021-09-15 04:00:00+00:00,24.9,27.275
2021-09-15 05:00:00+00:00,24.3,27.125
2021-09-15 06:00:00+00:00,23.6,27.049999999999997
2021-09-15 07:00:00+00:00,23.25,27.025
2021-09-15 08:00:00+00:00,22.875,26.925
2021-09-15 09:00:00+00:00,22.775,26.900000000000002
2021-09-15 10:00:00+00:00,22.75,26.925
2021-09-15 11:00:00+00:00,22.875,26.875
2021-09-15 12:00:00+00:00,22.974999999999998,26.975
2021-09-15 13:00:00+00:00,23.174999999999997,26.85
2021-09-15 14:00:00+00:00,23.475,26.775
2021-09-15 15:00:00+00:00,23.85,26.75
2021-09-15 16:00:00+00:00,24.275000000000002,26.8
2021-09-15 17:00:00+00:00,24.725,26.775
2021-09-15 18:00:00+00:00,25.35,26.9
2021-09-15 19:00:00+00:00,26.075,27.049999999999997
2021-09-15 20:00:00+00:00,26.475,27.125
2021-09-15 21:00:00+00:00,26.674999999999997,27.325000000000003
2021-09-15 22:00:00+00:00,26.825000000000003,27.424999999999997
2021-09-15 23:00:00+00:00,27.0,27.525000000000002
2021-09-16 00:00:00+00:00,26.9,27.5
2021-09-16 01:00:00+00:00,26.525,27.475
2021-09-16 02:00:00+00:00,26.3,27.425
2021-09-16 03:00:00+00:00,25.974999999999998,27.35
2021-09-16 04:00:00+00:00,25.4,27.325000000000003
2021-09-16 05:00:00+00:00,24.799999999999997,27.299999999999997
2021-09-16 06:00:00+00:00,24.275,27.224999999999998
2021-09-16 07:00:00+00:00,23.375,27.2
2021-09-16 08:00:00+00:00,23.275,27.175
2021-09-16 09:00:00+00:00,23.275,27.05
2021-09-16 10:00:00+00:00,23.1,26.975
2021-09-16 11:00:00+00:00,22.825,27.200000000000003
2021-09-16 12:00:00+00:00,22.625,27.25
2021-09-16 13:00:00+00:00,22.625,27.275
2021-09-16 14:00:00+00:00,23.650000000000002,27.15
2021-09-16 15:00:00+00:00,24.5,27.075
2021-09-16 16:00:00+00:00,25.633333333333336,27.333333333333332
2021-09-16 17:00:00+00:00,26.53333333333333,27.5
2021-09-16 18:00:00+00:00,27.333333333333332,27.666666666666668
2021-09-16 19:00:00+00:00,28.033333333333335,28.03333333333333
2021-09-16 20:00:00+00:00,28.6,28.1
2021-09-16 21:00:00+00:00,29.075000000000003,28.075
2021-09-16 22:00:00+00:00,28.375000000000004,28.200000000000003
2021-09-16 23:00:00+00:00,28.125,29.025
2021-09-17 00:00:00+00:00,27.7,28.925
2021-09-17 01:00:00+00:00,27.275,28.825
2021-09-17 02:00:00+00:00,26.95,28.674999999999997
2021-09-17 03:00:00+00:00,26.925,28.549999999999997
2021-09-17 04:00:00+00:00,26.85,28.475
2021-09-17 05:00:00+00:00,26.349999999999998,28.275
2021-09-17 06:00:00+00:00,26.174999999999997,28.275
2021-09-17 07:00:00+00:00,26.175,28.325
2021-09-17 08:00:00+00:00,26.125,28.35
2021-09-17 09:00:00+00:00,25.900000000000002,28.3
2021-09-17 10:00:00+00:00,25.65,28.275
2021-09-17 11:00:00+00:00,25.200000000000003,28.3
2021-09-17 12:00:00+00:00,24.775000000000002,28.325
2021-09-17 13:00:00+00:00,25.325000000000003,28.199999999999996
2021-09-17 14:00:00+00:00,26.725,28.175
2021-09-17 15:00:00+00:00,27.450000000000003,28.174999999999997
2021-09-17 16:00:00+00:00,27.549999999999997,28.3
2021-09-17 17:00:00+00:00,27.925,28.6
2021-09-17 18:00:00+00:00,28.4,28.9
2021-09-17 19:00:00+00:00,29.125,29.575
2021-09-17 20:00:00+00:00,29.224999999999998,29.724999999999998
2021-09-17 21:00:00+00:00,29.4,30.125
2021-09-17 22:00:00+00:00,29.55,29.925000000000004
2021-09-17 23:00:00+00:00,29.75,29.8
2021-09-18 00:00:00+00:00,29.55,30.200000000000003
2021-09-18 01:00:00+00:00,28.675,30.275
2021-09-18 02:00:00+00:00,28.275,30.450000000000003
2021-09-18 03:00:00+00:00,28.0,30.275000000000002
2021-09-18 04:00:00+00:00,27.775,30.1
2021-09-18 05:00:00+00:00,27.65,29.95
2021-09-18 06:00:00+00:00,27.450000000000003,29.8
2021-09-18 07:00:00+00:00,27.424999999999997,29.674999999999997
2021-09-18 08:00:00+00:00,27.375,29.55
2021-09-18 09:00:00+00:00,27.125,29.699999999999996
2021-09-18 10:00:00+00:00,26.674999999999997,29.65
2021-09-18 11:00:00+00:00,25.674999999999997,29.45
2021-09-18 12:00:00+00:00,25.525000000000002,29.325000000000003
2021-09-18 13:00:00+00:00,25.799999999999997,29.174999999999997
2021-09-18 14:00:00+00:00,26.724999999999998,29.099999999999998
2021-09-18 15:00:00+00:00,27.625,29.125
2021-09-18 16:00:00+00:00,28.475,29.325
2021-09-18 17:00:00+00:00,28.700000000000003,29.475
2021-09-18 18:00:00+00:00,29.825,29.875
2021-09-18 19:00:00+00:00,29.95,30.225
2021-09-18 20:00:00+00:00,31.025000000000002,30.799999999999997
2021-09-18 21:00:00+00:00,29.525000000000002,30.625
2021-09-18 22:00:00+00:00,27.725,31.075000000000003
2021-09-18 23:00:00+00:00,27.574999999999996,31.300000000000004
