dateAndTime,packeryATP_lighthouse,npsbiWTP_lighthouse
10-01-2024 0000,28.6,31.0
10-01-2024 0100,27.9,31.0
10-01-2024 0200,27.7,30.7
10-01-2024 0300,27.7,30.3
10-01-2024 0400,27.6,30.1
10-01-2024 0500,27.3,29.8
10-01-2024 0600,27.0,29.6
10-01-2024 0700,27.1,29.4
10-01-2024 0800,26.7,29.2
10-01-2024 0900,26.6,29.0
10-01-2024 1000,26.3,28.9
10-01-2024 1100,26.5,28.7
10-01-2024 1200,26.6,28.5
10-01-2024 1300,26.2,28.3
10-01-2024 1400,26.3,28.2
10-01-2024 1500,27.2,28.3
10-01-2024 1600,27.8,28.4
10-01-2024 1700,27.9,28.8
10-01-2024 1800,29.0,29.2
10-01-2024 1900,28.8,29.6
10-01-2024 2000,28.8,29.9
10-01-2024 2100,29.1,30.2
10-01-2024 2200,29.3,30.3
10-01-2024 2300,29.3,30.2
10-02-2024 0000,28.8,30.3
10-02-2024 0100,27.9,30.4
10-02-2024 0200,27.8,30.3
10-02-2024 0300,27.7,30.2
10-02-2024 0400,27.5,29.9
10-02-2024 0500,27.2,29.6
10-02-2024 0600,27.4,29.5
10-02-2024 0700,24.7,29.4
10-02-2024 0800,24.7,29.3
10-02-2024 0900,24.3,28.9
10-02-2024 1000,24.0,28.8
10-02-2024 1100,24.3,28.7
10-02-2024 1200,24.6,28.5
10-02-2024 1300,24.8,28.3
10-02-2024 1400,25.2,28.3
10-02-2024 1500,-999.0,-999.0
10-02-2024 1600,27.8,28.5
10-02-2024 1700,28.4,28.7
10-02-2024 1800,28.6,28.9
10-02-2024 1900,29.6,29.3
10-02-2024 2000,29.3,29.6
10-02-2024 2100,29.4,29.9
10-02-2024 2200,29.2,30.0
10-02-2024 2300,29.2,30.1
10-03-2024 0000,28.6,30.1
10-03-2024 0100,27.9,29.9
10-03-2024 0200,27.9,29.7
10-03-2024 0300,27.8,29.5
10-03-2024 0400,27.8,29.2
10-03-2024 0500,27.5,29.0
10-03-2024 0600,27.5,28.9
10-03-2024 0700,27.3,28.7
10-03-2024 0800,27.0,28.5
10-03-2024 0900,26.8,28.3
10-03-2024 1000,26.6,28.2
10-03-2024 1100,25.4,28.1
10-03-2024 1200,24.7,28.2
10-03-2024 1300,24.2,28.2
10-03-2024 1400,25.1,28.1
10-03-2024 1500,26.5,28.1
10-03-2024 1600,27.1,28.4
10-03-2024 1700,28.5,28.7
10-03-2024 1800,28.7,29.0
10-03-2024 1900,28.6,29.3
10-03-2024 2000,28.4,29.4
10-03-2024 2100,28.7,29.4
10-03-2024 2200,28.8,29.5
10-03-2024 2300,28.8,29.5
10-04-2024 0000,28.6,29.4
10-04-2024 0100,28.0,29.2
10-04-2024 0200,28.1,28.9
10-04-2024 0300,28.3,28.7
10-04-2024 0400,28.2,28.4
10-04-2024 0500,28.3,28.3
10-04-2024 0600,28.0,28.3
10-04-2024 0700,27.8,28.2
10-04-2024 0800,27.8,28.2
10-04-2024 0900,26.5,28.2
10-04-2024 1000,26.8,28.0
10-04-2024 1100,26.6,27.9
10-04-2024 1200,26.7,27.7
10-04-2024 1300,26.2,27.7
10-04-2024 1400,26.3,27.6
10-04-2024 1500,26.5,27.7
10-04-2024 1600,26.5,27.6
10-04-2024 1700,26.1,27.5
10-04-2024 1800,25.0,27.4
10-04-2024 1900,25.4,27.4
10-04-2024 2000,28.1,27.4
10-04-2024 2100,27.8,27.5
10-04-2024 2200,27.6,27.6
10-04-2024 2300,28.1,27.6
10-05-2024 0000,27.6,27.6
10-05-2024 0100,26.9,27.5
10-05-2024 0200,27.1,27.5
10-05-2024 0300,27.1,27.4
10-05-2024 0400,27.2,27.4
10-05-2024 0500,27.4,27.3
10-05-2024 0600,27.4,27.3
10-05-2024 0700,26.0,27.2
10-05-2024 0800,27.0,27.1
10-05-2024 0900,27.2,27.1
10-05-2024 1000,27.2,27.1
10-05-2024 1100,27.1,27.1
10-05-2024 1200,26.7,26.9
10-05-2024 1300,26.7,26.9
10-05-2024 1400,26.6,27.0
10-05-2024 1500,27.3,26.9
10-05-2024 1600,27.3,27.3
10-05-2024 1700,28.1,27.6
10-05-2024 1800,28.0,27.7
10-05-2024 1900,27.6,27.8
10-05-2024 2000,27.9,28.1
10-05-2024 2100,28.1,28.3
10-05-2024 2200,28.0,28.4
10-05-2024 2300,28.4,28.5
10-06-2024 0000,27.8,28.5
10-06-2024 0100,27.9,28.5
10-06-2024 0200,27.8,28.5
10-06-2024 0300,27.8,28.5
10-06-2024 0400,27.7,28.5
10-06-2024 0500,27.5,28.1
10-06-2024 0600,27.5,27.9
10-06-2024 0700,27.4,27.8
10-06-2024 0800,27.3,27.7
10-06-2024 0900,27.5,27.6
10-06-2024 1000,27.5,27.5
10-06-2024 1100,26.5,27.5
10-06-2024 1200,26.1,27.5
10-06-2024 1300,25.9,27.4
10-06-2024 1400,26.2,27.4
10-06-2024 1500,26.6,27.4
10-06-2024 1600,27.1,27.5
10-06-2024 1700,27.3,27.7
10-06-2024 1800,27.9,27.9
10-06-2024 1900,28.6,28.1
10-06-2024 2000,28.9,28.5
10-06-2024 2100,29.0,28.8
10-06-2024 2200,29.2,29.0
10-06-2024 2300,29.1,29.1
10-07-2024 0000,28.5,29.1
10-07-2024 0100,28.2,29.2
10-07-2024 0200,28.1,29.2
10-07-2024 0300,28.2,29.0
10-07-2024 0400,27.9,28.9
10-07-2024 0500,27.5,28.7
10-07-2024 0600,27.6,28.5
10-07-2024 0700,27.6,28.3
10-07-2024 0800,27.6,28.1
10-07-2024 0900,25.8,27.9
10-07-2024 1000,25.3,27.8
10-07-2024 1100,25.0,27.7
10-07-2024 1200,25.7,27.6
10-07-2024 1300,24.3,27.5
10-07-2024 1400,24.5,27.4
10-07-2024 1500,26.7,27.4
10-07-2024 1600,26.7,27.5
10-07-2024 1700,27.5,27.7
10-07-2024 1800,28.3,27.9
10-07-2024 1900,29.1,28.3
10-07-2024 2000,29.7,28.5
10-07-2024 2100,29.4,28.7
10-07-2024 2200,29.1,28.9
10-07-2024 2300,29.2,29.0
10-08-2024 0000,28.5,29.1
10-08-2024 0100,28.2,29.2
10-08-2024 0200,28.1,29.0
10-08-2024 0300,28.1,28.7
10-08-2024 0400,28.1,28.5
10-08-2024 0500,27.6,28.2
10-08-2024 0600,26.7,28.0
10-08-2024 0700,24.7,27.8
10-08-2024 0800,23.7,27.6
10-08-2024 0900,23.1,27.5
10-08-2024 1000,23.2,27.4
10-08-2024 1100,22.9,27.3
10-08-2024 1200,22.5,27.2
10-08-2024 1300,22.8,27.0
10-08-2024 1400,24.0,26.9
10-08-2024 1500,25.9,26.9
10-08-2024 1600,27.5,27.0
10-08-2024 1700,28.0,27.2
10-08-2024 1800,28.4,27.5
10-08-2024 1900,29.6,27.9
10-08-2024 2000,29.1,28.2
10-08-2024 2100,29.2,28.4
10-08-2024 2200,29.0,28.7
10-08-2024 2300,28.8,28.8
10-09-2024 0000,27.9,28.7
10-09-2024 0100,27.1,28.8
10-09-2024 0200,27.1,28.7
10-09-2024 0300,26.9,28.6
10-09-2024 0400,26.9,28.5
10-09-2024 0500,26.3,28.2
10-09-2024 0600,26.0,27.9
10-09-2024 0700,26.3,27.8
10-09-2024 0800,26.2,27.8
10-09-2024 0900,26.2,27.7
10-09-2024 1000,26.1,27.6
10-09-2024 1100,26.3,27.5
10-09-2024 1200,25.7,27.4
10-09-2024 1300,26.2,27.2
10-09-2024 1400,26.2,27.1
10-09-2024 1500,26.3,27.0
10-09-2024 1600,26.2,27.2
10-09-2024 1700,26.4,27.4
10-09-2024 1800,26.8,27.6
10-09-2024 1900,27.2,27.7
10-09-2024 2000,27.5,28.0
10-09-2024 2100,27.9,28.1
10-09-2024 2200,27.4,28.2
10-09-2024 2300,27.4,28.3
10-10-2024 0000,26.2,28.4
10-10-2024 0100,25.9,28.3
10-10-2024 0200,25.9,28.2
10-10-2024 0300,26.0,28.1
10-10-2024 0400,25.7,28.0
10-10-2024 0500,26.1,27.9
10-10-2024 0600,25.3,27.8
10-10-2024 0700,24.8,27.6
10-10-2024 0800,23.3,27.5
10-10-2024 0900,21.7,27.3
10-10-2024 1000,21.5,27.1
10-10-2024 1100,21.9,26.9
10-10-2024 1200,22.3,26.7
10-10-2024 1300,22.2,26.7
10-10-2024 1400,23.2,26.7
10-10-2024 1500,24.1,26.7
10-10-2024 1600,25.8,26.9
10-10-2024 1700,26.4,27.1
10-10-2024 1800,26.8,27.5
10-10-2024 1900,27.3,27.9
10-10-2024 2000,27.9,28.2
10-10-2024 2100,27.9,28.7
10-10-2024 2200,27.8,28.9
10-10-2024 2300,27.6,28.8
10-11-2024 0000,26.9,28.7
10-11-2024 0100,26.4,28.6
10-11-2024 0200,26.2,28.6
10-11-2024 0300,26.2,28.4
10-11-2024 0400,26.2,28.2
10-11-2024 0500,26.0,28.0
10-11-2024 0600,25.8,27.8
10-11-2024 0700,25.7,27.7
10-11-2024 0800,26.3,27.5
10-11-2024 0900,26.1,27.4
10-11-2024 1000,25.9,27.2
10-11-2024 1100,25.8,27.1
10-11-2024 1200,25.6,26.9
10-11-2024 1300,25.6,26.7
10-11-2024 1400,27.0,26.7
10-11-2024 1500,26.9,26.7
10-11-2024 1600,26.9,27.0
10-11-2024 1700,27.0,27.3
10-11-2024 1800,27.4,27.6
10-11-2024 1900,27.5,27.8
10-11-2024 2000,27.7,28.2
10-11-2024 2100,27.7,28.4
10-11-2024 2200,27.7,28.6
10-11-2024 2300,28.0,28.7
10-12-2024 0000,27.3,28.9
10-12-2024 0100,26.8,28.9
10-12-2024 0200,26.5,28.6
10-12-2024 0300,26.4,28.3
10-12-2024 0400,26.4,28.2
10-12-2024 0500,26.4,28.1
10-12-2024 0600,26.0,28.0
10-12-2024 0700,26.1,27.9
10-12-2024 0800,25.9,27.7
10-12-2024 0900,25.6,27.6
10-12-2024 1000,25.4,27.5
10-12-2024 1100,25.7,27.3
10-12-2024 1200,25.6,27.0
10-12-2024 1300,23.7,26.9
10-12-2024 1400,24.8,26.9
10-12-2024 1500,25.2,27.0
10-12-2024 1600,26.6,27.3
10-12-2024 1700,27.6,27.7
10-12-2024 1800,28.5,28.1
10-12-2024 1900,27.9,28.5
10-12-2024 2000,28.0,28.8
10-12-2024 2100,28.0,28.7
10-12-2024 2200,28.2,28.9
10-12-2024 2300,27.8,29.0
10-13-2024 0000,27.0,29.1
10-13-2024 0100,26.7,28.9
10-13-2024 0200,26.6,28.8
10-13-2024 0300,26.5,28.6
10-13-2024 0400,26.4,28.4
10-13-2024 0500,26.2,28.2
10-13-2024 0600,25.9,28.0
10-13-2024 0700,25.6,27.8
10-13-2024 0800,25.5,27.6
10-13-2024 0900,24.7,27.3
10-13-2024 1000,24.0,27.2
10-13-2024 1100,24.8,27.0
10-13-2024 1200,23.9,26.7
10-13-2024 1300,23.0,26.4
10-13-2024 1400,24.1,26.4
10-13-2024 1500,25.5,26.4
10-13-2024 1600,26.0,26.7
10-13-2024 1700,26.5,26.9
10-13-2024 1800,27.0,27.3
10-13-2024 1900,27.6,27.8
10-13-2024 2000,27.7,28.1
10-13-2024 2100,27.8,28.4
10-13-2024 2200,27.6,28.6
10-13-2024 2300,27.4,28.6
10-14-2024 0000,26.7,28.5
10-14-2024 0100,26.3,28.4
10-14-2024 0200,26.1,28.3
10-14-2024 0300,25.8,28.1
10-14-2024 0400,25.9,27.9
10-14-2024 0500,25.8,27.8
10-14-2024 0600,25.6,27.7
10-14-2024 0700,25.9,27.3
10-14-2024 0800,25.3,27.1
10-14-2024 0900,24.8,26.9
10-14-2024 1000,24.1,26.7
10-14-2024 1100,24.2,26.6
10-14-2024 1200,24.4,26.5
10-14-2024 1300,22.8,26.3
10-14-2024 1400,21.7,26.2
10-14-2024 1500,22.9,26.3
10-14-2024 1600,24.7,26.5
10-14-2024 1700,26.4,27.0
10-14-2024 1800,27.7,27.4
10-14-2024 1900,27.8,28.0
10-14-2024 2000,27.8,28.3
10-14-2024 2100,28.8,28.7
10-14-2024 2200,28.2,28.9
10-14-2024 2300,27.6,28.8
10-15-2024 0000,27.0,28.6
10-15-2024 0100,26.5,28.3
10-15-2024 0200,26.4,28.1
10-15-2024 0300,26.0,28.0
10-15-2024 0400,26.0,27.8
10-15-2024 0500,26.1,27.6
10-15-2024 0600,25.9,27.4
10-15-2024 0700,25.9,27.3
10-15-2024 0800,24.2,27.1
10-15-2024 0900,22.8,27.1
10-15-2024 1000,23.5,26.9
10-15-2024 1100,22.9,26.7
10-15-2024 1200,22.6,26.6
10-15-2024 1300,21.8,26.3
10-15-2024 1400,21.8,26.2
10-15-2024 1500,22.8,26.2
10-15-2024 1600,24.9,26.5
10-15-2024 1700,25.5,26.9
10-15-2024 1800,26.8,27.4
10-15-2024 1900,27.4,27.6
10-15-2024 2000,27.5,28.0
10-15-2024 2100,27.9,28.1
10-15-2024 2200,28.3,28.4
10-15-2024 2300,27.6,28.5
10-16-2024 0000,26.6,28.4
10-16-2024 0100,26.0,28.0
10-16-2024 0200,25.9,27.9
10-16-2024 0300,25.9,27.6
10-16-2024 0400,25.8,27.5
10-16-2024 0500,25.6,27.3
10-16-2024 0600,25.6,27.2
10-16-2024 0700,25.4,27.1
10-16-2024 0800,25.8,27.0
10-16-2024 0900,25.1,26.9
10-16-2024 1000,24.4,26.8
10-16-2024 1100,22.3,26.7
10-16-2024 1200,22.8,26.5
10-16-2024 1300,25.4,26.3
10-16-2024 1400,25.5,26.3
10-16-2024 1500,24.0,26.2
10-16-2024 1600,25.3,25.8
10-16-2024 1700,25.2,25.9
10-16-2024 1800,24.5,25.9
10-16-2024 1900,24.4,25.6
10-16-2024 2000,24.1,25.6
10-16-2024 2100,24.0,25.4
10-16-2024 2200,24.0,25.2
10-16-2024 2300,23.8,24.9
10-17-2024 0000,23.7,24.7
10-17-2024 0100,23.4,24.6
10-17-2024 0200,23.1,24.4
10-17-2024 0300,23.0,24.3
10-17-2024 0400,23.2,24.1
10-17-2024 0500,23.3,23.8
10-17-2024 0600,23.4,23.6
10-17-2024 0700,23.5,23.5
10-17-2024 0800,23.6,23.5
10-17-2024 0900,23.5,23.4
10-17-2024 1000,23.6,23.4
10-17-2024 1100,23.7,23.4
10-17-2024 1200,23.7,23.4
10-17-2024 1300,23.7,23.1
10-17-2024 1400,23.9,23.2
10-17-2024 1500,24.0,23.2
10-17-2024 1600,24.5,23.2
10-17-2024 1700,24.5,22.9
10-17-2024 1800,24.6,22.9
10-17-2024 1900,24.6,22.9
10-17-2024 2000,24.4,23.1
10-17-2024 2100,24.4,23.5
10-17-2024 2200,24.4,23.6
10-17-2024 2300,24.3,23.6
10-18-2024 0000,24.0,23.5
10-18-2024 0100,24.1,23.4
10-18-2024 0200,24.0,23.3
10-18-2024 0300,24.1,23.2
10-18-2024 0400,24.7,23.1
10-18-2024 0500,24.3,22.9
10-18-2024 0600,24.1,22.7
10-18-2024 0700,23.9,22.6
10-18-2024 0800,24.4,22.7
10-18-2024 0900,24.4,22.8
10-18-2024 1000,24.6,22.8
10-18-2024 1100,24.9,22.7
10-18-2024 1200,24.8,22.8
10-18-2024 1300,24.7,22.8
10-18-2024 1400,25.5,22.7
10-18-2024 1500,26.0,22.7
10-18-2024 1600,26.8,22.8
10-18-2024 1700,26.7,23.1
10-18-2024 1800,26.9,23.5
10-18-2024 1900,27.3,23.4
10-18-2024 2000,27.1,23.7
10-18-2024 2100,27.2,24.3
10-18-2024 2200,26.9,24.4
10-18-2024 2300,26.5,24.9
10-19-2024 0000,26.3,25.1
10-19-2024 0100,26.3,24.9
10-19-2024 0200,26.3,24.7
10-19-2024 0300,26.3,24.4
10-19-2024 0400,26.1,24.2
10-19-2024 0500,25.8,24.0
10-19-2024 0600,25.7,23.8
10-19-2024 0700,25.7,23.7
10-19-2024 0800,25.7,23.5
10-19-2024 0900,25.6,23.5
10-19-2024 1000,25.6,23.2
10-19-2024 1100,25.5,23.0
10-19-2024 1200,25.6,22.8
10-19-2024 1300,25.7,22.6
10-19-2024 1400,26.0,22.7
10-19-2024 1500,26.2,22.9
10-19-2024 1600,26.4,23.3
10-19-2024 1700,25.5,23.5
10-19-2024 1800,25.3,23.6
10-19-2024 1900,26.0,23.9
10-19-2024 2000,26.4,24.3
10-19-2024 2100,26.4,24.8
10-19-2024 2200,26.5,25.0
10-19-2024 2300,26.5,25.1
10-20-2024 0000,25.9,25.2
10-20-2024 0100,25.7,25.1
10-20-2024 0200,25.9,25.0
10-20-2024 0300,25.5,24.9
10-20-2024 0400,26.4,24.7
10-20-2024 0500,26.4,24.5
10-20-2024 0600,26.2,24.4
10-20-2024 0700,26.1,24.2
10-20-2024 0800,25.9,24.1
10-20-2024 0900,25.7,24.1
10-20-2024 1000,25.8,24.0
10-20-2024 1100,25.5,23.8
10-20-2024 1200,25.4,23.7
10-20-2024 1300,25.5,23.7
10-20-2024 1400,26.2,23.7
10-20-2024 1500,26.5,23.8
10-20-2024 1600,26.5,24.1
10-20-2024 1700,26.8,24.3
10-20-2024 1800,26.6,24.7
10-20-2024 1900,26.6,25.0
10-20-2024 2000,26.7,25.5
10-20-2024 2100,26.3,25.9
10-20-2024 2200,26.3,26.3
10-20-2024 2300,26.1,26.6
10-21-2024 0000,25.6,26.7
10-21-2024 0100,25.6,26.6
10-21-2024 0200,25.4,26.4
10-21-2024 0300,25.5,26.2
10-21-2024 0400,25.2,25.8
10-21-2024 0500,25.0,25.5
10-21-2024 0600,24.9,25.3
10-21-2024 0700,24.8,25.1
10-21-2024 0800,24.4,25.0
10-21-2024 0900,24.2,24.8
10-21-2024 1000,24.4,24.7
10-21-2024 1100,23.7,24.5
10-21-2024 1200,22.9,24.6
10-21-2024 1300,23.0,24.5
10-21-2024 1400,23.3,24.4
10-21-2024 1500,23.7,24.4
10-21-2024 1600,26.5,24.6
10-21-2024 1700,27.0,24.8
10-21-2024 1800,27.0,25.1
10-21-2024 1900,26.9,25.4
10-21-2024 2000,26.9,25.8
10-21-2024 2100,27.0,26.2
10-21-2024 2200,27.3,26.6
10-21-2024 2300,27.1,26.8
10-22-2024 0000,26.5,26.8
10-22-2024 0100,26.2,26.7
10-22-2024 0200,25.9,26.7
10-22-2024 0300,25.9,26.8
10-22-2024 0400,25.6,26.8
10-22-2024 0500,25.6,26.5
10-22-2024 0600,25.7,26.2
10-22-2024 0700,25.7,25.8
10-22-2024 0800,25.6,25.7
10-22-2024 0900,25.4,25.7
10-22-2024 1000,25.2,25.6
10-22-2024 1100,25.0,25.5
10-22-2024 1200,24.8,25.5
10-22-2024 1300,24.8,25.5
10-22-2024 1400,25.3,25.4
10-22-2024 1500,24.3,25.5
10-22-2024 1600,25.5,25.5
10-22-2024 1700,27.6,25.6
10-22-2024 1800,27.3,25.8
10-22-2024 1900,27.3,26.2
10-22-2024 2000,27.2,26.3
10-22-2024 2100,26.8,26.4
10-22-2024 2200,26.8,26.3
10-22-2024 2300,26.6,26.3
10-23-2024 0000,26.2,26.4
10-23-2024 0100,25.9,26.4
10-23-2024 0200,25.8,26.4
10-23-2024 0300,25.6,26.3
10-23-2024 0400,25.3,26.2
10-23-2024 0500,25.2,26.2
10-23-2024 0600,25.1,26.1
10-23-2024 0700,24.9,26.0
10-23-2024 0800,25.0,25.9
10-23-2024 0900,24.7,25.8
10-23-2024 1000,25.3,25.7
10-23-2024 1100,24.4,25.6
10-23-2024 1200,24.2,25.6
10-23-2024 1300,24.1,25.4
10-23-2024 1400,24.3,25.4
10-23-2024 1500,25.1,25.5
10-23-2024 1600,25.6,25.8
10-23-2024 1700,26.0,26.0
10-23-2024 1800,27.0,26.4
10-23-2024 1900,27.2,26.8
10-23-2024 2000,27.5,27.0
10-23-2024 2100,27.1,27.2
10-23-2024 2200,27.1,27.3
10-23-2024 2300,26.9,27.4
10-24-2024 0000,26.4,27.5
10-24-2024 0100,26.2,27.5
10-24-2024 0200,26.0,27.4
10-24-2024 0300,26.0,27.3
10-24-2024 0400,26.0,27.2
10-24-2024 0500,25.7,27.1
10-24-2024 0600,25.6,26.6
10-24-2024 0700,25.4,26.6
10-24-2024 0800,25.4,26.4
10-24-2024 0900,25.3,26.3
10-24-2024 1000,25.0,26.0
10-24-2024 1100,24.8,26.0
10-24-2024 1200,24.4,25.8
10-24-2024 1300,24.5,25.8
10-24-2024 1400,25.6,25.8
10-24-2024 1500,26.5,25.9
10-24-2024 1600,26.5,26.1
10-24-2024 1700,26.7,26.4
10-24-2024 1800,26.8,26.8
10-24-2024 1900,26.8,27.2
10-24-2024 2000,26.7,27.7
10-24-2024 2100,26.6,27.9
10-24-2024 2200,26.7,27.9
10-24-2024 2300,26.6,27.9
10-25-2024 0000,25.7,27.9
10-25-2024 0100,25.7,27.8
10-25-2024 0200,25.6,27.7
10-25-2024 0300,25.6,27.6
10-25-2024 0400,25.8,27.4
10-25-2024 0500,25.8,27.0
10-25-2024 0600,25.9,26.9
10-25-2024 0700,25.8,26.8
10-25-2024 0800,25.7,26.6
10-25-2024 0900,25.6,26.2
10-25-2024 1000,25.4,26.2
10-25-2024 1100,24.8,26.1
10-25-2024 1200,24.1,26.0
10-25-2024 1300,23.8,25.9
10-25-2024 1400,24.3,25.8
10-25-2024 1500,24.8,25.9
10-25-2024 1600,25.7,26.1
10-25-2024 1700,26.9,26.5
10-25-2024 1800,27.4,27.0
10-25-2024 1900,27.5,27.4
10-25-2024 2000,27.8,27.8
10-25-2024 2100,27.8,27.8
10-25-2024 2200,27.5,28.3
10-25-2024 2300,27.3,28.3
10-26-2024 0000,26.6,28.1
10-26-2024 0100,26.4,27.9
10-26-2024 0200,26.3,27.9
10-26-2024 0300,26.1,27.7
10-26-2024 0400,25.9,27.5
10-26-2024 0500,25.5,27.4
10-26-2024 0600,25.6,27.3
10-26-2024 0700,25.4,27.1
10-26-2024 0800,25.3,27.0
10-26-2024 0900,25.3,26.9
10-26-2024 1000,25.4,26.8
10-26-2024 1100,24.4,26.6
10-26-2024 1200,24.9,26.5
10-26-2024 1300,24.8,26.5
10-26-2024 1400,24.4,26.6
10-26-2024 1500,25.5,26.7
10-26-2024 1600,26.2,26.9
10-26-2024 1700,27.0,27.2
10-26-2024 1800,28.0,27.6
10-26-2024 1900,28.0,27.7
10-26-2024 2000,27.9,28.4
10-26-2024 2100,27.8,28.2
10-26-2024 2200,27.6,28.2
10-26-2024 2300,27.4,28.4
10-27-2024 0000,26.4,28.5
10-27-2024 0100,26.0,28.4
10-27-2024 0200,26.0,28.3
10-27-2024 0300,25.8,28.2
10-27-2024 0400,25.8,28.0
10-27-2024 0500,25.6,27.9
10-27-2024 0600,25.5,27.8
10-27-2024 0700,25.3,27.7
10-27-2024 0800,25.3,27.6
10-27-2024 0900,25.0,27.4
10-27-2024 1000,25.2,27.2
10-27-2024 1100,22.8,27.1
10-27-2024 1200,22.6,26.9
10-27-2024 1300,22.3,26.7
10-27-2024 1400,22.7,26.6
10-27-2024 1500,23.7,26.6
10-27-2024 1600,24.7,26.8
10-27-2024 1700,25.5,27.1
10-27-2024 1800,26.4,27.4
10-27-2024 1900,26.5,27.6
10-27-2024 2000,26.5,27.9
10-27-2024 2100,26.6,28.1
10-27-2024 2200,26.4,28.5
10-27-2024 2300,26.3,28.5
10-28-2024 0000,25.4,28.2
10-28-2024 0100,25.2,28.1
10-28-2024 0200,25.0,27.8
10-28-2024 0300,25.0,27.7
10-28-2024 0400,25.2,27.5
10-28-2024 0500,25.4,27.3
10-28-2024 0600,25.4,27.0
10-28-2024 0700,25.6,26.8
10-28-2024 0800,25.7,26.7
10-28-2024 0900,25.5,26.7
10-28-2024 1000,25.3,26.6
10-28-2024 1100,25.3,26.5
10-28-2024 1200,25.6,26.5
10-28-2024 1300,25.8,26.3
10-28-2024 1400,26.7,26.2
10-28-2024 1500,27.1,26.3
10-28-2024 1600,27.2,26.6
10-28-2024 1700,27.3,27.0
10-28-2024 1800,27.7,27.2
10-28-2024 1900,27.7,27.7
10-28-2024 2000,27.6,27.9
10-28-2024 2100,27.8,28.1
10-28-2024 2200,27.4,28.2
10-28-2024 2300,27.4,28.2
10-29-2024 0000,26.7,27.9
10-29-2024 0100,26.9,27.8
10-29-2024 0200,26.9,27.8
10-29-2024 0300,26.9,27.7
10-29-2024 0400,26.9,27.6
10-29-2024 0500,26.8,27.4
10-29-2024 0600,26.7,27.1
10-29-2024 0700,26.8,27.0
10-29-2024 0800,26.6,26.9
10-29-2024 0900,26.6,26.6
10-29-2024 1000,26.6,26.5
10-29-2024 1100,26.6,26.4
10-29-2024 1200,26.4,26.3
10-29-2024 1300,26.5,26.2
10-29-2024 1400,27.0,26.1
10-29-2024 1500,27.4,26.1
10-29-2024 1600,27.6,26.3
10-29-2024 1700,27.8,26.5
10-29-2024 1800,28.0,26.9
10-29-2024 1900,27.9,27.3
10-29-2024 2000,28.1,27.5
10-29-2024 2100,28.0,27.9
10-29-2024 2200,27.7,28.0
10-29-2024 2300,27.4,27.9
10-30-2024 0000,27.1,27.8
10-30-2024 0100,26.9,27.5
10-30-2024 0200,26.9,27.2
10-30-2024 0300,26.8,27.0
10-30-2024 0400,26.8,26.9
10-30-2024 0500,26.7,26.6
10-30-2024 0600,26.7,26.6
10-30-2024 0700,26.7,26.6
10-30-2024 0800,26.6,26.5
10-30-2024 0900,26.6,26.4
10-30-2024 1000,26.4,26.2
10-30-2024 1100,26.4,26.2
10-30-2024 1200,26.4,26.2
10-30-2024 1300,26.4,26.0
10-30-2024 1400,26.8,26.1
10-30-2024 1500,27.2,26.3
10-30-2024 1600,27.5,26.4
10-30-2024 1700,27.8,26.7
10-30-2024 1800,27.9,27.0
10-30-2024 1900,28.0,27.2
10-30-2024 2000,28.1,27.7
10-30-2024 2100,27.9,28.0
10-30-2024 2200,27.7,28.2
10-30-2024 2300,27.4,28.2
10-31-2024 0000,27.0,28.0
10-31-2024 0100,26.9,27.8
10-31-2024 0200,26.8,27.6
10-31-2024 0300,26.8,27.3
10-31-2024 0400,26.7,27.2
10-31-2024 0500,26.5,27.2
10-31-2024 0600,26.5,27.3
10-31-2024 0700,26.4,27.3
10-31-2024 0800,26.2,27.2
10-31-2024 0900,26.3,27.1
10-31-2024 1000,26.3,27.1
10-31-2024 1100,26.4,27.1
10-31-2024 1200,26.3,27.0
10-31-2024 1300,26.4,26.9
10-31-2024 1400,26.8,26.9
10-31-2024 1500,27.0,26.9
10-31-2024 1600,27.7,27.1
10-31-2024 1700,28.2,27.4
10-31-2024 1800,28.3,27.8
10-31-2024 1900,28.4,28.2
10-31-2024 2000,28.4,28.5
10-31-2024 2100,27.5,28.8
10-31-2024 2200,27.5,28.8
10-31-2024 2300,27.2,28.7
11-01-2024 0000,27.1,28.5
11-01-2024 0100,27.0,28.5
11-01-2024 0200,26.8,28.6
11-01-2024 0300,26.8,28.5
11-01-2024 0400,26.7,28.3
11-01-2024 0500,26.7,28.2
11-01-2024 0600,26.5,28.3
11-01-2024 0700,26.5,28.4
11-01-2024 0800,26.4,28.1
11-01-2024 0900,26.2,28.0
11-01-2024 1000,26.2,27.8
11-01-2024 1100,26.4,27.8
11-01-2024 1200,25.1,27.7
11-01-2024 1300,22.9,27.5
11-01-2024 1400,24.7,27.4
11-01-2024 1500,26.6,27.4
11-01-2024 1600,26.5,27.5
11-01-2024 1700,25.7,27.5
11-01-2024 1800,26.1,27.4
11-01-2024 1900,27.3,27.7
11-01-2024 2000,25.9,27.9
11-01-2024 2100,26.0,28.1
11-01-2024 2200,25.8,28.2
11-01-2024 2300,26.1,28.2
11-02-2024 0000,26.0,28.1
11-02-2024 0100,26.0,28.1
11-02-2024 0200,26.2,28.1
11-02-2024 0300,26.2,27.8
11-02-2024 0400,26.2,27.6
11-02-2024 0500,26.2,27.4
11-02-2024 0600,26.2,27.2
11-02-2024 0700,26.2,27.0
11-02-2024 0800,26.0,26.9
11-02-2024 0900,25.9,26.8
11-02-2024 1000,26.0,26.8
11-02-2024 1100,25.8,26.4
11-02-2024 1200,25.8,26.4
11-02-2024 1300,25.6,26.3
11-02-2024 1400,26.4,26.3
11-02-2024 1500,27.0,26.4
11-02-2024 1600,27.4,26.5
11-02-2024 1700,27.6,27.1
11-02-2024 1800,27.8,27.4
11-02-2024 1900,27.7,28.0
11-02-2024 2000,27.8,28.2
11-02-2024 2100,27.8,28.4
11-02-2024 2200,27.6,28.5
11-02-2024 2300,27.4,28.4
11-03-2024 0000,27.0,28.2
11-03-2024 0100,26.9,28.1
11-03-2024 0200,26.7,28.0
11-03-2024 0300,26.7,28.0
11-03-2024 0400,26.6,27.6
11-03-2024 0500,26.5,27.5
11-03-2024 0600,26.5,27.3
11-03-2024 0700,26.5,27.1
11-03-2024 0800,26.4,27.0
11-03-2024 0900,26.3,26.8
11-03-2024 1000,26.2,26.7
11-03-2024 1100,26.2,26.7
11-03-2024 1200,26.2,26.7
11-03-2024 1300,26.2,26.5
11-03-2024 1400,26.6,26.4
11-03-2024 1500,26.9,26.6
11-03-2024 1600,27.1,26.7
11-03-2024 1700,27.4,27.0
11-03-2024 1800,27.6,27.3
11-03-2024 1900,27.6,27.5
11-03-2024 2000,27.7,27.7
11-03-2024 2100,27.5,27.9
11-03-2024 2200,27.4,27.8
11-03-2024 2300,27.1,27.8
11-04-2024 0000,27.0,27.5
11-04-2024 0100,26.8,27.3
11-04-2024 0200,26.8,27.2
11-04-2024 0300,26.8,27.0
11-04-2024 0400,26.8,27.0
11-04-2024 0500,26.8,26.9
11-04-2024 0600,26.8,26.8
11-04-2024 0700,26.8,26.8
11-04-2024 0800,26.8,26.7
11-04-2024 0900,27.0,26.5
11-04-2024 1000,27.1,26.5
11-04-2024 1100,27.1,26.7
11-04-2024 1200,27.1,26.6
11-04-2024 1300,27.1,26.5
11-04-2024 1400,27.4,26.5
11-04-2024 1500,27.4,26.3
11-04-2024 1600,27.9,26.6
11-04-2024 1700,28.0,26.7
11-04-2024 1800,28.3,26.8
11-04-2024 1900,28.4,27.2
11-04-2024 2000,28.1,27.4
11-04-2024 2100,28.3,27.5
11-04-2024 2200,28.0,27.6
11-04-2024 2300,27.7,27.6
11-05-2024 0000,27.3,27.5
11-05-2024 0100,27.3,27.3
11-05-2024 0200,27.2,27.2
11-05-2024 0300,27.2,27.1
11-05-2024 0400,27.1,27.0
11-05-2024 0500,27.2,27.0
11-05-2024 0600,27.1,26.9
11-05-2024 0700,27.1,26.9
11-05-2024 0800,27.2,26.8
11-05-2024 0900,27.2,26.9
11-05-2024 1000,27.2,26.9
11-05-2024 1100,26.3,26.8
11-05-2024 1200,26.8,26.8
11-05-2024 1300,21.1,26.6
11-05-2024 1400,20.6,26.3
11-05-2024 1500,21.3,26.0
11-05-2024 1600,21.5,25.8
11-05-2024 1700,21.7,25.7
11-05-2024 1800,22.1,25.6
11-05-2024 1900,22.7,25.6
11-05-2024 2000,23.4,25.7
11-05-2024 2100,24.1,25.7
11-05-2024 2200,24.3,25.7
11-05-2024 2300,24.7,25.6
11-06-2024 0000,24.7,25.4
11-06-2024 0100,24.9,25.3
11-06-2024 0200,24.1,25.1
11-06-2024 0300,23.1,25.0
11-06-2024 0400,22.9,25.0
11-06-2024 0500,23.6,24.9
11-06-2024 0600,23.4,24.9
11-06-2024 0700,23.8,24.8
11-06-2024 0800,21.6,24.5
11-06-2024 0900,22.5,24.3
11-06-2024 1000,22.3,24.1
11-06-2024 1100,22.2,24.1
11-06-2024 1200,22.3,24.0
11-06-2024 1300,22.7,24.1
11-06-2024 1400,22.6,24.1
11-06-2024 1500,23.0,24.1
11-06-2024 1600,23.8,24.1
11-06-2024 1700,24.3,24.2
11-06-2024 1800,24.5,24.3
11-06-2024 1900,24.6,24.5
11-06-2024 2000,25.3,24.7
11-06-2024 2100,25.4,24.9
11-06-2024 2200,25.2,25.0
11-06-2024 2300,25.3,25.0
11-07-2024 0000,25.6,24.9
11-07-2024 0100,25.5,24.9
11-07-2024 0200,25.7,24.9
11-07-2024 0300,25.5,24.9
11-07-2024 0400,25.8,25.0
11-07-2024 0500,25.7,25.1
11-07-2024 0600,25.7,25.2
11-07-2024 0700,25.8,25.1
11-07-2024 0800,25.8,25.1
11-07-2024 0900,25.6,25.0
11-07-2024 1000,25.7,25.0
11-07-2024 1100,25.5,25.0
11-07-2024 1200,25.5,24.9
11-07-2024 1300,25.2,24.9
11-07-2024 1400,25.8,25.0
11-07-2024 1500,26.4,25.2
11-07-2024 1600,27.2,25.2
11-07-2024 1700,27.3,25.3
11-07-2024 1800,27.4,25.6
11-07-2024 1900,27.3,25.8
11-07-2024 2000,27.3,26.4
11-07-2024 2100,27.1,26.6
11-07-2024 2200,27.2,26.8
11-07-2024 2300,27.0,26.9
11-08-2024 0000,26.3,26.6
11-08-2024 0100,26.2,27.0
11-08-2024 0200,26.1,27.3
11-08-2024 0300,25.9,27.3
11-08-2024 0400,25.8,27.1
11-08-2024 0500,25.7,26.4
11-08-2024 0600,25.6,26.2
11-08-2024 0700,25.5,26.1
11-08-2024 0800,25.5,26.1
11-08-2024 0900,25.3,26.0
11-08-2024 1000,25.3,25.9
11-08-2024 1100,25.2,25.7
11-08-2024 1200,25.1,25.6
11-08-2024 1300,25.1,25.5
11-08-2024 1400,25.9,25.5
11-08-2024 1500,26.6,25.6
11-08-2024 1600,26.9,25.7
11-08-2024 1700,27.4,26.1
11-08-2024 1800,27.7,26.4
11-08-2024 1900,27.8,26.6
11-08-2024 2000,27.6,27.2
11-08-2024 2100,27.6,27.6
11-08-2024 2200,27.6,27.8
11-08-2024 2300,27.3,28.0
11-09-2024 0000,26.5,27.9
11-09-2024 0100,26.2,27.8
11-09-2024 0200,26.1,27.9
11-09-2024 0300,26.1,27.9
11-09-2024 0400,26.0,27.8
11-09-2024 0500,26.0,27.6
11-09-2024 0600,24.9,27.4
11-09-2024 0700,24.8,27.1
11-09-2024 0800,24.0,26.5
11-09-2024 0900,23.0,26.3
11-09-2024 1000,22.6,26.0
11-09-2024 1100,22.0,25.9
11-09-2024 1200,21.9,25.6
11-09-2024 1300,21.7,25.4
11-09-2024 1400,21.2,25.2
11-09-2024 1500,21.4,25.3
11-09-2024 1600,21.5,25.4
11-09-2024 1700,22.1,25.6
11-09-2024 1800,23.0,25.7
11-09-2024 1900,24.2,25.9
11-09-2024 2000,25.3,26.1
11-09-2024 2100,25.8,26.3
11-09-2024 2200,26.7,26.3
11-09-2024 2300,26.7,26.3
11-10-2024 0000,25.9,26.3
11-10-2024 0100,25.1,26.2
11-10-2024 0200,25.0,26.0
11-10-2024 0300,24.9,25.9
11-10-2024 0400,24.6,25.8
11-10-2024 0500,24.5,25.8
11-10-2024 0600,24.0,25.6
11-10-2024 0700,22.4,25.5
11-10-2024 0800,22.3,25.3
11-10-2024 0900,22.3,25.2
11-10-2024 1000,22.3,25.1
11-10-2024 1100,22.9,25.1
11-10-2024 1200,21.8,24.9
11-10-2024 1300,21.4,24.8
11-10-2024 1400,21.2,24.7
11-10-2024 1500,22.2,24.7
11-10-2024 1600,24.6,24.8
11-10-2024 1700,24.9,25.1
11-10-2024 1800,25.7,25.5
11-10-2024 1900,26.0,25.7
11-10-2024 2000,26.9,26.0
11-10-2024 2100,26.6,26.3
11-10-2024 2200,26.4,26.4
11-10-2024 2300,25.7,26.6
11-11-2024 0000,25.3,26.7
11-11-2024 0100,25.2,26.7
11-11-2024 0200,25.1,26.7
11-11-2024 0300,24.8,26.6
11-11-2024 0400,24.8,26.3
11-11-2024 0500,25.0,26.1
11-11-2024 0600,24.8,26.0
11-11-2024 0700,24.7,25.9
11-11-2024 0800,24.3,25.9
11-11-2024 0900,23.8,25.8
11-11-2024 1000,23.6,25.7
11-11-2024 1100,21.7,25.7
11-11-2024 1200,21.7,25.7
11-11-2024 1300,21.7,25.5
11-11-2024 1400,22.1,25.3
11-11-2024 1500,22.5,25.3
11-11-2024 1600,22.7,25.3
11-11-2024 1700,22.9,25.5
11-11-2024 1800,23.1,25.7
11-11-2024 1900,24.7,26.1
11-11-2024 2000,25.7,26.5
11-11-2024 2100,26.0,26.8
11-11-2024 2200,25.8,26.9
11-11-2024 2300,25.5,26.8
11-12-2024 0000,24.6,26.7
11-12-2024 0100,24.5,26.7
11-12-2024 0200,24.5,26.6
11-12-2024 0300,24.4,26.5
11-12-2024 0400,24.5,26.4
11-12-2024 0500,24.5,26.4
11-12-2024 0600,24.4,26.3
11-12-2024 0700,24.5,26.1
11-12-2024 0800,24.4,26.0
11-12-2024 0900,24.6,25.9
11-12-2024 1000,24.3,25.8
11-12-2024 1100,24.0,25.6
11-12-2024 1200,20.7,25.4
11-12-2024 1300,20.2,25.2
11-12-2024 1400,20.7,25.1
11-12-2024 1500,21.8,25.1
11-12-2024 1600,23.7,25.1
11-12-2024 1700,25.5,25.4
11-12-2024 1800,26.3,25.7
11-12-2024 1900,26.6,25.9
11-12-2024 2000,26.2,26.3
11-12-2024 2100,26.2,26.4
11-12-2024 2200,26.0,26.6
11-12-2024 2300,25.5,26.7
11-13-2024 0000,24.8,26.6
11-13-2024 0100,24.8,26.5
11-13-2024 0200,24.7,26.4
11-13-2024 0300,24.6,26.4
11-13-2024 0400,24.4,26.3
11-13-2024 0500,24.2,26.1
11-13-2024 0600,24.1,25.8
11-13-2024 0700,24.1,25.5
11-13-2024 0800,24.0,25.4
11-13-2024 0900,24.0,25.2
11-13-2024 1000,24.0,25.1
11-13-2024 1100,22.8,25.0
11-13-2024 1200,23.0,24.9
11-13-2024 1300,23.6,24.8
11-13-2024 1400,24.2,24.8
11-13-2024 1500,25.3,24.9
11-13-2024 1600,25.6,25.0
11-13-2024 1700,25.8,25.2
11-13-2024 1800,26.4,25.5
11-13-2024 1900,26.5,25.8
11-13-2024 2000,26.5,26.3
11-13-2024 2100,26.7,26.8
11-13-2024 2200,26.1,26.7
11-13-2024 2300,26.1,26.7
11-14-2024 0000,25.4,26.7
11-14-2024 0100,24.9,26.7
11-14-2024 0200,24.9,26.7
11-14-2024 0300,25.2,26.6
11-14-2024 0400,24.6,26.5
11-14-2024 0500,24.5,26.3
11-14-2024 0600,24.3,26.2
11-14-2024 0700,25.0,25.9
11-14-2024 0800,24.4,25.5
11-14-2024 0900,23.5,25.0
11-14-2024 1000,22.7,24.6
11-14-2024 1100,21.8,24.3
11-14-2024 1200,21.6,24.0
11-14-2024 1300,21.0,23.7
11-14-2024 1400,20.6,23.4
11-14-2024 1500,20.5,23.2
11-14-2024 1600,20.5,23.1
11-14-2024 1700,21.2,23.3
11-14-2024 1800,21.5,23.4
11-14-2024 1900,21.8,23.5
11-14-2024 2000,21.8,23.7
11-14-2024 2100,22.4,23.8
11-14-2024 2200,22.5,23.9
11-14-2024 2300,22.6,23.8
11-15-2024 0000,21.6,23.8
11-15-2024 0100,21.6,23.8
11-15-2024 0200,21.7,23.8
11-15-2024 0300,21.8,23.6
11-15-2024 0400,22.0,23.5
11-15-2024 0500,22.1,23.4
11-15-2024 0600,21.7,23.2
11-15-2024 0700,21.9,23.0
11-15-2024 0800,19.8,22.9
11-15-2024 0900,17.7,23.0
11-15-2024 1000,17.1,22.9
11-15-2024 1100,18.0,22.9
11-15-2024 1200,18.7,22.7
11-15-2024 1300,19.3,22.3
11-15-2024 1400,19.8,22.3
11-15-2024 1500,21.5,22.4
11-15-2024 1600,22.1,22.5
11-15-2024 1700,23.5,22.5
11-15-2024 1800,23.8,22.7
11-15-2024 1900,23.6,23.1
11-15-2024 2000,23.7,23.3
11-15-2024 2100,24.0,23.5
11-15-2024 2200,23.9,23.6
11-15-2024 2300,23.9,23.8
11-16-2024 0000,23.1,23.8
11-16-2024 0100,23.0,23.7
11-16-2024 0200,23.0,23.5
11-16-2024 0300,23.3,23.3
11-16-2024 0400,23.4,23.3
11-16-2024 0500,23.5,23.2
11-16-2024 0600,23.6,23.2
11-16-2024 0700,23.7,23.1
11-16-2024 0800,23.8,23.1
11-16-2024 0900,24.0,23.0
11-16-2024 1000,23.4,22.9
11-16-2024 1100,23.8,22.8
11-16-2024 1200,22.7,22.8
11-16-2024 1300,22.8,22.7
11-16-2024 1400,20.6,22.6
11-16-2024 1500,22.0,22.7
11-16-2024 1600,23.5,22.9
11-16-2024 1700,24.0,23.2
11-16-2024 1800,25.1,23.5
11-16-2024 1900,25.1,23.8
11-16-2024 2000,25.2,24.1
11-16-2024 2100,25.2,24.2
11-16-2024 2200,25.3,24.3
11-16-2024 2300,24.9,24.3
11-17-2024 0000,24.1,24.2
11-17-2024 0100,24.2,24.3
11-17-2024 0200,24.2,24.2
11-17-2024 0300,24.2,24.0
11-17-2024 0400,23.8,23.9
11-17-2024 0500,23.6,23.7
11-17-2024 0600,23.2,23.7
11-17-2024 0700,23.4,23.6
11-17-2024 0800,23.2,23.5
11-17-2024 0900,23.6,23.5
11-17-2024 1000,23.8,23.4
11-17-2024 1100,23.8,23.3
11-17-2024 1200,23.9,23.4
11-17-2024 1300,24.1,23.3
11-17-2024 1400,24.7,23.4
11-17-2024 1500,25.4,23.4
11-17-2024 1600,26.1,23.6
11-17-2024 1700,26.5,24.0
11-17-2024 1800,26.8,24.3
11-17-2024 1900,26.9,24.6
11-17-2024 2000,26.9,25.0
11-17-2024 2100,27.2,25.3
11-17-2024 2200,27.1,25.5
11-17-2024 2300,26.3,25.6
11-18-2024 0000,26.1,25.6
11-18-2024 0100,26.2,25.6
11-18-2024 0200,26.1,25.4
11-18-2024 0300,26.1,25.2
11-18-2024 0400,26.1,25.0
11-18-2024 0500,26.0,24.9
11-18-2024 0600,26.0,24.8
11-18-2024 0700,26.0,24.8
11-18-2024 0800,26.0,24.9
11-18-2024 0900,26.0,25.0
11-18-2024 1000,25.9,24.9
11-18-2024 1100,25.9,24.8
11-18-2024 1200,26.1,24.7
11-18-2024 1300,26.0,24.6
11-18-2024 1400,26.2,24.6
11-18-2024 1500,26.6,24.7
11-18-2024 1600,26.5,24.8
11-18-2024 1700,27.2,25.1
11-18-2024 1800,27.3,25.5
11-18-2024 1900,27.1,25.7
11-18-2024 2000,27.2,25.8
11-18-2024 2100,27.1,25.9
11-18-2024 2200,27.3,26.1
11-18-2024 2300,27.0,26.1
11-19-2024 0000,26.8,26.1
11-19-2024 0100,26.7,26.1
11-19-2024 0200,26.5,26.1
11-19-2024 0300,26.3,26.1
11-19-2024 0400,25.2,26.1
11-19-2024 0500,26.1,26.0
11-19-2024 0600,25.4,25.7
11-19-2024 0700,25.1,25.6
11-19-2024 0800,23.9,25.3
11-19-2024 0900,23.9,25.2
11-19-2024 1000,23.9,24.9
11-19-2024 1100,23.2,24.6
11-19-2024 1200,22.7,24.5
11-19-2024 1300,20.7,24.4
11-19-2024 1400,20.1,24.3
11-19-2024 1500,21.8,24.4
11-19-2024 1600,23.0,24.4
11-19-2024 1700,24.2,24.6
11-19-2024 1800,24.4,24.7
11-19-2024 1900,25.4,24.8
11-19-2024 2000,26.4,24.9
11-19-2024 2100,26.4,25.1
11-19-2024 2200,26.1,25.2
11-19-2024 2300,25.3,25.3
11-20-2024 0000,23.5,25.2
11-20-2024 0100,23.3,25.1
11-20-2024 0200,23.2,25.0
11-20-2024 0300,24.0,24.9
11-20-2024 0400,22.7,24.8
11-20-2024 0500,21.1,24.7
11-20-2024 0600,20.0,24.5
11-20-2024 0700,19.8,23.9
11-20-2024 0800,19.2,23.9
11-20-2024 0900,18.6,24.0
11-20-2024 1000,19.5,24.0
11-20-2024 1100,22.1,23.5
11-20-2024 1200,20.9,23.2
11-20-2024 1300,20.2,22.4
11-20-2024 1400,19.6,22.1
11-20-2024 1500,18.8,22.2
11-20-2024 1600,18.8,22.2
11-20-2024 1700,19.4,22.3
11-20-2024 1800,20.0,22.1
11-20-2024 1900,20.6,21.9
11-20-2024 2000,20.8,21.8
11-20-2024 2100,21.2,21.5
11-20-2024 2200,21.5,21.6
11-20-2024 2300,21.7,21.2
11-21-2024 0000,20.7,21.0
11-21-2024 0100,19.7,21.1
11-21-2024 0200,19.7,21.2
11-21-2024 0300,19.3,20.7
11-21-2024 0400,19.2,20.3
11-21-2024 0500,18.8,20.1
11-21-2024 0600,18.9,20.7
11-21-2024 0700,18.5,20.8
11-21-2024 0800,18.4,19.9
11-21-2024 0900,17.8,20.2
11-21-2024 1000,17.2,19.5
11-21-2024 1100,17.0,19.9
11-21-2024 1200,17.6,19.5
11-21-2024 1300,17.7,19.1
11-21-2024 1400,17.8,19.4
11-21-2024 1500,18.2,19.6
11-21-2024 1600,18.7,19.5
11-21-2024 1700,19.1,19.9
11-21-2024 1800,18.9,20.3
11-21-2024 1900,19.3,20.6
11-21-2024 2000,20.5,20.8
11-21-2024 2100,20.6,20.9
11-21-2024 2200,21.0,20.8
11-21-2024 2300,20.8,20.8
11-22-2024 0000,19.4,20.7
11-22-2024 0100,18.7,20.6
11-22-2024 0200,18.6,20.5
11-22-2024 0300,18.6,20.3
11-22-2024 0400,18.7,20.1
11-22-2024 0500,18.8,20.0
11-22-2024 0600,18.3,19.9
11-22-2024 0700,18.0,19.7
11-22-2024 0800,17.1,19.6
11-22-2024 0900,15.3,19.4
11-22-2024 1000,14.4,19.3
11-22-2024 1100,14.8,19.0
11-22-2024 1200,15.6,19.1
11-22-2024 1300,15.1,19.1
11-22-2024 1400,14.6,19.1
11-22-2024 1500,16.2,19.1
11-22-2024 1600,18.4,19.1
11-22-2024 1700,19.3,19.7
11-22-2024 1800,20.1,20.0
11-22-2024 1900,21.0,20.4
11-22-2024 2000,22.4,20.7
11-22-2024 2100,21.9,21.0
11-22-2024 2200,21.8,20.9
11-22-2024 2300,21.9,21.0
11-23-2024 0000,20.5,21.0
11-23-2024 0100,20.5,20.9
11-23-2024 0200,20.2,20.8
11-23-2024 0300,20.1,20.7
11-23-2024 0400,20.3,20.5
11-23-2024 0500,20.0,20.5
11-23-2024 0600,19.8,20.4
11-23-2024 0700,19.9,20.2
11-23-2024 0800,20.0,20.2
11-23-2024 0900,19.6,20.1
11-23-2024 1000,18.1,20.0
11-23-2024 1100,18.6,20.0
11-23-2024 1200,18.5,20.1
11-23-2024 1300,18.8,20.0
11-23-2024 1400,19.1,20.0
11-23-2024 1500,19.8,20.1
11-23-2024 1600,21.6,20.3
11-23-2024 1700,23.4,20.5
11-23-2024 1800,23.6,21.0
11-23-2024 1900,24.3,21.3
11-23-2024 2000,23.9,21.6
11-23-2024 2100,24.2,21.9
11-23-2024 2200,24.2,22.0
11-23-2024 2300,23.7,21.8
11-24-2024 0000,23.2,21.6
11-24-2024 0100,23.0,21.5
11-24-2024 0200,23.0,21.4
11-24-2024 0300,22.9,21.3
11-24-2024 0400,23.0,21.3
11-24-2024 0500,22.9,21.0
11-24-2024 0600,22.9,21.0
11-24-2024 0700,23.0,20.9
11-24-2024 0800,22.8,20.8
11-24-2024 0900,23.0,20.8
11-24-2024 1000,23.0,20.8
11-24-2024 1100,22.8,20.8
11-24-2024 1200,22.8,20.7
11-24-2024 1300,23.1,20.7
11-24-2024 1400,22.8,20.7
11-24-2024 1500,22.9,20.7
11-24-2024 1600,24.6,20.9
11-24-2024 1700,24.8,21.3
11-24-2024 1800,25.3,21.6
11-24-2024 1900,25.3,22.0
11-24-2024 2000,25.4,22.3
11-24-2024 2100,25.5,22.5
11-24-2024 2200,25.3,22.6
11-24-2024 2300,24.9,22.6
11-25-2024 0000,24.4,22.5
11-25-2024 0100,24.3,22.4
11-25-2024 0200,24.1,22.3
11-25-2024 0300,24.0,22.2
11-25-2024 0400,23.9,22.0
11-25-2024 0500,23.9,21.9
11-25-2024 0600,23.9,21.8
11-25-2024 0700,23.8,21.7
11-25-2024 0800,23.0,21.7
11-25-2024 0900,23.3,21.6
11-25-2024 1000,23.5,21.6
11-25-2024 1100,23.3,21.5
11-25-2024 1200,22.6,21.4
11-25-2024 1300,22.3,21.4
11-25-2024 1400,22.3,21.4
11-25-2024 1500,23.0,21.4
11-25-2024 1600,23.0,21.6
11-25-2024 1700,23.7,22.0
11-25-2024 1800,25.8,22.5
11-25-2024 1900,26.4,23.0
11-25-2024 2000,26.3,23.3
11-25-2024 2100,26.4,23.6
11-25-2024 2200,26.3,23.7
11-25-2024 2300,25.8,23.8
11-26-2024 0000,25.0,23.7
11-26-2024 0100,24.7,23.7
11-26-2024 0200,24.5,23.6
11-26-2024 0300,24.3,23.6
11-26-2024 0400,24.0,23.5
11-26-2024 0500,23.8,23.5
11-26-2024 0600,21.2,23.2
11-26-2024 0700,19.2,22.9
11-26-2024 0800,16.3,22.5
11-26-2024 0900,15.6,21.9
11-26-2024 1000,15.4,21.6
11-26-2024 1100,15.3,21.3
11-26-2024 1200,15.0,21.0
11-26-2024 1300,14.8,20.8
11-26-2024 1400,15.0,20.7
11-26-2024 1500,14.9,20.6
11-26-2024 1600,14.9,20.6
11-26-2024 1700,15.7,20.6
11-26-2024 1800,15.7,21.0
11-26-2024 1900,16.6,21.2
11-26-2024 2000,17.1,21.4
11-26-2024 2100,18.4,21.5
11-26-2024 2200,18.4,21.6
11-26-2024 2300,18.7,21.6
11-27-2024 0000,18.7,21.4
11-27-2024 0100,19.3,21.1
11-27-2024 0200,19.5,20.9
11-27-2024 0300,19.8,20.9
11-27-2024 0400,19.7,20.9
11-27-2024 0500,19.5,20.8
11-27-2024 0600,19.2,20.8
11-27-2024 0700,19.0,20.8
11-27-2024 0800,19.4,20.8
11-27-2024 0900,19.5,20.7
11-27-2024 1000,20.0,20.6
11-27-2024 1100,19.7,20.7
11-27-2024 1200,21.0,20.6
11-27-2024 1300,20.2,20.5
11-27-2024 1400,20.5,20.6
11-27-2024 1500,19.2,20.7
11-27-2024 1600,20.3,20.8
11-27-2024 1700,22.1,21.1
11-27-2024 1800,23.8,21.6
11-27-2024 1900,25.1,22.0
11-27-2024 2000,26.0,22.5
11-27-2024 2100,25.9,22.7
11-27-2024 2200,25.7,22.9
11-27-2024 2300,25.4,23.0
11-28-2024 0000,24.9,22.9
11-28-2024 0100,24.9,22.8
11-28-2024 0200,24.7,22.6
11-28-2024 0300,24.4,22.5
11-28-2024 0400,23.9,22.5
11-28-2024 0500,23.5,22.5
11-28-2024 0600,23.0,22.4
11-28-2024 0700,22.6,22.4
11-28-2024 0800,22.5,22.3
11-28-2024 0900,22.4,22.3
11-28-2024 1000,22.6,22.2
11-28-2024 1100,22.4,22.2
11-28-2024 1200,22.5,22.1
11-28-2024 1300,19.6,22.0
11-28-2024 1400,18.3,21.6
11-28-2024 1500,18.1,21.4
11-28-2024 1600,17.7,21.2
11-28-2024 1700,17.2,20.9
11-28-2024 1800,17.5,20.6
11-28-2024 1900,17.5,20.6
11-28-2024 2000,17.5,20.5
11-28-2024 2100,18.1,20.4
11-28-2024 2200,18.3,20.3
11-28-2024 2300,18.0,20.1
11-29-2024 0000,18.4,19.9
11-29-2024 0100,18.5,19.8
11-29-2024 0200,18.0,19.7
11-29-2024 0300,16.9,19.6
11-29-2024 0400,16.5,19.5
11-29-2024 0500,16.6,19.3
11-29-2024 0600,16.3,19.1
11-29-2024 0700,15.3,18.5
11-29-2024 0800,14.4,18.4
11-29-2024 0900,14.3,18.3
11-29-2024 1000,13.6,18.3
11-29-2024 1100,12.8,18.2
11-29-2024 1200,12.6,17.9
11-29-2024 1300,12.6,17.8
11-29-2024 1400,12.5,17.5
11-29-2024 1500,11.9,17.4
11-29-2024 1600,11.6,17.2
11-29-2024 1700,11.7,17.2
11-29-2024 1800,12.1,17.1
11-29-2024 1900,12.3,17.3
11-29-2024 2000,12.9,17.5
11-29-2024 2100,13.7,17.4
11-29-2024 2200,13.9,17.2
11-29-2024 2300,14.2,17.0
11-30-2024 0000,14.6,16.7
11-30-2024 0100,15.0,16.5
11-30-2024 0200,15.4,16.2
11-30-2024 0300,15.5,16.0
11-30-2024 0400,15.3,16.3
11-30-2024 0500,15.4,16.2
11-30-2024 0600,15.4,15.9
11-30-2024 0700,15.2,15.9
11-30-2024 0800,15.1,15.6
11-30-2024 0900,15.0,15.6
11-30-2024 1000,14.9,15.6
11-30-2024 1100,14.2,15.3
11-30-2024 1200,14.1,15.4
11-30-2024 1300,14.0,15.5
11-30-2024 1400,13.8,15.6
11-30-2024 1500,13.8,15.6
11-30-2024 1600,14.1,15.8
11-30-2024 1700,14.6,15.9
11-30-2024 1800,15.3,16.1
11-30-2024 1900,15.7,16.2
11-30-2024 2000,15.7,16.2
11-30-2024 2100,16.4,16.2
11-30-2024 2200,16.8,16.2
11-30-2024 2300,17.0,16.3
12-01-2024 0000,17.1,16.2
12-01-2024 0100,17.1,16.2
12-01-2024 0200,17.3,16.2
12-01-2024 0300,17.1,16.1
12-01-2024 0400,17.1,16.1
12-01-2024 0500,17.0,16.0
12-01-2024 0600,16.9,15.9
12-01-2024 0700,16.8,15.9
12-01-2024 0800,16.6,15.9
12-01-2024 0900,16.9,15.9
12-01-2024 1000,17.0,15.9
12-01-2024 1100,17.1,16.0
12-01-2024 1200,16.9,15.9
12-01-2024 1300,16.7,15.9
12-01-2024 1400,17.0,16.0
12-01-2024 1500,17.3,16.0
12-01-2024 1600,20.6,16.2
12-01-2024 1700,20.5,16.5
12-01-2024 1800,20.8,16.8
12-01-2024 1900,21.1,17.1
12-01-2024 2000,20.8,17.3
12-01-2024 2100,21.0,17.5
12-01-2024 2200,21.2,17.6
12-01-2024 2300,21.0,17.7
12-02-2024 0000,20.7,17.8
12-02-2024 0100,20.5,17.9
12-02-2024 0200,20.9,17.8
12-02-2024 0300,21.2,17.7
12-02-2024 0400,21.0,17.7
12-02-2024 0500,21.1,17.8
12-02-2024 0600,21.1,17.7
12-02-2024 0700,21.4,17.8
12-02-2024 0800,21.4,17.9
12-02-2024 0900,21.4,17.9
12-02-2024 1000,21.4,18.0
12-02-2024 1100,21.1,18.0
12-02-2024 1200,21.0,17.9
12-02-2024 1300,20.6,17.8
12-02-2024 1400,18.3,17.7
12-02-2024 1500,17.8,17.6
12-02-2024 1600,19.8,17.8
12-02-2024 1700,21.3,18.2
12-02-2024 1800,21.2,18.7
12-02-2024 1900,21.3,19.2
12-02-2024 2000,20.9,19.5
12-02-2024 2100,20.7,19.6
12-02-2024 2200,20.5,19.7
12-02-2024 2300,20.2,19.6
12-03-2024 0000,19.8,19.5
12-03-2024 0100,19.9,19.4
12-03-2024 0200,19.8,19.3
12-03-2024 0300,19.9,19.1
12-03-2024 0400,19.7,19.1
12-03-2024 0500,19.6,19.0
12-03-2024 0600,19.7,18.7
12-03-2024 0700,17.9,18.5
12-03-2024 0800,17.5,18.4
12-03-2024 0900,17.4,18.3
12-03-2024 1000,17.4,18.3
12-03-2024 1100,17.0,18.3
12-03-2024 1200,16.9,18.2
12-03-2024 1300,16.6,18.0
12-03-2024 1400,16.4,17.8
12-03-2024 1500,16.5,17.9
12-03-2024 1600,16.5,17.7
12-03-2024 1700,16.9,17.9
12-03-2024 1800,17.0,17.9
12-03-2024 1900,17.5,17.9
12-03-2024 2000,18.4,18.0
12-03-2024 2100,20.7,18.0
12-03-2024 2200,20.7,18.0
12-03-2024 2300,22.3,18.0
12-04-2024 0000,22.3,18.1
12-04-2024 0100,22.6,18.2
12-04-2024 0200,22.7,18.3
12-04-2024 0300,22.7,18.4
12-04-2024 0400,21.4,18.4
12-04-2024 0500,21.7,18.5
12-04-2024 0600,21.7,18.6
12-04-2024 0700,22.1,18.6
12-04-2024 0800,21.6,18.6
12-04-2024 0900,21.7,18.7
12-04-2024 1000,21.5,18.7
12-04-2024 1100,21.3,18.8
12-04-2024 1200,21.0,18.8
12-04-2024 1300,20.2,18.8
12-04-2024 1400,19.0,18.8
12-04-2024 1500,18.6,18.8
12-04-2024 1600,18.0,18.8
12-04-2024 1700,18.0,18.9
12-04-2024 1800,17.4,19.1
12-04-2024 1900,17.0,19.2
12-04-2024 2000,18.1,19.3
12-04-2024 2100,18.9,19.5
12-04-2024 2200,19.6,19.7
12-04-2024 2300,19.7,19.8
12-05-2024 0000,19.3,19.7
12-05-2024 0100,18.7,19.7
12-05-2024 0200,18.8,19.6
12-05-2024 0300,19.1,19.6
12-05-2024 0400,19.0,19.6
12-05-2024 0500,18.7,19.5
12-05-2024 0600,18.1,19.5
12-05-2024 0700,18.0,19.3
12-05-2024 0800,18.0,19.2
12-05-2024 0900,17.8,19.2
12-05-2024 1000,17.9,19.2
12-05-2024 1100,18.0,19.1
12-05-2024 1200,18.1,19.1
12-05-2024 1300,18.3,19.1
12-05-2024 1400,18.6,19.0
12-05-2024 1500,18.8,19.0
12-05-2024 1600,18.1,19.1
12-05-2024 1700,17.8,19.1
12-05-2024 1800,17.6,19.1
12-05-2024 1900,17.8,19.2
12-05-2024 2000,18.0,19.2
12-05-2024 2100,18.0,19.3
12-05-2024 2200,18.4,19.3
12-05-2024 2300,18.1,19.3
12-06-2024 0000,17.9,19.3
12-06-2024 0100,18.7,19.2
12-06-2024 0200,18.7,19.2
12-06-2024 0300,19.1,19.1
12-06-2024 0400,19.5,19.0
12-06-2024 0500,19.7,19.0
12-06-2024 0600,19.6,18.9
12-06-2024 0700,19.1,18.8
12-06-2024 0800,18.9,18.7
12-06-2024 0900,19.0,18.5
12-06-2024 1000,18.5,18.5
12-06-2024 1100,18.0,18.3
12-06-2024 1200,16.7,18.2
12-06-2024 1300,15.5,18.0
12-06-2024 1400,16.1,17.9
12-06-2024 1500,16.2,17.9
12-06-2024 1600,16.8,17.8
12-06-2024 1700,16.6,17.7
12-06-2024 1800,17.2,17.6
12-06-2024 1900,16.4,17.6
12-06-2024 2000,16.0,17.6
12-06-2024 2100,15.5,17.5
12-06-2024 2200,15.7,17.3
12-06-2024 2300,15.9,17.3
12-07-2024 0000,16.0,17.1
12-07-2024 0100,16.4,16.8
12-07-2024 0200,17.0,16.6
12-07-2024 0300,17.6,16.6
12-07-2024 0400,18.0,16.5
12-07-2024 0500,15.8,16.7
12-07-2024 0600,15.2,16.7
12-07-2024 0700,15.0,16.8
12-07-2024 0800,13.0,16.6
12-07-2024 0900,13.5,16.3
12-07-2024 1000,15.2,16.1
12-07-2024 1100,15.5,15.9
12-07-2024 1200,13.8,16.0
12-07-2024 1300,12.9,16.2
12-07-2024 1400,13.4,16.2
12-07-2024 1500,13.5,16.0
12-07-2024 1600,13.3,15.9
12-07-2024 1700,13.7,15.9
12-07-2024 1800,13.6,16.0
12-07-2024 1900,13.6,16.0
12-07-2024 2000,13.7,16.0
12-07-2024 2100,14.2,16.0
12-07-2024 2200,14.5,16.0
12-07-2024 2300,15.1,16.0
12-08-2024 0000,14.9,15.9
12-08-2024 0100,14.8,15.9
12-08-2024 0200,14.2,15.7
12-08-2024 0300,11.7,15.7
12-08-2024 0400,10.9,15.5
12-08-2024 0500,10.5,15.5
12-08-2024 0600,10.4,15.3
12-08-2024 0700,10.3,15.3
12-08-2024 0800,10.4,15.4
12-08-2024 0900,10.8,15.4
12-08-2024 1000,10.5,15.3
12-08-2024 1100,10.9,15.3
12-08-2024 1200,10.9,15.3
12-08-2024 1300,10.9,15.2
12-08-2024 1400,10.9,15.2
12-08-2024 1500,11.3,15.1
12-08-2024 1600,11.7,15.2
12-08-2024 1700,12.8,15.2
12-08-2024 1800,13.5,15.3
12-08-2024 1900,14.0,15.3
12-08-2024 2000,14.9,15.4
12-08-2024 2100,16.0,15.4
12-08-2024 2200,15.8,15.4
12-08-2024 2300,15.3,15.4
12-09-2024 0000,15.3,15.4
12-09-2024 0100,14.7,15.3
12-09-2024 0200,14.9,15.2
12-09-2024 0300,14.1,15.1
12-09-2024 0400,13.9,15.1
12-09-2024 0500,14.2,15.1
12-09-2024 0600,16.2,15.1
12-09-2024 0700,15.5,15.1
12-09-2024 0800,15.2,15.1
12-09-2024 0900,15.0,15.1
12-09-2024 1000,15.5,15.2
12-09-2024 1100,18.1,15.1
12-09-2024 1200,17.3,15.2
12-09-2024 1300,17.6,15.3
12-09-2024 1400,16.1,15.4
12-09-2024 1500,16.2,15.4
12-09-2024 1600,17.8,15.5
12-09-2024 1700,17.2,15.6
12-09-2024 1800,17.6,15.7
12-09-2024 1900,18.1,15.9
12-09-2024 2000,19.5,16.4
12-09-2024 2100,20.9,16.6
12-09-2024 2200,22.5,16.9
12-09-2024 2300,21.4,17.2
12-10-2024 0000,18.6,17.3
12-10-2024 0100,18.7,17.3
12-10-2024 0200,20.3,17.2
12-10-2024 0300,20.8,17.0
12-10-2024 0400,20.7,16.9
12-10-2024 0500,19.3,16.8
12-10-2024 0600,19.3,16.7
12-10-2024 0700,18.3,16.7
12-10-2024 0800,17.7,16.6
12-10-2024 0900,18.1,16.6
12-10-2024 1000,17.9,16.6
12-10-2024 1100,18.2,16.6
12-10-2024 1200,18.3,16.6
12-10-2024 1300,17.6,16.6
12-10-2024 1400,17.0,16.8
12-10-2024 1500,14.6,16.7
12-10-2024 1600,13.7,16.6
12-10-2024 1700,14.5,16.6
12-10-2024 1800,14.9,16.7
12-10-2024 1900,16.4,16.8
12-10-2024 2000,17.2,16.8
12-10-2024 2100,17.4,16.8
12-10-2024 2200,18.2,16.8
12-10-2024 2300,18.1,16.7
12-11-2024 0000,17.1,16.6
12-11-2024 0100,16.7,16.4
12-11-2024 0200,16.1,16.2
12-11-2024 0300,15.6,15.9
12-11-2024 0400,14.6,15.9
12-11-2024 0500,13.5,15.6
12-11-2024 0600,12.4,15.1
12-11-2024 0700,11.6,14.5
12-11-2024 0800,10.9,14.1
12-11-2024 0900,10.4,13.9
12-11-2024 1000,9.9,13.7
12-11-2024 1100,8.3,13.5
12-11-2024 1200,7.9,13.4
12-11-2024 1300,7.4,13.6
12-11-2024 1400,6.5,13.4
12-11-2024 1500,8.0,13.3
12-11-2024 1600,9.6,13.4
12-11-2024 1700,11.8,13.7
12-11-2024 1800,12.9,14.0
12-11-2024 1900,13.3,14.5
12-11-2024 2000,14.5,14.4
12-11-2024 2100,15.5,14.5
12-11-2024 2200,15.2,14.5
12-11-2024 2300,14.7,14.4
12-12-2024 0000,13.3,14.3
12-12-2024 0100,12.9,14.2
12-12-2024 0200,12.9,14.0
12-12-2024 0300,13.2,14.0
12-12-2024 0400,12.8,13.9
12-12-2024 0500,13.1,13.9
12-12-2024 0600,13.6,13.7
12-12-2024 0700,13.2,13.7
12-12-2024 0800,11.6,13.6
12-12-2024 0900,10.5,13.6
12-12-2024 1000,9.8,13.5
12-12-2024 1100,10.4,13.5
12-12-2024 1200,11.3,13.4
12-12-2024 1300,11.3,13.4
12-12-2024 1400,12.3,13.2
12-12-2024 1500,13.1,13.1
12-12-2024 1600,19.0,13.4
12-12-2024 1700,19.6,13.9
12-12-2024 1800,19.9,14.4
12-12-2024 1900,20.4,15.0
12-12-2024 2000,20.7,15.4
12-12-2024 2100,20.0,15.5
12-12-2024 2200,20.0,15.6
12-12-2024 2300,19.8,15.7
12-13-2024 0000,19.9,15.7
12-13-2024 0100,19.4,15.7
12-13-2024 0200,19.5,15.6
12-13-2024 0300,19.5,15.6
12-13-2024 0400,19.7,15.6
12-13-2024 0500,19.8,15.6
12-13-2024 0600,20.0,15.7
12-13-2024 0700,19.3,15.7
12-13-2024 0800,19.8,15.7
12-13-2024 0900,19.3,15.8
12-13-2024 1000,18.6,15.8
12-13-2024 1100,18.5,15.9
12-13-2024 1200,17.6,15.9
12-13-2024 1300,18.6,15.9
12-13-2024 1400,17.6,15.9
12-13-2024 1500,18.2,15.9
12-13-2024 1600,21.0,16.0
12-13-2024 1700,20.4,16.3
12-13-2024 1800,19.8,16.5
12-13-2024 1900,18.5,16.7
12-13-2024 2000,22.9,16.9
12-13-2024 2100,22.5,17.2
12-13-2024 2200,21.3,17.4
12-13-2024 2300,21.3,17.5
12-14-2024 0000,20.2,17.5
12-14-2024 0100,20.4,18.0
12-14-2024 0200,21.1,18.0
12-14-2024 0300,20.7,18.0
12-14-2024 0400,20.6,17.9
12-14-2024 0500,20.7,17.8
12-14-2024 0600,20.4,17.7
12-14-2024 0700,20.1,17.7
12-14-2024 0800,20.5,17.7
12-14-2024 0900,20.8,17.7
12-14-2024 1000,19.8,17.7
12-14-2024 1100,19.0,17.7
12-14-2024 1200,19.5,17.7
12-14-2024 1300,19.3,17.5
12-14-2024 1400,19.9,17.6
12-14-2024 1500,23.1,17.6
12-14-2024 1600,23.3,17.8
12-14-2024 1700,22.6,18.0
12-14-2024 1800,21.9,18.2
12-14-2024 1900,23.8,18.5
12-14-2024 2000,24.4,18.9
12-14-2024 2100,23.9,18.9
12-14-2024 2200,22.8,19.0
12-14-2024 2300,21.9,19.5
12-15-2024 0000,21.6,19.5
12-15-2024 0100,21.3,19.6
12-15-2024 0200,20.7,19.6
12-15-2024 0300,21.3,19.6
12-15-2024 0400,21.1,19.5
12-15-2024 0500,21.4,19.4
12-15-2024 0600,20.9,19.3
12-15-2024 0700,20.5,19.2
12-15-2024 0800,20.5,19.1
12-15-2024 0900,21.0,19.0
12-15-2024 1000,21.4,19.0
12-15-2024 1100,21.3,19.0
12-15-2024 1200,21.4,19.0
12-15-2024 1300,21.8,18.9
12-15-2024 1400,21.2,18.9
12-15-2024 1500,22.4,19.0
12-15-2024 1600,23.1,19.0
12-15-2024 1700,23.9,19.2
12-15-2024 1800,24.2,19.5
12-15-2024 1900,24.3,19.9
12-15-2024 2000,24.1,20.2
12-15-2024 2100,23.9,20.4
12-15-2024 2200,23.6,20.6
12-15-2024 2300,23.0,20.7
12-16-2024 0000,22.1,20.6
12-16-2024 0100,22.1,20.7
12-16-2024 0200,22.0,20.7
12-16-2024 0300,21.8,20.5
12-16-2024 0400,21.9,20.3
12-16-2024 0500,21.9,20.2
12-16-2024 0600,21.8,20.2
12-16-2024 0700,21.6,20.1
12-16-2024 0800,21.3,20.1
12-16-2024 0900,21.1,20.0
12-16-2024 1000,20.9,19.9
12-16-2024 1100,20.9,19.9
12-16-2024 1200,20.8,19.9
12-16-2024 1300,20.5,19.9
12-16-2024 1400,20.7,19.9
12-16-2024 1500,22.9,19.9
12-16-2024 1600,23.2,20.1
12-16-2024 1700,24.2,20.3
12-16-2024 1800,24.6,20.6
12-16-2024 1900,24.6,20.9
12-16-2024 2000,24.8,21.1
12-16-2024 2100,24.8,21.4
12-16-2024 2200,24.4,21.5
12-16-2024 2300,23.7,21.5
12-17-2024 0000,22.3,21.5
12-17-2024 0100,22.0,21.6
12-17-2024 0200,21.9,21.6
12-17-2024 0300,22.2,21.6
12-17-2024 0400,22.0,21.5
12-17-2024 0500,21.4,21.3
12-17-2024 0600,22.0,21.2
12-17-2024 0700,21.7,21.0
12-17-2024 0800,21.4,21.0
12-17-2024 0900,21.2,20.9
12-17-2024 1000,21.1,21.0
12-17-2024 1100,20.8,21.0
12-17-2024 1200,21.1,20.9
12-17-2024 1300,20.9,20.8
12-17-2024 1400,21.1,20.8
12-17-2024 1500,23.0,20.9
12-17-2024 1600,24.3,21.0
12-17-2024 1700,24.8,21.4
12-17-2024 1800,25.2,21.7
12-17-2024 1900,25.1,22.2
12-17-2024 2000,25.0,22.8
12-17-2024 2100,25.0,22.8
12-17-2024 2200,24.9,22.8
12-17-2024 2300,23.9,22.7
12-18-2024 0000,22.5,22.5
12-18-2024 0100,22.2,22.5
12-18-2024 0200,21.8,22.5
12-18-2024 0300,21.8,22.4
12-18-2024 0400,21.5,22.3
12-18-2024 0500,21.3,22.2
12-18-2024 0600,21.4,22.1
12-18-2024 0700,21.2,21.9
12-18-2024 0800,21.1,21.9
12-18-2024 0900,21.1,21.9
12-18-2024 1000,21.0,21.8
12-18-2024 1100,20.9,21.6
12-18-2024 1200,21.1,21.5
12-18-2024 1300,21.1,21.4
12-18-2024 1400,20.8,21.5
12-18-2024 1500,21.0,21.6
12-18-2024 1600,21.7,21.8
12-18-2024 1700,25.0,22.0
12-18-2024 1800,24.2,22.4
12-18-2024 1900,25.0,22.7
12-18-2024 2000,24.0,23.1
12-18-2024 2100,24.4,23.5
12-18-2024 2200,23.3,23.4
12-18-2024 2300,22.4,23.6
12-19-2024 0000,22.0,23.4
12-19-2024 0100,22.3,23.0
12-19-2024 0200,21.2,22.8
12-19-2024 0300,20.3,22.0
12-19-2024 0400,19.4,22.0
12-19-2024 0500,19.0,22.0
12-19-2024 0600,18.0,21.6
12-19-2024 0700,17.3,21.3
12-19-2024 0800,16.3,20.8
12-19-2024 0900,15.8,20.8
12-19-2024 1000,15.4,20.3
12-19-2024 1100,14.9,20.1
12-19-2024 1200,14.3,19.8
12-19-2024 1300,13.6,19.8
12-19-2024 1400,13.1,20.0
12-19-2024 1500,13.0,20.0
12-19-2024 1600,13.2,20.1
12-19-2024 1700,13.9,20.2
12-19-2024 1800,14.6,20.6
12-19-2024 1900,15.8,20.8
12-19-2024 2000,16.9,21.0
12-19-2024 2100,17.4,20.7
12-19-2024 2200,17.3,20.7
12-19-2024 2300,17.2,20.8
12-20-2024 0000,16.8,20.5
12-20-2024 0100,16.9,20.4
12-20-2024 0200,17.0,20.1
12-20-2024 0300,16.9,19.9
12-20-2024 0400,16.9,19.8
12-20-2024 0500,17.1,19.8
12-20-2024 0600,17.5,19.6
12-20-2024 0700,17.5,19.4
12-20-2024 0800,17.4,19.3
12-20-2024 0900,17.2,19.1
12-20-2024 1000,18.0,19.0
12-20-2024 1100,17.9,19.0
12-20-2024 1200,17.5,18.9
12-20-2024 1300,16.6,18.7
12-20-2024 1400,16.8,18.6
12-20-2024 1500,17.3,18.6
12-20-2024 1600,17.2,18.8
12-20-2024 1700,17.5,19.0
12-20-2024 1800,18.2,19.3
12-20-2024 1900,19.6,19.6
12-20-2024 2000,19.9,19.8
12-20-2024 2100,19.2,20.0
12-20-2024 2200,19.1,20.1
12-20-2024 2300,18.7,20.1
12-21-2024 0000,17.9,20.0
12-21-2024 0100,18.1,19.9
12-21-2024 0200,17.9,19.9
12-21-2024 0300,18.1,19.9
12-21-2024 0400,17.6,19.6
12-21-2024 0500,17.3,19.3
12-21-2024 0600,17.2,19.1
12-21-2024 0700,17.8,18.9
12-21-2024 0800,17.2,18.9
12-21-2024 0900,16.8,18.7
12-21-2024 1000,16.5,18.6
12-21-2024 1100,16.0,18.4
12-21-2024 1200,15.6,18.1
12-21-2024 1300,15.2,17.9
12-21-2024 1400,15.9,18.0
12-21-2024 1500,15.7,17.8
12-21-2024 1600,16.1,17.9
12-21-2024 1700,16.0,18.6
12-21-2024 1800,18.3,18.7
12-21-2024 1900,18.3,18.9
12-21-2024 2000,18.1,19.2
12-21-2024 2100,18.4,19.3
12-21-2024 2200,18.6,19.4
12-21-2024 2300,18.5,19.3
12-22-2024 0000,18.3,19.1
12-22-2024 0100,18.0,18.9
12-22-2024 0200,17.8,18.8
12-22-2024 0300,17.5,18.7
12-22-2024 0400,17.2,18.6
12-22-2024 0500,17.0,18.5
12-22-2024 0600,17.2,18.3
12-22-2024 0700,17.6,18.2
12-22-2024 0800,17.2,18.0
12-22-2024 0900,17.5,17.9
12-22-2024 1000,17.6,17.8
12-22-2024 1100,18.0,17.7
12-22-2024 1200,18.3,17.5
12-22-2024 1300,18.2,17.5
12-22-2024 1400,18.5,17.5
12-22-2024 1500,20.0,17.5
12-22-2024 1600,20.8,17.7
12-22-2024 1700,21.4,18.1
12-22-2024 1800,21.7,18.6
12-22-2024 1900,22.1,19.0
12-22-2024 2000,22.1,19.3
12-22-2024 2100,21.6,19.5
12-22-2024 2200,22.0,19.6
12-22-2024 2300,21.2,19.7
12-23-2024 0000,19.7,19.7
12-23-2024 0100,19.5,19.4
12-23-2024 0200,19.3,19.3
12-23-2024 0300,19.2,19.3
12-23-2024 0400,19.3,19.2
12-23-2024 0500,19.1,19.2
12-23-2024 0600,19.2,19.1
12-23-2024 0700,19.1,19.1
12-23-2024 0800,19.0,18.9
12-23-2024 0900,20.0,18.9
12-23-2024 1000,19.9,18.8
12-23-2024 1100,19.6,18.8
12-23-2024 1200,19.7,18.7
12-23-2024 1300,19.4,18.7
12-23-2024 1400,19.6,18.6
12-23-2024 1500,21.5,18.6
12-23-2024 1600,22.6,18.8
12-23-2024 1700,23.2,19.1
12-23-2024 1800,23.4,19.5
12-23-2024 1900,23.4,19.8
12-23-2024 2000,23.5,20.3
12-23-2024 2100,23.6,20.6
12-23-2024 2200,23.2,20.9
12-23-2024 2300,22.4,20.8
12-24-2024 0000,20.8,20.8
12-24-2024 0100,20.7,20.6
12-24-2024 0200,20.7,20.5
12-24-2024 0300,20.9,20.4
12-24-2024 0400,20.6,20.3
12-24-2024 0500,21.1,20.2
12-24-2024 0600,20.9,20.1
12-24-2024 0700,20.8,20.1
12-24-2024 0800,20.8,20.0
12-24-2024 0900,20.7,19.9
12-24-2024 1000,20.4,19.9
12-24-2024 1100,20.5,19.9
12-24-2024 1200,20.1,19.8
12-24-2024 1300,20.1,19.8
12-24-2024 1400,20.0,19.7
12-24-2024 1500,21.7,19.8
12-24-2024 1600,22.7,20.0
12-24-2024 1700,23.2,20.4
12-24-2024 1800,23.5,20.8
12-24-2024 1900,23.5,21.2
12-24-2024 2000,23.6,21.6
12-24-2024 2100,23.6,21.8
12-24-2024 2200,23.2,21.9
12-24-2024 2300,22.6,22.0
12-25-2024 0000,21.9,21.9
12-25-2024 0100,21.5,21.7
12-25-2024 0200,21.5,21.5
12-25-2024 0300,21.6,21.4
12-25-2024 0400,21.5,21.4
12-25-2024 0500,21.4,21.3
12-25-2024 0600,21.4,21.3
12-25-2024 0700,21.3,21.2
12-25-2024 0800,21.4,21.2
12-25-2024 0900,21.1,21.2
12-25-2024 1000,21.3,21.1
12-25-2024 1100,21.0,21.1
12-25-2024 1200,20.3,21.1
12-25-2024 1300,20.7,21.1
12-25-2024 1400,20.8,21.1
12-25-2024 1500,21.5,21.1
12-25-2024 1600,21.8,21.1
12-25-2024 1700,22.3,21.4
12-25-2024 1800,22.5,21.7
12-25-2024 1900,22.5,22.1
12-25-2024 2000,22.6,22.2
12-25-2024 2100,23.3,22.5
12-25-2024 2200,23.6,22.8
12-25-2024 2300,22.5,23.0
12-26-2024 0000,20.8,23.0
12-26-2024 0100,20.5,23.1
12-26-2024 0200,20.9,23.0
12-26-2024 0300,21.1,22.9
12-26-2024 0400,21.1,22.8
12-26-2024 0500,21.0,22.4
12-26-2024 0600,20.6,22.2
12-26-2024 0700,20.6,22.2
12-26-2024 0800,20.6,22.1
12-26-2024 0900,20.6,21.9
12-26-2024 1000,20.4,21.8
12-26-2024 1100,21.0,21.7
12-26-2024 1200,20.9,21.6
12-26-2024 1300,21.1,21.6
12-26-2024 1400,21.4,21.6
12-26-2024 1500,22.2,21.6
12-26-2024 1600,22.7,21.7
12-26-2024 1700,23.0,21.9
12-26-2024 1800,23.3,22.1
12-26-2024 1900,23.7,22.2
12-26-2024 2000,23.7,22.4
12-26-2024 2100,23.5,22.7
12-26-2024 2200,23.6,22.8
12-26-2024 2300,23.1,22.7
12-27-2024 0000,22.3,22.7
12-27-2024 0100,21.9,22.6
12-27-2024 0200,21.7,22.5
12-27-2024 0300,21.3,22.4
12-27-2024 0400,21.3,22.3
12-27-2024 0500,22.0,22.2
12-27-2024 0600,20.0,22.2
12-27-2024 0700,19.9,22.1
12-27-2024 0800,19.1,22.0
12-27-2024 0900,18.7,21.9
12-27-2024 1000,19.2,21.7
12-27-2024 1100,20.3,21.6
12-27-2024 1200,20.0,21.5
12-27-2024 1300,19.2,21.4
12-27-2024 1400,20.0,21.3
12-27-2024 1500,20.2,21.3
12-27-2024 1600,21.4,21.4
12-27-2024 1700,21.9,21.6
12-27-2024 1800,22.3,21.9
12-27-2024 1900,22.1,22.2
12-27-2024 2000,23.1,22.5
12-27-2024 2100,21.7,22.9
12-27-2024 2200,21.1,23.1
12-27-2024 2300,21.4,23.2
12-28-2024 0000,20.9,23.3
12-28-2024 0100,20.8,23.4
12-28-2024 0200,20.6,23.3
12-28-2024 0300,21.2,23.2
12-28-2024 0400,21.8,23.0
12-28-2024 0500,21.4,22.6
12-28-2024 0600,21.7,22.4
12-28-2024 0700,21.8,22.3
12-28-2024 0800,21.5,22.3
12-28-2024 0900,21.5,22.2
12-28-2024 1000,21.3,22.2
12-28-2024 1100,21.4,22.1
12-28-2024 1200,21.2,22.1
12-28-2024 1300,21.0,22.0
12-28-2024 1400,21.1,22.0
12-28-2024 1500,21.4,22.1
12-28-2024 1600,21.7,22.3
12-28-2024 1700,22.1,22.4
12-28-2024 1800,24.7,22.7
12-28-2024 1900,25.4,23.0
12-28-2024 2000,26.1,23.3
12-28-2024 2100,27.0,23.5
12-28-2024 2200,27.2,23.6
12-28-2024 2300,27.7,23.6
12-29-2024 0000,25.6,23.6
12-29-2024 0100,23.9,23.3
12-29-2024 0200,22.5,23.1
12-29-2024 0300,23.1,22.8
12-29-2024 0400,23.8,22.5
12-29-2024 0500,23.5,22.3
12-29-2024 0600,23.1,22.1
12-29-2024 0700,21.8,21.9
12-29-2024 0800,19.7,21.6
12-29-2024 0900,19.1,21.6
12-29-2024 1000,17.7,21.7
12-29-2024 1100,17.1,21.6
12-29-2024 1200,16.6,21.3
12-29-2024 1300,15.1,21.0
12-29-2024 1400,15.0,21.0
12-29-2024 1500,16.2,20.9
12-29-2024 1600,18.4,20.7
12-29-2024 1700,20.6,21.3
12-29-2024 1800,21.4,22.0
12-29-2024 1900,23.0,22.2
12-29-2024 2000,23.4,22.5
12-29-2024 2100,23.0,22.2
12-29-2024 2200,22.7,22.2
12-29-2024 2300,21.2,22.2
12-30-2024 0000,19.3,22.0
12-30-2024 0100,19.2,21.8
12-30-2024 0200,19.3,21.3
12-30-2024 0300,19.3,21.3
12-30-2024 0400,19.6,21.1
12-30-2024 0500,19.5,21.0
12-30-2024 0600,19.5,20.9
12-30-2024 0700,19.3,20.8
12-30-2024 0800,19.2,20.7
12-30-2024 0900,19.4,20.6
12-30-2024 1000,19.3,20.5
12-30-2024 1100,19.4,20.5
12-30-2024 1200,18.3,20.6
12-30-2024 1300,18.8,20.7
12-30-2024 1400,18.6,20.7
12-30-2024 1500,20.1,20.7
12-30-2024 1600,21.8,20.8
12-30-2024 1700,21.3,20.9
12-30-2024 1800,22.8,21.4
12-30-2024 1900,24.2,21.9
12-30-2024 2000,23.7,22.3
12-30-2024 2100,23.9,22.3
12-30-2024 2200,23.4,22.5
12-30-2024 2300,22.7,22.5
12-31-2024 0000,22.0,22.3
12-31-2024 0100,22.1,22.0
12-31-2024 0200,21.8,21.8
12-31-2024 0300,21.5,21.7
12-31-2024 0400,21.5,21.6
12-31-2024 0500,21.1,21.6
12-31-2024 0600,20.8,21.5
12-31-2024 0700,20.3,21.4
12-31-2024 0800,20.0,21.4
12-31-2024 0900,19.9,21.4
12-31-2024 1000,18.7,21.4
12-31-2024 1100,18.5,21.3
12-31-2024 1200,17.7,21.2
12-31-2024 1300,15.4,21.1
12-31-2024 1400,14.2,21.0
12-31-2024 1500,17.9,20.9
12-31-2024 1600,16.7,20.7
12-31-2024 1700,17.9,20.9
12-31-2024 1800,18.5,20.7
12-31-2024 1900,19.2,20.6
12-31-2024 2000,19.6,20.9
12-31-2024 2100,20.0,21.0
12-31-2024 2200,20.2,20.9
12-31-2024 2300,20.1,20.7
01-01-2025 0000,19.1,20.5
01-01-2025 0100,18.8,20.2
01-01-2025 0200,18.7,20.0
01-01-2025 0300,18.9,19.8
01-01-2025 0400,18.9,19.6
01-01-2025 0500,18.8,19.5
01-01-2025 0600,18.6,19.3
01-01-2025 0700,18.2,19.3
01-01-2025 0800,17.6,19.2
01-01-2025 0900,17.0,19.2
01-01-2025 1000,16.3,19.0
01-01-2025 1100,15.9,18.8
01-01-2025 1200,16.9,18.4
01-01-2025 1300,17.0,18.2
01-01-2025 1400,16.9,18.4
01-01-2025 1500,16.5,18.2
01-01-2025 1600,16.9,18.4
01-01-2025 1700,16.6,18.6
01-01-2025 1800,16.4,18.6
01-01-2025 1900,16.4,18.8
01-01-2025 2000,16.4,18.8
01-01-2025 2100,16.4,18.6
01-01-2025 2200,16.5,18.5
01-01-2025 2300,16.5,18.2
01-02-2025 0000,16.9,18.1
01-02-2025 0100,16.9,17.8
01-02-2025 0200,16.7,17.5
01-02-2025 0300,17.0,17.7
01-02-2025 0400,17.0,17.8
01-02-2025 0500,17.2,18.0
01-02-2025 0600,17.4,18.1
01-02-2025 0700,17.6,18.1
01-02-2025 0800,17.3,17.7
01-02-2025 0900,17.1,17.6
01-02-2025 1000,17.1,17.5
01-02-2025 1100,17.3,17.5
01-02-2025 1200,17.7,17.5
01-02-2025 1300,18.4,17.5
01-02-2025 1400,18.6,17.4
01-02-2025 1500,18.6,17.6
01-02-2025 1600,17.5,17.7
01-02-2025 1700,17.1,17.7
01-02-2025 1800,16.4,17.7
01-02-2025 1900,16.4,17.8
01-02-2025 2000,16.9,18.1
01-02-2025 2100,17.8,18.4
01-02-2025 2200,18.0,18.4
01-02-2025 2300,17.9,18.5
01-03-2025 0000,18.0,18.5
01-03-2025 0100,17.7,18.5
01-03-2025 0200,17.8,18.4
01-03-2025 0300,18.0,18.3
01-03-2025 0400,18.0,18.3
01-03-2025 0500,17.7,18.2
01-03-2025 0600,17.5,18.2
01-03-2025 0700,17.4,18.1
01-03-2025 0800,17.1,18.1
01-03-2025 0900,16.9,18.1
01-03-2025 1000,16.9,18.1
01-03-2025 1100,16.7,18.1
01-03-2025 1200,16.5,18.1
01-03-2025 1300,16.6,18.1
01-03-2025 1400,16.7,18.0
01-03-2025 1500,16.8,18.0
01-03-2025 1600,17.1,18.1
01-03-2025 1700,16.9,18.2
01-03-2025 1800,17.1,18.3
01-03-2025 1900,17.5,18.6
01-03-2025 2000,18.3,18.8
01-03-2025 2100,19.3,19.2
01-03-2025 2200,18.6,19.3
01-03-2025 2300,18.1,19.4
01-04-2025 0000,18.4,19.3
01-04-2025 0100,18.1,19.3
01-04-2025 0200,18.2,19.3
01-04-2025 0300,18.5,19.4
01-04-2025 0400,18.3,19.4
01-04-2025 0500,18.6,19.3
01-04-2025 0600,18.3,19.3
01-04-2025 0700,18.5,19.3
01-04-2025 0800,18.3,19.1
01-04-2025 0900,18.4,19.0
01-04-2025 1000,18.3,19.0
01-04-2025 1100,18.4,19.0
01-04-2025 1200,18.2,18.9
01-04-2025 1300,17.9,18.9
01-04-2025 1400,17.6,18.9
01-04-2025 1500,18.0,18.9
01-04-2025 1600,19.3,19.1
01-04-2025 1700,20.8,19.2
01-04-2025 1800,22.7,19.6
01-04-2025 1900,23.1,19.8
01-04-2025 2000,23.2,20.3
01-04-2025 2100,22.7,20.5
01-04-2025 2200,22.6,20.6
01-04-2025 2300,22.0,20.5
01-05-2025 0000,21.1,20.2
01-05-2025 0100,21.0,20.2
01-05-2025 0200,20.7,20.0
01-05-2025 0300,20.6,20.0
01-05-2025 0400,20.8,19.9
01-05-2025 0500,20.7,19.9
01-05-2025 0600,20.8,19.8
01-05-2025 0700,21.0,19.8
01-05-2025 0800,20.8,19.8
01-05-2025 0900,20.7,19.8
01-05-2025 1000,20.9,19.7
01-05-2025 1100,20.8,19.7
01-05-2025 1200,20.6,19.7
01-05-2025 1300,20.3,19.6
01-05-2025 1400,20.9,19.6
01-05-2025 1500,22.2,19.7
01-05-2025 1600,22.8,19.9
01-05-2025 1700,23.4,20.2
01-05-2025 1800,24.1,20.7
01-05-2025 1900,24.2,21.1
01-05-2025 2000,23.8,21.3
01-05-2025 2100,23.1,21.5
01-05-2025 2200,23.7,21.5
01-05-2025 2300,23.0,21.7
01-06-2025 0000,21.4,21.7
01-06-2025 0100,23.1,21.8
01-06-2025 0200,21.8,21.6
01-06-2025 0300,19.4,20.9
01-06-2025 0400,17.6,20.3
01-06-2025 0500,15.7,19.8
01-06-2025 0600,13.7,19.1
01-06-2025 0700,12.1,18.5
01-06-2025 0800,10.4,17.7
01-06-2025 0900,9.2,17.6
01-06-2025 1000,8.3,17.3
01-06-2025 1100,8.1,16.8
01-06-2025 1200,6.6,16.7
01-06-2025 1300,5.5,16.1
01-06-2025 1400,5.1,15.6
01-06-2025 1500,4.9,15.5
01-06-2025 1600,4.7,15.3
01-06-2025 1700,5.3,15.4
01-06-2025 1800,6.6,15.6
01-06-2025 1900,7.7,15.9
01-06-2025 2000,8.7,15.8
01-06-2025 2100,9.6,15.6
01-06-2025 2200,10.2,15.2
01-06-2025 2300,10.6,15.3
01-07-2025 0000,10.5,15.1
01-07-2025 0100,10.3,14.1
01-07-2025 0200,9.8,14.1
01-07-2025 0300,9.4,14.0
01-07-2025 0400,8.8,12.8
01-07-2025 0500,8.3,13.2
01-07-2025 0600,7.2,12.6
01-07-2025 0700,7.3,11.7
01-07-2025 0800,7.0,11.5
01-07-2025 0900,6.8,10.8
01-07-2025 1000,6.8,10.8
01-07-2025 1100,6.6,10.9
01-07-2025 1200,6.1,11.7
01-07-2025 1300,6.1,11.4
01-07-2025 1400,5.8,11.2
01-07-2025 1500,5.7,10.9
01-07-2025 1600,5.8,10.7
01-07-2025 1700,6.4,9.9
01-07-2025 1800,6.8,9.7
01-07-2025 1900,7.2,9.2
01-07-2025 2000,7.4,9.1
01-07-2025 2100,7.9,10.4
01-07-2025 2200,8.0,10.5
01-07-2025 2300,8.3,10.5
01-08-2025 0000,8.7,10.2
01-08-2025 0100,9.0,10.0
01-08-2025 0200,9.2,9.9
01-08-2025 0300,9.4,9.9
01-08-2025 0400,9.5,9.8
01-08-2025 0500,9.6,9.6
01-08-2025 0600,9.5,9.4
01-08-2025 0700,9.3,9.5
01-08-2025 0800,9.0,9.4
01-08-2025 0900,8.8,9.4
01-08-2025 1000,8.6,9.4
01-08-2025 1100,8.1,9.4
01-08-2025 1200,7.8,9.3
01-08-2025 1300,7.4,9.0
01-08-2025 1400,7.0,8.7
01-08-2025 1500,6.9,8.6
01-08-2025 1600,6.8,8.7
01-08-2025 1700,6.7,8.7
01-08-2025 1800,6.5,8.8
01-08-2025 1900,6.6,8.9
01-08-2025 2000,6.8,9.0
01-08-2025 2100,7.1,9.0
01-08-2025 2200,7.3,9.1
01-08-2025 2300,7.7,8.9
01-09-2025 0000,7.8,8.6
01-09-2025 0100,7.7,8.4
01-09-2025 0200,7.5,8.3
01-09-2025 0300,7.5,8.3
01-09-2025 0400,7.4,8.2
01-09-2025 0500,7.4,8.2
01-09-2025 0600,7.3,8.2
01-09-2025 0700,7.1,8.1
01-09-2025 0800,6.9,8.2
01-09-2025 0900,6.9,8.0
01-09-2025 1000,6.6,8.0
01-09-2025 1100,6.6,8.1
01-09-2025 1200,6.4,8.1
01-09-2025 1300,6.3,8.1
01-09-2025 1400,6.8,8.1
01-09-2025 1500,6.9,8.1
01-09-2025 1600,7.3,8.2
01-09-2025 1700,7.3,8.2
01-09-2025 1800,7.2,8.3
01-09-2025 1900,7.1,8.3
01-09-2025 2000,7.1,8.3
01-09-2025 2100,6.8,8.3
01-09-2025 2200,6.1,8.3
01-09-2025 2300,6.1,8.2
01-10-2025 0000,6.2,8.2
01-10-2025 0100,5.7,8.2
01-10-2025 0200,5.7,8.1
01-10-2025 0300,5.5,8.0
01-10-2025 0400,5.2,8.0
01-10-2025 0500,5.1,8.0
01-10-2025 0600,4.6,7.9
01-10-2025 0700,4.5,7.9
01-10-2025 0800,4.7,7.9
01-10-2025 0900,5.3,8.0
01-10-2025 1000,5.7,8.0
01-10-2025 1100,6.1,8.0
01-10-2025 1200,6.3,8.0
01-10-2025 1300,6.4,8.0
01-10-2025 1400,6.5,8.0
01-10-2025 1500,6.2,8.1
01-10-2025 1600,6.5,8.2
01-10-2025 1700,7.0,8.2
01-10-2025 1800,7.6,8.3
01-10-2025 1900,8.2,8.3
01-10-2025 2000,8.5,8.3
01-10-2025 2100,9.1,8.2
01-10-2025 2200,9.2,8.2
01-10-2025 2300,9.1,8.2
01-11-2025 0000,9.0,8.2
01-11-2025 0100,8.7,8.1
01-11-2025 0200,8.6,8.0
01-11-2025 0300,8.4,8.0
01-11-2025 0400,8.0,8.0
01-11-2025 0500,7.8,8.0
01-11-2025 0600,7.5,7.9
01-11-2025 0700,7.2,7.9
01-11-2025 0800,7.3,7.9
01-11-2025 0900,7.3,7.9
01-11-2025 1000,7.2,7.8
01-11-2025 1100,6.9,7.8
01-11-2025 1200,7.2,7.8
01-11-2025 1300,7.0,7.8
01-11-2025 1400,6.8,7.8
01-11-2025 1500,7.2,7.7
01-11-2025 1600,8.1,7.8
01-11-2025 1700,10.3,8.0
01-11-2025 1800,12.0,8.4
01-11-2025 1900,12.2,9.0
01-11-2025 2000,11.6,9.3
01-11-2025 2100,11.9,9.6
01-11-2025 2200,12.1,9.8
01-11-2025 2300,12.2,9.8
01-12-2025 0000,11.5,9.8
01-12-2025 0100,10.9,9.8
01-12-2025 0200,11.5,9.7
01-12-2025 0300,10.4,9.5
01-12-2025 0400,9.9,9.4
01-12-2025 0500,10.1,9.3
01-12-2025 0600,9.9,9.2
01-12-2025 0700,9.9,9.2
01-12-2025 0800,9.9,9.2
01-12-2025 0900,9.9,9.1
01-12-2025 1000,9.0,9.0
01-12-2025 1100,9.2,9.0
01-12-2025 1200,9.9,9.1
01-12-2025 1300,10.4,9.2
01-12-2025 1400,10.6,9.2
01-12-2025 1500,10.7,9.3
01-12-2025 1600,10.9,9.5
01-12-2025 1700,11.0,9.6
01-12-2025 1800,11.7,10.0
01-12-2025 1900,12.7,10.3
01-12-2025 2000,14.6,10.9
01-12-2025 2100,15.4,11.0
01-12-2025 2200,16.2,11.3
01-12-2025 2300,15.9,11.5
01-13-2025 0000,14.3,11.6
01-13-2025 0100,13.6,11.7
01-13-2025 0200,12.9,11.7
01-13-2025 0300,11.9,11.6
01-13-2025 0400,11.5,11.6
01-13-2025 0500,11.5,11.6
01-13-2025 0600,11.6,11.3
01-13-2025 0700,12.1,10.9
01-13-2025 0800,11.7,10.7
01-13-2025 0900,11.2,10.7
01-13-2025 1000,10.4,10.7
01-13-2025 1100,9.9,10.6
01-13-2025 1200,9.4,10.5
01-13-2025 1300,9.0,10.4
01-13-2025 1400,9.0,10.2
01-13-2025 1500,9.1,10.1
01-13-2025 1600,9.6,10.3
01-13-2025 1700,9.9,10.6
01-13-2025 1800,10.3,10.9
01-13-2025 1900,11.1,11.4
01-13-2025 2000,12.2,11.7
01-13-2025 2100,12.9,12.1
01-13-2025 2200,13.9,12.4
01-13-2025 2300,13.9,12.5
01-14-2025 0000,13.4,12.6
01-14-2025 0100,13.0,12.5
01-14-2025 0200,12.9,12.3
01-14-2025 0300,12.9,11.9
01-14-2025 0400,12.9,11.7
01-14-2025 0500,12.8,11.7
01-14-2025 0600,12.7,11.7
01-14-2025 0700,12.1,11.8
01-14-2025 0800,11.8,11.6
01-14-2025 0900,11.8,11.5
01-14-2025 1000,11.7,11.5
01-14-2025 1100,11.4,11.6
01-14-2025 1200,11.3,11.5
01-14-2025 1300,11.3,11.4
01-14-2025 1400,11.3,11.4
01-14-2025 1500,11.4,11.3
01-14-2025 1600,11.4,11.3
01-14-2025 1700,11.1,11.3
01-14-2025 1800,11.0,11.4
01-14-2025 1900,11.1,11.4
01-14-2025 2000,10.9,11.4
01-14-2025 2100,11.0,11.5
01-14-2025 2200,11.2,11.5
01-14-2025 2300,11.6,11.5
01-15-2025 0000,11.9,11.5
01-15-2025 0100,11.3,11.5
01-15-2025 0200,11.1,11.5
01-15-2025 0300,11.3,11.5
01-15-2025 0400,11.5,11.4
01-15-2025 0500,11.4,11.4
01-15-2025 0600,11.3,11.4
01-15-2025 0700,11.5,11.4
01-15-2025 0800,11.5,11.4
01-15-2025 0900,11.7,11.4
01-15-2025 1000,11.5,11.4
01-15-2025 1100,11.1,11.4
01-15-2025 1200,10.9,11.4
01-15-2025 1300,10.9,11.4
01-15-2025 1400,10.6,11.4
01-15-2025 1500,10.3,11.4
01-15-2025 1600,10.5,11.4
01-15-2025 1700,10.7,11.4
01-15-2025 1800,10.9,11.5
01-15-2025 1900,11.3,11.6
01-15-2025 2000,11.5,11.6
01-15-2025 2100,11.8,11.7
01-15-2025 2200,11.7,11.8
01-15-2025 2300,11.9,11.8
01-16-2025 0000,11.8,11.8
01-16-2025 0100,11.8,11.8
01-16-2025 0200,12.0,11.6
01-16-2025 0300,12.0,11.7
01-16-2025 0400,12.0,11.7
01-16-2025 0500,12.2,11.6
01-16-2025 0600,12.5,11.6
01-16-2025 0700,12.3,11.6
01-16-2025 0800,12.4,11.6
01-16-2025 0900,11.8,11.6
01-16-2025 1000,11.0,11.6
01-16-2025 1100,9.8,11.5
01-16-2025 1200,9.6,11.4
01-16-2025 1300,8.9,11.3
01-16-2025 1400,8.3,11.2
01-16-2025 1500,8.9,11.3
01-16-2025 1600,10.8,11.3
01-16-2025 1700,11.7,11.5
01-16-2025 1800,12.3,11.8
01-16-2025 1900,12.9,12.4
01-16-2025 2000,-999.0,-999.0
01-16-2025 2100,15.5,13.0
01-16-2025 2200,15.4,13.2
01-16-2025 2300,14.3,13.3
01-17-2025 0000,13.7,13.2
01-17-2025 0100,13.0,13.2
01-17-2025 0200,13.2,13.3
01-17-2025 0300,12.8,13.3
01-17-2025 0400,12.6,13.2
01-17-2025 0500,12.7,12.9
01-17-2025 0600,12.4,12.7
01-17-2025 0700,12.4,12.6
01-17-2025 0800,11.9,12.5
01-17-2025 0900,11.7,12.5
01-17-2025 1000,11.5,12.4
01-17-2025 1100,11.6,12.4
01-17-2025 1200,12.0,12.3
01-17-2025 1300,11.8,12.2
01-17-2025 1400,12.4,12.2
01-17-2025 1500,13.7,12.2
01-17-2025 1600,16.4,12.4
01-17-2025 1700,18.6,12.7
01-17-2025 1800,19.4,12.9
01-17-2025 1900,20.2,13.1
01-17-2025 2000,17.5,13.4
01-17-2025 2100,19.8,13.7
01-17-2025 2200,19.5,13.8
01-17-2025 2300,18.4,14.0
01-18-2025 0000,18.6,14.1
01-18-2025 0100,18.3,14.1
01-18-2025 0200,18.3,14.2
01-18-2025 0300,18.5,14.2
01-18-2025 0400,17.6,14.2
01-18-2025 0500,17.6,14.2
01-18-2025 0600,17.1,14.2
01-18-2025 0700,16.3,14.2
01-18-2025 0800,16.3,14.2
01-18-2025 0900,16.3,14.2
01-18-2025 1000,16.6,14.2
01-18-2025 1100,16.4,14.2
01-18-2025 1200,16.6,14.3
01-18-2025 1300,16.1,14.3
01-18-2025 1400,14.8,14.2
01-18-2025 1500,15.4,14.3
01-18-2025 1600,17.2,14.4
01-18-2025 1700,19.2,14.8
01-18-2025 1800,18.2,15.1
01-18-2025 1900,20.2,15.5
01-18-2025 2000,21.1,16.1
01-18-2025 2100,21.3,16.2
01-18-2025 2200,20.5,16.6
01-18-2025 2300,20.1,16.8
01-19-2025 0000,19.7,16.7
01-19-2025 0100,18.6,16.6
01-19-2025 0200,17.4,16.3
01-19-2025 0300,16.5,16.1
01-19-2025 0400,15.3,14.9
01-19-2025 0500,14.2,15.3
01-19-2025 0600,12.9,15.3
01-19-2025 0700,11.9,15.2
01-19-2025 0800,11.0,15.0
01-19-2025 0900,10.2,14.3
01-19-2025 1000,9.0,13.9
01-19-2025 1100,8.0,13.6
01-19-2025 1200,6.7,12.5
01-19-2025 1300,5.6,11.9
01-19-2025 1400,4.1,12.3
01-19-2025 1500,3.6,12.1
01-19-2025 1600,4.4,12.2
01-19-2025 1700,5.1,12.3
01-19-2025 1800,6.1,12.3
01-19-2025 1900,6.9,12.5
01-19-2025 2000,7.6,12.6
01-19-2025 2100,8.2,12.6
01-19-2025 2200,8.6,12.7
01-19-2025 2300,8.5,12.5
01-20-2025 0000,8.2,12.1
01-20-2025 0100,7.9,11.7
01-20-2025 0200,7.4,11.2
01-20-2025 0300,7.0,10.9
01-20-2025 0400,6.5,10.0
01-20-2025 0500,6.1,9.8
01-20-2025 0600,5.8,10.2
01-20-2025 0700,5.8,9.8
01-20-2025 0800,5.8,9.6
01-20-2025 0900,5.1,9.6
01-20-2025 1000,5.5,9.6
01-20-2025 1100,5.1,9.6
01-20-2025 1200,5.8,9.4
01-20-2025 1300,5.5,8.4
01-20-2025 1400,5.6,8.2
01-20-2025 1500,6.0,9.1
01-20-2025 1600,5.3,8.7
01-20-2025 1700,5.8,8.9
01-20-2025 1800,5.5,8.5
01-20-2025 1900,5.9,8.7
01-20-2025 2000,6.7,8.0
01-20-2025 2100,6.6,7.8
01-20-2025 2200,8.2,8.0
01-20-2025 2300,8.2,7.9
01-21-2025 0000,8.6,8.0
01-21-2025 0100,8.1,7.7
01-21-2025 0200,5.1,7.7
01-21-2025 0300,4.9,7.9
01-21-2025 0400,4.6,7.5
01-21-2025 0500,4.6,7.5
01-21-2025 0600,4.3,7.2
01-21-2025 0700,3.7,6.7
01-21-2025 0800,3.2,6.4
01-21-2025 0900,2.0,6.1
01-21-2025 1000,1.5,6.6
01-21-2025 1100,1.4,6.5
01-21-2025 1200,1.3,6.5
01-21-2025 1300,0.9,6.7
01-21-2025 1400,0.7,6.5
01-21-2025 1500,0.7,6.5
01-21-2025 1600,0.4,6.5
01-21-2025 1700,0.7,6.5
01-21-2025 1800,0.9,6.5
01-21-2025 1900,1.0,6.5
01-21-2025 2000,1.3,6.5
01-21-2025 2100,1.7,6.5
01-21-2025 2200,2.6,6.6
01-21-2025 2300,3.3,6.6
01-22-2025 0000,3.5,6.5
01-22-2025 0100,2.9,6.4
01-22-2025 0200,2.8,6.3
01-22-2025 0300,2.4,6.2
01-22-2025 0400,2.2,6.1
01-22-2025 0500,2.1,5.9
01-22-2025 0600,3.0,5.8
01-22-2025 0700,2.0,5.7
01-22-2025 0800,1.7,5.6
01-22-2025 0900,1.9,5.5
01-22-2025 1000,0.1,5.4
01-22-2025 1100,-0.9,5.2
01-22-2025 1200,-0.4,5.1
01-22-2025 1300,0.0,4.9
01-22-2025 1400,-0.2,4.7
01-22-2025 1500,0.8,4.6
01-22-2025 1600,2.8,4.5
01-22-2025 1700,4.1,4.8
01-22-2025 1800,5.4,5.1
01-22-2025 1900,7.6,5.8
01-22-2025 2000,8.5,6.3
01-22-2025 2100,9.5,6.9
01-22-2025 2200,10.3,7.1
01-22-2025 2300,10.6,7.3
01-23-2025 0000,8.2,7.5
01-23-2025 0100,8.4,7.6
01-23-2025 0200,7.3,7.5
01-23-2025 0300,7.1,7.3
01-23-2025 0400,7.6,7.0
01-23-2025 0500,7.3,6.9
01-23-2025 0600,7.5,6.7
01-23-2025 0700,7.3,6.7
01-23-2025 0800,7.5,6.5
01-23-2025 0900,7.7,6.4
01-23-2025 1000,7.8,6.5
01-23-2025 1100,7.6,6.6
01-23-2025 1200,8.1,6.8
01-23-2025 1300,7.5,6.9
01-23-2025 1400,7.8,7.0
01-23-2025 1500,8.4,6.8
01-23-2025 1600,8.5,6.7
01-23-2025 1700,8.5,7.0
01-23-2025 1800,8.7,7.5
01-23-2025 1900,9.1,7.6
01-23-2025 2000,9.4,7.9
01-23-2025 2100,10.0,8.4
01-23-2025 2200,10.0,8.1
01-23-2025 2300,10.0,8.3
01-24-2025 0000,9.9,8.4
01-24-2025 0100,10.1,8.2
01-24-2025 0200,9.9,8.2
01-24-2025 0300,9.0,8.3
01-24-2025 0400,8.8,8.3
01-24-2025 0500,9.0,8.3
01-24-2025 0600,8.9,8.2
01-24-2025 0700,9.2,8.1
01-24-2025 0800,8.8,8.1
01-24-2025 0900,8.5,8.1
01-24-2025 1000,8.2,8.0
01-24-2025 1100,7.6,8.0
01-24-2025 1200,7.0,7.9
01-24-2025 1300,7.5,7.8
01-24-2025 1400,7.3,7.7
01-24-2025 1500,7.8,7.6
01-24-2025 1600,7.9,7.8
01-24-2025 1700,8.6,8.2
01-24-2025 1800,9.4,8.7
01-24-2025 1900,11.6,9.3
01-24-2025 2000,11.9,9.6
01-24-2025 2100,12.5,9.9
01-24-2025 2200,12.5,10.4
01-24-2025 2300,12.8,10.4
01-25-2025 0000,11.6,10.6
01-25-2025 0100,10.2,10.6
01-25-2025 0200,10.1,10.7
01-25-2025 0300,10.2,10.3
01-25-2025 0400,10.2,9.8
01-25-2025 0500,10.6,9.6
01-25-2025 0600,10.6,9.5
01-25-2025 0700,9.8,9.3
01-25-2025 0800,9.8,9.2
01-25-2025 0900,10.2,8.9
01-25-2025 1000,10.2,8.8
01-25-2025 1100,10.2,8.8
01-25-2025 1200,10.9,8.8
01-25-2025 1300,10.8,8.8
01-25-2025 1400,10.3,8.7
01-25-2025 1500,12.3,8.8
01-25-2025 1600,14.5,9.0
01-25-2025 1700,13.6,9.4
01-25-2025 1800,18.9,9.8
01-25-2025 1900,17.7,10.3
01-25-2025 2000,16.6,10.6
01-25-2025 2100,16.1,10.8
01-25-2025 2200,16.8,11.0
01-25-2025 2300,16.2,11.1
01-26-2025 0000,15.6,11.2
01-26-2025 0100,14.1,11.4
01-26-2025 0200,17.1,11.9
01-26-2025 0300,17.6,11.8
01-26-2025 0400,17.7,11.5
01-26-2025 0500,17.4,11.5
01-26-2025 0600,17.0,11.5
01-26-2025 0700,17.7,11.5
01-26-2025 0800,17.4,11.5
01-26-2025 0900,17.9,11.6
01-26-2025 1000,15.1,11.7
01-26-2025 1100,16.7,11.8
01-26-2025 1200,15.5,11.9
01-26-2025 1300,15.4,12.1
01-26-2025 1400,15.4,12.2
01-26-2025 1500,16.5,12.2
01-26-2025 1600,18.0,12.1
01-26-2025 1700,18.9,12.3
01-26-2025 1800,18.7,12.6
01-26-2025 1900,19.2,12.9
01-26-2025 2000,18.9,13.1
01-26-2025 2100,18.9,13.2
01-26-2025 2200,18.6,13.3
01-26-2025 2300,18.9,13.4
01-27-2025 0000,18.6,13.4
01-27-2025 0100,18.2,13.5
01-27-2025 0200,17.2,13.5
01-27-2025 0300,17.4,13.6
01-27-2025 0400,17.1,13.7
01-27-2025 0500,16.1,13.7
01-27-2025 0600,16.5,13.7
01-27-2025 0700,16.5,13.7
01-27-2025 0800,15.5,13.8
01-27-2025 0900,15.1,13.8
01-27-2025 1000,15.2,13.8
01-27-2025 1100,14.1,13.8
01-27-2025 1200,14.0,13.7
01-27-2025 1300,13.2,13.8
01-27-2025 1400,13.1,13.7
01-27-2025 1500,12.8,14.0
01-27-2025 1600,13.0,14.2
01-27-2025 1700,13.1,14.4
01-27-2025 1800,13.4,14.6
01-27-2025 1900,13.4,14.8
01-27-2025 2000,13.1,15.0
01-27-2025 2100,13.4,14.9
01-27-2025 2200,13.1,14.9
01-27-2025 2300,13.3,14.7
01-28-2025 0000,13.4,14.9
01-28-2025 0100,13.2,14.7
01-28-2025 0200,12.8,14.7
01-28-2025 0300,12.7,14.6
01-28-2025 0400,12.5,14.3
01-28-2025 0500,12.3,14.3
01-28-2025 0600,12.2,14.2
01-28-2025 0700,12.0,14.1
01-28-2025 0800,11.9,14.1
01-28-2025 0900,12.0,14.0
01-28-2025 1000,12.1,14.0
01-28-2025 1100,12.2,14.0
01-28-2025 1200,12.2,13.9
01-28-2025 1300,12.4,13.9
01-28-2025 1400,12.5,13.8
01-28-2025 1500,12.6,13.8
01-28-2025 1600,12.8,13.8
01-28-2025 1700,13.1,13.8
01-28-2025 1800,13.2,14.0
01-28-2025 1900,14.2,14.1
01-28-2025 2000,14.3,14.3
01-28-2025 2100,14.7,14.5
01-28-2025 2200,14.0,14.6
01-28-2025 2300,14.1,14.7
01-29-2025 0000,14.0,14.7
01-29-2025 0100,13.6,14.6
01-29-2025 0200,13.5,14.5
01-29-2025 0300,13.6,14.3
01-29-2025 0400,13.7,14.3
01-29-2025 0500,13.8,14.3
01-29-2025 0600,14.5,14.3
01-29-2025 0700,14.2,14.3
01-29-2025 0800,14.4,14.4
01-29-2025 0900,14.4,14.4
01-29-2025 1000,14.7,14.4
01-29-2025 1100,16.2,14.5
01-29-2025 1200,17.5,14.5
01-29-2025 1300,18.2,14.5
01-29-2025 1400,18.6,14.5
01-29-2025 1500,19.1,14.6
01-29-2025 1600,20.4,14.8
01-29-2025 1700,21.1,14.9
01-29-2025 1800,20.3,15.1
01-29-2025 1900,21.2,15.5
01-29-2025 2000,20.6,15.9
01-29-2025 2100,21.3,16.4
01-29-2025 2200,21.4,16.6
01-29-2025 2300,20.7,16.9
01-30-2025 0000,20.4,17.0
01-30-2025 0100,20.1,17.0
01-30-2025 0200,20.5,17.0
01-30-2025 0300,20.3,16.9
01-30-2025 0400,20.1,16.7
01-30-2025 0500,20.3,16.7
01-30-2025 0600,19.9,16.7
01-30-2025 0700,19.4,16.7
01-30-2025 0800,19.4,16.8
01-30-2025 0900,19.2,16.7
01-30-2025 1000,19.6,16.8
01-30-2025 1100,19.3,16.8
01-30-2025 1200,19.1,16.8
01-30-2025 1300,19.5,16.7
01-30-2025 1400,19.4,16.7
01-30-2025 1500,19.0,16.7
01-30-2025 1600,18.9,16.7
01-30-2025 1700,19.5,16.9
01-30-2025 1800,20.0,17.2
01-30-2025 1900,22.1,17.6
01-30-2025 2000,22.5,18.0
01-30-2025 2100,22.4,18.2
01-30-2025 2200,21.8,17.5
01-30-2025 2300,20.0,17.8
01-31-2025 0000,19.6,18.0
01-31-2025 0100,19.2,18.1
01-31-2025 0200,18.4,18.1
01-31-2025 0300,17.9,18.0
01-31-2025 0400,17.6,18.0
01-31-2025 0500,16.5,17.8
01-31-2025 0600,15.5,17.6
01-31-2025 0700,15.9,17.3
01-31-2025 0800,16.0,17.2
01-31-2025 0900,15.6,17.1
01-31-2025 1000,14.9,17.1
01-31-2025 1100,14.9,16.9
01-31-2025 1200,15.0,16.8
01-31-2025 1300,14.5,16.7
01-31-2025 1400,14.4,16.7
01-31-2025 1500,15.3,16.7
01-31-2025 1600,17.6,17.1
01-31-2025 1700,20.4,17.5
01-31-2025 1800,20.7,17.6
01-31-2025 1900,21.1,18.0
01-31-2025 2000,21.2,18.4
01-31-2025 2100,22.6,18.4
01-31-2025 2200,22.6,18.6
01-31-2025 2300,21.4,18.6
02-01-2025 0000,20.4,18.5
02-01-2025 0100,18.8,18.3
02-01-2025 0200,17.7,18.1
02-01-2025 0300,16.4,17.9
02-01-2025 0400,15.4,17.7
02-01-2025 0500,14.8,17.5
02-01-2025 0600,15.3,17.4
02-01-2025 0700,15.2,17.2
02-01-2025 0800,16.3,17.0
02-01-2025 0900,14.5,16.9
02-01-2025 1000,12.0,16.7
02-01-2025 1100,12.3,16.6
02-01-2025 1200,12.7,16.4
02-01-2025 1300,12.9,16.3
02-01-2025 1400,13.5,16.1
02-01-2025 1500,14.3,16.4
02-01-2025 1600,15.9,16.6
02-01-2025 1700,16.8,16.9
02-01-2025 1800,17.6,17.1
02-01-2025 1900,20.1,17.6
02-01-2025 2000,21.6,18.4
02-01-2025 2100,19.1,18.7
02-01-2025 2200,18.4,18.7
02-01-2025 2300,18.4,18.5
02-02-2025 0000,19.0,18.4
02-02-2025 0100,16.5,18.3
02-02-2025 0200,16.2,18.2
02-02-2025 0300,16.1,18.1
02-02-2025 0400,16.2,17.7
02-02-2025 0500,16.2,17.5
02-02-2025 0600,15.8,17.3
02-02-2025 0700,16.3,17.2
02-02-2025 0800,15.9,17.1
02-02-2025 0900,15.6,17.0
02-02-2025 1000,15.8,16.8
02-02-2025 1100,15.9,16.7
02-02-2025 1200,16.0,16.7
02-02-2025 1300,15.2,16.6
02-02-2025 1400,16.3,16.6
02-02-2025 1500,17.3,16.7
02-02-2025 1600,18.5,17.1
02-02-2025 1700,20.5,17.4
02-02-2025 1800,21.1,18.0
02-02-2025 1900,21.6,18.5
02-02-2025 2000,21.6,18.7
02-02-2025 2100,21.6,19.1
02-02-2025 2200,21.7,19.4
02-02-2025 2300,21.0,19.4
02-03-2025 0000,19.7,19.3
02-03-2025 0100,19.1,19.2
02-03-2025 0200,18.9,19.1
02-03-2025 0300,18.6,19.0
02-03-2025 0400,18.7,18.9
02-03-2025 0500,19.4,18.8
02-03-2025 0600,19.1,18.8
02-03-2025 0700,18.6,18.7
02-03-2025 0800,18.8,18.7
02-03-2025 0900,18.4,18.5
02-03-2025 1000,18.1,18.5
02-03-2025 1100,18.4,18.5
02-03-2025 1200,18.9,18.5
02-03-2025 1300,18.7,18.5
02-03-2025 1400,18.5,18.5
02-03-2025 1500,19.2,18.5
02-03-2025 1600,19.2,18.6
02-03-2025 1700,20.0,18.8
02-03-2025 1800,21.4,19.2
02-03-2025 1900,21.5,19.4
02-03-2025 2000,21.9,20.0
02-03-2025 2100,21.7,20.4
02-03-2025 2200,21.9,20.6
02-03-2025 2300,21.2,20.6
02-04-2025 0000,19.7,20.6
02-04-2025 0100,19.5,20.6
02-04-2025 0200,19.6,20.5
02-04-2025 0300,20.3,20.3
02-04-2025 0400,19.8,20.0
02-04-2025 0500,20.6,19.9
02-04-2025 0600,19.9,20.0
02-04-2025 0700,20.1,20.0
02-04-2025 0800,19.5,20.0
02-04-2025 0900,19.1,19.9
02-04-2025 1000,18.7,19.9
02-04-2025 1100,18.5,19.9
02-04-2025 1200,18.4,19.8
02-04-2025 1300,18.9,19.8
02-04-2025 1400,19.3,19.7
02-04-2025 1500,20.5,19.8
02-04-2025 1600,19.9,20.0
02-04-2025 1700,21.4,20.4
02-04-2025 1800,22.8,20.9
02-04-2025 1900,23.4,21.6
02-04-2025 2000,22.9,21.8
02-04-2025 2100,23.1,21.9
02-04-2025 2200,21.7,21.9
02-04-2025 2300,21.5,21.9
02-05-2025 0000,20.4,22.2
02-05-2025 0100,19.8,22.6
02-05-2025 0200,19.6,22.6
02-05-2025 0300,19.6,22.6
02-05-2025 0400,19.2,22.5
02-05-2025 0500,19.3,22.5
02-05-2025 0600,18.7,22.4
02-05-2025 0700,19.4,22.2
02-05-2025 0800,18.9,22.0
02-05-2025 0900,18.7,21.9
02-05-2025 1000,19.7,21.8
02-05-2025 1100,20.2,21.6
02-05-2025 1200,20.0,21.4
02-05-2025 1300,20.7,21.2
02-05-2025 1400,19.9,21.2
02-05-2025 1500,20.7,21.1
02-05-2025 1600,21.2,21.3
02-05-2025 1700,21.7,21.6
02-05-2025 1800,23.2,22.0
02-05-2025 1900,23.3,22.5
02-05-2025 2000,23.4,22.7
02-05-2025 2100,23.4,23.2
02-05-2025 2200,22.7,23.2
02-05-2025 2300,22.3,23.3
02-06-2025 0000,21.0,23.2
02-06-2025 0100,20.4,22.9
02-06-2025 0200,19.3,22.7
02-06-2025 0300,19.8,22.5
02-06-2025 0400,20.0,22.3
02-06-2025 0500,20.1,22.0
02-06-2025 0600,19.9,21.9
02-06-2025 0700,19.4,21.7
02-06-2025 0800,19.3,21.6
02-06-2025 0900,19.4,21.6
02-06-2025 1000,19.2,21.6
02-06-2025 1100,19.1,21.7
02-06-2025 1200,19.1,21.5
02-06-2025 1300,19.1,21.4
02-06-2025 1400,19.4,21.4
02-06-2025 1500,19.9,21.5
02-06-2025 1600,20.3,21.7
02-06-2025 1700,20.9,22.1
02-06-2025 1800,21.8,22.4
02-06-2025 1900,22.3,22.9
02-06-2025 2000,22.6,23.3
02-06-2025 2100,22.9,23.6
02-06-2025 2200,22.5,23.8
02-06-2025 2300,22.0,23.7
02-07-2025 0000,20.6,23.6
02-07-2025 0100,20.4,23.4
02-07-2025 0200,20.1,23.1
02-07-2025 0300,20.2,22.8
02-07-2025 0400,20.2,22.5
02-07-2025 0500,20.4,22.2
02-07-2025 0600,20.0,22.0
02-07-2025 0700,19.9,22.0
02-07-2025 0800,19.7,22.0
02-07-2025 0900,19.0,22.0
02-07-2025 1000,19.2,21.9
02-07-2025 1100,19.1,21.9
02-07-2025 1200,19.0,21.9
02-07-2025 1300,19.1,22.0
02-07-2025 1400,19.3,21.8
02-07-2025 1500,19.6,21.9
02-07-2025 1600,20.8,22.1
02-07-2025 1700,21.9,22.2
02-07-2025 1800,22.5,22.4
02-07-2025 1900,23.7,22.8
02-07-2025 2000,23.7,23.2
02-07-2025 2100,23.0,23.7
02-07-2025 2200,22.2,24.1
02-07-2025 2300,21.3,24.0
02-08-2025 0000,20.6,23.8
02-08-2025 0100,20.6,23.4
02-08-2025 0200,20.7,23.3
02-08-2025 0300,20.7,23.1
02-08-2025 0400,19.9,22.9
02-08-2025 0500,19.9,22.8
02-08-2025 0600,19.9,22.6
02-08-2025 0700,19.5,22.5
02-08-2025 0800,19.4,22.6
02-08-2025 0900,19.3,22.6
02-08-2025 1000,19.2,22.6
02-08-2025 1100,19.6,22.4
02-08-2025 1200,20.1,22.5
02-08-2025 1300,20.2,22.0
02-08-2025 1400,20.1,22.0
02-08-2025 1500,20.3,22.1
02-08-2025 1600,22.7,22.4
02-08-2025 1700,22.6,22.6
02-08-2025 1800,23.4,22.9
02-08-2025 1900,23.5,23.5
02-08-2025 2000,23.6,23.9
02-08-2025 2100,22.9,24.1
02-08-2025 2200,22.7,24.1
02-08-2025 2300,21.9,24.1
02-09-2025 0000,20.7,23.9
02-09-2025 0100,20.5,23.6
02-09-2025 0200,20.3,23.3
02-09-2025 0300,19.8,23.0
02-09-2025 0400,19.4,22.8
02-09-2025 0500,19.7,22.5
02-09-2025 0600,19.4,22.3
02-09-2025 0700,19.5,22.2
02-09-2025 0800,19.3,22.4
02-09-2025 0900,19.4,22.5
02-09-2025 1000,19.2,22.3
02-09-2025 1100,19.3,22.3
02-09-2025 1200,19.0,22.4
02-09-2025 1300,19.2,22.6
02-09-2025 1400,19.4,22.6
02-09-2025 1500,20.6,22.3
02-09-2025 1600,20.9,22.5
02-09-2025 1700,22.1,22.9
02-09-2025 1800,22.3,23.2
02-09-2025 1900,22.4,23.8
02-09-2025 2000,22.5,24.3
02-09-2025 2100,22.7,24.8
02-09-2025 2200,22.3,24.8
02-09-2025 2300,21.7,24.9
02-10-2025 0000,21.2,25.5
02-10-2025 0100,21.0,24.8
02-10-2025 0200,20.8,24.8
02-10-2025 0300,20.6,24.7
02-10-2025 0400,20.6,24.3
02-10-2025 0500,20.6,24.0
02-10-2025 0600,20.4,23.8
02-10-2025 0700,20.3,23.6
02-10-2025 0800,20.3,23.4
02-10-2025 0900,19.8,23.1
02-10-2025 1000,19.2,23.0
02-10-2025 1100,19.3,22.7
02-10-2025 1200,17.8,22.4
02-10-2025 1300,17.8,22.2
02-10-2025 1400,17.4,21.8
02-10-2025 1500,17.3,21.7
02-10-2025 1600,17.3,21.5
02-10-2025 1700,17.4,21.5
02-10-2025 1800,17.6,21.5
02-10-2025 1900,17.8,21.3
02-10-2025 2000,18.0,21.3
02-10-2025 2100,18.7,21.3
02-10-2025 2200,19.8,21.3
02-10-2025 2300,21.0,21.4
02-11-2025 0000,20.8,21.4
02-11-2025 0100,20.0,21.4
02-11-2025 0200,19.7,21.4
02-11-2025 0300,19.7,21.4
02-11-2025 0400,19.6,21.4
02-11-2025 0500,19.7,21.2
02-11-2025 0600,19.6,21.2
02-11-2025 0700,19.6,21.3
02-11-2025 0800,19.7,21.3
02-11-2025 0900,19.9,21.2
02-11-2025 1000,19.7,21.3
02-11-2025 1100,19.9,21.3
02-11-2025 1200,19.8,21.0
02-11-2025 1300,19.7,21.1
02-11-2025 1400,20.3,21.2
02-11-2025 1500,20.9,21.4
02-11-2025 1600,21.6,21.7
02-11-2025 1700,21.4,21.8
02-11-2025 1800,22.5,22.3
02-11-2025 1900,22.0,22.5
02-11-2025 2000,21.6,22.6
02-11-2025 2100,21.9,22.7
02-11-2025 2200,22.0,22.8
02-11-2025 2300,21.8,22.8
02-12-2025 0000,20.9,22.7
02-12-2025 0100,20.7,22.5
02-12-2025 0200,20.3,22.4
02-12-2025 0300,20.3,22.3
02-12-2025 0400,20.7,22.1
02-12-2025 0500,20.0,21.9
02-12-2025 0600,20.2,21.9
02-12-2025 0700,20.2,21.9
02-12-2025 0800,20.7,22.0
02-12-2025 0900,20.4,22.0
02-12-2025 1000,20.5,21.9
02-12-2025 1100,20.0,21.9
02-12-2025 1200,20.5,21.9
02-12-2025 1300,20.4,21.7
02-12-2025 1400,20.9,21.9
02-12-2025 1500,21.7,21.9
02-12-2025 1600,22.1,22.0
02-12-2025 1700,23.0,22.3
02-12-2025 1800,24.0,22.5
02-12-2025 1900,25.0,22.6
02-12-2025 2000,24.7,23.1
02-12-2025 2100,25.1,23.5
02-12-2025 2200,23.9,23.9
02-12-2025 2300,22.2,24.3
02-13-2025 0000,19.8,24.2
02-13-2025 0100,18.3,23.3
02-13-2025 0200,17.0,22.7
02-13-2025 0300,16.5,22.0
02-13-2025 0400,15.9,21.6
02-13-2025 0500,15.2,21.3
02-13-2025 0600,14.1,20.9
02-13-2025 0700,13.7,20.6
02-13-2025 0800,13.0,20.1
02-13-2025 0900,12.8,19.7
02-13-2025 1000,12.1,19.4
02-13-2025 1100,11.4,19.1
02-13-2025 1200,10.1,18.9
02-13-2025 1300,9.6,18.5
02-13-2025 1400,9.1,18.3
02-13-2025 1500,8.9,18.2
02-13-2025 1600,8.7,17.7
02-13-2025 1700,9.4,17.5
02-13-2025 1800,8.7,17.5
02-13-2025 1900,8.9,17.4
02-13-2025 2000,9.9,17.2
02-13-2025 2100,10.7,16.9
02-13-2025 2200,11.4,16.8
02-13-2025 2300,12.3,16.4
02-14-2025 0000,12.4,16.2
02-14-2025 0100,12.6,15.8
02-14-2025 0200,12.6,15.4
02-14-2025 0300,12.5,15.6
02-14-2025 0400,12.4,15.7
02-14-2025 0500,12.3,15.4
02-14-2025 0600,12.2,15.0
02-14-2025 0700,12.1,14.7
02-14-2025 0800,12.0,14.2
02-14-2025 0900,10.6,14.3
02-14-2025 1000,10.5,14.0
02-14-2025 1100,9.7,14.3
02-14-2025 1200,9.1,14.2
02-14-2025 1300,8.4,14.2
02-14-2025 1400,8.7,14.1
02-14-2025 1500,8.1,14.0
02-14-2025 1600,8.7,14.1
02-14-2025 1700,8.3,14.0
02-14-2025 1800,8.4,14.1
02-14-2025 1900,8.9,14.2
02-14-2025 2000,9.4,14.3
02-14-2025 2100,10.3,14.3
02-14-2025 2200,10.9,14.3
02-14-2025 2300,11.6,14.3
02-15-2025 0000,12.5,14.2
02-15-2025 0100,12.6,14.1
02-15-2025 0200,12.5,14.0
02-15-2025 0300,12.4,14.0
02-15-2025 0400,11.5,14.0
02-15-2025 0500,11.4,14.0
02-15-2025 0600,11.3,14.1
02-15-2025 0700,11.5,14.2
02-15-2025 0800,11.5,14.1
02-15-2025 0900,11.6,14.1
02-15-2025 1000,12.5,14.1
02-15-2025 1100,12.3,14.1
02-15-2025 1200,12.3,14.1
02-15-2025 1300,12.3,14.1
02-15-2025 1400,15.1,14.0
02-15-2025 1500,17.9,14.1
02-15-2025 1600,19.2,14.5
02-15-2025 1700,21.3,15.1
02-15-2025 1800,21.5,15.4
02-15-2025 1900,21.8,15.8
02-15-2025 2000,21.6,16.3
02-15-2025 2100,22.3,16.5
02-15-2025 2200,18.3,16.7
02-15-2025 2300,18.3,16.7
02-16-2025 0000,18.7,16.9
02-16-2025 0100,17.9,16.7
02-16-2025 0200,17.3,16.9
02-16-2025 0300,16.5,17.3
02-16-2025 0400,16.0,17.3
02-16-2025 0500,15.6,17.3
02-16-2025 0600,15.5,17.0
02-16-2025 0700,15.2,16.8
02-16-2025 0800,15.0,16.6
02-16-2025 0900,16.8,16.5
02-16-2025 1000,15.5,16.2
02-16-2025 1100,14.9,15.9
02-16-2025 1200,13.5,15.8
02-16-2025 1300,12.2,15.7
02-16-2025 1400,11.0,15.4
02-16-2025 1500,10.1,15.1
02-16-2025 1600,9.8,14.9
02-16-2025 1700,10.3,15.2
02-16-2025 1800,11.5,15.5
02-16-2025 1900,12.5,15.9
02-16-2025 2000,13.2,16.2
02-16-2025 2100,14.2,16.4
02-16-2025 2200,15.1,16.5
02-16-2025 2300,15.6,16.5
02-17-2025 0000,15.7,16.3
02-17-2025 0100,14.5,16.1
02-17-2025 0200,14.5,15.7
02-17-2025 0300,13.8,15.4
02-17-2025 0400,13.4,15.1
02-17-2025 0500,12.5,14.5
02-17-2025 0600,12.2,14.6
02-17-2025 0700,11.9,14.5
02-17-2025 0800,11.7,14.5
02-17-2025 0900,11.5,14.2
02-17-2025 1000,10.7,13.7
02-17-2025 1100,10.4,14.0
02-17-2025 1200,9.7,14.0
02-17-2025 1300,9.5,13.2
02-17-2025 1400,9.3,13.7
02-17-2025 1500,9.6,13.9
02-17-2025 1600,10.4,14.0
02-17-2025 1700,11.4,14.5
02-17-2025 1800,13.3,15.0
02-17-2025 1900,14.5,15.0
02-17-2025 2000,19.2,15.5
02-17-2025 2100,19.6,15.9
02-17-2025 2200,19.9,16.5
02-17-2025 2300,19.7,16.4
02-18-2025 0000,18.4,16.5
02-18-2025 0100,17.3,16.6
02-18-2025 0200,17.2,16.6
02-18-2025 0300,17.5,16.4
02-18-2025 0400,17.0,16.1
02-18-2025 0500,16.8,16.1
02-18-2025 0600,17.1,15.9
02-18-2025 0700,16.9,15.8
02-18-2025 0800,16.9,15.6
02-18-2025 0900,16.9,15.6
02-18-2025 1000,16.5,15.5
02-18-2025 1100,17.9,15.5
02-18-2025 1200,18.6,15.5
02-18-2025 1300,18.7,15.6
02-18-2025 1400,19.1,15.7
02-18-2025 1500,20.1,15.7
02-18-2025 1600,20.8,16.0
02-18-2025 1700,21.5,16.3
02-18-2025 1800,22.3,16.7
02-18-2025 1900,22.1,17.0
02-18-2025 2000,21.3,17.3
02-18-2025 2100,22.2,17.6
02-18-2025 2200,22.6,17.8
02-18-2025 2300,21.7,18.1
02-19-2025 0000,20.9,18.2
02-19-2025 0100,20.1,18.2
02-19-2025 0200,20.1,18.2
02-19-2025 0300,19.7,18.0
02-19-2025 0400,20.2,17.9
02-19-2025 0500,20.3,18.0
02-19-2025 0600,12.3,18.1
02-19-2025 0700,10.9,17.7
02-19-2025 0800,9.0,17.2
02-19-2025 0900,8.3,16.7
02-19-2025 1000,7.1,16.1
02-19-2025 1100,5.9,15.6
02-19-2025 1200,5.2,15.2
02-19-2025 1300,5.0,14.8
02-19-2025 1400,3.9,14.6
02-19-2025 1500,3.5,14.4
02-19-2025 1600,2.6,14.0
02-19-2025 1700,2.0,13.7
02-19-2025 1800,2.6,13.6
02-19-2025 1900,3.8,13.6
02-19-2025 2000,5.8,13.5
02-19-2025 2100,6.1,13.2
02-19-2025 2200,5.8,12.9
02-19-2025 2300,5.8,12.8
02-20-2025 0000,5.2,12.6
02-20-2025 0100,4.4,12.5
02-20-2025 0200,3.4,12.3
02-20-2025 0300,2.7,11.9
02-20-2025 0400,2.0,11.7
02-20-2025 0500,1.8,11.4
02-20-2025 0600,1.6,11.1
02-20-2025 0700,1.1,10.9
02-20-2025 0800,0.9,10.6
02-20-2025 0900,1.0,10.4
02-20-2025 1000,0.3,10.2
02-20-2025 1100,-0.1,9.9
02-20-2025 1200,0.0,9.6
02-20-2025 1300,0.0,9.1
02-20-2025 1400,-0.1,8.9
02-20-2025 1500,-0.7,9.0
02-20-2025 1600,-1.1,9.1
02-20-2025 1700,-0.7,8.9
02-20-2025 1800,-0.5,9.1
02-20-2025 1900,-0.1,7.9
02-20-2025 2000,0.4,7.8
02-20-2025 2100,1.1,7.9
02-20-2025 2200,2.3,7.9
02-20-2025 2300,3.4,7.7
02-21-2025 0000,4.2,7.6
02-21-2025 0100,4.9,7.8
02-21-2025 0200,5.4,8.0
02-21-2025 0300,5.7,7.9
02-21-2025 0400,5.7,7.8
02-21-2025 0500,5.7,7.8
02-21-2025 0600,5.6,7.8
02-21-2025 0700,5.3,7.7
02-21-2025 0800,5.3,7.6
02-21-2025 0900,5.4,7.4
02-21-2025 1000,5.4,7.2
02-21-2025 1100,5.0,7.2
02-21-2025 1200,4.9,7.0
02-21-2025 1300,4.9,6.9
02-21-2025 1400,5.0,6.5
02-21-2025 1500,5.1,6.3
02-21-2025 1600,4.3,6.1
02-21-2025 1700,4.2,6.2
02-21-2025 1800,4.2,6.3
02-21-2025 1900,4.5,6.2
02-21-2025 2000,4.7,6.3
02-21-2025 2100,5.6,6.5
02-21-2025 2200,5.8,6.5
02-21-2025 2300,6.1,6.7
02-22-2025 0000,6.2,6.7
02-22-2025 0100,6.3,6.5
02-22-2025 0200,6.2,6.6
02-22-2025 0300,6.3,6.7
02-22-2025 0400,6.3,6.7
02-22-2025 0500,6.1,6.6
02-22-2025 0600,5.9,6.5
02-22-2025 0700,5.6,6.4
02-22-2025 0800,5.4,6.4
02-22-2025 0900,5.4,6.4
02-22-2025 1000,5.2,6.4
02-22-2025 1100,4.8,6.4
02-22-2025 1200,4.5,6.2
02-22-2025 1300,4.6,6.0
02-22-2025 1400,4.7,6.0
02-22-2025 1500,3.8,6.1
02-22-2025 1600,3.3,6.2
02-22-2025 1700,3.2,6.3
02-22-2025 1800,3.3,6.5
02-22-2025 1900,3.5,6.6
02-22-2025 2000,3.8,6.5
02-22-2025 2100,4.4,6.5
02-22-2025 2200,4.8,6.3
02-22-2025 2300,4.9,6.2
02-23-2025 0000,5.1,6.1
02-23-2025 0100,5.1,6.1
02-23-2025 0200,5.4,6.2
02-23-2025 0300,5.7,6.3
02-23-2025 0400,5.6,6.3
02-23-2025 0500,6.1,6.4
02-23-2025 0600,6.1,6.4
02-23-2025 0700,5.9,6.4
02-23-2025 0800,5.8,6.5
02-23-2025 0900,5.8,6.5
02-23-2025 1000,5.8,6.5
02-23-2025 1100,5.8,6.4
02-23-2025 1200,6.0,6.5
02-23-2025 1300,6.1,6.5
02-23-2025 1400,6.3,6.5
02-23-2025 1500,6.8,6.5
02-23-2025 1600,7.6,6.6
02-23-2025 1700,8.4,6.8
02-23-2025 1800,8.9,7.1
02-23-2025 1900,9.6,7.2
02-23-2025 2000,9.7,7.1
02-23-2025 2100,9.9,7.0
02-23-2025 2200,10.7,7.2
02-23-2025 2300,11.1,7.6
02-24-2025 0000,11.2,7.6
02-24-2025 0100,11.5,7.6
02-24-2025 0200,9.6,7.6
02-24-2025 0300,9.2,7.5
02-24-2025 0400,7.9,7.5
02-24-2025 0500,8.7,7.5
02-24-2025 0600,8.1,7.4
02-24-2025 0700,7.1,7.2
02-24-2025 0800,6.8,7.2
02-24-2025 0900,6.3,7.1
02-24-2025 1000,5.6,7.0
02-24-2025 1100,4.8,7.0
02-24-2025 1200,4.8,7.0
02-24-2025 1300,5.1,6.9
02-24-2025 1400,4.4,6.9
02-24-2025 1500,5.3,6.9
02-24-2025 1600,7.8,7.1
02-24-2025 1700,10.6,7.7
02-24-2025 1800,12.6,8.1
02-24-2025 1900,15.2,8.7
02-24-2025 2000,15.5,10.4
02-24-2025 2100,15.8,10.3
02-24-2025 2200,15.9,10.9
02-24-2025 2300,15.4,10.8
02-25-2025 0000,14.8,10.8
02-25-2025 0100,13.3,10.7
02-25-2025 0200,13.2,11.0
02-25-2025 0300,12.2,10.4
02-25-2025 0400,13.4,10.2
02-25-2025 0500,13.3,10.1
02-25-2025 0600,13.8,9.9
02-25-2025 0700,12.6,9.9
02-25-2025 0800,10.5,9.8
02-25-2025 0900,9.7,9.7
02-25-2025 1000,10.3,9.5
02-25-2025 1100,8.6,9.5
02-25-2025 1200,8.1,9.4
02-25-2025 1300,8.3,9.4
02-25-2025 1400,9.0,9.3
02-25-2025 1500,9.0,9.4
02-25-2025 1600,10.0,9.6
02-25-2025 1700,11.1,10.2
02-25-2025 1800,19.5,10.8
02-25-2025 1900,19.7,11.8
02-25-2025 2000,20.1,12.3
02-25-2025 2100,20.3,12.8
02-25-2025 2200,20.4,13.2
02-25-2025 2300,20.1,13.3
02-26-2025 0000,18.8,13.4
02-26-2025 0100,17.5,13.5
02-26-2025 0200,17.3,13.4
02-26-2025 0300,16.7,13.3
02-26-2025 0400,16.5,13.2
02-26-2025 0500,16.5,13.1
02-26-2025 0600,16.2,13.0
02-26-2025 0700,16.5,12.9
02-26-2025 0800,16.7,12.9
02-26-2025 0900,16.3,12.8
02-26-2025 1000,15.3,12.8
02-26-2025 1100,15.3,12.8
02-26-2025 1200,14.7,12.8
02-26-2025 1300,15.2,12.7
02-26-2025 1400,16.8,12.7
02-26-2025 1500,18.4,12.9
02-26-2025 1600,19.8,13.3
02-26-2025 1700,20.6,13.9
02-26-2025 1800,21.1,14.5
02-26-2025 1900,21.4,15.0
02-26-2025 2000,21.8,15.6
02-26-2025 2100,21.9,16.1
02-26-2025 2200,21.8,16.6
02-26-2025 2300,21.3,16.3
02-27-2025 0000,19.9,16.5
02-27-2025 0100,18.0,16.4
02-27-2025 0200,18.2,16.5
02-27-2025 0300,17.6,16.5
02-27-2025 0400,17.7,16.5
02-27-2025 0500,16.9,16.3
02-27-2025 0600,16.8,16.0
02-27-2025 0700,17.2,16.0
02-27-2025 0800,16.8,16.0
02-27-2025 0900,16.4,15.9
02-27-2025 1000,16.5,15.9
02-27-2025 1100,17.1,15.9
02-27-2025 1200,17.2,15.9
02-27-2025 1300,16.9,16.0
02-27-2025 1400,16.9,16.2
02-27-2025 1500,16.6,16.4
02-27-2025 1600,16.3,16.7
02-27-2025 1700,17.3,17.2
02-27-2025 1800,18.5,17.8
02-27-2025 1900,20.5,18.3
02-27-2025 2000,22.6,19.0
02-27-2025 2100,21.9,19.7
02-27-2025 2200,20.8,20.3
02-27-2025 2300,21.1,20.1
02-28-2025 0000,20.5,20.3
02-28-2025 0100,19.4,20.7
02-28-2025 0200,18.8,20.7
02-28-2025 0300,19.5,20.8
02-28-2025 0400,19.5,20.0
02-28-2025 0500,18.7,19.5
02-28-2025 0600,18.2,19.1
02-28-2025 0700,17.9,18.6
02-28-2025 0800,17.6,18.1
02-28-2025 0900,17.7,18.2
02-28-2025 1000,17.0,18.2
02-28-2025 1100,17.0,18.1
02-28-2025 1200,16.6,18.0
02-28-2025 1300,16.1,17.9
02-28-2025 1400,16.3,18.0
02-28-2025 1500,16.2,18.0
02-28-2025 1600,16.6,18.1
02-28-2025 1700,17.6,18.3
02-28-2025 1800,19.6,18.5
02-28-2025 1900,19.8,19.2
02-28-2025 2000,20.6,19.6
02-28-2025 2100,20.7,19.5
02-28-2025 2200,21.1,19.8
02-28-2025 2300,20.6,20.1
03-01-2025 0000,19.3,20.3
03-01-2025 0100,18.1,20.5
03-01-2025 0200,17.8,20.5
03-01-2025 0300,17.8,20.5
03-01-2025 0400,18.2,19.7
03-01-2025 0500,18.1,19.4
03-01-2025 0600,17.9,19.3
03-01-2025 0700,17.4,19.2
03-01-2025 0800,17.8,19.0
03-01-2025 0900,16.7,18.8
03-01-2025 1000,14.9,18.6
03-01-2025 1100,15.4,18.5
03-01-2025 1200,16.0,18.4
03-01-2025 1300,15.6,18.4
03-01-2025 1400,15.8,18.3
03-01-2025 1500,16.6,18.3
03-01-2025 1600,16.8,18.5
03-01-2025 1700,17.4,18.9
03-01-2025 1800,19.0,19.4
03-01-2025 1900,20.7,20.3
03-01-2025 2000,21.2,20.2
03-01-2025 2100,21.0,20.8
03-01-2025 2200,21.2,21.4
03-01-2025 2300,20.2,21.7
03-02-2025 0000,18.6,21.9
03-02-2025 0100,16.9,21.8
03-02-2025 0200,18.2,21.4
03-02-2025 0300,18.8,21.0
03-02-2025 0400,19.0,20.8
03-02-2025 0500,18.9,20.6
03-02-2025 0600,18.3,20.3
03-02-2025 0700,18.6,20.2
03-02-2025 0800,18.2,20.0
03-02-2025 0900,17.8,19.8
03-02-2025 1000,17.4,19.6
03-02-2025 1100,17.6,19.4
03-02-2025 1200,17.6,19.2
03-02-2025 1300,18.1,19.0
03-02-2025 1400,19.8,19.1
03-02-2025 1500,20.9,19.2
03-02-2025 1600,22.1,19.5
03-02-2025 1700,22.7,19.9
03-02-2025 1800,23.1,20.5
03-02-2025 1900,22.9,21.1
03-02-2025 2000,22.7,21.6
03-02-2025 2100,22.8,21.9
03-02-2025 2200,22.1,22.1
03-02-2025 2300,21.8,22.3
03-03-2025 0000,20.8,22.2
03-03-2025 0100,20.3,22.1
03-03-2025 0200,20.3,22.0
03-03-2025 0300,20.2,21.8
03-03-2025 0400,20.5,21.7
03-03-2025 0500,20.1,21.6
03-03-2025 0600,20.3,21.5
03-03-2025 0700,20.1,21.3
03-03-2025 0800,20.4,21.2
03-03-2025 0900,20.2,21.1
03-03-2025 1000,20.3,21.0
03-03-2025 1100,19.9,20.9
03-03-2025 1200,20.0,20.8
03-03-2025 1300,20.5,20.8
03-03-2025 1400,20.6,20.7
03-03-2025 1500,21.7,20.7
03-03-2025 1600,22.2,20.9
03-03-2025 1700,22.2,21.0
03-03-2025 1800,22.9,21.3
03-03-2025 1900,22.7,21.6
03-03-2025 2000,22.7,22.2
03-03-2025 2100,22.4,22.3
03-03-2025 2200,22.1,22.5
03-03-2025 2300,21.6,22.5
03-04-2025 0000,21.1,22.4
03-04-2025 0100,20.7,21.9
03-04-2025 0200,20.7,21.7
03-04-2025 0300,20.4,21.5
03-04-2025 0400,20.8,21.3
03-04-2025 0500,20.8,21.4
03-04-2025 0600,20.6,21.3
03-04-2025 0700,20.3,21.2
03-04-2025 0800,20.5,21.5
03-04-2025 0900,20.5,21.2
03-04-2025 1000,20.1,21.1
03-04-2025 1100,20.3,21.1
03-04-2025 1200,20.3,20.9
03-04-2025 1300,20.4,21.0
03-04-2025 1400,20.6,21.0
03-04-2025 1500,22.3,21.1
03-04-2025 1600,25.5,21.5
03-04-2025 1700,23.8,21.5
03-04-2025 1800,24.4,21.6
03-04-2025 1900,25.8,21.9
03-04-2025 2000,26.6,21.9
03-04-2025 2100,28.0,21.8
03-04-2025 2200,27.9,21.8
03-04-2025 2300,27.6,21.7
03-05-2025 0000,27.0,21.4
03-05-2025 0100,25.1,21.2
03-05-2025 0200,23.9,20.8
03-05-2025 0300,23.2,20.7
03-05-2025 0400,22.5,20.2
03-05-2025 0500,20.7,20.3
03-05-2025 0600,19.8,20.2
03-05-2025 0700,20.1,20.1
03-05-2025 0800,20.1,19.9
03-05-2025 0900,18.8,19.7
03-05-2025 1000,18.5,19.5
03-05-2025 1100,18.1,19.1
03-05-2025 1200,16.4,18.8
03-05-2025 1300,17.5,18.7
03-05-2025 1400,16.9,18.5
03-05-2025 1500,17.3,18.5
03-05-2025 1600,17.3,18.7
03-05-2025 1700,17.2,19.4
03-05-2025 1800,17.8,19.7
03-05-2025 1900,18.4,20.0
03-05-2025 2000,18.4,20.6
03-05-2025 2100,18.8,21.0
03-05-2025 2200,19.0,20.7
03-05-2025 2300,18.7,20.5
03-06-2025 0000,18.1,20.4
03-06-2025 0100,16.7,20.6
03-06-2025 0200,16.1,20.2
03-06-2025 0300,16.2,19.8
03-06-2025 0400,16.1,19.7
03-06-2025 0500,16.3,19.5
03-06-2025 0600,16.2,19.4
03-06-2025 0700,16.4,19.2
03-06-2025 0800,16.2,19.0
03-06-2025 0900,16.0,18.8
03-06-2025 1000,15.9,18.6
03-06-2025 1100,15.8,18.2
03-06-2025 1200,16.2,18.2
03-06-2025 1300,16.5,18.1
03-06-2025 1400,18.2,18.2
03-06-2025 1500,19.7,18.1
03-06-2025 1600,20.4,18.2
03-06-2025 1700,21.1,18.5
03-06-2025 1800,21.6,18.7
03-06-2025 1900,21.4,19.4
03-06-2025 2000,21.6,19.9
03-06-2025 2100,21.6,20.6
03-06-2025 2200,21.3,20.7
03-06-2025 2300,20.9,20.9
03-07-2025 0000,19.9,20.9
03-07-2025 0100,18.7,20.7
03-07-2025 0200,19.0,20.5
03-07-2025 0300,19.1,20.2
03-07-2025 0400,19.1,20.0
03-07-2025 0500,19.1,19.8
03-07-2025 0600,19.1,19.5
03-07-2025 0700,19.1,19.3
03-07-2025 0800,19.2,19.4
03-07-2025 0900,18.5,19.3
03-07-2025 1000,18.2,19.3
03-07-2025 1100,18.1,19.3
03-07-2025 1200,17.7,19.3
03-07-2025 1300,17.7,19.2
03-07-2025 1400,18.8,19.1
03-07-2025 1500,20.2,19.4
03-07-2025 1600,20.7,19.5
03-07-2025 1700,21.8,19.8
03-07-2025 1800,22.0,20.2
03-07-2025 1900,21.9,20.5
03-07-2025 2000,21.5,20.9
03-07-2025 2100,21.4,21.0
03-07-2025 2200,21.2,21.0
03-07-2025 2300,20.9,21.0
03-08-2025 0000,20.9,21.0
03-08-2025 0100,20.0,20.9
03-08-2025 0200,19.9,20.8
03-08-2025 0300,19.9,20.7
03-08-2025 0400,20.1,20.6
03-08-2025 0500,19.8,20.4
03-08-2025 0600,20.0,20.4
03-08-2025 0700,19.7,20.4
03-08-2025 0800,19.5,20.4
03-08-2025 0900,19.5,20.4
03-08-2025 1000,19.5,20.4
03-08-2025 1100,19.7,20.4
03-08-2025 1200,19.3,20.4
03-08-2025 1300,19.1,20.2
03-08-2025 1400,19.7,20.2
03-08-2025 1500,20.6,20.3
03-08-2025 1600,21.2,20.6
03-08-2025 1700,22.1,21.0
03-08-2025 1800,22.6,21.6
03-08-2025 1900,22.7,22.2
03-08-2025 2000,23.6,22.9
03-08-2025 2100,23.4,23.4
03-08-2025 2200,23.6,23.8
03-08-2025 2300,22.4,23.9
03-09-2025 0000,21.9,23.8
03-09-2025 0100,20.3,24.1
03-09-2025 0200,20.2,24.0
03-09-2025 0300,22.1,23.3
03-09-2025 0400,21.1,22.5
03-09-2025 0500,20.1,22.0
03-09-2025 0600,18.1,21.5
03-09-2025 0700,17.3,20.9
03-09-2025 0800,16.6,20.3
03-09-2025 0900,15.2,20.1
03-09-2025 1000,14.5,19.7
03-09-2025 1100,14.0,19.6
03-09-2025 1200,13.7,19.3
03-09-2025 1300,13.0,19.1
03-09-2025 1400,12.9,18.9
03-09-2025 1500,13.1,19.0
03-09-2025 1600,13.5,19.0
03-09-2025 1700,14.2,19.3
03-09-2025 1800,15.3,19.6
03-09-2025 1900,16.8,19.8
03-09-2025 2000,17.9,20.1
03-09-2025 2100,19.1,20.3
03-09-2025 2200,19.7,20.1
03-09-2025 2300,20.2,20.0
03-10-2025 0000,20.1,19.4
03-10-2025 0100,19.3,19.0
03-10-2025 0200,18.8,18.8
03-10-2025 0300,18.5,18.5
03-10-2025 0400,17.9,18.2
03-10-2025 0500,17.4,18.1
03-10-2025 0600,15.9,18.0
03-10-2025 0700,15.1,17.7
03-10-2025 0800,14.5,17.3
03-10-2025 0900,14.6,17.1
03-10-2025 1000,14.4,16.8
03-10-2025 1100,14.1,16.7
03-10-2025 1200,14.0,16.5
03-10-2025 1300,13.9,16.4
03-10-2025 1400,10.5,16.2
03-10-2025 1500,13.4,16.3
03-10-2025 1600,15.0,16.8
03-10-2025 1700,16.9,17.2
03-10-2025 1800,17.8,17.9
03-10-2025 1900,17.8,18.5
03-10-2025 2000,18.1,19.1
03-10-2025 2100,18.3,19.7
03-10-2025 2200,18.5,19.8
03-10-2025 2300,18.1,19.8
03-11-2025 0000,18.0,19.8
03-11-2025 0100,17.1,19.5
03-11-2025 0200,17.0,19.3
03-11-2025 0300,16.9,19.1
03-11-2025 0400,16.8,18.7
03-11-2025 0500,16.5,18.4
03-11-2025 0600,16.4,18.3
03-11-2025 0700,16.3,18.2
03-11-2025 0800,16.2,18.1
03-11-2025 0900,15.9,17.9
03-11-2025 1000,15.6,17.8
03-11-2025 1100,15.8,17.7
03-11-2025 1200,15.7,17.5
03-11-2025 1300,15.9,17.4
03-11-2025 1400,16.7,17.3
03-11-2025 1500,19.1,17.6
03-11-2025 1600,19.9,17.9
03-11-2025 1700,20.1,18.5
03-11-2025 1800,20.8,19.2
03-11-2025 1900,21.0,19.8
03-11-2025 2000,21.1,20.2
03-11-2025 2100,21.3,20.5
03-11-2025 2200,21.1,20.7
03-11-2025 2300,20.8,20.8
03-12-2025 0000,20.1,20.7
03-12-2025 0100,19.5,20.6
03-12-2025 0200,19.7,20.4
03-12-2025 0300,19.2,20.2
03-12-2025 0400,18.9,20.0
03-12-2025 0500,18.5,19.9
03-12-2025 0600,18.5,19.7
03-12-2025 0700,18.5,19.6
03-12-2025 0800,18.3,19.6
03-12-2025 0900,18.3,19.5
03-12-2025 1000,18.4,19.5
03-12-2025 1100,18.2,19.4
03-12-2025 1200,18.3,19.3
03-12-2025 1300,18.3,19.1
03-12-2025 1400,19.3,19.1
03-12-2025 1500,20.4,19.3
03-12-2025 1600,21.4,19.8
03-12-2025 1700,21.8,20.2
03-12-2025 1800,22.4,20.7
03-12-2025 1900,22.5,21.3
03-12-2025 2000,22.5,21.7
03-12-2025 2100,22.6,21.9
03-12-2025 2200,22.4,22.2
03-12-2025 2300,22.0,22.2
03-13-2025 0000,21.4,22.1
03-13-2025 0100,20.8,21.9
03-13-2025 0200,20.8,21.7
03-13-2025 0300,20.6,21.5
03-13-2025 0400,20.3,21.4
03-13-2025 0500,20.2,21.3
03-13-2025 0600,20.8,21.3
03-13-2025 0700,20.3,21.3
03-13-2025 0800,19.9,21.1
03-13-2025 0900,20.5,21.1
03-13-2025 1000,19.4,21.1
03-13-2025 1100,20.3,21.0
03-13-2025 1200,19.4,20.8
03-13-2025 1300,19.0,20.4
03-13-2025 1400,18.8,20.4
03-13-2025 1500,20.0,20.6
03-13-2025 1600,21.6,21.0
03-13-2025 1700,23.6,21.9
03-13-2025 1800,23.0,22.6
03-13-2025 1900,22.6,23.2
03-13-2025 2000,23.3,23.7
03-13-2025 2100,23.1,23.9
03-13-2025 2200,22.2,24.4
03-13-2025 2300,21.5,24.1
03-14-2025 0000,20.6,24.0
03-14-2025 0100,20.4,23.7
03-14-2025 0200,20.4,23.5
03-14-2025 0300,20.6,23.3
03-14-2025 0400,20.6,23.0
03-14-2025 0500,20.7,22.6
03-14-2025 0600,20.5,22.3
03-14-2025 0700,20.6,22.2
03-14-2025 0800,20.9,22.0
03-14-2025 0900,20.5,21.9
03-14-2025 1000,20.6,21.8
03-14-2025 1100,20.3,21.7
03-14-2025 1200,20.9,21.7
03-14-2025 1300,21.3,21.7
03-14-2025 1400,21.1,21.7
03-14-2025 1500,22.9,21.9
03-14-2025 1600,23.2,22.2
03-14-2025 1700,23.9,22.8
03-14-2025 1800,23.6,23.4
03-14-2025 1900,23.8,24.0
03-14-2025 2000,23.7,24.4
03-14-2025 2100,24.0,24.7
03-14-2025 2200,23.2,24.8
03-14-2025 2300,23.0,24.7
03-15-2025 0000,21.8,24.1
03-15-2025 0100,21.4,24.0
03-15-2025 0200,21.0,23.7
03-15-2025 0300,20.0,23.4
03-15-2025 0400,19.9,23.2
03-15-2025 0500,19.8,23.1
03-15-2025 0600,19.7,23.1
03-15-2025 0700,20.1,22.7
03-15-2025 0800,20.6,22.5
03-15-2025 0900,20.7,22.3
03-15-2025 1000,21.0,22.1
03-15-2025 1100,21.1,21.9
03-15-2025 1200,20.8,22.0
03-15-2025 1300,19.3,22.2
03-15-2025 1400,21.3,22.1
03-15-2025 1500,23.2,22.0
03-15-2025 1600,23.5,22.2
03-15-2025 1700,24.2,22.6
03-15-2025 1800,25.6,23.1
03-15-2025 1900,26.4,23.7
03-15-2025 2000,27.0,24.1
03-15-2025 2100,27.7,24.0
03-15-2025 2200,28.3,23.9
03-15-2025 2300,28.2,23.5
03-16-2025 0000,27.6,23.1
03-16-2025 0100,25.9,22.7
03-16-2025 0200,24.5,22.4
03-16-2025 0300,24.3,22.0
03-16-2025 0400,23.4,22.0
03-16-2025 0500,22.2,21.8
03-16-2025 0600,20.8,21.8
03-16-2025 0700,20.1,21.6
03-16-2025 0800,21.2,21.3
03-16-2025 0900,20.1,20.8
03-16-2025 1000,19.4,20.5
03-16-2025 1100,18.3,20.2
03-16-2025 1200,16.6,19.9
03-16-2025 1300,16.6,19.9
03-16-2025 1400,16.5,19.8
03-16-2025 1500,18.1,20.1
03-16-2025 1600,19.7,20.4
03-16-2025 1700,20.2,20.9
03-16-2025 1800,20.6,21.4
03-16-2025 1900,20.5,21.8
03-16-2025 2000,20.8,22.2
03-16-2025 2100,20.9,22.3
03-16-2025 2200,21.4,22.4
03-16-2025 2300,20.8,22.3
03-17-2025 0000,20.1,22.1
03-17-2025 0100,19.0,21.8
03-17-2025 0200,18.9,21.6
03-17-2025 0300,18.6,21.1
03-17-2025 0400,18.2,21.0
03-17-2025 0500,17.9,20.8
03-17-2025 0600,19.1,20.7
03-17-2025 0700,19.1,20.4
03-17-2025 0800,18.6,20.2
03-17-2025 0900,17.3,19.8
03-17-2025 1000,15.3,19.7
03-17-2025 1100,16.5,19.5
03-17-2025 1200,16.3,19.3
03-17-2025 1300,17.0,19.3
03-17-2025 1400,19.1,19.6
03-17-2025 1500,20.7,19.9
03-17-2025 1600,21.7,20.2
03-17-2025 1700,22.1,20.7
03-17-2025 1800,22.4,21.4
03-17-2025 1900,22.7,21.9
03-17-2025 2000,22.9,22.4
03-17-2025 2100,22.3,22.5
03-17-2025 2200,22.4,22.6
03-17-2025 2300,22.1,22.4
03-18-2025 0000,21.3,22.0
03-18-2025 0100,20.5,21.6
03-18-2025 0200,20.4,21.3
03-18-2025 0300,20.3,21.0
03-18-2025 0400,20.0,20.8
03-18-2025 0500,19.9,20.6
03-18-2025 0600,19.8,20.4
03-18-2025 0700,19.9,20.2
03-18-2025 0800,19.8,20.0
03-18-2025 0900,19.8,19.8
03-18-2025 1000,19.8,19.7
03-18-2025 1100,19.8,19.6
03-18-2025 1200,19.8,19.6
03-18-2025 1300,19.7,19.5
03-18-2025 1400,20.5,19.5
03-18-2025 1500,21.2,19.8
03-18-2025 1600,21.6,20.3
03-18-2025 1700,22.3,21.0
03-18-2025 1800,22.5,21.6
03-18-2025 1900,22.9,22.1
03-18-2025 2000,22.9,22.5
03-18-2025 2100,22.6,22.8
03-18-2025 2200,22.4,23.0
03-18-2025 2300,21.8,23.0
03-19-2025 0000,21.3,22.8
03-19-2025 0100,20.8,22.4
03-19-2025 0200,20.7,22.1
03-19-2025 0300,20.6,22.0
03-19-2025 0400,20.4,21.7
03-19-2025 0500,20.5,21.5
03-19-2025 0600,20.4,21.5
03-19-2025 0700,20.3,21.5
03-19-2025 0800,20.3,21.3
03-19-2025 0900,20.2,21.2
03-19-2025 1000,20.0,21.0
03-19-2025 1100,20.0,21.0
03-19-2025 1200,20.6,20.9
03-19-2025 1300,20.4,20.8
03-19-2025 1400,20.8,20.7
03-19-2025 1500,21.3,21.1
03-19-2025 1600,22.0,21.2
03-19-2025 1700,22.6,21.7
03-19-2025 1800,24.4,22.5
03-19-2025 1900,24.0,23.2
03-19-2025 2000,25.4,23.7
03-19-2025 2100,26.1,23.8
03-19-2025 2200,26.0,23.9
03-19-2025 2300,24.8,24.1
03-20-2025 0000,22.8,23.9
03-20-2025 0100,21.3,23.7
03-20-2025 0200,21.1,23.4
03-20-2025 0300,23.6,23.0
03-20-2025 0400,23.4,21.7
03-20-2025 0500,21.7,21.1
03-20-2025 0600,20.5,20.6
03-20-2025 0700,18.8,20.1
03-20-2025 0800,17.6,19.7
03-20-2025 0900,16.1,19.2
03-20-2025 1000,15.3,18.9
03-20-2025 1100,14.8,18.3
03-20-2025 1200,14.4,17.5
03-20-2025 1300,14.0,17.1
03-20-2025 1400,14.0,16.6
03-20-2025 1500,13.9,16.8
03-20-2025 1600,14.5,16.6
03-20-2025 1700,14.9,17.3
03-20-2025 1800,15.8,17.5
03-20-2025 1900,16.6,18.3
03-20-2025 2000,17.6,18.3
03-20-2025 2100,17.7,18.4
03-20-2025 2200,17.5,19.1
03-20-2025 2300,17.7,19.2
03-21-2025 0000,17.2,19.2
03-21-2025 0100,15.9,19.0
03-21-2025 0200,15.8,18.6
03-21-2025 0300,15.9,18.4
03-21-2025 0400,16.1,18.0
03-21-2025 0500,16.0,17.8
03-21-2025 0600,16.1,17.6
03-21-2025 0700,16.1,17.4
03-21-2025 0800,16.5,17.3
03-21-2025 0900,16.3,17.1
03-21-2025 1000,16.5,17.0
03-21-2025 1100,15.9,16.9
03-21-2025 1200,16.1,16.7
03-21-2025 1300,16.8,16.5
03-21-2025 1400,18.7,16.7
03-21-2025 1500,19.2,17.1
03-21-2025 1600,19.6,17.3
03-21-2025 1700,20.1,18.0
03-21-2025 1800,20.2,18.6
03-21-2025 1900,20.6,19.2
03-21-2025 2000,20.7,19.7
03-21-2025 2100,20.9,20.0
03-21-2025 2200,21.0,20.3
03-21-2025 2300,20.9,20.5
03-22-2025 0000,20.4,20.4
03-22-2025 0100,19.8,20.2
03-22-2025 0200,19.6,19.9
03-22-2025 0300,19.7,19.8
03-22-2025 0400,19.7,19.5
03-22-2025 0500,19.6,19.3
03-22-2025 0600,19.6,19.3
03-22-2025 0700,19.3,19.2
03-22-2025 0800,18.9,19.1
03-22-2025 0900,18.9,19.0
03-22-2025 1000,18.9,19.0
03-22-2025 1100,18.8,19.0
03-22-2025 1200,19.0,18.9
03-22-2025 1300,19.2,18.7
03-22-2025 1400,20.4,19.0
03-22-2025 1500,21.7,18.9
03-22-2025 1600,22.4,19.5
03-22-2025 1700,23.0,20.5
03-22-2025 1800,23.0,21.1
03-22-2025 1900,23.4,21.8
03-22-2025 2000,22.8,22.3
03-22-2025 2100,22.9,22.4
03-22-2025 2200,22.6,22.7
03-22-2025 2300,22.3,22.6
03-23-2025 0000,21.7,22.5
03-23-2025 0100,20.9,22.4
03-23-2025 0200,20.8,22.3
03-23-2025 0300,20.7,22.1
03-23-2025 0400,20.8,21.9
03-23-2025 0500,21.2,21.7
03-23-2025 0600,20.8,21.6
03-23-2025 0700,20.6,21.4
03-23-2025 0800,20.5,21.3
03-23-2025 0900,20.6,21.1
03-23-2025 1000,20.7,21.1
03-23-2025 1100,21.3,21.0
03-23-2025 1200,20.9,21.0
03-23-2025 1300,20.9,21.0
03-23-2025 1400,21.5,21.1
03-23-2025 1500,22.5,21.3
03-23-2025 1600,23.0,21.5
03-23-2025 1700,23.4,22.1
03-23-2025 1800,23.6,22.7
03-23-2025 1900,23.4,23.3
03-23-2025 2000,23.2,23.5
03-23-2025 2100,24.0,23.7
03-23-2025 2200,23.4,23.8
03-23-2025 2300,22.9,23.9
03-24-2025 0000,22.5,23.8
03-24-2025 0100,21.8,23.6
03-24-2025 0200,21.8,23.3
03-24-2025 0300,21.8,23.1
03-24-2025 0400,21.5,22.9
03-24-2025 0500,21.6,22.8
03-24-2025 0600,22.0,22.7
03-24-2025 0700,21.8,22.7
03-24-2025 0800,21.7,22.7
03-24-2025 0900,21.4,22.7
03-24-2025 1000,21.7,22.6
03-24-2025 1100,21.8,22.6
03-24-2025 1200,21.5,22.6
03-24-2025 1300,21.1,22.5
03-24-2025 1400,21.7,22.5
03-24-2025 1500,22.4,22.5
03-24-2025 1600,21.7,22.5
03-24-2025 1700,22.7,22.7
03-24-2025 1800,23.0,23.3
03-24-2025 1900,22.7,23.5
03-24-2025 2000,23.7,23.8
03-24-2025 2100,24.1,24.5
03-24-2025 2200,23.7,24.9
03-24-2025 2300,23.5,25.1
03-25-2025 0000,22.7,25.4
03-25-2025 0100,21.4,25.4
03-25-2025 0200,21.2,25.2
03-25-2025 0300,21.1,25.0
03-25-2025 0400,21.0,24.7
03-25-2025 0500,20.9,24.0
03-25-2025 0600,20.5,23.8
03-25-2025 0700,20.4,23.4
03-25-2025 0800,20.5,23.2
03-25-2025 0900,20.5,23.2
03-25-2025 1000,20.3,23.3
03-25-2025 1100,20.4,23.2
03-25-2025 1200,20.7,23.0
03-25-2025 1300,20.7,22.7
03-25-2025 1400,21.4,22.7
03-25-2025 1500,22.2,23.3
03-25-2025 1600,23.2,23.7
03-25-2025 1700,24.3,24.2
03-25-2025 1800,25.3,25.0
03-25-2025 1900,25.9,25.5
03-25-2025 2000,24.6,25.6
03-25-2025 2100,23.3,26.3
03-25-2025 2200,23.4,27.2
03-25-2025 2300,23.6,27.4
03-26-2025 0000,22.8,27.4
03-26-2025 0100,22.1,27.7
03-26-2025 0200,21.9,27.3
03-26-2025 0300,22.1,26.8
03-26-2025 0400,22.3,26.2
03-26-2025 0500,22.0,25.8
03-26-2025 0600,21.9,25.3
03-26-2025 0700,21.7,24.7
03-26-2025 0800,21.5,24.4
03-26-2025 0900,21.5,24.2
03-26-2025 1000,21.4,24.1
03-26-2025 1100,21.4,24.0
03-26-2025 1200,21.7,23.8
03-26-2025 1300,21.9,23.7
03-26-2025 1400,22.3,23.7
03-26-2025 1500,23.6,24.0
03-26-2025 1600,23.7,24.4
03-26-2025 1700,23.8,24.2
03-26-2025 1800,22.5,24.6
03-26-2025 1900,22.3,24.6
03-26-2025 2000,22.3,24.4
03-26-2025 2100,22.1,24.3
03-26-2025 2200,21.4,24.2
03-26-2025 2300,21.3,24.2
03-27-2025 0000,21.2,24.1
03-27-2025 0100,20.8,23.8
03-27-2025 0200,20.7,23.5
03-27-2025 0300,19.9,23.1
03-27-2025 0400,20.3,22.9
03-27-2025 0500,20.2,22.8
03-27-2025 0600,20.8,22.6
03-27-2025 0700,21.2,22.6
03-27-2025 0800,21.2,22.5
03-27-2025 0900,20.9,22.5
03-27-2025 1000,21.3,22.3
03-27-2025 1100,21.0,21.8
03-27-2025 1200,21.3,22.1
03-27-2025 1300,21.4,22.2
03-27-2025 1400,21.9,22.0
03-27-2025 1500,22.3,22.2
03-27-2025 1600,22.2,22.1
03-27-2025 1700,21.5,22.2
03-27-2025 1800,20.6,22.1
03-27-2025 1900,21.5,22.0
03-27-2025 2000,19.9,21.9
03-27-2025 2100,19.9,21.9
03-27-2025 2200,19.7,21.8
03-27-2025 2300,19.9,21.7
03-28-2025 0000,20.1,21.6
03-28-2025 0100,19.6,21.1
03-28-2025 0200,18.8,20.6
03-28-2025 0300,19.2,20.8
03-28-2025 0400,20.3,20.5
03-28-2025 0500,19.9,20.5
03-28-2025 0600,19.1,20.3
03-28-2025 0700,17.5,20.4
03-28-2025 0800,17.4,20.5
03-28-2025 0900,19.5,20.4
03-28-2025 1000,19.1,20.4
03-28-2025 1100,19.7,20.3
03-28-2025 1200,20.1,20.3
03-28-2025 1300,20.2,20.2
03-28-2025 1400,20.4,20.3
03-28-2025 1500,21.4,20.5
03-28-2025 1600,21.9,21.1
03-28-2025 1700,22.5,21.5
03-28-2025 1800,24.1,21.8
03-28-2025 1900,23.8,22.3
03-28-2025 2000,22.6,22.6
03-28-2025 2100,22.0,23.0
03-28-2025 2200,23.0,23.0
03-28-2025 2300,22.7,23.2
03-29-2025 0000,22.2,23.1
03-29-2025 0100,21.8,23.2
03-29-2025 0200,21.6,23.1
03-29-2025 0300,21.7,23.0
03-29-2025 0400,21.7,22.8
03-29-2025 0500,21.6,22.7
03-29-2025 0600,21.6,22.5
03-29-2025 0700,21.7,22.4
03-29-2025 0800,21.7,22.3
03-29-2025 0900,22.2,22.3
03-29-2025 1000,22.2,22.2
03-29-2025 1100,22.1,22.2
03-29-2025 1200,21.9,22.1
03-29-2025 1300,21.8,22.0
03-29-2025 1400,22.0,22.0
03-29-2025 1500,22.4,22.1
03-29-2025 1600,23.2,22.4
03-29-2025 1700,24.4,22.8
03-29-2025 1800,24.5,23.2
03-29-2025 1900,24.9,23.7
03-29-2025 2000,25.1,24.2
03-29-2025 2100,25.1,24.5
03-29-2025 2200,25.0,24.7
03-29-2025 2300,24.0,24.8
03-30-2025 0000,23.7,24.8
03-30-2025 0100,23.0,24.7
03-30-2025 0200,22.7,24.4
03-30-2025 0300,22.7,24.3
03-30-2025 0400,22.5,24.2
03-30-2025 0500,22.7,24.0
03-30-2025 0600,23.1,23.9
03-30-2025 0700,23.3,23.9
03-30-2025 0800,23.3,23.8
03-30-2025 0900,23.0,23.8
03-30-2025 1000,22.9,23.8
03-30-2025 1100,22.8,23.8
03-30-2025 1200,22.8,23.8
03-30-2025 1300,22.9,23.8
03-30-2025 1400,23.4,23.8
03-30-2025 1500,24.2,23.8
03-30-2025 1600,24.5,24.1
03-30-2025 1700,24.9,24.4
03-30-2025 1800,25.0,24.8
03-30-2025 1900,25.2,25.4
03-30-2025 2000,25.3,25.8
03-30-2025 2100,25.0,25.9
03-30-2025 2200,25.2,26.1
03-30-2025 2300,24.6,26.1
03-31-2025 0000,24.2,26.3
03-31-2025 0100,23.4,26.3
03-31-2025 0200,23.3,26.3
03-31-2025 0300,23.3,26.3
03-31-2025 0400,23.4,26.2
03-31-2025 0500,23.6,26.1
03-31-2025 0600,23.6,25.9
03-31-2025 0700,23.9,25.6
03-31-2025 0800,23.8,25.5
03-31-2025 0900,23.6,25.4
03-31-2025 1000,23.4,25.4
03-31-2025 1100,23.4,25.3
03-31-2025 1200,23.6,25.2
03-31-2025 1300,23.8,25.1
03-31-2025 1400,23.9,25.1
03-31-2025 1500,24.5,25.1
03-31-2025 1600,24.9,25.2
03-31-2025 1700,26.1,25.6
03-31-2025 1800,26.5,26.2
03-31-2025 1900,26.3,26.7
03-31-2025 2000,26.2,27.2
03-31-2025 2100,26.2,27.4
03-31-2025 2200,25.8,27.7
03-31-2025 2300,25.2,28.0
