run_num,model_type,lead_time,cycle,activation,num_layers,neurons,dropout,loss_value,val_mae,val_mae12,val_me,val_me12,val_mape,mae_2021,mae12_2021,me_2021,me12_2021,mape_2021,metrics,timestamp,status,duration_sec
1,MAPE,120,0,relu,1,32,0.0,47.11074447631836,9.497344970703125,10.061607360839844,6.668656994977326,9.816651453497116,47.11074447631836,10.10415267944336,13.603568077087402,7.697308587073231,13.45119765647424,59.70708084106445,"{""loss"": 46.688594818115234, ""mape"": 46.688594818115234, ""mae"": 9.495736122131348, ""val_loss"": 47.11074447631836, ""val_mape"": 47.11074447631836, ""val_mae"": 9.497344970703125, ""lr"": 0.00010000000474974513, ""val_mae12"": 10.061607360839844, ""val_me"": 6.668656994977326, ""val_me12"": 9.816651453497116, ""mape_2021"": 59.70708084106445, ""mae_2021"": 10.10415267944336, ""mae12_2021"": 13.603568077087402, ""me_2021"": 7.697308587073231, ""me12_2021"": 13.45119765647424, ""epochs_trained"": 106}",2026-07-02T09:06:08.945234,completed,
1,MAPE,120,0,relu,1,32,0.05,46.364349365234375,9.410181045532227,8.966620445251465,6.801629925624419,8.405171225255314,46.364349365234375,10.133225440979004,12.265512466430664,7.868145423456945,11.75454186646315,57.726375579833984,"{""loss"": 47.117095947265625, ""mape"": 47.117095947265625, ""mae"": 9.736823081970215, ""val_loss"": 46.364349365234375, ""val_mape"": 46.364349365234375, ""val_mae"": 9.410181045532227, ""lr"": 0.00010000000474974513, ""val_mae12"": 8.966620445251465, ""val_me"": 6.801629925624419, ""val_me12"": 8.405171225255314, ""mape_2021"": 57.726375579833984, ""mae_2021"": 10.133225440979004, ""mae12_2021"": 12.265512466430664, ""me_2021"": 7.868145423456945, ""me12_2021"": 11.75454186646315, ""epochs_trained"": 118}",2026-07-02T09:06:09.668337,completed,
1,MAPE,120,0,relu,1,32,0.1,44.94548416137695,9.168859481811523,8.505845069885254,6.819820955997076,7.529478036662879,44.94548416137695,9.978034019470215,11.52859115600586,7.799219038527817,10.314921209363533,55.0499382019043,"{""loss"": 46.33041763305664, ""mape"": 46.33041763305664, ""mae"": 9.66824722290039, ""val_loss"": 44.94548416137695, ""val_mape"": 44.94548416137695, ""val_mae"": 9.168859481811523, ""lr"": 0.00010000000474974513, ""val_mae12"": 8.505845069885254, ""val_me"": 6.819820955997076, ""val_me12"": 7.529478036662879, ""mape_2021"": 55.0499382019043, ""mae_2021"": 9.978034019470215, ""mae12_2021"": 11.52859115600586, ""me_2021"": 7.799219038527817, ""me12_2021"": 10.314921209363533, ""epochs_trained"": 132}",2026-07-02T09:06:09.894226,completed,
1,MAPE,120,0,relu,1,16,0.0,47.05587387084961,9.415722846984863,9.75717830657959,6.854760908381144,9.640097702075652,47.05587387084961,10.159513473510742,13.461118698120117,7.880434877396423,13.456562498359277,60.235435485839844,"{""loss"": 47.5621223449707, ""mape"": 47.5621223449707, ""mae"": 9.600639343261719, ""val_loss"": 47.05587387084961, ""val_mape"": 47.05587387084961, ""val_mae"": 9.415722846984863, ""lr"": 0.00010000000474974513, ""val_mae12"": 9.75717830657959, ""val_me"": 6.854760908381144, ""val_me12"": 9.640097702075652, ""mape_2021"": 60.235435485839844, ""mae_2021"": 10.159513473510742, ""mae12_2021"": 13.461118698120117, ""me_2021"": 7.880434877396423, ""me12_2021"": 13.456562498359277, ""epochs_trained"": 134}",2026-07-02T09:06:10.297864,completed,
1,MAPE,120,0,relu,1,16,0.05,46.63176345825195,9.450618743896484,9.19683837890625,7.390640291019953,8.763303248301764,46.63176345825195,10.223366737365723,12.50647258758545,8.315437913020945,12.086597010199178,58.7166862487793,"{""loss"": 48.51109313964844, ""mape"": 48.51109313964844, ""mae"": 10.032637596130371, ""val_loss"": 46.63176345825195, ""val_mape"": 46.63176345825195, ""val_mae"": 9.450618743896484, ""lr"": 0.00010000000474974513, ""val_mae12"": 9.19683837890625, ""val_me"": 7.390640291019953, ""val_me12"": 8.763303248301764, ""mape_2021"": 58.7166862487793, ""mae_2021"": 10.223366737365723, ""mae12_2021"": 12.50647258758545, ""me_2021"": 8.315437913020945, ""me12_2021"": 12.086597010199178, ""epochs_trained"": 153}",2026-07-02T09:06:11.234285,completed,
1,MAPE,120,0,relu,1,16,0.1,46.750152587890625,9.623162269592285,8.621587753295898,7.66970084161262,7.605143661138196,46.750152587890625,10.32512092590332,11.600479125976562,8.513142614638406,10.415525499575175,56.843624114990234,"{""loss"": 49.042747497558594, ""mape"": 49.042747497558594, ""mae"": 10.375636100769043, ""val_loss"": 46.750152587890625, ""val_mape"": 46.750152587890625, ""val_mae"": 9.623162269592285, ""lr"": 0.00010000000474974513, ""val_mae12"": 8.621587753295898, ""val_me"": 7.66970084161262, ""val_me12"": 7.605143661138196, ""mape_2021"": 56.843624114990234, ""mae_2021"": 10.32512092590332, ""mae12_2021"": 11.600479125976562, ""me_2021"": 8.513142614638406, ""me12_2021"": 10.415525499575175, ""epochs_trained"": 185}",2026-07-02T09:06:12.923853,completed,
1,MAPE,120,0,relu,1,32,0.3,44.920379638671875,9.241168975830078,7.82919979095459,7.377254865400726,6.230326523306074,44.920379638671875,10.107683181762695,10.712787628173828,8.260435447030787,8.61359024294389,54.0117073059082,"{""loss"": 50.25146484375, ""mape"": 50.25146484375, ""mae"": 10.897411346435547, ""val_loss"": 44.920379638671875, ""val_mape"": 44.920379638671875, ""val_mae"": 9.241168975830078, ""lr"": 1.0000000656873453e-05, ""val_mae12"": 7.82919979095459, ""val_me"": 7.377254865400726, ""val_me12"": 6.230326523306074, ""mape_2021"": 54.0117073059082, ""mae_2021"": 10.107683181762695, ""mae12_2021"": 10.712787628173828, ""me_2021"": 8.260435447030787, ""me12_2021"": 8.61359024294389, ""epochs_trained"": 187}",2026-07-02T09:06:12.994013,completed,
1,MAPE,120,0,relu,1,64,0.0,46.34220504760742,9.4696044921875,9.047839164733887,6.820289349554366,8.341439799803977,46.34220504760742,10.077999114990234,12.229987144470215,7.8459525101669785,11.458111242269535,57.133914947509766,"{""loss"": 45.67013931274414, ""mape"": 45.67013931274414, ""mae"": 9.41213607788086, ""val_loss"": 46.34220504760742, ""val_mape"": 46.34220504760742, ""val_mae"": 9.4696044921875, ""lr"": 0.00010000000474974513, ""val_mae12"": 9.047839164733887, ""val_me"": 6.820289349554366, ""val_me12"": 8.341439799803977, ""mape_2021"": 57.133914947509766, ""mae_2021"": 10.077999114990234, ""mae12_2021"": 12.229987144470215, ""me_2021"": 7.8459525101669785, ""me12_2021"": 11.458111242269535, ""epochs_trained"": 94}",2026-07-02T09:06:20.876464,completed,
1,MAPE,120,0,relu,1,64,0.05,46.29627227783203,9.439815521240234,8.673710823059082,6.627878090129303,8.137311765518259,46.29627227783203,10.101582527160645,11.581055641174316,7.7677187781106065,11.082145941736028,56.80425262451172,"{""loss"": 46.526649475097656, ""mape"": 46.526649475097656, ""mae"": 9.622614860534668, ""val_loss"": 46.29627227783203, ""val_mape"": 46.29627227783203, ""val_mae"": 9.439815521240234, ""lr"": 0.00010000000474974513, ""val_mae12"": 8.673710823059082, ""val_me"": 6.627878090129303, ""val_me12"": 8.137311765518259, ""mape_2021"": 56.80425262451172, ""mae_2021"": 10.101582527160645, ""mae12_2021"": 11.581055641174316, ""me_2021"": 7.7677187781106065, ""me12_2021"": 11.082145941736028, ""epochs_trained"": 95}",2026-07-02T09:06:21.844124,completed,
1,MAPE,120,0,relu,1,64,0.1,44.90483474731445,9.161676406860352,8.413095474243164,6.852897074204513,7.290968846702387,44.90483474731445,10.012910842895508,11.121864318847656,7.883839374533608,9.799349128353985,54.404476165771484,"{""loss"": 45.81597137451172, ""mape"": 45.81597137451172, ""mae"": 9.582601547241211, ""val_loss"": 44.90483474731445, ""val_mape"": 44.90483474731445, ""val_mae"": 9.161676406860352, ""lr"": 0.00010000000474974513, ""val_mae12"": 8.413095474243164, ""val_me"": 6.852897074204513, ""val_me12"": 7.290968846702387, ""mape_2021"": 54.404476165771484, ""mae_2021"": 10.012910842895508, ""mae12_2021"": 11.121864318847656, ""me_2021"": 7.883839374533608, ""me12_2021"": 9.799349128353985, ""epochs_trained"": 113}",2026-07-02T09:06:22.720872,completed,
1,MAPE,120,0,relu,1,128,0.0,46.39619445800781,9.511539459228516,8.346953392028809,6.51700805097307,7.178659812335323,46.39619445800781,10.127302169799805,11.29494571685791,7.6963077684169505,9.821490386827735,55.45406723022461,"{""loss"": 45.173213958740234, ""mape"": 45.173213958740234, ""mae"": 9.346711158752441, ""val_loss"": 46.39619445800781, ""val_mape"": 46.39619445800781, ""val_mae"": 9.511539459228516, ""lr"": 0.00010000000474974513, ""val_mae12"": 8.346953392028809, ""val_me"": 6.51700805097307, ""val_me12"": 7.178659812335323, ""mape_2021"": 55.45406723022461, ""mae_2021"": 10.127302169799805, ""mae12_2021"": 11.29494571685791, ""me_2021"": 7.6963077684169505, ""me12_2021"": 9.821490386827735, ""epochs_trained"": 81}",2026-07-02T09:06:22.735390,completed,
1,MAPE,120,0,relu,1,64,0.3,45.2181510925293,9.223243713378906,8.570134162902832,6.7324608852563195,7.716426573675702,45.2181510925293,10.055471420288086,11.530050277709961,7.804006785186814,10.60542930412464,56.052852630615234,"{""loss"": 48.776485443115234, ""mape"": 48.776485443115234, ""mae"": 10.302620887756348, ""val_loss"": 45.2181510925293, ""val_mape"": 45.2181510925293, ""val_mae"": 9.223243713378906, ""lr"": 0.00010000000474974513, ""val_mae12"": 8.570134162902832, ""val_me"": 6.7324608852563195, ""val_me12"": 7.716426573675702, ""mape_2021"": 56.052852630615234, ""mae_2021"": 10.055471420288086, ""mae12_2021"": 11.530050277709961, ""me_2021"": 7.804006785186814, ""me12_2021"": 10.60542930412464, ""epochs_trained"": 109}",2026-07-02T09:06:23.006568,completed,
1,MAPE,120,0,relu,1,128,0.05,46.58192443847656,9.48713207244873,8.783262252807617,6.965922696645581,8.39872461471669,46.58192443847656,10.17121696472168,12.138969421386719,8.016219277745726,11.76949645990967,58.17665100097656,"{""loss"": 46.488929748535156, ""mape"": 46.488929748535156, ""mae"": 9.556241035461426, ""val_loss"": 46.58192443847656, ""val_mape"": 46.58192443847656, ""val_mae"": 9.48713207244873, ""lr"": 0.00010000000474974513, ""val_mae12"": 8.783262252807617, ""val_me"": 6.965922696645581, ""val_me12"": 8.39872461471669, ""mape_2021"": 58.17665100097656, ""mae_2021"": 10.17121696472168, ""mae12_2021"": 12.138969421386719, ""me_2021"": 8.016219277745726, ""me12_2021"": 11.76949645990967, ""epochs_trained"": 75}",2026-07-02T09:06:23.911531,completed,
1,MAPE,120,0,relu,1,128,0.1,46.44086456298828,9.47182846069336,8.597563743591309,6.48362313050421,7.8501982267371355,46.44086456298828,10.102922439575195,11.677453994750977,7.63767478621459,10.813887477178875,56.51808166503906,"{""loss"": 46.17901611328125, ""mape"": 46.17901611328125, ""mae"": 9.540661811828613, ""val_loss"": 46.44086456298828, ""val_mape"": 46.44086456298828, ""val_mae"": 9.47182846069336, ""lr"": 0.00010000000474974513, ""val_mae12"": 8.597563743591309, ""val_me"": 6.48362313050421, ""val_me12"": 7.8501982267371355, ""mape_2021"": 56.51808166503906, ""mae_2021"": 10.102922439575195, ""mae12_2021"": 11.677453994750977, ""me_2021"": 7.63767478621459, ""me12_2021"": 10.813887477178875, ""epochs_trained"": 78}",2026-07-02T09:06:24.109305,completed,
1,MAPE,120,0,relu,1,128,0.3,45.38250732421875,9.246227264404297,8.638463973999023,6.921388020485112,7.837119368722877,45.38250732421875,10.070769309997559,11.658136367797852,7.933814718625315,10.69248582945218,56.0834846496582,"{""loss"": 46.933258056640625, ""mape"": 46.933258056640625, ""mae"": 9.808853149414062, ""val_loss"": 45.38250732421875, ""val_mape"": 45.38250732421875, ""val_mae"": 9.246227264404297, ""lr"": 0.00010000000474974513, ""val_mae12"": 8.638463973999023, ""val_me"": 6.921388020485112, ""val_me12"": 7.837119368722877, ""mape_2021"": 56.0834846496582, ""mae_2021"": 10.070769309997559, ""mae12_2021"": 11.658136367797852, ""me_2021"": 7.933814718625315, ""me12_2021"": 10.69248582945218, ""epochs_trained"": 84}",2026-07-02T09:06:28.468956,completed,
1,MAPE,120,0,relu,1,16,0.3,32.05122375488281,6.8086371421813965,3.9956870079040527,5.755132554916526,3.4216873789782136,32.05122375488281,7.461724758148193,4.9966278076171875,6.374203441762794,3.284688885271058,38.16729736328125,"{""loss"": 39.23258972167969, ""mape"": 39.23258972167969, ""mae"": 8.51231861114502, ""val_loss"": 32.05122375488281, ""val_mape"": 32.05122375488281, ""val_mae"": 6.8086371421813965, ""lr"": 1.0000000656873453e-05, ""val_mae12"": 3.9956870079040527, ""val_me"": 5.755132554916526, ""val_me12"": 3.4216873789782136, ""mape_2021"": 38.16729736328125, ""mae_2021"": 7.461724758148193, ""mae12_2021"": 4.9966278076171875, ""me_2021"": 6.374203441762794, ""me12_2021"": 3.284688885271058, ""epochs_trained"": 625}",2026-07-02T09:06:32.778450,completed,
1,MAPE,120,0,relu,1,256,0.05,46.12761306762695,9.374678611755371,8.333548545837402,6.626030628020701,7.50826099480099,46.12761306762695,10.1216402053833,11.503852844238281,7.763614406374866,10.57188732782288,56.40838623046875,"{""loss"": 45.4269905090332, ""mape"": 45.4269905090332, ""mae"": 9.366043090820312, ""val_loss"": 46.12761306762695, ""val_mape"": 46.12761306762695, ""val_mae"": 9.374678611755371, ""lr"": 0.00010000000474974513, ""val_mae12"": 8.333548545837402, ""val_me"": 6.626030628020701, ""val_me12"": 7.50826099480099, ""mape_2021"": 56.40838623046875, ""mae_2021"": 10.1216402053833, ""mae12_2021"": 11.503852844238281, ""me_2021"": 7.763614406374866, ""me12_2021"": 10.57188732782288, ""epochs_trained"": 67}",2026-07-02T09:06:53.733095,completed,
1,MAPE,120,0,relu,1,256,0.1,45.31531524658203,9.250009536743164,8.856253623962402,6.665198870844134,7.853527173407303,45.31531524658203,10.045034408569336,11.661046981811523,7.714952834703333,10.439234975569285,55.451446533203125,"{""loss"": 44.970401763916016, ""mape"": 44.970401763916016, ""mae"": 9.31998062133789, ""val_loss"": 45.31531524658203, ""val_mape"": 45.31531524658203, ""val_mae"": 9.250009536743164, ""lr"": 0.00010000000474974513, ""val_mae12"": 8.856253623962402, ""val_me"": 6.665198870844134, ""val_me12"": 7.853527173407303, ""mape_2021"": 55.451446533203125, ""mae_2021"": 10.045034408569336, ""mae12_2021"": 11.661046981811523, ""me_2021"": 7.714952834703333, ""me12_2021"": 10.439234975569285, ""epochs_trained"": 77}",2026-07-02T09:06:54.146090,completed,
1,MAPE,120,0,relu,1,256,0.3,45.29087448120117,9.256892204284668,8.734114646911621,6.034254516960407,7.751024665439143,45.29087448120117,9.973726272583008,11.566635131835938,7.213964661686798,10.451703707634909,54.95561981201172,"{""loss"": 45.557987213134766, ""mape"": 45.557987213134766, ""mae"": 9.493844985961914, ""val_loss"": 45.29087448120117, ""val_mape"": 45.29087448120117, ""val_mae"": 9.256892204284668, ""lr"": 0.00010000000474974513, ""val_mae12"": 8.734114646911621, ""val_me"": 6.034254516960407, ""val_me12"": 7.751024665439143, ""mape_2021"": 54.95561981201172, ""mae_2021"": 9.973726272583008, ""mae12_2021"": 11.566635131835938, ""me_2021"": 7.213964661686798, ""me12_2021"": 10.451703707634909, ""epochs_trained"": 76}",2026-07-02T09:06:54.250557,completed,
1,MAPE,120,0,relu,1,256,0.0,45.23855209350586,9.297993659973145,8.78700065612793,6.42650496041849,7.4444021342122655,45.23855209350586,10.030843734741211,11.753951072692871,7.518342140974875,10.03962701695225,55.0370979309082,"{""loss"": 44.0076904296875, ""mape"": 44.0076904296875, ""mae"": 9.12763500213623, ""val_loss"": 45.23855209350586, ""val_mape"": 45.23855209350586, ""val_mae"": 9.297993659973145, ""lr"": 0.00010000000474974513, ""val_mae12"": 8.78700065612793, ""val_me"": 6.42650496041849, ""val_me12"": 7.4444021342122655, ""mape_2021"": 55.0370979309082, ""mae_2021"": 10.030843734741211, ""mae12_2021"": 11.753951072692871, ""me_2021"": 7.518342140974875, ""me12_2021"": 10.03962701695225, ""epochs_trained"": 74}",2026-07-02T09:06:54.315555,completed,
1,MAPE,120,0,relu,2,16,0.05,45.475833892822266,9.360328674316406,8.899296760559082,6.42561538165306,8.327310281561966,45.475833892822266,9.842428207397461,12.314496040344238,7.394587952545493,11.656820571238855,56.17158889770508,"{""loss"": 46.49490737915039, ""mape"": 46.49490737915039, ""mae"": 9.681971549987793, ""val_loss"": 45.475833892822266, ""val_mape"": 45.475833892822266, ""val_mae"": 9.360328674316406, ""lr"": 0.00010000000474974513, ""val_mae12"": 8.899296760559082, ""val_me"": 6.42561538165306, ""val_me12"": 8.327310281561966, ""mape_2021"": 56.17158889770508, ""mae_2021"": 9.842428207397461, ""mae12_2021"": 12.314496040344238, ""me_2021"": 7.394587952545493, ""me12_2021"": 11.656820571238855, ""epochs_trained"": 113}",2026-07-02T09:06:55.863919,completed,
1,MAPE,120,0,relu,2,16,0.0,45.95429992675781,9.363472938537598,9.507866859436035,6.6589064601978665,9.291888408039672,45.95429992675781,9.934656143188477,12.688949584960938,7.653346789201443,12.57669678356201,57.639251708984375,"{""loss"": 45.25754165649414, ""mape"": 45.25754165649414, ""mae"": 9.299306869506836, ""val_loss"": 45.95429992675781, ""val_mape"": 45.95429992675781, ""val_mae"": 9.363472938537598, ""lr"": 0.00010000000474974513, ""val_mae12"": 9.507866859436035, ""val_me"": 6.6589064601978665, ""val_me12"": 9.291888408039672, ""mape_2021"": 57.639251708984375, ""mae_2021"": 9.934656143188477, ""mae12_2021"": 12.688949584960938, ""me_2021"": 7.653346789201443, ""me12_2021"": 12.57669678356201, ""epochs_trained"": 122}",2026-07-02T09:06:56.215796,completed,
1,MAPE,120,0,relu,2,16,0.3,46.31304168701172,9.946828842163086,6.449434757232666,8.46269548126036,5.538932253636245,46.31304168701172,10.575809478759766,9.96568775177002,9.222856607317514,8.732261991317133,57.00224304199219,"{""loss"": 56.536582946777344, ""mape"": 56.536582946777344, ""mae"": 12.537487030029297, ""val_loss"": 46.31304168701172, ""val_mape"": 46.31304168701172, ""val_mae"": 9.946828842163086, ""lr"": 0.00010000000474974513, ""val_mae12"": 6.449434757232666, ""val_me"": 8.46269548126036, ""val_me12"": 5.538932253636245, ""mape_2021"": 57.00224304199219, ""mae_2021"": 10.575809478759766, ""mae12_2021"": 9.96568775177002, ""me_2021"": 9.222856607317514, ""me12_2021"": 8.732261991317133, ""epochs_trained"": 130}",2026-07-02T09:06:56.825513,completed,
1,MAPE,120,0,relu,2,16,0.1,45.8673095703125,9.648502349853516,7.757768630981445,7.83577332262355,7.031844481833207,45.8673095703125,10.163765907287598,10.585572242736816,8.64147958995178,9.799774953870369,56.10826110839844,"{""loss"": 49.32735824584961, ""mape"": 49.32735824584961, ""mae"": 10.623910903930664, ""val_loss"": 45.8673095703125, ""val_mape"": 45.8673095703125, ""val_mae"": 9.648502349853516, ""lr"": 0.00010000000474974513, ""val_mae12"": 7.757768630981445, ""val_me"": 7.83577332262355, ""val_me12"": 7.031844481833207, ""mape_2021"": 56.10826110839844, ""mae_2021"": 10.163765907287598, ""mae12_2021"": 10.585572242736816, ""me_2021"": 8.64147958995178, ""me12_2021"": 9.799774953870369, ""epochs_trained"": 152}",2026-07-02T09:06:58.289292,completed,
1,MAPE,120,0,relu,2,32,0.0,46.34656524658203,9.342225074768066,10.179015159606934,6.095871120158141,10.08025231312287,46.34656524658203,10.01506233215332,13.928314208984375,7.2127985675593,13.92574936508421,60.18043899536133,"{""loss"": 45.668235778808594, ""mape"": 45.668235778808594, ""mae"": 9.264634132385254, ""val_loss"": 46.34656524658203, ""val_mape"": 46.34656524658203, ""val_mae"": 9.342225074768066, ""lr"": 0.00010000000474974513, ""val_mae12"": 10.179015159606934, ""val_me"": 6.095871120158141, ""val_me12"": 10.08025231312287, ""mape_2021"": 60.18043899536133, ""mae_2021"": 10.01506233215332, ""mae12_2021"": 13.928314208984375, ""me_2021"": 7.2127985675593, ""me12_2021"": 13.92574936508421, ""epochs_trained"": 78}",2026-07-02T09:07:04.337115,completed,
1,MAPE,120,0,relu,2,32,0.3,46.28620529174805,9.678268432617188,6.4249396324157715,7.250567496569561,6.037449657873542,46.28620529174805,10.319548606872559,9.945358276367188,8.463382472299568,9.389391738213382,58.13920211791992,"{""loss"": 52.71570587158203, ""mape"": 52.71570587158203, ""mae"": 11.238361358642578, ""val_loss"": 46.28620529174805, ""val_mape"": 46.28620529174805, ""val_mae"": 9.678268432617188, ""lr"": 0.00010000000474974513, ""val_mae12"": 6.4249396324157715, ""val_me"": 7.250567496569561, ""val_me12"": 6.037449657873542, ""mape_2021"": 58.13920211791992, ""mae_2021"": 10.319548606872559, ""mae12_2021"": 9.945358276367188, ""me_2021"": 8.463382472299568, ""me12_2021"": 9.389391738213382, ""epochs_trained"": 76}",2026-07-02T09:07:04.898639,completed,
1,MAPE,120,0,relu,2,32,0.05,46.513858795166016,9.438238143920898,9.850085258483887,6.6003143045849315,9.753458165631415,46.513858795166016,10.074858665466309,13.681061744689941,7.6536065934275985,13.675129673253116,60.480567932128906,"{""loss"": 47.7391357421875, ""mape"": 47.7391357421875, ""mae"": 9.784039497375488, ""val_loss"": 46.513858795166016, ""val_mape"": 46.513858795166016, ""val_mae"": 9.438238143920898, ""lr"": 0.00010000000474974513, ""val_mae12"": 9.850085258483887, ""val_me"": 6.6003143045849315, ""val_me12"": 9.753458165631415, ""mape_2021"": 60.480567932128906, ""mae_2021"": 10.074858665466309, ""mae12_2021"": 13.681061744689941, ""me_2021"": 7.6536065934275985, ""me12_2021"": 13.675129673253116, ""epochs_trained"": 85}",2026-07-02T09:07:05.289155,completed,
1,MAPE,120,0,relu,2,64,0.0,46.802032470703125,9.354482650756836,9.575384140014648,6.1822118792563945,9.485015539745884,46.802032470703125,10.173975944519043,13.621752738952637,7.352835091161777,13.620192787419375,61.18088150024414,"{""loss"": 45.691070556640625, ""mape"": 45.691070556640625, ""mae"": 9.1858491897583, ""val_loss"": 46.802032470703125, ""val_mape"": 46.802032470703125, ""val_mae"": 9.354482650756836, ""lr"": 0.00010000000474974513, ""val_mae12"": 9.575384140014648, ""val_me"": 6.1822118792563945, ""val_me12"": 9.485015539745884, ""mape_2021"": 61.18088150024414, ""mae_2021"": 10.173975944519043, ""mae12_2021"": 13.621752738952637, ""me_2021"": 7.352835091161777, ""me12_2021"": 13.620192787419375, ""epochs_trained"": 53}",2026-07-02T09:07:05.589666,completed,
1,MAPE,120,0,relu,2,32,0.1,47.0194206237793,9.320831298828125,10.450613975524902,7.071612308090185,10.444081943756538,47.0194206237793,10.177997589111328,14.522651672363281,8.012138513056307,14.621917772330129,62.823123931884766,"{""loss"": 50.86262893676758, ""mape"": 50.86262893676758, ""mae"": 10.425007820129395, ""val_loss"": 47.0194206237793, ""val_mape"": 47.0194206237793, ""val_mae"": 9.320831298828125, ""lr"": 1.0000000656873453e-05, ""val_mae12"": 10.450613975524902, ""val_me"": 7.071612308090185, ""val_me12"": 10.444081943756538, ""mape_2021"": 62.823123931884766, ""mae_2021"": 10.177997589111328, ""mae12_2021"": 14.522651672363281, ""me_2021"": 8.012138513056307, ""me12_2021"": 14.621917772330129, ""epochs_trained"": 119}",2026-07-02T09:07:07.372867,completed,
1,MAPE,120,0,relu,2,64,0.3,44.87748336791992,9.275556564331055,6.998856067657471,6.810192851793708,6.634768318557549,44.87748336791992,10.189626693725586,10.419815063476562,8.027608792816729,10.014449220270528,57.38612365722656,"{""loss"": 49.05738830566406, ""mape"": 49.05738830566406, ""mae"": 10.32702922821045, ""val_loss"": 44.87748336791992, ""val_mape"": 44.87748336791992, ""val_mae"": 9.275556564331055, ""lr"": 0.00010000000474974513, ""val_mae12"": 6.998856067657471, ""val_me"": 6.810192851793708, ""val_me12"": 6.634768318557549, ""mape_2021"": 57.38612365722656, ""mae_2021"": 10.189626693725586, ""mae12_2021"": 10.419815063476562, ""me_2021"": 8.027608792816729, ""me12_2021"": 10.014449220270528, ""epochs_trained"": 70}",2026-07-02T09:07:09.095730,completed,
1,MAPE,120,0,relu,2,64,0.05,16.77434730529785,3.2113232612609863,4.69244384765625,0.5613798367316537,3.6205841568928663,16.77434730529785,3.466588258743286,2.3249385356903076,1.2140775256701666,0.5117965085526356,18.20216178894043,"{""loss"": 15.708556175231934, ""mape"": 15.708556175231934, ""mae"": 3.2937960624694824, ""val_loss"": 16.77434730529785, ""val_mape"": 16.77434730529785, ""val_mae"": 3.2113232612609863, ""lr"": 0.00010000000474974513, ""val_mae12"": 4.69244384765625, ""val_me"": 0.5613798367316537, ""val_me12"": 3.6205841568928663, ""mape_2021"": 18.20216178894043, ""mae_2021"": 3.466588258743286, ""mae12_2021"": 2.3249385356903076, ""me_2021"": 1.2140775256701666, ""me12_2021"": 0.5117965085526356, ""epochs_trained"": 239}",2026-07-02T09:07:14.545273,completed,
1,MAPE,120,0,relu,2,64,0.1,15.520358085632324,2.9621028900146484,4.140036106109619,0.37445296389292587,3.0143603572231648,15.520358085632324,3.0752832889556885,2.2691359519958496,1.1232595909212455,-0.1842626032980455,15.864569664001465,"{""loss"": 15.594271659851074, ""mape"": 15.594271659851074, ""mae"": 3.276517152786255, ""val_loss"": 15.520358085632324, ""val_mape"": 15.520358085632324, ""val_mae"": 2.9621028900146484, ""lr"": 0.00010000000474974513, ""val_mae12"": 4.140036106109619, ""val_me"": 0.37445296389292587, ""val_me12"": 3.0143603572231648, ""mape_2021"": 15.864569664001465, ""mae_2021"": 3.0752832889556885, ""mae12_2021"": 2.2691359519958496, ""me_2021"": 1.1232595909212455, ""me12_2021"": -0.1842626032980455, ""epochs_trained"": 252}",2026-07-02T09:07:15.436040,completed,
1,MAPE,120,0,relu,2,128,0.3,46.357215881347656,9.482202529907227,7.685588359832764,6.4219113406041615,7.475226591224612,46.357215881347656,10.200033187866211,11.37951374053955,7.685118952612289,11.14020923799227,59.18722152709961,"{""loss"": 47.352481842041016, ""mape"": 47.352481842041016, ""mae"": 9.78842544555664, ""val_loss"": 46.357215881347656, ""val_mape"": 46.357215881347656, ""val_mae"": 9.482202529907227, ""lr"": 0.00010000000474974513, ""val_mae12"": 7.685588359832764, ""val_me"": 6.4219113406041615, ""val_me12"": 7.475226591224612, ""mape_2021"": 59.18722152709961, ""mae_2021"": 10.200033187866211, ""mae12_2021"": 11.37951374053955, ""me_2021"": 7.685118952612289, ""me12_2021"": 11.14020923799227, ""epochs_trained"": 47}",2026-07-02T09:07:52.430708,completed,
1,MAPE,120,0,relu,2,128,0.1,17.793529510498047,3.4316110610961914,5.074724197387695,0.8355317806116357,2.6788947718107385,17.793529510498047,3.5431830883026123,2.3988254070281982,1.6120840178582234,-1.0682622826563766,18.174495697021484,"{""loss"": 17.037019729614258, ""mape"": 17.037019729614258, ""mae"": 3.4703328609466553, ""val_loss"": 17.793529510498047, ""val_mape"": 17.793529510498047, ""val_mae"": 3.4316110610961914, ""lr"": 0.00010000000474974513, ""val_mae12"": 5.074724197387695, ""val_me"": 0.8355317806116357, ""val_me12"": 2.6788947718107385, ""mape_2021"": 18.174495697021484, ""mae_2021"": 3.5431830883026123, ""mae12_2021"": 2.3988254070281982, ""me_2021"": 1.6120840178582234, ""me12_2021"": -1.0682622826563766, ""epochs_trained"": 138}",2026-07-02T09:08:06.703399,completed,
1,MAPE,120,0,relu,2,256,0.1,16.233421325683594,3.1130475997924805,3.8705077171325684,0.04621964437750988,1.8861096582287136,16.233421325683594,3.119267463684082,2.4540317058563232,0.8725351311020321,-1.1390168264137877,15.901579856872559,"{""loss"": 14.582608222961426, ""mape"": 14.582608222961426, ""mae"": 2.9516141414642334, ""val_loss"": 16.233421325683594, ""val_mape"": 16.233421325683594, ""val_mae"": 3.1130475997924805, ""lr"": 0.00010000000474974513, ""val_mae12"": 3.8705077171325684, ""val_me"": 0.04621964437750988, ""val_me12"": 1.8861096582287136, ""mape_2021"": 15.901579856872559, ""mae_2021"": 3.119267463684082, ""mae12_2021"": 2.4540317058563232, ""me_2021"": 0.8725351311020321, ""me12_2021"": -1.1390168264137877, ""epochs_trained"": 123}",2026-07-02T09:08:06.894405,completed,
1,MAPE,120,0,relu,2,256,0.05,15.785576820373535,3.013150215148926,3.8161122798919678,0.1987852759606077,2.4235354602512373,15.785576820373535,3.038130760192871,2.676910638809204,1.0007829925091059,-0.9164330373113304,15.771886825561523,"{""loss"": 13.22125244140625, ""mape"": 13.22125244140625, ""mae"": 2.677940845489502, ""val_loss"": 15.785576820373535, ""val_mape"": 15.785576820373535, ""val_mae"": 3.013150215148926, ""lr"": 0.00010000000474974513, ""val_mae12"": 3.8161122798919678, ""val_me"": 0.1987852759606077, ""val_me12"": 2.4235354602512373, ""mape_2021"": 15.771886825561523, ""mae_2021"": 3.038130760192871, ""mae12_2021"": 2.676910638809204, ""me_2021"": 1.0007829925091059, ""me12_2021"": -0.9164330373113304, ""epochs_trained"": 133}",2026-07-02T09:08:08.369928,completed,
1,MAPE,120,0,relu,2,128,0.05,16.912498474121094,3.2515835762023926,4.33208703994751,0.24727917502663307,2.3458439320806486,16.912498474121094,3.1999428272247314,2.275611162185669,1.091593577822734,-0.9226639377548689,16.380950927734375,"{""loss"": 14.937453269958496, ""mape"": 14.937453269958496, ""mae"": 3.041355609893799, ""val_loss"": 16.912498474121094, ""val_mape"": 16.912498474121094, ""val_mae"": 3.2515835762023926, ""lr"": 0.00010000000474974513, ""val_mae12"": 4.33208703994751, ""val_me"": 0.24727917502663307, ""val_me12"": 2.3458439320806486, ""mape_2021"": 16.380950927734375, ""mae_2021"": 3.1999428272247314, ""mae12_2021"": 2.275611162185669, ""me_2021"": 1.091593577822734, ""me12_2021"": -0.9226639377548689, ""epochs_trained"": 169}",2026-07-02T09:08:09.648015,completed,
1,MAPE,120,0,relu,3,16,0.0,47.091365814208984,9.240853309631348,10.818408012390137,6.658784170149447,10.74307185976706,47.091365814208984,10.034101486206055,15.0150785446167,7.595982404721413,15.063100111963081,61.881439208984375,"{""loss"": 46.16606521606445, ""mape"": 46.16606521606445, ""mae"": 9.161589622497559, ""val_loss"": 47.091365814208984, ""val_mape"": 47.091365814208984, ""val_mae"": 9.240853309631348, ""lr"": 0.00010000000474974513, ""val_mae12"": 10.818408012390137, ""val_me"": 6.658784170149447, ""val_me12"": 10.74307185976706, ""mape_2021"": 61.881439208984375, ""mae_2021"": 10.034101486206055, ""mae12_2021"": 15.0150785446167, ""me_2021"": 7.595982404721413, ""me12_2021"": 15.063100111963081, ""epochs_trained"": 111}",2026-07-02T09:08:25.545160,completed,
1,MAPE,120,0,relu,3,16,0.3,49.0884895324707,10.659430503845215,5.24882173538208,8.396351529317693,4.9136866255397,49.0884895324707,10.757929801940918,8.621256828308105,9.562569976957596,8.160589858595479,59.84019088745117,"{""loss"": 62.592430114746094, ""mape"": 62.592430114746094, ""mae"": 13.788817405700684, ""val_loss"": 49.0884895324707, ""val_mape"": 49.0884895324707, ""val_mae"": 10.659430503845215, ""lr"": 0.00010000000474974513, ""val_mae12"": 5.24882173538208, ""val_me"": 8.396351529317693, ""val_me12"": 4.9136866255397, ""mape_2021"": 59.84019088745117, ""mae_2021"": 10.757929801940918, ""mae12_2021"": 8.621256828308105, ""me_2021"": 9.562569976957596, ""me12_2021"": 8.160589858595479, ""epochs_trained"": 77}",2026-07-02T09:08:32.419804,completed,
1,MAPE,120,0,relu,3,16,0.1,48.019351959228516,9.907818794250488,7.756349086761475,7.2189890954745914,7.512459615144769,48.019351959228516,10.298687934875488,11.63054084777832,8.335847129544545,11.38126787789834,60.094757080078125,"{""loss"": 52.59737777709961, ""mape"": 52.59737777709961, ""mae"": 11.074075698852539, ""val_loss"": 48.019351959228516, ""val_mape"": 48.019351959228516, ""val_mae"": 9.907818794250488, ""lr"": 0.00010000000474974513, ""val_mae12"": 7.756349086761475, ""val_me"": 7.2189890954745914, ""val_me12"": 7.512459615144769, ""mape_2021"": 60.094757080078125, ""mae_2021"": 10.298687934875488, ""mae12_2021"": 11.63054084777832, ""me_2021"": 8.335847129544545, ""me12_2021"": 11.38126787789834, ""epochs_trained"": 96}",2026-07-02T09:08:33.799018,completed,
1,MAPE,120,0,relu,3,16,0.05,46.41676712036133,9.770369529724121,8.011972427368164,6.915398268594154,7.740088384059157,46.41676712036133,9.936433792114258,11.210498809814453,7.975951194771907,10.949945348538241,56.578861236572266,"{""loss"": 48.2244873046875, ""mape"": 48.2244873046875, ""mae"": 10.15231704711914, ""val_loss"": 46.41676712036133, ""val_mape"": 46.41676712036133, ""val_mae"": 9.770369529724121, ""lr"": 0.00010000000474974513, ""val_mae12"": 8.011972427368164, ""val_me"": 6.915398268594154, ""val_me12"": 7.740088384059157, ""mape_2021"": 56.578861236572266, ""mae_2021"": 9.936433792114258, ""mae12_2021"": 11.210498809814453, ""me_2021"": 7.975951194771907, ""me12_2021"": 10.949945348538241, ""epochs_trained"": 148}",2026-07-02T09:08:39.820189,completed,
1,MAPE,120,0,relu,2,256,0.3,4.5218095779418945,0.8164162039756775,1.395017147064209,0.02104502362164217,0.1446778580569297,4.5218095779418945,0.8327237367630005,1.7904824018478394,0.358160312351095,-1.479927233679919,5.303915977478027,"{""loss"": 7.30186128616333, ""mape"": 7.30186128616333, ""mae"": 1.6039692163467407, ""val_loss"": 4.5218095779418945, ""val_mape"": 4.5218095779418945, ""val_mae"": 0.8164162039756775, ""lr"": 0.00010000000474974513, ""val_mae12"": 1.395017147064209, ""val_me"": 0.02104502362164217, ""val_me12"": 0.1446778580569297, ""mape_2021"": 5.303915977478027, ""mae_2021"": 0.8327237367630005, ""mae12_2021"": 1.7904824018478394, ""me_2021"": 0.358160312351095, ""me12_2021"": -1.479927233679919, ""epochs_trained"": 422}",2026-07-02T09:08:44.565366,completed,
1,MAPE,120,0,relu,3,32,0.3,50.64132308959961,11.445633888244629,3.950688123703003,7.690044726037955,3.3024052021011694,50.64132308959961,10.445528984069824,7.083674430847168,9.01942970670982,6.1797574396857,56.46625900268555,"{""loss"": 51.34147644042969, ""mape"": 51.34147644042969, ""mae"": 11.002530097961426, ""val_loss"": 50.64132308959961, ""val_mape"": 50.64132308959961, ""val_mae"": 11.445633888244629, ""lr"": 0.00010000000474974513, ""val_mae12"": 3.950688123703003, ""val_me"": 7.690044726037955, ""val_me12"": 3.3024052021011694, ""mape_2021"": 56.46625900268555, ""mae_2021"": 10.445528984069824, ""mae12_2021"": 7.083674430847168, ""me_2021"": 9.01942970670982, ""me12_2021"": 6.1797574396857, ""epochs_trained"": 67}",2026-07-02T09:08:50.910961,completed,
1,MAPE,120,0,relu,3,32,0.1,46.18318557739258,9.23134708404541,9.699729919433594,7.1436675953619515,9.573228438312745,46.18318557739258,10.095860481262207,13.460280418395996,8.10074589107974,13.46854413133369,60.64923095703125,"{""loss"": 50.98280334472656, ""mape"": 50.98280334472656, ""mae"": 10.608552932739258, ""val_loss"": 46.18318557739258, ""val_mape"": 46.18318557739258, ""val_mae"": 9.23134708404541, ""lr"": 1.0000000656873453e-05, ""val_mae12"": 9.699729919433594, ""val_me"": 7.1436675953619515, ""val_me12"": 9.573228438312745, ""mape_2021"": 60.64923095703125, ""mae_2021"": 10.095860481262207, ""mae12_2021"": 13.460280418395996, ""me_2021"": 8.10074589107974, ""me12_2021"": 13.46854413133369, ""epochs_trained"": 92}",2026-07-02T09:08:51.613803,completed,
1,MAPE,120,0,relu,2,256,0.0,4.038404941558838,0.7604617476463318,1.1087231636047363,0.010672455481851374,0.17918041069480467,4.038404941558838,0.8077248930931091,1.2823199033737183,0.26747779632596885,-1.056428471667287,4.696495056152344,"{""loss"": 2.656003713607788, ""mape"": 2.656003713607788, ""mae"": 0.5618591904640198, ""val_loss"": 4.038404941558838, ""val_mape"": 4.038404941558838, ""val_mae"": 0.7604617476463318, ""lr"": 1.0000000656873453e-05, ""val_mae12"": 1.1087231636047363, ""val_me"": 0.010672455481851374, ""val_me12"": 0.17918041069480467, ""mape_2021"": 4.696495056152344, ""mae_2021"": 0.8077248930931091, ""mae12_2021"": 1.2823199033737183, ""me_2021"": 0.26747779632596885, ""me12_2021"": -1.056428471667287, ""epochs_trained"": 551}",2026-07-02T09:08:51.936803,completed,
1,MAPE,120,0,relu,2,128,0.0,4.117222309112549,0.7853483557701111,1.161551594734192,-0.009929206219315652,0.02788732905971029,4.117222309112549,0.8377781510353088,1.3437644243240356,0.2332914693885247,-1.0319295813407563,5.048745155334473,"{""loss"": 2.8481106758117676, ""mape"": 2.8481106758117676, ""mae"": 0.5966979265213013, ""val_loss"": 4.117222309112549, ""val_mape"": 4.117222309112549, ""val_mae"": 0.7853483557701111, ""lr"": 1.0000000656873453e-05, ""val_mae12"": 1.161551594734192, ""val_me"": -0.009929206219315652, ""val_me12"": 0.02788732905971029, ""mape_2021"": 5.048745155334473, ""mae_2021"": 0.8377781510353088, ""mae12_2021"": 1.3437644243240356, ""me_2021"": 0.2332914693885247, ""me12_2021"": -1.0319295813407563, ""epochs_trained"": 665}",2026-07-02T09:08:56.950932,completed,
1,MAPE,120,0,relu,3,32,0.0,6.375132083892822,1.2132835388183594,1.7003761529922485,-0.08059973416408411,0.7019192970625504,6.375132083892822,1.2325094938278198,1.570443034172058,0.21343655732274336,-0.9282514096453736,7.195719242095947,"{""loss"": 4.787166595458984, ""mape"": 4.787166595458984, ""mae"": 0.9763302206993103, ""val_loss"": 6.375132083892822, ""val_mape"": 6.375132083892822, ""val_mae"": 1.2132835388183594, ""lr"": 0.00010000000474974513, ""val_mae12"": 1.7003761529922485, ""val_me"": -0.08059973416408411, ""val_me12"": 0.7019192970625504, ""mape_2021"": 7.195719242095947, ""mae_2021"": 1.2325094938278198, ""mae12_2021"": 1.570443034172058, ""me_2021"": 0.21343655732274336, ""me12_2021"": -0.9282514096453736, ""epochs_trained"": 424}",2026-07-02T09:08:58.182586,completed,
1,MAPE,120,0,relu,3,32,0.05,5.562642574310303,1.1307909488677979,1.2319611310958862,0.32911166531386304,0.6616434495168876,5.562642574310303,0.9713549613952637,1.3449652194976807,0.5691529635487467,-0.14358060919183885,6.225637912750244,"{""loss"": 7.681349754333496, ""mape"": 7.681349754333496, ""mae"": 1.6934359073638916, ""val_loss"": 5.562642574310303, ""val_mape"": 5.562642574310303, ""val_mae"": 1.1307909488677979, ""lr"": 0.00010000000474974513, ""val_mae12"": 1.2319611310958862, ""val_me"": 0.32911166531386304, ""val_me12"": 0.6616434495168876, ""mape_2021"": 6.225637912750244, ""mae_2021"": 0.9713549613952637, ""mae12_2021"": 1.3449652194976807, ""me_2021"": 0.5691529635487467, ""me12_2021"": -0.14358060919183885, ""epochs_trained"": 436}",2026-07-02T09:09:03.507891,completed,
1,MAPE,120,0,relu,3,128,0.3,12.763504981994629,2.6660573482513428,3.0532193183898926,0.9649768634352925,1.0480095462966423,12.763504981994629,2.6319642066955566,1.9022711515426636,1.5334886311164724,-0.6827970619184502,13.654077529907227,"{""loss"": 15.908607482910156, ""mape"": 15.908607482910156, ""mae"": 3.4723339080810547, ""val_loss"": 12.763504981994629, ""val_mape"": 12.763504981994629, ""val_mae"": 2.6660573482513428, ""lr"": 0.00010000000474974513, ""val_mae12"": 3.0532193183898926, ""val_me"": 0.9649768634352925, ""val_me12"": 1.0480095462966423, ""mape_2021"": 13.654077529907227, ""mae_2021"": 2.6319642066955566, ""mae12_2021"": 1.9022711515426636, ""me_2021"": 1.5334886311164724, ""me12_2021"": -0.6827970619184502, ""epochs_trained"": 159}",2026-07-02T09:09:54.927728,completed,
1,MAPE,120,0,relu,3,64,0.05,12.69465160369873,2.481733560562134,3.3296573162078857,0.31086553453991506,2.91142110791757,12.69465160369873,2.4186737537384033,2.0454211235046387,0.8246075862107818,0.7539279248245939,12.91736888885498,"{""loss"": 12.165080070495605, ""mape"": 12.165080070495605, ""mae"": 2.5721306800842285, ""val_loss"": 12.69465160369873, ""val_mape"": 12.69465160369873, ""val_mae"": 2.481733560562134, ""lr"": 1.0000000656873453e-05, ""val_mae12"": 3.3296573162078857, ""val_me"": 0.31086553453991506, ""val_me12"": 2.91142110791757, ""mape_2021"": 12.91736888885498, ""mae_2021"": 2.4186737537384033, ""mae12_2021"": 2.0454211235046387, ""me_2021"": 0.8246075862107818, ""me12_2021"": 0.7539279248245939, ""epochs_trained"": 245}",2026-07-02T09:10:06.454897,completed,
1,MAPE,120,0,relu,3,128,0.1,5.349320888519287,1.0985654592514038,1.0901775360107422,0.11569191513322453,0.2159603555019939,5.349320888519287,1.003521203994751,1.5864756107330322,0.44613250400307625,-0.8946685947107446,5.882730960845947,"{""loss"": 6.947471618652344, ""mape"": 6.947471618652344, ""mae"": 1.5060553550720215, ""val_loss"": 5.349320888519287, ""val_mape"": 5.349320888519287, ""val_mae"": 1.0985654592514038, ""lr"": 0.00010000000474974513, ""val_mae12"": 1.0901775360107422, ""val_me"": 0.11569191513322453, ""val_me12"": 0.2159603555019939, ""mape_2021"": 5.882730960845947, ""mae_2021"": 1.003521203994751, ""mae12_2021"": 1.5864756107330322, ""me_2021"": 0.44613250400307625, ""me12_2021"": -0.8946685947107446, ""epochs_trained"": 264}",2026-07-02T09:10:07.544798,completed,
1,MAPE,120,0,relu,3,64,0.3,8.507002830505371,1.8349257707595825,1.8639583587646484,1.1317505888988906,0.7729809497375673,8.507002830505371,1.853545069694519,1.4743051528930664,1.477498668586612,-0.5469280735391661,9.44348430633545,"{""loss"": 14.50015926361084, ""mape"": 14.50015926361084, ""mae"": 3.256908416748047, ""val_loss"": 8.507002830505371, ""val_mape"": 8.507002830505371, ""val_mae"": 1.8349257707595825, ""lr"": 0.00010000000474974513, ""val_mae12"": 1.8639583587646484, ""val_me"": 1.1317505888988906, ""val_me12"": 0.7729809497375673, ""mape_2021"": 9.44348430633545, ""mae_2021"": 1.853545069694519, ""mae12_2021"": 1.4743051528930664, ""me_2021"": 1.477498668586612, ""me12_2021"": -0.5469280735391661, ""epochs_trained"": 256}",2026-07-02T09:10:08.608098,completed,
1,MAPE,120,0,relu,3,64,0.1,6.2281060218811035,1.238847017288208,1.6809000968933105,0.38769070694076585,0.8934686746992484,6.2281060218811035,1.17963707447052,1.3497016429901123,0.7252906380996073,-0.3960666717384099,6.450621128082275,"{""loss"": 8.576055526733398, ""mape"": 8.576055526733398, ""mae"": 1.8813403844833374, ""val_loss"": 6.2281060218811035, ""val_mape"": 6.2281060218811035, ""val_mae"": 1.238847017288208, ""lr"": 0.00010000000474974513, ""val_mae12"": 1.6809000968933105, ""val_me"": 0.38769070694076585, ""val_me12"": 0.8934686746992484, ""mape_2021"": 6.450621128082275, ""mae_2021"": 1.17963707447052, ""mae12_2021"": 1.3497016429901123, ""me_2021"": 0.7252906380996073, ""me12_2021"": -0.3960666717384099, ""epochs_trained"": 290}",2026-07-02T09:10:12.047302,completed,
1,MAPE,120,0,relu,3,128,0.05,4.612453460693359,0.872462809085846,1.104777455329895,0.14906646530532724,0.4696974503681248,4.612453460693359,0.8877779245376587,1.5286250114440918,0.4076724415731147,-0.9828038306881381,5.19248628616333,"{""loss"": 5.297053337097168, ""mape"": 5.297053337097168, ""mae"": 1.1384122371673584, ""val_loss"": 4.612453460693359, ""val_mape"": 4.612453460693359, ""val_mae"": 0.872462809085846, ""lr"": 0.00010000000474974513, ""val_mae12"": 1.104777455329895, ""val_me"": 0.14906646530532724, ""val_me12"": 0.4696974503681248, ""mape_2021"": 5.19248628616333, ""mae_2021"": 0.8877779245376587, ""mae12_2021"": 1.5286250114440918, ""me_2021"": 0.4076724415731147, ""me12_2021"": -0.9828038306881381, ""epochs_trained"": 343}",2026-07-02T09:10:20.188201,completed,
1,MAPE,120,0,relu,3,128,0.0,4.600382328033447,0.8443722128868103,1.4048296213150024,-0.062254121494694545,0.7105921707841452,4.600382328033447,0.8692165017127991,1.1616344451904297,0.170369964335212,-0.4019452813780369,5.070377349853516,"{""loss"": 2.794792652130127, ""mape"": 2.794792652130127, ""mae"": 0.5899057984352112, ""val_loss"": 4.600382328033447, ""val_mape"": 4.600382328033447, ""val_mae"": 0.8443722128868103, ""lr"": 1.0000000656873453e-05, ""val_mae12"": 1.4048296213150024, ""val_me"": -0.062254121494694545, ""val_me12"": 0.7105921707841452, ""mape_2021"": 5.070377349853516, ""mae_2021"": 0.8692165017127991, ""mae12_2021"": 1.1616344451904297, ""me_2021"": 0.170369964335212, ""me12_2021"": -0.4019452813780369, ""epochs_trained"": 430}",2026-07-02T09:10:41.478091,completed,
1,MAPE,120,0,relu,3,256,0.0,6.79356050491333,1.1442713737487793,1.5623912811279297,0.24971848199772348,-0.28162737088271256,6.79356050491333,1.4486002922058105,2.1830263137817383,0.6666508501256565,-1.8365234634158187,8.223226547241211,"{""loss"": 4.534783363342285, ""mape"": 4.534783363342285, ""mae"": 0.8727718591690063, ""val_loss"": 6.79356050491333, ""val_mape"": 6.79356050491333, ""val_mae"": 1.1442713737487793, ""lr"": 0.00010000000474974513, ""val_mae12"": 1.5623912811279297, ""val_me"": 0.24971848199772348, ""val_me12"": -0.28162737088271256, ""mape_2021"": 8.223226547241211, ""mae_2021"": 1.4486002922058105, ""mae12_2021"": 2.1830263137817383, ""me_2021"": 0.6666508501256565, ""me12_2021"": -1.8365234634158187, ""epochs_trained"": 218}",2026-07-02T09:11:07.596896,completed,
1,MAPE,120,0,relu,3,256,0.3,9.236861228942871,2.005005359649658,2.2488021850585938,0.6300085637378132,0.11616101785452014,9.236861228942871,1.720999002456665,2.3455615043640137,1.1083436904701085,-1.9295156016023574,9.436187744140625,"{""loss"": 10.678853988647461, ""mape"": 10.678853988647461, ""mae"": 2.30359148979187, ""val_loss"": 9.236861228942871, ""val_mape"": 9.236861228942871, ""val_mae"": 2.005005359649658, ""lr"": 0.00010000000474974513, ""val_mae12"": 2.2488021850585938, ""val_me"": 0.6300085637378132, ""val_me12"": 0.11616101785452014, ""mape_2021"": 9.436187744140625, ""mae_2021"": 1.720999002456665, ""mae12_2021"": 2.3455615043640137, ""me_2021"": 1.1083436904701085, ""me12_2021"": -1.9295156016023574, ""epochs_trained"": 165}",2026-07-02T09:11:15.911195,completed,
1,MAPE,120,0,leaky_relu,1,16,0.05,47.23426055908203,9.621007919311523,8.738617897033691,7.858151757954283,8.521371700004154,47.23426055908203,10.404291152954102,11.984193801879883,8.735457009483524,11.793296934535718,59.40007781982422,"{""loss"": 49.426177978515625, ""mape"": 49.426177978515625, ""mae"": 10.181714057922363, ""val_loss"": 47.23426055908203, ""val_mape"": 47.23426055908203, ""val_mae"": 9.621007919311523, ""lr"": 0.00010000000474974513, ""val_mae12"": 8.738617897033691, ""val_me"": 7.858151757954283, ""val_me12"": 8.521371700004154, ""mape_2021"": 59.40007781982422, ""mae_2021"": 10.404291152954102, ""mae12_2021"": 11.984193801879883, ""me_2021"": 8.735457009483524, ""me12_2021"": 11.793296934535718, ""epochs_trained"": 133}",2026-07-02T09:11:18.022324,completed,
1,MAPE,120,0,relu,3,64,0.0,4.1641130447387695,0.774088442325592,1.3003672361373901,-0.03369236928471678,0.28296844234773044,4.1641130447387695,0.8424054980278015,1.1773666143417358,0.18618836097404237,-0.784857721120611,5.069761753082275,"{""loss"": 2.919099807739258, ""mape"": 2.919099807739258, ""mae"": 0.6061429381370544, ""val_loss"": 4.1641130447387695, ""val_mape"": 4.1641130447387695, ""val_mae"": 0.774088442325592, ""lr"": 0.00010000000474974513, ""val_mae12"": 1.3003672361373901, ""val_me"": -0.03369236928471678, ""val_me12"": 0.28296844234773044, ""mape_2021"": 5.069761753082275, ""mae_2021"": 0.8424054980278015, ""mae12_2021"": 1.1773666143417358, ""me_2021"": 0.18618836097404237, ""me12_2021"": -0.784857721120611, ""epochs_trained"": 637}",2026-07-02T09:11:19.757972,completed,
1,MAPE,120,0,relu,3,256,0.1,5.398230075836182,1.0525349378585815,1.3115184307098389,0.3533152739686415,0.2632686572649101,5.398230075836182,1.0666613578796387,1.5653150081634521,0.669541354805051,-1.098830125140311,6.222800254821777,"{""loss"": 5.981792449951172, ""mape"": 5.981792449951172, ""mae"": 1.2716542482376099, ""val_loss"": 5.398230075836182, ""val_mape"": 5.398230075836182, ""val_mae"": 1.0525349378585815, ""lr"": 0.00010000000474974513, ""val_mae12"": 1.3115184307098389, ""val_me"": 0.3533152739686415, ""val_me12"": 0.2632686572649101, ""mape_2021"": 6.222800254821777, ""mae_2021"": 1.0666613578796387, ""mae12_2021"": 1.5653150081634521, ""me_2021"": 0.669541354805051, ""me12_2021"": -1.098830125140311, ""epochs_trained"": 230}",2026-07-02T09:11:19.897355,completed,
1,MAPE,120,0,relu,3,256,0.05,5.143809795379639,0.9433616995811462,1.4607664346694946,-0.044622827491258385,0.9106101665859472,5.143809795379639,0.9106786251068115,1.4528108835220337,0.1773696722917884,-0.7389847476354854,5.316745758056641,"{""loss"": 4.720833778381348, ""mape"": 4.720833778381348, ""mae"": 0.9989822506904602, ""val_loss"": 5.143809795379639, ""val_mape"": 5.143809795379639, ""val_mae"": 0.9433616995811462, ""lr"": 0.00010000000474974513, ""val_mae12"": 1.4607664346694946, ""val_me"": -0.044622827491258385, ""val_me12"": 0.9106101665859472, ""mape_2021"": 5.316745758056641, ""mae_2021"": 0.9106786251068115, ""mae12_2021"": 1.4528108835220337, ""me_2021"": 0.1773696722917884, ""me12_2021"": -0.7389847476354854, ""epochs_trained"": 242}",2026-07-02T09:11:20.471470,completed,
1,MAPE,120,0,leaky_relu,1,16,0.1,48.73846435546875,10.180508613586426,8.568700790405273,8.475720949629629,8.103324401253781,48.73846435546875,10.741958618164062,11.408171653747559,9.194935254807975,10.991444464340864,59.181785583496094,"{""loss"": 50.968441009521484, ""mape"": 50.968441009521484, ""mae"": 10.701704978942871, ""val_loss"": 48.73846435546875, ""val_mape"": 48.73846435546875, ""val_mae"": 10.180508613586426, ""lr"": 0.00010000000474974513, ""val_mae12"": 8.568700790405273, ""val_me"": 8.475720949629629, ""val_me12"": 8.103324401253781, ""mape_2021"": 59.181785583496094, ""mae_2021"": 10.741958618164062, ""mae12_2021"": 11.408171653747559, ""me_2021"": 9.194935254807975, ""me12_2021"": 10.991444464340864, ""epochs_trained"": 213}",2026-07-02T09:11:23.927375,completed,
1,MAPE,120,0,leaky_relu,1,16,0.3,47.095367431640625,10.01819133758545,6.768580436706543,8.716818277193523,5.621034327380539,47.095367431640625,10.760973930358887,9.40849781036377,9.521767783139927,8.117571860809628,56.758609771728516,"{""loss"": 56.12329864501953, ""mape"": 56.12329864501953, ""mae"": 11.893267631530762, ""val_loss"": 47.095367431640625, ""val_mape"": 47.095367431640625, ""val_mae"": 10.01819133758545, ""lr"": 1.0000000656873453e-05, ""val_mae12"": 6.768580436706543, ""val_me"": 8.716818277193523, ""val_me12"": 5.621034327380539, ""mape_2021"": 56.758609771728516, ""mae_2021"": 10.760973930358887, ""mae12_2021"": 9.40849781036377, ""me_2021"": 9.521767783139927, ""me12_2021"": 8.117571860809628, ""epochs_trained"": 283}",2026-07-02T09:11:29.839689,completed,
1,MAPE,120,0,leaky_relu,1,16,0.0,16.40378761291504,3.416020154953003,3.4305613040924072,1.8876556014652892,3.052087589495472,16.40378761291504,3.670881509780884,2.3502957820892334,2.3421141752795918,0.3978198995563216,19.12544822692871,"{""loss"": 14.320955276489258, ""mape"": 14.320955276489258, ""mae"": 3.134732723236084, ""val_loss"": 16.40378761291504, ""val_mape"": 16.40378761291504, ""val_mae"": 3.416020154953003, ""lr"": 1.0000000656873453e-05, ""val_mae12"": 3.4305613040924072, ""val_me"": 1.8876556014652892, ""val_me12"": 3.052087589495472, ""mape_2021"": 19.12544822692871, ""mae_2021"": 3.670881509780884, ""mae12_2021"": 2.3502957820892334, ""me_2021"": 2.3421141752795918, ""me12_2021"": 0.3978198995563216, ""epochs_trained"": 8894}",2026-07-02T09:15:51.754238,completed,
1,MAPE,120,0,leaky_relu,1,32,0.1,46.65207290649414,9.341503143310547,8.279170036315918,7.755846457494447,8.115084366746785,46.65207290649414,10.491905212402344,12.106161117553711,8.749752193519083,11.980578730761511,61.14032745361328,"{""loss"": 50.37405776977539, ""mape"": 50.37405776977539, ""mae"": 10.424147605895996, ""val_loss"": 46.65207290649414, ""val_mape"": 46.65207290649414, ""val_mae"": 9.341503143310547, ""lr"": 0.00010000000474974513, ""val_mae12"": 8.279170036315918, ""val_me"": 7.755846457494447, ""val_me12"": 8.115084366746785, ""mape_2021"": 61.14032745361328, ""mae_2021"": 10.491905212402344, ""mae12_2021"": 12.106161117553711, ""me_2021"": 8.749752193519083, ""me12_2021"": 11.980578730761511, ""epochs_trained"": 91}",2026-07-02T09:16:11.049162,completed,
1,MAPE,120,0,leaky_relu,1,64,0.1,45.929325103759766,9.363245010375977,8.668675422668457,6.635405052847986,7.901438999661462,45.929325103759766,10.047224998474121,11.580567359924316,7.70503787557563,10.890060288192556,55.86969757080078,"{""loss"": 47.13877868652344, ""mape"": 47.13877868652344, ""mae"": 9.777217864990234, ""val_loss"": 45.929325103759766, ""val_mape"": 45.929325103759766, ""val_mae"": 9.363245010375977, ""lr"": 0.00010000000474974513, ""val_mae12"": 8.668675422668457, ""val_me"": 6.635405052847986, ""val_me12"": 7.901438999661462, ""mape_2021"": 55.86969757080078, ""mae_2021"": 10.047224998474121, ""mae12_2021"": 11.580567359924316, ""me_2021"": 7.70503787557563, ""me12_2021"": 10.890060288192556, ""epochs_trained"": 101}",2026-07-02T09:16:11.477534,completed,
1,MAPE,120,0,leaky_relu,1,64,0.3,45.70084762573242,9.313234329223633,8.59568977355957,6.98554578292012,8.071769261276003,45.70084762573242,10.085593223571777,11.594426155090332,8.023548137834952,11.132809322447194,56.949310302734375,"{""loss"": 51.66081619262695, ""mape"": 51.66081619262695, ""mae"": 10.835803031921387, ""val_loss"": 45.70084762573242, ""val_mape"": 45.70084762573242, ""val_mae"": 9.313234329223633, ""lr"": 0.00010000000474974513, ""val_mae12"": 8.59568977355957, ""val_me"": 6.98554578292012, ""val_me12"": 8.071769261276003, ""mape_2021"": 56.949310302734375, ""mae_2021"": 10.085593223571777, ""mae12_2021"": 11.594426155090332, ""me_2021"": 8.023548137834952, ""me12_2021"": 11.132809322447194, ""epochs_trained"": 112}",2026-07-02T09:16:11.629694,completed,
1,MAPE,120,0,leaky_relu,1,64,0.05,46.107112884521484,9.411033630371094,8.707154273986816,6.734004325890986,8.251168025798414,46.107112884521484,10.076873779296875,11.927868843078613,7.80512938260666,11.421836550846754,57.05320358276367,"{""loss"": 46.81686782836914, ""mape"": 46.81686782836914, ""mae"": 9.681371688842773, ""val_loss"": 46.107112884521484, ""val_mape"": 46.107112884521484, ""val_mae"": 9.411033630371094, ""lr"": 0.00010000000474974513, ""val_mae12"": 8.707154273986816, ""val_me"": 6.734004325890986, ""val_me12"": 8.251168025798414, ""mape_2021"": 57.05320358276367, ""mae_2021"": 10.076873779296875, ""mae12_2021"": 11.927868843078613, ""me_2021"": 7.80512938260666, ""me12_2021"": 11.421836550846754, ""epochs_trained"": 110}",2026-07-02T09:16:11.638697,completed,
1,MAPE,120,0,leaky_relu,1,64,0.0,44.92609786987305,9.197778701782227,8.587223052978516,6.660317740166563,7.149395597425799,44.92609786987305,9.923856735229492,11.06041145324707,7.687534024789129,9.294517792191279,53.18508529663086,"{""loss"": 43.799320220947266, ""mape"": 43.799320220947266, ""mae"": 9.09736442565918, ""val_loss"": 44.92609786987305, ""val_mape"": 44.92609786987305, ""val_mae"": 9.197778701782227, ""lr"": 0.00010000000474974513, ""val_mae12"": 8.587223052978516, ""val_me"": 6.660317740166563, ""val_me12"": 7.149395597425799, ""mape_2021"": 53.18508529663086, ""mae_2021"": 9.923856735229492, ""mae12_2021"": 11.06041145324707, ""me_2021"": 7.687534024789129, ""me12_2021"": 9.294517792191279, ""epochs_trained"": 120}",2026-07-02T09:16:11.896273,completed,
1,MAPE,120,0,leaky_relu,1,32,0.05,45.91604995727539,9.283735275268555,8.589627265930176,7.192877111099042,8.188496525537087,45.91604995727539,10.117039680480957,11.544821739196777,8.20366013212963,11.195043175566585,57.05998611450195,"{""loss"": 48.04331588745117, ""mape"": 48.04331588745117, ""mae"": 9.960502624511719, ""val_loss"": 45.91604995727539, ""val_mape"": 45.91604995727539, ""val_mae"": 9.283735275268555, ""lr"": 0.00010000000474974513, ""val_mae12"": 8.589627265930176, ""val_me"": 7.192877111099042, ""val_me12"": 8.188496525537087, ""mape_2021"": 57.05998611450195, ""mae_2021"": 10.117039680480957, ""mae12_2021"": 11.544821739196777, ""me_2021"": 8.20366013212963, ""me12_2021"": 11.195043175566585, ""epochs_trained"": 128}",2026-07-02T09:16:12.189297,completed,
1,MAPE,120,0,leaky_relu,1,32,0.3,47.38352966308594,9.778336524963379,8.064655303955078,8.278804983329257,7.730815880287684,47.38352966308594,10.625731468200684,11.576224327087402,9.146543276536288,11.249296041808252,60.67229080200195,"{""loss"": 56.07133102416992, ""mape"": 56.07133102416992, ""mae"": 11.789128303527832, ""val_loss"": 47.38352966308594, ""val_mape"": 47.38352966308594, ""val_mae"": 9.778336524963379, ""lr"": 0.00010000000474974513, ""val_mae12"": 8.064655303955078, ""val_me"": 8.278804983329257, ""val_me12"": 7.730815880287684, ""mape_2021"": 60.67229080200195, ""mae_2021"": 10.625731468200684, ""mae12_2021"": 11.576224327087402, ""me_2021"": 9.146543276536288, ""me12_2021"": 11.249296041808252, ""epochs_trained"": 148}",2026-07-02T09:16:12.553043,completed,
1,MAPE,120,0,leaky_relu,1,32,0.0,45.23408126831055,9.127087593078613,8.61311149597168,6.523459562651694,7.523603118480324,45.23408126831055,9.986774444580078,11.323537826538086,7.648598071378962,9.999621384379546,54.884727478027344,"{""loss"": 44.95181655883789, ""mape"": 44.95181655883789, ""mae"": 9.28884506225586, ""val_loss"": 45.23408126831055, ""val_mape"": 45.23408126831055, ""val_mae"": 9.127087593078613, ""lr"": 0.00010000000474974513, ""val_mae12"": 8.61311149597168, ""val_me"": 6.523459562651694, ""val_me12"": 7.523603118480324, ""mape_2021"": 54.884727478027344, ""mae_2021"": 9.986774444580078, ""mae12_2021"": 11.323537826538086, ""me_2021"": 7.648598071378962, ""me12_2021"": 9.999621384379546, ""epochs_trained"": 154}",2026-07-02T09:16:12.801380,completed,
2,MAPE,120,0,relu,1,16,0.0,45.82494354248047,9.540712356567383,4.247180938720703,8.354727810068388,3.608724086517821,45.82494354248047,10.974308967590332,7.724046230316162,9.677889890972684,6.924353980613587,60.2432746887207,"{""loss"": 49.534793853759766, ""mape"": 49.534793853759766, ""mae"": 10.183371543884277, ""val_loss"": 45.82494354248047, ""val_mape"": 45.82494354248047, ""val_mae"": 9.540712356567383, ""lr"": 0.00010000000474974513, ""val_mae12"": 4.247180938720703, ""val_me"": 8.354727810068388, ""val_me12"": 3.608724086517821, ""mape_2021"": 60.2432746887207, ""mae_2021"": 10.974308967590332, ""mae12_2021"": 7.724046230316162, ""me_2021"": 9.677889890972684, ""me12_2021"": 6.924353980613587, ""epochs_trained"": 100}",2026-07-03T11:41:52.353457,completed,
2,MAPE,120,0,relu,1,32,0.05,46.38880920410156,9.425712585449219,8.873137474060059,6.746689749289666,8.299906916338891,46.38880920410156,10.117237091064453,12.28119945526123,7.782832888442752,11.737707367907579,57.79890823364258,"{""loss"": 46.96599197387695, ""mape"": 46.96599197387695, ""mae"": 9.669191360473633, ""val_loss"": 46.38880920410156, ""val_mape"": 46.38880920410156, ""val_mae"": 9.425712585449219, ""lr"": 0.00010000000474974513, ""val_mae12"": 8.873137474060059, ""val_me"": 6.746689749289666, ""val_me12"": 8.299906916338891, ""mape_2021"": 57.79890823364258, ""mae_2021"": 10.117237091064453, ""mae12_2021"": 12.28119945526123, ""me_2021"": 7.782832888442752, ""me12_2021"": 11.737707367907579, ""epochs_trained"": 100}",2026-07-03T11:41:52.515200,completed,
2,MAPE,120,0,relu,1,32,0.0,46.11869812011719,9.353251457214355,9.08760929107666,6.931157236330305,8.538291281967494,46.11869812011719,10.091246604919434,11.968302726745605,7.990953035661361,11.491511813174302,57.37562942504883,"{""loss"": 46.137794494628906, ""mape"": 46.137794494628906, ""mae"": 9.480798721313477, ""val_loss"": 46.11869812011719, ""val_mape"": 46.11869812011719, ""val_mae"": 9.353251457214355, ""lr"": 0.00010000000474974513, ""val_mae12"": 9.08760929107666, ""val_me"": 6.931157236330305, ""val_me12"": 8.538291281967494, ""mape_2021"": 57.37562942504883, ""mae_2021"": 10.091246604919434, ""mae12_2021"": 11.968302726745605, ""me_2021"": 7.990953035661361, ""me12_2021"": 11.491511813174302, ""epochs_trained"": 145}",2026-07-03T11:41:53.949890,completed,
2,MAPE,120,0,relu,1,16,0.1,47.09427261352539,9.780278205871582,8.418699264526367,7.848908024424503,7.682166181079818,47.09427261352539,10.353181838989258,11.282029151916504,8.652941065194218,10.501415651411428,56.77771759033203,"{""loss"": 49.10331726074219, ""mape"": 49.10331726074219, ""mae"": 10.401735305786133, ""val_loss"": 47.09427261352539, ""val_mape"": 47.09427261352539, ""val_mae"": 9.780278205871582, ""lr"": 0.00010000000474974513, ""val_mae12"": 8.418699264526367, ""val_me"": 7.848908024424503, ""val_me12"": 7.682166181079818, ""mape_2021"": 56.77771759033203, ""mae_2021"": 10.353181838989258, ""mae12_2021"": 11.282029151916504, ""me_2021"": 8.652941065194218, ""me12_2021"": 10.501415651411428, ""epochs_trained"": 170}",2026-07-03T11:41:55.001213,completed,
2,MAPE,120,0,relu,1,16,0.3,56.643585205078125,12.751523971557617,7.138240814208984,11.301697549927663,5.948695656135682,56.643585205078125,12.789097785949707,9.540736198425293,11.453391630993606,8.07965868958009,62.78635787963867,"{""loss"": 57.19386672973633, ""mape"": 57.19386672973633, ""mae"": 12.815278053283691, ""val_loss"": 56.643585205078125, ""val_mape"": 56.643585205078125, ""val_mae"": 12.751523971557617, ""lr"": 0.00010000000474974513, ""val_mae12"": 7.138240814208984, ""val_me"": 11.301697549927663, ""val_me12"": 5.948695656135682, ""mape_2021"": 62.78635787963867, ""mae_2021"": 12.789097785949707, ""mae12_2021"": 9.540736198425293, ""me_2021"": 11.453391630993606, ""me12_2021"": 8.07965868958009, ""epochs_trained"": 233}",2026-07-03T11:41:57.979745,completed,
2,MAPE,120,0,relu,1,16,0.05,46.703887939453125,9.385998725891113,9.796712875366211,6.970558823973928,9.631546704188604,46.703887939453125,10.163034439086914,13.557798385620117,7.9567892766996575,13.459715502387455,60.460758209228516,"{""loss"": 48.57762908935547, ""mape"": 48.57762908935547, ""mae"": 9.948596000671387, ""val_loss"": 46.703887939453125, ""val_mape"": 46.703887939453125, ""val_mae"": 9.385998725891113, ""lr"": 0.00010000000474974513, ""val_mae12"": 9.796712875366211, ""val_me"": 6.970558823973928, ""val_me12"": 9.631546704188604, ""mape_2021"": 60.460758209228516, ""mae_2021"": 10.163034439086914, ""mae12_2021"": 13.557798385620117, ""me_2021"": 7.9567892766996575, ""me12_2021"": 13.459715502387455, ""epochs_trained"": 130}",2026-07-03T11:41:58.252936,completed,
2,MAPE,120,0,relu,1,32,0.1,47.2569694519043,9.540464401245117,9.580374717712402,7.075436855527502,9.510013195594885,47.2569694519043,10.255927085876465,13.391693115234375,8.098188831178717,13.403368174183761,61.19664764404297,"{""loss"": 49.23307800292969, ""mape"": 49.23307800292969, ""mae"": 10.083112716674805, ""val_loss"": 47.2569694519043, ""val_mape"": 47.2569694519043, ""val_mae"": 9.540464401245117, ""lr"": 0.00010000000474974513, ""val_mae12"": 9.580374717712402, ""val_me"": 7.075436855527502, ""val_me12"": 9.510013195594885, ""mape_2021"": 61.19664764404297, ""mae_2021"": 10.255927085876465, ""mae12_2021"": 13.391693115234375, ""me_2021"": 8.098188831178717, ""me12_2021"": 13.403368174183761, ""epochs_trained"": 98}",2026-07-03T11:41:59.866008,completed,
2,MAPE,120,0,relu,1,64,0.05,47.36519241333008,9.585223197937012,9.493826866149902,6.974684764556246,9.284386070268202,47.36519241333008,10.21874713897705,13.16984748840332,8.007942568839647,13.083668754314443,59.987648010253906,"{""loss"": 47.72013473510742, ""mape"": 47.72013473510742, ""mae"": 9.71080207824707, ""val_loss"": 47.36519241333008, ""val_mape"": 47.36519241333008, ""val_mae"": 9.585223197937012, ""lr"": 0.00010000000474974513, ""val_mae12"": 9.493826866149902, ""val_me"": 6.974684764556246, ""val_me12"": 9.284386070268202, ""mape_2021"": 59.987648010253906, ""mae_2021"": 10.21874713897705, ""mae12_2021"": 13.16984748840332, ""me_2021"": 8.007942568839647, ""me12_2021"": 13.083668754314443, ""epochs_trained"": 73}",2026-07-03T11:42:02.060035,completed,
2,MAPE,120,0,relu,1,64,0.0,46.08388137817383,9.398731231689453,8.784812927246094,6.790988988878147,7.679320300965234,46.08388137817383,10.131426811218262,11.871679306030273,7.859793143617952,10.563397124115575,56.252681732177734,"{""loss"": 45.40385818481445, ""mape"": 45.40385818481445, ""mae"": 9.377814292907715, ""val_loss"": 46.08388137817383, ""val_mape"": 46.08388137817383, ""val_mae"": 9.398731231689453, ""lr"": 0.00010000000474974513, ""val_mae12"": 8.784812927246094, ""val_me"": 6.790988988878147, ""val_me12"": 7.679320300965234, ""mape_2021"": 56.252681732177734, ""mae_2021"": 10.131426811218262, ""mae12_2021"": 11.871679306030273, ""me_2021"": 7.859793143617952, ""me12_2021"": 10.563397124115575, ""epochs_trained"": 106}",2026-07-03T11:42:02.117563,completed,
2,MAPE,120,0,relu,1,64,0.1,46.435340881347656,9.446745872497559,8.453025817871094,6.638151869031199,7.747166228535694,46.435340881347656,10.121846199035645,11.686614990234375,7.75811360010734,10.950524120676906,56.784976959228516,"{""loss"": 46.82942199707031, ""mape"": 46.82942199707031, ""mae"": 9.679490089416504, ""val_loss"": 46.435340881347656, ""val_mape"": 46.435340881347656, ""val_mae"": 9.446745872497559, ""lr"": 0.00010000000474974513, ""val_mae12"": 8.453025817871094, ""val_me"": 6.638151869031199, ""val_me12"": 7.747166228535694, ""mape_2021"": 56.784976959228516, ""mae_2021"": 10.121846199035645, ""mae12_2021"": 11.686614990234375, ""me_2021"": 7.75811360010734, ""me12_2021"": 10.950524120676906, ""epochs_trained"": 89}",2026-07-03T11:42:05.371563,completed,
2,MAPE,120,0,relu,1,64,0.3,45.13294219970703,9.210020065307617,8.255345344543457,6.878157132639811,7.460903921384915,45.13294219970703,10.06467056274414,11.217751502990723,7.952934128046316,10.371859182068102,55.803707122802734,"{""loss"": 49.14549255371094, ""mape"": 49.14549255371094, ""mae"": 10.428838729858398, ""val_loss"": 45.13294219970703, ""val_mape"": 45.13294219970703, ""val_mae"": 9.210020065307617, ""lr"": 0.00010000000474974513, ""val_mae12"": 8.255345344543457, ""val_me"": 6.878157132639811, ""val_me12"": 7.460903921384915, ""mape_2021"": 55.803707122802734, ""mae_2021"": 10.06467056274414, ""mae12_2021"": 11.217751502990723, ""me_2021"": 7.952934128046316, ""me12_2021"": 10.371859182068102, ""epochs_trained"": 120}",2026-07-03T11:42:06.441895,completed,
2,MAPE,120,0,relu,1,32,0.3,17.37648582458496,3.4138638973236084,4.841299057006836,1.97962259622926,2.667367113081316,17.37648582458496,3.956348419189453,2.646862268447876,2.762295561859591,-0.7499449605096771,20.370838165283203,"{""loss"": 24.695240020751953, ""mape"": 24.695240020751953, ""mae"": 5.350072860717773, ""val_loss"": 17.37648582458496, ""val_mape"": 17.37648582458496, ""val_mae"": 3.4138638973236084, ""lr"": 0.00010000000474974513, ""val_mae12"": 4.841299057006836, ""val_me"": 1.97962259622926, ""val_me12"": 2.667367113081316, ""mape_2021"": 20.370838165283203, ""mae_2021"": 3.956348419189453, ""mae12_2021"": 2.646862268447876, ""me_2021"": 2.762295561859591, ""me12_2021"": -0.7499449605096771, ""epochs_trained"": 736}",2026-07-03T11:42:20.527121,completed,
2,MAPE,120,0,relu,1,256,0.0,45.874088287353516,9.413503646850586,8.950693130493164,6.1539181202563995,7.864513620741593,45.874088287353516,10.082738876342773,12.123780250549316,7.306894271452272,10.799385757615779,56.15978240966797,"{""loss"": 44.61885070800781, ""mape"": 44.61885070800781, ""mae"": 9.222431182861328, ""val_loss"": 45.874088287353516, ""val_mape"": 45.874088287353516, ""val_mae"": 9.413503646850586, ""lr"": 0.00010000000474974513, ""val_mae12"": 8.950693130493164, ""val_me"": 6.1539181202563995, ""val_me12"": 7.864513620741593, ""mape_2021"": 56.15978240966797, ""mae_2021"": 10.082738876342773, ""mae12_2021"": 12.123780250549316, ""me_2021"": 7.306894271452272, ""me12_2021"": 10.799385757615779, ""epochs_trained"": 66}",2026-07-03T11:42:37.347067,completed,
2,MAPE,120,0,relu,1,256,0.05,45.37694549560547,9.267333030700684,8.228287696838379,6.293721991044163,7.030993562669532,45.37694549560547,10.04568099975586,11.234890937805176,7.464134171613834,9.629737741123254,54.81368637084961,"{""loss"": 44.400421142578125, ""mape"": 44.400421142578125, ""mae"": 9.16763687133789, ""val_loss"": 45.37694549560547, ""val_mape"": 45.37694549560547, ""val_mae"": 9.267333030700684, ""lr"": 0.00010000000474974513, ""val_mae12"": 8.228287696838379, ""val_me"": 6.293721991044163, ""val_me12"": 7.030993562669532, ""mape_2021"": 54.81368637084961, ""mae_2021"": 10.04568099975586, ""mae12_2021"": 11.234890937805176, ""me_2021"": 7.464134171613834, ""me12_2021"": 9.629737741123254, ""epochs_trained"": 67}",2026-07-03T11:42:37.434955,completed,
2,MAPE,120,0,relu,1,128,0.05,46.691200256347656,9.518445014953613,8.66650390625,6.802501737299616,7.885362253414134,46.691200256347656,10.151533126831055,11.845070838928223,7.872701899142845,10.957704670157204,56.91082000732422,"{""loss"": 45.92166519165039, ""mape"": 45.92166519165039, ""mae"": 9.471500396728516, ""val_loss"": 46.691200256347656, ""val_mape"": 46.691200256347656, ""val_mae"": 9.518445014953613, ""lr"": 0.00010000000474974513, ""val_mae12"": 8.66650390625, ""val_me"": 6.802501737299616, ""val_me12"": 7.885362253414134, ""mape_2021"": 56.91082000732422, ""mae_2021"": 10.151533126831055, ""mae12_2021"": 11.845070838928223, ""me_2021"": 7.872701899142845, ""me12_2021"": 10.957704670157204, ""epochs_trained"": 74}",2026-07-03T11:42:37.546798,completed,
2,MAPE,120,0,relu,1,128,0.0,46.79479217529297,9.574759483337402,9.081676483154297,6.714709361374743,8.722763964093641,46.79479217529297,10.111283302307129,12.217734336853027,7.8027800424510785,11.896928610882883,57.797821044921875,"{""loss"": 46.05049133300781, ""mape"": 46.05049133300781, ""mae"": 9.491561889648438, ""val_loss"": 46.79479217529297, ""val_mape"": 46.79479217529297, ""val_mae"": 9.574759483337402, ""lr"": 0.00010000000474974513, ""val_mae12"": 9.081676483154297, ""val_me"": 6.714709361374743, ""val_me12"": 8.722763964093641, ""mape_2021"": 57.797821044921875, ""mae_2021"": 10.111283302307129, ""mae12_2021"": 12.217734336853027, ""me_2021"": 7.8027800424510785, ""me12_2021"": 11.896928610882883, ""epochs_trained"": 77}",2026-07-03T11:42:37.730905,completed,
2,MAPE,120,0,relu,1,128,0.3,46.34757995605469,9.443096160888672,8.508156776428223,6.949604033247305,7.929985675548585,46.34757995605469,10.187762260437012,11.8046236038208,8.021947790208523,11.193579819725127,57.565895080566406,"{""loss"": 48.145851135253906, ""mape"": 48.145851135253906, ""mae"": 9.998773574829102, ""val_loss"": 46.34757995605469, ""val_mape"": 46.34757995605469, ""val_mae"": 9.443096160888672, ""lr"": 0.00010000000474974513, ""val_mae12"": 8.508156776428223, ""val_me"": 6.949604033247305, ""val_me12"": 7.929985675548585, ""mape_2021"": 57.565895080566406, ""mae_2021"": 10.187762260437012, ""mae12_2021"": 11.8046236038208, ""me_2021"": 8.021947790208523, ""me12_2021"": 11.193579819725127, ""epochs_trained"": 78}",2026-07-03T11:42:37.746905,completed,
2,MAPE,120,0,relu,1,128,0.1,45.928802490234375,9.36800765991211,8.989134788513184,6.673028690122564,7.911177016929203,45.928802490234375,10.094856262207031,12.23565673828125,7.6860350229337016,10.949803986189048,56.17634201049805,"{""loss"": 45.67658233642578, ""mape"": 45.67658233642578, ""mae"": 9.460838317871094, ""val_loss"": 45.928802490234375, ""val_mape"": 45.928802490234375, ""val_mae"": 9.36800765991211, ""lr"": 0.00010000000474974513, ""val_mae12"": 8.989134788513184, ""val_me"": 6.673028690122564, ""val_me12"": 7.911177016929203, ""mape_2021"": 56.17634201049805, ""mae_2021"": 10.094856262207031, ""mae12_2021"": 12.23565673828125, ""me_2021"": 7.6860350229337016, ""me12_2021"": 10.949803986189048, ""epochs_trained"": 85}",2026-07-03T11:42:38.108234,completed,
2,MAPE,120,0,relu,1,256,0.1,45.748191833496094,9.32257080078125,8.90363597869873,6.4576072305178425,7.804680018861601,45.748191833496094,10.107060432434082,12.096668243408203,7.551788949108632,10.776623365761564,56.267974853515625,"{""loss"": 45.08940124511719, ""mape"": 45.08940124511719, ""mae"": 9.302417755126953, ""val_loss"": 45.748191833496094, ""val_mape"": 45.748191833496094, ""val_mae"": 9.32257080078125, ""lr"": 0.00010000000474974513, ""val_mae12"": 8.90363597869873, ""val_me"": 6.4576072305178425, ""val_me12"": 7.804680018861601, ""mape_2021"": 56.267974853515625, ""mae_2021"": 10.107060432434082, ""mae12_2021"": 12.096668243408203, ""me_2021"": 7.551788949108632, ""me12_2021"": 10.776623365761564, ""epochs_trained"": 66}",2026-07-03T11:42:46.741659,completed,
2,MAPE,120,0,relu,2,16,0.0,48.338600158691406,9.632203102111816,10.855595588684082,6.675230654680704,10.804382800402143,48.338600158691406,10.12088680267334,15.126838684082031,7.645529833374725,15.202271089767477,62.75193405151367,"{""loss"": 47.45601272583008, ""mape"": 47.45601272583008, ""mae"": 9.459336280822754, ""val_loss"": 48.338600158691406, ""val_mape"": 48.338600158691406, ""val_mae"": 9.632203102111816, ""lr"": 0.00010000000474974513, ""val_mae12"": 10.855595588684082, ""val_me"": 6.675230654680704, ""val_me12"": 10.804382800402143, ""mape_2021"": 62.75193405151367, ""mae_2021"": 10.12088680267334, ""mae12_2021"": 15.126838684082031, ""me_2021"": 7.645529833374725, ""me12_2021"": 15.202271089767477, ""epochs_trained"": 103}",2026-07-03T11:42:49.073873,completed,
2,MAPE,120,0,relu,2,16,0.05,47.249794006347656,9.598298072814941,10.085689544677734,6.767474923576393,10.033084066407728,47.249794006347656,10.037915229797363,13.952005386352539,7.725472930965167,13.95678987241846,60.477970123291016,"{""loss"": 49.27518844604492, ""mape"": 49.27518844604492, ""mae"": 10.17540454864502, ""val_loss"": 47.249794006347656, ""val_mape"": 47.249794006347656, ""val_mae"": 9.598298072814941, ""lr"": 0.00010000000474974513, ""val_mae12"": 10.085689544677734, ""val_me"": 6.767474923576393, ""val_me12"": 10.033084066407728, ""mape_2021"": 60.477970123291016, ""mae_2021"": 10.037915229797363, ""mae12_2021"": 13.952005386352539, ""me_2021"": 7.725472930965167, ""me12_2021"": 13.95678987241846, ""epochs_trained"": 120}",2026-07-03T11:42:50.323006,completed,
2,MAPE,120,0,relu,2,16,0.3,46.25168228149414,9.998919486999512,6.312383651733398,7.960037178190822,5.156889503072607,46.25168228149414,10.304961204528809,9.763093948364258,8.929297924451541,8.188737155368543,56.15706253051758,"{""loss"": 55.13575744628906, ""mape"": 55.13575744628906, ""mae"": 12.232674598693848, ""val_loss"": 46.25168228149414, ""val_mape"": 46.25168228149414, ""val_mae"": 9.998919486999512, ""lr"": 0.00010000000474974513, ""val_mae12"": 6.312383651733398, ""val_me"": 7.960037178190822, ""val_me12"": 5.156889503072607, ""mape_2021"": 56.15706253051758, ""mae_2021"": 10.304961204528809, ""mae12_2021"": 9.763093948364258, ""me_2021"": 8.929297924451541, ""me12_2021"": 8.188737155368543, ""epochs_trained"": 124}",2026-07-03T11:42:50.754005,completed,
2,MAPE,120,0,relu,2,16,0.1,45.48329162597656,9.403395652770996,7.995177745819092,7.11183689785736,7.207354109601818,45.48329162597656,10.038595199584961,11.292436599731445,8.080391132640464,10.47072130025929,56.2155647277832,"{""loss"": 50.11380386352539, ""mape"": 50.11380386352539, ""mae"": 10.717382431030273, ""val_loss"": 45.48329162597656, ""val_mape"": 45.48329162597656, ""val_mae"": 9.403395652770996, ""lr"": 0.00010000000474974513, ""val_mae12"": 7.995177745819092, ""val_me"": 7.11183689785736, ""val_me12"": 7.207354109601818, ""mape_2021"": 56.2155647277832, ""mae_2021"": 10.038595199584961, ""mae12_2021"": 11.292436599731445, ""me_2021"": 8.080391132640464, ""me12_2021"": 10.47072130025929, ""epochs_trained"": 135}",2026-07-03T11:42:51.170016,completed,
2,MAPE,120,0,relu,1,256,0.3,18.089252471923828,3.531297445297241,5.111044883728027,1.9513289513288183,3.3263679235840544,18.089252471923828,4.030187129974365,2.7329771518707275,2.621517338533213,-0.2794901920595054,20.964025497436523,"{""loss"": 19.70171356201172, ""mape"": 19.70171356201172, ""mae"": 4.108118057250977, ""val_loss"": 18.089252471923828, ""val_mape"": 18.089252471923828, ""val_mae"": 3.531297445297241, ""lr"": 1.0000000656873453e-05, ""val_mae12"": 5.111044883728027, ""val_me"": 1.9513289513288183, ""val_me12"": 3.3263679235840544, ""mape_2021"": 20.964025497436523, ""mae_2021"": 4.030187129974365, ""mae12_2021"": 2.7329771518707275, ""me_2021"": 2.621517338533213, ""me12_2021"": -0.2794901920595054, ""epochs_trained"": 1708}",2026-07-03T11:44:04.454610,completed,
2,MAPE,120,0,relu,2,32,0.3,46.328269958496094,9.714232444763184,6.776254177093506,7.098961594380036,6.254686299604414,46.328269958496094,10.249043464660645,9.940689086914062,8.314538300788438,9.382556894568992,57.225746154785156,"{""loss"": 52.663516998291016, ""mape"": 52.663516998291016, ""mae"": 11.318018913269043, ""val_loss"": 46.328269958496094, ""val_mape"": 46.328269958496094, ""val_mae"": 9.714232444763184, ""lr"": 0.00010000000474974513, ""val_mae12"": 6.776254177093506, ""val_me"": 7.098961594380036, ""val_me12"": 6.254686299604414, ""mape_2021"": 57.225746154785156, ""mae_2021"": 10.249043464660645, ""mae12_2021"": 9.940689086914062, ""me_2021"": 8.314538300788438, ""me12_2021"": 9.382556894568992, ""epochs_trained"": 85}",2026-07-03T11:44:20.627970,completed,
2,MAPE,120,0,relu,2,32,0.05,47.15372848510742,9.539155006408691,9.994820594787598,6.559029624481296,9.903493717828763,47.15372848510742,10.085020065307617,13.888134002685547,7.620317425720806,13.886151017120099,60.845458984375,"{""loss"": 47.94845962524414, ""mape"": 47.94845962524414, ""mae"": 9.797511100769043, ""val_loss"": 47.15372848510742, ""val_mape"": 47.15372848510742, ""val_mae"": 9.539155006408691, ""lr"": 0.00010000000474974513, ""val_mae12"": 9.994820594787598, ""val_me"": 6.559029624481296, ""val_me12"": 9.903493717828763, ""mape_2021"": 60.845458984375, ""mae_2021"": 10.085020065307617, ""mae12_2021"": 13.888134002685547, ""me_2021"": 7.620317425720806, ""me12_2021"": 13.886151017120099, ""epochs_trained"": 96}",2026-07-03T11:44:21.143364,completed,
2,MAPE,120,0,relu,2,32,0.1,45.092750549316406,9.337080001831055,8.410173416137695,6.306327507992384,7.928134175450784,45.092750549316406,9.840574264526367,11.785175323486328,7.38216489901918,11.226449450114869,56.0910758972168,"{""loss"": 46.62413024902344, ""mape"": 46.62413024902344, ""mae"": 9.762287139892578, ""val_loss"": 45.092750549316406, ""val_mape"": 45.092750549316406, ""val_mae"": 9.337080001831055, ""lr"": 0.00010000000474974513, ""val_mae12"": 8.410173416137695, ""val_me"": 6.306327507992384, ""val_me12"": 7.928134175450784, ""mape_2021"": 56.0910758972168, ""mae_2021"": 9.840574264526367, ""mae12_2021"": 11.785175323486328, ""me_2021"": 7.38216489901918, ""me12_2021"": 11.226449450114869, ""epochs_trained"": 100}",2026-07-03T11:44:21.504357,completed,
2,MAPE,120,0,relu,2,128,0.0,46.279052734375,9.425686836242676,8.652910232543945,6.684636681240711,8.535962286415822,46.279052734375,10.000327110290527,12.226948738098145,7.779170835439209,12.150962749270988,58.60686492919922,"{""loss"": 44.371299743652344, ""mape"": 44.371299743652344, ""mae"": 8.981483459472656, ""val_loss"": 46.279052734375, ""val_mape"": 46.279052734375, ""val_mae"": 9.425686836242676, ""lr"": 0.00010000000474974513, ""val_mae12"": 8.652910232543945, ""val_me"": 6.684636681240711, ""val_me12"": 8.535962286415822, ""mape_2021"": 58.60686492919922, ""mae_2021"": 10.000327110290527, ""mae12_2021"": 12.226948738098145, ""me_2021"": 7.779170835439209, ""me12_2021"": 12.150962749270988, ""epochs_trained"": 47}",2026-07-03T11:44:30.794231,completed,
2,MAPE,120,0,relu,2,128,0.05,46.81481170654297,9.514721870422363,9.211496353149414,6.432923729531853,9.1208727402057,46.81481170654297,9.957120895385742,12.89580249786377,7.529484701818309,12.851510022783229,59.162940979003906,"{""loss"": 45.0194206237793, ""mape"": 45.0194206237793, ""mae"": 9.095937728881836, ""val_loss"": 46.81481170654297, ""val_mape"": 46.81481170654297, ""val_mae"": 9.514721870422363, ""lr"": 0.00010000000474974513, ""val_mae12"": 9.211496353149414, ""val_me"": 6.432923729531853, ""val_me12"": 9.1208727402057, ""mape_2021"": 59.162940979003906, ""mae_2021"": 9.957120895385742, ""mae12_2021"": 12.89580249786377, ""me_2021"": 7.529484701818309, ""me12_2021"": 12.851510022783229, ""epochs_trained"": 46}",2026-07-03T11:44:41.368455,completed,
2,MAPE,120,0,relu,2,64,0.1,15.065996170043945,2.7473676204681396,4.7638325691223145,0.3278712344073512,2.6445780697101346,15.065996170043945,2.8525006771087646,2.3712384700775146,1.0483986921154775,-1.2714565612419289,15.328350067138672,"{""loss"": 14.646899223327637, ""mape"": 14.646899223327637, ""mae"": 3.083933115005493, ""val_loss"": 15.065996170043945, ""val_mape"": 15.065996170043945, ""val_mae"": 2.7473676204681396, ""lr"": 0.00010000000474974513, ""val_mae12"": 4.7638325691223145, ""val_me"": 0.3278712344073512, ""val_me12"": 2.6445780697101346, ""mape_2021"": 15.328350067138672, ""mae_2021"": 2.8525006771087646, ""mae12_2021"": 2.3712384700775146, ""me_2021"": 1.0483986921154775, ""me12_2021"": -1.2714565612419289, ""epochs_trained"": 286}",2026-07-03T11:44:47.416849,completed,
2,MAPE,120,0,relu,2,64,0.05,4.790633678436279,0.8754737377166748,1.536124587059021,0.1064098817650404,0.4861376018626426,4.790633678436279,0.8816548585891724,1.5417959690093994,0.4037252672393232,-1.1753691175651169,5.2588958740234375,"{""loss"": 6.115619659423828, ""mape"": 6.115619659423828, ""mae"": 1.324716329574585, ""val_loss"": 4.790633678436279, ""val_mape"": 4.790633678436279, ""val_mae"": 0.8754737377166748, ""lr"": 0.00010000000474974513, ""val_mae12"": 1.536124587059021, ""val_me"": 0.1064098817650404, ""val_me12"": 0.4861376018626426, ""mape_2021"": 5.2588958740234375, ""mae_2021"": 0.8816548585891724, ""mae12_2021"": 1.5417959690093994, ""me_2021"": 0.4037252672393232, ""me12_2021"": -1.1753691175651169, ""epochs_trained"": 582}",2026-07-03T11:44:57.141360,completed,
2,MAPE,120,0,relu,2,128,0.3,16.21642303466797,3.066728115081787,4.785623073577881,0.4517181834396628,2.3004118242333496,16.21642303466797,3.2832834720611572,2.4603469371795654,1.2199769470140305,-0.7359954520413672,17.226003646850586,"{""loss"": 18.672863006591797, ""mape"": 18.672863006591797, ""mae"": 3.951606512069702, ""val_loss"": 16.21642303466797, ""val_mape"": 16.21642303466797, ""val_mae"": 3.066728115081787, ""lr"": 0.00010000000474974513, ""val_mae12"": 4.785623073577881, ""val_me"": 0.4517181834396628, ""val_me12"": 2.3004118242333496, ""mape_2021"": 17.226003646850586, ""mae_2021"": 3.2832834720611572, ""mae12_2021"": 2.4603469371795654, ""me_2021"": 1.2199769470140305, ""me12_2021"": -0.7359954520413672, ""epochs_trained"": 169}",2026-07-03T11:45:08.952260,completed,
2,MAPE,120,0,relu,2,64,0.0,4.449831008911133,0.8653520345687866,1.1511527299880981,0.0040974901394562795,-0.11583437919896082,4.449831008911133,0.8977699279785156,1.5153528451919556,0.345281094273897,-1.3184488688742622,5.525165557861328,"{""loss"": 3.159454822540283, ""mape"": 3.159454822540283, ""mae"": 0.6519517302513123, ""val_loss"": 4.449831008911133, ""val_mape"": 4.449831008911133, ""val_mae"": 0.8653520345687866, ""lr"": 0.00010000000474974513, ""val_mae12"": 1.1511527299880981, ""val_me"": 0.0040974901394562795, ""val_me12"": -0.11583437919896082, ""mape_2021"": 5.525165557861328, ""mae_2021"": 0.8977699279785156, ""mae12_2021"": 1.5153528451919556, ""me_2021"": 0.345281094273897, ""me12_2021"": -1.3184488688742622, ""epochs_trained"": 873}",2026-07-03T11:45:15.777772,completed,
2,MAPE,120,0,relu,2,128,0.1,4.556258201599121,0.7944974899291992,1.4920425415039062,0.006566135214029666,0.3601161060044925,4.556258201599121,0.8581859469413757,1.7419146299362183,0.3538198977243709,-1.4114510517197028,5.587917804718018,"{""loss"": 6.279226303100586, ""mape"": 6.279226303100586, ""mae"": 1.3807671070098877, ""val_loss"": 4.556258201599121, ""val_mape"": 4.556258201599121, ""val_mae"": 0.7944974899291992, ""lr"": 0.00010000000474974513, ""val_mae12"": 1.4920425415039062, ""val_me"": 0.006566135214029666, ""val_me12"": 0.3601161060044925, ""mape_2021"": 5.587917804718018, ""mae_2021"": 0.8581859469413757, ""mae12_2021"": 1.7419146299362183, ""me_2021"": 0.3538198977243709, ""me12_2021"": -1.4114510517197028, ""epochs_trained"": 533}",2026-07-03T11:45:24.281327,completed,
2,MAPE,120,0,relu,2,64,0.3,18.112295150756836,3.392768144607544,5.767623424530029,1.2994343441324283,4.092072152600408,18.112295150756836,3.7619471549987793,2.190473794937134,2.016276007765032,0.9809568444154378,20.11583137512207,"{""loss"": 22.57134437561035, ""mape"": 22.57134437561035, ""mae"": 4.841383457183838, ""val_loss"": 18.112295150756836, ""val_mape"": 18.112295150756836, ""val_mae"": 3.392768144607544, ""lr"": 1.0000000656873453e-05, ""val_mae12"": 5.767623424530029, ""val_me"": 1.2994343441324283, ""val_me12"": 4.092072152600408, ""mape_2021"": 20.11583137512207, ""mae_2021"": 3.7619471549987793, ""mae12_2021"": 2.190473794937134, ""me_2021"": 2.016276007765032, ""me12_2021"": 0.9809568444154378, ""epochs_trained"": 1045}",2026-07-03T11:45:32.549914,completed,
2,MAPE,120,0,relu,2,32,0.0,16.7720947265625,3.223759889602661,4.7737603187561035,0.6399953366358825,3.79129452607458,16.7720947265625,3.239161491394043,2.3909809589385986,1.320202159138837,-0.34786137305635606,16.765869140625,"{""loss"": 13.037124633789062, ""mape"": 13.037124633789062, ""mae"": 2.7371456623077393, ""val_loss"": 16.7720947265625, ""val_mape"": 16.7720947265625, ""val_mae"": 3.223759889602661, ""lr"": 1.0000000656873453e-05, ""val_mae12"": 4.7737603187561035, ""val_me"": 0.6399953366358825, ""val_me12"": 3.79129452607458, ""mape_2021"": 16.765869140625, ""mae_2021"": 3.239161491394043, ""mae12_2021"": 2.3909809589385986, ""me_2021"": 1.320202159138837, ""me12_2021"": -0.34786137305635606, ""epochs_trained"": 2256}",2026-07-03T11:46:01.580017,completed,
2,MAPE,120,0,relu,3,16,0.05,45.534141540527344,9.441922187805176,8.16775131225586,6.319104244491037,7.901398475012736,45.534141540527344,10.001901626586914,11.483541488647461,7.511565594245066,11.266256280777137,57.14700698852539,"{""loss"": 48.12007141113281, ""mape"": 48.12007141113281, ""mae"": 10.138254165649414, ""val_loss"": 45.534141540527344, ""val_mape"": 45.534141540527344, ""val_mae"": 9.441922187805176, ""lr"": 0.00010000000474974513, ""val_mae12"": 8.16775131225586, ""val_me"": 6.319104244491037, ""val_me12"": 7.901398475012736, ""mape_2021"": 57.14700698852539, ""mae_2021"": 10.001901626586914, ""mae12_2021"": 11.483541488647461, ""me_2021"": 7.511565594245066, ""me12_2021"": 11.266256280777137, ""epochs_trained"": 95}",2026-07-03T11:46:37.310475,completed,
2,MAPE,120,0,relu,2,256,0.1,16.594470977783203,3.210268497467041,4.117053031921387,0.24098224277208266,2.0404579990931877,16.594470977783203,3.226863384246826,2.6325666904449463,1.0537491678318378,-1.3081224833762155,16.679096221923828,"{""loss"": 15.046627044677734, ""mape"": 15.046627044677734, ""mae"": 3.0497376918792725, ""val_loss"": 16.594470977783203, ""val_mape"": 16.594470977783203, ""val_mae"": 3.210268497467041, ""lr"": 0.00010000000474974513, ""val_mae12"": 4.117053031921387, ""val_me"": 0.24098224277208266, ""val_me12"": 2.0404579990931877, ""mape_2021"": 16.679096221923828, ""mae_2021"": 3.226863384246826, ""mae12_2021"": 2.6325666904449463, ""me_2021"": 1.0537491678318378, ""me12_2021"": -1.3081224833762155, ""epochs_trained"": 122}",2026-07-03T11:46:39.893115,completed,
2,MAPE,120,0,relu,2,256,0.05,14.417092323303223,2.7142975330352783,3.8433685302734375,-0.02228164003938308,1.582322208707704,14.417092323303223,2.683727979660034,2.9014089107513428,0.7999162756696577,-2.249526325045024,14.556204795837402,"{""loss"": 11.474950790405273, ""mape"": 11.474950790405273, ""mae"": 2.3288512229919434, ""val_loss"": 14.417092323303223, ""val_mape"": 14.417092323303223, ""val_mae"": 2.7142975330352783, ""lr"": 0.00010000000474974513, ""val_mae12"": 3.8433685302734375, ""val_me"": -0.02228164003938308, ""val_me12"": 1.582322208707704, ""mape_2021"": 14.556204795837402, ""mae_2021"": 2.683727979660034, ""mae12_2021"": 2.9014089107513428, ""me_2021"": 0.7999162756696577, ""me12_2021"": -2.249526325045024, ""epochs_trained"": 159}",2026-07-03T11:46:43.185489,completed,
2,MAPE,120,0,relu,3,16,0.1,49.05862045288086,10.377143859863281,7.359134674072266,7.296971435212814,7.057340025654887,49.05862045288086,10.260969161987305,10.892829895019531,8.44628630711497,10.587101654027958,58.928321838378906,"{""loss"": 53.45360565185547, ""mape"": 53.45360565185547, ""mae"": 11.360496520996094, ""val_loss"": 49.05862045288086, ""val_mape"": 49.05862045288086, ""val_mae"": 10.377143859863281, ""lr"": 0.00010000000474974513, ""val_mae12"": 7.359134674072266, ""val_me"": 7.296971435212814, ""val_me12"": 7.057340025654887, ""mape_2021"": 58.928321838378906, ""mae_2021"": 10.260969161987305, ""mae12_2021"": 10.892829895019531, ""me_2021"": 8.44628630711497, ""me12_2021"": 10.587101654027958, ""epochs_trained"": 121}",2026-07-03T11:46:59.993856,completed,
2,MAPE,120,0,relu,3,16,0.3,52.05015182495117,11.901561737060547,4.320410251617432,9.9682037988007,3.549388010100347,52.05015182495117,11.60105037689209,7.298781871795654,10.827382936197614,6.3538215438895245,60.289302825927734,"{""loss"": 60.10655212402344, ""mape"": 60.10655212402344, ""mae"": 13.359399795532227, ""val_loss"": 52.05015182495117, ""val_mape"": 52.05015182495117, ""val_mae"": 11.901561737060547, ""lr"": 0.00010000000474974513, ""val_mae12"": 4.320410251617432, ""val_me"": 9.9682037988007, ""val_me12"": 3.549388010100347, ""mape_2021"": 60.289302825927734, ""mae_2021"": 11.60105037689209, ""mae12_2021"": 7.298781871795654, ""me_2021"": 10.827382936197614, ""me12_2021"": 6.3538215438895245, ""epochs_trained"": 106}",2026-07-03T11:47:00.524383,completed,
2,MAPE,120,0,relu,2,256,0.3,5.0973286628723145,0.8792571425437927,1.7810711860656738,-0.09371719714180962,0.8217035049436578,5.0973286628723145,0.9102828502655029,1.7520850896835327,0.25151957367973904,-1.2486812667412843,5.812575340270996,"{""loss"": 7.940589427947998, ""mape"": 7.940589427947998, ""mae"": 1.7398792505264282, ""val_loss"": 5.0973286628723145, ""val_mape"": 5.0973286628723145, ""val_mae"": 0.8792571425437927, ""lr"": 0.00010000000474974513, ""val_mae12"": 1.7810711860656738, ""val_me"": -0.09371719714180962, ""val_me12"": 0.8217035049436578, ""mape_2021"": 5.812575340270996, ""mae_2021"": 0.9102828502655029, ""mae12_2021"": 1.7520850896835327, ""me_2021"": 0.25151957367973904, ""me12_2021"": -1.2486812667412843, ""epochs_trained"": 369}",2026-07-03T11:47:04.680744,completed,
2,MAPE,120,0,relu,2,256,0.0,4.000270843505859,0.7591389417648315,1.1483460664749146,0.03407339168493396,-0.06122242981535864,4.000270843505859,0.809986412525177,1.1587611436843872,0.27254227546807613,-0.9282097074695157,4.672677516937256,"{""loss"": 2.718155860900879, ""mape"": 2.718155860900879, ""mae"": 0.5724923610687256, ""val_loss"": 4.000270843505859, ""val_mape"": 4.000270843505859, ""val_mae"": 0.7591389417648315, ""lr"": 1.0000000656873453e-05, ""val_mae12"": 1.1483460664749146, ""val_me"": 0.03407339168493396, ""val_me12"": -0.06122242981535864, ""mape_2021"": 4.672677516937256, ""mae_2021"": 0.809986412525177, ""mae12_2021"": 1.1587611436843872, ""me_2021"": 0.27254227546807613, ""me12_2021"": -0.9282097074695157, ""epochs_trained"": 531}",2026-07-03T11:47:15.774510,completed,
2,MAPE,120,0,relu,3,32,0.3,46.82866287231445,10.12905216217041,4.5530686378479,7.570226972723315,4.092932429489882,46.82866287231445,10.365188598632812,7.572620868682861,8.88108950481999,6.890283723930025,56.49479675292969,"{""loss"": 53.540523529052734, ""mape"": 53.540523529052734, ""mae"": 11.607327461242676, ""val_loss"": 46.82866287231445, ""val_mape"": 46.82866287231445, ""val_mae"": 10.12905216217041, ""lr"": 0.00010000000474974513, ""val_mae12"": 4.5530686378479, ""val_me"": 7.570226972723315, ""val_me12"": 4.092932429489882, ""mape_2021"": 56.49479675292969, ""mae_2021"": 10.365188598632812, ""mae12_2021"": 7.572620868682861, ""me_2021"": 8.88108950481999, ""me12_2021"": 6.890283723930025, ""epochs_trained"": 71}",2026-07-03T11:47:16.503189,completed,
2,MAPE,120,0,relu,3,32,0.0,5.068674087524414,1.0412489175796509,1.0468692779541016,-0.04314310803794436,0.31025475462676444,5.068674087524414,1.033341884613037,0.8654264211654663,0.20333641147067436,-0.31587393114571827,5.533839702606201,"{""loss"": 4.378639221191406, ""mape"": 4.378639221191406, ""mae"": 0.8985153436660767, ""val_loss"": 5.068674087524414, ""val_mape"": 5.068674087524414, ""val_mae"": 1.0412489175796509, ""lr"": 0.00010000000474974513, ""val_mae12"": 1.0468692779541016, ""val_me"": -0.04314310803794436, ""val_me12"": 0.31025475462676444, ""mape_2021"": 5.533839702606201, ""mae_2021"": 1.033341884613037, ""mae12_2021"": 0.8654264211654663, ""me_2021"": 0.20333641147067436, ""me12_2021"": -0.31587393114571827, ""epochs_trained"": 474}",2026-07-03T11:47:23.346222,completed,
2,MAPE,120,0,relu,3,32,0.1,18.319263458251953,3.750863552093506,4.355357646942139,1.9693187848697211,3.134904043826281,18.319263458251953,4.004578113555908,2.1942696571350098,2.4889352919939705,0.8546167741589573,20.56412696838379,"{""loss"": 20.94687271118164, ""mape"": 20.94687271118164, ""mae"": 4.491160869598389, ""val_loss"": 18.319263458251953, ""val_mape"": 18.319263458251953, ""val_mae"": 3.750863552093506, ""lr"": 1.0000000656873453e-05, ""val_mae12"": 4.355357646942139, ""val_me"": 1.9693187848697211, ""val_me12"": 3.134904043826281, ""mape_2021"": 20.56412696838379, ""mae_2021"": 4.004578113555908, ""mae12_2021"": 2.1942696571350098, ""me_2021"": 2.4889352919939705, ""me12_2021"": 0.8546167741589573, ""epochs_trained"": 839}",2026-07-03T11:47:47.171182,completed,
2,MAPE,120,0,relu,3,32,0.05,15.680045127868652,3.140383005142212,3.646620035171509,1.2886340427678908,2.684900001614221,15.680045127868652,3.3671255111694336,2.5259547233581543,1.767477361045301,0.703274553830485,18.40359115600586,"{""loss"": 18.074966430664062, ""mape"": 18.074966430664062, ""mae"": 3.7305164337158203, ""val_loss"": 15.680045127868652, ""val_mape"": 15.680045127868652, ""val_mae"": 3.140383005142212, ""lr"": 1.0000000656873453e-05, ""val_mae12"": 3.646620035171509, ""val_me"": 1.2886340427678908, ""val_me12"": 2.684900001614221, ""mape_2021"": 18.40359115600586, ""mae_2021"": 3.3671255111694336, ""mae12_2021"": 2.5259547233581543, ""me_2021"": 1.767477361045301, ""me12_2021"": 0.703274553830485, ""epochs_trained"": 1045}",2026-07-03T11:47:54.038956,completed,
2,MAPE,120,0,relu,3,16,0.0,13.063364028930664,2.7062950134277344,2.6723854541778564,0.8829607390962464,1.6090541135707948,13.063364028930664,2.773993730545044,1.8494399785995483,1.3303556930035147,-0.3700302534538789,14.014123916625977,"{""loss"": 11.179769515991211, ""mape"": 11.179769515991211, ""mae"": 2.3831787109375, ""val_loss"": 13.063364028930664, ""val_mape"": 13.063364028930664, ""val_mae"": 2.7062950134277344, ""lr"": 1.0000000656873453e-05, ""val_mae12"": 2.6723854541778564, ""val_me"": 0.8829607390962464, ""val_me12"": 1.6090541135707948, ""mape_2021"": 14.014123916625977, ""mae_2021"": 2.773993730545044, ""mae12_2021"": 1.8494399785995483, ""me_2021"": 1.3303556930035147, ""me12_2021"": -0.3700302534538789, ""epochs_trained"": 2222}",2026-07-03T11:48:14.589461,completed,
2,MAPE,120,0,relu,3,64,0.3,43.73147964477539,9.364027976989746,3.822988510131836,7.885032782363491,2.9729260472279493,43.73147964477539,10.530447006225586,7.107463359832764,9.209559240452359,5.871001561740542,56.91332244873047,"{""loss"": 48.35838317871094, ""mape"": 48.35838317871094, ""mae"": 10.272117614746094, ""val_loss"": 43.73147964477539, ""val_mape"": 43.73147964477539, ""val_mae"": 9.364027976989746, ""lr"": 0.00010000000474974513, ""val_mae12"": 3.822988510131836, ""val_me"": 7.885032782363491, ""val_me12"": 2.9729260472279493, ""mape_2021"": 56.91332244873047, ""mae_2021"": 10.530447006225586, ""mae12_2021"": 7.107463359832764, ""me_2021"": 9.209559240452359, ""me12_2021"": 5.871001561740542, ""epochs_trained"": 59}",2026-07-03T11:48:35.753382,completed,
2,MAPE,120,0,relu,3,128,0.05,5.128867149353027,0.957643985748291,1.5028691291809082,0.12468893320261311,0.2568293392426866,5.128867149353027,0.9765758514404297,1.5333330631256104,0.42259193654635024,-1.0369198712943282,5.5321478843688965,"{""loss"": 5.7726263999938965, ""mape"": 5.7726263999938965, ""mae"": 1.2406015396118164, ""val_loss"": 5.128867149353027, ""val_mape"": 5.128867149353027, ""val_mae"": 0.957643985748291, ""lr"": 0.00010000000474974513, ""val_mae12"": 1.5028691291809082, ""val_me"": 0.12468893320261311, ""val_me12"": 0.2568293392426866, ""mape_2021"": 5.5321478843688965, ""mae_2021"": 0.9765758514404297, ""mae12_2021"": 1.5333330631256104, ""me_2021"": 0.42259193654635024, ""me12_2021"": -1.0369198712943282, ""epochs_trained"": 292}",2026-07-03T11:49:02.780391,completed,
2,MAPE,120,0,relu,3,64,0.1,6.102336883544922,1.2090442180633545,1.7899491786956787,0.38539872615928156,0.594303695981874,6.102336883544922,1.220137357711792,1.5610226392745972,0.695052056067415,-0.6861736090276478,6.7487897872924805,"{""loss"": 8.928792953491211, ""mape"": 8.928792953491211, ""mae"": 1.9518414735794067, ""val_loss"": 6.102336883544922, ""val_mape"": 6.102336883544922, ""val_mae"": 1.2090442180633545, ""lr"": 0.00010000000474974513, ""val_mae12"": 1.7899491786956787, ""val_me"": 0.38539872615928156, ""val_me12"": 0.594303695981874, ""mape_2021"": 6.7487897872924805, ""mae_2021"": 1.220137357711792, ""mae12_2021"": 1.5610226392745972, ""me_2021"": 0.695052056067415, ""me12_2021"": -0.6861736090276478, ""epochs_trained"": 293}",2026-07-03T11:49:02.815395,completed,
2,MAPE,120,0,relu,3,64,0.05,4.421363830566406,0.8247710466384888,1.257588267326355,0.15932456081548596,0.7818089127105793,4.421363830566406,0.8290382623672485,1.261957049369812,0.4048248651109012,-0.35762612330300453,5.605404853820801,"{""loss"": 5.827981948852539, ""mape"": 5.827981948852539, ""mae"": 1.2882637977600098, ""val_loss"": 4.421363830566406, ""val_mape"": 4.421363830566406, ""val_mae"": 0.8247710466384888, ""lr"": 0.00010000000474974513, ""val_mae12"": 1.257588267326355, ""val_me"": 0.15932456081548596, ""val_me12"": 0.7818089127105793, ""mape_2021"": 5.605404853820801, ""mae_2021"": 0.8290382623672485, ""mae12_2021"": 1.261957049369812, ""me_2021"": 0.4048248651109012, ""me12_2021"": -0.35762612330300453, ""epochs_trained"": 433}",2026-07-03T11:49:20.842940,completed,
2,MAPE,120,0,relu,3,128,0.1,5.38100004196167,1.0525392293930054,1.524704933166504,0.34585081052571776,0.7233615142872444,5.38100004196167,1.0367507934570312,1.4356069564819336,0.5984134599222728,-0.35694168992776065,6.050209999084473,"{""loss"": 6.79408597946167, ""mape"": 6.79408597946167, ""mae"": 1.4807006120681763, ""val_loss"": 5.38100004196167, ""val_mape"": 5.38100004196167, ""val_mae"": 1.0525392293930054, ""lr"": 0.00010000000474974513, ""val_mae12"": 1.524704933166504, ""val_me"": 0.34585081052571776, ""val_me12"": 0.7233615142872444, ""mape_2021"": 6.050209999084473, ""mae_2021"": 1.0367507934570312, ""mae12_2021"": 1.4356069564819336, ""me_2021"": 0.5984134599222728, ""me12_2021"": -0.35694168992776065, ""epochs_trained"": 298}",2026-07-03T11:49:24.270793,completed,
2,MAPE,120,0,relu,3,128,0.0,4.399383068084717,0.8100776076316833,1.2701398134231567,0.0336697143303179,0.48009828552578615,4.399383068084717,0.9299154877662659,1.349778652191162,0.2818797665370727,-0.2550592934549358,5.680821418762207,"{""loss"": 2.6314804553985596, ""mape"": 2.6314804553985596, ""mae"": 0.5623907446861267, ""val_loss"": 4.399383068084717, ""val_mape"": 4.399383068084717, ""val_mae"": 0.8100776076316833, ""lr"": 1.0000000656873453e-05, ""val_mae12"": 1.2701398134231567, ""val_me"": 0.0336697143303179, ""val_me12"": 0.48009828552578615, ""mape_2021"": 5.680821418762207, ""mae_2021"": 0.9299154877662659, ""mae12_2021"": 1.349778652191162, ""me_2021"": 0.2818797665370727, ""me12_2021"": -0.2550592934549358, ""epochs_trained"": 492}",2026-07-03T11:49:25.767839,completed,
2,MAPE,120,0,relu,3,64,0.0,4.313440322875977,0.8433316349983215,1.1049175262451172,-0.03675097313618218,-0.07528490198629584,4.313440322875977,0.9147733449935913,1.6622583866119385,0.2414066580356237,-1.4073415599530998,5.653680801391602,"{""loss"": 3.210374593734741, ""mape"": 3.210374593734741, ""mae"": 0.6579152941703796, ""val_loss"": 4.313440322875977, ""val_mape"": 4.313440322875977, ""val_mae"": 0.8433316349983215, ""lr"": 0.00010000000474974513, ""val_mae12"": 1.1049175262451172, ""val_me"": -0.03675097313618218, ""val_me12"": -0.07528490198629584, ""mape_2021"": 5.653680801391602, ""mae_2021"": 0.9147733449935913, ""mae12_2021"": 1.6622583866119385, ""me_2021"": 0.2414066580356237, ""me12_2021"": -1.4073415599530998, ""epochs_trained"": 631}",2026-07-03T11:49:52.658980,completed,
2,MAPE,120,0,relu,3,128,0.3,8.472543716430664,1.8749139308929443,1.987492322921753,0.9260475673087984,0.5503969812527995,8.472543716430664,1.6905534267425537,1.7580515146255493,1.2502191737953143,-1.1832232505816502,8.798589706420898,"{""loss"": 11.735079765319824, ""mape"": 11.735079765319824, ""mae"": 2.617450475692749, ""val_loss"": 8.472543716430664, ""val_mape"": 8.472543716430664, ""val_mae"": 1.8749139308929443, ""lr"": 0.00010000000474974513, ""val_mae12"": 1.987492322921753, ""val_me"": 0.9260475673087984, ""val_me12"": 0.5503969812527995, ""mape_2021"": 8.798589706420898, ""mae_2021"": 1.6905534267425537, ""mae12_2021"": 1.7580515146255493, ""me_2021"": 1.2502191737953143, ""me12_2021"": -1.1832232505816502, ""epochs_trained"": 222}",2026-07-03T11:49:55.231678,completed,
2,MAPE,120,0,relu,3,256,0.0,5.163166522979736,0.9064900875091553,1.5882067680358887,-0.14925963207504608,0.9349074178153473,5.163166522979736,0.9978377223014832,1.709041953086853,0.14099520786300193,-0.750972092307768,5.97402286529541,"{""loss"": 2.9609904289245605, ""mape"": 2.9609904289245605, ""mae"": 0.6283138394355774, ""val_loss"": 5.163166522979736, ""val_mape"": 5.163166522979736, ""val_mae"": 0.9064900875091553, ""lr"": 1.0000000656873453e-05, ""val_mae12"": 1.5882067680358887, ""val_me"": -0.14925963207504608, ""val_me12"": 0.9349074178153473, ""mape_2021"": 5.97402286529541, ""mae_2021"": 0.9978377223014832, ""mae12_2021"": 1.709041953086853, ""me_2021"": 0.14099520786300193, ""me12_2021"": -0.750972092307768, ""epochs_trained"": 308}",2026-07-03T11:50:16.314403,completed,
2,MAPE,120,0,relu,3,256,0.3,10.757536888122559,2.364286184310913,2.4294915199279785,0.556540687373441,0.3351708290085178,10.757536888122559,1.8874233961105347,2.19948148727417,1.089638927361433,-1.7910385395547257,10.183591842651367,"{""loss"": 11.285270690917969, ""mape"": 11.285270690917969, ""mae"": 2.4327471256256104, ""val_loss"": 10.757536888122559, ""val_mape"": 10.757536888122559, ""val_mae"": 2.364286184310913, ""lr"": 0.00010000000474974513, ""val_mae12"": 2.4294915199279785, ""val_me"": 0.556540687373441, ""val_me12"": 0.3351708290085178, ""mape_2021"": 10.183591842651367, ""mae_2021"": 1.8874233961105347, ""mae12_2021"": 2.19948148727417, ""me_2021"": 1.089638927361433, ""me12_2021"": -1.7910385395547257, ""epochs_trained"": 152}",2026-07-03T11:50:22.160957,completed,
2,MAPE,120,0,relu,3,256,0.05,4.975207328796387,0.9064992070198059,1.533589243888855,0.1564287754633936,0.6596064284365057,4.975207328796387,1.0060815811157227,1.3602744340896606,0.42245585061431135,-0.6012371958035513,5.92379093170166,"{""loss"": 4.830862522125244, ""mape"": 4.830862522125244, ""mae"": 1.0269299745559692, ""val_loss"": 4.975207328796387, ""val_mape"": 4.975207328796387, ""val_mae"": 0.9064992070198059, ""lr"": 0.00010000000474974513, ""val_mae12"": 1.533589243888855, ""val_me"": 0.1564287754633936, ""val_me12"": 0.6596064284365057, ""mape_2021"": 5.92379093170166, ""mae_2021"": 1.0060815811157227, ""mae12_2021"": 1.3602744340896606, ""me_2021"": 0.42245585061431135, ""me12_2021"": -0.6012371958035513, ""epochs_trained"": 260}",2026-07-03T11:50:27.195031,completed,
2,MAPE,120,0,relu,3,256,0.1,5.08597469329834,0.9784930944442749,1.526668667793274,0.14325158641787444,0.9572229403249775,5.08597469329834,0.9524105787277222,1.2693324089050293,0.3948421153562316,-0.3357850456860833,5.712759017944336,"{""loss"": 5.735892295837402, ""mape"": 5.735892295837402, ""mae"": 1.2385011911392212, ""val_loss"": 5.08597469329834, ""val_mape"": 5.08597469329834, ""val_mae"": 0.9784930944442749, ""lr"": 0.00010000000474974513, ""val_mae12"": 1.526668667793274, ""val_me"": 0.14325158641787444, ""val_me12"": 0.9572229403249775, ""mape_2021"": 5.712759017944336, ""mae_2021"": 0.9524105787277222, ""mae12_2021"": 1.2693324089050293, ""me_2021"": 0.3948421153562316, ""me12_2021"": -0.3357850456860833, ""epochs_trained"": 236}",2026-07-03T11:50:27.506060,completed,
2,MAPE,120,0,leaky_relu,1,32,0.0,46.15239715576172,9.230332374572754,6.755671977996826,7.973281466274518,6.150981685160423,46.15239715576172,10.4828462600708,9.373861312866211,9.063686597265917,8.834395927669332,57.09513854980469,"{""loss"": 47.216121673583984, ""mape"": 47.216121673583984, ""mae"": 9.631999015808105, ""val_loss"": 46.15239715576172, ""val_mape"": 46.15239715576172, ""val_mae"": 9.230332374572754, ""lr"": 0.00010000000474974513, ""val_mae12"": 6.755671977996826, ""val_me"": 7.973281466274518, ""val_me12"": 6.150981685160423, ""mape_2021"": 57.09513854980469, ""mae_2021"": 10.4828462600708, ""mae12_2021"": 9.373861312866211, ""me_2021"": 9.063686597265917, ""me12_2021"": 8.834395927669332, ""epochs_trained"": 103}",2026-07-03T11:50:42.875388,completed,
2,MAPE,120,0,leaky_relu,1,32,0.05,45.852989196777344,9.306673049926758,8.901171684265137,6.951481329364881,8.556658093999733,45.852989196777344,10.060696601867676,11.846592903137207,7.997761706438401,11.530324144753651,57.238563537597656,"{""loss"": 47.52679443359375, ""mape"": 47.52679443359375, ""mae"": 9.828974723815918, ""val_loss"": 45.852989196777344, ""val_mape"": 45.852989196777344, ""val_mae"": 9.306673049926758, ""lr"": 0.00010000000474974513, ""val_mae12"": 8.901171684265137, ""val_me"": 6.951481329364881, ""val_me12"": 8.556658093999733, ""mape_2021"": 57.238563537597656, ""mae_2021"": 10.060696601867676, ""mae12_2021"": 11.846592903137207, ""me_2021"": 7.997761706438401, ""me12_2021"": 11.530324144753651, ""epochs_trained"": 127}",2026-07-03T11:50:43.846569,completed,
2,MAPE,120,0,leaky_relu,1,16,0.0,46.13007354736328,9.678878784179688,3.6774845123291016,9.285958459636646,2.9443619944508703,46.13007354736328,11.199851989746094,6.983731269836426,10.418755636554042,6.031560934510003,60.27976989746094,"{""loss"": 49.054595947265625, ""mape"": 49.054595947265625, ""mae"": 10.066672325134277, ""val_loss"": 46.13007354736328, ""val_mape"": 46.13007354736328, ""val_mae"": 9.678878784179688, ""lr"": 0.00010000000474974513, ""val_mae12"": 3.6774845123291016, ""val_me"": 9.285958459636646, ""val_me12"": 2.9443619944508703, ""mape_2021"": 60.27976989746094, ""mae_2021"": 11.199851989746094, ""mae12_2021"": 6.983731269836426, ""me_2021"": 10.418755636554042, ""me12_2021"": 6.031560934510003, ""epochs_trained"": 161}",2026-07-03T11:50:44.759687,completed,
2,MAPE,120,0,leaky_relu,1,16,0.05,45.70826721191406,9.367595672607422,8.231474876403809,7.377935280996962,7.149397245606113,45.70826721191406,10.078481674194336,10.37479019165039,8.33257666147078,9.167324299319533,54.07004928588867,"{""loss"": 46.780784606933594, ""mape"": 46.780784606933594, ""mae"": 9.807700157165527, ""val_loss"": 45.70826721191406, ""val_mape"": 45.70826721191406, ""val_mae"": 9.367595672607422, ""lr"": 0.00010000000474974513, ""val_mae12"": 8.231474876403809, ""val_me"": 7.377935280996962, ""val_me12"": 7.149397245606113, ""mape_2021"": 54.07004928588867, ""mae_2021"": 10.078481674194336, ""mae12_2021"": 10.37479019165039, ""me_2021"": 8.33257666147078, ""me12_2021"": 9.167324299319533, ""epochs_trained"": 172}",2026-07-03T11:50:45.413778,completed,
2,MAPE,120,0,leaky_relu,1,16,0.3,58.62666702270508,13.399995803833008,6.950444221496582,12.05178556770398,5.912078268451956,58.62666702270508,13.320300102233887,9.627598762512207,12.073761812416345,8.425789594908062,65.91923522949219,"{""loss"": 62.26493835449219, ""mape"": 62.26493835449219, ""mae"": 13.65476131439209, ""val_loss"": 58.62666702270508, ""val_mape"": 58.62666702270508, ""val_mae"": 13.399995803833008, ""lr"": 0.00010000000474974513, ""val_mae12"": 6.950444221496582, ""val_me"": 12.05178556770398, ""val_me12"": 5.912078268451956, ""mape_2021"": 65.91923522949219, ""mae_2021"": 13.320300102233887, ""mae12_2021"": 9.627598762512207, ""me_2021"": 12.073761812416345, ""me12_2021"": 8.425789594908062, ""epochs_trained"": 251}",2026-07-03T11:50:48.901309,completed,
2,MAPE,120,0,leaky_relu,1,16,0.1,47.601890563964844,10.001188278198242,8.108928680419922,8.182815676104894,7.147999095995327,47.601890563964844,10.468857765197754,10.25284481048584,8.948541681780299,9.287132578021458,55.736141204833984,"{""loss"": 49.74773406982422, ""mape"": 49.74773406982422, ""mae"": 10.534622192382812, ""val_loss"": 47.601890563964844, ""val_mape"": 47.601890563964844, ""val_mae"": 10.001188278198242, ""lr"": 0.00010000000474974513, ""val_mae12"": 8.108928680419922, ""val_me"": 8.182815676104894, ""val_me12"": 7.147999095995327, ""mape_2021"": 55.736141204833984, ""mae_2021"": 10.468857765197754, ""mae12_2021"": 10.25284481048584, ""me_2021"": 8.948541681780299, ""me12_2021"": 9.287132578021458, ""epochs_trained"": 263}",2026-07-03T11:50:49.509874,completed,
2,MAPE,120,0,leaky_relu,1,32,0.3,46.45112228393555,9.453137397766113,9.116591453552246,7.3724921187078465,8.908088541028091,46.45112228393555,10.246967315673828,12.60309886932373,8.356125724910491,12.45264899204567,59.84682083129883,"{""loss"": 53.37008285522461, ""mape"": 53.37008285522461, ""mae"": 11.167338371276855, ""val_loss"": 46.45112228393555, ""val_mape"": 46.45112228393555, ""val_mae"": 9.453137397766113, ""lr"": 0.00010000000474974513, ""val_mae12"": 9.116591453552246, ""val_me"": 7.3724921187078465, ""val_me12"": 8.908088541028091, ""mape_2021"": 59.84682083129883, ""mae_2021"": 10.246967315673828, ""mae12_2021"": 12.60309886932373, ""me_2021"": 8.356125724910491, ""me12_2021"": 12.45264899204567, ""epochs_trained"": 104}",2026-07-03T11:50:52.144686,completed,
2,MAPE,120,0,leaky_relu,1,32,0.1,45.88199234008789,9.37961483001709,8.324003219604492,7.448276761315194,7.560115327767193,45.88199234008789,10.162186622619629,11.07352352142334,8.366636423001518,10.256566884598856,55.83773422241211,"{""loss"": 48.8325309753418, ""mape"": 48.8325309753418, ""mae"": 10.301861763000488, ""val_loss"": 45.88199234008789, ""val_mape"": 45.88199234008789, ""val_mae"": 9.37961483001709, ""lr"": 0.00010000000474974513, ""val_mae12"": 8.324003219604492, ""val_me"": 7.448276761315194, ""val_me12"": 7.560115327767193, ""mape_2021"": 55.83773422241211, ""mae_2021"": 10.162186622619629, ""mae12_2021"": 11.07352352142334, ""me_2021"": 8.366636423001518, ""me12_2021"": 10.256566884598856, ""epochs_trained"": 140}",2026-07-03T11:50:52.564785,completed,
2,MAPE,120,0,leaky_relu,1,64,0.0,45.2807502746582,9.128530502319336,7.068483352661133,7.570084556360825,6.4607607620133205,45.2807502746582,10.280959129333496,9.639266014099121,8.659110960102518,9.093554335869632,55.63726806640625,"{""loss"": 46.522911071777344, ""mape"": 46.522911071777344, ""mae"": 9.608269691467285, ""val_loss"": 45.2807502746582, ""val_mape"": 45.2807502746582, ""val_mae"": 9.128530502319336, ""lr"": 0.00010000000474974513, ""val_mae12"": 7.068483352661133, ""val_me"": 7.570084556360825, ""val_me12"": 6.4607607620133205, ""mape_2021"": 55.63726806640625, ""mae_2021"": 10.280959129333496, ""mae12_2021"": 9.639266014099121, ""me_2021"": 8.659110960102518, ""me12_2021"": 9.093554335869632, ""epochs_trained"": 91}",2026-07-03T11:50:52.574781,completed,
2,MAPE,120,0,leaky_relu,1,64,0.05,46.52634811401367,9.264425277709961,7.080727577209473,7.854892068677824,6.732504318351685,46.52634811401367,10.552456855773926,10.453646659851074,8.950506472308524,10.080772295300115,59.48310852050781,"{""loss"": 48.45637130737305, ""mape"": 48.45637130737305, ""mae"": 9.86451530456543, ""val_loss"": 46.52634811401367, ""val_mape"": 46.52634811401367, ""val_mae"": 9.264425277709961, ""lr"": 0.00010000000474974513, ""val_mae12"": 7.080727577209473, ""val_me"": 7.854892068677824, ""val_me12"": 6.732504318351685, ""mape_2021"": 59.48310852050781, ""mae_2021"": 10.552456855773926, ""mae12_2021"": 10.453646659851074, ""me_2021"": 8.950506472308524, ""me12_2021"": 10.080772295300115, ""epochs_trained"": 75}",2026-07-03T11:50:52.654796,completed,
2,MAPE,120,0,leaky_relu,1,64,0.1,46.4948844909668,9.266611099243164,7.975107669830322,7.674315503772004,7.784299980818263,46.4948844909668,10.457921981811523,11.751399993896484,8.695780296365404,11.517374462809334,60.25578689575195,"{""loss"": 49.32632064819336, ""mape"": 49.32632064819336, ""mae"": 10.118128776550293, ""val_loss"": 46.4948844909668, ""val_mape"": 46.4948844909668, ""val_mae"": 9.266611099243164, ""lr"": 0.00010000000474974513, ""val_mae12"": 7.975107669830322, ""val_me"": 7.674315503772004, ""val_me12"": 7.784299980818263, ""mape_2021"": 60.25578689575195, ""mae_2021"": 10.457921981811523, ""mae12_2021"": 11.751399993896484, ""me_2021"": 8.695780296365404, ""me12_2021"": 11.517374462809334, ""epochs_trained"": 76}",2026-07-03T11:50:55.322246,completed,
2,MAPE,120,0,leaky_relu,1,64,0.3,45.939022064208984,9.345399856567383,8.712770462036133,6.936316809598344,8.187684867322297,45.939022064208984,10.087321281433105,11.77532958984375,7.990060973577741,11.280785157982457,57.18247985839844,"{""loss"": 50.491371154785156, ""mape"": 50.491371154785156, ""mae"": 10.633670806884766, ""val_loss"": 45.939022064208984, ""val_mape"": 45.939022064208984, ""val_mae"": 9.345399856567383, ""lr"": 0.00010000000474974513, ""val_mae12"": 8.712770462036133, ""val_me"": 6.936316809598344, ""val_me12"": 8.187684867322297, ""mape_2021"": 57.18247985839844, ""mae_2021"": 10.087321281433105, ""mae12_2021"": 11.77532958984375, ""me_2021"": 7.990060973577741, ""me12_2021"": 11.280785157982457, ""epochs_trained"": 104}",2026-07-03T11:50:56.511757,completed,
3,MAPE,120,0,relu,1,32,0.05,47.1406364440918,9.34850025177002,8.239811897277832,7.642059951623684,8.042014264569401,47.1406364440918,10.566635131835938,11.951200485229492,8.746628110775092,11.893453842217784,61.92540740966797,"{""loss"": 49.58305740356445, ""mape"": 49.58305740356445, ""mae"": 10.0660400390625, ""val_loss"": 47.1406364440918, ""val_mape"": 47.1406364440918, ""val_mae"": 9.34850025177002, ""lr"": 0.00010000000474974513, ""val_mae12"": 8.239811897277832, ""val_me"": 7.642059951623684, ""val_me12"": 8.042014264569401, ""mape_2021"": 61.92540740966797, ""mae_2021"": 10.566635131835938, ""mae12_2021"": 11.951200485229492, ""me_2021"": 8.746628110775092, ""me12_2021"": 11.893453842217784, ""epochs_trained"": 81}",2026-07-03T11:51:10.607742,completed,
3,MAPE,120,0,relu,1,32,0.0,46.44334030151367,9.414727210998535,9.576714515686035,6.851077753614185,9.082365305510452,46.44334030151367,10.127732276916504,12.88355541229248,7.858889148145819,12.4659582489437,58.54581832885742,"{""loss"": 46.11577224731445, ""mape"": 46.11577224731445, ""mae"": 9.474984169006348, ""val_loss"": 46.44334030151367, ""val_mape"": 46.44334030151367, ""val_mae"": 9.414727210998535, ""lr"": 0.00010000000474974513, ""val_mae12"": 9.576714515686035, ""val_me"": 6.851077753614185, ""val_me12"": 9.082365305510452, ""mape_2021"": 58.54581832885742, ""mae_2021"": 10.127732276916504, ""mae12_2021"": 12.88355541229248, ""me_2021"": 7.858889148145819, ""me12_2021"": 12.4659582489437, ""epochs_trained"": 116}",2026-07-03T11:51:11.956404,completed,
3,MAPE,120,0,relu,1,16,0.1,47.04351043701172,9.642791748046875,8.599069595336914,7.680369919862468,8.061591057400303,47.04351043701172,10.359678268432617,11.994583129882812,8.57151717838522,11.494683353143216,58.61433029174805,"{""loss"": 49.813228607177734, ""mape"": 49.813228607177734, ""mae"": 10.485452651977539, ""val_loss"": 47.04351043701172, ""val_mape"": 47.04351043701172, ""val_mae"": 9.642791748046875, ""lr"": 0.00010000000474974513, ""val_mae12"": 8.599069595336914, ""val_me"": 7.680369919862468, ""val_me12"": 8.061591057400303, ""mape_2021"": 58.61433029174805, ""mae_2021"": 10.359678268432617, ""mae12_2021"": 11.994583129882812, ""me_2021"": 8.57151717838522, ""me12_2021"": 11.494683353143216, ""epochs_trained"": 134}",2026-07-03T11:51:12.717578,completed,
3,MAPE,120,0,relu,1,16,0.0,47.174705505371094,9.428133010864258,10.258979797363281,6.762513935099375,10.097501968927812,47.174705505371094,10.128107070922852,13.875221252441406,7.784117686040933,13.858774124730026,60.506168365478516,"{""loss"": 47.269630432128906, ""mape"": 47.269630432128906, ""mae"": 9.55459213256836, ""val_loss"": 47.174705505371094, ""val_mape"": 47.174705505371094, ""val_mae"": 9.428133010864258, ""lr"": 0.00010000000474974513, ""val_mae12"": 10.258979797363281, ""val_me"": 6.762513935099375, ""val_me12"": 10.097501968927812, ""mape_2021"": 60.506168365478516, ""mae_2021"": 10.128107070922852, ""mae12_2021"": 13.875221252441406, ""me_2021"": 7.784117686040933, ""me12_2021"": 13.858774124730026, ""epochs_trained"": 143}",2026-07-03T11:51:12.946993,completed,
3,MAPE,120,0,relu,1,16,0.05,45.363704681396484,9.293253898620605,8.303863525390625,7.220669492023726,7.148569955106943,45.363704681396484,10.05689525604248,10.834297180175781,8.155076149651798,9.490985989828411,54.21547317504883,"{""loss"": 45.96892547607422, ""mape"": 45.96892547607422, ""mae"": 9.667954444885254, ""val_loss"": 45.363704681396484, ""val_mape"": 45.363704681396484, ""val_mae"": 9.293253898620605, ""lr"": 0.00010000000474974513, ""val_mae12"": 8.303863525390625, ""val_me"": 7.220669492023726, ""val_me12"": 7.148569955106943, ""mape_2021"": 54.21547317504883, ""mae_2021"": 10.05689525604248, ""mae12_2021"": 10.834297180175781, ""me_2021"": 8.155076149651798, ""me12_2021"": 9.490985989828411, ""epochs_trained"": 183}",2026-07-03T11:51:14.565053,completed,
3,MAPE,120,0,relu,1,32,0.3,46.28104782104492,9.393472671508789,8.559676170349121,7.191981913159947,8.297247159356198,46.28104782104492,10.270401954650879,11.947800636291504,8.28514407098237,11.740431738378332,59.25926208496094,"{""loss"": 51.7404670715332, ""mape"": 51.7404670715332, ""mae"": 10.79150390625, ""val_loss"": 46.28104782104492, ""val_mape"": 46.28104782104492, ""val_mae"": 9.393472671508789, ""lr"": 0.00010000000474974513, ""val_mae12"": 8.559676170349121, ""val_me"": 7.191981913159947, ""val_me12"": 8.297247159356198, ""mape_2021"": 59.25926208496094, ""mae_2021"": 10.270401954650879, ""mae12_2021"": 11.947800636291504, ""me_2021"": 8.28514407098237, ""me12_2021"": 11.740431738378332, ""epochs_trained"": 109}",2026-07-03T11:51:21.135950,completed,
3,MAPE,120,0,relu,1,64,0.0,47.498435974121094,9.573857307434082,10.017942428588867,6.776915107471882,9.860250766119915,47.498435974121094,10.130614280700684,13.597678184509277,7.796155486878968,13.540575134791219,59.993160247802734,"{""loss"": 47.128135681152344, ""mape"": 47.128135681152344, ""mae"": 9.552248001098633, ""val_loss"": 47.498435974121094, ""val_mape"": 47.498435974121094, ""val_mae"": 9.573857307434082, ""lr"": 0.00010000000474974513, ""val_mae12"": 10.017942428588867, ""val_me"": 6.776915107471882, ""val_me12"": 9.860250766119915, ""mape_2021"": 59.993160247802734, ""mae_2021"": 10.130614280700684, ""mae12_2021"": 13.597678184509277, ""me_2021"": 7.796155486878968, ""me12_2021"": 13.540575134791219, ""epochs_trained"": 92}",2026-07-03T11:51:21.228473,completed,
3,MAPE,120,0,relu,1,64,0.05,46.165889739990234,9.381829261779785,8.996661186218262,6.7355208672014495,8.081733884418025,46.165889739990234,10.101522445678711,12.10481071472168,7.794453692123382,11.072217966929136,56.65011215209961,"{""loss"": 46.20928955078125, ""mape"": 46.20928955078125, ""mae"": 9.54447078704834, ""val_loss"": 46.165889739990234, ""val_mape"": 46.165889739990234, ""val_mae"": 9.381829261779785, ""lr"": 0.00010000000474974513, ""val_mae12"": 8.996661186218262, ""val_me"": 6.7355208672014495, ""val_me12"": 8.081733884418025, ""mape_2021"": 56.65011215209961, ""mae_2021"": 10.101522445678711, ""mae12_2021"": 12.10481071472168, ""me_2021"": 7.794453692123382, ""me12_2021"": 11.072217966929136, ""epochs_trained"": 106}",2026-07-03T11:51:22.030637,completed,
3,MAPE,120,0,relu,1,32,0.1,44.7523193359375,9.167497634887695,8.152652740478516,7.0970397448523865,7.0808685816160795,44.7523193359375,9.929640769958496,10.300683975219727,8.091436517752548,9.134364722209456,53.14719009399414,"{""loss"": 46.77181625366211, ""mape"": 46.77181625366211, ""mae"": 9.94013786315918, ""val_loss"": 44.7523193359375, ""val_mape"": 44.7523193359375, ""val_mae"": 9.167497634887695, ""lr"": 0.00010000000474974513, ""val_mae12"": 8.152652740478516, ""val_me"": 7.0970397448523865, ""val_me12"": 7.0808685816160795, ""mape_2021"": 53.14719009399414, ""mae_2021"": 9.929640769958496, ""mae12_2021"": 10.300683975219727, ""me_2021"": 8.091436517752548, ""me12_2021"": 9.134364722209456, ""epochs_trained"": 190}",2026-07-03T11:51:22.722484,completed,
3,MAPE,120,0,relu,1,64,0.1,46.04802703857422,9.359390258789062,8.91544246673584,6.806526992010371,7.996759629653638,46.04802703857422,10.089277267456055,12.006058692932129,7.846393024923282,10.965568814270533,56.54680633544922,"{""loss"": 46.53798294067383, ""mape"": 46.53798294067383, ""mae"": 9.642678260803223, ""val_loss"": 46.04802703857422, ""val_mape"": 46.04802703857422, ""val_mae"": 9.359390258789062, ""lr"": 0.00010000000474974513, ""val_mae12"": 8.91544246673584, ""val_me"": 6.806526992010371, ""val_me12"": 7.996759629653638, ""mape_2021"": 56.54680633544922, ""mae_2021"": 10.089277267456055, ""mae12_2021"": 12.006058692932129, ""me_2021"": 7.846393024923282, ""me12_2021"": 10.965568814270533, ""epochs_trained"": 100}",2026-07-03T11:51:23.101647,completed,
3,MAPE,120,0,relu,1,64,0.3,45.340335845947266,9.249642372131348,8.529593467712402,6.717922216381558,7.520305218710075,45.340335845947266,10.061041831970215,11.5697603225708,7.782357813854794,10.411882613801904,55.71965026855469,"{""loss"": 48.04026794433594, ""mape"": 48.04026794433594, ""mae"": 10.157564163208008, ""val_loss"": 45.340335845947266, ""val_mape"": 45.340335845947266, ""val_mae"": 9.249642372131348, ""lr"": 0.00010000000474974513, ""val_mae12"": 8.529593467712402, ""val_me"": 6.717922216381558, ""val_me12"": 7.520305218710075, ""mape_2021"": 55.71965026855469, ""mae_2021"": 10.061041831970215, ""mae12_2021"": 11.5697603225708, ""me_2021"": 7.782357813854794, ""me12_2021"": 10.411882613801904, ""epochs_trained"": 97}",2026-07-03T11:51:27.291840,completed,
3,MAPE,120,0,relu,1,16,0.3,18.446489334106445,3.7932143211364746,4.147537708282471,3.0960210848632927,1.5476450885087285,18.446489334106445,4.354213714599609,2.752156972885132,3.7776290629660414,-1.034224331879997,22.59261703491211,"{""loss"": 28.06407928466797, ""mape"": 28.06407928466797, ""mae"": 6.124040126800537, ""val_loss"": 18.446489334106445, ""val_mape"": 18.446489334106445, ""val_mae"": 3.7932143211364746, ""lr"": 0.00010000000474974513, ""val_mae12"": 4.147537708282471, ""val_me"": 3.0960210848632927, ""val_me12"": 1.5476450885087285, ""mape_2021"": 22.59261703491211, ""mae_2021"": 4.354213714599609, ""mae12_2021"": 2.752156972885132, ""me_2021"": 3.7776290629660414, ""me12_2021"": -1.034224331879997, ""epochs_trained"": 1057}",2026-07-03T11:51:43.447037,completed,
3,MAPE,120,0,relu,1,256,0.05,45.77939987182617,9.370986938476562,8.665016174316406,6.061581085790974,7.616302005826872,45.77939987182617,10.074966430664062,11.85368537902832,7.251048345978878,10.55189371465925,56.03063201904297,"{""loss"": 44.6550407409668, ""mape"": 44.6550407409668, ""mae"": 9.208868026733398, ""val_loss"": 45.77939987182617, ""val_mape"": 45.77939987182617, ""val_mae"": 9.370986938476562, ""lr"": 0.00010000000474974513, ""val_mae12"": 8.665016174316406, ""val_me"": 6.061581085790974, ""val_me12"": 7.616302005826872, ""mape_2021"": 56.03063201904297, ""mae_2021"": 10.074966430664062, ""mae12_2021"": 11.85368537902832, ""me_2021"": 7.251048345978878, ""me12_2021"": 10.55189371465925, ""epochs_trained"": 64}",2026-07-03T11:52:00.522236,completed,
3,MAPE,120,0,relu,1,128,0.1,46.67221450805664,9.533141136169434,8.644181251525879,6.348148154668955,7.943597584614222,46.67221450805664,10.113916397094727,11.641717910766602,7.536566835679081,11.00863470328467,56.56339645385742,"{""loss"": 46.37107467651367, ""mape"": 46.37107467651367, ""mae"": 9.58842945098877, ""val_loss"": 46.67221450805664, ""val_mape"": 46.67221450805664, ""val_mae"": 9.533141136169434, ""lr"": 0.00010000000474974513, ""val_mae12"": 8.644181251525879, ""val_me"": 6.348148154668955, ""val_me12"": 7.943597584614222, ""mape_2021"": 56.56339645385742, ""mae_2021"": 10.113916397094727, ""mae12_2021"": 11.641717910766602, ""me_2021"": 7.536566835679081, ""me12_2021"": 11.00863470328467, ""epochs_trained"": 80}",2026-07-03T11:52:01.062371,completed,
3,MAPE,120,0,relu,1,128,0.05,46.61823272705078,9.513216972351074,8.817691802978516,6.7284354079430395,8.234438125750772,46.61823272705078,10.111795425415039,11.999122619628906,7.821623386310922,11.429272867169152,57.51436233520508,"{""loss"": 46.06735610961914, ""mape"": 46.06735610961914, ""mae"": 9.493302345275879, ""val_loss"": 46.61823272705078, ""val_mape"": 46.61823272705078, ""val_mae"": 9.513216972351074, ""lr"": 0.00010000000474974513, ""val_mae12"": 8.817691802978516, ""val_me"": 6.7284354079430395, ""val_me12"": 8.234438125750772, ""mape_2021"": 57.51436233520508, ""mae_2021"": 10.111795425415039, ""mae12_2021"": 11.999122619628906, ""me_2021"": 7.821623386310922, ""me12_2021"": 11.429272867169152, ""epochs_trained"": 75}",2026-07-03T11:52:01.102892,completed,
3,MAPE,120,0,relu,1,128,0.0,45.951602935791016,9.40677547454834,8.820595741271973,6.435980400655929,7.68987470128558,45.951602935791016,10.049994468688965,12.0157470703125,7.513781789603989,10.565341253781266,55.849945068359375,"{""loss"": 44.47421646118164, ""mape"": 44.47421646118164, ""mae"": 9.188064575195312, ""val_loss"": 45.951602935791016, ""val_mape"": 45.951602935791016, ""val_mae"": 9.40677547454834, ""lr"": 0.00010000000474974513, ""val_mae12"": 8.820595741271973, ""val_me"": 6.435980400655929, ""val_me12"": 7.68987470128558, ""mape_2021"": 55.849945068359375, ""mae_2021"": 10.049994468688965, ""mae12_2021"": 12.0157470703125, ""me_2021"": 7.513781789603989, ""me12_2021"": 10.565341253781266, ""epochs_trained"": 80}",2026-07-03T11:52:01.278413,completed,
3,MAPE,120,0,relu,1,128,0.3,44.922428131103516,9.1768798828125,8.489466667175293,6.566487769504137,7.476465323839227,44.922428131103516,9.961956024169922,11.310087203979492,7.650735590323205,10.143946625826041,54.86750030517578,"{""loss"": 46.613189697265625, ""mape"": 46.613189697265625, ""mae"": 9.772393226623535, ""val_loss"": 44.922428131103516, ""val_mape"": 44.922428131103516, ""val_mae"": 9.1768798828125, ""lr"": 0.00010000000474974513, ""val_mae12"": 8.489466667175293, ""val_me"": 6.566487769504137, ""val_me12"": 7.476465323839227, ""mape_2021"": 54.86750030517578, ""mae_2021"": 9.961956024169922, ""mae12_2021"": 11.310087203979492, ""me_2021"": 7.650735590323205, ""me12_2021"": 10.143946625826041, ""epochs_trained"": 94}",2026-07-03T11:52:01.932451,completed,
3,MAPE,120,0,relu,1,256,0.1,45.826438903808594,9.301497459411621,8.607821464538574,6.855961073405679,7.799060716723881,45.826438903808594,10.136730194091797,11.790217399597168,7.925655279980014,10.867087819215934,56.8734245300293,"{""loss"": 45.57612228393555, ""mape"": 45.57612228393555, ""mae"": 9.406437873840332, ""val_loss"": 45.826438903808594, ""val_mape"": 45.826438903808594, ""val_mae"": 9.301497459411621, ""lr"": 0.00010000000474974513, ""val_mae12"": 8.607821464538574, ""val_me"": 6.855961073405679, ""val_me12"": 7.799060716723881, ""mape_2021"": 56.8734245300293, ""mae_2021"": 10.136730194091797, ""mae12_2021"": 11.790217399597168, ""me_2021"": 7.925655279980014, ""me12_2021"": 10.867087819215934, ""epochs_trained"": 67}",2026-07-03T11:52:10.315186,completed,
3,MAPE,120,0,relu,1,256,0.3,45.36091995239258,9.252828598022461,8.29183292388916,6.422365742315256,7.432253959802693,45.36091995239258,10.056827545166016,11.451008796691895,7.558926512404594,10.42882742399811,55.859291076660156,"{""loss"": 46.091819763183594, ""mape"": 46.091819763183594, ""mae"": 9.546146392822266, ""val_loss"": 45.36091995239258, ""val_mape"": 45.36091995239258, ""val_mae"": 9.252828598022461, ""lr"": 0.00010000000474974513, ""val_mae12"": 8.29183292388916, ""val_me"": 6.422365742315256, ""val_me12"": 7.432253959802693, ""mape_2021"": 55.859291076660156, ""mae_2021"": 10.056827545166016, ""mae12_2021"": 11.451008796691895, ""me_2021"": 7.558926512404594, ""me12_2021"": 10.42882742399811, ""epochs_trained"": 65}",2026-07-03T11:52:10.889691,completed,
3,MAPE,120,0,relu,2,16,0.0,48.143611907958984,9.641542434692383,11.010331153869629,6.728229574713387,11.00098695299045,48.143611907958984,10.159088134765625,15.293866157531738,7.67138587200125,15.39341224479847,62.87699890136719,"{""loss"": 47.76725387573242, ""mape"": 47.76725387573242, ""mae"": 9.561327934265137, ""val_loss"": 48.143611907958984, ""val_mape"": 48.143611907958984, ""val_mae"": 9.641542434692383, ""lr"": 0.00010000000474974513, ""val_mae12"": 11.010331153869629, ""val_me"": 6.728229574713387, ""val_me12"": 11.00098695299045, ""mape_2021"": 62.87699890136719, ""mae_2021"": 10.159088134765625, ""mae12_2021"": 15.293866157531738, ""me_2021"": 7.67138587200125, ""me12_2021"": 15.39341224479847, ""epochs_trained"": 92}",2026-07-03T11:52:12.158766,completed,
3,MAPE,120,0,relu,2,16,0.05,45.801395416259766,9.446722030639648,8.723321914672852,6.497291059510349,8.123938982964024,45.801395416259766,9.880399703979492,11.947114944458008,7.485957890592347,11.304330648353313,56.03602981567383,"{""loss"": 46.63791275024414, ""mape"": 46.63791275024414, ""mae"": 9.776654243469238, ""val_loss"": 45.801395416259766, ""val_mape"": 45.801395416259766, ""val_mae"": 9.446722030639648, ""lr"": 0.00010000000474974513, ""val_mae12"": 8.723321914672852, ""val_me"": 6.497291059510349, ""val_me12"": 8.123938982964024, ""mape_2021"": 56.03602981567383, ""mae_2021"": 9.880399703979492, ""mae12_2021"": 11.947114944458008, ""me_2021"": 7.485957890592347, ""me12_2021"": 11.304330648353313, ""epochs_trained"": 133}",2026-07-03T11:52:13.996804,completed,
3,MAPE,120,0,relu,2,16,0.1,45.730506896972656,9.475556373596191,7.918563365936279,6.752192191896739,7.219994613494944,45.730506896972656,9.947751998901367,11.228561401367188,7.787633584898626,10.48419151177401,55.71580123901367,"{""loss"": 48.875640869140625, ""mape"": 48.875640869140625, ""mae"": 10.385824203491211, ""val_loss"": 45.730506896972656, ""val_mape"": 45.730506896972656, ""val_mae"": 9.475556373596191, ""lr"": 0.00010000000474974513, ""val_mae12"": 7.918563365936279, ""val_me"": 6.752192191896739, ""val_me12"": 7.219994613494944, ""mape_2021"": 55.71580123901367, ""mae_2021"": 9.947751998901367, ""mae12_2021"": 11.228561401367188, ""me_2021"": 7.787633584898626, ""me12_2021"": 10.48419151177401, ""epochs_trained"": 120}",2026-07-03T11:52:14.241843,completed,
3,MAPE,120,0,relu,1,256,0.0,13.37962818145752,2.8288135528564453,2.6886191368103027,1.5981902645804393,0.4850534788142834,13.37962818145752,3.0373966693878174,2.835326671600342,2.026382686475445,-2.307742071114696,15.44993782043457,"{""loss"": 10.834463119506836, ""mape"": 10.834463119506836, ""mae"": 2.4495248794555664, ""val_loss"": 13.37962818145752, ""val_mape"": 13.37962818145752, ""val_mae"": 2.8288135528564453, ""lr"": 0.00010000000474974513, ""val_mae12"": 2.6886191368103027, ""val_me"": 1.5981902645804393, ""val_me12"": 0.4850534788142834, ""mape_2021"": 15.44993782043457, ""mae_2021"": 3.0373966693878174, ""mae12_2021"": 2.835326671600342, ""me_2021"": 2.026382686475445, ""me12_2021"": -2.307742071114696, ""epochs_trained"": 469}",2026-07-03T11:52:20.835385,completed,
3,MAPE,120,0,relu,2,16,0.3,45.87547302246094,9.936150550842285,6.185522079467773,8.394279427279411,4.3380255513602695,45.87547302246094,10.394617080688477,8.39565658569336,9.113111601679963,5.927458923429862,52.90723419189453,"{""loss"": 52.52141189575195, ""mape"": 52.52141189575195, ""mae"": 11.759343147277832, ""val_loss"": 45.87547302246094, ""val_mape"": 45.87547302246094, ""val_mae"": 9.936150550842285, ""lr"": 0.00010000000474974513, ""val_mae12"": 6.185522079467773, ""val_me"": 8.394279427279411, ""val_me12"": 4.3380255513602695, ""mape_2021"": 52.90723419189453, ""mae_2021"": 10.394617080688477, ""mae12_2021"": 8.39565658569336, ""me_2021"": 9.113111601679963, ""me12_2021"": 5.927458923429862, ""epochs_trained"": 226}",2026-07-03T11:52:22.198273,completed,
3,MAPE,120,0,relu,2,32,0.3,44.82957458496094,9.456576347351074,6.893962860107422,6.942181008287202,5.9151405321425266,44.82957458496094,9.956818580627441,10.198328971862793,8.031655168368955,8.735817433765149,54.08999252319336,"{""loss"": 49.686668395996094, ""mape"": 49.686668395996094, ""mae"": 10.715156555175781, ""val_loss"": 44.82957458496094, ""val_mape"": 44.82957458496094, ""val_mae"": 9.456576347351074, ""lr"": 0.00010000000474974513, ""val_mae12"": 6.893962860107422, ""val_me"": 6.942181008287202, ""val_me12"": 5.9151405321425266, ""mape_2021"": 54.08999252319336, ""mae_2021"": 9.956818580627441, ""mae12_2021"": 10.198328971862793, ""me_2021"": 8.031655168368955, ""me12_2021"": 8.735817433765149, ""epochs_trained"": 90}",2026-07-03T11:52:39.141312,completed,
3,MAPE,120,0,relu,2,64,0.05,16.685319900512695,3.278519868850708,4.152156352996826,0.5192011629564598,2.5941071772303324,16.685319900512695,3.3365225791931152,2.4671072959899902,1.191683489034567,0.01891627216069171,17.75799560546875,"{""loss"": 15.595003128051758, ""mape"": 15.595003128051758, ""mae"": 3.2372310161590576, ""val_loss"": 16.685319900512695, ""val_mape"": 16.685319900512695, ""val_mae"": 3.278519868850708, ""lr"": 0.00010000000474974513, ""val_mae12"": 4.152156352996826, ""val_me"": 0.5192011629564598, ""val_me12"": 2.5941071772303324, ""mape_2021"": 17.75799560546875, ""mae_2021"": 3.3365225791931152, ""mae12_2021"": 2.4671072959899902, ""me_2021"": 1.191683489034567, ""me12_2021"": 0.01891627216069171, ""epochs_trained"": 227}",2026-07-03T11:52:47.967450,completed,
3,MAPE,120,0,relu,2,32,0.05,16.941139221191406,3.2624669075012207,4.740504264831543,0.7541229748330933,2.889089286283882,16.941139221191406,3.3465306758880615,2.601959228515625,1.4017855928636829,0.43171567881941186,17.84186363220215,"{""loss"": 16.720022201538086, ""mape"": 16.720022201538086, ""mae"": 3.4556961059570312, ""val_loss"": 16.941139221191406, ""val_mape"": 16.941139221191406, ""val_mae"": 3.2624669075012207, ""lr"": 0.00010000000474974513, ""val_mae12"": 4.740504264831543, ""val_me"": 0.7541229748330933, ""val_me12"": 2.889089286283882, ""mape_2021"": 17.84186363220215, ""mae_2021"": 3.3465306758880615, ""mae12_2021"": 2.601959228515625, ""me_2021"": 1.4017855928636829, ""me12_2021"": 0.43171567881941186, ""epochs_trained"": 302}",2026-07-03T11:52:51.475185,completed,
3,MAPE,120,0,relu,2,64,0.0,14.487478256225586,2.884695291519165,3.6918141841888428,0.5066896064847264,2.4367860276516518,14.487478256225586,2.7548840045928955,2.0907304286956787,1.0250435836947573,-0.6224617029687272,14.11144733428955,"{""loss"": 11.2122220993042, ""mape"": 11.2122220993042, ""mae"": 2.381246566772461, ""val_loss"": 14.487478256225586, ""val_mape"": 14.487478256225586, ""val_mae"": 2.884695291519165, ""lr"": 1.0000000656873453e-05, ""val_mae12"": 3.6918141841888428, ""val_me"": 0.5066896064847264, ""val_me12"": 2.4367860276516518, ""mape_2021"": 14.11144733428955, ""mae_2021"": 2.7548840045928955, ""mae12_2021"": 2.0907304286956787, ""me_2021"": 1.0250435836947573, ""me12_2021"": -0.6224617029687272, ""epochs_trained"": 316}",2026-07-03T11:52:52.284212,completed,
3,MAPE,120,0,relu,2,64,0.1,17.220327377319336,3.3764138221740723,4.225100040435791,0.7820653151594911,3.1981412186122724,17.220327377319336,3.5409317016601562,3.060905933380127,1.5098876609136322,0.7650676350169209,18.65218162536621,"{""loss"": 17.97570037841797, ""mape"": 17.97570037841797, ""mae"": 3.7287819385528564, ""val_loss"": 17.220327377319336, ""val_mape"": 17.220327377319336, ""val_mae"": 3.3764138221740723, ""lr"": 0.00010000000474974513, ""val_mae12"": 4.225100040435791, ""val_me"": 0.7820653151594911, ""val_me12"": 3.1981412186122724, ""mape_2021"": 18.65218162536621, ""mae_2021"": 3.5409317016601562, ""mae12_2021"": 3.060905933380127, ""me_2021"": 1.5098876609136322, ""me12_2021"": 0.7650676350169209, ""epochs_trained"": 184}",2026-07-03T11:52:55.804235,completed,
3,MAPE,120,0,relu,2,128,0.1,46.56997299194336,9.524984359741211,8.242403984069824,6.031126785417582,8.086851273947257,46.56997299194336,10.099621772766113,11.686938285827637,7.333879417709722,11.642388111169199,58.97017288208008,"{""loss"": 44.777706146240234, ""mape"": 44.777706146240234, ""mae"": 9.131102561950684, ""val_loss"": 46.56997299194336, ""val_mape"": 46.56997299194336, ""val_mae"": 9.524984359741211, ""lr"": 0.00010000000474974513, ""val_mae12"": 8.242403984069824, ""val_me"": 6.031126785417582, ""val_me12"": 8.086851273947257, ""mape_2021"": 58.97017288208008, ""mae_2021"": 10.099621772766113, ""mae12_2021"": 11.686938285827637, ""me_2021"": 7.333879417709722, ""me12_2021"": 11.642388111169199, ""epochs_trained"": 45}",2026-07-03T11:53:08.169605,completed,
3,MAPE,120,0,relu,2,128,0.0,14.879436492919922,2.9221320152282715,3.559781074523926,0.5344273369882514,1.2862483594169931,14.879436492919922,2.893122673034668,3.086235523223877,1.2351271336352845,-2.268274082941115,15.913323402404785,"{""loss"": 11.723594665527344, ""mape"": 11.723594665527344, ""mae"": 2.4397149085998535, ""val_loss"": 14.879436492919922, ""val_mape"": 14.879436492919922, ""val_mae"": 2.9221320152282715, ""lr"": 0.00010000000474974513, ""val_mae12"": 3.559781074523926, ""val_me"": 0.5344273369882514, ""val_me12"": 1.2862483594169931, ""mape_2021"": 15.913323402404785, ""mae_2021"": 2.893122673034668, ""mae12_2021"": 3.086235523223877, ""me_2021"": 1.2351271336352845, ""me12_2021"": -2.268274082941115, ""epochs_trained"": 202}",2026-07-03T11:53:14.158915,completed,
3,MAPE,120,0,relu,2,128,0.3,16.676748275756836,3.1516106128692627,4.899668216705322,1.02695420153993,2.6941800517812657,16.676748275756836,3.521571159362793,2.442932605743408,1.7187405564404752,-0.3380099659346271,18.469812393188477,"{""loss"": 19.411741256713867, ""mape"": 19.411741256713867, ""mae"": 4.087713718414307, ""val_loss"": 16.676748275756836, ""val_mape"": 16.676748275756836, ""val_mae"": 3.1516106128692627, ""lr"": 0.00010000000474974513, ""val_mae12"": 4.899668216705322, ""val_me"": 1.02695420153993, ""val_me12"": 2.6941800517812657, ""mape_2021"": 18.469812393188477, ""mae_2021"": 3.521571159362793, ""mae12_2021"": 2.442932605743408, ""me_2021"": 1.7187405564404752, ""me12_2021"": -0.3380099659346271, ""epochs_trained"": 155}",2026-07-03T11:53:27.975569,completed,
3,MAPE,120,0,relu,2,32,0.0,4.321108341217041,0.8102240562438965,1.2717347145080566,-0.038240706114475234,0.27951743228164266,4.321108341217041,0.8587227463722229,1.5380083322525024,0.2634534701509011,-1.2790602636187667,5.315941333770752,"{""loss"": 3.3830816745758057, ""mape"": 3.3830816745758057, ""mae"": 0.6942962408065796, ""val_loss"": 4.321108341217041, ""val_mape"": 4.321108341217041, ""val_mae"": 0.8102240562438965, ""lr"": 0.00010000000474974513, ""val_mae12"": 1.2717347145080566, ""val_me"": -0.038240706114475234, ""val_me12"": 0.27951743228164266, ""mape_2021"": 5.315941333770752, ""mae_2021"": 0.8587227463722229, ""mae12_2021"": 1.5380083322525024, ""me_2021"": 0.2634534701509011, ""me12_2021"": -1.2790602636187667, ""epochs_trained"": 817}",2026-07-03T11:53:28.566667,completed,
3,MAPE,120,0,relu,2,64,0.3,5.376957893371582,1.0004408359527588,1.6967161893844604,0.3409997058980837,0.2742286084020231,5.376957893371582,1.1401900053024292,1.718609094619751,0.7284888293927196,-1.297014524074556,6.656957149505615,"{""loss"": 12.72744369506836, ""mape"": 12.72744369506836, ""mae"": 2.885164499282837, ""val_loss"": 5.376957893371582, ""val_mape"": 5.376957893371582, ""val_mae"": 1.0004408359527588, ""lr"": 0.00010000000474974513, ""val_mae12"": 1.6967161893844604, ""val_me"": 0.3409997058980837, ""val_me12"": 0.2742286084020231, ""mape_2021"": 6.656957149505615, ""mae_2021"": 1.1401900053024292, ""mae12_2021"": 1.718609094619751, ""me_2021"": 0.7284888293927196, ""me12_2021"": -1.297014524074556, ""epochs_trained"": 493}",2026-07-03T11:53:29.887789,completed,
3,MAPE,120,0,relu,2,128,0.05,4.199196815490723,0.7588329911231995,1.287848711013794,0.001618850245911198,0.4412310304060459,4.199196815490723,0.8032503724098206,1.120332956314087,0.2624179637585483,-0.7408403009357778,4.662097454071045,"{""loss"": 5.192377090454102, ""mape"": 5.192377090454102, ""mae"": 1.105702519416809, ""val_loss"": 4.199196815490723, ""val_mape"": 4.199196815490723, ""val_mae"": 0.7588329911231995, ""lr"": 0.00010000000474974513, ""val_mae12"": 1.287848711013794, ""val_me"": 0.001618850245911198, ""val_me12"": 0.4412310304060459, ""mape_2021"": 4.662097454071045, ""mae_2021"": 0.8032503724098206, ""mae12_2021"": 1.120332956314087, ""me_2021"": 0.2624179637585483, ""me12_2021"": -0.7408403009357778, ""epochs_trained"": 500}",2026-07-03T11:53:33.905697,completed,
3,MAPE,120,0,relu,2,32,0.1,18.760286331176758,3.640226125717163,5.159363746643066,2.066010062678298,3.491600259739031,18.760286331176758,4.004318714141846,2.4218978881835938,2.6408463393767962,0.19528710702343607,20.10382843017578,"{""loss"": 21.208959579467773, ""mape"": 21.208959579467773, ""mae"": 4.4165496826171875, ""val_loss"": 18.760286331176758, ""val_mape"": 18.760286331176758, ""val_mae"": 3.640226125717163, ""lr"": 1.0000000656873453e-05, ""val_mae12"": 5.159363746643066, ""val_me"": 2.066010062678298, ""val_me12"": 3.491600259739031, ""mape_2021"": 20.10382843017578, ""mae_2021"": 4.004318714141846, ""mae12_2021"": 2.4218978881835938, ""me_2021"": 2.6408463393767962, ""me12_2021"": 0.19528710702343607, ""epochs_trained"": 1310}",2026-07-03T11:53:46.418719,completed,
3,MAPE,120,0,relu,3,16,0.05,46.28026580810547,9.566247940063477,9.173798561096191,6.687912982624295,8.889821199993687,46.28026580810547,9.817524909973145,12.610316276550293,7.66996108599219,12.302054335931443,57.75154113769531,"{""loss"": 47.24248123168945, ""mape"": 47.24248123168945, ""mae"": 9.849811553955078, ""val_loss"": 46.28026580810547, ""val_mape"": 46.28026580810547, ""val_mae"": 9.566247940063477, ""lr"": 0.00010000000474974513, ""val_mae12"": 9.173798561096191, ""val_me"": 6.687912982624295, ""val_me12"": 8.889821199993687, ""mape_2021"": 57.75154113769531, ""mae_2021"": 9.817524909973145, ""mae12_2021"": 12.610316276550293, ""me_2021"": 7.66996108599219, ""me12_2021"": 12.302054335931443, ""epochs_trained"": 114}",2026-07-03T11:54:22.290158,completed,
3,MAPE,120,0,relu,2,256,0.1,16.876558303833008,3.3137030601501465,3.9212682247161865,0.7893639621056304,1.5772468886656696,16.876558303833008,3.448256015777588,2.7005350589752197,1.526315661893235,-1.1064258866469567,17.81666374206543,"{""loss"": 16.225486755371094, ""mape"": 16.225486755371094, ""mae"": 3.2540318965911865, ""val_loss"": 16.876558303833008, ""val_mape"": 16.876558303833008, ""val_mae"": 3.3137030601501465, ""lr"": 0.00010000000474974513, ""val_mae12"": 3.9212682247161865, ""val_me"": 0.7893639621056304, ""val_me12"": 1.5772468886656696, ""mape_2021"": 17.81666374206543, ""mae_2021"": 3.448256015777588, ""mae12_2021"": 2.7005350589752197, ""me_2021"": 1.526315661893235, ""me12_2021"": -1.1064258866469567, ""epochs_trained"": 115}",2026-07-03T11:54:22.840676,completed,
3,MAPE,120,0,relu,2,256,0.05,14.411958694458008,2.7260215282440186,4.05104398727417,-0.030323698722865243,2.085786632463441,14.411958694458008,2.7365877628326416,2.5985288619995117,0.764486605703598,-1.7526441195609346,14.471059799194336,"{""loss"": 11.846697807312012, ""mape"": 11.846697807312012, ""mae"": 2.394770622253418, ""val_loss"": 14.411958694458008, ""val_mape"": 14.411958694458008, ""val_mae"": 2.7260215282440186, ""lr"": 0.00010000000474974513, ""val_mae12"": 4.05104398727417, ""val_me"": -0.030323698722865243, ""val_me12"": 2.085786632463441, ""mape_2021"": 14.471059799194336, ""mae_2021"": 2.7365877628326416, ""mae12_2021"": 2.5985288619995117, ""me_2021"": 0.764486605703598, ""me12_2021"": -1.7526441195609346, ""epochs_trained"": 152}",2026-07-03T11:54:25.929076,completed,
3,MAPE,120,0,relu,2,256,0.0,12.503622055053711,2.467198610305786,2.960965394973755,0.22818143220921575,1.0871579111611611,12.503622055053711,2.416440963745117,2.3901078701019287,0.8817329320138095,-1.7451063549258594,12.80026912689209,"{""loss"": 9.940739631652832, ""mape"": 9.940739631652832, ""mae"": 2.069127082824707, ""val_loss"": 12.503622055053711, ""val_mape"": 12.503622055053711, ""val_mae"": 2.467198610305786, ""lr"": 0.00010000000474974513, ""val_mae12"": 2.960965394973755, ""val_me"": 0.22818143220921575, ""val_me12"": 1.0871579111611611, ""mape_2021"": 12.80026912689209, ""mae_2021"": 2.416440963745117, ""mae12_2021"": 2.3901078701019287, ""me_2021"": 0.8817329320138095, ""me12_2021"": -1.7451063549258594, ""epochs_trained"": 189}",2026-07-03T11:54:28.335429,completed,
3,MAPE,120,0,relu,3,16,0.1,46.37773132324219,9.764227867126465,7.705390930175781,6.688657753518412,7.2745923061798585,46.37773132324219,9.977548599243164,11.095860481262207,7.821727963034425,10.646889343563664,56.846527099609375,"{""loss"": 49.99456024169922, ""mape"": 49.99456024169922, ""mae"": 10.609944343566895, ""val_loss"": 46.37773132324219, ""val_mape"": 46.37773132324219, ""val_mae"": 9.764227867126465, ""lr"": 0.00010000000474974513, ""val_mae12"": 7.705390930175781, ""val_me"": 6.688657753518412, ""val_me12"": 7.2745923061798585, ""mape_2021"": 56.846527099609375, ""mae_2021"": 9.977548599243164, ""mae12_2021"": 11.095860481262207, ""me_2021"": 7.821727963034425, ""me12_2021"": 10.646889343563664, ""epochs_trained"": 99}",2026-07-03T11:54:37.540673,completed,
3,MAPE,120,0,relu,3,16,0.3,47.14695739746094,10.342589378356934,5.251622200012207,8.234634796867814,4.750652819523279,47.14695739746094,10.527515411376953,8.394128799438477,9.361185419006704,7.800327462436484,57.64108657836914,"{""loss"": 59.09595489501953, ""mape"": 59.09595489501953, ""mae"": 13.212614059448242, ""val_loss"": 47.14695739746094, ""val_mape"": 47.14695739746094, ""val_mae"": 10.342589378356934, ""lr"": 0.00010000000474974513, ""val_mae12"": 5.251622200012207, ""val_me"": 8.234634796867814, ""val_me12"": 4.750652819523279, ""mape_2021"": 57.64108657836914, ""mae_2021"": 10.527515411376953, ""mae12_2021"": 8.394128799438477, ""me_2021"": 9.361185419006704, ""me12_2021"": 7.800327462436484, ""epochs_trained"": 92}",2026-07-03T11:54:37.659669,completed,
3,MAPE,120,0,relu,3,32,0.05,46.47943115234375,9.30165958404541,7.923722267150879,6.623212282419999,7.786339751035742,46.47943115234375,10.22081470489502,11.769750595092773,7.833846021018275,11.595915727299179,59.73281478881836,"{""loss"": 47.81489181518555, ""mape"": 47.81489181518555, ""mae"": 9.761837005615234, ""val_loss"": 46.47943115234375, ""val_mape"": 46.47943115234375, ""val_mae"": 9.30165958404541, ""lr"": 0.00010000000474974513, ""val_mae12"": 7.923722267150879, ""val_me"": 6.623212282419999, ""val_me12"": 7.786339751035742, ""mape_2021"": 59.73281478881836, ""mae_2021"": 10.22081470489502, ""mae12_2021"": 11.769750595092773, ""me_2021"": 7.833846021018275, ""me12_2021"": 11.595915727299179, ""epochs_trained"": 81}",2026-07-03T11:54:44.820433,completed,
3,MAPE,120,0,relu,2,256,0.3,5.125235080718994,0.8828474879264832,1.7214620113372803,-0.1202981441650579,0.572624376769413,5.125235080718994,0.8888698816299438,1.7107603549957275,0.26603082877835826,-1.2865843483669843,5.579269886016846,"{""loss"": 8.104281425476074, ""mape"": 8.104281425476074, ""mae"": 1.777475118637085, ""val_loss"": 5.125235080718994, ""val_mape"": 5.125235080718994, ""val_mae"": 0.8828474879264832, ""lr"": 0.00010000000474974513, ""val_mae12"": 1.7214620113372803, ""val_me"": -0.1202981441650579, ""val_me12"": 0.572624376769413, ""mape_2021"": 5.579269886016846, ""mae_2021"": 0.8888698816299438, ""mae12_2021"": 1.7107603549957275, ""me_2021"": 0.26603082877835826, ""me12_2021"": -1.2865843483669843, ""epochs_trained"": 382}",2026-07-03T11:54:45.365432,completed,
3,MAPE,120,0,relu,3,32,0.3,45.457252502441406,9.97595500946045,5.795956134796143,7.055413420395507,5.242417987456148,45.457252502441406,9.821194648742676,8.894448280334473,8.142524795464395,8.021670607762816,53.964149475097656,"{""loss"": 51.603233337402344, ""mape"": 51.603233337402344, ""mae"": 11.230716705322266, ""val_loss"": 45.457252502441406, ""val_mape"": 45.457252502441406, ""val_mae"": 9.97595500946045, ""lr"": 0.00010000000474974513, ""val_mae12"": 5.795956134796143, ""val_me"": 7.055413420395507, ""val_me12"": 5.242417987456148, ""mape_2021"": 53.964149475097656, ""mae_2021"": 9.821194648742676, ""mae12_2021"": 8.894448280334473, ""me_2021"": 8.142524795464395, ""me12_2021"": 8.021670607762816, ""epochs_trained"": 79}",2026-07-03T11:54:47.611656,completed,
3,MAPE,120,0,relu,3,32,0.0,4.164902210235596,0.7794622778892517,1.1986688375473022,0.018088689856893853,0.20739074631890056,4.164902210235596,0.8712139129638672,1.3744596242904663,0.22738103775766363,-0.9488659328100257,5.145502090454102,"{""loss"": 3.021869659423828, ""mape"": 3.021869659423828, ""mae"": 0.6328909397125244, ""val_loss"": 4.164902210235596, ""val_mape"": 4.164902210235596, ""val_mae"": 0.7794622778892517, ""lr"": 0.00010000000474974513, ""val_mae12"": 1.1986688375473022, ""val_me"": 0.018088689856893853, ""val_me12"": 0.20739074631890056, ""mape_2021"": 5.145502090454102, ""mae_2021"": 0.8712139129638672, ""mae12_2021"": 1.3744596242904663, ""me_2021"": 0.22738103775766363, ""me12_2021"": -0.9488659328100257, ""epochs_trained"": 848}",2026-07-03T11:55:10.936983,completed,
3,MAPE,120,0,relu,3,32,0.1,17.201753616333008,3.336428165435791,4.808823585510254,1.3116493709276835,3.5511151753160055,17.201753616333008,3.534879684448242,2.286926746368408,1.9023501992580272,0.6267725971380367,18.416664123535156,"{""loss"": 19.56951141357422, ""mape"": 19.56951141357422, ""mae"": 4.1563873291015625, ""val_loss"": 17.201753616333008, ""val_mape"": 17.201753616333008, ""val_mae"": 3.336428165435791, ""lr"": 1.0000000656873453e-05, ""val_mae12"": 4.808823585510254, ""val_me"": 1.3116493709276835, ""val_me12"": 3.5511151753160055, ""mape_2021"": 18.416664123535156, ""mae_2021"": 3.534879684448242, ""mae12_2021"": 2.286926746368408, ""me_2021"": 1.9023501992580272, ""me12_2021"": 0.6267725971380367, ""epochs_trained"": 953}",2026-07-03T11:55:21.828638,completed,
3,MAPE,120,0,relu,3,16,0.0,4.2794671058654785,0.8318963050842285,1.1026934385299683,0.02583160472703997,0.25289033638866815,4.2794671058654785,0.9350690841674805,1.3577667474746704,0.28554265414988705,-1.0515940672451096,5.445521354675293,"{""loss"": 3.5851104259490967, ""mape"": 3.5851104259490967, ""mae"": 0.7460598349571228, ""val_loss"": 4.2794671058654785, ""val_mape"": 4.2794671058654785, ""val_mae"": 0.8318963050842285, ""lr"": 1.0000000656873453e-05, ""val_mae12"": 1.1026934385299683, ""val_me"": 0.02583160472703997, ""val_me12"": 0.25289033638866815, ""mape_2021"": 5.445521354675293, ""mae_2021"": 0.9350690841674805, ""mae12_2021"": 1.3577667474746704, ""me_2021"": 0.28554265414988705, ""me12_2021"": -1.0515940672451096, ""epochs_trained"": 4211}",2026-07-03T11:56:43.802796,completed,
3,MAPE,120,0,relu,3,128,0.05,15.559979438781738,3.068448781967163,3.258030414581299,0.474577713304152,1.7903112129925596,15.559979438781738,2.966648578643799,2.547077178955078,1.2556453017571525,-0.6746847785638942,15.450784683227539,"{""loss"": 13.87248420715332, ""mape"": 13.87248420715332, ""mae"": 2.8416945934295654, ""val_loss"": 15.559979438781738, ""val_mape"": 15.559979438781738, ""val_mae"": 3.068448781967163, ""lr"": 0.00010000000474974513, ""val_mae12"": 3.258030414581299, ""val_me"": 0.474577713304152, ""val_me12"": 1.7903112129925596, ""mape_2021"": 15.450784683227539, ""mae_2021"": 2.966648578643799, ""mae12_2021"": 2.547077178955078, ""me_2021"": 1.2556453017571525, ""me12_2021"": -0.6746847785638942, ""epochs_trained"": 119}",2026-07-03T11:57:11.126888,completed,
3,MAPE,120,0,relu,3,64,0.1,12.57054615020752,2.497215509414673,3.0098037719726562,0.5054147436573616,1.5633710197186441,12.57054615020752,2.577932596206665,2.3320705890655518,1.0728403756759501,-0.3355139560351168,13.86307430267334,"{""loss"": 14.168532371520996, ""mape"": 14.168532371520996, ""mae"": 3.0005550384521484, ""val_loss"": 12.57054615020752, ""val_mape"": 12.57054615020752, ""val_mae"": 2.497215509414673, ""lr"": 0.00010000000474974513, ""val_mae12"": 3.0098037719726562, ""val_me"": 0.5054147436573616, ""val_me12"": 1.5633710197186441, ""mape_2021"": 13.86307430267334, ""mae_2021"": 2.577932596206665, ""mae12_2021"": 2.3320705890655518, ""me_2021"": 1.0728403756759501, ""me12_2021"": -0.3355139560351168, ""epochs_trained"": 192}",2026-07-03T11:57:17.464522,completed,
3,MAPE,120,0,relu,3,64,0.3,6.524122714996338,1.4597800970077515,1.069078803062439,1.0474974692845382,0.3364431395844522,6.524122714996338,1.5146188735961914,1.3325423002243042,1.3348019808361224,-0.6547735187372076,7.877374649047852,"{""loss"": 13.439854621887207, ""mape"": 13.439854621887207, ""mae"": 3.006823778152466, ""val_loss"": 6.524122714996338, ""val_mape"": 6.524122714996338, ""val_mae"": 1.4597800970077515, ""lr"": 0.00010000000474974513, ""val_mae12"": 1.069078803062439, ""val_me"": 1.0474974692845382, ""val_me12"": 0.3364431395844522, ""mape_2021"": 7.877374649047852, ""mae_2021"": 1.5146188735961914, ""mae12_2021"": 1.3325423002243042, ""me_2021"": 1.3348019808361224, ""me12_2021"": -0.6547735187372076, ""epochs_trained"": 332}",2026-07-03T11:57:32.482065,completed,
3,MAPE,120,0,relu,3,64,0.05,6.14851188659668,1.185575246810913,1.6735156774520874,0.2761069352949091,0.9743045110316542,6.14851188659668,1.1332504749298096,1.6583340167999268,0.603379487926176,-0.6572708114473307,7.018572807312012,"{""loss"": 7.169828414916992, ""mape"": 7.169828414916992, ""mae"": 1.5370821952819824, ""val_loss"": 6.14851188659668, ""val_mape"": 6.14851188659668, ""val_mae"": 1.185575246810913, ""lr"": 0.00010000000474974513, ""val_mae12"": 1.6735156774520874, ""val_me"": 0.2761069352949091, ""val_me12"": 0.9743045110316542, ""mape_2021"": 7.018572807312012, ""mae_2021"": 1.1332504749298096, ""mae12_2021"": 1.6583340167999268, ""me_2021"": 0.603379487926176, ""me12_2021"": -0.6572708114473307, ""epochs_trained"": 328}",2026-07-03T11:57:32.869066,completed,
3,MAPE,120,0,relu,3,64,0.0,5.516048431396484,1.032042384147644,1.658349633216858,-0.0448099269139541,0.34712352866326307,5.516048431396484,1.0044145584106445,1.3620156049728394,0.15105891816830738,-0.8810106902392325,5.731042861938477,"{""loss"": 3.384829521179199, ""mape"": 3.384829521179199, ""mae"": 0.7141648530960083, ""val_loss"": 5.516048431396484, ""val_mape"": 5.516048431396484, ""val_mae"": 1.032042384147644, ""lr"": 0.00010000000474974513, ""val_mae12"": 1.658349633216858, ""val_me"": -0.0448099269139541, ""val_me12"": 0.34712352866326307, ""mape_2021"": 5.731042861938477, ""mae_2021"": 1.0044145584106445, ""mae12_2021"": 1.3620156049728394, ""me_2021"": 0.15105891816830738, ""me12_2021"": -0.8810106902392325, ""epochs_trained"": 483}",2026-07-03T11:57:53.393672,completed,
3,MAPE,120,0,relu,3,128,0.0,4.828298568725586,0.8539918661117554,1.559240460395813,-0.14214060488814495,0.7363470505500952,4.828298568725586,0.8686349987983704,1.2597942352294922,0.08593793682242956,-0.4158815896078619,5.2178144454956055,"{""loss"": 2.666257858276367, ""mape"": 2.666257858276367, ""mae"": 0.5658710598945618, ""val_loss"": 4.828298568725586, ""val_mape"": 4.828298568725586, ""val_mae"": 0.8539918661117554, ""lr"": 1.0000000656873453e-05, ""val_mae12"": 1.559240460395813, ""val_me"": -0.14214060488814495, ""val_me12"": 0.7363470505500952, ""mape_2021"": 5.2178144454956055, ""mae_2021"": 0.8686349987983704, ""mae12_2021"": 1.2597942352294922, ""me_2021"": 0.08593793682242956, ""me12_2021"": -0.4158815896078619, ""epochs_trained"": 495}",2026-07-03T11:57:53.547685,completed,
3,MAPE,120,0,relu,3,128,0.3,8.321569442749023,1.9391443729400635,1.5025540590286255,1.2747826913199134,0.28945867372174844,8.321569442749023,1.818992257118225,1.8856909275054932,1.5060443886704655,-1.3069795591041395,9.184368133544922,"{""loss"": 11.19040298461914, ""mape"": 11.19040298461914, ""mae"": 2.507913827896118, ""val_loss"": 8.321569442749023, ""val_mape"": 8.321569442749023, ""val_mae"": 1.9391443729400635, ""lr"": 0.00010000000474974513, ""val_mae12"": 1.5025540590286255, ""val_me"": 1.2747826913199134, ""val_me12"": 0.28945867372174844, ""mape_2021"": 9.184368133544922, ""mae_2021"": 1.818992257118225, ""mae12_2021"": 1.8856909275054932, ""me_2021"": 1.5060443886704655, ""me12_2021"": -1.3069795591041395, ""epochs_trained"": 217}",2026-07-03T11:57:57.886352,completed,
3,MAPE,120,0,relu,3,128,0.1,5.66960334777832,1.138465166091919,1.52327299118042,0.25386151308171856,0.574224887200644,5.66960334777832,0.9957531094551086,1.2985349893569946,0.5119133676667512,-0.7037577317450284,5.601223468780518,"{""loss"": 6.834956169128418, ""mape"": 6.834956169128418, ""mae"": 1.4604135751724243, ""val_loss"": 5.66960334777832, ""val_mape"": 5.66960334777832, ""val_mae"": 1.138465166091919, ""lr"": 0.00010000000474974513, ""val_mae12"": 1.52327299118042, ""val_me"": 0.25386151308171856, ""val_me12"": 0.574224887200644, ""mape_2021"": 5.601223468780518, ""mae_2021"": 0.9957531094551086, ""mae12_2021"": 1.2985349893569946, ""me_2021"": 0.5119133676667512, ""me12_2021"": -0.7037577317450284, ""epochs_trained"": 257}",2026-07-03T11:58:03.869077,completed,
3,MAPE,120,0,relu,3,256,0.0,5.978918552398682,1.0748013257980347,1.9914500713348389,-0.037835831160313596,0.9630009608842949,5.978918552398682,1.1088393926620483,1.6081064939498901,0.2555210048794078,-0.774094024484296,6.633761882781982,"{""loss"": 3.0014760494232178, ""mape"": 3.0014760494232178, ""mae"": 0.6394070982933044, ""val_loss"": 5.978918552398682, ""val_mape"": 5.978918552398682, ""val_mae"": 1.0748013257980347, ""lr"": 0.00010000000474974513, ""val_mae12"": 1.9914500713348389, ""val_me"": -0.037835831160313596, ""val_me12"": 0.9630009608842949, ""mape_2021"": 6.633761882781982, ""mae_2021"": 1.1088393926620483, ""mae12_2021"": 1.6081064939498901, ""me_2021"": 0.2555210048794078, ""me12_2021"": -0.774094024484296, ""epochs_trained"": 290}",2026-07-03T11:58:44.991701,completed,
3,MAPE,120,0,relu,3,256,0.3,9.614523887634277,2.245899200439453,1.673200249671936,1.1293180477467724,-0.25424953434933867,9.614523887634277,1.6808292865753174,2.0056424140930176,1.4412177947293396,-1.629153435723037,8.844104766845703,"{""loss"": 9.506559371948242, ""mape"": 9.506559371948242, ""mae"": 2.0838303565979004, ""val_loss"": 9.614523887634277, ""val_mape"": 9.614523887634277, ""val_mae"": 2.245899200439453, ""lr"": 0.00010000000474974513, ""val_mae12"": 1.673200249671936, ""val_me"": 1.1293180477467724, ""val_me12"": -0.25424953434933867, ""mape_2021"": 8.844104766845703, ""mae_2021"": 1.6808292865753174, ""mae12_2021"": 2.0056424140930176, ""me_2021"": 1.4412177947293396, ""me12_2021"": -1.629153435723037, ""epochs_trained"": 181}",2026-07-03T11:58:47.136794,completed,
3,MAPE,120,0,relu,3,256,0.1,5.366296291351318,1.041873574256897,1.5403262376785278,0.3492328113868901,0.34304856212193363,5.366296291351318,1.0298439264297485,1.6994255781173706,0.5941462456289218,-0.8650213197331135,6.075613975524902,"{""loss"": 5.779210567474365, ""mape"": 5.779210567474365, ""mae"": 1.2380768060684204, ""val_loss"": 5.366296291351318, ""val_mape"": 5.366296291351318, ""val_mae"": 1.041873574256897, ""lr"": 0.00010000000474974513, ""val_mae12"": 1.5403262376785278, ""val_me"": 0.3492328113868901, ""val_me12"": 0.34304856212193363, ""mape_2021"": 6.075613975524902, ""mae_2021"": 1.0298439264297485, ""mae12_2021"": 1.6994255781173706, ""me_2021"": 0.5941462456289218, ""me12_2021"": -0.8650213197331135, ""epochs_trained"": 237}",2026-07-03T11:58:50.824568,completed,
3,MAPE,120,0,relu,3,256,0.05,5.0279364585876465,0.9161259531974792,1.418932557106018,0.07398057348473314,0.643356967864644,5.0279364585876465,0.9026551246643066,1.3384552001953125,0.3197941497176889,-0.5949959029383632,5.58047342300415,"{""loss"": 4.5283026695251465, ""mape"": 4.5283026695251465, ""mae"": 0.9690397381782532, ""val_loss"": 5.0279364585876465, ""val_mape"": 5.0279364585876465, ""val_mae"": 0.9161259531974792, ""lr"": 0.00010000000474974513, ""val_mae12"": 1.418932557106018, ""val_me"": 0.07398057348473314, ""val_me12"": 0.643356967864644, ""mape_2021"": 5.58047342300415, ""mae_2021"": 0.9026551246643066, ""mae12_2021"": 1.3384552001953125, ""me_2021"": 0.3197941497176889, ""me12_2021"": -0.5949959029383632, ""epochs_trained"": 278}",2026-07-03T11:59:02.292465,completed,
3,MAPE,120,0,leaky_relu,1,16,0.0,89.70367431640625,22.187923431396484,3.9934463500976562,22.218380335437413,3.334617116098572,89.70367431640625,21.16666030883789,7.547944068908691,20.421532519348975,6.717893030062378,95.1395034790039,"{""loss"": 85.99087524414062, ""mape"": 85.99087524414062, ""mae"": 20.954479217529297, ""val_loss"": 89.70367431640625, ""val_mape"": 89.70367431640625, ""val_mae"": 22.187923431396484, ""lr"": 0.00010000000474974513, ""val_mae12"": 3.9934463500976562, ""val_me"": 22.218380335437413, ""val_me12"": 3.334617116098572, ""mape_2021"": 95.1395034790039, ""mae_2021"": 21.16666030883789, ""mae12_2021"": 7.547944068908691, ""me_2021"": 20.421532519348975, ""me12_2021"": 6.717893030062378, ""epochs_trained"": 44}",2026-07-03T11:59:14.823589,completed,
3,MAPE,120,0,leaky_relu,1,32,0.0,47.28006362915039,9.333369255065918,6.415660858154297,8.015737811536217,5.979988854245981,47.28006362915039,10.607665061950684,9.691679954528809,9.147818180959607,9.202226314537562,58.92081069946289,"{""loss"": 47.87955093383789, ""mape"": 47.87955093383789, ""mae"": 9.614596366882324, ""val_loss"": 47.28006362915039, ""val_mape"": 47.28006362915039, ""val_mae"": 9.333369255065918, ""lr"": 0.00010000000474974513, ""val_mae12"": 6.415660858154297, ""val_me"": 8.015737811536217, ""val_me12"": 5.979988854245981, ""mape_2021"": 58.92081069946289, ""mae_2021"": 10.607665061950684, ""mae12_2021"": 9.691679954528809, ""me_2021"": 9.147818180959607, ""me12_2021"": 9.202226314537562, ""epochs_trained"": 83}",2026-07-03T11:59:16.481870,completed,
3,MAPE,120,0,leaky_relu,1,16,0.05,46.640296936035156,9.416210174560547,8.647579193115234,7.686257195514091,8.302798259947135,46.640296936035156,10.354734420776367,12.077165603637695,8.600808373947741,11.661005988422978,59.19416046142578,"{""loss"": 49.15873336791992, ""mape"": 49.15873336791992, ""mae"": 10.091972351074219, ""val_loss"": 46.640296936035156, ""val_mape"": 46.640296936035156, ""val_mae"": 9.416210174560547, ""lr"": 0.00010000000474974513, ""val_mae12"": 8.647579193115234, ""val_me"": 7.686257195514091, ""val_me12"": 8.302798259947135, ""mape_2021"": 59.19416046142578, ""mae_2021"": 10.354734420776367, ""mae12_2021"": 12.077165603637695, ""me_2021"": 8.600808373947741, ""me12_2021"": 11.661005988422978, ""epochs_trained"": 135}",2026-07-03T11:59:18.790742,completed,
3,MAPE,120,0,leaky_relu,1,16,0.1,45.64262771606445,9.572702407836914,7.679050445556641,7.749652047723246,6.684062433077261,45.64262771606445,10.126609802246094,9.413862228393555,8.535729972043743,8.176910841612411,52.762271881103516,"{""loss"": 46.69893264770508, ""mape"": 46.69893264770508, ""mae"": 9.896459579467773, ""val_loss"": 45.64262771606445, ""val_mape"": 45.64262771606445, ""val_mae"": 9.572702407836914, ""lr"": 0.00010000000474974513, ""val_mae12"": 7.679050445556641, ""val_me"": 7.749652047723246, ""val_me12"": 6.684062433077261, ""mape_2021"": 52.762271881103516, ""mae_2021"": 10.126609802246094, ""mae12_2021"": 9.413862228393555, ""me_2021"": 8.535729972043743, ""me12_2021"": 8.176910841612411, ""epochs_trained"": 170}",2026-07-03T11:59:20.019298,completed,
3,MAPE,120,0,leaky_relu,1,32,0.05,45.880470275878906,9.383794784545898,8.434916496276855,7.417348123701569,7.578039985627906,45.880470275878906,10.137418746948242,10.999231338500977,8.326063727962337,10.10366021839949,55.336448669433594,"{""loss"": 47.09300231933594, ""mape"": 47.09300231933594, ""mae"": 9.85385513305664, ""val_loss"": 45.880470275878906, ""val_mape"": 45.880470275878906, ""val_mae"": 9.383794784545898, ""lr"": 0.00010000000474974513, ""val_mae12"": 8.434916496276855, ""val_me"": 7.417348123701569, ""val_me12"": 7.578039985627906, ""mape_2021"": 55.336448669433594, ""mae_2021"": 10.137418746948242, ""mae12_2021"": 10.999231338500977, ""me_2021"": 8.326063727962337, ""me12_2021"": 10.10366021839949, ""epochs_trained"": 169}",2026-07-03T11:59:20.131815,completed,
3,MAPE,120,0,leaky_relu,1,32,0.3,45.704505920410156,9.34852409362793,8.21692943572998,7.383601961697568,7.609895849550599,45.704505920410156,10.194506645202637,11.295417785644531,8.36375532752148,10.72737644583379,56.927764892578125,"{""loss"": 52.70961380004883, ""mape"": 52.70961380004883, ""mae"": 11.202848434448242, ""val_loss"": 45.704505920410156, ""val_mape"": 45.704505920410156, ""val_mae"": 9.34852409362793, ""lr"": 0.00010000000474974513, ""val_mae12"": 8.21692943572998, ""val_me"": 7.383601961697568, ""val_me12"": 7.609895849550599, ""mape_2021"": 56.927764892578125, ""mae_2021"": 10.194506645202637, ""mae12_2021"": 11.295417785644531, ""me_2021"": 8.36375532752148, ""me12_2021"": 10.72737644583379, ""epochs_trained"": 122}",2026-07-03T11:59:26.122259,completed,
3,MAPE,120,0,leaky_relu,1,32,0.1,44.88869094848633,9.163537979125977,8.281336784362793,7.08250848222182,7.129252398133333,44.88869094848633,9.981573104858398,10.724868774414062,8.056477612001162,9.409325496171972,53.7435188293457,"{""loss"": 47.79876708984375, ""mape"": 47.79876708984375, ""mae"": 10.062637329101562, ""val_loss"": 44.88869094848633, ""val_mape"": 44.88869094848633, ""val_mae"": 9.163537979125977, ""lr"": 0.00010000000474974513, ""val_mae12"": 8.281336784362793, ""val_me"": 7.08250848222182, ""val_me12"": 7.129252398133333, ""mape_2021"": 53.7435188293457, ""mae_2021"": 9.981573104858398, ""mae12_2021"": 10.724868774414062, ""me_2021"": 8.056477612001162, ""me12_2021"": 9.409325496171972, ""epochs_trained"": 166}",2026-07-03T11:59:26.247782,completed,
3,MAPE,120,0,leaky_relu,1,64,0.1,47.02465057373047,9.294611930847168,7.655762672424316,7.645037536154313,7.366703845695072,47.02465057373047,10.557329177856445,11.379029273986816,8.768211928831757,11.110374687152387,60.842018127441406,"{""loss"": 49.41360092163086, ""mape"": 49.41360092163086, ""mae"": 10.029929161071777, ""val_loss"": 47.02465057373047, ""val_mape"": 47.02465057373047, ""val_mae"": 9.294611930847168, ""lr"": 0.00010000000474974513, ""val_mae12"": 7.655762672424316, ""val_me"": 7.645037536154313, ""val_me12"": 7.366703845695072, ""mape_2021"": 60.842018127441406, ""mae_2021"": 10.557329177856445, ""mae12_2021"": 11.379029273986816, ""me_2021"": 8.768211928831757, ""me12_2021"": 11.110374687152387, ""epochs_trained"": 66}",2026-07-03T11:59:27.264965,completed,
3,MAPE,120,0,leaky_relu,1,64,0.0,45.505855560302734,9.250088691711426,8.646846771240234,6.485986530004643,7.71024070721565,45.505855560302734,9.990049362182617,11.284703254699707,7.6190375147958145,10.27216012194593,54.938270568847656,"{""loss"": 45.010074615478516, ""mape"": 45.010074615478516, ""mae"": 9.29882526397705, ""val_loss"": 45.505855560302734, ""val_mape"": 45.505855560302734, ""val_mae"": 9.250088691711426, ""lr"": 0.00010000000474974513, ""val_mae12"": 8.646846771240234, ""val_me"": 6.485986530004643, ""val_me12"": 7.71024070721565, ""mape_2021"": 54.938270568847656, ""mae_2021"": 9.990049362182617, ""mae12_2021"": 11.284703254699707, ""me_2021"": 7.6190375147958145, ""me12_2021"": 10.27216012194593, ""epochs_trained"": 114}",2026-07-03T11:59:27.586715,completed,
3,MAPE,120,0,leaky_relu,1,64,0.05,46.365360260009766,9.457048416137695,8.80773639678955,6.7134339652463035,8.24719493803845,46.365360260009766,10.101143836975098,12.112325668334961,7.7989016937038675,11.47144166433541,57.278045654296875,"{""loss"": 46.94643020629883, ""mape"": 46.94643020629883, ""mae"": 9.68751049041748, ""val_loss"": 46.365360260009766, ""val_mape"": 46.365360260009766, ""val_mae"": 9.457048416137695, ""lr"": 0.00010000000474974513, ""val_mae12"": 8.80773639678955, ""val_me"": 6.7134339652463035, ""val_me12"": 8.24719493803845, ""mape_2021"": 57.278045654296875, ""mae_2021"": 10.101143836975098, ""mae12_2021"": 12.112325668334961, ""me_2021"": 7.7989016937038675, ""me12_2021"": 11.47144166433541, ""epochs_trained"": 94}",2026-07-03T11:59:28.051441,completed,
3,MAPE,120,0,leaky_relu,1,16,0.3,45.349029541015625,9.730659484863281,5.633530616760254,8.671441040882497,4.428299637944679,45.349029541015625,10.547676086425781,7.8125901222229,9.554710292695416,6.382889587827914,54.229331970214844,"{""loss"": 56.975982666015625, ""mape"": 56.975982666015625, ""mae"": 12.239709854125977, ""val_loss"": 45.349029541015625, ""val_mape"": 45.349029541015625, ""val_mae"": 9.730659484863281, ""lr"": 0.00010000000474974513, ""val_mae12"": 5.633530616760254, ""val_me"": 8.671441040882497, ""val_me12"": 4.428299637944679, ""mape_2021"": 54.229331970214844, ""mae_2021"": 10.547676086425781, ""mae12_2021"": 7.8125901222229, ""me_2021"": 9.554710292695416, ""me12_2021"": 6.382889587827914, ""epochs_trained"": 465}",2026-07-03T11:59:31.537528,completed,
3,MAPE,120,0,leaky_relu,1,64,0.3,45.58720779418945,9.287328720092773,8.52816104888916,6.976951243972813,8.067246429909266,45.58720779418945,10.053506851196289,11.333517074584961,8.030286947344573,10.948277743032191,56.59642028808594,"{""loss"": 51.7069206237793, ""mape"": 51.7069206237793, ""mae"": 10.855375289916992, ""val_loss"": 45.58720779418945, ""val_mape"": 45.58720779418945, ""val_mae"": 9.287328720092773, ""lr"": 0.00010000000474974513, ""val_mae12"": 8.52816104888916, ""val_me"": 6.976951243972813, ""val_me12"": 8.067246429909266, ""mape_2021"": 56.59642028808594, ""mae_2021"": 10.053506851196289, ""mae12_2021"": 11.333517074584961, ""me_2021"": 8.030286947344573, ""me12_2021"": 10.948277743032191, ""epochs_trained"": 113}",2026-07-03T11:59:32.639788,completed,
4,MAPE,120,0,relu,1,16,0.05,46.914180755615234,9.404667854309082,6.883938312530518,7.98940207859749,6.613235588526617,46.914180755615234,10.698668479919434,10.701167106628418,9.1244230557005,10.41793748762161,61.68125534057617,"{""loss"": 50.1545295715332, ""mape"": 50.1545295715332, ""mae"": 10.242415428161621, ""val_loss"": 46.914180755615234, ""val_mape"": 46.914180755615234, ""val_mae"": 9.404667854309082, ""lr"": 0.00010000000474974513, ""val_mae12"": 6.883938312530518, ""val_me"": 7.98940207859749, ""val_me12"": 6.613235588526617, ""mape_2021"": 61.68125534057617, ""mae_2021"": 10.698668479919434, ""mae12_2021"": 10.701167106628418, ""me_2021"": 9.1244230557005, ""me12_2021"": 10.41793748762161, ""epochs_trained"": 95}",2026-07-04T01:21:02.637494,completed,38.2
4,MAPE,120,0,relu,1,16,0.0,45.384761810302734,9.182059288024902,8.850931167602539,6.825369507613472,7.610699556139604,45.384761810302734,10.080862998962402,12.157636642456055,7.827121022780343,10.593111781316281,56.05927276611328,"{""loss"": 45.18354034423828, ""mape"": 45.18354034423828, ""mae"": 9.332137107849121, ""val_loss"": 45.384761810302734, ""val_mape"": 45.384761810302734, ""val_mae"": 9.182059288024902, ""lr"": 0.00010000000474974513, ""val_mae12"": 8.850931167602539, ""val_me"": 6.825369507613472, ""val_me12"": 7.610699556139604, ""mape_2021"": 56.05927276611328, ""mae_2021"": 10.080862998962402, ""mae12_2021"": 12.157636642456055, ""me_2021"": 7.827121022780343, ""me12_2021"": 10.593111781316281, ""epochs_trained"": 159}",2026-07-04T01:21:09.754700,completed,45.3
4,MAPE,120,0,relu,1,16,0.3,45.84492874145508,9.492237091064453,7.432117938995361,7.961211864664817,6.174480071813634,45.84492874145508,10.384217262268066,10.340213775634766,8.866581199022837,8.797166797003872,55.84467315673828,"{""loss"": 53.53498077392578, ""mape"": 53.53498077392578, ""mae"": 11.753338813781738, ""val_loss"": 45.84492874145508, ""val_mape"": 45.84492874145508, ""val_mae"": 9.492237091064453, ""lr"": 0.00010000000474974513, ""val_mae12"": 7.432117938995361, ""val_me"": 7.961211864664817, ""val_me12"": 6.174480071813634, ""mape_2021"": 55.84467315673828, ""mae_2021"": 10.384217262268066, ""mae12_2021"": 10.340213775634766, ""me_2021"": 8.866581199022837, ""me12_2021"": 8.797166797003872, ""epochs_trained"": 205}",2026-07-04T01:21:13.176868,completed,48.7
4,MAPE,120,0,relu,1,32,0.0,46.66144561767578,9.460820198059082,9.580395698547363,6.817877457838998,9.27973931657297,46.66144561767578,10.13819408416748,13.141144752502441,7.822235949904715,12.917952313725102,59.09536361694336,"{""loss"": 46.483970642089844, ""mape"": 46.483970642089844, ""mae"": 9.508527755737305, ""val_loss"": 46.66144561767578, ""val_mape"": 46.66144561767578, ""val_mae"": 9.460820198059082, ""lr"": 0.00010000000474974513, ""val_mae12"": 9.580395698547363, ""val_me"": 6.817877457838998, ""val_me12"": 9.27973931657297, ""mape_2021"": 59.09536361694336, ""mae_2021"": 10.13819408416748, ""mae12_2021"": 13.141144752502441, ""me_2021"": 7.822235949904715, ""me12_2021"": 12.917952313725102, ""epochs_trained"": 108}",2026-07-04T01:21:25.004398,completed,22.3
4,MAPE,120,0,relu,1,32,0.05,46.804439544677734,9.462218284606934,9.295440673828125,6.946256304619321,9.085535352300514,46.804439544677734,10.160554885864258,12.80135440826416,7.98179630455396,12.643859467278535,59.2237548828125,"{""loss"": 47.95136642456055, ""mape"": 47.95136642456055, ""mae"": 9.837127685546875, ""val_loss"": 46.804439544677734, ""val_mape"": 46.804439544677734, ""val_mae"": 9.462218284606934, ""lr"": 0.00010000000474974513, ""val_mae12"": 9.295440673828125, ""val_me"": 6.946256304619321, ""val_me12"": 9.085535352300514, ""mape_2021"": 59.2237548828125, ""mae_2021"": 10.160554885864258, ""mae12_2021"": 12.80135440826416, ""me_2021"": 7.98179630455396, ""me12_2021"": 12.643859467278535, ""epochs_trained"": 110}",2026-07-04T01:21:31.401972,completed,21.6
4,MAPE,120,0,relu,1,32,0.1,46.274314880371094,9.350290298461914,9.044459342956543,6.8215718279560225,8.59784173818706,46.274314880371094,10.140738487243652,12.3501615524292,7.891813764571298,11.988013701564242,58.114681243896484,"{""loss"": 48.515132904052734, ""mape"": 48.515132904052734, ""mae"": 10.04600715637207, ""val_loss"": 46.274314880371094, ""val_mape"": 46.274314880371094, ""val_mae"": 9.350290298461914, ""lr"": 0.00010000000474974513, ""val_mae12"": 9.044459342956543, ""val_me"": 6.8215718279560225, ""val_me12"": 8.59784173818706, ""mape_2021"": 58.114681243896484, ""mae_2021"": 10.140738487243652, ""mae12_2021"": 12.3501615524292, ""me_2021"": 7.891813764571298, ""me12_2021"": 11.988013701564242, ""epochs_trained"": 112}",2026-07-04T01:21:35.340176,completed,22.2
4,MAPE,120,0,relu,1,32,0.3,39.21733474731445,8.194479942321777,6.165102958679199,6.481381235036696,5.303900126464185,39.21733474731445,8.818705558776855,7.069151401519775,7.298096259720503,6.114400933995904,45.91930389404297,"{""loss"": 45.46245193481445, ""mape"": 45.46245193481445, ""mae"": 9.950987815856934, ""val_loss"": 39.21733474731445, ""val_mape"": 39.21733474731445, ""val_mae"": 8.194479942321777, ""lr"": 1.0000000656873453e-05, ""val_mae12"": 6.165102958679199, ""val_me"": 6.481381235036696, ""val_me12"": 5.303900126464185, ""mape_2021"": 45.91930389404297, ""mae_2021"": 8.818705558776855, ""mae12_2021"": 7.069151401519775, ""me_2021"": 7.298096259720503, ""me12_2021"": 6.114400933995904, ""epochs_trained"": 469}",2026-07-04T01:22:07.103398,completed,42.1
4,MAPE,120,0,relu,1,16,0.1,16.68376350402832,3.513758659362793,3.7497267723083496,2.459384093480873,0.8681847247219465,16.68376350402832,3.964113712310791,3.3266520500183105,3.0137136532981414,-1.928642360442706,19.678361892700195,"{""loss"": 20.4327449798584, ""mape"": 20.4327449798584, ""mae"": 4.419589042663574, ""val_loss"": 16.68376350402832, ""val_mape"": 16.68376350402832, ""val_mae"": 3.513758659362793, ""lr"": 1.0000000656873453e-05, ""val_mae12"": 3.7497267723083496, ""val_me"": 2.459384093480873, ""val_me12"": 0.8681847247219465, ""mape_2021"": 19.678361892700195, ""mae_2021"": 3.964113712310791, ""mae12_2021"": 3.3266520500183105, ""me_2021"": 3.0137136532981414, ""me12_2021"": -1.928642360442706, ""epochs_trained"": 1186}",2026-07-04T01:22:16.491843,completed,112.1
4,MAPE,120,0,relu,1,64,0.05,46.46834945678711,9.449416160583496,9.245814323425293,6.788232627588891,8.869120065829508,46.46834945678711,10.068862915039062,12.663162231445312,7.820108269303947,12.331224766300291,58.4109992980957,"{""loss"": 46.48087692260742, ""mape"": 46.48087692260742, ""mae"": 9.562152862548828, ""val_loss"": 46.46834945678711, ""val_mape"": 46.46834945678711, ""val_mae"": 9.449416160583496, ""lr"": 0.00010000000474974513, ""val_mae12"": 9.245814323425293, ""val_me"": 6.788232627588891, ""val_me12"": 8.869120065829508, ""mape_2021"": 58.4109992980957, ""mae_2021"": 10.068862915039062, ""mae12_2021"": 12.663162231445312, ""me_2021"": 7.820108269303947, ""me12_2021"": 12.331224766300291, ""epochs_trained"": 89}",2026-07-04T01:22:32.070355,completed,14.8
4,MAPE,120,0,relu,1,64,0.0,47.03300857543945,9.563652992248535,9.429681777954102,6.748324704876151,9.162867474634547,47.03300857543945,10.152459144592285,12.940723419189453,7.806129760996601,12.689858445672586,59.135738372802734,"{""loss"": 46.66534423828125, ""mape"": 46.66534423828125, ""mae"": 9.545483589172363, ""val_loss"": 47.03300857543945, ""val_mape"": 47.03300857543945, ""val_mae"": 9.563652992248535, ""lr"": 0.00010000000474974513, ""val_mae12"": 9.429681777954102, ""val_me"": 6.748324704876151, ""val_me12"": 9.162867474634547, ""mape_2021"": 59.135738372802734, ""mae_2021"": 10.152459144592285, ""mae12_2021"": 12.940723419189453, ""me_2021"": 7.806129760996601, ""me12_2021"": 12.689858445672586, ""epochs_trained"": 94}",2026-07-04T01:22:32.189987,completed,15.0
4,MAPE,120,0,relu,1,64,0.1,46.25553512573242,9.423152923583984,9.008210182189941,6.531239608485126,8.365258419632967,46.25553512573242,10.071525573730469,12.182962417602539,7.615106570644608,11.536519376473905,56.987037658691406,"{""loss"": 46.564491271972656, ""mape"": 46.564491271972656, ""mae"": 9.63615608215332, ""val_loss"": 46.25553512573242, ""val_mape"": 46.25553512573242, ""val_mae"": 9.423152923583984, ""lr"": 0.00010000000474974513, ""val_mae12"": 9.008210182189941, ""val_me"": 6.531239608485126, ""val_me12"": 8.365258419632967, ""mape_2021"": 56.987037658691406, ""mae_2021"": 10.071525573730469, ""mae12_2021"": 12.182962417602539, ""me_2021"": 7.615106570644608, ""me12_2021"": 11.536519376473905, ""epochs_trained"": 93}",2026-07-04T01:22:32.234789,completed,15.0
4,MAPE,120,0,relu,1,128,0.05,46.55652618408203,9.52646255493164,8.532029151916504,6.63504822663275,7.699641923608689,46.55652618408203,10.117631912231445,11.739730834960938,7.749484916037797,10.828914065309755,56.69437026977539,"{""loss"": 45.87131881713867, ""mape"": 45.87131881713867, ""mae"": 9.461833953857422, ""val_loss"": 46.55652618408203, ""val_mape"": 46.55652618408203, ""val_mae"": 9.52646255493164, ""lr"": 0.00010000000474974513, ""val_mae12"": 8.532029151916504, ""val_me"": 6.63504822663275, ""val_me12"": 7.699641923608689, ""mape_2021"": 56.69437026977539, ""mae_2021"": 10.117631912231445, ""mae12_2021"": 11.739730834960938, ""me_2021"": 7.749484916037797, ""me12_2021"": 10.828914065309755, ""epochs_trained"": 75}",2026-07-04T01:22:40.788693,completed,8.6
4,MAPE,120,0,relu,1,128,0.0,46.09074783325195,9.424677848815918,8.696467399597168,6.737638059338922,7.5588164746123105,46.09074783325195,10.116019248962402,11.743483543395996,7.823108449268615,10.314396270705101,55.77996063232422,"{""loss"": 45.082969665527344, ""mape"": 45.082969665527344, ""mae"": 9.329198837280273, ""val_loss"": 46.09074783325195, ""val_mape"": 46.09074783325195, ""val_mae"": 9.424677848815918, ""lr"": 0.00010000000474974513, ""val_mae12"": 8.696467399597168, ""val_me"": 6.737638059338922, ""val_me12"": 7.5588164746123105, ""mape_2021"": 55.77996063232422, ""mae_2021"": 10.116019248962402, ""mae12_2021"": 11.743483543395996, ""me_2021"": 7.823108449268615, ""me12_2021"": 10.314396270705101, ""epochs_trained"": 96}",2026-07-04T01:22:41.401499,completed,9.3
4,MAPE,120,0,relu,1,128,0.1,45.731876373291016,9.317626953125,8.8643217086792,6.518575398936672,7.780877338087654,45.731876373291016,10.02189826965332,11.755034446716309,7.603750998410376,10.424620056851653,55.52251052856445,"{""loss"": 45.43610763549805, ""mape"": 45.43610763549805, ""mae"": 9.408623695373535, ""val_loss"": 45.731876373291016, ""val_mape"": 45.731876373291016, ""val_mae"": 9.317626953125, ""lr"": 0.00010000000474974513, ""val_mae12"": 8.8643217086792, ""val_me"": 6.518575398936672, ""val_me12"": 7.780877338087654, ""mape_2021"": 55.52251052856445, ""mae_2021"": 10.02189826965332, ""mae12_2021"": 11.755034446716309, ""me_2021"": 7.603750998410376, ""me12_2021"": 10.424620056851653, ""epochs_trained"": 89}",2026-07-04T01:22:41.506792,completed,9.3
4,MAPE,120,0,relu,1,128,0.3,45.90247344970703,9.333527565002441,8.615571022033691,6.760378778350433,7.878644318463914,45.90247344970703,10.068793296813965,11.418889045715332,7.870950525338639,10.699493998988418,56.12824630737305,"{""loss"": 48.16664123535156, ""mape"": 48.16664123535156, ""mae"": 10.070666313171387, ""val_loss"": 45.90247344970703, ""val_mape"": 45.90247344970703, ""val_mae"": 9.333527565002441, ""lr"": 0.00010000000474974513, ""val_mae12"": 8.615571022033691, ""val_me"": 6.760378778350433, ""val_me12"": 7.878644318463914, ""mape_2021"": 56.12824630737305, ""mae_2021"": 10.068793296813965, ""mae12_2021"": 11.418889045715332, ""me_2021"": 7.870950525338639, ""me12_2021"": 10.699493998988418, ""epochs_trained"": 95}",2026-07-04T01:22:48.397747,completed,7.6
4,MAPE,120,0,relu,1,64,0.3,17.731502532958984,3.442505121231079,4.77311372756958,2.186043742770402,1.8594718538425616,17.731502532958984,4.07049036026001,3.3749990463256836,2.9807670010122687,-1.2077785327660213,22.15106964111328,"{""loss"": 22.879520416259766, ""mape"": 22.879520416259766, ""mae"": 4.863230228424072, ""val_loss"": 17.731502532958984, ""val_mape"": 17.731502532958984, ""val_mae"": 3.442505121231079, ""lr"": 0.00010000000474974513, ""val_mae12"": 4.77311372756958, ""val_me"": 2.186043742770402, ""val_me12"": 1.8594718538425616, ""mape_2021"": 22.15106964111328, ""mae_2021"": 4.07049036026001, ""mae12_2021"": 3.3749990463256836, ""me_2021"": 2.9807670010122687, ""me12_2021"": -1.2077785327660213, ""epochs_trained"": 517}",2026-07-04T01:22:50.709467,completed,33.5
4,MAPE,120,0,relu,1,256,0.0,46.13443374633789,9.3446044921875,8.94144058227539,6.7675665369747176,8.401002469890003,46.13443374633789,10.119094848632812,12.142187118530273,7.838276547929982,11.654417945536808,57.73325729370117,"{""loss"": 45.466758728027344, ""mape"": 45.466758728027344, ""mae"": 9.362815856933594, ""val_loss"": 46.13443374633789, ""val_mape"": 46.13443374633789, ""val_mae"": 9.3446044921875, ""lr"": 0.00010000000474974513, ""val_mae12"": 8.94144058227539, ""val_me"": 6.7675665369747176, ""val_me12"": 8.401002469890003, ""mape_2021"": 57.73325729370117, ""mae_2021"": 10.119094848632812, ""mae12_2021"": 12.142187118530273, ""me_2021"": 7.838276547929982, ""me12_2021"": 11.654417945536808, ""epochs_trained"": 64}",2026-07-04T01:23:09.015800,completed,17.6
4,MAPE,120,0,relu,1,256,0.05,45.562435150146484,9.32287883758545,9.013896942138672,6.119072906497366,7.90696729913634,45.562435150146484,10.052018165588379,12.267526626586914,7.230044135270544,10.852805861978126,55.77301788330078,"{""loss"": 44.4643669128418, ""mape"": 44.4643669128418, ""mae"": 9.200011253356934, ""val_loss"": 45.562435150146484, ""val_mape"": 45.562435150146484, ""val_mae"": 9.32287883758545, ""lr"": 0.00010000000474974513, ""val_mae12"": 9.013896942138672, ""val_me"": 6.119072906497366, ""val_me12"": 7.90696729913634, ""mape_2021"": 55.77301788330078, ""mae_2021"": 10.052018165588379, ""mae12_2021"": 12.267526626586914, ""me_2021"": 7.230044135270544, ""me12_2021"": 10.852805861978126, ""epochs_trained"": 68}",2026-07-04T01:23:09.183987,completed,17.7
4,MAPE,120,0,relu,1,256,0.3,45.23659133911133,9.223506927490234,8.70726203918457,6.6840791243556925,7.824493655325664,45.23659133911133,10.042439460754395,11.557971000671387,7.746423005266961,10.508345265337221,55.52167510986328,"{""loss"": 46.07100296020508, ""mape"": 46.07100296020508, ""mae"": 9.574637413024902, ""val_loss"": 45.23659133911133, ""val_mape"": 45.23659133911133, ""val_mae"": 9.223506927490234, ""lr"": 0.00010000000474974513, ""val_mae12"": 8.70726203918457, ""val_me"": 6.6840791243556925, ""val_me12"": 7.824493655325664, ""mape_2021"": 55.52167510986328, ""mae_2021"": 10.042439460754395, ""mae12_2021"": 11.557971000671387, ""me_2021"": 7.746423005266961, ""me12_2021"": 10.508345265337221, ""epochs_trained"": 75}",2026-07-04T01:23:09.495201,completed,18.0
4,MAPE,120,0,relu,2,16,0.05,46.231605529785156,9.528779983520508,8.697284698486328,6.774264361328393,8.133394187787749,46.231605529785156,10.003120422363281,12.21303653717041,7.7840392160018785,11.576413094151409,57.296875,"{""loss"": 47.83852005004883, ""mape"": 47.83852005004883, ""mae"": 10.007101058959961, ""val_loss"": 46.231605529785156, ""val_mape"": 46.231605529785156, ""val_mae"": 9.528779983520508, ""lr"": 0.00010000000474974513, ""val_mae12"": 8.697284698486328, ""val_me"": 6.774264361328393, ""val_me12"": 8.133394187787749, ""mape_2021"": 57.296875, ""mae_2021"": 10.003120422363281, ""mae12_2021"": 12.21303653717041, ""me_2021"": 7.7840392160018785, ""me12_2021"": 11.576413094151409, ""epochs_trained"": 111}",2026-07-04T01:23:20.793270,completed,11.6
4,MAPE,120,0,relu,2,16,0.1,45.59646987915039,9.255525588989258,8.641923904418945,6.801066088213857,8.283776159739386,45.59646987915039,10.028055191040039,12.401833534240723,7.82882329134483,11.963572837946097,58.293663024902344,"{""loss"": 51.97757339477539, ""mape"": 51.97757339477539, ""mae"": 11.095969200134277, ""val_loss"": 45.59646987915039, ""val_mape"": 45.59646987915039, ""val_mae"": 9.255525588989258, ""lr"": 0.00010000000474974513, ""val_mae12"": 8.641923904418945, ""val_me"": 6.801066088213857, ""val_me12"": 8.283776159739386, ""mape_2021"": 58.293663024902344, ""mae_2021"": 10.028055191040039, ""mae12_2021"": 12.401833534240723, ""me_2021"": 7.82882329134483, ""me12_2021"": 11.963572837946097, ""epochs_trained"": 135}",2026-07-04T01:23:22.400067,completed,12.9
4,MAPE,120,0,relu,2,16,0.3,51.75801086425781,11.144566535949707,4.307765960693359,10.536832518228296,3.743447527703626,51.75801086425781,12.127886772155762,7.785830497741699,11.346342103357172,7.057557738747369,64.43938446044922,"{""loss"": 64.0956802368164, ""mape"": 64.0956802368164, ""mae"": 14.162001609802246, ""val_loss"": 51.75801086425781, ""val_mape"": 51.75801086425781, ""val_mae"": 11.144566535949707, ""lr"": 0.00010000000474974513, ""val_mae12"": 4.307765960693359, ""val_me"": 10.536832518228296, ""val_me12"": 3.743447527703626, ""mape_2021"": 64.43938446044922, ""mae_2021"": 12.127886772155762, ""mae12_2021"": 7.785830497741699, ""me_2021"": 11.346342103357172, ""me12_2021"": 7.057557738747369, ""epochs_trained"": 116}",2026-07-04T01:23:31.481125,completed,10.7
4,MAPE,120,0,relu,1,256,0.1,13.21628189086914,2.556666612625122,3.6086487770080566,0.4153287415919723,1.250171392604,13.21628189086914,2.5493009090423584,2.720174551010132,1.055718290098244,-1.9516853488887298,13.819002151489258,"{""loss"": 11.357891082763672, ""mape"": 11.357891082763672, ""mae"": 2.3931868076324463, ""val_loss"": 13.21628189086914, ""val_mape"": 13.21628189086914, ""val_mae"": 2.556666612625122, ""lr"": 0.00010000000474974513, ""val_mae12"": 3.6086487770080566, ""val_me"": 0.4153287415919723, ""val_me12"": 1.250171392604, ""mape_2021"": 13.819002151489258, ""mae_2021"": 2.5493009090423584, ""mae12_2021"": 2.720174551010132, ""me_2021"": 1.055718290098244, ""me12_2021"": -1.9516853488887298, ""epochs_trained"": 467}",2026-07-04T01:23:32.120856,completed,40.7
4,MAPE,120,0,relu,2,16,0.0,4.936223030090332,1.0216550827026367,1.0876179933547974,0.10466180947200769,0.15404151502857158,4.936223030090332,0.9314773678779602,1.1681289672851562,0.4107953589688133,-0.9116379734034289,5.208437442779541,"{""loss"": 3.9506466388702393, ""mape"": 3.9506466388702393, ""mae"": 0.8274662494659424, ""val_loss"": 4.936223030090332, ""val_mape"": 4.936223030090332, ""val_mae"": 1.0216550827026367, ""lr"": 1.0000000656873453e-05, ""val_mae12"": 1.0876179933547974, ""val_me"": 0.10466180947200769, ""val_me12"": 0.15404151502857158, ""mape_2021"": 5.208437442779541, ""mae_2021"": 0.9314773678779602, ""mae12_2021"": 1.1681289672851562, ""me_2021"": 0.4107953589688133, ""me12_2021"": -0.9116379734034289, ""epochs_trained"": 1100}",2026-07-04T01:23:55.179826,completed,46.2
4,MAPE,120,0,relu,2,32,0.05,45.583797454833984,9.341182708740234,9.104764938354492,6.670764906343524,8.86698130551993,45.583797454833984,10.011746406555176,12.550189018249512,7.69466492668598,12.373932261415714,57.880191802978516,"{""loss"": 46.850215911865234, ""mape"": 46.850215911865234, ""mae"": 9.731487274169922, ""val_loss"": 45.583797454833984, ""val_mape"": 45.583797454833984, ""val_mae"": 9.341182708740234, ""lr"": 0.00010000000474974513, ""val_mae12"": 9.104764938354492, ""val_me"": 6.670764906343524, ""val_me12"": 8.86698130551993, ""mape_2021"": 57.880191802978516, ""mae_2021"": 10.011746406555176, ""mae12_2021"": 12.550189018249512, ""me_2021"": 7.69466492668598, ""me12_2021"": 12.373932261415714, ""epochs_trained"": 92}",2026-07-04T01:24:11.233580,completed,15.3
4,MAPE,120,0,relu,2,32,0.3,45.27052688598633,9.610416412353516,7.491562843322754,7.1849250810331915,7.070372833079907,45.27052688598633,9.965027809143066,10.683018684387207,8.15885039401074,10.24967502911174,56.103511810302734,"{""loss"": 50.88549041748047, ""mape"": 50.88549041748047, ""mae"": 10.96286392211914, ""val_loss"": 45.27052688598633, ""val_mape"": 45.27052688598633, ""val_mae"": 9.610416412353516, ""lr"": 0.00010000000474974513, ""val_mae12"": 7.491562843322754, ""val_me"": 7.1849250810331915, ""val_me12"": 7.070372833079907, ""mape_2021"": 56.103511810302734, ""mae_2021"": 9.965027809143066, ""mae12_2021"": 10.683018684387207, ""me_2021"": 8.15885039401074, ""me12_2021"": 10.24967502911174, ""epochs_trained"": 91}",2026-07-04T01:24:11.270578,completed,15.4
4,MAPE,120,0,relu,2,32,0.1,45.92366027832031,9.47360610961914,8.499783515930176,6.752480515578461,7.9970367729432486,45.92366027832031,9.987360000610352,11.95689582824707,7.778808771981607,11.390070602003682,56.948055267333984,"{""loss"": 47.941280364990234, ""mape"": 47.941280364990234, ""mae"": 10.128071784973145, ""val_loss"": 45.92366027832031, ""val_mape"": 45.92366027832031, ""val_mae"": 9.47360610961914, ""lr"": 0.00010000000474974513, ""val_mae12"": 8.499783515930176, ""val_me"": 6.752480515578461, ""val_me12"": 7.9970367729432486, ""mape_2021"": 56.948055267333984, ""mae_2021"": 9.987360000610352, ""mae12_2021"": 11.95689582824707, ""me_2021"": 7.778808771981607, ""me12_2021"": 11.390070602003682, ""epochs_trained"": 108}",2026-07-04T01:24:11.835209,completed,15.9
4,MAPE,120,0,relu,2,64,0.05,15.991063117980957,3.1215081214904785,4.073977947235107,0.47902818276614023,2.8437710949150503,15.991063117980957,3.1590781211853027,2.564751386642456,1.1900484513773453,-0.10915581697550701,17.431407928466797,"{""loss"": 15.544071197509766, ""mape"": 15.544071197509766, ""mae"": 3.1801819801330566, ""val_loss"": 15.991063117980957, ""val_mape"": 15.991063117980957, ""val_mae"": 3.1215081214904785, ""lr"": 0.00010000000474974513, ""val_mae12"": 4.073977947235107, ""val_me"": 0.47902818276614023, ""val_me12"": 2.8437710949150503, ""mape_2021"": 17.431407928466797, ""mae_2021"": 3.1590781211853027, ""mae12_2021"": 2.564751386642456, ""me_2021"": 1.1900484513773453, ""me12_2021"": -0.10915581697550701, ""epochs_trained"": 230}",2026-07-04T01:25:22.497962,completed,71.2
4,MAPE,120,0,relu,2,64,0.0,16.032276153564453,3.244460105895996,3.4204728603363037,0.7427344669686026,2.0545952590224412,16.032276153564453,3.300931930541992,2.4215304851531982,1.3990693124624585,-0.7628063970185491,16.70294952392578,"{""loss"": 13.526256561279297, ""mape"": 13.526256561279297, ""mae"": 2.825662612915039, ""val_loss"": 16.032276153564453, ""val_mape"": 16.032276153564453, ""val_mae"": 3.244460105895996, ""lr"": 1.0000000656873453e-05, ""val_mae12"": 3.4204728603363037, ""val_me"": 0.7427344669686026, ""val_me12"": 2.0545952590224412, ""mape_2021"": 16.70294952392578, ""mae_2021"": 3.300931930541992, ""mae12_2021"": 2.4215304851531982, ""me_2021"": 1.3990693124624585, ""me12_2021"": -0.7628063970185491, ""epochs_trained"": 247}",2026-07-04T01:25:28.391989,completed,77.1
4,MAPE,120,0,relu,2,64,0.3,44.65020751953125,9.30342960357666,7.533050060272217,6.482589321264116,6.85642939883008,44.65020751953125,9.83092975616455,10.555344581604004,7.566298509346608,9.745873995659034,54.40359878540039,"{""loss"": 47.80630874633789, ""mape"": 47.80630874633789, ""mae"": 10.164473533630371, ""val_loss"": 44.65020751953125, ""val_mape"": 44.65020751953125, ""val_mae"": 9.30342960357666, ""lr"": 0.00010000000474974513, ""val_mae12"": 7.533050060272217, ""val_me"": 6.482589321264116, ""val_me12"": 6.85642939883008, ""mape_2021"": 54.40359878540039, ""mae_2021"": 9.83092975616455, ""mae12_2021"": 10.555344581604004, ""me_2021"": 7.566298509346608, ""me12_2021"": 9.745873995659034, ""epochs_trained"": 79}",2026-07-04T01:26:00.981376,completed,38.5
4,MAPE,120,0,relu,2,32,0.0,3.904069185256958,0.7794198393821716,0.9245895743370056,0.054763848284954925,-0.013824308124771315,3.904069185256958,0.8911712765693665,1.4161067008972168,0.2516336952808284,-1.260627310603245,5.323915958404541,"{""loss"": 3.13545560836792, ""mape"": 3.13545560836792, ""mae"": 0.6489198207855225, ""val_loss"": 3.904069185256958, ""val_mape"": 3.904069185256958, ""val_mae"": 0.7794198393821716, ""lr"": 1.0000000656873453e-05, ""val_mae12"": 0.9245895743370056, ""val_me"": 0.054763848284954925, ""val_me12"": -0.013824308124771315, ""mape_2021"": 5.323915958404541, ""mae_2021"": 0.8911712765693665, ""mae12_2021"": 1.4161067008972168, ""me_2021"": 0.2516336952808284, ""me12_2021"": -1.260627310603245, ""epochs_trained"": 1119}",2026-07-04T01:26:39.545267,completed,163.6
4,MAPE,120,0,relu,2,64,0.1,17.825042724609375,3.4394774436950684,4.882409572601318,1.4315898205281157,3.5179883084578445,17.825042724609375,3.851029872894287,2.818415880203247,2.0452213296869424,0.39272074703105564,19.643478393554688,"{""loss"": 19.799650192260742, ""mape"": 19.799650192260742, ""mae"": 4.051267147064209, ""val_loss"": 17.825042724609375, ""val_mape"": 17.825042724609375, ""val_mae"": 3.4394774436950684, ""lr"": 1.0000000656873453e-05, ""val_mae12"": 4.882409572601318, ""val_me"": 1.4315898205281157, ""val_me12"": 3.5179883084578445, ""mape_2021"": 19.643478393554688, ""mae_2021"": 3.851029872894287, ""mae12_2021"": 2.818415880203247, ""me_2021"": 2.0452213296869424, ""me12_2021"": 0.39272074703105564, ""epochs_trained"": 1043}",2026-07-04T01:26:53.515789,completed,161.7
4,MAPE,120,0,relu,2,128,0.0,17.45193862915039,3.3555095195770264,4.200340270996094,0.9986501720105676,2.3462664366554207,17.45193862915039,3.438149929046631,2.819087505340576,1.6513561357760589,-0.7046504983928972,17.579626083374023,"{""loss"": 14.692570686340332, ""mape"": 14.692570686340332, ""mae"": 2.9324002265930176, ""val_loss"": 17.45193862915039, ""val_mape"": 17.45193862915039, ""val_mae"": 3.3555095195770264, ""lr"": 0.00010000000474974513, ""val_mae12"": 4.200340270996094, ""val_me"": 0.9986501720105676, ""val_me12"": 2.3462664366554207, ""mape_2021"": 17.579626083374023, ""mae_2021"": 3.438149929046631, ""mae12_2021"": 2.819087505340576, ""me_2021"": 1.6513561357760589, ""me12_2021"": -0.7046504983928972, ""epochs_trained"": 152}",2026-07-04T01:27:46.673465,completed,51.0
4,MAPE,120,0,relu,2,128,0.05,14.513603210449219,2.7191483974456787,4.086365699768066,-0.008108327987225702,2.4698105299404185,14.513603210449219,2.71305513381958,2.2451095581054688,0.7248856662355753,-0.835738554753027,14.231929779052734,"{""loss"": 12.030965805053711, ""mape"": 12.030965805053711, ""mae"": 2.476325750350952, ""val_loss"": 14.513603210449219, ""val_mape"": 14.513603210449219, ""val_mae"": 2.7191483974456787, ""lr"": 0.00010000000474974513, ""val_mae12"": 4.086365699768066, ""val_me"": -0.008108327987225702, ""val_me12"": 2.4698105299404185, ""mape_2021"": 14.231929779052734, ""mae_2021"": 2.71305513381958, ""mae12_2021"": 2.2451095581054688, ""me_2021"": 0.7248856662355753, ""me12_2021"": -0.835738554753027, ""epochs_trained"": 220}",2026-07-04T01:27:53.130562,completed,57.4
4,MAPE,120,0,relu,2,256,0.0,17.33426856994629,3.3879473209381104,3.6938905715942383,1.1525115435428024,1.1642551521364468,17.33426856994629,3.60125470161438,3.2549591064453125,1.9432840920256653,-1.9991359917490523,18.663118362426758,"{""loss"": 14.786470413208008, ""mape"": 14.786470413208008, ""mae"": 2.9649102687835693, ""val_loss"": 17.33426856994629, ""val_mape"": 17.33426856994629, ""val_mae"": 3.3879473209381104, ""lr"": 0.00010000000474974513, ""val_mae12"": 3.6938905715942383, ""val_me"": 1.1525115435428024, ""val_me12"": 1.1642551521364468, ""mape_2021"": 18.663118362426758, ""mae_2021"": 3.60125470161438, ""mae12_2021"": 3.2549591064453125, ""me_2021"": 1.9432840920256653, ""me12_2021"": -1.9991359917490523, ""epochs_trained"": 100}",2026-07-04T01:28:13.799985,completed,27.1
4,MAPE,120,0,relu,2,128,0.1,4.659014701843262,0.8453618288040161,1.4833513498306274,-0.04610604823319979,0.49265616517552463,4.659014701843262,0.868363618850708,1.6271018981933594,0.3097508867607947,-1.247147389050375,5.363483905792236,"{""loss"": 6.564970016479492, ""mape"": 6.564970016479492, ""mae"": 1.418919563293457, ""val_loss"": 4.659014701843262, ""val_mape"": 4.659014701843262, ""val_mae"": 0.8453618288040161, ""lr"": 0.00010000000474974513, ""val_mae12"": 1.4833513498306274, ""val_me"": -0.04610604823319979, ""val_me12"": 0.49265616517552463, ""mape_2021"": 5.363483905792236, ""mae_2021"": 0.868363618850708, ""mae12_2021"": 1.6271018981933594, ""me_2021"": 0.3097508867607947, ""me12_2021"": -1.247147389050375, ""epochs_trained"": 442}",2026-07-04T01:28:20.173711,completed,84.5
4,MAPE,120,0,relu,2,128,0.3,5.339452266693115,0.9250690937042236,1.7940391302108765,-0.0019839213493060698,0.6591875522181985,5.339452266693115,0.9589375853538513,1.7525562047958374,0.3955256150496659,-1.3063651320050662,5.95005464553833,"{""loss"": 9.946313858032227, ""mape"": 9.946313858032227, ""mae"": 2.2166104316711426, ""val_loss"": 5.339452266693115, ""val_mape"": 5.339452266693115, ""val_mae"": 0.9250690937042236, ""lr"": 0.00010000000474974513, ""val_mae12"": 1.7940391302108765, ""val_me"": -0.0019839213493060698, ""val_me12"": 0.6591875522181985, ""mape_2021"": 5.95005464553833, ""mae_2021"": 0.9589375853538513, ""mae12_2021"": 1.7525562047958374, ""me_2021"": 0.3955256150496659, ""me12_2021"": -1.3063651320050662, ""epochs_trained"": 463}",2026-07-04T01:28:45.317102,completed,109.6
4,MAPE,120,0,relu,2,256,0.1,15.751361846923828,2.967949390411377,4.018046855926514,0.14855730610340687,2.1343562685967843,15.751361846923828,2.9778976440429688,2.752480983734131,0.9569406545187173,-1.3972459782475903,15.560505867004395,"{""loss"": 13.587198257446289, ""mape"": 13.587198257446289, ""mae"": 2.7521893978118896, ""val_loss"": 15.751361846923828, ""val_mape"": 15.751361846923828, ""val_mae"": 2.967949390411377, ""lr"": 0.00010000000474974513, ""val_mae12"": 4.018046855926514, ""val_me"": 0.14855730610340687, ""val_me12"": 2.1343562685967843, ""mape_2021"": 15.560505867004395, ""mae_2021"": 2.9778976440429688, ""mae12_2021"": 2.752480983734131, ""me_2021"": 0.9569406545187173, ""me12_2021"": -1.3972459782475903, ""epochs_trained"": 134}",2026-07-04T01:28:45.991257,completed,32.2
4,MAPE,120,0,relu,2,256,0.05,4.475358486175537,0.7696653008460999,1.4533177614212036,-0.10350897468971852,0.45307388663419396,4.475358486175537,0.8655926585197449,1.7927073240280151,0.2628810934668061,-1.5729254749267692,5.733767986297607,"{""loss"": 4.5406975746154785, ""mape"": 4.5406975746154785, ""mae"": 0.9372002482414246, ""val_loss"": 4.475358486175537, ""val_mape"": 4.475358486175537, ""val_mae"": 0.7696653008460999, ""lr"": 0.00010000000474974513, ""val_mae12"": 1.4533177614212036, ""val_me"": -0.10350897468971852, ""val_me12"": 0.45307388663419396, ""mape_2021"": 5.733767986297607, ""mae_2021"": 0.8655926585197449, ""mae12_2021"": 1.7927073240280151, ""me_2021"": 0.2628810934668061, ""me12_2021"": -1.5729254749267692, ""epochs_trained"": 397}",2026-07-04T01:29:07.313322,completed,74.2
4,MAPE,120,0,relu,2,256,0.3,4.931053638458252,0.890791118144989,1.5645807981491089,0.10050620734228664,0.6806152893793596,4.931053638458252,0.8820344805717468,1.513641119003296,0.3828667347313106,-0.9603207690684835,5.306342124938965,"{""loss"": 8.004510879516602, ""mape"": 8.004510879516602, ""mae"": 1.7477716207504272, ""val_loss"": 4.931053638458252, ""val_mape"": 4.931053638458252, ""val_mae"": 0.890791118144989, ""lr"": 1.0000000656873453e-05, ""val_mae12"": 1.5645807981491089, ""val_me"": 0.10050620734228664, ""val_me12"": 0.6806152893793596, ""mape_2021"": 5.306342124938965, ""mae_2021"": 0.8820344805717468, ""mae12_2021"": 1.513641119003296, ""me_2021"": 0.3828667347313106, ""me12_2021"": -0.9603207690684835, ""epochs_trained"": 375}",2026-07-04T01:29:35.627863,completed,75.4
4,MAPE,120,0,relu,3,16,0.3,47.39503860473633,10.43455696105957,5.573454856872559,7.601715110504768,4.807639398018709,47.39503860473633,10.042311668395996,8.575325012207031,8.677066999743783,7.461859830257577,54.124080657958984,"{""loss"": 55.51414489746094, ""mape"": 55.51414489746094, ""mae"": 12.384180068969727, ""val_loss"": 47.39503860473633, ""val_mape"": 47.39503860473633, ""val_mae"": 10.43455696105957, ""lr"": 0.00010000000474974513, ""val_mae12"": 5.573454856872559, ""val_me"": 7.601715110504768, ""val_me12"": 4.807639398018709, ""mape_2021"": 54.124080657958984, ""mae_2021"": 10.042311668395996, ""mae12_2021"": 8.575325012207031, ""me_2021"": 8.677066999743783, ""me12_2021"": 7.461859830257577, ""epochs_trained"": 85}",2026-07-04T01:30:58.844850,completed,79.3
4,MAPE,120,0,relu,3,16,0.1,46.99579620361328,9.759927749633789,8.041141510009766,6.90408593531695,7.892488290992262,46.99579620361328,10.151971817016602,11.562064170837402,8.059451561550816,11.465372203934582,59.01695251464844,"{""loss"": 51.05216979980469, ""mape"": 51.05216979980469, ""mae"": 10.743804931640625, ""val_loss"": 46.99579620361328, ""val_mape"": 46.99579620361328, ""val_mae"": 9.759927749633789, ""lr"": 0.00010000000474974513, ""val_mae12"": 8.041141510009766, ""val_me"": 6.90408593531695, ""val_me12"": 7.892488290992262, ""mape_2021"": 59.01695251464844, ""mae_2021"": 10.151971817016602, ""mae12_2021"": 11.562064170837402, ""me_2021"": 8.059451561550816, ""me12_2021"": 11.465372203934582, ""epochs_trained"": 98}",2026-07-04T01:31:01.088024,completed,81.7
4,MAPE,120,0,relu,3,16,0.0,47.922237396240234,9.497581481933594,8.835967063903809,6.826639746504675,8.673521534327817,47.922237396240234,10.14889907836914,12.38164234161377,7.968976206489019,12.385902463543808,60.07131576538086,"{""loss"": 46.90311050415039, ""mape"": 46.90311050415039, ""mae"": 9.337504386901855, ""val_loss"": 47.922237396240234, ""val_mape"": 47.922237396240234, ""val_mae"": 9.497581481933594, ""lr"": 0.00010000000474974513, ""val_mae12"": 8.835967063903809, ""val_me"": 6.826639746504675, ""val_me12"": 8.673521534327817, ""mape_2021"": 60.07131576538086, ""mae_2021"": 10.14889907836914, ""mae12_2021"": 12.38164234161377, ""me_2021"": 7.968976206489019, ""me12_2021"": 12.385902463543808, ""epochs_trained"": 92}",2026-07-04T01:31:02.309305,completed,82.9
4,MAPE,120,0,relu,3,16,0.05,46.43135452270508,9.751249313354492,7.7661333084106445,6.508193191718056,7.01447309991733,46.43135452270508,9.851524353027344,10.829388618469238,7.618299856115637,9.928699670272351,54.95060348510742,"{""loss"": 48.111148834228516, ""mape"": 48.111148834228516, ""mae"": 10.284656524658203, ""val_loss"": 46.43135452270508, ""val_mape"": 46.43135452270508, ""val_mae"": 9.751249313354492, ""lr"": 0.00010000000474974513, ""val_mae12"": 7.7661333084106445, ""val_me"": 6.508193191718056, ""val_me12"": 7.01447309991733, ""mape_2021"": 54.95060348510742, ""mae_2021"": 9.851524353027344, ""mae12_2021"": 10.829388618469238, ""me_2021"": 7.618299856115637, ""me12_2021"": 9.928699670272351, ""epochs_trained"": 146}",2026-07-04T01:31:10.981294,completed,91.5
4,MAPE,120,0,relu,3,32,0.05,44.76976776123047,9.111054420471191,8.057519912719727,6.313142042450937,7.82991494920601,44.76976776123047,9.89710521697998,11.48955249786377,7.450713465712508,11.232835024853054,56.64369201660156,"{""loss"": 45.92586135864258, ""mape"": 45.92586135864258, ""mae"": 9.513618469238281, ""val_loss"": 44.76976776123047, ""val_mape"": 44.76976776123047, ""val_mae"": 9.111054420471191, ""lr"": 0.00010000000474974513, ""val_mae12"": 8.057519912719727, ""val_me"": 6.313142042450937, ""val_me12"": 7.82991494920601, ""mape_2021"": 56.64369201660156, ""mae_2021"": 9.89710521697998, ""mae12_2021"": 11.48955249786377, ""me_2021"": 7.450713465712508, ""me12_2021"": 11.232835024853054, ""epochs_trained"": 76}",2026-07-04T01:31:45.306481,completed,44.1
4,MAPE,120,0,relu,3,32,0.0,45.676239013671875,8.999585151672363,9.296327590942383,6.522259307915805,9.249870379383301,45.676239013671875,9.99314022064209,13.0227689743042,7.606564987419542,13.030893640643528,59.65571594238281,"{""loss"": 45.28794479370117, ""mape"": 45.28794479370117, ""mae"": 9.05294132232666, ""val_loss"": 45.676239013671875, ""val_mape"": 45.676239013671875, ""val_mae"": 8.999585151672363, ""lr"": 0.00010000000474974513, ""val_mae12"": 9.296327590942383, ""val_me"": 6.522259307915805, ""val_me12"": 9.249870379383301, ""mape_2021"": 59.65571594238281, ""mae_2021"": 9.99314022064209, ""mae12_2021"": 13.0227689743042, ""me_2021"": 7.606564987419542, ""me12_2021"": 13.030893640643528, ""epochs_trained"": 72}",2026-07-04T01:31:46.780143,completed,47.9
4,MAPE,120,0,relu,3,32,0.3,47.82244873046875,10.624923706054688,6.401543140411377,7.075132820633701,5.808390789224481,47.82244873046875,10.035606384277344,9.356242179870605,8.272549270804213,8.648580481866503,55.88505172729492,"{""loss"": 50.44725036621094, ""mape"": 50.44725036621094, ""mae"": 11.025751113891602, ""val_loss"": 47.82244873046875, ""val_mape"": 47.82244873046875, ""val_mae"": 10.624923706054688, ""lr"": 0.00010000000474974513, ""val_mae12"": 6.401543140411377, ""val_me"": 7.075132820633701, ""val_me12"": 5.808390789224481, ""mape_2021"": 55.88505172729492, ""mae_2021"": 10.035606384277344, ""mae12_2021"": 9.356242179870605, ""me_2021"": 8.272549270804213, ""me12_2021"": 8.648580481866503, ""epochs_trained"": 72}",2026-07-04T01:31:59.352687,completed,48.4
4,MAPE,120,0,relu,3,32,0.1,7.263166904449463,1.4370105266571045,2.13073468208313,0.46640853368618074,0.45659494985620047,7.263166904449463,1.4013574123382568,1.361975908279419,0.8595733588767177,-0.5421344707039171,7.898834228515625,"{""loss"": 11.9853515625, ""mape"": 11.9853515625, ""mae"": 2.6528711318969727, ""val_loss"": 7.263166904449463, ""val_mape"": 7.263166904449463, ""val_mae"": 1.4370105266571045, ""lr"": 0.00010000000474974513, ""val_mae12"": 2.13073468208313, ""val_me"": 0.46640853368618074, ""val_me12"": 0.45659494985620047, ""mape_2021"": 7.898834228515625, ""mae_2021"": 1.4013574123382568, ""mae12_2021"": 1.361975908279419, ""me_2021"": 0.8595733588767177, ""me12_2021"": -0.5421344707039171, ""epochs_trained"": 366}",2026-07-04T01:32:34.259824,completed,91.9
4,MAPE,120,0,relu,3,64,0.3,6.934189796447754,1.5497123003005981,1.2226037979125977,1.0866096018287326,0.2428693239978283,6.934189796447754,1.5789777040481567,1.4615603685379028,1.3948604243044556,-0.9708500140424628,8.115811347961426,"{""loss"": 13.661934852600098, ""mape"": 13.661934852600098, ""mae"": 3.0985164642333984, ""val_loss"": 6.934189796447754, ""val_mape"": 6.934189796447754, ""val_mae"": 1.5497123003005981, ""lr"": 0.00010000000474974513, ""val_mae12"": 1.2226037979125977, ""val_me"": 1.0866096018287326, ""val_me12"": 0.2428693239978283, ""mape_2021"": 8.115811347961426, ""mae_2021"": 1.5789777040481567, ""mae12_2021"": 1.4615603685379028, ""me_2021"": 1.3948604243044556, ""me12_2021"": -0.9708500140424628, ""epochs_trained"": 315}",2026-07-04T01:33:41.427935,completed,65.3
4,MAPE,120,0,relu,3,64,0.05,6.585115909576416,1.1824766397476196,2.050435781478882,0.10699293030483517,1.0617899668473567,6.585115909576416,1.0955694913864136,1.5183615684509277,0.4493486733580681,-0.6750356588280263,6.231080532073975,"{""loss"": 7.538359642028809, ""mape"": 7.538359642028809, ""mae"": 1.5941158533096313, ""val_loss"": 6.585115909576416, ""val_mape"": 6.585115909576416, ""val_mae"": 1.1824766397476196, ""lr"": 0.00010000000474974513, ""val_mae12"": 2.050435781478882, ""val_me"": 0.10699293030483517, ""val_me12"": 1.0617899668473567, ""mape_2021"": 6.231080532073975, ""mae_2021"": 1.0955694913864136, ""mae12_2021"": 1.5183615684509277, ""me_2021"": 0.4493486733580681, ""me12_2021"": -0.6750356588280263, ""epochs_trained"": 318}",2026-07-04T01:33:41.636080,completed,65.5
4,MAPE,120,0,relu,3,64,0.1,6.161989688873291,1.1993452310562134,1.8547407388687134,0.3783653410511731,0.830997232037247,6.161989688873291,1.0941241979599,1.3392343521118164,0.6347688439550676,-0.6468235458670342,6.262364864349365,"{""loss"": 9.007282257080078, ""mape"": 9.007282257080078, ""mae"": 1.9657578468322754, ""val_loss"": 6.161989688873291, ""val_mape"": 6.161989688873291, ""val_mae"": 1.1993452310562134, ""lr"": 0.00010000000474974513, ""val_mae12"": 1.8547407388687134, ""val_me"": 0.3783653410511731, ""val_me12"": 0.830997232037247, ""mape_2021"": 6.262364864349365, ""mae_2021"": 1.0941241979599, ""mae12_2021"": 1.3392343521118164, ""me_2021"": 0.6347688439550676, ""me12_2021"": -0.6468235458670342, ""epochs_trained"": 332}",2026-07-04T01:33:42.243311,completed,66.1
4,MAPE,120,0,relu,3,64,0.0,4.315637111663818,0.8056463599205017,1.1235287189483643,-0.022426500411953005,0.2251024329186841,4.315637111663818,0.8622472882270813,1.2422360181808472,0.23986104710354472,-0.8954202083155465,5.015223026275635,"{""loss"": 2.843114137649536, ""mape"": 2.843114137649536, ""mae"": 0.5909509062767029, ""val_loss"": 4.315637111663818, ""val_mape"": 4.315637111663818, ""val_mae"": 0.8056463599205017, ""lr"": 0.00010000000474974513, ""val_mae12"": 1.1235287189483643, ""val_me"": -0.022426500411953005, ""val_me12"": 0.2251024329186841, ""mape_2021"": 5.015223026275635, ""mae_2021"": 0.8622472882270813, ""mae12_2021"": 1.2422360181808472, ""me_2021"": 0.23986104710354472, ""me12_2021"": -0.8954202083155465, ""epochs_trained"": 652}",2026-07-04T01:34:22.577346,completed,106.5
4,MAPE,120,0,relu,3,128,0.05,5.462106227874756,0.9868225455284119,1.528770923614502,0.09848094760576595,0.50715055579339,5.462106227874756,0.9863057732582092,1.665671706199646,0.4182497536402887,-1.0340940316423723,5.9373369216918945,"{""loss"": 5.475533962249756, ""mape"": 5.475533962249756, ""mae"": 1.178218126296997, ""val_loss"": 5.462106227874756, ""val_mape"": 5.462106227874756, ""val_mae"": 0.9868225455284119, ""lr"": 0.00010000000474974513, ""val_mae12"": 1.528770923614502, ""val_me"": 0.09848094760576595, ""val_me12"": 0.50715055579339, ""mape_2021"": 5.9373369216918945, ""mae_2021"": 0.9863057732582092, ""mae12_2021"": 1.665671706199646, ""me_2021"": 0.4182497536402887, ""me12_2021"": -1.0340940316423723, ""epochs_trained"": 306}",2026-07-04T01:34:26.930217,completed,45.3
4,MAPE,120,0,relu,3,128,0.1,4.607723712921143,0.9148799180984497,1.0957609415054321,0.14569953683726242,0.6702296914473056,4.607723712921143,0.8362867832183838,1.4344481229782104,0.35473492023697384,-0.06859666193684558,5.383636951446533,"{""loss"": 6.183401584625244, ""mape"": 6.183401584625244, ""mae"": 1.355223536491394, ""val_loss"": 4.607723712921143, ""val_mape"": 4.607723712921143, ""val_mae"": 0.9148799180984497, ""lr"": 0.00010000000474974513, ""val_mae12"": 1.0957609415054321, ""val_me"": 0.14569953683726242, ""val_me12"": 0.6702296914473056, ""mape_2021"": 5.383636951446533, ""mae_2021"": 0.8362867832183838, ""mae12_2021"": 1.4344481229782104, ""me_2021"": 0.35473492023697384, ""me12_2021"": -0.06859666193684558, ""epochs_trained"": 332}",2026-07-04T01:34:29.946872,completed,47.7
4,MAPE,120,0,relu,3,128,0.0,4.530756950378418,0.8209938406944275,1.2231810092926025,0.0015005446557518163,0.3927642869433172,4.530756950378418,0.8932371139526367,1.2337385416030884,0.21244607105177377,-0.6927443105495037,5.091888904571533,"{""loss"": 2.5783894062042236, ""mape"": 2.5783894062042236, ""mae"": 0.5503053069114685, ""val_loss"": 4.530756950378418, ""val_mape"": 4.530756950378418, ""val_mae"": 0.8209938406944275, ""lr"": 0.00010000000474974513, ""val_mae12"": 1.2231810092926025, ""val_me"": 0.0015005446557518163, ""val_me12"": 0.3927642869433172, ""mape_2021"": 5.091888904571533, ""mae_2021"": 0.8932371139526367, ""mae12_2021"": 1.2337385416030884, ""me_2021"": 0.21244607105177377, ""me12_2021"": -0.6927443105495037, ""epochs_trained"": 484}",2026-07-04T01:34:39.182688,completed,57.7
4,MAPE,120,0,relu,3,128,0.3,11.491202354431152,2.4069840908050537,3.1032845973968506,0.9069688759511089,0.8970624873227768,11.491202354431152,2.3255836963653564,1.6649165153503418,1.4273871504057252,-0.6485422825001407,12.140449523925781,"{""loss"": 14.376832962036133, ""mape"": 14.376832962036133, ""mae"": 3.1317553520202637, ""val_loss"": 11.491202354431152, ""val_mape"": 11.491202354431152, ""val_mae"": 2.4069840908050537, ""lr"": 0.00010000000474974513, ""val_mae12"": 3.1032845973968506, ""val_me"": 0.9069688759511089, ""val_me12"": 0.8970624873227768, ""mape_2021"": 12.140449523925781, ""mae_2021"": 2.3255836963653564, ""mae12_2021"": 1.6649165153503418, ""me_2021"": 1.4273871504057252, ""me12_2021"": -0.6485422825001407, ""epochs_trained"": 173}",2026-07-04T01:34:41.944323,completed,19.4
4,MAPE,120,0,relu,3,256,0.3,8.528656959533691,1.9774107933044434,1.6827266216278076,0.683197279929802,-0.09694583570870396,8.528656959533691,1.4414364099502563,1.9026257991790771,1.0884440851867327,-1.5585936341202322,7.936041831970215,"{""loss"": 9.722017288208008, ""mape"": 9.722017288208008, ""mae"": 2.124638795852661, ""val_loss"": 8.528656959533691, ""val_mape"": 8.528656959533691, ""val_mae"": 1.9774107933044434, ""lr"": 0.00010000000474974513, ""val_mae12"": 1.6827266216278076, ""val_me"": 0.683197279929802, ""val_me12"": -0.09694583570870396, ""mape_2021"": 7.936041831970215, ""mae_2021"": 1.4414364099502563, ""mae12_2021"": 1.9026257991790771, ""me_2021"": 1.0884440851867327, ""me12_2021"": -1.5585936341202322, ""epochs_trained"": 182}",2026-07-04T01:36:08.621434,completed,85.4
4,MAPE,120,0,relu,3,256,0.0,5.965315341949463,1.0563901662826538,1.7887717485427856,0.09892612091713232,0.8632909317444344,5.965315341949463,1.0951752662658691,1.4910732507705688,0.33811759355737714,-0.7009155204080272,6.320948600769043,"{""loss"": 3.4187326431274414, ""mape"": 3.4187326431274414, ""mae"": 0.7233664393424988, ""val_loss"": 5.965315341949463, ""val_mape"": 5.965315341949463, ""val_mae"": 1.0563901662826538, ""lr"": 1.0000000656873453e-05, ""val_mae12"": 1.7887717485427856, ""val_me"": 0.09892612091713232, ""val_me12"": 0.8632909317444344, ""mape_2021"": 6.320948600769043, ""mae_2021"": 1.0951752662658691, ""mae12_2021"": 1.4910732507705688, ""me_2021"": 0.33811759355737714, ""me12_2021"": -0.7009155204080272, ""epochs_trained"": 252}",2026-07-04T01:36:15.336433,completed,92.2
4,MAPE,120,0,relu,3,256,0.05,4.864504337310791,0.890859067440033,1.3978345394134521,0.09679073100116306,0.6441085511072231,4.864504337310791,0.8937336206436157,1.3992314338684082,0.35992870830839335,-0.4998255790289304,5.376636028289795,"{""loss"": 4.521088600158691, ""mape"": 4.521088600158691, ""mae"": 0.9625639915466309, ""val_loss"": 4.864504337310791, ""val_mape"": 4.864504337310791, ""val_mae"": 0.890859067440033, ""lr"": 0.00010000000474974513, ""val_mae12"": 1.3978345394134521, ""val_me"": 0.09679073100116306, ""val_me12"": 0.6441085511072231, ""mape_2021"": 5.376636028289795, ""mae_2021"": 0.8937336206436157, ""mae12_2021"": 1.3992314338684082, ""me_2021"": 0.35992870830839335, ""me12_2021"": -0.4998255790289304, ""epochs_trained"": 277}",2026-07-04T01:36:17.933989,completed,94.7
4,MAPE,120,0,relu,3,256,0.1,4.840712547302246,0.9524535536766052,1.1804087162017822,0.26905054307063353,0.8357308661136745,4.840712547302246,0.9090108871459961,1.472231149673462,0.48044184489354824,-0.11655393058386733,5.603228569030762,"{""loss"": 5.353939056396484, ""mape"": 5.353939056396484, ""mae"": 1.1652023792266846, ""val_loss"": 4.840712547302246, ""val_mape"": 4.840712547302246, ""val_mae"": 0.9524535536766052, ""lr"": 1.0000000656873453e-05, ""val_mae12"": 1.1804087162017822, ""val_me"": 0.26905054307063353, ""val_me12"": 0.8357308661136745, ""mape_2021"": 5.603228569030762, ""mae_2021"": 0.9090108871459961, ""mae12_2021"": 1.472231149673462, ""me_2021"": 0.48044184489354824, ""me12_2021"": -0.11655393058386733, ""epochs_trained"": 276}",2026-07-04T01:36:19.054128,completed,95.9
4,MAPE,120,0,leaky_relu,1,16,0.0,46.77657699584961,9.248661041259766,7.911072254180908,7.759767300774838,7.633883351918834,46.77657699584961,10.433473587036133,11.339183807373047,8.791071670124765,11.070028506201233,59.60823059082031,"{""loss"": 47.46875762939453, ""mape"": 47.46875762939453, ""mae"": 9.581930160522461, ""val_loss"": 46.77657699584961, ""val_mape"": 46.77657699584961, ""val_mae"": 9.248661041259766, ""lr"": 0.00010000000474974513, ""val_mae12"": 7.911072254180908, ""val_me"": 7.759767300774838, ""val_me12"": 7.633883351918834, ""mape_2021"": 59.60823059082031, ""mae_2021"": 10.433473587036133, ""mae12_2021"": 11.339183807373047, ""me_2021"": 8.791071670124765, ""me12_2021"": 11.070028506201233, ""epochs_trained"": 96}",2026-07-04T01:36:24.807939,completed,16.2
4,MAPE,120,0,leaky_relu,1,16,0.05,46.472686767578125,9.315269470214844,8.050436019897461,7.705655564307106,7.6452512563671,46.472686767578125,10.353375434875488,11.311286926269531,8.68372182331936,10.88572685391103,58.33574676513672,"{""loss"": 48.75814437866211, ""mape"": 48.75814437866211, ""mae"": 10.028828620910645, ""val_loss"": 46.472686767578125, ""val_mape"": 46.472686767578125, ""val_mae"": 9.315269470214844, ""lr"": 0.00010000000474974513, ""val_mae12"": 8.050436019897461, ""val_me"": 7.705655564307106, ""val_me12"": 7.6452512563671, ""mape_2021"": 58.33574676513672, ""mae_2021"": 10.353375434875488, ""mae12_2021"": 11.311286926269531, ""me_2021"": 8.68372182331936, ""me12_2021"": 10.88572685391103, ""epochs_trained"": 125}",2026-07-04T01:36:28.435109,completed,13.1
4,MAPE,120,0,leaky_relu,1,16,0.1,47.98427963256836,9.946449279785156,8.509313583374023,8.188406219245419,7.977042327721833,47.98427963256836,10.556879043579102,11.665384292602539,8.955919957559486,11.175861803727628,58.879024505615234,"{""loss"": 51.03312683105469, ""mape"": 51.03312683105469, ""mae"": 10.66445541381836, ""val_loss"": 47.98427963256836, ""val_mape"": 47.98427963256836, ""val_mae"": 9.946449279785156, ""lr"": 0.00010000000474974513, ""val_mae12"": 8.509313583374023, ""val_me"": 8.188406219245419, ""val_me12"": 7.977042327721833, ""mape_2021"": 58.879024505615234, ""mae_2021"": 10.556879043579102, ""mae12_2021"": 11.665384292602539, ""me_2021"": 8.955919957559486, ""me12_2021"": 11.175861803727628, ""epochs_trained"": 186}",2026-07-04T01:36:34.577657,completed,16.6
4,MAPE,120,0,leaky_relu,1,16,0.3,55.95502853393555,12.606870651245117,6.874123573303223,11.197531599786169,5.721273714931806,55.95502853393555,12.667552947998047,9.212237358093262,11.39489829770333,7.855118281017359,62.21623611450195,"{""loss"": 59.19313049316406, ""mape"": 59.19313049316406, ""mae"": 13.00627613067627, ""val_loss"": 55.95502853393555, ""val_mape"": 55.95502853393555, ""val_mae"": 12.606870651245117, ""lr"": 0.00010000000474974513, ""val_mae12"": 6.874123573303223, ""val_me"": 11.197531599786169, ""val_me12"": 5.721273714931806, ""mape_2021"": 62.21623611450195, ""mae_2021"": 12.667552947998047, ""mae12_2021"": 9.212237358093262, ""me_2021"": 11.39489829770333, ""me12_2021"": 7.855118281017359, ""epochs_trained"": 213}",2026-07-04T01:36:36.651529,completed,17.6
4,MAPE,120,0,leaky_relu,1,32,0.0,45.89558029174805,9.185311317443848,6.763754844665527,7.887506897515806,6.380539864970202,45.89558029174805,10.417723655700684,9.558956146240234,8.958815159731877,9.173795556838373,56.97405242919922,"{""loss"": 47.097900390625, ""mape"": 47.097900390625, ""mae"": 9.60984992980957, ""val_loss"": 45.89558029174805, ""val_mape"": 45.89558029174805, ""val_mae"": 9.185311317443848, ""lr"": 0.00010000000474974513, ""val_mae12"": 6.763754844665527, ""val_me"": 7.887506897515806, ""val_me12"": 6.380539864970202, ""mape_2021"": 56.97405242919922, ""mae_2021"": 10.417723655700684, ""mae12_2021"": 9.558956146240234, ""me_2021"": 8.958815159731877, ""me12_2021"": 9.173795556838373, ""epochs_trained"": 110}",2026-07-04T01:37:04.699450,completed,26.6
4,MAPE,120,0,leaky_relu,1,32,0.1,45.80894470214844,9.268383026123047,8.544657707214355,7.185975980732591,8.089973754196498,45.80894470214844,10.143270492553711,11.785225868225098,8.190094375083259,11.328585863371197,57.48604965209961,"{""loss"": 49.46304702758789, ""mape"": 49.46304702758789, ""mae"": 10.316186904907227, ""val_loss"": 45.80894470214844, ""val_mape"": 45.80894470214844, ""val_mae"": 9.268383026123047, ""lr"": 0.00010000000474974513, ""val_mae12"": 8.544657707214355, ""val_me"": 7.185975980732591, ""val_me12"": 8.089973754196498, ""mape_2021"": 57.48604965209961, ""mae_2021"": 10.143270492553711, ""mae12_2021"": 11.785225868225098, ""me_2021"": 8.190094375083259, ""me12_2021"": 11.328585863371197, ""epochs_trained"": 122}",2026-07-04T01:37:05.385183,completed,27.3
4,MAPE,120,0,leaky_relu,1,32,0.05,45.70836639404297,9.305216789245605,8.904748916625977,7.060077727161311,8.105600393425945,45.70836639404297,10.049910545349121,11.735536575317383,8.024160863054274,10.83576760052923,56.05051803588867,"{""loss"": 46.85200881958008, ""mape"": 46.85200881958008, ""mae"": 9.73701000213623, ""val_loss"": 45.70836639404297, ""val_mape"": 45.70836639404297, ""val_mae"": 9.305216789245605, ""lr"": 0.00010000000474974513, ""val_mae12"": 8.904748916625977, ""val_me"": 7.060077727161311, ""val_me12"": 8.105600393425945, ""mape_2021"": 56.05051803588867, ""mae_2021"": 10.049910545349121, ""mae12_2021"": 11.735536575317383, ""me_2021"": 8.024160863054274, ""me12_2021"": 10.83576760052923, ""epochs_trained"": 142}",2026-07-04T01:37:06.419344,completed,28.3
4,MAPE,120,0,leaky_relu,1,32,0.3,46.41530990600586,9.539352416992188,8.243918418884277,7.774428874364434,7.915336599282085,46.41530990600586,10.361818313598633,11.557247161865234,8.706382158645354,11.276220331847174,58.74826431274414,"{""loss"": 53.99966812133789, ""mape"": 53.99966812133789, ""mae"": 11.410139083862305, ""val_loss"": 46.41530990600586, ""val_mape"": 46.41530990600586, ""val_mae"": 9.539352416992188, ""lr"": 0.00010000000474974513, ""val_mae12"": 8.243918418884277, ""val_me"": 7.774428874364434, ""val_me12"": 7.915336599282085, ""mape_2021"": 58.74826431274414, ""mae_2021"": 10.361818313598633, ""mae12_2021"": 11.557247161865234, ""me_2021"": 8.706382158645354, ""me12_2021"": 11.276220331847174, ""epochs_trained"": 144}",2026-07-04T01:37:06.732399,completed,28.7
4,MAPE,120,0,leaky_relu,1,64,0.0,46.033390045166016,9.215681076049805,7.227956771850586,7.778818046006507,6.716300331444924,46.033390045166016,10.448225021362305,10.529611587524414,8.82630786451375,9.98743041051047,58.16737365722656,"{""loss"": 47.45939636230469, ""mape"": 47.45939636230469, ""mae"": 9.706058502197266, ""val_loss"": 46.033390045166016, ""val_mape"": 46.033390045166016, ""val_mae"": 9.215681076049805, ""lr"": 0.00010000000474974513, ""val_mae12"": 7.227956771850586, ""val_me"": 7.778818046006507, ""val_me12"": 6.716300331444924, ""mape_2021"": 58.16737365722656, ""mae_2021"": 10.448225021362305, ""mae12_2021"": 10.529611587524414, ""me_2021"": 8.82630786451375, ""me12_2021"": 9.98743041051047, ""epochs_trained"": 76}",2026-07-04T01:37:14.907298,completed,10.2
4,MAPE,120,0,leaky_relu,1,64,0.05,47.708587646484375,9.368732452392578,6.645588397979736,7.8735743339411695,6.341689237715495,47.708587646484375,10.642721176147461,10.267075538635254,9.02424249315097,9.88627002662371,60.174781799316406,"{""loss"": 48.760292053222656, ""mape"": 48.760292053222656, ""mae"": 9.789581298828125, ""val_loss"": 47.708587646484375, ""val_mape"": 47.708587646484375, ""val_mae"": 9.368732452392578, ""lr"": 0.00010000000474974513, ""val_mae12"": 6.645588397979736, ""val_me"": 7.8735743339411695, ""val_me12"": 6.341689237715495, ""mape_2021"": 60.174781799316406, ""mae_2021"": 10.642721176147461, ""mae12_2021"": 10.267075538635254, ""me_2021"": 9.02424249315097, ""me12_2021"": 9.88627002662371, ""epochs_trained"": 73}",2026-07-04T01:37:15.649507,completed,10.3
4,MAPE,120,0,leaky_relu,1,64,0.1,45.06196975708008,9.149620056152344,8.576239585876465,6.76677513833671,7.647114853563218,45.06196975708008,9.945255279541016,11.03892707824707,7.8297390236116495,10.039814445965327,54.541969299316406,"{""loss"": 47.06557083129883, ""mape"": 47.06557083129883, ""mae"": 9.868873596191406, ""val_loss"": 45.06196975708008, ""val_mape"": 45.06196975708008, ""val_mae"": 9.149620056152344, ""lr"": 0.00010000000474974513, ""val_mae12"": 8.576239585876465, ""val_me"": 6.76677513833671, ""val_me12"": 7.647114853563218, ""mape_2021"": 54.541969299316406, ""mae_2021"": 9.945255279541016, ""mae12_2021"": 11.03892707824707, ""me_2021"": 7.8297390236116495, ""me12_2021"": 10.039814445965327, ""epochs_trained"": 130}",2026-07-04T01:37:18.770291,completed,12.3
4,MAPE,120,0,leaky_relu,1,64,0.3,45.54233932495117,9.273709297180176,8.513998031616211,6.9883021830265895,7.831022939744311,45.54233932495117,10.05361270904541,11.396733283996582,8.009315060753456,10.717640636401654,56.035335540771484,"{""loss"": 50.545570373535156, ""mape"": 50.545570373535156, ""mae"": 10.647005081176758, ""val_loss"": 45.54233932495117, ""val_mape"": 45.54233932495117, ""val_mae"": 9.273709297180176, ""lr"": 0.00010000000474974513, ""val_mae12"": 8.513998031616211, ""val_me"": 6.9883021830265895, ""val_me12"": 7.831022939744311, ""mape_2021"": 56.035335540771484, ""mae_2021"": 10.05361270904541, ""mae12_2021"": 11.396733283996582, ""me_2021"": 8.009315060753456, ""me12_2021"": 10.717640636401654, ""epochs_trained"": 125}",2026-07-04T01:37:18.821467,completed,12.1
5,MAPE,120,0,relu,1,16,0.05,47.20668029785156,9.462237358093262,9.95694637298584,7.15175102846502,9.803861550663573,47.20668029785156,10.230171203613281,13.832585334777832,8.10327819772361,13.76855455419924,61.14945602416992,"{""loss"": 48.96772003173828, ""mape"": 48.96772003173828, ""mae"": 10.050154685974121, ""val_loss"": 47.20668029785156, ""val_mape"": 47.20668029785156, ""val_mae"": 9.462237358093262, ""lr"": 0.00010000000474974513, ""val_mae12"": 9.95694637298584, ""val_me"": 7.15175102846502, ""val_me12"": 9.803861550663573, ""mape_2021"": 61.14945602416992, ""mae_2021"": 10.230171203613281, ""mae12_2021"": 13.832585334777832, ""me_2021"": 8.10327819772361, ""me12_2021"": 13.76855455419924, ""epochs_trained"": 124}",2026-07-04T02:20:09.765935,completed,32.5
5,MAPE,120,0,relu,1,16,0.1,47.39287185668945,9.657469749450684,9.14200210571289,7.72005164766586,8.889651794235508,47.39287185668945,10.375697135925293,12.675983428955078,8.602225596364153,12.514920920391384,60.25380325317383,"{""loss"": 50.344451904296875, ""mape"": 50.344451904296875, ""mae"": 10.502659797668457, ""val_loss"": 47.39287185668945, ""val_mape"": 47.39287185668945, ""val_mae"": 9.657469749450684, ""lr"": 0.00010000000474974513, ""val_mae12"": 9.14200210571289, ""val_me"": 7.72005164766586, ""val_me12"": 8.889651794235508, ""mape_2021"": 60.25380325317383, ""mae_2021"": 10.375697135925293, ""mae12_2021"": 12.675983428955078, ""me_2021"": 8.602225596364153, ""me12_2021"": 12.514920920391384, ""epochs_trained"": 149}",2026-07-04T02:20:10.766755,completed,33.5
5,MAPE,120,0,relu,1,16,0.0,46.95574188232422,9.365096092224121,9.815882682800293,7.119979744435033,9.713024718115816,46.95574188232422,10.212121963500977,13.5896635055542,8.094493482120658,13.585808770781926,60.94337463378906,"{""loss"": 47.690948486328125, ""mape"": 47.690948486328125, ""mae"": 9.618337631225586, ""val_loss"": 46.95574188232422, ""val_mape"": 46.95574188232422, ""val_mae"": 9.365096092224121, ""lr"": 0.00010000000474974513, ""val_mae12"": 9.815882682800293, ""val_me"": 7.119979744435033, ""val_me12"": 9.713024718115816, ""mape_2021"": 60.94337463378906, ""mae_2021"": 10.212121963500977, ""mae12_2021"": 13.5896635055542, ""me_2021"": 8.094493482120658, ""me12_2021"": 13.585808770781926, ""epochs_trained"": 146}",2026-07-04T02:20:10.833414,completed,33.6
5,MAPE,120,0,relu,1,32,0.0,45.794437408447266,9.257400512695312,8.940531730651855,6.614874525134429,8.029097998668364,45.794437408447266,10.075060844421387,11.96947956085205,7.728345104461575,10.927178035989462,56.67021179199219,"{""loss"": 45.39215087890625, ""mape"": 45.39215087890625, ""mae"": 9.362626075744629, ""val_loss"": 45.794437408447266, ""val_mape"": 45.794437408447266, ""val_mae"": 9.257400512695312, ""lr"": 0.00010000000474974513, ""val_mae12"": 8.940531730651855, ""val_me"": 6.614874525134429, ""val_me12"": 8.029097998668364, ""mape_2021"": 56.67021179199219, ""mae_2021"": 10.075060844421387, ""mae12_2021"": 11.96947956085205, ""me_2021"": 7.728345104461575, ""me12_2021"": 10.927178035989462, ""epochs_trained"": 125}",2026-07-04T02:20:19.854110,completed,10.1
5,MAPE,120,0,relu,1,32,0.05,45.861663818359375,9.285883903503418,8.907038688659668,6.933722703438724,8.290759989992806,45.861663818359375,10.147069931030273,12.057159423828125,7.974506355807943,11.455241870254888,57.44927215576172,"{""loss"": 47.397708892822266, ""mape"": 47.397708892822266, ""mae"": 9.862346649169922, ""val_loss"": 45.861663818359375, ""val_mape"": 45.861663818359375, ""val_mae"": 9.285883903503418, ""lr"": 0.00010000000474974513, ""val_mae12"": 8.907038688659668, ""val_me"": 6.933722703438724, ""val_me12"": 8.290759989992806, ""mape_2021"": 57.44927215576172, ""mae_2021"": 10.147069931030273, ""mae12_2021"": 12.057159423828125, ""me_2021"": 7.974506355807943, ""me12_2021"": 11.455241870254888, ""epochs_trained"": 121}",2026-07-04T02:20:20.782511,completed,10.0
5,MAPE,120,0,relu,1,32,0.1,45.83606719970703,9.296555519104004,8.796178817749023,7.0676408491448,8.274775027574995,45.83606719970703,10.136148452758789,12.09160041809082,8.075775517351003,11.552745321540428,57.62404251098633,"{""loss"": 48.3719367980957, ""mape"": 48.3719367980957, ""mae"": 10.103184700012207, ""val_loss"": 45.83606719970703, ""val_mape"": 45.83606719970703, ""val_mae"": 9.296555519104004, ""lr"": 0.00010000000474974513, ""val_mae12"": 8.796178817749023, ""val_me"": 7.0676408491448, ""val_me12"": 8.274775027574995, ""mape_2021"": 57.62404251098633, ""mae_2021"": 10.136148452758789, ""mae12_2021"": 12.09160041809082, ""me_2021"": 8.075775517351003, ""me12_2021"": 11.552745321540428, ""epochs_trained"": 121}",2026-07-04T02:20:20.890575,completed,10.1
5,MAPE,120,0,relu,1,16,0.3,20.615947723388672,4.440970420837402,3.2321698665618896,3.669344433440158,1.2225195329722824,20.615947723388672,5.188258171081543,2.6517796516418457,4.525621348692216,-1.4932078844876704,25.116159439086914,"{""loss"": 31.351760864257812, ""mape"": 31.351760864257812, ""mae"": 6.841594219207764, ""val_loss"": 20.615947723388672, ""val_mape"": 20.615947723388672, ""val_mae"": 4.440970420837402, ""lr"": 0.00010000000474974513, ""val_mae12"": 3.2321698665618896, ""val_me"": 3.669344433440158, ""val_me12"": 1.2225195329722824, ""mape_2021"": 25.116159439086914, ""mae_2021"": 5.188258171081543, ""mae12_2021"": 2.6517796516418457, ""me_2021"": 4.525621348692216, ""me12_2021"": -1.4932078844876704, ""epochs_trained"": 848}",2026-07-04T02:20:45.775346,completed,68.5
5,MAPE,120,0,relu,1,32,0.3,16.056884765625,3.2573859691619873,3.8981564044952393,2.52080562196714,1.0393981575124227,16.056884765625,3.701942205429077,2.543306350708008,3.0979541201328886,-1.0587132409810418,19.190216064453125,"{""loss"": 23.58089256286621, ""mape"": 23.58089256286621, ""mae"": 5.111231327056885, ""val_loss"": 16.056884765625, ""val_mape"": 16.056884765625, ""val_mae"": 3.2573859691619873, ""lr"": 0.00010000000474974513, ""val_mae12"": 3.8981564044952393, ""val_me"": 2.52080562196714, ""val_me12"": 1.0393981575124227, ""mape_2021"": 19.190216064453125, ""mae_2021"": 3.701942205429077, ""mae12_2021"": 2.543306350708008, ""me_2021"": 3.0979541201328886, ""me12_2021"": -1.0587132409810418, ""epochs_trained"": 1071}",2026-07-04T02:21:08.406821,completed,48.5
5,MAPE,120,0,relu,1,64,0.0,46.39778137207031,9.471181869506836,8.77725887298584,6.708055416279847,7.558051231124351,46.39778137207031,10.171441078186035,12.254076957702637,7.76642684038559,10.609395870161888,56.571964263916016,"{""loss"": 45.521522521972656, ""mape"": 45.521522521972656, ""mae"": 9.39012336730957, ""val_loss"": 46.39778137207031, ""val_mape"": 46.39778137207031, ""val_mae"": 9.471181869506836, ""lr"": 0.00010000000474974513, ""val_mae12"": 8.77725887298584, ""val_me"": 6.708055416279847, ""val_me12"": 7.558051231124351, ""mape_2021"": 56.571964263916016, ""mae_2021"": 10.171441078186035, ""mae12_2021"": 12.254076957702637, ""me_2021"": 7.76642684038559, ""me12_2021"": 10.609395870161888, ""epochs_trained"": 102}",2026-07-04T02:21:25.246556,completed,16.0
5,MAPE,120,0,relu,1,64,0.1,46.264095306396484,9.390949249267578,8.979345321655273,6.850764716469905,8.30806994861024,46.264095306396484,10.11106014251709,11.954446792602539,7.933539917985576,11.319793352632118,57.2005500793457,"{""loss"": 47.19502639770508, ""mape"": 47.19502639770508, ""mae"": 9.765938758850098, ""val_loss"": 46.264095306396484, ""val_mape"": 46.264095306396484, ""val_mae"": 9.390949249267578, ""lr"": 0.00010000000474974513, ""val_mae12"": 8.979345321655273, ""val_me"": 6.850764716469905, ""val_me12"": 8.30806994861024, ""mape_2021"": 57.2005500793457, ""mae_2021"": 10.11106014251709, ""mae12_2021"": 11.954446792602539, ""me_2021"": 7.933539917985576, ""me12_2021"": 11.319793352632118, ""epochs_trained"": 101}",2026-07-04T02:21:25.291071,completed,16.1
5,MAPE,120,0,relu,1,64,0.05,45.525447845458984,9.3001070022583,8.428515434265137,6.66847978169163,7.380991046905979,45.525447845458984,10.04150390625,11.34692668914795,7.739638176019764,10.045329768606416,55.08721923828125,"{""loss"": 45.69990539550781, ""mape"": 45.69990539550781, ""mae"": 9.483614921569824, ""val_loss"": 45.525447845458984, ""val_mape"": 45.525447845458984, ""val_mae"": 9.3001070022583, ""lr"": 0.00010000000474974513, ""val_mae12"": 8.428515434265137, ""val_me"": 6.66847978169163, ""val_me12"": 7.380991046905979, ""mape_2021"": 55.08721923828125, ""mae_2021"": 10.04150390625, ""mae12_2021"": 11.34692668914795, ""me_2021"": 7.739638176019764, ""me12_2021"": 10.045329768606416, ""epochs_trained"": 100}",2026-07-04T02:21:25.292073,completed,16.1
5,MAPE,120,0,relu,1,128,0.1,46.02633285522461,9.407617568969727,8.611800193786621,6.483662762123951,7.663808614480672,46.02633285522461,10.059782028198242,11.897200584411621,7.57712964358584,10.711103279539339,56.24368667602539,"{""loss"": 45.5157585144043, ""mape"": 45.5157585144043, ""mae"": 9.404256820678711, ""val_loss"": 46.02633285522461, ""val_mape"": 46.02633285522461, ""val_mae"": 9.407617568969727, ""lr"": 0.00010000000474974513, ""val_mae12"": 8.611800193786621, ""val_me"": 6.483662762123951, ""val_me12"": 7.663808614480672, ""mape_2021"": 56.24368667602539, ""mae_2021"": 10.059782028198242, ""mae12_2021"": 11.897200584411621, ""me_2021"": 7.57712964358584, ""me12_2021"": 10.711103279539339, ""epochs_trained"": 75}",2026-07-04T02:21:34.260276,completed,9.0
5,MAPE,120,0,relu,1,128,0.0,46.226497650146484,9.455121040344238,8.93173599243164,6.621408463644635,7.920424671056383,46.226497650146484,10.092106819152832,12.101007461547852,7.684257069458952,10.89885888853951,56.240760803222656,"{""loss"": 44.969966888427734, ""mape"": 44.969966888427734, ""mae"": 9.283147811889648, ""val_loss"": 46.226497650146484, ""val_mape"": 46.226497650146484, ""val_mae"": 9.455121040344238, ""lr"": 0.00010000000474974513, ""val_mae12"": 8.93173599243164, ""val_me"": 6.621408463644635, ""val_me12"": 7.920424671056383, ""mape_2021"": 56.240760803222656, ""mae_2021"": 10.092106819152832, ""mae12_2021"": 12.101007461547852, ""me_2021"": 7.684257069458952, ""me12_2021"": 10.89885888853951, ""epochs_trained"": 83}",2026-07-04T02:21:34.457962,completed,9.2
5,MAPE,120,0,relu,1,128,0.05,46.461002349853516,9.489419937133789,8.955339431762695,6.598066960696167,8.247981491509206,46.461002349853516,10.093551635742188,12.025110244750977,7.696471943918259,11.302972398680176,56.887290954589844,"{""loss"": 45.95860290527344, ""mape"": 45.95860290527344, ""mae"": 9.513951301574707, ""val_loss"": 46.461002349853516, ""val_mape"": 46.461002349853516, ""val_mae"": 9.489419937133789, ""lr"": 0.00010000000474974513, ""val_mae12"": 8.955339431762695, ""val_me"": 6.598066960696167, ""val_me12"": 8.247981491509206, ""mape_2021"": 56.887290954589844, ""mae_2021"": 10.093551635742188, ""mae12_2021"": 12.025110244750977, ""me_2021"": 7.696471943918259, ""me12_2021"": 11.302972398680176, ""epochs_trained"": 84}",2026-07-04T02:21:34.909040,completed,9.6
5,MAPE,120,0,relu,1,128,0.3,45.642948150634766,9.29293441772461,8.673914909362793,6.854342209218851,7.713186009505151,45.642948150634766,10.089311599731445,11.717084884643555,7.894230333476634,10.588860247128046,55.97727966308594,"{""loss"": 47.277259826660156, ""mape"": 47.277259826660156, ""mae"": 9.898178100585938, ""val_loss"": 45.642948150634766, ""val_mape"": 45.642948150634766, ""val_mae"": 9.29293441772461, ""lr"": 0.00010000000474974513, ""val_mae12"": 8.673914909362793, ""val_me"": 6.854342209218851, ""val_me12"": 7.713186009505151, ""mape_2021"": 55.97727966308594, ""mae_2021"": 10.089311599731445, ""mae12_2021"": 11.717084884643555, ""me_2021"": 7.894230333476634, ""me12_2021"": 10.588860247128046, ""epochs_trained"": 89}",2026-07-04T02:21:41.828509,completed,7.6
5,MAPE,120,0,relu,1,64,0.3,14.60204792022705,2.770789623260498,4.333471775054932,0.9184289510904441,2.4287920333391706,14.60204792022705,3.124356746673584,2.5466084480285645,1.6607083665878504,-1.0108874098199887,16.39992332458496,"{""loss"": 18.46027374267578, ""mape"": 18.46027374267578, ""mae"": 3.98223614692688, ""val_loss"": 14.60204792022705, ""val_mape"": 14.60204792022705, ""val_mae"": 2.770789623260498, ""lr"": 0.00010000000474974513, ""val_mae12"": 4.333471775054932, ""val_me"": 0.9184289510904441, ""val_me12"": 2.4287920333391706, ""mape_2021"": 16.39992332458496, ""mae_2021"": 3.124356746673584, ""mae12_2021"": 2.5466084480285645, ""me_2021"": 1.6607083665878504, ""me12_2021"": -1.0108874098199887, ""epochs_trained"": 690}",2026-07-04T02:21:50.341467,completed,41.1
5,MAPE,120,0,relu,1,256,0.0,45.895931243896484,9.305804252624512,8.426774024963379,6.906003047877698,7.591201436557515,45.895931243896484,10.134051322937012,11.497732162475586,7.982494070935053,10.611575009904032,56.46501922607422,"{""loss"": 45.13190460205078, ""mape"": 45.13190460205078, ""mae"": 9.300569534301758, ""val_loss"": 45.895931243896484, ""val_mape"": 45.895931243896484, ""val_mae"": 9.305804252624512, ""lr"": 0.00010000000474974513, ""val_mae12"": 8.426774024963379, ""val_me"": 6.906003047877698, ""val_me12"": 7.591201436557515, ""mape_2021"": 56.46501922607422, ""mae_2021"": 10.134051322937012, ""mae12_2021"": 11.497732162475586, ""me_2021"": 7.982494070935053, ""me12_2021"": 10.611575009904032, ""epochs_trained"": 65}",2026-07-04T02:22:09.192936,completed,18.1
5,MAPE,120,0,relu,1,256,0.1,46.328182220458984,9.474663734436035,8.255133628845215,6.124512477046283,7.183241413474952,46.328182220458984,10.12842082977295,11.383880615234375,7.3659015780347294,10.07231771309459,55.76318359375,"{""loss"": 45.17125701904297, ""mape"": 45.17125701904297, ""mae"": 9.330262184143066, ""val_loss"": 46.328182220458984, ""val_mape"": 46.328182220458984, ""val_mae"": 9.474663734436035, ""lr"": 0.00010000000474974513, ""val_mae12"": 8.255133628845215, ""val_me"": 6.124512477046283, ""val_me12"": 7.183241413474952, ""mape_2021"": 55.76318359375, ""mae_2021"": 10.12842082977295, ""mae12_2021"": 11.383880615234375, ""me_2021"": 7.3659015780347294, ""me12_2021"": 10.07231771309459, ""epochs_trained"": 66}",2026-07-04T02:22:09.258502,completed,18.1
5,MAPE,120,0,relu,1,256,0.05,46.28330993652344,9.460132598876953,8.964964866638184,6.346404730938519,8.047756823416512,46.28330993652344,10.092443466186523,12.126033782958984,7.477548917212516,11.049868072882353,56.5370979309082,"{""loss"": 45.19533157348633, ""mape"": 45.19533157348633, ""mae"": 9.32680606842041, ""val_loss"": 46.28330993652344, ""val_mape"": 46.28330993652344, ""val_mae"": 9.460132598876953, ""lr"": 0.00010000000474974513, ""val_mae12"": 8.964964866638184, ""val_me"": 6.346404730938519, ""val_me12"": 8.047756823416512, ""mape_2021"": 56.5370979309082, ""mae_2021"": 10.092443466186523, ""mae12_2021"": 12.126033782958984, ""me_2021"": 7.477548917212516, ""me12_2021"": 11.049868072882353, ""epochs_trained"": 70}",2026-07-04T02:22:09.427065,completed,18.3
5,MAPE,120,0,relu,2,16,0.05,47.72098159790039,9.572787284851074,9.77863883972168,7.073407399672587,9.670252515347393,47.72098159790039,10.252673149108887,13.816208839416504,8.096706375141883,13.80946141617558,62.225135803222656,"{""loss"": 50.630550384521484, ""mape"": 50.630550384521484, ""mae"": 10.417749404907227, ""val_loss"": 47.72098159790039, ""val_mape"": 47.72098159790039, ""val_mae"": 9.572787284851074, ""lr"": 0.00010000000474974513, ""val_mae12"": 9.77863883972168, ""val_me"": 7.073407399672587, ""val_me12"": 9.670252515347393, ""mape_2021"": 62.225135803222656, ""mae_2021"": 10.252673149108887, ""mae12_2021"": 13.816208839416504, ""me_2021"": 8.096706375141883, ""me12_2021"": 13.80946141617558, ""epochs_trained"": 106}",2026-07-04T02:22:21.137523,completed,11.9
5,MAPE,120,0,relu,2,16,0.0,47.52558898925781,9.549714088439941,10.172396659851074,6.426329528646084,10.01617773498412,47.52558898925781,10.050230979919434,13.993151664733887,7.466912448640105,13.908042924529484,60.12331008911133,"{""loss"": 46.611671447753906, ""mape"": 46.611671447753906, ""mae"": 9.404175758361816, ""val_loss"": 47.52558898925781, ""val_mape"": 47.52558898925781, ""val_mae"": 9.549714088439941, ""lr"": 0.00010000000474974513, ""val_mae12"": 10.172396659851074, ""val_me"": 6.426329528646084, ""val_me12"": 10.01617773498412, ""mape_2021"": 60.12331008911133, ""mae_2021"": 10.050230979919434, ""mae12_2021"": 13.993151664733887, ""me_2021"": 7.466912448640105, ""me12_2021"": 13.908042924529484, ""epochs_trained"": 118}",2026-07-04T02:22:21.352168,completed,12.2
5,MAPE,120,0,relu,2,16,0.1,46.072044372558594,9.416646957397461,8.596458435058594,7.2844945538270585,8.369069482032405,46.072044372558594,10.149327278137207,12.245207786560059,8.268085817983028,12.052620050237746,59.17424392700195,"{""loss"": 51.942543029785156, ""mape"": 51.942543029785156, ""mae"": 10.951333045959473, ""val_loss"": 46.072044372558594, ""val_mape"": 46.072044372558594, ""val_mae"": 9.416646957397461, ""lr"": 0.00010000000474974513, ""val_mae12"": 8.596458435058594, ""val_me"": 7.2844945538270585, ""val_me12"": 8.369069482032405, ""mape_2021"": 59.17424392700195, ""mae_2021"": 10.149327278137207, ""mae12_2021"": 12.245207786560059, ""me_2021"": 8.268085817983028, ""me12_2021"": 12.052620050237746, ""epochs_trained"": 128}",2026-07-04T02:22:22.428906,completed,13.0
5,MAPE,120,0,relu,1,256,0.3,15.720077514648438,2.99122953414917,4.905820846557617,1.215062340895686,1.6459268943413663,15.720077514648438,3.2991929054260254,3.708096981048584,1.8982019989753096,-2.20648610607501,18.358522415161133,"{""loss"": 16.438507080078125, ""mape"": 16.438507080078125, ""mae"": 3.4393792152404785, ""val_loss"": 15.720077514648438, ""val_mape"": 15.720077514648438, ""val_mae"": 2.99122953414917, ""lr"": 0.00010000000474974513, ""val_mae12"": 4.905820846557617, ""val_me"": 1.215062340895686, ""val_me12"": 1.6459268943413663, ""mape_2021"": 18.358522415161133, ""mae_2021"": 3.2991929054260254, ""mae12_2021"": 3.708096981048584, ""me_2021"": 1.8982019989753096, ""me12_2021"": -2.20648610607501, ""epochs_trained"": 350}",2026-07-04T02:22:25.754733,completed,34.6
5,MAPE,120,0,relu,2,16,0.3,46.244144439697266,9.671847343444824,6.874669075012207,8.074351545363987,6.506298850580747,46.244144439697266,10.503266334533691,10.584148406982422,9.053245326664776,10.11767872752255,59.307010650634766,"{""loss"": 58.48213195800781, ""mape"": 58.48213195800781, ""mae"": 12.83802604675293, ""val_loss"": 46.244144439697266, ""val_mape"": 46.244144439697266, ""val_mae"": 9.671847343444824, ""lr"": 0.00010000000474974513, ""val_mae12"": 6.874669075012207, ""val_me"": 8.074351545363987, ""val_me12"": 6.506298850580747, ""mape_2021"": 59.307010650634766, ""mae_2021"": 10.503266334533691, ""mae12_2021"": 10.584148406982422, ""me_2021"": 9.053245326664776, ""me12_2021"": 10.11767872752255, ""epochs_trained"": 128}",2026-07-04T02:22:29.588966,completed,8.4
5,MAPE,120,0,relu,2,32,0.3,45.03630065917969,9.408205032348633,7.920976638793945,6.844616962902412,7.516017232084899,45.03630065917969,10.058244705200195,11.68242073059082,7.886430310059177,11.16214682132398,57.54789352416992,"{""loss"": 52.291622161865234, ""mape"": 52.291622161865234, ""mae"": 11.244769096374512, ""val_loss"": 45.03630065917969, ""val_mape"": 45.03630065917969, ""val_mae"": 9.408205032348633, ""lr"": 0.00010000000474974513, ""val_mae12"": 7.920976638793945, ""val_me"": 6.844616962902412, ""val_me12"": 7.516017232084899, ""mape_2021"": 57.54789352416992, ""mae_2021"": 10.058244705200195, ""mae12_2021"": 11.68242073059082, ""me_2021"": 7.886430310059177, ""me12_2021"": 11.16214682132398, ""epochs_trained"": 91}",2026-07-04T02:22:46.086034,completed,15.7
5,MAPE,120,0,relu,2,32,0.1,46.980812072753906,9.524131774902344,8.575324058532715,6.843181712014559,8.473652604656877,46.980812072753906,10.151366233825684,12.201244354248047,7.9572550165896665,12.10585283044704,59.44768524169922,"{""loss"": 49.00855255126953, ""mape"": 49.00855255126953, ""mae"": 10.119872093200684, ""val_loss"": 46.980812072753906, ""val_mape"": 46.980812072753906, ""val_mae"": 9.524131774902344, ""lr"": 0.00010000000474974513, ""val_mae12"": 8.575324058532715, ""val_me"": 6.843181712014559, ""val_me12"": 8.473652604656877, ""mape_2021"": 59.44768524169922, ""mae_2021"": 10.151366233825684, ""mae12_2021"": 12.201244354248047, ""me_2021"": 7.9572550165896665, ""me12_2021"": 12.10585283044704, ""epochs_trained"": 99}",2026-07-04T02:22:46.430248,completed,16.0
5,MAPE,120,0,relu,2,64,0.05,15.963363647460938,3.0881876945495605,4.371666431427002,0.5219631648808772,3.048858842912035,15.963363647460938,3.105015516281128,2.165955066680908,1.2117189776532944,0.13589373173929412,16.181730270385742,"{""loss"": 15.015684127807617, ""mape"": 15.015684127807617, ""mae"": 3.1222167015075684, ""val_loss"": 15.963363647460938, ""val_mape"": 15.963363647460938, ""val_mae"": 3.0881876945495605, ""lr"": 0.00010000000474974513, ""val_mae12"": 4.371666431427002, ""val_me"": 0.5219631648808772, ""val_me12"": 3.048858842912035, ""mape_2021"": 16.181730270385742, ""mae_2021"": 3.105015516281128, ""mae12_2021"": 2.165955066680908, ""me_2021"": 1.2117189776532944, ""me12_2021"": 0.13589373173929412, ""epochs_trained"": 250}",2026-07-04T02:23:05.207420,completed,18.8
5,MAPE,120,0,relu,2,64,0.1,15.866008758544922,3.069744110107422,3.990020275115967,0.6706670729046051,2.527269077949204,15.866008758544922,3.329418420791626,2.482193946838379,1.378704706179801,-0.1478601363151664,17.337181091308594,"{""loss"": 16.750566482543945, ""mape"": 16.750566482543945, ""mae"": 3.5026700496673584, ""val_loss"": 15.866008758544922, ""val_mape"": 15.866008758544922, ""val_mae"": 3.069744110107422, ""lr"": 0.00010000000474974513, ""val_mae12"": 3.990020275115967, ""val_me"": 0.6706670729046051, ""val_me12"": 2.527269077949204, ""mape_2021"": 17.337181091308594, ""mae_2021"": 3.329418420791626, ""mae12_2021"": 2.482193946838379, ""me_2021"": 1.378704706179801, ""me12_2021"": -0.1478601363151664, ""epochs_trained"": 218}",2026-07-04T02:23:22.357822,completed,17.1
5,MAPE,120,0,relu,2,64,0.0,4.856206893920898,0.8896234035491943,1.7056031227111816,0.057683587509628834,0.15258813245838948,4.856206893920898,0.8701679110527039,1.7164634466171265,0.3087059591897551,-1.2746925853650277,5.673161506652832,"{""loss"": 3.0702719688415527, ""mape"": 3.0702719688415527, ""mae"": 0.644798994064331, ""val_loss"": 4.856206893920898, ""val_mape"": 4.856206893920898, ""val_mae"": 0.8896234035491943, ""lr"": 1.0000000656873453e-05, ""val_mae12"": 1.7056031227111816, ""val_me"": 0.057683587509628834, ""val_me12"": 0.15258813245838948, ""mape_2021"": 5.673161506652832, ""mae_2021"": 0.8701679110527039, ""mae12_2021"": 1.7164634466171265, ""me_2021"": 0.3087059591897551, ""me12_2021"": -1.2746925853650277, ""epochs_trained"": 743}",2026-07-04T02:23:30.038760,completed,43.9
5,MAPE,120,0,relu,2,64,0.3,44.859100341796875,9.176214218139648,7.630043983459473,6.669201481619936,7.486346815386378,44.859100341796875,10.118731498718262,11.251587867736816,7.855333071212082,11.050650825360917,58.301673889160156,"{""loss"": 48.9200553894043, ""mape"": 48.9200553894043, ""mae"": 10.264565467834473, ""val_loss"": 44.859100341796875, ""val_mape"": 44.859100341796875, ""val_mae"": 9.176214218139648, ""lr"": 0.00010000000474974513, ""val_mae12"": 7.630043983459473, ""val_me"": 6.669201481619936, ""val_me12"": 7.486346815386378, ""mape_2021"": 58.301673889160156, ""mae_2021"": 10.118731498718262, ""mae12_2021"": 11.251587867736816, ""me_2021"": 7.855333071212082, ""me12_2021"": 11.050650825360917, ""epochs_trained"": 74}",2026-07-04T02:23:30.910626,completed,8.6
5,MAPE,120,0,relu,2,32,0.0,4.2200541496276855,0.8029357194900513,1.1673094034194946,-0.015705048768614033,0.09788929333586459,4.2200541496276855,0.8907413482666016,1.5162792205810547,0.23977778429096147,-1.2277372452025563,5.40582275390625,"{""loss"": 3.1454882621765137, ""mape"": 3.1454882621765137, ""mae"": 0.6444523930549622, ""val_loss"": 4.2200541496276855, ""val_mape"": 4.2200541496276855, ""val_mae"": 0.8029357194900513, ""lr"": 0.00010000000474974513, ""val_mae12"": 1.1673094034194946, ""val_me"": -0.015705048768614033, ""val_me12"": 0.09788929333586459, ""mape_2021"": 5.40582275390625, ""mae_2021"": 0.8907413482666016, ""mae12_2021"": 1.5162792205810547, ""me_2021"": 0.23977778429096147, ""me12_2021"": -1.2277372452025563, ""epochs_trained"": 1102}",2026-07-04T02:23:35.671961,completed,65.3
5,MAPE,120,0,relu,2,32,0.05,19.017154693603516,3.728886842727661,4.995007514953613,2.1632406940071887,3.5779346249588246,19.017154693603516,4.285815238952637,2.63128399848938,2.8240485476192227,0.850798501028567,21.860631942749023,"{""loss"": 20.917280197143555, ""mape"": 20.917280197143555, ""mae"": 4.343823432922363, ""val_loss"": 19.017154693603516, ""val_mape"": 19.017154693603516, ""val_mae"": 3.728886842727661, ""lr"": 1.0000000656873453e-05, ""val_mae12"": 4.995007514953613, ""val_me"": 2.1632406940071887, ""val_me12"": 3.5779346249588246, ""mape_2021"": 21.860631942749023, ""mae_2021"": 4.285815238952637, ""mae12_2021"": 2.63128399848938, ""me_2021"": 2.8240485476192227, ""me12_2021"": 0.850798501028567, ""epochs_trained"": 1253}",2026-07-04T02:23:42.526120,completed,72.1
5,MAPE,120,0,relu,2,128,0.05,17.64687156677246,3.39044451713562,5.112654685974121,1.0900931068403334,3.0479753741197344,17.64687156677246,3.5193679332733154,2.668745756149292,1.7822026996430087,-0.5667750502221237,18.331937789916992,"{""loss"": 16.017559051513672, ""mape"": 16.017559051513672, ""mae"": 3.245706558227539, ""val_loss"": 17.64687156677246, ""val_mape"": 17.64687156677246, ""val_mae"": 3.39044451713562, ""lr"": 0.00010000000474974513, ""val_mae12"": 5.112654685974121, ""val_me"": 1.0900931068403334, ""val_me12"": 3.0479753741197344, ""mape_2021"": 18.331937789916992, ""mae_2021"": 3.5193679332733154, ""mae12_2021"": 2.668745756149292, ""me_2021"": 1.7822026996430087, ""me12_2021"": -0.5667750502221237, ""epochs_trained"": 145}",2026-07-04T02:24:11.724179,completed,28.4
5,MAPE,120,0,relu,2,256,0.0,16.68555450439453,3.2800090312957764,4.271949768066406,1.0410553167743133,1.3992233699064338,16.68555450439453,3.5104825496673584,2.9072914123535156,1.7725619906894199,-1.763489885687768,18.369468688964844,"{""loss"": 14.64137077331543, ""mape"": 14.64137077331543, ""mae"": 2.955427646636963, ""val_loss"": 16.68555450439453, ""val_mape"": 16.68555450439453, ""val_mae"": 3.2800090312957764, ""lr"": 0.00010000000474974513, ""val_mae12"": 4.271949768066406, ""val_me"": 1.0410553167743133, ""val_me12"": 1.3992233699064338, ""mape_2021"": 18.369468688964844, ""mae_2021"": 3.5104825496673584, ""mae12_2021"": 2.9072914123535156, ""me_2021"": 1.7725619906894199, ""me12_2021"": -1.763489885687768, ""epochs_trained"": 109}",2026-07-04T02:24:33.440851,completed,21.7
5,MAPE,120,0,relu,2,128,0.1,5.130190849304199,0.9086124300956726,1.7243894338607788,-0.038514349073954846,0.563875819388971,5.130190849304199,0.9382477402687073,1.7361713647842407,0.3046213512897147,-1.3205931073029236,6.195256233215332,"{""loss"": 6.671780109405518, ""mape"": 6.671780109405518, ""mae"": 1.4338867664337158, ""val_loss"": 5.130190849304199, ""val_mape"": 5.130190849304199, ""val_mae"": 0.9086124300956726, ""lr"": 0.00010000000474974513, ""val_mae12"": 1.7243894338607788, ""val_me"": -0.038514349073954846, ""val_me12"": 0.563875819388971, ""mape_2021"": 6.195256233215332, ""mae_2021"": 0.9382477402687073, ""mae12_2021"": 1.7361713647842407, ""me_2021"": 0.3046213512897147, ""me12_2021"": -1.3205931073029236, ""epochs_trained"": 433}",2026-07-04T02:24:36.498757,completed,53.2
5,MAPE,120,0,relu,2,128,0.3,4.985051155090332,0.8916528224945068,1.6460272073745728,0.16806594352903403,0.3015656619320685,4.985051155090332,0.970184326171875,1.8953676223754883,0.5397572905429623,-1.5186373704053135,5.9685750007629395,"{""loss"": 9.654688835144043, ""mape"": 9.654688835144043, ""mae"": 2.154472827911377, ""val_loss"": 4.985051155090332, ""val_mape"": 4.985051155090332, ""val_mae"": 0.8916528224945068, ""lr"": 0.00010000000474974513, ""val_mae12"": 1.6460272073745728, ""val_me"": 0.16806594352903403, ""val_me12"": 0.3015656619320685, ""mape_2021"": 5.9685750007629395, ""mae_2021"": 0.970184326171875, ""mae12_2021"": 1.8953676223754883, ""me_2021"": 0.5397572905429623, ""me12_2021"": -1.5186373704053135, ""epochs_trained"": 436}",2026-07-04T02:24:36.694420,completed,53.4
5,MAPE,120,0,relu,2,256,0.1,16.94244384765625,3.2122793197631836,4.73857307434082,0.13949133625194038,3.1146864323051036,16.94244384765625,3.148024797439575,2.465146780014038,0.8677641367625908,-0.652083590403415,16.32923698425293,"{""loss"": 15.13595199584961, ""mape"": 15.13595199584961, ""mae"": 3.038865804672241, ""val_loss"": 16.94244384765625, ""val_mape"": 16.94244384765625, ""val_mae"": 3.2122793197631836, ""lr"": 1.0000000656873453e-05, ""val_mae12"": 4.73857307434082, ""val_me"": 0.13949133625194038, ""val_me12"": 3.1146864323051036, ""mape_2021"": 16.32923698425293, ""mae_2021"": 3.148024797439575, ""mae12_2021"": 2.465146780014038, ""me_2021"": 0.8677641367625908, ""me12_2021"": -0.652083590403415, ""epochs_trained"": 138}",2026-07-04T02:25:12.318033,completed,35.8
5,MAPE,120,0,relu,2,128,0.0,3.947234869003296,0.7418817281723022,1.1278551816940308,0.042715606990871534,0.09695359439700663,3.947234869003296,0.816649854183197,1.272548794746399,0.28654902680369604,-1.1112723134087696,4.852627277374268,"{""loss"": 2.5824663639068604, ""mape"": 2.5824663639068604, ""mae"": 0.5470398664474487, ""val_loss"": 3.947234869003296, ""val_mape"": 3.947234869003296, ""val_mae"": 0.7418817281723022, ""lr"": 1.0000000656873453e-05, ""val_mae12"": 1.1278551816940308, ""val_me"": 0.042715606990871534, ""val_me12"": 0.09695359439700663, ""mape_2021"": 4.852627277374268, ""mae_2021"": 0.816649854183197, ""mae12_2021"": 1.272548794746399, ""me_2021"": 0.28654902680369604, ""me12_2021"": -1.1112723134087696, ""epochs_trained"": 755}",2026-07-04T02:25:20.776163,completed,97.5
5,MAPE,120,0,relu,2,256,0.05,4.388096809387207,0.7659955620765686,1.4492442607879639,-0.05129915127922746,0.7052867747789898,4.388096809387207,0.8064194917678833,1.5399233102798462,0.24073120840471604,-1.1425457206839715,5.076608657836914,"{""loss"": 4.38701868057251, ""mape"": 4.38701868057251, ""mae"": 0.9168585538864136, ""val_loss"": 4.388096809387207, ""val_mape"": 4.388096809387207, ""val_mae"": 0.7659955620765686, ""lr"": 0.00010000000474974513, ""val_mae12"": 1.4492442607879639, ""val_me"": -0.05129915127922746, ""val_me12"": 0.7052867747789898, ""mape_2021"": 5.076608657836914, ""mae_2021"": 0.8064194917678833, ""mae12_2021"": 1.5399233102798462, ""me_2021"": 0.24073120840471604, ""me12_2021"": -1.1425457206839715, ""epochs_trained"": 406}",2026-07-04T02:25:36.541276,completed,63.1
5,MAPE,120,0,relu,2,256,0.3,4.763218402862549,0.8682889938354492,1.4010874032974243,0.07959174251303745,0.21056698385486544,4.763218402862549,0.868905246257782,1.889822006225586,0.40139880760214697,-1.5205881332608233,5.564096927642822,"{""loss"": 7.690739631652832, ""mape"": 7.690739631652832, ""mae"": 1.6999192237854004, ""val_loss"": 4.763218402862549, ""val_mape"": 4.763218402862549, ""val_mae"": 0.8682889938354492, ""lr"": 0.00010000000474974513, ""val_mae12"": 1.4010874032974243, ""val_me"": 0.07959174251303745, ""val_me12"": 0.21056698385486544, ""mape_2021"": 5.564096927642822, ""mae_2021"": 0.868905246257782, ""mae12_2021"": 1.889822006225586, ""me_2021"": 0.40139880760214697, ""me12_2021"": -1.5205881332608233, ""epochs_trained"": 404}",2026-07-04T02:25:38.567042,completed,61.9
5,MAPE,120,0,relu,3,16,0.3,51.035057067871094,11.529284477233887,4.8685479164123535,9.393378366154511,4.323858776350124,51.035057067871094,11.25780200958252,8.362476348876953,10.351926082825381,7.6380041453943806,61.197181701660156,"{""loss"": 62.00159454345703, ""mape"": 62.00159454345703, ""mae"": 13.611565589904785, ""val_loss"": 51.035057067871094, ""val_mape"": 51.035057067871094, ""val_mae"": 11.529284477233887, ""lr"": 0.00010000000474974513, ""val_mae12"": 4.8685479164123535, ""val_me"": 9.393378366154511, ""val_me12"": 4.323858776350124, ""mape_2021"": 61.197181701660156, ""mae_2021"": 11.25780200958252, ""mae12_2021"": 8.362476348876953, ""me_2021"": 10.351926082825381, ""me12_2021"": 7.6380041453943806, ""epochs_trained"": 91}",2026-07-04T02:25:54.649563,completed,15.3
5,MAPE,120,0,relu,3,16,0.1,44.352447509765625,9.412602424621582,6.141188144683838,7.268691257617286,5.410975483250346,44.352447509765625,10.005697250366211,9.035295486450195,8.356576774243324,8.207481082096756,54.05919647216797,"{""loss"": 48.970306396484375, ""mape"": 48.970306396484375, ""mae"": 10.479999542236328, ""val_loss"": 44.352447509765625, ""val_mape"": 44.352447509765625, ""val_mae"": 9.412602424621582, ""lr"": 0.00010000000474974513, ""val_mae12"": 6.141188144683838, ""val_me"": 7.268691257617286, ""val_me12"": 5.410975483250346, ""mape_2021"": 54.05919647216797, ""mae_2021"": 10.005697250366211, ""mae12_2021"": 9.035295486450195, ""me_2021"": 8.356576774243324, ""me12_2021"": 8.207481082096756, ""epochs_trained"": 96}",2026-07-04T02:25:54.680562,completed,15.3
5,MAPE,120,0,relu,3,16,0.05,46.72899627685547,9.5038480758667,8.645583152770996,6.863334996294973,8.545992096289488,46.72899627685547,9.969073295593262,11.897781372070312,7.928764727474482,11.925920629096865,58.27307891845703,"{""loss"": 49.03950881958008, ""mape"": 49.03950881958008, ""mae"": 10.170418739318848, ""val_loss"": 46.72899627685547, ""val_mape"": 46.72899627685547, ""val_mae"": 9.5038480758667, ""lr"": 0.00010000000474974513, ""val_mae12"": 8.645583152770996, ""val_me"": 6.863334996294973, ""val_me12"": 8.545992096289488, ""mape_2021"": 58.27307891845703, ""mae_2021"": 9.969073295593262, ""mae12_2021"": 11.897781372070312, ""me_2021"": 7.928764727474482, ""me12_2021"": 11.925920629096865, ""epochs_trained"": 101}",2026-07-04T02:25:54.959761,completed,15.6
5,MAPE,120,0,relu,3,16,0.0,46.79166030883789,9.310503005981445,9.945906639099121,6.42603897913108,9.87299368015049,46.79166030883789,9.998189926147461,13.780027389526367,7.476610994711138,13.778567496531048,59.99392318725586,"{""loss"": 46.40761947631836, ""mape"": 46.40761947631836, ""mae"": 9.318628311157227, ""val_loss"": 46.79166030883789, ""val_mape"": 46.79166030883789, ""val_mae"": 9.310503005981445, ""lr"": 0.00010000000474974513, ""val_mae12"": 9.945906639099121, ""val_me"": 6.42603897913108, ""val_me12"": 9.87299368015049, ""mape_2021"": 59.99392318725586, ""mae_2021"": 9.998189926147461, ""mae12_2021"": 13.780027389526367, ""me_2021"": 7.476610994711138, ""me12_2021"": 13.778567496531048, ""epochs_trained"": 114}",2026-07-04T02:25:55.181182,completed,15.8
5,MAPE,120,0,relu,3,32,0.1,46.07881546020508,9.608194351196289,7.6133036613464355,6.543528690864522,7.428991217008278,46.07881546020508,10.048577308654785,10.993224143981934,7.762932563889421,10.717616226092039,57.91239547729492,"{""loss"": 47.88701629638672, ""mape"": 47.88701629638672, ""mae"": 10.027143478393555, ""val_loss"": 46.07881546020508, ""val_mape"": 46.07881546020508, ""val_mae"": 9.608194351196289, ""lr"": 0.00010000000474974513, ""val_mae12"": 7.6133036613464355, ""val_me"": 6.543528690864522, ""val_me12"": 7.428991217008278, ""mape_2021"": 57.91239547729492, ""mae_2021"": 10.048577308654785, ""mae12_2021"": 10.993224143981934, ""me_2021"": 7.762932563889421, ""me12_2021"": 10.717616226092039, ""epochs_trained"": 75}",2026-07-04T02:26:03.459355,completed,8.5
5,MAPE,120,0,relu,3,32,0.3,46.11545944213867,10.118229866027832,4.920006275177002,7.437841202617044,4.380999919250611,46.11545944213867,10.299513816833496,7.992183208465576,8.732443962403105,7.357260262782434,56.435203552246094,"{""loss"": 52.30995178222656, ""mape"": 52.30995178222656, ""mae"": 11.292389869689941, ""val_loss"": 46.11545944213867, ""val_mape"": 46.11545944213867, ""val_mae"": 10.118229866027832, ""lr"": 0.00010000000474974513, ""val_mae12"": 4.920006275177002, ""val_me"": 7.437841202617044, ""val_me12"": 4.380999919250611, ""mape_2021"": 56.435203552246094, ""mae_2021"": 10.299513816833496, ""mae12_2021"": 7.992183208465576, ""me_2021"": 8.732443962403105, ""me12_2021"": 7.357260262782434, ""epochs_trained"": 74}",2026-07-04T02:26:03.623060,completed,8.4
5,MAPE,120,0,relu,3,32,0.05,8.688491821289062,1.6153595447540283,2.7066638469696045,0.22940857717399524,2.107206950168615,8.688491821289062,1.6218098402023315,1.7534174919128418,0.6883574647061047,-0.3277592113492065,8.779563903808594,"{""loss"": 10.33838939666748, ""mape"": 10.33838939666748, ""mae"": 2.219252109527588, ""val_loss"": 8.688491821289062, ""val_mape"": 8.688491821289062, ""val_mae"": 1.6153595447540283, ""lr"": 0.00010000000474974513, ""val_mae12"": 2.7066638469696045, ""val_me"": 0.22940857717399524, ""val_me12"": 2.107206950168615, ""mape_2021"": 8.779563903808594, ""mae_2021"": 1.6218098402023315, ""mae12_2021"": 1.7534174919128418, ""me_2021"": 0.6883574647061047, ""me12_2021"": -0.3277592113492065, ""epochs_trained"": 371}",2026-07-04T02:26:15.382308,completed,20.7
5,MAPE,120,0,relu,3,32,0.0,4.507264614105225,0.8743190169334412,1.147447109222412,-0.031463640127654235,0.22286331018617664,4.507264614105225,0.9130511283874512,1.131056547164917,0.27316642414959147,-0.7345455004842697,5.197628021240234,"{""loss"": 3.556058406829834, ""mape"": 3.556058406829834, ""mae"": 0.7244783043861389, ""val_loss"": 4.507264614105225, ""val_mape"": 4.507264614105225, ""val_mae"": 0.8743190169334412, ""lr"": 0.00010000000474974513, ""val_mae12"": 1.147447109222412, ""val_me"": -0.031463640127654235, ""val_me12"": 0.22286331018617664, ""mape_2021"": 5.197628021240234, ""mae_2021"": 0.9130511283874512, ""mae12_2021"": 1.131056547164917, ""me_2021"": 0.27316642414959147, ""me12_2021"": -0.7345455004842697, ""epochs_trained"": 523}",2026-07-04T02:26:19.674614,completed,25.0
5,MAPE,120,0,relu,3,64,0.3,44.18944549560547,9.071979522705078,4.740373611450195,7.985859680342715,4.117639156898595,44.18944549560547,10.485575675964355,8.060147285461426,9.193503828247973,7.232559911888566,57.436485290527344,"{""loss"": 49.60327911376953, ""mape"": 49.60327911376953, ""mae"": 10.43846607208252, ""val_loss"": 44.18944549560547, ""val_mape"": 44.18944549560547, ""val_mae"": 9.071979522705078, ""lr"": 0.00010000000474974513, ""val_mae12"": 4.740373611450195, ""val_me"": 7.985859680342715, ""val_me12"": 4.117639156898595, ""mape_2021"": 57.436485290527344, ""mae_2021"": 10.485575675964355, ""mae12_2021"": 8.060147285461426, ""me_2021"": 9.193503828247973, ""me12_2021"": 7.232559911888566, ""epochs_trained"": 58}",2026-07-04T02:26:55.192576,completed,34.7
5,MAPE,120,0,relu,3,64,0.05,5.323121547698975,1.004481315612793,1.6118725538253784,0.10992127573182148,0.6770191462752491,5.323121547698975,0.9971140027046204,1.4973387718200684,0.43573293513973566,-1.012339783505649,5.681122779846191,"{""loss"": 6.894655704498291, ""mape"": 6.894655704498291, ""mae"": 1.5071818828582764, ""val_loss"": 5.323121547698975, ""val_mape"": 5.323121547698975, ""val_mae"": 1.004481315612793, ""lr"": 0.00010000000474974513, ""val_mae12"": 1.6118725538253784, ""val_me"": 0.10992127573182148, ""val_me12"": 0.6770191462752491, ""mape_2021"": 5.681122779846191, ""mae_2021"": 0.9971140027046204, ""mae12_2021"": 1.4973387718200684, ""me_2021"": 0.43573293513973566, ""me12_2021"": -1.012339783505649, ""epochs_trained"": 365}",2026-07-04T02:27:39.653738,completed,79.1
5,MAPE,120,0,relu,3,64,0.1,5.419859886169434,1.1060471534729004,1.3761546611785889,0.42943383468926055,0.7835571043292545,5.419859886169434,1.0254857540130615,1.3928515911102295,0.6459043627240662,-0.3343400740142725,5.829391956329346,"{""loss"": 8.185201644897461, ""mape"": 8.185201644897461, ""mae"": 1.8230832815170288, ""val_loss"": 5.419859886169434, ""val_mape"": 5.419859886169434, ""val_mae"": 1.1060471534729004, ""lr"": 0.00010000000474974513, ""val_mae12"": 1.3761546611785889, ""val_me"": 0.42943383468926055, ""val_me12"": 0.7835571043292545, ""mape_2021"": 5.829391956329346, ""mae_2021"": 1.0254857540130615, ""mae12_2021"": 1.3928515911102295, ""me_2021"": 0.6459043627240662, ""me12_2021"": -0.3343400740142725, ""epochs_trained"": 381}",2026-07-04T02:27:40.832574,completed,80.3
5,MAPE,120,0,relu,3,64,0.0,4.596644878387451,0.8567662835121155,1.434805989265442,-0.09203643885903218,0.4198254726824635,4.596644878387451,0.8766224980354309,1.118171215057373,0.13639789912237876,-0.6894093356449246,4.999111175537109,"{""loss"": 3.0385382175445557, ""mape"": 3.0385382175445557, ""mae"": 0.6387977004051208, ""val_loss"": 4.596644878387451, ""val_mape"": 4.596644878387451, ""val_mae"": 0.8567662835121155, ""lr"": 0.00010000000474974513, ""val_mae12"": 1.434805989265442, ""val_me"": -0.09203643885903218, ""val_me12"": 0.4198254726824635, ""mape_2021"": 4.999111175537109, ""mae_2021"": 0.8766224980354309, ""mae12_2021"": 1.118171215057373, ""me_2021"": 0.13639789912237876, ""me12_2021"": -0.6894093356449246, ""epochs_trained"": 581}",2026-07-04T02:28:15.473919,completed,115.0
5,MAPE,120,0,relu,3,128,0.0,4.303314208984375,0.8120872378349304,1.2246793508529663,-0.10229908776004623,0.43697767591034303,4.303314208984375,0.8812088966369629,1.080790400505066,0.14099214600948118,-0.5049320253966534,5.0440168380737305,"{""loss"": 2.816669225692749, ""mape"": 2.816669225692749, ""mae"": 0.5826495885848999, ""val_loss"": 4.303314208984375, ""val_mape"": 4.303314208984375, ""val_mae"": 0.8120872378349304, ""lr"": 0.00010000000474974513, ""val_mae12"": 1.2246793508529663, ""val_me"": -0.10229908776004623, ""val_me12"": 0.43697767591034303, ""mape_2021"": 5.0440168380737305, ""mae_2021"": 0.8812088966369629, ""mae12_2021"": 1.080790400505066, ""me_2021"": 0.14099214600948118, ""me12_2021"": -0.5049320253966534, ""epochs_trained"": 509}",2026-07-04T02:28:28.547026,completed,93.4
5,MAPE,120,0,relu,3,128,0.05,5.397332191467285,0.9820271134376526,1.6897292137145996,0.09058378382902116,0.6975437742016556,5.397332191467285,1.0179141759872437,1.5635693073272705,0.4308791366307116,-0.9707816931152183,5.966862678527832,"{""loss"": 5.92639684677124, ""mape"": 5.92639684677124, ""mae"": 1.2558414936065674, ""val_loss"": 5.397332191467285, ""val_mape"": 5.397332191467285, ""val_mae"": 0.9820271134376526, ""lr"": 0.00010000000474974513, ""val_mae12"": 1.6897292137145996, ""val_me"": 0.09058378382902116, ""val_me12"": 0.6975437742016556, ""mape_2021"": 5.966862678527832, ""mae_2021"": 1.0179141759872437, ""mae12_2021"": 1.5635693073272705, ""me_2021"": 0.4308791366307116, ""me12_2021"": -0.9707816931152183, ""epochs_trained"": 270}",2026-07-04T02:28:38.386188,completed,58.7
5,MAPE,120,0,relu,3,128,0.1,5.447809219360352,1.0543594360351562,1.5660830736160278,0.28006513973610353,0.5943989600716733,5.447809219360352,1.0156614780426025,1.3952350616455078,0.5326862017250774,-0.7446528529860856,5.7307000160217285,"{""loss"": 7.3854827880859375, ""mape"": 7.3854827880859375, ""mae"": 1.6103535890579224, ""val_loss"": 5.447809219360352, ""val_mape"": 5.447809219360352, ""val_mae"": 1.0543594360351562, ""lr"": 0.00010000000474974513, ""val_mae12"": 1.5660830736160278, ""val_me"": 0.28006513973610353, ""val_me12"": 0.5943989600716733, ""mape_2021"": 5.7307000160217285, ""mae_2021"": 1.0156614780426025, ""mae12_2021"": 1.3952350616455078, ""me_2021"": 0.5326862017250774, ""me12_2021"": -0.7446528529860856, ""epochs_trained"": 277}",2026-07-04T02:28:40.073945,completed,59.2
5,MAPE,120,0,relu,3,128,0.3,8.112699508666992,1.8856412172317505,1.379757285118103,1.23029057726479,0.2938168677018905,8.112699508666992,1.6886101961135864,1.5524872541427612,1.4388334655100299,-0.9877250059516842,8.305657386779785,"{""loss"": 10.941940307617188, ""mape"": 10.941940307617188, ""mae"": 2.447824239730835, ""val_loss"": 8.112699508666992, ""val_mape"": 8.112699508666992, ""val_mae"": 1.8856412172317505, ""lr"": 0.00010000000474974513, ""val_mae12"": 1.379757285118103, ""val_me"": 1.23029057726479, ""val_me12"": 0.2938168677018905, ""mape_2021"": 8.305657386779785, ""mae_2021"": 1.6886101961135864, ""mae12_2021"": 1.5524872541427612, ""me_2021"": 1.4388334655100299, ""me12_2021"": -0.9877250059516842, ""epochs_trained"": 236}",2026-07-04T02:28:54.129508,completed,38.7
5,MAPE,120,0,relu,3,256,0.1,5.951790809631348,1.1503641605377197,1.6021499633789062,-0.007957952497045985,0.6682159031589417,5.951790809631348,1.0948994159698486,1.695837140083313,0.35779153865662267,-0.7431869278670964,6.595146179199219,"{""loss"": 6.138794898986816, ""mape"": 6.138794898986816, ""mae"": 1.316853404045105, ""val_loss"": 5.951790809631348, ""val_mape"": 5.951790809631348, ""val_mae"": 1.1503641605377197, ""lr"": 0.00010000000474974513, ""val_mae12"": 1.6021499633789062, ""val_me"": -0.007957952497045985, ""val_me12"": 0.6682159031589417, ""mape_2021"": 6.595146179199219, ""mae_2021"": 1.0948994159698486, ""mae12_2021"": 1.695837140083313, ""me_2021"": 0.35779153865662267, ""me12_2021"": -0.7431869278670964, ""epochs_trained"": 207}",2026-07-04T02:30:17.213401,completed,81.8
5,MAPE,120,0,relu,3,256,0.3,6.822301864624023,1.6318700313568115,1.0059031248092651,0.7281992333826551,0.6813361471395578,6.822301864624023,1.1322505474090576,1.143390417098999,0.8756785422260281,-0.4838337316186842,5.860257625579834,"{""loss"": 8.248058319091797, ""mape"": 8.248058319091797, ""mae"": 1.825938105583191, ""val_loss"": 6.822301864624023, ""val_mape"": 6.822301864624023, ""val_mae"": 1.6318700313568115, ""lr"": 0.00010000000474974513, ""val_mae12"": 1.0059031248092651, ""val_me"": 0.7281992333826551, ""val_me12"": 0.6813361471395578, ""mape_2021"": 5.860257625579834, ""mae_2021"": 1.1322505474090576, ""mae12_2021"": 1.143390417098999, ""me_2021"": 0.8756785422260281, ""me12_2021"": -0.4838337316186842, ""epochs_trained"": 235}",2026-07-04T02:30:18.676454,completed,83.3
5,MAPE,120,0,relu,3,256,0.05,5.0441999435424805,0.9182273149490356,1.603615164756775,0.04411045366378153,0.9228057244503999,5.0441999435424805,0.9465680718421936,1.5208795070648193,0.32660449774962375,-0.5532375441838696,5.864283561706543,"{""loss"": 4.558561325073242, ""mape"": 4.558561325073242, ""mae"": 0.975174605846405, ""val_loss"": 5.0441999435424805, ""val_mape"": 5.0441999435424805, ""val_mae"": 0.9182273149490356, ""lr"": 0.00010000000474974513, ""val_mae12"": 1.603615164756775, ""val_me"": 0.04411045366378153, ""val_me12"": 0.9228057244503999, ""mape_2021"": 5.864283561706543, ""mae_2021"": 0.9465680718421936, ""mae12_2021"": 1.5208795070648193, ""me_2021"": 0.32660449774962375, ""me12_2021"": -0.5532375441838696, ""epochs_trained"": 252}",2026-07-04T02:30:20.742821,completed,85.4
5,MAPE,120,0,relu,3,256,0.0,5.199248790740967,0.9000241160392761,1.6052038669586182,0.1031959245500651,0.5896976890796415,5.199248790740967,1.0723093748092651,1.754923701286316,0.3902621996938901,-0.9066648104030177,6.424526691436768,"{""loss"": 2.87949800491333, ""mape"": 2.87949800491333, ""mae"": 0.6191490888595581, ""val_loss"": 5.199248790740967, ""val_mape"": 5.199248790740967, ""val_mae"": 0.9000241160392761, ""lr"": 0.00010000000474974513, ""val_mae12"": 1.6052038669586182, ""val_me"": 0.1031959245500651, ""val_me12"": 0.5896976890796415, ""mape_2021"": 6.424526691436768, ""mae_2021"": 1.0723093748092651, ""mae12_2021"": 1.754923701286316, ""me_2021"": 0.3902621996938901, ""me12_2021"": -0.9066648104030177, ""epochs_trained"": 331}",2026-07-04T02:30:23.100056,completed,87.7
5,MAPE,120,0,leaky_relu,1,16,0.0,46.39237976074219,9.344359397888184,6.375441074371338,8.192504695535762,6.079860188608337,46.39237976074219,10.63084602355957,9.669426918029785,9.263086084853784,9.326242045377752,59.18980026245117,"{""loss"": 47.7878303527832, ""mape"": 47.7878303527832, ""mae"": 9.702168464660645, ""val_loss"": 46.39237976074219, ""val_mape"": 46.39237976074219, ""val_mae"": 9.344359397888184, ""lr"": 0.00010000000474974513, ""val_mae12"": 6.375441074371338, ""val_me"": 8.192504695535762, ""val_me12"": 6.079860188608337, ""mape_2021"": 59.18980026245117, ""mae_2021"": 10.63084602355957, ""mae12_2021"": 9.669426918029785, ""me_2021"": 9.263086084853784, ""me12_2021"": 9.326242045377752, ""epochs_trained"": 139}",2026-07-04T02:30:28.504970,completed,11.3
5,MAPE,120,0,leaky_relu,1,16,0.05,46.91968536376953,9.439453125,8.3504056930542,7.9804314429198495,8.148373512030924,46.91968536376953,10.49930477142334,11.886202812194824,8.883310434163572,11.71565980517594,60.29624557495117,"{""loss"": 49.45280456542969, ""mape"": 49.45280456542969, ""mae"": 10.151485443115234, ""val_loss"": 46.91968536376953, ""val_mape"": 46.91968536376953, ""val_mae"": 9.439453125, ""lr"": 0.00010000000474974513, ""val_mae12"": 8.3504056930542, ""val_me"": 7.9804314429198495, ""val_me12"": 8.148373512030924, ""mape_2021"": 60.29624557495117, ""mae_2021"": 10.49930477142334, ""mae12_2021"": 11.886202812194824, ""me_2021"": 8.883310434163572, ""me12_2021"": 11.71565980517594, ""epochs_trained"": 124}",2026-07-04T02:30:29.064983,completed,10.4
5,MAPE,120,0,leaky_relu,1,16,0.1,48.31913757324219,10.078527450561523,8.479093551635742,8.2257183894109,7.328086249410551,48.31913757324219,10.653414726257324,11.37511157989502,8.897900438511993,9.933952997937856,56.830230712890625,"{""loss"": 49.92924880981445, ""mape"": 49.92924880981445, ""mae"": 10.56328010559082, ""val_loss"": 48.31913757324219, ""val_mape"": 48.31913757324219, ""val_mae"": 10.078527450561523, ""lr"": 0.00010000000474974513, ""val_mae12"": 8.479093551635742, ""val_me"": 8.2257183894109, ""val_me12"": 7.328086249410551, ""mape_2021"": 56.830230712890625, ""mae_2021"": 10.653414726257324, ""mae12_2021"": 11.37511157989502, ""me_2021"": 8.897900438511993, ""me12_2021"": 9.933952997937856, ""epochs_trained"": 175}",2026-07-04T02:30:32.327069,completed,11.6
5,MAPE,120,0,leaky_relu,1,16,0.3,47.953880310058594,10.170022964477539,6.503807544708252,9.084112710689952,6.17135470328198,47.953880310058594,11.08552074432373,9.84361457824707,9.951758180974103,9.479584060591188,61.1680908203125,"{""loss"": 59.623409271240234, ""mape"": 59.623409271240234, ""mae"": 12.475347518920898, ""val_loss"": 47.953880310058594, ""val_mape"": 47.953880310058594, ""val_mae"": 10.170022964477539, ""lr"": 0.00010000000474974513, ""val_mae12"": 6.503807544708252, ""val_me"": 9.084112710689952, ""val_me12"": 6.17135470328198, ""mape_2021"": 61.1680908203125, ""mae_2021"": 11.08552074432373, ""mae12_2021"": 9.84361457824707, ""me_2021"": 9.951758180974103, ""me12_2021"": 9.479584060591188, ""epochs_trained"": 189}",2026-07-04T02:30:38.154872,completed,15.1
5,MAPE,120,0,leaky_relu,1,32,0.05,46.45606231689453,9.279314994812012,7.890606880187988,7.681175483225909,7.4294948986337985,46.45606231689453,10.446320533752441,11.416454315185547,8.7195160088627,10.936735931627787,59.251338958740234,"{""loss"": 48.96546936035156, ""mape"": 48.96546936035156, ""mae"": 10.03811264038086, ""val_loss"": 46.45606231689453, ""val_mape"": 46.45606231689453, ""val_mae"": 9.279314994812012, ""lr"": 0.00010000000474974513, ""val_mae12"": 7.890606880187988, ""val_me"": 7.681175483225909, ""val_me12"": 7.4294948986337985, ""mape_2021"": 59.251338958740234, ""mae_2021"": 10.446320533752441, ""mae12_2021"": 11.416454315185547, ""me_2021"": 8.7195160088627, ""me12_2021"": 10.936735931627787, ""epochs_trained"": 104}",2026-07-04T02:31:15.272064,completed,35.7
5,MAPE,120,0,leaky_relu,1,32,0.0,45.615596771240234,9.171643257141113,7.20032262802124,7.79800696542634,6.562380947917448,45.615596771240234,10.3781156539917,9.734065055847168,8.867375565437424,9.204531483334032,56.71316909790039,"{""loss"": 46.690181732177734, ""mape"": 46.690181732177734, ""mae"": 9.592514991760254, ""val_loss"": 45.615596771240234, ""val_mape"": 45.615596771240234, ""val_mae"": 9.171643257141113, ""lr"": 0.00010000000474974513, ""val_mae12"": 7.20032262802124, ""val_me"": 7.79800696542634, ""val_me12"": 6.562380947917448, ""mape_2021"": 56.71316909790039, ""mae_2021"": 10.3781156539917, ""mae12_2021"": 9.734065055847168, ""me_2021"": 8.867375565437424, ""me12_2021"": 9.204531483334032, ""epochs_trained"": 104}",2026-07-04T02:31:15.404578,completed,35.8
5,MAPE,120,0,leaky_relu,1,32,0.3,46.69382858276367,9.600797653198242,8.145771980285645,7.824264828793177,7.7725109266311785,46.69382858276367,10.375792503356934,11.255976676940918,8.734389983820261,10.962083465780983,58.103633880615234,"{""loss"": 54.13178634643555, ""mape"": 54.13178634643555, ""mae"": 11.46349048614502, ""val_loss"": 46.69382858276367, ""val_mape"": 46.69382858276367, ""val_mae"": 9.600797653198242, ""lr"": 0.00010000000474974513, ""val_mae12"": 8.145771980285645, ""val_me"": 7.824264828793177, ""val_me12"": 7.7725109266311785, ""mape_2021"": 58.103633880615234, ""mae_2021"": 10.375792503356934, ""mae12_2021"": 11.255976676940918, ""me_2021"": 8.734389983820261, ""me12_2021"": 10.962083465780983, ""epochs_trained"": 128}",2026-07-04T02:31:16.881485,completed,37.2
5,MAPE,120,0,leaky_relu,1,32,0.1,45.57521438598633,9.294950485229492,8.398137092590332,7.3072101218394545,7.668676619803594,45.57521438598633,10.108521461486816,11.02607536315918,8.296226807744235,10.339121543956635,55.97297286987305,"{""loss"": 49.01713180541992, ""mape"": 49.01713180541992, ""mae"": 10.277749061584473, ""val_loss"": 45.57521438598633, ""val_mape"": 45.57521438598633, ""val_mae"": 9.294950485229492, ""lr"": 0.00010000000474974513, ""val_mae12"": 8.398137092590332, ""val_me"": 7.3072101218394545, ""val_me12"": 7.668676619803594, ""mape_2021"": 55.97297286987305, ""mae_2021"": 10.108521461486816, ""mae12_2021"": 11.02607536315918, ""me_2021"": 8.296226807744235, ""me12_2021"": 10.339121543956635, ""epochs_trained"": 147}",2026-07-04T02:31:17.609253,completed,38.0
5,MAPE,120,0,leaky_relu,1,64,0.0,46.364871978759766,9.224289894104004,7.021966934204102,7.722310073737236,6.351219090338507,46.364871978759766,10.435211181640625,10.232748985290527,8.812324649089483,9.50259805965595,57.77001190185547,"{""loss"": 47.2352180480957, ""mape"": 47.2352180480957, ""mae"": 9.629903793334961, ""val_loss"": 46.364871978759766, ""val_mape"": 46.364871978759766, ""val_mae"": 9.224289894104004, ""lr"": 0.00010000000474974513, ""val_mae12"": 7.021966934204102, ""val_me"": 7.722310073737236, ""val_me12"": 6.351219090338507, ""mape_2021"": 57.77001190185547, ""mae_2021"": 10.435211181640625, ""mae12_2021"": 10.232748985290527, ""me_2021"": 8.812324649089483, ""me12_2021"": 9.50259805965595, ""epochs_trained"": 81}",2026-07-04T02:31:27.081249,completed,11.8
5,MAPE,120,0,leaky_relu,1,64,0.05,45.89812088012695,9.3292818069458,9.03653335571289,6.385726309262478,8.191752313506942,45.89812088012695,10.055917739868164,12.139538764953613,7.484952796973931,11.134710639972988,56.34632110595703,"{""loss"": 46.164493560791016, ""mape"": 46.164493560791016, ""mae"": 9.56214427947998, ""val_loss"": 45.89812088012695, ""val_mape"": 45.89812088012695, ""val_mae"": 9.3292818069458, ""lr"": 0.00010000000474974513, ""val_mae12"": 9.03653335571289, ""val_me"": 6.385726309262478, ""val_me12"": 8.191752313506942, ""mape_2021"": 56.34632110595703, ""mae_2021"": 10.055917739868164, ""mae12_2021"": 12.139538764953613, ""me_2021"": 7.484952796973931, ""me12_2021"": 11.134710639972988, ""epochs_trained"": 96}",2026-07-04T02:31:27.965856,completed,12.6
5,MAPE,120,0,leaky_relu,1,64,0.1,46.03980255126953,9.363369941711426,8.712955474853516,6.788959972194142,8.373433604742129,46.03980255126953,10.108081817626953,11.86383056640625,7.888020606065632,11.587826089984347,57.577003479003906,"{""loss"": 48.269493103027344, ""mape"": 48.269493103027344, ""mae"": 9.982340812683105, ""val_loss"": 46.03980255126953, ""val_mape"": 46.03980255126953, ""val_mae"": 9.363369941711426, ""lr"": 0.00010000000474974513, ""val_mae12"": 8.712955474853516, ""val_me"": 6.788959972194142, ""val_me12"": 8.373433604742129, ""mape_2021"": 57.577003479003906, ""mae_2021"": 10.108081817626953, ""mae12_2021"": 11.86383056640625, ""me_2021"": 7.888020606065632, ""me12_2021"": 11.587826089984347, ""epochs_trained"": 103}",2026-07-04T02:31:28.977139,completed,12.1
5,MAPE,120,0,leaky_relu,1,64,0.3,46.058929443359375,9.362194061279297,8.904579162597656,6.993858686203354,8.571211294262538,46.058929443359375,10.1329984664917,12.259628295898438,8.013579271106577,11.969393316500224,58.365760803222656,"{""loss"": 51.71364974975586, ""mape"": 51.71364974975586, ""mae"": 10.797330856323242, ""val_loss"": 46.058929443359375, ""val_mape"": 46.058929443359375, ""val_mae"": 9.362194061279297, ""lr"": 0.00010000000474974513, ""val_mae12"": 8.904579162597656, ""val_me"": 6.993858686203354, ""val_me12"": 8.571211294262538, ""mape_2021"": 58.365760803222656, ""mae_2021"": 10.1329984664917, ""mae12_2021"": 12.259628295898438, ""me_2021"": 8.013579271106577, ""me12_2021"": 11.969393316500224, ""epochs_trained"": 109}",2026-07-04T02:31:29.707862,completed,12.1
6,MAPE,120,0,relu,1,16,0.0,88.66265106201172,21.55794906616211,5.363340854644775,21.466538017498568,4.734524065477097,88.66265106201172,20.666805267333984,9.249382019042969,19.701784193372784,8.49232438673968,94.54672241210938,"{""loss"": 83.60293579101562, ""mape"": 83.60293579101562, ""mae"": 20.152729034423828, ""val_loss"": 88.66265106201172, ""val_mape"": 88.66265106201172, ""val_mae"": 21.55794906616211, ""lr"": 0.00010000000474974513, ""val_mae12"": 5.363340854644775, ""val_me"": 21.466538017498568, ""val_me12"": 4.734524065477097, ""mape_2021"": 94.54672241210938, ""mae_2021"": 20.666805267333984, ""mae12_2021"": 9.249382019042969, ""me_2021"": 19.701784193372784, ""me12_2021"": 8.49232438673968, ""epochs_trained"": 44}",2026-07-04T03:20:35.614003,completed,24.8
6,MAPE,120,0,relu,1,16,0.05,46.956722259521484,9.446191787719727,9.610745429992676,7.2038735509227,9.389915421714203,46.956722259521484,10.215204238891602,13.127062797546387,8.179734013248094,13.002209298294511,60.100242614746094,"{""loss"": 48.72907257080078, ""mape"": 48.72907257080078, ""mae"": 10.01671028137207, ""val_loss"": 46.956722259521484, ""val_mape"": 46.956722259521484, ""val_mae"": 9.446191787719727, ""lr"": 0.00010000000474974513, ""val_mae12"": 9.610745429992676, ""val_me"": 7.2038735509227, ""val_me12"": 9.389915421714203, ""mape_2021"": 60.100242614746094, ""mae_2021"": 10.215204238891602, ""mae12_2021"": 13.127062797546387, ""me_2021"": 8.179734013248094, ""me12_2021"": 13.002209298294511, ""epochs_trained"": 116}",2026-07-04T03:20:40.282612,completed,29.5
6,MAPE,120,0,relu,1,16,0.3,46.69818878173828,9.659956932067871,7.7076311111450195,8.130756956681186,7.468830590521978,46.69818878173828,10.53482437133789,10.89897632598877,9.057894866203256,10.662846607448385,59.05203628540039,"{""loss"": 54.43807601928711, ""mape"": 54.43807601928711, ""mae"": 11.629098892211914, ""val_loss"": 46.69818878173828, ""val_mape"": 46.69818878173828, ""val_mae"": 9.659956932067871, ""lr"": 0.00010000000474974513, ""val_mae12"": 7.7076311111450195, ""val_me"": 8.130756956681186, ""val_me12"": 7.468830590521978, ""mape_2021"": 59.05203628540039, ""mae_2021"": 10.53482437133789, ""mae12_2021"": 10.89897632598877, ""me_2021"": 9.057894866203256, ""me12_2021"": 10.662846607448385, ""epochs_trained"": 143}",2026-07-04T03:20:42.442168,completed,31.6
6,MAPE,120,0,relu,1,16,0.1,47.32769775390625,9.739544868469238,8.756750106811523,7.883484480161857,8.344142970124665,47.32769775390625,10.40001106262207,11.767701148986816,8.758154392628477,11.394689627525489,58.862098693847656,"{""loss"": 50.14447784423828, ""mape"": 50.14447784423828, ""mae"": 10.476015090942383, ""val_loss"": 47.32769775390625, ""val_mape"": 47.32769775390625, ""val_mae"": 9.739544868469238, ""lr"": 0.00010000000474974513, ""val_mae12"": 8.756750106811523, ""val_me"": 7.883484480161857, ""val_me12"": 8.344142970124665, ""mape_2021"": 58.862098693847656, ""mae_2021"": 10.40001106262207, ""mae12_2021"": 11.767701148986816, ""me_2021"": 8.758154392628477, ""me12_2021"": 11.394689627525489, ""epochs_trained"": 198}",2026-07-04T03:20:45.368710,completed,34.5
6,MAPE,120,0,relu,1,32,0.0,46.869510650634766,9.479756355285645,9.518430709838867,6.771814750692049,9.055977136361776,46.869510650634766,10.11783504486084,13.12250804901123,7.786112012038325,12.64611101728187,59.00430679321289,"{""loss"": 46.314083099365234, ""mape"": 46.314083099365234, ""mae"": 9.459318161010742, ""val_loss"": 46.869510650634766, ""val_mape"": 46.869510650634766, ""val_mae"": 9.479756355285645, ""lr"": 0.00010000000474974513, ""val_mae12"": 9.518430709838867, ""val_me"": 6.771814750692049, ""val_me12"": 9.055977136361776, ""mape_2021"": 59.00430679321289, ""mae_2021"": 10.11783504486084, ""mae12_2021"": 13.12250804901123, ""me_2021"": 7.786112012038325, ""me12_2021"": 12.64611101728187, ""epochs_trained"": 103}",2026-07-04T03:20:48.432735,completed,12.8
6,MAPE,120,0,relu,1,32,0.1,45.9563102722168,9.33073902130127,8.807295799255371,7.086911382474833,8.31999057160837,45.9563102722168,10.107976913452148,11.628693580627441,8.124522009603375,11.277606707186116,57.19949722290039,"{""loss"": 48.712589263916016, ""mape"": 48.712589263916016, ""mae"": 10.197239875793457, ""val_loss"": 45.9563102722168, ""val_mape"": 45.9563102722168, ""val_mae"": 9.33073902130127, ""lr"": 0.00010000000474974513, ""val_mae12"": 8.807295799255371, ""val_me"": 7.086911382474833, ""val_me12"": 8.31999057160837, ""mape_2021"": 57.19949722290039, ""mae_2021"": 10.107976913452148, ""mae12_2021"": 11.628693580627441, ""me_2021"": 8.124522009603375, ""me12_2021"": 11.277606707186116, ""epochs_trained"": 141}",2026-07-04T03:20:58.094985,completed,15.6
6,MAPE,120,0,relu,1,32,0.3,16.174654006958008,3.190237522125244,4.409069538116455,1.994796256465962,1.8829169311593146,16.174654006958008,3.721630573272705,2.8572797775268555,2.7134992352093192,-1.3868983871036606,19.10179901123047,"{""loss"": 23.612382888793945, ""mape"": 23.612382888793945, ""mae"": 5.099402904510498, ""val_loss"": 16.174654006958008, ""val_mape"": 16.174654006958008, ""val_mae"": 3.190237522125244, ""lr"": 0.00010000000474974513, ""val_mae12"": 4.409069538116455, ""val_me"": 1.994796256465962, ""val_me12"": 1.8829169311593146, ""mape_2021"": 19.10179901123047, ""mae_2021"": 3.721630573272705, ""mae12_2021"": 2.8572797775268555, ""me_2021"": 2.7134992352093192, ""me12_2021"": -1.3868983871036606, ""epochs_trained"": 774}",2026-07-04T03:21:27.630641,completed,42.3
6,MAPE,120,0,relu,1,32,0.05,10.358827590942383,2.0238800048828125,3.1498289108276367,0.7721640040458493,0.5337326457041249,10.358827590942383,2.1757397651672363,3.218641519546509,1.2578973378305967,-2.014258669224542,13.106886863708496,"{""loss"": 11.074857711791992, ""mape"": 11.074857711791992, ""mae"": 2.3473877906799316, ""val_loss"": 10.358827590942383, ""val_mape"": 10.358827590942383, ""val_mae"": 2.0238800048828125, ""lr"": 0.00010000000474974513, ""val_mae12"": 3.1498289108276367, ""val_me"": 0.7721640040458493, ""val_me12"": 0.5337326457041249, ""mape_2021"": 13.106886863708496, ""mae_2021"": 2.1757397651672363, ""mae12_2021"": 3.218641519546509, ""me_2021"": 1.2578973378305967, ""me12_2021"": -2.014258669224542, ""epochs_trained"": 1174}",2026-07-04T03:21:39.093825,completed,58.8
6,MAPE,120,0,relu,1,64,0.05,46.74715042114258,9.481431007385254,9.128965377807617,6.803856963549841,8.747694864367924,46.74715042114258,10.133461952209473,12.58877182006836,7.8571466653782,12.248839810196507,58.3682746887207,"{""loss"": 47.302799224853516, ""mape"": 47.302799224853516, ""mae"": 9.715775489807129, ""val_loss"": 46.74715042114258, ""val_mape"": 46.74715042114258, ""val_mae"": 9.481431007385254, ""lr"": 0.00010000000474974513, ""val_mae12"": 9.128965377807617, ""val_me"": 6.803856963549841, ""val_me12"": 8.747694864367924, ""mape_2021"": 58.3682746887207, ""mae_2021"": 10.133461952209473, ""mae12_2021"": 12.58877182006836, ""me_2021"": 7.8571466653782, ""me12_2021"": 12.248839810196507, ""epochs_trained"": 102}",2026-07-04T03:21:57.641401,completed,17.7
6,MAPE,120,0,relu,1,64,0.1,45.92011642456055,9.334485054016113,8.919412612915039,6.5670804081353635,8.076203920081669,45.92011642456055,10.037468910217285,12.0218505859375,7.620172331670058,11.16380651045017,56.13103103637695,"{""loss"": 46.50106430053711, ""mape"": 46.50106430053711, ""mae"": 9.644780158996582, ""val_loss"": 45.92011642456055, ""val_mape"": 45.92011642456055, ""val_mae"": 9.334485054016113, ""lr"": 0.00010000000474974513, ""val_mae12"": 8.919412612915039, ""val_me"": 6.5670804081353635, ""val_me12"": 8.076203920081669, ""mape_2021"": 56.13103103637695, ""mae_2021"": 10.037468910217285, ""mae12_2021"": 12.0218505859375, ""me_2021"": 7.620172331670058, ""me12_2021"": 11.16380651045017, ""epochs_trained"": 103}",2026-07-04T03:21:57.643488,completed,17.7
6,MAPE,120,0,relu,1,64,0.3,45.05336380004883,9.168109893798828,8.295282363891602,6.720220163122496,7.484547266941076,45.05336380004883,10.02466869354248,11.342489242553711,7.801074801252696,10.408250889550263,55.777099609375,"{""loss"": 49.1748161315918, ""mape"": 49.1748161315918, ""mae"": 10.412240982055664, ""val_loss"": 45.05336380004883, ""val_mape"": 45.05336380004883, ""val_mae"": 9.168109893798828, ""lr"": 0.00010000000474974513, ""val_mae12"": 8.295282363891602, ""val_me"": 6.720220163122496, ""val_me12"": 7.484547266941076, ""mape_2021"": 55.777099609375, ""mae_2021"": 10.02466869354248, ""mae12_2021"": 11.342489242553711, ""me_2021"": 7.801074801252696, ""me12_2021"": 10.408250889550263, ""epochs_trained"": 113}",2026-07-04T03:21:58.143114,completed,18.2
6,MAPE,120,0,relu,1,64,0.0,45.94394302368164,9.327683448791504,8.988598823547363,6.67756906135726,7.988587227450758,45.94394302368164,10.048194885253906,11.813498497009277,7.776269632059424,10.78004700191987,56.09986114501953,"{""loss"": 45.41570281982422, ""mape"": 45.41570281982422, ""mae"": 9.37226390838623, ""val_loss"": 45.94394302368164, ""val_mape"": 45.94394302368164, ""val_mae"": 9.327683448791504, ""lr"": 0.00010000000474974513, ""val_mae12"": 8.988598823547363, ""val_me"": 6.67756906135726, ""val_me12"": 7.988587227450758, ""mape_2021"": 56.09986114501953, ""mae_2021"": 10.048194885253906, ""mae12_2021"": 11.813498497009277, ""me_2021"": 7.776269632059424, ""me12_2021"": 10.78004700191987, ""epochs_trained"": 127}",2026-07-04T03:21:58.556011,completed,18.6
6,MAPE,120,0,relu,1,128,0.0,46.29949951171875,9.472941398620605,8.818233489990234,6.525113672062971,7.7571576599347045,46.29949951171875,10.096856117248535,12.141124725341797,7.603427867235183,10.795648810194105,56.28068923950195,"{""loss"": 45.1132926940918, ""mape"": 45.1132926940918, ""mae"": 9.310582160949707, ""val_loss"": 46.29949951171875, ""val_mape"": 46.29949951171875, ""val_mae"": 9.472941398620605, ""lr"": 0.00010000000474974513, ""val_mae12"": 8.818233489990234, ""val_me"": 6.525113672062971, ""val_me12"": 7.7571576599347045, ""mape_2021"": 56.28068923950195, ""mae_2021"": 10.096856117248535, ""mae12_2021"": 12.141124725341797, ""me_2021"": 7.603427867235183, ""me12_2021"": 10.795648810194105, ""epochs_trained"": 80}",2026-07-04T03:22:07.473667,completed,9.8
6,MAPE,120,0,relu,1,128,0.05,46.364498138427734,9.476534843444824,8.949621200561523,6.578048309172434,8.103914049458233,46.364498138427734,10.083985328674316,12.028969764709473,7.664004157991528,11.082750977447246,56.452980041503906,"{""loss"": 45.657466888427734, ""mape"": 45.657466888427734, ""mae"": 9.438921928405762, ""val_loss"": 46.364498138427734, ""val_mape"": 46.364498138427734, ""val_mae"": 9.476534843444824, ""lr"": 0.00010000000474974513, ""val_mae12"": 8.949621200561523, ""val_me"": 6.578048309172434, ""val_me12"": 8.103914049458233, ""mape_2021"": 56.452980041503906, ""mae_2021"": 10.083985328674316, ""mae12_2021"": 12.028969764709473, ""me_2021"": 7.664004157991528, ""me12_2021"": 11.082750977447246, ""epochs_trained"": 83}",2026-07-04T03:22:07.589189,completed,9.9
6,MAPE,120,0,relu,1,128,0.1,46.555335998535156,9.498961448669434,8.782373428344727,6.29027904066345,7.983636468910575,46.555335998535156,10.107483863830566,11.94867992401123,7.455047467193274,11.0689296084792,56.566837310791016,"{""loss"": 46.162010192871094, ""mape"": 46.162010192871094, ""mae"": 9.53313159942627, ""val_loss"": 46.555335998535156, ""val_mape"": 46.555335998535156, ""val_mae"": 9.498961448669434, ""lr"": 0.00010000000474974513, ""val_mae12"": 8.782373428344727, ""val_me"": 6.29027904066345, ""val_me12"": 7.983636468910575, ""mape_2021"": 56.566837310791016, ""mae_2021"": 10.107483863830566, ""mae12_2021"": 11.94867992401123, ""me_2021"": 7.455047467193274, ""me12_2021"": 11.0689296084792, ""epochs_trained"": 77}",2026-07-04T03:22:07.830267,completed,9.7
6,MAPE,120,0,relu,1,128,0.3,45.39773941040039,9.249591827392578,8.898944854736328,6.7097035024765175,8.110650309276718,45.39773941040039,10.02548599243164,11.826887130737305,7.755235003279904,11.004420557765556,56.00777816772461,"{""loss"": 47.108192443847656, ""mape"": 47.108192443847656, ""mae"": 9.859782218933105, ""val_loss"": 45.39773941040039, ""val_mape"": 45.39773941040039, ""val_mae"": 9.249591827392578, ""lr"": 0.00010000000474974513, ""val_mae12"": 8.898944854736328, ""val_me"": 6.7097035024765175, ""val_me12"": 8.110650309276718, ""mape_2021"": 56.00777816772461, ""mae_2021"": 10.02548599243164, ""mae12_2021"": 11.826887130737305, ""me_2021"": 7.755235003279904, ""me12_2021"": 11.004420557765556, ""epochs_trained"": 90}",2026-07-04T03:22:08.628407,completed,10.1
6,MAPE,120,0,relu,1,256,0.0,46.0390510559082,9.326603889465332,8.868661880493164,6.840084323984202,8.277958463236388,46.0390510559082,10.131227493286133,12.057028770446777,7.8993052718714925,11.503589087320206,57.44733428955078,"{""loss"": 45.30724334716797, ""mape"": 45.30724334716797, ""mae"": 9.33389663696289, ""val_loss"": 46.0390510559082, ""val_mape"": 46.0390510559082, ""val_mae"": 9.326603889465332, ""lr"": 0.00010000000474974513, ""val_mae12"": 8.868661880493164, ""val_me"": 6.840084323984202, ""val_me12"": 8.277958463236388, ""mape_2021"": 57.44733428955078, ""mae_2021"": 10.131227493286133, ""mae12_2021"": 12.057028770446777, ""me_2021"": 7.8993052718714925, ""me12_2021"": 11.503589087320206, ""epochs_trained"": 64}",2026-07-04T03:22:28.147032,completed,18.6
6,MAPE,120,0,relu,1,256,0.05,45.73133850097656,9.304719924926758,8.216911315917969,6.7244052187251215,7.15705808616463,45.73133850097656,10.12908935546875,11.323567390441895,7.841925808482777,9.998012754910029,55.842010498046875,"{""loss"": 44.986785888671875, ""mape"": 44.986785888671875, ""mae"": 9.283522605895996, ""val_loss"": 45.73133850097656, ""val_mape"": 45.73133850097656, ""val_mae"": 9.304719924926758, ""lr"": 0.00010000000474974513, ""val_mae12"": 8.216911315917969, ""val_me"": 6.7244052187251215, ""val_me12"": 7.15705808616463, ""mape_2021"": 55.842010498046875, ""mae_2021"": 10.12908935546875, ""mae12_2021"": 11.323567390441895, ""me_2021"": 7.841925808482777, ""me12_2021"": 9.998012754910029, ""epochs_trained"": 65}",2026-07-04T03:22:28.196183,completed,18.7
6,MAPE,120,0,relu,1,256,0.1,46.086517333984375,9.419916152954102,8.503118515014648,6.151790255070993,7.549115769445341,46.086517333984375,10.090828895568848,11.563719749450684,7.353297298243029,10.460254427717299,56.024009704589844,"{""loss"": 45.03822708129883, ""mape"": 45.03822708129883, ""mae"": 9.319853782653809, ""val_loss"": 46.086517333984375, ""val_mape"": 46.086517333984375, ""val_mae"": 9.419916152954102, ""lr"": 0.00010000000474974513, ""val_mae12"": 8.503118515014648, ""val_me"": 6.151790255070993, ""val_me12"": 7.549115769445341, ""mape_2021"": 56.024009704589844, ""mae_2021"": 10.090828895568848, ""mae12_2021"": 11.563719749450684, ""me_2021"": 7.353297298243029, ""me12_2021"": 10.460254427717299, ""epochs_trained"": 67}",2026-07-04T03:22:28.267223,completed,18.7
6,MAPE,120,0,relu,2,16,0.0,46.95380783081055,9.457076072692871,9.831298828125,6.757375383346157,9.708663689151614,46.95380783081055,10.034735679626465,13.569901466369629,7.7482475065896494,13.580425654554316,59.946990966796875,"{""loss"": 46.571380615234375, ""mape"": 46.571380615234375, ""mae"": 9.390751838684082, ""val_loss"": 46.95380783081055, ""val_mape"": 46.95380783081055, ""val_mae"": 9.457076072692871, ""lr"": 0.00010000000474974513, ""val_mae12"": 9.831298828125, ""val_me"": 6.757375383346157, ""val_me12"": 9.708663689151614, ""mape_2021"": 59.946990966796875, ""mae_2021"": 10.034735679626465, ""mae12_2021"": 13.569901466369629, ""me_2021"": 7.7482475065896494, ""me12_2021"": 13.580425654554316, ""epochs_trained"": 104}",2026-07-04T03:22:39.297875,completed,11.1
6,MAPE,120,0,relu,2,16,0.05,45.20189666748047,9.482792854309082,7.752927303314209,6.667660004961254,6.87795490022126,45.20189666748047,9.751883506774902,10.563217163085938,7.653319356520339,9.47781826195182,52.74306869506836,"{""loss"": 45.44686508178711, ""mape"": 45.44686508178711, ""mae"": 9.631606101989746, ""val_loss"": 45.20189666748047, ""val_mape"": 45.20189666748047, ""val_mae"": 9.482792854309082, ""lr"": 0.00010000000474974513, ""val_mae12"": 7.752927303314209, ""val_me"": 6.667660004961254, ""val_me12"": 6.87795490022126, ""mape_2021"": 52.74306869506836, ""mae_2021"": 9.751883506774902, ""mae12_2021"": 10.563217163085938, ""me_2021"": 7.653319356520339, ""me12_2021"": 9.47781826195182, ""epochs_trained"": 116}",2026-07-04T03:22:40.267591,completed,12.1
6,MAPE,120,0,relu,2,16,0.1,45.170074462890625,9.280510902404785,8.059663772583008,6.97024699832596,7.347668879021205,45.170074462890625,10.083114624023438,11.331846237182617,8.030902006440897,10.528423455284209,56.83006286621094,"{""loss"": 50.31834030151367, ""mape"": 50.31834030151367, ""mae"": 10.75776195526123, ""val_loss"": 45.170074462890625, ""val_mape"": 45.170074462890625, ""val_mae"": 9.280510902404785, ""lr"": 0.00010000000474974513, ""val_mae12"": 8.059663772583008, ""val_me"": 6.97024699832596, ""val_me12"": 7.347668879021205, ""mape_2021"": 56.83006286621094, ""mae_2021"": 10.083114624023438, ""mae12_2021"": 11.331846237182617, ""me_2021"": 8.030902006440897, ""me12_2021"": 10.528423455284209, ""epochs_trained"": 116}",2026-07-04T03:22:40.379621,completed,12.1
6,MAPE,120,0,relu,1,256,0.3,15.778532028198242,3.008812427520752,4.865947723388672,1.1075745120971838,1.819153770201496,15.778532028198242,3.3325440883636475,3.8126606941223145,1.8304630850794286,-2.542241661517096,18.235410690307617,"{""loss"": 16.237030029296875, ""mape"": 16.237030029296875, ""mae"": 3.41400146484375, ""val_loss"": 15.778532028198242, ""val_mape"": 15.778532028198242, ""val_mae"": 3.008812427520752, ""lr"": 0.00010000000474974513, ""val_mae12"": 4.865947723388672, ""val_me"": 1.1075745120971838, ""val_me12"": 1.819153770201496, ""mape_2021"": 18.235410690307617, ""mae_2021"": 3.3325440883636475, ""mae12_2021"": 3.8126606941223145, ""me_2021"": 1.8304630850794286, ""me12_2021"": -2.542241661517096, ""epochs_trained"": 351}",2026-07-04T03:22:44.661295,completed,35.1
6,MAPE,120,0,relu,2,16,0.3,46.15839385986328,9.859739303588867,6.2098307609558105,8.217267931821581,5.380458854731086,46.15839385986328,10.449769020080566,9.65245246887207,9.113024417282295,8.569686143744383,56.715301513671875,"{""loss"": 57.192832946777344, ""mape"": 57.192832946777344, ""mae"": 12.71484375, ""val_loss"": 46.15839385986328, ""val_mape"": 46.15839385986328, ""val_mae"": 9.859739303588867, ""lr"": 0.00010000000474974513, ""val_mae12"": 6.2098307609558105, ""val_me"": 8.217267931821581, ""val_me12"": 5.380458854731086, ""mape_2021"": 56.715301513671875, ""mae_2021"": 10.449769020080566, ""mae12_2021"": 9.65245246887207, ""me_2021"": 9.113024417282295, ""me12_2021"": 8.569686143744383, ""epochs_trained"": 112}",2026-07-04T03:22:47.416797,completed,8.1
6,MAPE,120,0,relu,2,32,0.05,46.34148025512695,9.409483909606934,9.777628898620605,6.604559420162166,9.657771052920832,46.34148025512695,9.987726211547852,13.415111541748047,7.637148898548223,13.354274660606688,59.51477813720703,"{""loss"": 46.925071716308594, ""mape"": 46.925071716308594, ""mae"": 9.65019416809082, ""val_loss"": 46.34148025512695, ""val_mape"": 46.34148025512695, ""val_mae"": 9.409483909606934, ""lr"": 0.00010000000474974513, ""val_mae12"": 9.777628898620605, ""val_me"": 6.604559420162166, ""val_me12"": 9.657771052920832, ""mape_2021"": 59.51477813720703, ""mae_2021"": 9.987726211547852, ""mae12_2021"": 13.415111541748047, ""me_2021"": 7.637148898548223, ""me12_2021"": 13.354274660606688, ""epochs_trained"": 88}",2026-07-04T03:23:03.030639,completed,14.9
6,MAPE,120,0,relu,2,32,0.1,44.86884689331055,9.314739227294922,8.22433090209961,6.611973883664948,7.767328465917873,44.86884689331055,9.838170051574707,11.376751899719238,7.649687468613239,10.784566471128059,56.06298065185547,"{""loss"": 46.296417236328125, ""mape"": 46.296417236328125, ""mae"": 9.736172676086426, ""val_loss"": 44.86884689331055, ""val_mape"": 44.86884689331055, ""val_mae"": 9.314739227294922, ""lr"": 0.00010000000474974513, ""val_mae12"": 8.22433090209961, ""val_me"": 6.611973883664948, ""val_me12"": 7.767328465917873, ""mape_2021"": 56.06298065185547, ""mae_2021"": 9.838170051574707, ""mae12_2021"": 11.376751899719238, ""me_2021"": 7.649687468613239, ""me12_2021"": 10.784566471128059, ""epochs_trained"": 89}",2026-07-04T03:23:03.048645,completed,14.9
6,MAPE,120,0,relu,2,32,0.3,45.51240921020508,9.627358436584473,7.580273628234863,7.070442722665363,7.115731940901375,45.51240921020508,10.048420906066895,11.174920082092285,8.102489071844769,10.714019833045484,57.250099182128906,"{""loss"": 51.15829086303711, ""mape"": 51.15829086303711, ""mae"": 11.008986473083496, ""val_loss"": 45.51240921020508, ""val_mape"": 45.51240921020508, ""val_mae"": 9.627358436584473, ""lr"": 0.00010000000474974513, ""val_mae12"": 7.580273628234863, ""val_me"": 7.070442722665363, ""val_me12"": 7.115731940901375, ""mape_2021"": 57.250099182128906, ""mae_2021"": 10.048420906066895, ""mae12_2021"": 11.174920082092285, ""me_2021"": 8.102489071844769, ""me12_2021"": 10.714019833045484, ""epochs_trained"": 88}",2026-07-04T03:23:03.182593,completed,15.0
6,MAPE,120,0,relu,2,64,0.1,44.946346282958984,9.016914367675781,7.879615783691406,6.870709645534588,7.716060435972578,44.946346282958984,10.115474700927734,11.33879280090332,8.022743436491426,11.172069215370056,58.50326919555664,"{""loss"": 46.624534606933594, ""mape"": 46.624534606933594, ""mae"": 9.557315826416016, ""val_loss"": 44.946346282958984, ""val_mape"": 44.946346282958984, ""val_mae"": 9.016914367675781, ""lr"": 0.00010000000474974513, ""val_mae12"": 7.879615783691406, ""val_me"": 6.870709645534588, ""val_me12"": 7.716060435972578, ""mape_2021"": 58.50326919555664, ""mae_2021"": 10.115474700927734, ""mae12_2021"": 11.33879280090332, ""me_2021"": 8.022743436491426, ""me12_2021"": 11.172069215370056, ""epochs_trained"": 55}",2026-07-04T03:23:11.182213,completed,8.0
6,MAPE,120,0,relu,2,64,0.0,44.92533874511719,9.026986122131348,9.356855392456055,6.749360197786188,9.08349779620233,44.92533874511719,9.78669261932373,12.663052558898926,7.573249695611216,12.390861818341804,56.785362243652344,"{""loss"": 44.27556228637695, ""mape"": 44.27556228637695, ""mae"": 8.997214317321777, ""val_loss"": 44.92533874511719, ""val_mape"": 44.92533874511719, ""val_mae"": 9.026986122131348, ""lr"": 1.0000000656873453e-05, ""val_mae12"": 9.356855392456055, ""val_me"": 6.749360197786188, ""val_me12"": 9.08349779620233, ""mape_2021"": 56.785362243652344, ""mae_2021"": 9.78669261932373, ""mae12_2021"": 12.663052558898926, ""me_2021"": 7.573249695611216, ""me12_2021"": 12.390861818341804, ""epochs_trained"": 95}",2026-07-04T03:23:12.821556,completed,9.8
6,MAPE,120,0,relu,2,64,0.3,45.26152801513672,9.363504409790039,6.607647895812988,6.928460071518359,6.281462344860108,45.26152801513672,10.137470245361328,9.913461685180664,8.144001802987772,9.522328927818883,57.12201690673828,"{""loss"": 48.66725158691406, ""mape"": 48.66725158691406, ""mae"": 10.285591125488281, ""val_loss"": 45.26152801513672, ""val_mape"": 45.26152801513672, ""val_mae"": 9.363504409790039, ""lr"": 0.00010000000474974513, ""val_mae12"": 6.607647895812988, ""val_me"": 6.928460071518359, ""val_me12"": 6.281462344860108, ""mape_2021"": 57.12201690673828, ""mae_2021"": 10.137470245361328, ""mae12_2021"": 9.913461685180664, ""me_2021"": 8.144001802987772, ""me12_2021"": 9.522328927818883, ""epochs_trained"": 65}",2026-07-04T03:23:26.687065,completed,15.5
6,MAPE,120,0,relu,2,64,0.05,4.622578144073486,0.8783783912658691,1.432064414024353,0.14465733899746702,0.04285572347914925,4.622578144073486,0.8584551811218262,1.4832391738891602,0.4325907861780429,-1.2470655850212835,4.999919891357422,"{""loss"": 6.214179515838623, ""mape"": 6.214179515838623, ""mae"": 1.33616042137146, ""val_loss"": 4.622578144073486, ""val_mape"": 4.622578144073486, ""val_mae"": 0.8783783912658691, ""lr"": 0.00010000000474974513, ""val_mae12"": 1.432064414024353, ""val_me"": 0.14465733899746702, ""val_me12"": 0.04285572347914925, ""mape_2021"": 4.999919891357422, ""mae_2021"": 0.8584551811218262, ""mae12_2021"": 1.4832391738891602, ""me_2021"": 0.4325907861780429, ""me12_2021"": -1.2470655850212835, ""epochs_trained"": 601}",2026-07-04T03:24:17.094251,completed,74.0
6,MAPE,120,0,relu,2,32,0.0,16.82061767578125,3.2727808952331543,4.262999534606934,0.7569476969763622,3.6580905972866202,16.82061767578125,3.4077467918395996,2.38986873626709,1.3363771303113632,0.4675499640430615,17.567895889282227,"{""loss"": 13.61216926574707, ""mape"": 13.61216926574707, ""mae"": 2.8612685203552246, ""val_loss"": 16.82061767578125, ""val_mape"": 16.82061767578125, ""val_mae"": 3.2727808952331543, ""lr"": 1.0000000656873453e-05, ""val_mae12"": 4.262999534606934, ""val_me"": 0.7569476969763622, ""val_me12"": 3.6580905972866202, ""mape_2021"": 17.567895889282227, ""mae_2021"": 3.4077467918395996, ""mae12_2021"": 2.38986873626709, ""me_2021"": 1.3363771303113632, ""me12_2021"": 0.4675499640430615, ""epochs_trained"": 1947}",2026-07-04T03:26:33.704547,completed,225.5
6,MAPE,120,0,relu,2,128,0.05,15.132861137390137,2.873054027557373,4.2059760093688965,0.14225323462919873,2.6081286251313585,15.132861137390137,2.9554319381713867,2.1917335987091064,0.8386213731223593,-0.6288726381552666,15.440107345581055,"{""loss"": 13.275547981262207, ""mape"": 13.275547981262207, ""mae"": 2.7085607051849365, ""val_loss"": 15.132861137390137, ""val_mape"": 15.132861137390137, ""val_mae"": 2.873054027557373, ""lr"": 0.00010000000474974513, ""val_mae12"": 4.2059760093688965, ""val_me"": 0.14225323462919873, ""val_me12"": 2.6081286251313585, ""mape_2021"": 15.440107345581055, ""mae_2021"": 2.9554319381713867, ""mae12_2021"": 2.1917335987091064, ""me_2021"": 0.8386213731223593, ""me12_2021"": -0.6288726381552666, ""epochs_trained"": 194}",2026-07-04T03:27:07.140397,completed,32.6
6,MAPE,120,0,relu,2,128,0.1,16.87133026123047,3.2672367095947266,4.284170627593994,0.3939959122037903,2.4051972018952794,16.87133026123047,3.2464447021484375,2.7080368995666504,1.1452876099017073,-0.7958965437254371,16.958011627197266,"{""loss"": 15.962990760803223, ""mape"": 15.962990760803223, ""mae"": 3.263915777206421, ""val_loss"": 16.87133026123047, ""val_mape"": 16.87133026123047, ""val_mae"": 3.2672367095947266, ""lr"": 0.00010000000474974513, ""val_mae12"": 4.284170627593994, ""val_me"": 0.3939959122037903, ""val_me12"": 2.4051972018952794, ""mape_2021"": 16.958011627197266, ""mae_2021"": 3.2464447021484375, ""mae12_2021"": 2.7080368995666504, ""me_2021"": 1.1452876099017073, ""me12_2021"": -0.7958965437254371, ""epochs_trained"": 157}",2026-07-04T03:27:07.578718,completed,33.0
6,MAPE,120,0,relu,2,128,0.0,10.474040985107422,2.0170414447784424,2.7916927337646484,-0.03830550275548763,1.0330743709900814,10.474040985107422,1.9712061882019043,2.3490755558013916,0.5497647444351317,-1.8084726138566882,11.146132469177246,"{""loss"": 7.731729030609131, ""mape"": 7.731729030609131, ""mae"": 1.604912519454956, ""val_loss"": 10.474040985107422, ""val_mape"": 10.474040985107422, ""val_mae"": 2.0170414447784424, ""lr"": 0.00010000000474974513, ""val_mae12"": 2.7916927337646484, ""val_me"": -0.03830550275548763, ""val_me12"": 1.0330743709900814, ""mape_2021"": 11.146132469177246, ""mae_2021"": 1.9712061882019043, ""mae12_2021"": 2.3490755558013916, ""me_2021"": 0.5497647444351317, ""me12_2021"": -1.8084726138566882, ""epochs_trained"": 278}",2026-07-04T03:27:15.137235,completed,40.6
6,MAPE,120,0,relu,2,256,0.05,16.727779388427734,3.233548879623413,4.235642910003662,0.718009071643768,1.3740310939070846,16.727779388427734,3.3290188312530518,3.0247373580932617,1.4825304488895588,-2.0114393435703612,17.44991683959961,"{""loss"": 14.819703102111816, ""mape"": 14.819703102111816, ""mae"": 2.9680674076080322, ""val_loss"": 16.727779388427734, ""val_mape"": 16.727779388427734, ""val_mae"": 3.233548879623413, ""lr"": 0.00010000000474974513, ""val_mae12"": 4.235642910003662, ""val_me"": 0.718009071643768, ""val_me12"": 1.3740310939070846, ""mape_2021"": 17.44991683959961, ""mae_2021"": 3.3290188312530518, ""mae12_2021"": 3.0247373580932617, ""me_2021"": 1.4825304488895588, ""me12_2021"": -2.0114393435703612, ""epochs_trained"": 121}",2026-07-04T03:27:36.675150,completed,29.1
6,MAPE,120,0,relu,2,128,0.3,4.954161643981934,0.9097592830657959,1.5653104782104492,0.17082124903487342,0.4255574157999372,4.954161643981934,0.9229698181152344,1.6683268547058105,0.5148049385364546,-1.2236059471387504,5.524318695068359,"{""loss"": 9.415435791015625, ""mape"": 9.415435791015625, ""mae"": 2.100001573562622, ""val_loss"": 4.954161643981934, ""val_mape"": 4.954161643981934, ""val_mae"": 0.9097592830657959, ""lr"": 0.00010000000474974513, ""val_mae12"": 1.5653104782104492, ""val_me"": 0.17082124903487342, ""val_me12"": 0.4255574157999372, ""mape_2021"": 5.524318695068359, ""mae_2021"": 0.9229698181152344, ""mae12_2021"": 1.6683268547058105, ""me_2021"": 0.5148049385364546, ""me12_2021"": -1.2236059471387504, ""epochs_trained"": 457}",2026-07-04T03:27:37.079643,completed,62.5
6,MAPE,120,0,relu,2,256,0.1,16.811349868774414,3.2924702167510986,4.106181621551514,0.6551026002314955,1.6024418904078015,16.811349868774414,3.4006049633026123,2.798032522201538,1.4140077214298157,-1.1262506455778476,17.582088470458984,"{""loss"": 15.805668830871582, ""mape"": 15.805668830871582, ""mae"": 3.199000358581543, ""val_loss"": 16.811349868774414, ""val_mape"": 16.811349868774414, ""val_mae"": 3.2924702167510986, ""lr"": 0.00010000000474974513, ""val_mae12"": 4.106181621551514, ""val_me"": 0.6551026002314955, ""val_me12"": 1.6024418904078015, ""mape_2021"": 17.582088470458984, ""mae_2021"": 3.4006049633026123, ""mae12_2021"": 2.798032522201538, ""me_2021"": 1.4140077214298157, ""me12_2021"": -1.1262506455778476, ""epochs_trained"": 104}",2026-07-04T03:27:39.719832,completed,24.6
6,MAPE,120,0,relu,2,256,0.0,3.988771915435791,0.7641966938972473,1.0885158777236938,0.013605649085338638,-0.058533875041800104,3.988771915435791,0.8155773282051086,1.242309808731079,0.24040599871675222,-1.0174684445382771,4.682262420654297,"{""loss"": 2.6922197341918945, ""mape"": 2.6922197341918945, ""mae"": 0.5666711330413818, ""val_loss"": 3.988771915435791, ""val_mape"": 3.988771915435791, ""val_mae"": 0.7641966938972473, ""lr"": 1.0000000656873453e-05, ""val_mae12"": 1.0885158777236938, ""val_me"": 0.013605649085338638, ""val_me12"": -0.058533875041800104, ""mape_2021"": 4.682262420654297, ""mae_2021"": 0.8155773282051086, ""mae12_2021"": 1.242309808731079, ""me_2021"": 0.24040599871675222, ""me12_2021"": -1.0174684445382771, ""epochs_trained"": 517}",2026-07-04T03:28:10.298280,completed,63.2
6,MAPE,120,0,relu,2,256,0.3,4.7589192390441895,0.8419967889785767,1.588366150856018,-0.06278421194405344,0.5091523564281452,4.7589192390441895,0.8359500169754028,1.7780134677886963,0.27609159450444526,-1.396550230734542,5.383863925933838,"{""loss"": 7.466154098510742, ""mape"": 7.466154098510742, ""mae"": 1.646735429763794, ""val_loss"": 4.7589192390441895, ""val_mape"": 4.7589192390441895, ""val_mae"": 0.8419967889785767, ""lr"": 0.00010000000474974513, ""val_mae12"": 1.588366150856018, ""val_me"": -0.06278421194405344, ""val_me12"": 0.5091523564281452, ""mape_2021"": 5.383863925933838, ""mae_2021"": 0.8359500169754028, ""mae12_2021"": 1.7780134677886963, ""me_2021"": 0.27609159450444526, ""me12_2021"": -1.396550230734542, ""epochs_trained"": 413}",2026-07-04T03:28:21.596093,completed,44.9
6,MAPE,120,0,relu,3,16,0.0,45.930179595947266,9.107895851135254,9.285550117492676,7.044774050928498,9.157538330348741,45.930179595947266,10.056833267211914,12.979546546936035,8.018159271146677,12.988902594462097,60.11163330078125,"{""loss"": 45.052574157714844, ""mape"": 45.052574157714844, ""mae"": 8.99465274810791, ""val_loss"": 45.930179595947266, ""val_mape"": 45.930179595947266, ""val_mae"": 9.107895851135254, ""lr"": 0.00010000000474974513, ""val_mae12"": 9.285550117492676, ""val_me"": 7.044774050928498, ""val_me12"": 9.157538330348741, ""mape_2021"": 60.11163330078125, ""mae_2021"": 10.056833267211914, ""mae12_2021"": 12.979546546936035, ""me_2021"": 8.018159271146677, ""me12_2021"": 12.988902594462097, ""epochs_trained"": 94}",2026-07-04T03:28:41.835748,completed,19.4
6,MAPE,120,0,relu,3,16,0.05,47.23762893676758,9.790081024169922,9.258321762084961,6.761934113687423,9.143570708900237,47.23762893676758,9.942453384399414,13.028515815734863,7.770814354074364,12.979603565659296,59.32138442993164,"{""loss"": 48.21083068847656, ""mape"": 48.21083068847656, ""mae"": 10.01348876953125, ""val_loss"": 47.23762893676758, ""val_mape"": 47.23762893676758, ""val_mae"": 9.790081024169922, ""lr"": 0.00010000000474974513, ""val_mae12"": 9.258321762084961, ""val_me"": 6.761934113687423, ""val_me12"": 9.143570708900237, ""mape_2021"": 59.32138442993164, ""mae_2021"": 9.942453384399414, ""mae12_2021"": 13.028515815734863, ""me_2021"": 7.770814354074364, ""me12_2021"": 12.979603565659296, ""epochs_trained"": 104}",2026-07-04T03:28:42.425446,completed,19.9
6,MAPE,120,0,relu,3,16,0.3,48.85343933105469,10.892582893371582,4.683769702911377,9.288929271989455,3.865832678040194,48.85343933105469,11.05478286743164,7.444906711578369,10.192480078859488,6.442418903370206,57.61290740966797,"{""loss"": 60.5888786315918, ""mape"": 60.5888786315918, ""mae"": 13.584277153015137, ""val_loss"": 48.85343933105469, ""val_mape"": 48.85343933105469, ""val_mae"": 10.892582893371582, ""lr"": 0.00010000000474974513, ""val_mae12"": 4.683769702911377, ""val_me"": 9.288929271989455, ""val_me12"": 3.865832678040194, ""mape_2021"": 57.61290740966797, ""mae_2021"": 11.05478286743164, ""mae12_2021"": 7.444906711578369, ""me_2021"": 10.192480078859488, ""me12_2021"": 6.442418903370206, ""epochs_trained"": 108}",2026-07-04T03:28:42.813785,completed,20.3
6,MAPE,120,0,relu,3,16,0.1,47.4088020324707,9.929065704345703,7.8122029304504395,7.564212393371416,7.620737678928641,47.4088020324707,10.303544044494629,11.546642303466797,8.594891426584933,11.369051033957748,59.980018615722656,"{""loss"": 54.484561920166016, ""mape"": 54.484561920166016, ""mae"": 11.672279357910156, ""val_loss"": 47.4088020324707, ""val_mape"": 47.4088020324707, ""val_mae"": 9.929065704345703, ""lr"": 0.00010000000474974513, ""val_mae12"": 7.8122029304504395, ""val_me"": 7.564212393371416, ""val_me12"": 7.620737678928641, ""mape_2021"": 59.980018615722656, ""mae_2021"": 10.303544044494629, ""mae12_2021"": 11.546642303466797, ""me_2021"": 8.594891426584933, ""me12_2021"": 11.369051033957748, ""epochs_trained"": 112}",2026-07-04T03:28:43.125195,completed,20.6
6,MAPE,120,0,relu,3,32,0.0,45.22443389892578,8.906002044677734,8.280359268188477,6.915671906285651,8.159198593520928,45.22443389892578,10.039955139160156,11.934310913085938,7.978579260217946,11.837251139165685,59.04629898071289,"{""loss"": 45.44374084472656, ""mape"": 45.44374084472656, ""mae"": 9.132330894470215, ""val_loss"": 45.22443389892578, ""val_mape"": 45.22443389892578, ""val_mae"": 8.906002044677734, ""lr"": 0.00010000000474974513, ""val_mae12"": 8.280359268188477, ""val_me"": 6.915671906285651, ""val_me12"": 8.159198593520928, ""mape_2021"": 59.04629898071289, ""mae_2021"": 10.039955139160156, ""mae12_2021"": 11.934310913085938, ""me_2021"": 7.978579260217946, ""me12_2021"": 11.837251139165685, ""epochs_trained"": 73}",2026-07-04T03:28:53.214794,completed,11.4
6,MAPE,120,0,relu,3,32,0.1,45.69424819946289,9.444043159484863,6.3444318771362305,7.073744071628022,5.9645106436014705,45.69424819946289,10.291244506835938,9.89008903503418,8.323018319879225,9.348257290250233,57.81617736816406,"{""loss"": 48.20820236206055, ""mape"": 48.20820236206055, ""mae"": 10.05296516418457, ""val_loss"": 45.69424819946289, ""val_mape"": 45.69424819946289, ""val_mae"": 9.444043159484863, ""lr"": 0.00010000000474974513, ""val_mae12"": 6.3444318771362305, ""val_me"": 7.073744071628022, ""val_me12"": 5.9645106436014705, ""mape_2021"": 57.81617736816406, ""mae_2021"": 10.291244506835938, ""mae12_2021"": 9.89008903503418, ""me_2021"": 8.323018319879225, ""me12_2021"": 9.348257290250233, ""epochs_trained"": 75}",2026-07-04T03:28:54.650372,completed,11.8
6,MAPE,120,0,relu,3,32,0.3,46.49158477783203,10.260278701782227,5.567632675170898,7.2108222565703155,4.881968063865966,46.49158477783203,10.155538558959961,8.734868049621582,8.448634787000712,7.845304806181185,55.57525634765625,"{""loss"": 52.76704406738281, ""mape"": 52.76704406738281, ""mae"": 11.523052215576172, ""val_loss"": 46.49158477783203, ""val_mape"": 46.49158477783203, ""val_mae"": 10.260278701782227, ""lr"": 0.00010000000474974513, ""val_mae12"": 5.567632675170898, ""val_me"": 7.2108222565703155, ""val_me12"": 4.881968063865966, ""mape_2021"": 55.57525634765625, ""mae_2021"": 10.155538558959961, ""mae12_2021"": 8.734868049621582, ""me_2021"": 8.448634787000712, ""me12_2021"": 7.845304806181185, ""epochs_trained"": 81}",2026-07-04T03:28:55.264880,completed,12.1
6,MAPE,120,0,relu,3,32,0.05,5.034090995788574,0.9444730281829834,1.5703051090240479,0.25984751170205916,0.5279524531352777,5.034090995788574,0.9106124639511108,1.3492759466171265,0.5548055058346907,-0.6972278693389511,5.095576763153076,"{""loss"": 7.6436238288879395, ""mape"": 7.6436238288879395, ""mae"": 1.6966358423233032, ""val_loss"": 5.034090995788574, ""val_mape"": 5.034090995788574, ""val_mae"": 0.9444730281829834, ""lr"": 0.00010000000474974513, ""val_mae12"": 1.5703051090240479, ""val_me"": 0.25984751170205916, ""val_me12"": 0.5279524531352777, ""mape_2021"": 5.095576763153076, ""mae_2021"": 0.9106124639511108, ""mae12_2021"": 1.3492759466171265, ""me_2021"": 0.5548055058346907, ""me12_2021"": -0.6972278693389511, ""epochs_trained"": 447}",2026-07-04T03:29:13.633492,completed,31.2
6,MAPE,120,0,relu,3,64,0.3,43.513389587402344,9.23360538482666,3.9596385955810547,7.913457098521138,3.3428662427021507,43.513389587402344,10.392964363098145,6.902645587921143,9.175144385025247,6.040027159489475,55.817596435546875,"{""loss"": 48.616973876953125, ""mape"": 48.616973876953125, ""mae"": 10.368043899536133, ""val_loss"": 43.513389587402344, ""val_mape"": 43.513389587402344, ""val_mae"": 9.23360538482666, ""lr"": 0.00010000000474974513, ""val_mae12"": 3.9596385955810547, ""val_me"": 7.913457098521138, ""val_me12"": 3.3428662427021507, ""mape_2021"": 55.817596435546875, ""mae_2021"": 10.392964363098145, ""mae12_2021"": 6.902645587921143, ""me_2021"": 9.175144385025247, ""me12_2021"": 6.040027159489475, ""epochs_trained"": 63}",2026-07-04T03:29:41.347914,completed,26.5
6,MAPE,120,0,relu,3,64,0.05,6.106791973114014,1.1050549745559692,2.0464706420898438,0.08864901628480694,1.177124304329223,6.106791973114014,1.0695661306381226,1.7124818563461304,0.4527149619609761,-1.0363298505726188,6.162280559539795,"{""loss"": 7.394991874694824, ""mape"": 7.394991874694824, ""mae"": 1.5823737382888794, ""val_loss"": 6.106791973114014, ""val_mape"": 6.106791973114014, ""val_mae"": 1.1050549745559692, ""lr"": 0.00010000000474974513, ""val_mae12"": 2.0464706420898438, ""val_me"": 0.08864901628480694, ""val_me12"": 1.177124304329223, ""mape_2021"": 6.162280559539795, ""mae_2021"": 1.0695661306381226, ""mae12_2021"": 1.7124818563461304, ""me_2021"": 0.4527149619609761, ""me12_2021"": -1.0363298505726188, ""epochs_trained"": 323}",2026-07-04T03:30:06.855654,completed,52.0
6,MAPE,120,0,relu,3,64,0.1,4.900546550750732,0.984788715839386,1.2544236183166504,0.292598736422659,0.5290018236243005,4.900546550750732,0.9357523918151855,1.303177833557129,0.5413357646869742,-0.703668843007138,5.256965160369873,"{""loss"": 7.790355682373047, ""mape"": 7.790355682373047, ""mae"": 1.7383376359939575, ""val_loss"": 4.900546550750732, ""val_mape"": 4.900546550750732, ""val_mae"": 0.984788715839386, ""lr"": 0.00010000000474974513, ""val_mae12"": 1.2544236183166504, ""val_me"": 0.292598736422659, ""val_me12"": 0.5290018236243005, ""mape_2021"": 5.256965160369873, ""mae_2021"": 0.9357523918151855, ""mae12_2021"": 1.303177833557129, ""me_2021"": 0.5413357646869742, ""me12_2021"": -0.703668843007138, ""epochs_trained"": 347}",2026-07-04T03:30:08.907956,completed,54.1
6,MAPE,120,0,relu,3,64,0.0,4.824383735656738,0.8672562837600708,1.3314977884292603,-0.03841365701605745,0.3798039099434265,4.824383735656738,0.9431427121162415,1.344010591506958,0.23514124825492955,-1.0426422210108852,5.581025123596191,"{""loss"": 3.1973631381988525, ""mape"": 3.1973631381988525, ""mae"": 0.6530254483222961, ""val_loss"": 4.824383735656738, ""val_mape"": 4.824383735656738, ""val_mae"": 0.8672562837600708, ""lr"": 0.00010000000474974513, ""val_mae12"": 1.3314977884292603, ""val_me"": -0.03841365701605745, ""val_me12"": 0.3798039099434265, ""mape_2021"": 5.581025123596191, ""mae_2021"": 0.9431427121162415, ""mae12_2021"": 1.344010591506958, ""me_2021"": 0.23514124825492955, ""me12_2021"": -1.0426422210108852, ""epochs_trained"": 551}",2026-07-04T03:30:33.787403,completed,79.0
6,MAPE,120,0,relu,3,128,0.0,4.876330375671387,0.8554026484489441,1.6029387712478638,-0.007129393753658526,0.6065391356599751,4.876330375671387,0.9623815417289734,1.433250069618225,0.21926861535607747,-0.8448784467083387,5.698060512542725,"{""loss"": 2.8224151134490967, ""mape"": 2.8224151134490967, ""mae"": 0.5943950414657593, ""val_loss"": 4.876330375671387, ""val_mape"": 4.876330375671387, ""val_mae"": 0.8554026484489441, ""lr"": 1.0000000656873453e-05, ""val_mae12"": 1.6029387712478638, ""val_me"": -0.007129393753658526, ""val_me12"": 0.6065391356599751, ""mape_2021"": 5.698060512542725, ""mae_2021"": 0.9623815417289734, ""mae12_2021"": 1.433250069618225, ""me_2021"": 0.21926861535607747, ""me12_2021"": -0.8448784467083387, ""epochs_trained"": 434}",2026-07-04T03:30:38.738440,completed,57.4
6,MAPE,120,0,relu,3,128,0.05,5.385921478271484,0.9680573344230652,1.7159507274627686,0.15136646299454867,1.351889419227384,5.385921478271484,0.9973731637001038,1.5374501943588257,0.4012978270520786,-0.405295839206428,5.860956192016602,"{""loss"": 6.092279434204102, ""mape"": 6.092279434204102, ""mae"": 1.2718689441680908, ""val_loss"": 5.385921478271484, ""val_mape"": 5.385921478271484, ""val_mae"": 0.9680573344230652, ""lr"": 1.0000000656873453e-05, ""val_mae12"": 1.7159507274627686, ""val_me"": 0.15136646299454867, ""val_me12"": 1.351889419227384, ""mape_2021"": 5.860956192016602, ""mae_2021"": 0.9973731637001038, ""mae12_2021"": 1.5374501943588257, ""me_2021"": 0.4012978270520786, ""me12_2021"": -0.405295839206428, ""epochs_trained"": 262}",2026-07-04T03:30:45.971555,completed,39.1
6,MAPE,120,0,relu,3,128,0.1,5.364303112030029,1.077775239944458,1.2519298791885376,0.2570750838073376,0.7591406678149045,5.364303112030029,0.9969719648361206,1.2850595712661743,0.5333068943662572,-0.6315397024336187,5.570148944854736,"{""loss"": 6.827917575836182, ""mape"": 6.827917575836182, ""mae"": 1.4815309047698975, ""val_loss"": 5.364303112030029, ""val_mape"": 5.364303112030029, ""val_mae"": 1.077775239944458, ""lr"": 0.00010000000474974513, ""val_mae12"": 1.2519298791885376, ""val_me"": 0.2570750838073376, ""val_me12"": 0.7591406678149045, ""mape_2021"": 5.570148944854736, ""mae_2021"": 0.9969719648361206, ""mae12_2021"": 1.2850595712661743, ""me_2021"": 0.5333068943662572, ""me12_2021"": -0.6315397024336187, ""epochs_trained"": 270}",2026-07-04T03:30:47.707162,completed,38.8
6,MAPE,120,0,relu,3,128,0.3,9.749667167663574,2.0655643939971924,2.4940102100372314,0.7648565126586839,0.19741448542084433,9.749667167663574,1.935546636581421,2.268454074859619,1.3088114594672982,-1.7289320473499272,10.341215133666992,"{""loss"": 13.011972427368164, ""mape"": 13.011972427368164, ""mae"": 2.8775997161865234, ""val_loss"": 9.749667167663574, ""val_mape"": 9.749667167663574, ""val_mae"": 2.0655643939971924, ""lr"": 0.00010000000474974513, ""val_mae12"": 2.4940102100372314, ""val_me"": 0.7648565126586839, ""val_me12"": 0.19741448542084433, ""mape_2021"": 10.341215133666992, ""mae_2021"": 1.935546636581421, ""mae12_2021"": 2.268454074859619, ""me_2021"": 1.3088114594672982, ""me12_2021"": -1.7289320473499272, ""epochs_trained"": 194}",2026-07-04T03:30:57.249494,completed,23.5
6,MAPE,120,0,relu,3,256,0.3,8.793535232543945,2.089695930480957,1.5627588033676147,1.0535369498742073,0.3448033326287046,8.793535232543945,1.64382004737854,1.7247706651687622,1.3211047308209396,-1.247582768142715,8.423078536987305,"{""loss"": 9.34545612335205, ""mape"": 9.34545612335205, ""mae"": 2.058260679244995, ""val_loss"": 8.793535232543945, ""val_mape"": 8.793535232543945, ""val_mae"": 2.089695930480957, ""lr"": 0.00010000000474974513, ""val_mae12"": 1.5627588033676147, ""val_me"": 1.0535369498742073, ""val_me12"": 0.3448033326287046, ""mape_2021"": 8.423078536987305, ""mae_2021"": 1.64382004737854, ""mae12_2021"": 1.7247706651687622, ""me_2021"": 1.3211047308209396, ""me12_2021"": -1.247582768142715, ""epochs_trained"": 185}",2026-07-04T03:32:07.055797,completed,68.8
6,MAPE,120,0,relu,3,256,0.1,6.503879070281982,1.2258481979370117,1.9724934101104736,0.10495558665358519,0.847076390136685,6.503879070281982,1.2490065097808838,1.8247454166412354,0.5144719275268208,-1.0264705824329847,7.199560642242432,"{""loss"": 6.831909656524658, ""mape"": 6.831909656524658, ""mae"": 1.4453318119049072, ""val_loss"": 6.503879070281982, ""val_mape"": 6.503879070281982, ""val_mae"": 1.2258481979370117, ""lr"": 0.00010000000474974513, ""val_mae12"": 1.9724934101104736, ""val_me"": 0.10495558665358519, ""val_me12"": 0.847076390136685, ""mape_2021"": 7.199560642242432, ""mae_2021"": 1.2490065097808838, ""mae12_2021"": 1.8247454166412354, ""me_2021"": 0.5144719275268208, ""me12_2021"": -1.0264705824329847, ""epochs_trained"": 183}",2026-07-04T03:32:08.027279,completed,69.8
6,MAPE,120,0,relu,3,256,0.05,5.332328796386719,1.0078024864196777,1.3600107431411743,0.03314128232347314,0.9019483715979855,5.332328796386719,0.923028826713562,1.1800358295440674,0.2703308197140701,-0.38751696162361293,5.375965118408203,"{""loss"": 4.540971755981445, ""mape"": 4.540971755981445, ""mae"": 0.9716207385063171, ""val_loss"": 5.332328796386719, ""val_mape"": 5.332328796386719, ""val_mae"": 1.0078024864196777, ""lr"": 0.00010000000474974513, ""val_mae12"": 1.3600107431411743, ""val_me"": 0.03314128232347314, ""val_me12"": 0.9019483715979855, ""mape_2021"": 5.375965118408203, ""mae_2021"": 0.923028826713562, ""mae12_2021"": 1.1800358295440674, ""me_2021"": 0.2703308197140701, ""me12_2021"": -0.38751696162361293, ""epochs_trained"": 260}",2026-07-04T03:32:16.040803,completed,77.8
6,MAPE,120,0,relu,3,256,0.0,5.27414608001709,0.8788287043571472,1.626899242401123,-0.017463444010552366,0.8631741717378977,5.27414608001709,0.9329583048820496,1.3628774881362915,0.18474453772976088,-0.18371474813691505,5.743202209472656,"{""loss"": 2.6201701164245605, ""mape"": 2.6201701164245605, ""mae"": 0.5596140623092651, ""val_loss"": 5.27414608001709, ""val_mape"": 5.27414608001709, ""val_mae"": 0.8788287043571472, ""lr"": 0.00010000000474974513, ""val_mae12"": 1.626899242401123, ""val_me"": -0.017463444010552366, ""val_me12"": 0.8631741717378977, ""mape_2021"": 5.743202209472656, ""mae_2021"": 0.9329583048820496, ""mae12_2021"": 1.3628774881362915, ""me_2021"": 0.18474453772976088, ""me12_2021"": -0.18371474813691505, ""epochs_trained"": 389}",2026-07-04T03:32:23.425311,completed,85.2
6,MAPE,120,0,leaky_relu,1,16,0.0,47.33055114746094,9.284086227416992,8.39987850189209,7.7101376714169705,8.193451071108216,47.33055114746094,10.402565002441406,11.986977577209473,8.699013843707533,11.813881407439215,60.39558029174805,"{""loss"": 47.51565933227539, ""mape"": 47.51565933227539, ""mae"": 9.51728343963623, ""val_loss"": 47.33055114746094, ""val_mape"": 47.33055114746094, ""val_mae"": 9.284086227416992, ""lr"": 0.00010000000474974513, ""val_mae12"": 8.39987850189209, ""val_me"": 7.7101376714169705, ""val_me12"": 8.193451071108216, ""mape_2021"": 60.39558029174805, ""mae_2021"": 10.402565002441406, ""mae12_2021"": 11.986977577209473, ""me_2021"": 8.699013843707533, ""me12_2021"": 11.813881407439215, ""epochs_trained"": 133}",2026-07-04T03:32:23.443310,completed,16.4
6,MAPE,120,0,leaky_relu,1,16,0.05,46.13815689086914,9.338969230651855,8.96549129486084,7.169715295113773,8.458602090904385,46.13815689086914,10.141411781311035,12.169380187988281,8.122732511519077,11.694813244026626,57.81957244873047,"{""loss"": 48.042110443115234, ""mape"": 48.042110443115234, ""mae"": 9.930591583251953, ""val_loss"": 46.13815689086914, ""val_mape"": 46.13815689086914, ""val_mae"": 9.338969230651855, ""lr"": 0.00010000000474974513, ""val_mae12"": 8.96549129486084, ""val_me"": 7.169715295113773, ""val_me12"": 8.458602090904385, ""mape_2021"": 57.81957244873047, ""mae_2021"": 10.141411781311035, ""mae12_2021"": 12.169380187988281, ""me_2021"": 8.122732511519077, ""me12_2021"": 11.694813244026626, ""epochs_trained"": 142}",2026-07-04T03:32:24.005484,completed,16.0
6,MAPE,120,0,leaky_relu,1,16,0.1,47.628990173339844,9.851435661315918,8.428175926208496,8.242437487638862,8.185961677919531,47.628990173339844,10.572587966918945,11.490023612976074,9.049165656041357,11.317861333195317,59.331417083740234,"{""loss"": 51.43052673339844, ""mape"": 51.43052673339844, ""mae"": 10.72154426574707, ""val_loss"": 47.628990173339844, ""val_mape"": 47.628990173339844, ""val_mae"": 9.851435661315918, ""lr"": 0.00010000000474974513, ""val_mae12"": 8.428175926208496, ""val_me"": 8.242437487638862, ""val_me12"": 8.185961677919531, ""mape_2021"": 59.331417083740234, ""mae_2021"": 10.572587966918945, ""mae12_2021"": 11.490023612976074, ""me_2021"": 9.049165656041357, ""me12_2021"": 11.317861333195317, ""epochs_trained"": 166}",2026-07-04T03:32:28.214535,completed,12.2
6,MAPE,120,0,leaky_relu,1,16,0.3,45.92390060424805,9.841570854187012,5.43077278137207,8.875046045151418,4.542453368936029,45.92390060424805,10.698466300964355,7.683543682098389,9.775169497154112,6.706198911129936,55.910377502441406,"{""loss"": 58.256065368652344, ""mape"": 58.256065368652344, ""mae"": 12.440348625183105, ""val_loss"": 45.92390060424805, ""val_mape"": 45.92390060424805, ""val_mae"": 9.841570854187012, ""lr"": 0.00010000000474974513, ""val_mae12"": 5.43077278137207, ""val_me"": 8.875046045151418, ""val_me12"": 4.542453368936029, ""mape_2021"": 55.910377502441406, ""mae_2021"": 10.698466300964355, ""mae12_2021"": 7.683543682098389, ""me_2021"": 9.775169497154112, ""me12_2021"": 6.706198911129936, ""epochs_trained"": 417}",2026-07-04T03:32:40.035127,completed,16.6
6,MAPE,120,0,leaky_relu,1,32,0.05,47.970703125,9.335238456726074,7.18560266494751,8.019438878908021,6.926479998055225,47.970703125,10.677607536315918,10.739803314208984,9.14886767877844,10.575598345016498,61.34990692138672,"{""loss"": 49.488285064697266, ""mape"": 49.488285064697266, ""mae"": 9.8872652053833, ""val_loss"": 47.970703125, ""val_mape"": 47.970703125, ""val_mae"": 9.335238456726074, ""lr"": 0.00010000000474974513, ""val_mae12"": 7.18560266494751, ""val_me"": 8.019438878908021, ""val_me12"": 6.926479998055225, ""mape_2021"": 61.34990692138672, ""mae_2021"": 10.677607536315918, ""mae12_2021"": 10.739803314208984, ""me_2021"": 9.14886767877844, ""me12_2021"": 10.575598345016498, ""epochs_trained"": 74}",2026-07-04T03:32:54.517108,completed,13.7
6,MAPE,120,0,leaky_relu,1,32,0.0,46.71628189086914,9.252188682556152,7.276773929595947,7.785626193904076,6.608757033036077,46.71628189086914,10.444734573364258,10.592778205871582,8.827197967032665,9.86683621807623,58.30942153930664,"{""loss"": 47.29035568237305, ""mape"": 47.29035568237305, ""mae"": 9.5831880569458, ""val_loss"": 46.71628189086914, ""val_mape"": 46.71628189086914, ""val_mae"": 9.252188682556152, ""lr"": 0.00010000000474974513, ""val_mae12"": 7.276773929595947, ""val_me"": 7.785626193904076, ""val_me12"": 6.608757033036077, ""mape_2021"": 58.30942153930664, ""mae_2021"": 10.444734573364258, ""mae12_2021"": 10.592778205871582, ""me_2021"": 8.827197967032665, ""me12_2021"": 9.86683621807623, ""epochs_trained"": 106}",2026-07-04T03:32:55.673251,completed,14.9
6,MAPE,120,0,leaky_relu,1,32,0.3,46.29319763183594,9.51246452331543,8.196850776672363,7.644678755957731,7.9004137558307,46.29319763183594,10.297797203063965,11.446452140808105,8.588697846508717,11.213319858173035,58.3353157043457,"{""loss"": 53.025306701660156, ""mape"": 53.025306701660156, ""mae"": 11.21025562286377, ""val_loss"": 46.29319763183594, ""val_mape"": 46.29319763183594, ""val_mae"": 9.51246452331543, ""lr"": 0.00010000000474974513, ""val_mae12"": 8.196850776672363, ""val_me"": 7.644678755957731, ""val_me12"": 7.9004137558307, ""mape_2021"": 58.3353157043457, ""mae_2021"": 10.297797203063965, ""mae12_2021"": 11.446452140808105, ""me_2021"": 8.588697846508717, ""me12_2021"": 11.213319858173035, ""epochs_trained"": 115}",2026-07-04T03:32:55.941712,completed,15.1
6,MAPE,120,0,leaky_relu,1,32,0.1,45.150787353515625,9.165661811828613,8.275459289550781,6.941123223423776,7.438283941604634,45.150787353515625,10.003005981445312,10.734095573425293,7.987124926717392,9.947178622344635,54.698944091796875,"{""loss"": 48.02227783203125, ""mape"": 48.02227783203125, ""mae"": 10.051589012145996, ""val_loss"": 45.150787353515625, ""val_mape"": 45.150787353515625, ""val_mae"": 9.165661811828613, ""lr"": 0.00010000000474974513, ""val_mae12"": 8.275459289550781, ""val_me"": 6.941123223423776, ""val_me12"": 7.438283941604634, ""mape_2021"": 54.698944091796875, ""mae_2021"": 10.003005981445312, ""mae12_2021"": 10.734095573425293, ""me_2021"": 7.987124926717392, ""me12_2021"": 9.947178622344635, ""epochs_trained"": 127}",2026-07-04T03:32:56.441939,completed,15.6
6,MAPE,120,0,leaky_relu,1,64,0.0,46.34038543701172,9.25025749206543,6.472009181976318,7.932132017841479,5.785100177853234,46.34038543701172,10.561047554016113,9.573478698730469,9.062824249454849,8.894878043326575,58.10737228393555,"{""loss"": 47.46858596801758, ""mape"": 47.46858596801758, ""mae"": 9.663830757141113, ""val_loss"": 46.34038543701172, ""val_mape"": 46.34038543701172, ""val_mae"": 9.25025749206543, ""lr"": 0.00010000000474974513, ""val_mae12"": 6.472009181976318, ""val_me"": 7.932132017841479, ""val_me12"": 5.785100177853234, ""mape_2021"": 58.10737228393555, ""mae_2021"": 10.561047554016113, ""mae12_2021"": 9.573478698730469, ""me_2021"": 9.062824249454849, ""me12_2021"": 8.894878043326575, ""epochs_trained"": 89}",2026-07-04T03:33:02.728125,completed,8.2
6,MAPE,120,0,leaky_relu,1,64,0.05,45.5290412902832,9.28394889831543,8.920520782470703,6.88984924771999,7.691872123318376,45.5290412902832,10.089520454406738,12.062439918518066,7.8508029810458195,10.488280466567094,55.779300689697266,"{""loss"": 45.45024871826172, ""mape"": 45.45024871826172, ""mae"": 9.431154251098633, ""val_loss"": 45.5290412902832, ""val_mape"": 45.5290412902832, ""val_mae"": 9.28394889831543, ""lr"": 0.00010000000474974513, ""val_mae12"": 8.920520782470703, ""val_me"": 6.88984924771999, ""val_me12"": 7.691872123318376, ""mape_2021"": 55.779300689697266, ""mae_2021"": 10.089520454406738, ""mae12_2021"": 12.062439918518066, ""me_2021"": 7.8508029810458195, ""me12_2021"": 10.488280466567094, ""epochs_trained"": 100}",2026-07-04T03:33:04.407095,completed,8.7
6,MAPE,120,0,leaky_relu,1,64,0.1,45.93834686279297,9.351000785827637,8.949832916259766,6.629034173513562,8.459582894488461,45.93834686279297,10.064885139465332,11.979476928710938,7.727169706313154,11.541451201652546,57.242462158203125,"{""loss"": 47.59233093261719, ""mape"": 47.59233093261719, ""mae"": 9.862432479858398, ""val_loss"": 45.93834686279297, ""val_mape"": 45.93834686279297, ""val_mae"": 9.351000785827637, ""lr"": 0.00010000000474974513, ""val_mae12"": 8.949832916259766, ""val_me"": 6.629034173513562, ""val_me12"": 8.459582894488461, ""mape_2021"": 57.242462158203125, ""mae_2021"": 10.064885139465332, ""mae12_2021"": 11.979476928710938, ""me_2021"": 7.727169706313154, ""me12_2021"": 11.541451201652546, ""epochs_trained"": 104}",2026-07-04T03:33:04.767335,completed,8.8
6,MAPE,120,0,leaky_relu,1,64,0.3,45.53822326660156,9.278154373168945,8.201513290405273,6.85141318519755,7.778207959735408,45.53822326660156,10.062444686889648,11.03311824798584,7.95279907004461,10.610944609105093,56.195377349853516,"{""loss"": 50.209136962890625, ""mape"": 50.209136962890625, ""mae"": 10.584718704223633, ""val_loss"": 45.53822326660156, ""val_mape"": 45.53822326660156, ""val_mae"": 9.278154373168945, ""lr"": 0.00010000000474974513, ""val_mae12"": 8.201513290405273, ""val_me"": 6.85141318519755, ""val_me12"": 7.778207959735408, ""mape_2021"": 56.195377349853516, ""mae_2021"": 10.062444686889648, ""mae12_2021"": 11.03311824798584, ""me_2021"": 7.95279907004461, ""me12_2021"": 10.610944609105093, ""epochs_trained"": 108}",2026-07-04T03:33:05.311776,completed,8.9
7,MAPE,120,0,relu,1,16,0.0,90.96857452392578,22.349506378173828,4.4985246658325195,22.087241998655365,3.760002282045454,90.96857452392578,21.121328353881836,8.23877239227295,20.306864179687015,7.494354579441585,95.98979187011719,"{""loss"": 86.4931869506836, ""mape"": 86.4931869506836, ""mae"": 21.007631301879883, ""val_loss"": 90.96857452392578, ""val_mape"": 90.96857452392578, ""val_mae"": 22.349506378173828, ""lr"": 0.00010000000474974513, ""val_mae12"": 4.4985246658325195, ""val_me"": 22.087241998655365, ""val_me12"": 3.760002282045454, ""mape_2021"": 95.98979187011719, ""mae_2021"": 21.121328353881836, ""mae12_2021"": 8.23877239227295, ""me_2021"": 20.306864179687015, ""me12_2021"": 7.494354579441585, ""epochs_trained"": 47}",2026-07-04T04:11:47.022520,completed,23.5
7,MAPE,120,0,relu,1,16,0.05,46.98890686035156,9.521526336669922,6.462533950805664,8.126786039752567,6.177626866282511,46.98890686035156,10.801692008972168,10.1878662109375,9.290422920762046,9.86137063109605,61.9765739440918,"{""loss"": 50.64257049560547, ""mape"": 50.64257049560547, ""mae"": 10.361435890197754, ""val_loss"": 46.98890686035156, ""val_mape"": 46.98890686035156, ""val_mae"": 9.521526336669922, ""lr"": 0.00010000000474974513, ""val_mae12"": 6.462533950805664, ""val_me"": 8.126786039752567, ""val_me12"": 6.177626866282511, ""mape_2021"": 61.9765739440918, ""mae_2021"": 10.801692008972168, ""mae12_2021"": 10.1878662109375, ""me_2021"": 9.290422920762046, ""me12_2021"": 9.86137063109605, ""epochs_trained"": 97}",2026-07-04T04:11:49.021269,completed,25.5
7,MAPE,120,0,relu,1,16,0.1,46.558387756347656,9.472029685974121,8.736649513244629,7.546833996476338,8.390543402418396,46.558387756347656,10.283425331115723,12.20667552947998,8.460800559520333,11.809121812089233,58.77542495727539,"{""loss"": 49.4730110168457, ""mape"": 49.4730110168457, ""mae"": 10.374519348144531, ""val_loss"": 46.558387756347656, ""val_mape"": 46.558387756347656, ""val_mae"": 9.472029685974121, ""lr"": 0.00010000000474974513, ""val_mae12"": 8.736649513244629, ""val_me"": 7.546833996476338, ""val_me12"": 8.390543402418396, ""mape_2021"": 58.77542495727539, ""mae_2021"": 10.283425331115723, ""mae12_2021"": 12.20667552947998, ""me_2021"": 8.460800559520333, ""me12_2021"": 11.809121812089233, ""epochs_trained"": 150}",2026-07-04T04:11:52.426610,completed,28.9
7,MAPE,120,0,relu,1,32,0.0,47.77393341064453,9.574238777160645,10.286788940429688,6.658847636489553,10.210130053735485,47.77393341064453,10.157992362976074,14.106314659118652,7.703137885626031,14.113752033129394,61.22682571411133,"{""loss"": 47.4334716796875, ""mape"": 47.4334716796875, ""mae"": 9.557262420654297, ""val_loss"": 47.77393341064453, ""val_mape"": 47.77393341064453, ""val_mae"": 9.574238777160645, ""lr"": 0.00010000000474974513, ""val_mae12"": 10.286788940429688, ""val_me"": 6.658847636489553, ""val_me12"": 10.210130053735485, ""mape_2021"": 61.22682571411133, ""mae_2021"": 10.157992362976074, ""mae12_2021"": 14.106314659118652, ""me_2021"": 7.703137885626031, ""me12_2021"": 14.113752033129394, ""epochs_trained"": 94}",2026-07-04T04:11:59.171828,completed,12.1
7,MAPE,120,0,relu,1,32,0.05,46.43062973022461,9.397507667541504,9.134771347045898,6.983158306255388,8.883587542814254,46.43062973022461,10.157442092895508,12.45506477355957,8.037776665812348,12.289035758744294,58.77952194213867,"{""loss"": 47.54237747192383, ""mape"": 47.54237747192383, ""mae"": 9.790088653564453, ""val_loss"": 46.43062973022461, ""val_mape"": 46.43062973022461, ""val_mae"": 9.397507667541504, ""lr"": 0.00010000000474974513, ""val_mae12"": 9.134771347045898, ""val_me"": 6.983158306255388, ""val_me12"": 8.883587542814254, ""mape_2021"": 58.77952194213867, ""mae_2021"": 10.157442092895508, ""mae12_2021"": 12.45506477355957, ""me_2021"": 8.037776665812348, ""me12_2021"": 12.289035758744294, ""epochs_trained"": 112}",2026-07-04T04:12:01.937951,completed,12.9
7,MAPE,120,0,relu,1,32,0.1,45.42172622680664,9.210927963256836,8.798859596252441,6.799174583465516,7.925577934037758,45.42172622680664,10.061919212341309,11.899076461791992,7.843309015096246,10.881456914029245,56.48456573486328,"{""loss"": 47.40089797973633, ""mape"": 47.40089797973633, ""mae"": 9.91386604309082, ""val_loss"": 45.42172622680664, ""val_mape"": 45.42172622680664, ""val_mae"": 9.210927963256836, ""lr"": 0.00010000000474974513, ""val_mae12"": 8.798859596252441, ""val_me"": 6.799174583465516, ""val_me12"": 7.925577934037758, ""mape_2021"": 56.48456573486328, ""mae_2021"": 10.061919212341309, ""mae12_2021"": 11.899076461791992, ""me_2021"": 7.843309015096246, ""me12_2021"": 10.881456914029245, ""epochs_trained"": 129}",2026-07-04T04:12:05.758364,completed,13.3
7,MAPE,120,0,relu,1,16,0.3,37.596107482910156,7.860145568847656,5.483008861541748,6.323359744095334,5.00318462750738,37.596107482910156,8.604719161987305,6.938541412353516,7.140416467090153,6.030436392441453,46.45907974243164,"{""loss"": 44.93379592895508, ""mape"": 44.93379592895508, ""mae"": 9.809713363647461, ""val_loss"": 37.596107482910156, ""val_mape"": 37.596107482910156, ""val_mae"": 7.860145568847656, ""lr"": 0.00010000000474974513, ""val_mae12"": 5.483008861541748, ""val_me"": 6.323359744095334, ""val_me12"": 5.00318462750738, ""mape_2021"": 46.45907974243164, ""mae_2021"": 8.604719161987305, ""mae12_2021"": 6.938541412353516, ""me_2021"": 7.140416467090153, ""me12_2021"": 6.030436392441453, ""epochs_trained"": 417}",2026-07-04T04:12:06.960516,completed,43.5
7,MAPE,120,0,relu,1,32,0.3,46.15290451049805,9.363357543945312,8.449872016906738,7.119550422225238,8.117933718577643,46.15290451049805,10.233309745788574,11.917961120605469,8.195494409235788,11.605092978293756,58.85219192504883,"{""loss"": 50.91279983520508, ""mape"": 50.91279983520508, ""mae"": 10.719400405883789, ""val_loss"": 46.15290451049805, ""val_mape"": 46.15290451049805, ""val_mae"": 9.363357543945312, ""lr"": 0.00010000000474974513, ""val_mae12"": 8.449872016906738, ""val_me"": 7.119550422225238, ""val_me12"": 8.117933718577643, ""mape_2021"": 58.85219192504883, ""mae_2021"": 10.233309745788574, ""mae12_2021"": 11.917961120605469, ""me_2021"": 8.195494409235788, ""me12_2021"": 11.605092978293756, ""epochs_trained"": 107}",2026-07-04T04:12:09.136998,completed,10.0
7,MAPE,120,0,relu,1,64,0.3,46.20191192626953,9.405150413513184,8.626798629760742,6.996690108033911,8.232229113331888,46.20191192626953,10.157156944274902,11.929381370544434,8.054356812918822,11.631161848961813,58.27816390991211,"{""loss"": 48.81154251098633, ""mape"": 48.81154251098633, ""mae"": 10.210585594177246, ""val_loss"": 46.20191192626953, ""val_mape"": 46.20191192626953, ""val_mae"": 9.405150413513184, ""lr"": 0.00010000000474974513, ""val_mae12"": 8.626798629760742, ""val_me"": 6.996690108033911, ""val_me12"": 8.232229113331888, ""mape_2021"": 58.27816390991211, ""mae_2021"": 10.157156944274902, ""mae12_2021"": 11.929381370544434, ""me_2021"": 8.054356812918822, ""me12_2021"": 11.631161848961813, ""epochs_trained"": 85}",2026-07-04T04:12:26.022549,completed,15.9
7,MAPE,120,0,relu,1,64,0.05,46.486549377441406,9.456621170043945,8.934989929199219,6.480020879568467,8.020515325286338,46.486549377441406,10.116127967834473,12.448892593383789,7.571801513561797,11.34902158294955,57.403167724609375,"{""loss"": 45.963191986083984, ""mape"": 45.963191986083984, ""mae"": 9.47943115234375, ""val_loss"": 46.486549377441406, ""val_mape"": 46.486549377441406, ""val_mae"": 9.456621170043945, ""lr"": 0.00010000000474974513, ""val_mae12"": 8.934989929199219, ""val_me"": 6.480020879568467, ""val_me12"": 8.020515325286338, ""mape_2021"": 57.403167724609375, ""mae_2021"": 10.116127967834473, ""mae12_2021"": 12.448892593383789, ""me_2021"": 7.571801513561797, ""me12_2021"": 11.34902158294955, ""epochs_trained"": 89}",2026-07-04T04:12:26.033549,completed,15.9
7,MAPE,120,0,relu,1,64,0.0,46.68547439575195,9.529984474182129,9.257453918457031,6.66924824417212,8.77420842216004,46.68547439575195,10.095892906188965,12.51494026184082,7.729046834742404,12.052297010723699,57.68742752075195,"{""loss"": 46.081722259521484, ""mape"": 46.081722259521484, ""mae"": 9.486059188842773, ""val_loss"": 46.68547439575195, ""val_mape"": 46.68547439575195, ""val_mae"": 9.529984474182129, ""lr"": 0.00010000000474974513, ""val_mae12"": 9.257453918457031, ""val_me"": 6.66924824417212, ""val_me12"": 8.77420842216004, ""mape_2021"": 57.68742752075195, ""mae_2021"": 10.095892906188965, ""mae12_2021"": 12.51494026184082, ""me_2021"": 7.729046834742404, ""me12_2021"": 12.052297010723699, ""epochs_trained"": 92}",2026-07-04T04:12:26.187658,completed,16.1
7,MAPE,120,0,relu,1,64,0.1,46.541847229003906,9.447575569152832,9.028535842895508,6.799093866187637,8.616432276355177,46.541847229003906,10.165639877319336,12.409930229187012,7.881157953923129,12.060303707071535,58.62965393066406,"{""loss"": 47.88591003417969, ""mape"": 47.88591003417969, ""mae"": 9.871660232543945, ""val_loss"": 46.541847229003906, ""val_mape"": 46.541847229003906, ""val_mae"": 9.447575569152832, ""lr"": 0.00010000000474974513, ""val_mae12"": 9.028535842895508, ""val_me"": 6.799093866187637, ""val_me12"": 8.616432276355177, ""mape_2021"": 58.62965393066406, ""mae_2021"": 10.165639877319336, ""mae12_2021"": 12.409930229187012, ""me_2021"": 7.881157953923129, ""me12_2021"": 12.060303707071535, ""epochs_trained"": 99}",2026-07-04T04:12:26.376857,completed,16.3
7,MAPE,120,0,relu,1,128,0.1,46.45099639892578,9.47696304321289,8.458718299865723,6.63218777117115,7.782506453866086,46.45099639892578,10.114676475524902,11.49991512298584,7.77106747483332,10.792790851365144,56.41006088256836,"{""loss"": 45.95579528808594, ""mape"": 45.95579528808594, ""mae"": 9.495555877685547, ""val_loss"": 46.45099639892578, ""val_mape"": 46.45099639892578, ""val_mae"": 9.47696304321289, ""lr"": 0.00010000000474974513, ""val_mae12"": 8.458718299865723, ""val_me"": 6.63218777117115, ""val_me12"": 7.782506453866086, ""mape_2021"": 56.41006088256836, ""mae_2021"": 10.114676475524902, ""mae12_2021"": 11.49991512298584, ""me_2021"": 7.77106747483332, ""me12_2021"": 10.792790851365144, ""epochs_trained"": 70}",2026-07-04T04:12:35.390216,completed,9.2
7,MAPE,120,0,relu,1,128,0.0,46.77920150756836,9.508382797241211,9.228553771972656,6.809574334978138,8.660121477664589,46.77920150756836,10.124662399291992,12.536030769348145,7.849903658582058,11.972732389672545,58.130680084228516,"{""loss"": 45.74312210083008, ""mape"": 45.74312210083008, ""mae"": 9.406521797180176, ""val_loss"": 46.77920150756836, ""val_mape"": 46.77920150756836, ""val_mae"": 9.508382797241211, ""lr"": 0.00010000000474974513, ""val_mae12"": 9.228553771972656, ""val_me"": 6.809574334978138, ""val_me12"": 8.660121477664589, ""mape_2021"": 58.130680084228516, ""mae_2021"": 10.124662399291992, ""mae12_2021"": 12.536030769348145, ""me_2021"": 7.849903658582058, ""me12_2021"": 11.972732389672545, ""epochs_trained"": 75}",2026-07-04T04:12:35.476737,completed,9.5
7,MAPE,120,0,relu,1,128,0.05,45.62961196899414,9.306078910827637,9.034743309020996,6.567492358828782,7.9181601600000615,45.62961196899414,10.02486515045166,11.815665245056152,7.6493081884545235,10.458643228625316,55.375030517578125,"{""loss"": 45.11655044555664, ""mape"": 45.11655044555664, ""mae"": 9.382015228271484, ""val_loss"": 45.62961196899414, ""val_mape"": 45.62961196899414, ""val_mae"": 9.306078910827637, ""lr"": 0.00010000000474974513, ""val_mae12"": 9.034743309020996, ""val_me"": 6.567492358828782, ""val_me12"": 7.9181601600000615, ""mape_2021"": 55.375030517578125, ""mae_2021"": 10.02486515045166, ""mae12_2021"": 11.815665245056152, ""me_2021"": 7.6493081884545235, ""me12_2021"": 10.458643228625316, ""epochs_trained"": 97}",2026-07-04T04:12:36.627489,completed,10.6
7,MAPE,120,0,relu,1,128,0.3,40.24614715576172,8.262495040893555,6.988106727600098,6.267157515020996,6.148161465964273,40.24614715576172,9.022377014160156,8.418696403503418,7.190164247036203,7.255133161096169,47.59260940551758,"{""loss"": 41.70610809326172, ""mape"": 41.70610809326172, ""mae"": 8.794573783874512, ""val_loss"": 40.24614715576172, ""val_mape"": 40.24614715576172, ""val_mae"": 8.262495040893555, ""lr"": 9.999999747378752e-06, ""val_mae12"": 6.988106727600098, ""val_me"": 6.267157515020996, ""val_me12"": 6.148161465964273, ""mape_2021"": 47.59260940551758, ""mae_2021"": 9.022377014160156, ""mae12_2021"": 8.418696403503418, ""me_2021"": 7.190164247036203, ""me12_2021"": 7.255133161096169, ""epochs_trained"": 750}",2026-07-04T04:13:42.037965,completed,75.7
7,MAPE,120,0,relu,1,256,0.05,46.04814529418945,9.37926197052002,8.57501220703125,6.483725748220698,7.526809135961506,46.04814529418945,10.123753547668457,11.821057319641113,7.618105108582582,10.521156095502059,56.3765754699707,"{""loss"": 45.15599822998047, ""mape"": 45.15599822998047, ""mae"": 9.302691459655762, ""val_loss"": 46.04814529418945, ""val_mape"": 46.04814529418945, ""val_mae"": 9.37926197052002, ""lr"": 0.00010000000474974513, ""val_mae12"": 8.57501220703125, ""val_me"": 6.483725748220698, ""val_me12"": 7.526809135961506, ""mape_2021"": 56.3765754699707, ""mae_2021"": 10.123753547668457, ""mae12_2021"": 11.821057319641113, ""me_2021"": 7.618105108582582, ""me12_2021"": 10.521156095502059, ""epochs_trained"": 67}",2026-07-04T04:14:26.801551,completed,42.2
7,MAPE,120,0,relu,1,256,0.0,46.13160705566406,9.383209228515625,8.932373046875,6.675043139103823,8.089645897729053,46.13160705566406,10.134742736816406,12.236668586730957,7.751416690929422,11.30143198065576,57.314395904541016,"{""loss"": 45.316707611083984, ""mape"": 45.316707611083984, ""mae"": 9.336255073547363, ""val_loss"": 46.13160705566406, ""val_mape"": 46.13160705566406, ""val_mae"": 9.383209228515625, ""lr"": 0.00010000000474974513, ""val_mae12"": 8.932373046875, ""val_me"": 6.675043139103823, ""val_me12"": 8.089645897729053, ""mape_2021"": 57.314395904541016, ""mae_2021"": 10.134742736816406, ""mae12_2021"": 12.236668586730957, ""me_2021"": 7.751416690929422, ""me12_2021"": 11.30143198065576, ""epochs_trained"": 66}",2026-07-04T04:14:26.962726,completed,42.4
7,MAPE,120,0,relu,1,256,0.1,46.03370666503906,9.36745834350586,8.279748916625977,6.70874831508607,7.455551323383389,46.03370666503906,10.133016586303711,11.379729270935059,7.83992181046154,10.474820951878531,56.38866424560547,"{""loss"": 45.584449768066406, ""mape"": 45.584449768066406, ""mae"": 9.400732040405273, ""val_loss"": 46.03370666503906, ""val_mape"": 46.03370666503906, ""val_mae"": 9.36745834350586, ""lr"": 0.00010000000474974513, ""val_mae12"": 8.279748916625977, ""val_me"": 6.70874831508607, ""val_me12"": 7.455551323383389, ""mape_2021"": 56.38866424560547, ""mae_2021"": 10.133016586303711, ""mae12_2021"": 11.379729270935059, ""me_2021"": 7.83992181046154, ""me12_2021"": 10.474820951878531, ""epochs_trained"": 67}",2026-07-04T04:14:27.002725,completed,42.4
7,MAPE,120,0,relu,1,256,0.3,45.80784225463867,9.33880615234375,9.031594276428223,6.130737773251234,8.166017375461532,45.80784225463867,10.067089080810547,12.130611419677734,7.279203816021754,11.157871571109862,56.035343170166016,"{""loss"": 46.28239440917969, ""mape"": 46.28239440917969, ""mae"": 9.585726737976074, ""val_loss"": 45.80784225463867, ""val_mape"": 45.80784225463867, ""val_mae"": 9.33880615234375, ""lr"": 0.00010000000474974513, ""val_mae12"": 9.031594276428223, ""val_me"": 6.130737773251234, ""val_me12"": 8.166017375461532, ""mape_2021"": 56.035343170166016, ""mae_2021"": 10.067089080810547, ""mae12_2021"": 12.130611419677734, ""me_2021"": 7.279203816021754, ""me12_2021"": 11.157871571109862, ""epochs_trained"": 70}",2026-07-04T04:14:27.273216,completed,42.7
7,MAPE,120,0,relu,2,16,0.3,46.7203369140625,9.915985107421875,6.03657865524292,8.36153206258909,5.590358949111644,46.7203369140625,10.628366470336914,9.459657669067383,9.392538411572385,8.823038220663372,58.766632080078125,"{""loss"": 57.179771423339844, ""mape"": 57.179771423339844, ""mae"": 12.578211784362793, ""val_loss"": 46.7203369140625, ""val_mape"": 46.7203369140625, ""val_mae"": 9.915985107421875, ""lr"": 0.00010000000474974513, ""val_mae12"": 6.03657865524292, ""val_me"": 8.36153206258909, ""val_me12"": 5.590358949111644, ""mape_2021"": 58.766632080078125, ""mae_2021"": 10.628366470336914, ""mae12_2021"": 9.459657669067383, ""me_2021"": 9.392538411572385, ""me12_2021"": 8.823038220663372, ""epochs_trained"": 104}",2026-07-04T04:14:49.572585,completed,22.3
7,MAPE,120,0,relu,2,16,0.1,44.38797378540039,9.225397109985352,7.510562419891357,7.193902517178117,6.395149601357436,44.38797378540039,9.986961364746094,10.641251564025879,8.143985881286138,9.379433036108319,54.566619873046875,"{""loss"": 49.6541862487793, ""mape"": 49.6541862487793, ""mae"": 10.660387992858887, ""val_loss"": 44.38797378540039, ""val_mape"": 44.38797378540039, ""val_mae"": 9.225397109985352, ""lr"": 0.00010000000474974513, ""val_mae12"": 7.510562419891357, ""val_me"": 7.193902517178117, ""val_me12"": 6.395149601357436, ""mape_2021"": 54.566619873046875, ""mae_2021"": 9.986961364746094, ""mae12_2021"": 10.641251564025879, ""me_2021"": 8.143985881286138, ""me12_2021"": 9.379433036108319, ""epochs_trained"": 131}",2026-07-04T04:14:51.204467,completed,24.2
7,MAPE,120,0,relu,2,16,0.05,46.92191696166992,9.553146362304688,9.157559394836426,6.854830080802793,9.048067320082023,46.92191696166992,10.057210922241211,12.719535827636719,7.896629777344285,12.691616629266688,59.25739288330078,"{""loss"": 49.149192810058594, ""mape"": 49.149192810058594, ""mae"": 10.176992416381836, ""val_loss"": 46.92191696166992, ""val_mape"": 46.92191696166992, ""val_mae"": 9.553146362304688, ""lr"": 0.00010000000474974513, ""val_mae12"": 9.157559394836426, ""val_me"": 6.854830080802793, ""val_me12"": 9.048067320082023, ""mape_2021"": 59.25739288330078, ""mae_2021"": 10.057210922241211, ""mae12_2021"": 12.719535827636719, ""me_2021"": 7.896629777344285, ""me12_2021"": 12.691616629266688, ""epochs_trained"": 132}",2026-07-04T04:14:51.907527,completed,24.9
7,MAPE,120,0,relu,2,16,0.0,42.805931091308594,8.714045524597168,7.9300384521484375,6.47848590473037,6.397501344726815,42.805931091308594,9.56132698059082,10.525960922241211,7.3059971522899305,8.602845815854552,52.1092643737793,"{""loss"": 41.23689651489258, ""mape"": 41.23689651489258, ""mae"": 8.606624603271484, ""val_loss"": 42.805931091308594, ""val_mape"": 42.805931091308594, ""val_mae"": 8.714045524597168, ""lr"": 1.0000000656873453e-05, ""val_mae12"": 7.9300384521484375, ""val_me"": 6.47848590473037, ""val_me12"": 6.397501344726815, ""mape_2021"": 52.1092643737793, ""mae_2021"": 9.56132698059082, ""mae12_2021"": 10.525960922241211, ""me_2021"": 7.3059971522899305, ""me12_2021"": 8.602845815854552, ""epochs_trained"": 435}",2026-07-04T04:15:12.704005,completed,45.9
7,MAPE,120,0,relu,2,32,0.1,47.523807525634766,9.621055603027344,9.062037467956543,7.26168754668132,8.976740528859024,47.523807525634766,10.222068786621094,12.788723945617676,8.272604680104541,12.79608265915795,60.80314254760742,"{""loss"": 50.40594482421875, ""mape"": 50.40594482421875, ""mae"": 10.389477729797363, ""val_loss"": 47.523807525634766, ""val_mape"": 47.523807525634766, ""val_mae"": 9.621055603027344, ""lr"": 0.00010000000474974513, ""val_mae12"": 9.062037467956543, ""val_me"": 7.26168754668132, ""val_me12"": 8.976740528859024, ""mape_2021"": 60.80314254760742, ""mae_2021"": 10.222068786621094, ""mae12_2021"": 12.788723945617676, ""me_2021"": 8.272604680104541, ""me12_2021"": 12.79608265915795, ""epochs_trained"": 92}",2026-07-04T04:15:33.338980,completed,18.9
7,MAPE,120,0,relu,2,32,0.3,46.671722412109375,9.63663387298584,8.471817016601562,6.669698729405018,8.270606582235207,46.671722412109375,10.174304008483887,12.139857292175293,7.830347070376489,11.965066156159455,59.231910705566406,"{""loss"": 53.170284271240234, ""mape"": 53.170284271240234, ""mae"": 11.398115158081055, ""val_loss"": 46.671722412109375, ""val_mape"": 46.671722412109375, ""val_mae"": 9.63663387298584, ""lr"": 0.00010000000474974513, ""val_mae12"": 8.471817016601562, ""val_me"": 6.669698729405018, ""val_me12"": 8.270606582235207, ""mape_2021"": 59.231910705566406, ""mae_2021"": 10.174304008483887, ""mae12_2021"": 12.139857292175293, ""me_2021"": 7.830347070376489, ""me12_2021"": 11.965066156159455, ""epochs_trained"": 94}",2026-07-04T04:15:33.505566,completed,19.0
7,MAPE,120,0,relu,2,32,0.05,45.132080078125,9.27206802368164,9.024712562561035,6.554118939407707,8.318934764631427,45.132080078125,9.810874938964844,12.341885566711426,7.487486288141379,11.486738250469227,56.01838684082031,"{""loss"": 45.568519592285156, ""mape"": 45.568519592285156, ""mae"": 9.5435791015625, ""val_loss"": 45.132080078125, ""val_mape"": 45.132080078125, ""val_mae"": 9.27206802368164, ""lr"": 0.00010000000474974513, ""val_mae12"": 9.024712562561035, ""val_me"": 6.554118939407707, ""val_me12"": 8.318934764631427, ""mape_2021"": 56.01838684082031, ""mae_2021"": 9.810874938964844, ""mae12_2021"": 12.341885566711426, ""me_2021"": 7.487486288141379, ""me12_2021"": 11.486738250469227, ""epochs_trained"": 109}",2026-07-04T04:15:34.091260,completed,19.6
7,MAPE,120,0,relu,2,64,0.0,44.75883483886719,9.060336112976074,8.90966796875,6.756341378640737,8.423083879188114,44.75883483886719,9.850802421569824,12.199004173278809,7.623058809489628,11.716121607614395,56.137847900390625,"{""loss"": 44.689170837402344, ""mape"": 44.689170837402344, ""mae"": 9.127006530761719, ""val_loss"": 44.75883483886719, ""val_mape"": 44.75883483886719, ""val_mae"": 9.060336112976074, ""lr"": 1.0000000656873453e-05, ""val_mae12"": 8.90966796875, ""val_me"": 6.756341378640737, ""val_me12"": 8.423083879188114, ""mape_2021"": 56.137847900390625, ""mae_2021"": 9.850802421569824, ""mae12_2021"": 12.199004173278809, ""me_2021"": 7.623058809489628, ""me12_2021"": 11.716121607614395, ""epochs_trained"": 95}",2026-07-04T04:15:43.257540,completed,9.9
7,MAPE,120,0,relu,2,64,0.05,17.196624755859375,3.3650190830230713,4.2859416007995605,0.8023039896655519,2.6630763089669576,17.196624755859375,3.456285238265991,2.5641427040100098,1.4875558726976978,0.15717033929687343,17.904098510742188,"{""loss"": 16.82120704650879, ""mape"": 16.82120704650879, ""mae"": 3.439039468765259, ""val_loss"": 17.196624755859375, ""val_mape"": 17.196624755859375, ""val_mae"": 3.3650190830230713, ""lr"": 0.00010000000474974513, ""val_mae12"": 4.2859416007995605, ""val_me"": 0.8023039896655519, ""val_me12"": 2.6630763089669576, ""mape_2021"": 17.904098510742188, ""mae_2021"": 3.456285238265991, ""mae12_2021"": 2.5641427040100098, ""me_2021"": 1.4875558726976978, ""me12_2021"": 0.15717033929687343, ""epochs_trained"": 195}",2026-07-04T04:15:49.186437,completed,15.7
7,MAPE,120,0,relu,2,64,0.1,16.443296432495117,3.2025952339172363,4.398107528686523,1.0936383864765793,2.2351135204241674,16.443296432495117,3.403779983520508,2.698443651199341,1.838549912609058,-0.7571987470931427,18.208606719970703,"{""loss"": 17.45062255859375, ""mape"": 17.45062255859375, ""mae"": 3.6012868881225586, ""val_loss"": 16.443296432495117, ""val_mape"": 16.443296432495117, ""val_mae"": 3.2025952339172363, ""lr"": 0.00010000000474974513, ""val_mae12"": 4.398107528686523, ""val_me"": 1.0936383864765793, ""val_me12"": 2.2351135204241674, ""mape_2021"": 18.208606719970703, ""mae_2021"": 3.403779983520508, ""mae12_2021"": 2.698443651199341, ""me_2021"": 1.838549912609058, ""me12_2021"": -0.7571987470931427, ""epochs_trained"": 205}",2026-07-04T04:15:49.968182,completed,15.9
7,MAPE,120,0,relu,2,64,0.3,45.781497955322266,9.241493225097656,8.042137145996094,7.182133353332974,7.950215051765383,45.781497955322266,10.256752967834473,11.820116996765137,8.282877493196246,11.733282556394242,60.10962677001953,"{""loss"": 50.387733459472656, ""mape"": 50.387733459472656, ""mae"": 10.563289642333984, ""val_loss"": 45.781497955322266, ""val_mape"": 45.781497955322266, ""val_mae"": 9.241493225097656, ""lr"": 0.00010000000474974513, ""val_mae12"": 8.042137145996094, ""val_me"": 7.182133353332974, ""val_me12"": 7.950215051765383, ""mape_2021"": 60.10962677001953, ""mae_2021"": 10.256752967834473, ""mae12_2021"": 11.820116996765137, ""me_2021"": 8.282877493196246, ""me12_2021"": 11.733282556394242, ""epochs_trained"": 68}",2026-07-04T04:15:50.942736,completed,7.7
7,MAPE,120,0,relu,2,32,0.0,3.8708839416503906,0.7824584245681763,0.9091098308563232,0.021848937753755945,-0.19281665522363278,3.8708839416503906,0.8324522376060486,1.5862717628479004,0.24420298333039053,-1.3650414811421825,5.259291648864746,"{""loss"": 3.0626838207244873, ""mape"": 3.0626838207244873, ""mae"": 0.637651801109314, ""val_loss"": 3.8708839416503906, ""val_mape"": 3.8708839416503906, ""val_mae"": 0.7824584245681763, ""lr"": 0.00010000000474974513, ""val_mae12"": 0.9091098308563232, ""val_me"": 0.021848937753755945, ""val_me12"": -0.19281665522363278, ""mape_2021"": 5.259291648864746, ""mae_2021"": 0.8324522376060486, ""mae12_2021"": 1.5862717628479004, ""me_2021"": 0.24420298333039053, ""me12_2021"": -1.3650414811421825, ""epochs_trained"": 1286}",2026-07-04T04:16:25.492068,completed,71.0
7,MAPE,120,0,relu,2,128,0.05,17.295087814331055,3.327928304672241,4.261967658996582,0.5248505537814498,2.3491314923776017,17.295087814331055,3.282717704772949,2.4024951457977295,1.3238499210650876,-0.6766012103512834,16.984121322631836,"{""loss"": 15.475954055786133, ""mape"": 15.475954055786133, ""mae"": 3.13254451751709, ""val_loss"": 17.295087814331055, ""val_mape"": 17.295087814331055, ""val_mae"": 3.327928304672241, ""lr"": 0.00010000000474974513, ""val_mae12"": 4.261967658996582, ""val_me"": 0.5248505537814498, ""val_me12"": 2.3491314923776017, ""mape_2021"": 16.984121322631836, ""mae_2021"": 3.282717704772949, ""mae12_2021"": 2.4024951457977295, ""me_2021"": 1.3238499210650876, ""me12_2021"": -0.6766012103512834, ""epochs_trained"": 159}",2026-07-04T04:16:59.152516,completed,32.5
7,MAPE,120,0,relu,2,128,0.1,15.256207466125488,2.894174814224243,4.288482189178467,0.16615483825399063,2.3381741341442512,15.256207466125488,2.982025384902954,2.0510330200195312,0.9501298691629444,-0.7828747791730094,15.261479377746582,"{""loss"": 14.069317817687988, ""mape"": 14.069317817687988, ""mae"": 2.927752733230591, ""val_loss"": 15.256207466125488, ""val_mape"": 15.256207466125488, ""val_mae"": 2.894174814224243, ""lr"": 0.00010000000474974513, ""val_mae12"": 4.288482189178467, ""val_me"": 0.16615483825399063, ""val_me12"": 2.3381741341442512, ""mape_2021"": 15.261479377746582, ""mae_2021"": 2.982025384902954, ""mae12_2021"": 2.0510330200195312, ""me_2021"": 0.9501298691629444, ""me12_2021"": -0.7828747791730094, ""epochs_trained"": 190}",2026-07-04T04:17:00.907414,completed,34.3
7,MAPE,120,0,relu,2,256,0.0,15.1271333694458,2.9299938678741455,3.513014793395996,0.2905961855577088,1.5546684543399407,15.1271333694458,2.857116460800171,2.678328514099121,1.008140534380576,-1.6290365814033434,14.898341178894043,"{""loss"": 11.851181983947754, ""mape"": 11.851181983947754, ""mae"": 2.410728931427002, ""val_loss"": 15.1271333694458, ""val_mape"": 15.1271333694458, ""val_mae"": 2.9299938678741455, ""lr"": 0.00010000000474974513, ""val_mae12"": 3.513014793395996, ""val_me"": 0.2905961855577088, ""val_me12"": 1.5546684543399407, ""mape_2021"": 14.898341178894043, ""mae_2021"": 2.857116460800171, ""mae12_2021"": 2.678328514099121, ""me_2021"": 1.008140534380576, ""me12_2021"": -1.6290365814033434, ""epochs_trained"": 145}",2026-07-04T04:17:28.512255,completed,29.4
7,MAPE,120,0,relu,2,256,0.05,16.609210968017578,3.2530856132507324,4.07080602645874,0.6974762100842641,1.5163323099674757,16.609210968017578,3.3960959911346436,3.001075267791748,1.4446982048453827,-1.7337035824277838,17.74119758605957,"{""loss"": 15.264458656311035, ""mape"": 15.264458656311035, ""mae"": 3.0654735565185547, ""val_loss"": 16.609210968017578, ""val_mape"": 16.609210968017578, ""val_mae"": 3.2530856132507324, ""lr"": 0.00010000000474974513, ""val_mae12"": 4.07080602645874, ""val_me"": 0.6974762100842641, ""val_me12"": 1.5163323099674757, ""mape_2021"": 17.74119758605957, ""mae_2021"": 3.3960959911346436, ""mae12_2021"": 3.001075267791748, ""me_2021"": 1.4446982048453827, ""me12_2021"": -1.7337035824277838, ""epochs_trained"": 111}",2026-07-04T04:17:29.478454,completed,28.6
7,MAPE,120,0,relu,2,128,0.3,4.889523983001709,0.8704784512519836,1.6640143394470215,-0.009781488365762437,0.39629540931370194,4.889523983001709,0.898378849029541,1.6475814580917358,0.3600966248305675,-1.2396087962625704,5.553983211517334,"{""loss"": 9.46701717376709, ""mape"": 9.46701717376709, ""mae"": 2.114428997039795, ""val_loss"": 4.889523983001709, ""val_mape"": 4.889523983001709, ""val_mae"": 0.8704784512519836, ""lr"": 0.00010000000474974513, ""val_mae12"": 1.6640143394470215, ""val_me"": -0.009781488365762437, ""val_me12"": 0.39629540931370194, ""mape_2021"": 5.553983211517334, ""mae_2021"": 0.898378849029541, ""mae12_2021"": 1.6475814580917358, ""me_2021"": 0.3600966248305675, ""me12_2021"": -1.2396087962625704, ""epochs_trained"": 457}",2026-07-04T04:17:37.773802,completed,71.1
7,MAPE,120,0,relu,2,256,0.1,16.955982208251953,3.2962098121643066,4.64518404006958,0.4925413906168223,1.6752948579499878,16.955982208251953,3.398482322692871,3.0965359210968018,1.3207597052184115,-2.1459219137871104,17.959423065185547,"{""loss"": 15.749969482421875, ""mape"": 15.749969482421875, ""mae"": 3.1729960441589355, ""val_loss"": 16.955982208251953, ""val_mape"": 16.955982208251953, ""val_mae"": 3.2962098121643066, ""lr"": 0.00010000000474974513, ""val_mae12"": 4.64518404006958, ""val_me"": 0.4925413906168223, ""val_me12"": 1.6752948579499878, ""mape_2021"": 17.959423065185547, ""mae_2021"": 3.398482322692871, ""mae12_2021"": 3.0965359210968018, ""me_2021"": 1.3207597052184115, ""me12_2021"": -2.1459219137871104, ""epochs_trained"": 105}",2026-07-04T04:18:13.900371,completed,45.4
7,MAPE,120,0,relu,2,128,0.0,4.324012279510498,0.7980408668518066,1.2496693134307861,0.00921660489393743,0.3194164922185046,4.324012279510498,0.8624162673950195,1.3530770540237427,0.24183785727322066,-0.9779901699930932,5.1871137619018555,"{""loss"": 2.847797155380249, ""mape"": 2.847797155380249, ""mae"": 0.5984217524528503, ""val_loss"": 4.324012279510498, ""val_mape"": 4.324012279510498, ""val_mae"": 0.7980408668518066, ""lr"": 1.0000000656873453e-05, ""val_mae12"": 1.2496693134307861, ""val_me"": 0.00921660489393743, ""val_me12"": 0.3194164922185046, ""mape_2021"": 5.1871137619018555, ""mae_2021"": 0.8624162673950195, ""mae12_2021"": 1.3530770540237427, ""me_2021"": 0.24183785727322066, ""me12_2021"": -0.9779901699930932, ""epochs_trained"": 644}",2026-07-04T04:18:13.977892,completed,107.4
7,MAPE,120,0,relu,2,256,0.3,4.756518363952637,0.837020218372345,1.596985101699829,0.014150848786387534,0.6014302559652154,4.756518363952637,0.8201418519020081,1.5735511779785156,0.32767146885767906,-1.1075469924801429,5.050625324249268,"{""loss"": 7.788476467132568, ""mape"": 7.788476467132568, ""mae"": 1.725314974784851, ""val_loss"": 4.756518363952637, ""val_mape"": 4.756518363952637, ""val_mae"": 0.837020218372345, ""lr"": 1.0000000656873453e-05, ""val_mae12"": 1.596985101699829, ""val_me"": 0.014150848786387534, ""val_me12"": 0.6014302559652154, ""mape_2021"": 5.050625324249268, ""mae_2021"": 0.8201418519020081, ""mae12_2021"": 1.5735511779785156, ""me_2021"": 0.32767146885767906, ""me12_2021"": -1.1075469924801429, ""epochs_trained"": 442}",2026-07-04T04:19:08.199599,completed,98.7
7,MAPE,120,0,relu,3,16,0.0,47.990692138671875,9.279655456542969,8.097379684448242,7.688557591818022,7.935224586132498,47.990692138671875,10.512839317321777,11.945767402648926,8.756020083808796,11.872415435792732,61.95102310180664,"{""loss"": 48.69369125366211, ""mape"": 48.69369125366211, ""mae"": 9.653234481811523, ""val_loss"": 47.990692138671875, ""val_mape"": 47.990692138671875, ""val_mae"": 9.279655456542969, ""lr"": 0.00010000000474974513, ""val_mae12"": 8.097379684448242, ""val_me"": 7.688557591818022, ""val_me12"": 7.935224586132498, ""mape_2021"": 61.95102310180664, ""mae_2021"": 10.512839317321777, ""mae12_2021"": 11.945767402648926, ""me_2021"": 8.756020083808796, ""me12_2021"": 11.872415435792732, ""epochs_trained"": 93}",2026-07-04T04:20:04.902756,completed,53.3
7,MAPE,120,0,relu,3,16,0.1,46.7774772644043,9.61133861541748,7.144789218902588,7.268377740783078,6.936294445158732,46.7774772644043,10.182448387145996,10.713483810424805,8.385420985817978,10.430579255282385,58.66070556640625,"{""loss"": 51.22539138793945, ""mape"": 51.22539138793945, ""mae"": 10.71904182434082, ""val_loss"": 46.7774772644043, ""val_mape"": 46.7774772644043, ""val_mae"": 9.61133861541748, ""lr"": 0.00010000000474974513, ""val_mae12"": 7.144789218902588, ""val_me"": 7.268377740783078, ""val_me12"": 6.936294445158732, ""mape_2021"": 58.66070556640625, ""mae_2021"": 10.182448387145996, ""mae12_2021"": 10.713483810424805, ""me_2021"": 8.385420985817978, ""me12_2021"": 10.430579255282385, ""epochs_trained"": 95}",2026-07-04T04:20:04.991796,completed,53.3
7,MAPE,120,0,relu,3,16,0.3,51.95174789428711,11.76517105102539,4.888236999511719,10.091425185996695,3.528374781133833,51.95174789428711,11.676430702209473,8.076949119567871,10.736337052709361,6.226341298590715,59.239898681640625,"{""loss"": 59.2760009765625, ""mape"": 59.2760009765625, ""mae"": 13.327851295471191, ""val_loss"": 51.95174789428711, ""val_mape"": 51.95174789428711, ""val_mae"": 11.76517105102539, ""lr"": 0.00010000000474974513, ""val_mae12"": 4.888236999511719, ""val_me"": 10.091425185996695, ""val_me12"": 3.528374781133833, ""mape_2021"": 59.239898681640625, ""mae_2021"": 11.676430702209473, ""mae12_2021"": 8.076949119567871, ""me_2021"": 10.736337052709361, ""me12_2021"": 6.226341298590715, ""epochs_trained"": 117}",2026-07-04T04:20:06.313821,completed,54.7
7,MAPE,120,0,relu,3,16,0.05,46.74372482299805,9.76671314239502,8.982980728149414,7.145938584080719,8.874634602124022,46.74372482299805,10.117781639099121,12.64961051940918,8.155037364324194,12.622893707877568,59.82965087890625,"{""loss"": 49.17526626586914, ""mape"": 49.17526626586914, ""mae"": 10.358891487121582, ""val_loss"": 46.74372482299805, ""val_mape"": 46.74372482299805, ""val_mae"": 9.76671314239502, ""lr"": 0.00010000000474974513, ""val_mae12"": 8.982980728149414, ""val_me"": 7.145938584080719, ""val_me12"": 8.874634602124022, ""mape_2021"": 59.82965087890625, ""mae_2021"": 10.117781639099121, ""mae12_2021"": 12.64961051940918, ""me_2021"": 8.155037364324194, ""me12_2021"": 12.622893707877568, ""epochs_trained"": 130}",2026-07-04T04:20:08.643329,completed,57.0
7,MAPE,120,0,relu,3,32,0.1,46.66702651977539,9.552339553833008,7.45216178894043,7.281387059517354,7.1867152035004995,46.66702651977539,10.2243070602417,11.107504844665527,8.395990090921542,10.809448395872064,58.944419860839844,"{""loss"": 49.148502349853516, ""mape"": 49.148502349853516, ""mae"": 10.206491470336914, ""val_loss"": 46.66702651977539, ""val_mape"": 46.66702651977539, ""val_mae"": 9.552339553833008, ""lr"": 0.00010000000474974513, ""val_mae12"": 7.45216178894043, ""val_me"": 7.281387059517354, ""val_me12"": 7.1867152035004995, ""mape_2021"": 58.944419860839844, ""mae_2021"": 10.2243070602417, ""mae12_2021"": 11.107504844665527, ""me_2021"": 8.395990090921542, ""me12_2021"": 10.809448395872064, ""epochs_trained"": 82}",2026-07-04T04:20:30.919443,completed,24.6
7,MAPE,120,0,relu,3,32,0.3,46.39707946777344,10.204888343811035,5.244984149932861,7.271198934270498,4.542591469439684,46.39707946777344,10.173627853393555,8.361248016357422,8.511548992194864,7.470046681644249,55.47433090209961,"{""loss"": 52.41908264160156, ""mape"": 52.41908264160156, ""mae"": 11.398448944091797, ""val_loss"": 46.39707946777344, ""val_mape"": 46.39707946777344, ""val_mae"": 10.204888343811035, ""lr"": 0.00010000000474974513, ""val_mae12"": 5.244984149932861, ""val_me"": 7.271198934270498, ""val_me12"": 4.542591469439684, ""mape_2021"": 55.47433090209961, ""mae_2021"": 10.173627853393555, ""mae12_2021"": 8.361248016357422, ""me_2021"": 8.511548992194864, ""me12_2021"": 7.470046681644249, ""epochs_trained"": 79}",2026-07-04T04:20:33.286158,completed,24.6
7,MAPE,120,0,relu,3,32,0.05,5.398525238037109,1.0332493782043457,1.6426115036010742,0.3571846267565129,0.36737165369398883,5.398525238037109,1.0891995429992676,1.6735714673995972,0.6815578629286332,-0.9217751707925239,6.469808101654053,"{""loss"": 8.203479766845703, ""mape"": 8.203479766845703, ""mae"": 1.817361831665039, ""val_loss"": 5.398525238037109, ""val_mape"": 5.398525238037109, ""val_mae"": 1.0332493782043457, ""lr"": 0.00010000000474974513, ""val_mae12"": 1.6426115036010742, ""val_me"": 0.3571846267565129, ""val_me12"": 0.36737165369398883, ""mape_2021"": 6.469808101654053, ""mae_2021"": 1.0891995429992676, ""mae12_2021"": 1.6735714673995972, ""me_2021"": 0.6815578629286332, ""me12_2021"": -0.9217751707925239, ""epochs_trained"": 429}",2026-07-04T04:21:08.949544,completed,63.9
7,MAPE,120,0,relu,3,32,0.0,14.15652847290039,2.7345125675201416,3.7496442794799805,0.2724489701306891,3.1689354455483785,14.15652847290039,2.725756883621216,2.1058151721954346,0.7112384581896557,0.2347454401586393,13.979050636291504,"{""loss"": 10.746857643127441, ""mape"": 10.746857643127441, ""mae"": 2.248648166656494, ""val_loss"": 14.15652847290039, ""val_mape"": 14.15652847290039, ""val_mae"": 2.7345125675201416, ""lr"": 1.0000000656873453e-05, ""val_mae12"": 3.7496442794799805, ""val_me"": 0.2724489701306891, ""val_me12"": 3.1689354455483785, ""mape_2021"": 13.979050636291504, ""mae_2021"": 2.725756883621216, ""mae12_2021"": 2.1058151721954346, ""me_2021"": 0.7112384581896557, ""me12_2021"": 0.2347454401586393, ""epochs_trained"": 1469}",2026-07-04T04:22:56.523741,completed,171.6
7,MAPE,120,0,relu,3,64,0.3,42.06794738769531,8.919816970825195,5.432268142700195,7.625069848071918,4.510957142758748,42.06794738769531,9.80085563659668,8.717720031738281,8.501560846035066,7.1264998518024925,52.30233383178711,"{""loss"": 47.402122497558594, ""mape"": 47.402122497558594, ""mae"": 10.085403442382812, ""val_loss"": 42.06794738769531, ""val_mape"": 42.06794738769531, ""val_mae"": 8.919816970825195, ""lr"": 1.0000000656873453e-05, ""val_mae12"": 5.432268142700195, ""val_me"": 7.625069848071918, ""val_me12"": 4.510957142758748, ""mape_2021"": 52.30233383178711, ""mae_2021"": 9.80085563659668, ""mae12_2021"": 8.717720031738281, ""me_2021"": 8.501560846035066, ""me12_2021"": 7.1264998518024925, ""epochs_trained"": 94}",2026-07-04T04:23:20.044008,completed,22.5
7,MAPE,120,0,relu,3,64,0.1,5.320436000823975,1.0468961000442505,1.475731372833252,0.37864416670922935,0.43869751972270626,5.320436000823975,0.9910292625427246,1.2442511320114136,0.6217173408668272,-0.46655853784354256,5.617334365844727,"{""loss"": 7.742356777191162, ""mape"": 7.742356777191162, ""mae"": 1.7121697664260864, ""val_loss"": 5.320436000823975, ""val_mape"": 5.320436000823975, ""val_mae"": 1.0468961000442505, ""lr"": 0.00010000000474974513, ""val_mae12"": 1.475731372833252, ""val_me"": 0.37864416670922935, ""val_me12"": 0.43869751972270626, ""mape_2021"": 5.617334365844727, ""mae_2021"": 0.9910292625427246, ""mae12_2021"": 1.2442511320114136, ""me_2021"": 0.6217173408668272, ""me12_2021"": -0.46655853784354256, ""epochs_trained"": 345}",2026-07-04T04:23:39.967031,completed,42.5
7,MAPE,120,0,relu,3,64,0.05,5.142983436584473,0.9391094446182251,1.3738285303115845,0.1051639971995613,0.6896220190912111,5.142983436584473,0.9685754776000977,1.663192868232727,0.44734588674046033,-0.8196069726695016,5.936098098754883,"{""loss"": 6.785652160644531, ""mape"": 6.785652160644531, ""mae"": 1.4714938402175903, ""val_loss"": 5.142983436584473, ""val_mape"": 5.142983436584473, ""val_mae"": 0.9391094446182251, ""lr"": 0.00010000000474974513, ""val_mae12"": 1.3738285303115845, ""val_me"": 0.1051639971995613, ""val_me12"": 0.6896220190912111, ""mape_2021"": 5.936098098754883, ""mae_2021"": 0.9685754776000977, ""mae12_2021"": 1.663192868232727, ""me_2021"": 0.44734588674046033, ""me12_2021"": -0.8196069726695016, ""epochs_trained"": 369}",2026-07-04T04:23:41.547035,completed,44.1
7,MAPE,120,0,relu,3,128,0.0,4.462547302246094,0.8098781704902649,1.319519281387329,-0.12306767567251453,0.36227146407163713,4.462547302246094,0.9025291800498962,1.1893768310546875,0.10624885360826683,-0.687409571631579,5.006566047668457,"{""loss"": 2.660512924194336, ""mape"": 2.660512924194336, ""mae"": 0.5619013905525208, ""val_loss"": 4.462547302246094, ""val_mape"": 4.462547302246094, ""val_mae"": 0.8098781704902649, ""lr"": 1.0000000656873453e-05, ""val_mae12"": 1.319519281387329, ""val_me"": -0.12306767567251453, ""val_me12"": 0.36227146407163713, ""mape_2021"": 5.006566047668457, ""mae_2021"": 0.9025291800498962, ""mae12_2021"": 1.1893768310546875, ""me_2021"": 0.10624885360826683, ""me12_2021"": -0.687409571631579, ""epochs_trained"": 456}",2026-07-04T04:24:13.778481,completed,53.7
7,MAPE,120,0,relu,3,64,0.0,4.383777141571045,0.8354044556617737,1.2493702173233032,-0.04765431906041615,0.2279049611307789,4.383777141571045,0.8524715304374695,1.2474658489227295,0.2088669355852005,-0.9236087750962989,4.8790435791015625,"{""loss"": 2.789308786392212, ""mape"": 2.789308786392212, ""mae"": 0.5901103615760803, ""val_loss"": 4.383777141571045, ""val_mape"": 4.383777141571045, ""val_mae"": 0.8354044556617737, ""lr"": 0.00010000000474974513, ""val_mae12"": 1.2493702173233032, ""val_me"": -0.04765431906041615, ""val_me12"": 0.2279049611307789, ""mape_2021"": 4.8790435791015625, ""mae_2021"": 0.8524715304374695, ""mae12_2021"": 1.2474658489227295, ""me_2021"": 0.2088669355852005, ""me12_2021"": -0.9236087750962989, ""epochs_trained"": 698}",2026-07-04T04:24:16.033687,completed,78.5
7,MAPE,120,0,relu,3,128,0.05,5.264969348907471,0.9638714790344238,1.6919035911560059,0.11421944326158727,0.996066798282212,5.264969348907471,0.9574331641197205,1.421451210975647,0.364513341202362,-0.23999518019893168,6.069501876831055,"{""loss"": 5.471954345703125, ""mape"": 5.471954345703125, ""mae"": 1.1648486852645874, ""val_loss"": 5.264969348907471, ""val_mape"": 5.264969348907471, ""val_mae"": 0.9638714790344238, ""lr"": 0.00010000000474974513, ""val_mae12"": 1.6919035911560059, ""val_me"": 0.11421944326158727, ""val_me12"": 0.996066798282212, ""mape_2021"": 6.069501876831055, ""mae_2021"": 0.9574331641197205, ""mae12_2021"": 1.421451210975647, ""me_2021"": 0.364513341202362, ""me12_2021"": -0.23999518019893168, ""epochs_trained"": 285}",2026-07-04T04:24:17.742326,completed,37.8
7,MAPE,120,0,relu,3,128,0.1,5.310879230499268,1.0305554866790771,1.3782076835632324,0.19340310366075952,0.8657134777015114,5.310879230499268,0.9649415016174316,1.2691419124603271,0.4969293655016215,-0.5315582421272391,5.4556660652160645,"{""loss"": 6.820103645324707, ""mape"": 6.820103645324707, ""mae"": 1.4898611307144165, ""val_loss"": 5.310879230499268, ""val_mape"": 5.310879230499268, ""val_mae"": 1.0305554866790771, ""lr"": 0.00010000000474974513, ""val_mae12"": 1.3782076835632324, ""val_me"": 0.19340310366075952, ""val_me12"": 0.8657134777015114, ""mape_2021"": 5.4556660652160645, ""mae_2021"": 0.9649415016174316, ""mae12_2021"": 1.2691419124603271, ""me_2021"": 0.4969293655016215, ""me12_2021"": -0.5315582421272391, ""epochs_trained"": 273}",2026-07-04T04:24:18.636411,completed,37.1
7,MAPE,120,0,relu,3,128,0.3,7.246036529541016,1.7084869146347046,1.0957520008087158,1.1134634896167224,0.23635191249893506,7.246036529541016,1.490562081336975,1.36452054977417,1.2974924221414272,-0.9384994600839588,7.506771564483643,"{""loss"": 10.599981307983398, ""mape"": 10.599981307983398, ""mae"": 2.3749189376831055, ""val_loss"": 7.246036529541016, ""val_mape"": 7.246036529541016, ""val_mae"": 1.7084869146347046, ""lr"": 0.00010000000474974513, ""val_mae12"": 1.0957520008087158, ""val_me"": 1.1134634896167224, ""val_me12"": 0.23635191249893506, ""mape_2021"": 7.506771564483643, ""mae_2021"": 1.490562081336975, ""mae12_2021"": 1.36452054977417, ""me_2021"": 1.2974924221414272, ""me12_2021"": -0.9384994600839588, ""epochs_trained"": 257}",2026-07-04T04:24:34.884724,completed,21.1
7,MAPE,120,0,relu,3,256,0.3,9.949456214904785,2.141770124435425,2.520347833633423,0.47892310376211283,0.6058948171802483,9.949456214904785,1.8048757314682007,2.1155266761779785,0.9959234562244957,-1.5437011026303478,9.754079818725586,"{""loss"": 11.216678619384766, ""mape"": 11.216678619384766, ""mae"": 2.427180767059326, ""val_loss"": 9.949456214904785, ""val_mape"": 9.949456214904785, ""val_mae"": 2.141770124435425, ""lr"": 0.00010000000474974513, ""val_mae12"": 2.520347833633423, ""val_me"": 0.47892310376211283, ""val_me12"": 0.6058948171802483, ""mape_2021"": 9.754079818725586, ""mae_2021"": 1.8048757314682007, ""mae12_2021"": 2.1155266761779785, ""me_2021"": 0.9959234562244957, ""me12_2021"": -1.5437011026303478, ""epochs_trained"": 153}",2026-07-04T04:25:46.712864,completed,71.1
7,MAPE,120,0,relu,3,256,0.1,5.087038516998291,0.9801304340362549,1.3717360496520996,0.09469699726055744,0.2708357203914578,5.087038516998291,1.0107699632644653,1.7323219776153564,0.47297185308816947,-1.2816512912555378,6.021556377410889,"{""loss"": 6.184503555297852, ""mape"": 6.184503555297852, ""mae"": 1.326784372329712, ""val_loss"": 5.087038516998291, ""val_mape"": 5.087038516998291, ""val_mae"": 0.9801304340362549, ""lr"": 0.00010000000474974513, ""val_mae12"": 1.3717360496520996, ""val_me"": 0.09469699726055744, ""val_me12"": 0.2708357203914578, ""mape_2021"": 6.021556377410889, ""mae_2021"": 1.0107699632644653, ""mae12_2021"": 1.7323219776153564, ""me_2021"": 0.47297185308816947, ""me12_2021"": -1.2816512912555378, ""epochs_trained"": 220}",2026-07-04T04:25:55.186579,completed,79.6
7,MAPE,120,0,relu,3,256,0.05,5.201047420501709,0.9376497268676758,1.5957571268081665,0.07651467724355307,0.8805777393482379,5.201047420501709,1.010697364807129,1.5562338829040527,0.3880514066492825,-1.0062646594045566,5.9967217445373535,"{""loss"": 4.746027946472168, ""mape"": 4.746027946472168, ""mae"": 1.0055843591690063, ""val_loss"": 5.201047420501709, ""val_mape"": 5.201047420501709, ""val_mae"": 0.9376497268676758, ""lr"": 0.00010000000474974513, ""val_mae12"": 1.5957571268081665, ""val_me"": 0.07651467724355307, ""val_me12"": 0.8805777393482379, ""mape_2021"": 5.9967217445373535, ""mae_2021"": 1.010697364807129, ""mae12_2021"": 1.5562338829040527, ""me_2021"": 0.3880514066492825, ""me12_2021"": -1.0062646594045566, ""epochs_trained"": 246}",2026-07-04T04:25:56.706112,completed,81.1
7,MAPE,120,0,relu,3,256,0.0,5.9458112716674805,1.0205062627792358,1.9681262969970703,-0.02639557813500363,1.25695948405198,5.9458112716674805,1.0717490911483765,1.4667807817459106,0.19309703766476335,0.0007698339814989907,6.570899486541748,"{""loss"": 3.4920549392700195, ""mape"": 3.4920549392700195, ""mae"": 0.7343403697013855, ""val_loss"": 5.9458112716674805, ""val_mape"": 5.9458112716674805, ""val_mae"": 1.0205062627792358, ""lr"": 1.0000000656873453e-05, ""val_mae12"": 1.9681262969970703, ""val_me"": -0.02639557813500363, ""val_me12"": 1.25695948405198, ""mape_2021"": 6.570899486541748, ""mae_2021"": 1.0717490911483765, ""mae12_2021"": 1.4667807817459106, ""me_2021"": 0.19309703766476335, ""me12_2021"": 0.0007698339814989907, ""epochs_trained"": 273}",2026-07-04T04:25:56.771630,completed,81.1
7,MAPE,120,0,leaky_relu,1,16,0.0,45.19597625732422,9.15565013885498,8.616586685180664,6.737329615182702,7.649031266984327,45.19597625732422,10.003646850585938,11.723281860351562,7.725463851470054,10.540629960578407,55.565616607666016,"{""loss"": 45.084747314453125, ""mape"": 45.084747314453125, ""mae"": 9.285757064819336, ""val_loss"": 45.19597625732422, ""val_mape"": 45.19597625732422, ""val_mae"": 9.15565013885498, ""lr"": 0.00010000000474974513, ""val_mae12"": 8.616586685180664, ""val_me"": 6.737329615182702, ""val_me12"": 7.649031266984327, ""mape_2021"": 55.565616607666016, ""mae_2021"": 10.003646850585938, ""mae12_2021"": 11.723281860351562, ""me_2021"": 7.725463851470054, ""me12_2021"": 10.540629960578407, ""epochs_trained"": 186}",2026-07-04T04:26:08.730590,completed,22.0
7,MAPE,120,0,leaky_relu,1,16,0.05,46.42393112182617,9.490355491638184,8.457905769348145,7.480915946748835,7.581530810376131,46.42393112182617,10.205780029296875,11.28071117401123,8.379408958526579,10.345871123156671,56.03717803955078,"{""loss"": 47.632041931152344, ""mape"": 47.632041931152344, ""mae"": 9.931349754333496, ""val_loss"": 46.42393112182617, ""val_mape"": 46.42393112182617, ""val_mae"": 9.490355491638184, ""lr"": 0.00010000000474974513, ""val_mae12"": 8.457905769348145, ""val_me"": 7.480915946748835, ""val_me12"": 7.581530810376131, ""mape_2021"": 56.03717803955078, ""mae_2021"": 10.205780029296875, ""mae12_2021"": 11.28071117401123, ""me_2021"": 8.379408958526579, ""me12_2021"": 10.345871123156671, ""epochs_trained"": 160}",2026-07-04T04:26:11.271546,completed,16.1
7,MAPE,120,0,leaky_relu,1,16,0.1,47.043609619140625,9.687222480773926,8.1408109664917,7.873444126275067,7.57127307478199,47.043609619140625,10.369927406311035,11.131386756896973,8.73194612480852,10.520541329332582,57.321441650390625,"{""loss"": 49.903846740722656, ""mape"": 49.903846740722656, ""mae"": 10.457921028137207, ""val_loss"": 47.043609619140625, ""val_mape"": 47.043609619140625, ""val_mae"": 9.687222480773926, ""lr"": 0.00010000000474974513, ""val_mae12"": 8.1408109664917, ""val_me"": 7.873444126275067, ""val_me12"": 7.57127307478199, ""mape_2021"": 57.321441650390625, ""mae_2021"": 10.369927406311035, ""mae12_2021"": 11.131386756896973, ""me_2021"": 8.73194612480852, ""me12_2021"": 10.520541329332582, ""epochs_trained"": 170}",2026-07-04T04:26:13.082372,completed,16.4
7,MAPE,120,0,leaky_relu,1,16,0.3,56.167903900146484,12.583398818969727,7.355825424194336,11.089731269704949,6.148777656340816,56.167903900146484,12.657660484313965,10.002630233764648,11.28854982203793,8.629246012737966,63.146419525146484,"{""loss"": 59.52217483520508, ""mape"": 59.52217483520508, ""mae"": 13.1069974899292, ""val_loss"": 56.167903900146484, ""val_mape"": 56.167903900146484, ""val_mae"": 12.583398818969727, ""lr"": 0.00010000000474974513, ""val_mae12"": 7.355825424194336, ""val_me"": 11.089731269704949, ""val_me12"": 6.148777656340816, ""mape_2021"": 63.146419525146484, ""mae_2021"": 12.657660484313965, ""mae12_2021"": 10.002630233764648, ""me_2021"": 11.28854982203793, ""me12_2021"": 8.629246012737966, ""epochs_trained"": 196}",2026-07-04T04:26:14.470487,completed,17.7
7,MAPE,120,0,leaky_relu,1,32,0.05,45.88705062866211,9.256343841552734,8.861470222473145,6.769812160798024,8.293693271673229,45.88705062866211,10.04774284362793,12.030404090881348,7.805381590688843,11.432385210895486,56.849727630615234,"{""loss"": 47.22245788574219, ""mape"": 47.22245788574219, ""mae"": 9.796133041381836, ""val_loss"": 45.88705062866211, ""val_mape"": 45.88705062866211, ""val_mae"": 9.256343841552734, ""lr"": 0.00010000000474974513, ""val_mae12"": 8.861470222473145, ""val_me"": 6.769812160798024, ""val_me12"": 8.293693271673229, ""mape_2021"": 56.849727630615234, ""mae_2021"": 10.04774284362793, ""mae12_2021"": 12.030404090881348, ""me_2021"": 7.805381590688843, ""me12_2021"": 11.432385210895486, ""epochs_trained"": 123}",2026-07-04T04:26:38.663031,completed,22.9
7,MAPE,120,0,leaky_relu,1,32,0.1,45.37741470336914,9.241966247558594,8.601642608642578,7.004644215865724,7.497433135286995,45.37741470336914,10.021224975585938,11.23867130279541,7.988672238681844,9.91801280471302,54.86655807495117,"{""loss"": 47.2056884765625, ""mape"": 47.2056884765625, ""mae"": 9.913191795349121, ""val_loss"": 45.37741470336914, ""val_mape"": 45.37741470336914, ""val_mae"": 9.241966247558594, ""lr"": 0.00010000000474974513, ""val_mae12"": 8.601642608642578, ""val_me"": 7.004644215865724, ""val_me12"": 7.497433135286995, ""mape_2021"": 54.86655807495117, ""mae_2021"": 10.021224975585938, ""mae12_2021"": 11.23867130279541, ""me_2021"": 7.988672238681844, ""me12_2021"": 9.91801280471302, ""epochs_trained"": 147}",2026-07-04T04:26:39.655629,completed,23.9
7,MAPE,120,0,leaky_relu,1,32,0.0,44.9388313293457,9.153409004211426,8.669739723205566,6.602540881298141,7.139051732102813,44.9388313293457,9.924943923950195,10.914908409118652,7.664533297341586,9.122875832554978,53.123592376708984,"{""loss"": 43.97623825073242, ""mape"": 43.97623825073242, ""mae"": 9.142121315002441, ""val_loss"": 44.9388313293457, ""val_mape"": 44.9388313293457, ""val_mae"": 9.153409004211426, ""lr"": 0.00010000000474974513, ""val_mae12"": 8.669739723205566, ""val_me"": 6.602540881298141, ""val_me12"": 7.139051732102813, ""mape_2021"": 53.123592376708984, ""mae_2021"": 9.924943923950195, ""mae12_2021"": 10.914908409118652, ""me_2021"": 7.664533297341586, ""me12_2021"": 9.122875832554978, ""epochs_trained"": 159}",2026-07-04T04:26:39.957679,completed,24.2
7,MAPE,120,0,leaky_relu,1,64,0.0,45.92338562011719,9.394309997558594,8.642080307006836,6.720506227822943,8.053312940562192,45.92338562011719,10.074642181396484,11.45382308959961,7.825346000394871,10.874308639360306,56.50764846801758,"{""loss"": 45.72578048706055, ""mape"": 45.72578048706055, ""mae"": 9.458769798278809, ""val_loss"": 45.92338562011719, ""val_mape"": 45.92338562011719, ""val_mae"": 9.394309997558594, ""lr"": 0.00010000000474974513, ""val_mae12"": 8.642080307006836, ""val_me"": 6.720506227822943, ""val_me12"": 8.053312940562192, ""mape_2021"": 56.50764846801758, ""mae_2021"": 10.074642181396484, ""mae12_2021"": 11.45382308959961, ""me_2021"": 7.825346000394871, ""me12_2021"": 10.874308639360306, ""epochs_trained"": 104}",2026-07-04T04:26:48.837216,completed,10.2
7,MAPE,120,0,leaky_relu,1,64,0.05,45.843772888183594,9.192241668701172,9.089130401611328,6.438155963137429,8.570748583201718,45.843772888183594,10.104796409606934,12.477980613708496,7.528533672160291,11.948328661955676,57.799808502197266,"{""loss"": 47.50052261352539, ""mape"": 47.50052261352539, ""mae"": 9.75842571258545, ""val_loss"": 45.843772888183594, ""val_mape"": 45.843772888183594, ""val_mae"": 9.192241668701172, ""lr"": 1.0000000656873453e-05, ""val_mae12"": 9.089130401611328, ""val_me"": 6.438155963137429, ""val_me12"": 8.570748583201718, ""mape_2021"": 57.799808502197266, ""mae_2021"": 10.104796409606934, ""mae12_2021"": 12.477980613708496, ""me_2021"": 7.528533672160291, ""me12_2021"": 11.948328661955676, ""epochs_trained"": 95}",2026-07-04T04:26:49.536337,completed,9.9
7,MAPE,120,0,leaky_relu,1,32,0.3,42.540401458740234,8.976160049438477,6.407522201538086,7.383510963933733,5.307446683182705,42.540401458740234,9.600869178771973,7.78279972076416,8.238659791058145,6.484199268104361,48.93444061279297,"{""loss"": 49.252593994140625, ""mape"": 49.252593994140625, ""mae"": 10.65621566772461, ""val_loss"": 42.540401458740234, ""val_mape"": 42.540401458740234, ""val_mae"": 8.976160049438477, ""lr"": 0.00010000000474974513, ""val_mae12"": 6.407522201538086, ""val_me"": 7.383510963933733, ""val_me12"": 5.307446683182705, ""mape_2021"": 48.93444061279297, ""mae_2021"": 9.600869178771973, ""mae12_2021"": 7.78279972076416, ""me_2021"": 8.238659791058145, ""me12_2021"": 6.484199268104361, ""epochs_trained"": 355}",2026-07-04T04:26:50.103426,completed,34.3
7,MAPE,120,0,leaky_relu,1,64,0.1,45.710140228271484,9.285840034484863,8.838624954223633,6.965142414601993,7.970837356447415,45.710140228271484,10.040135383605957,11.622806549072266,7.973796285409991,10.723579696188981,55.957332611083984,"{""loss"": 47.10652160644531, ""mape"": 47.10652160644531, ""mae"": 9.788670539855957, ""val_loss"": 45.710140228271484, ""val_mape"": 45.710140228271484, ""val_mae"": 9.285840034484863, ""lr"": 0.00010000000474974513, ""val_mae12"": 8.838624954223633, ""val_me"": 6.965142414601993, ""val_me12"": 7.970837356447415, ""mape_2021"": 55.957332611083984, ""mae_2021"": 10.040135383605957, ""mae12_2021"": 11.622806549072266, ""me_2021"": 7.973796285409991, ""me12_2021"": 10.723579696188981, ""epochs_trained"": 115}",2026-07-04T04:26:50.534574,completed,10.6
7,MAPE,120,0,leaky_relu,1,64,0.3,45.69362258911133,9.364864349365234,7.636668682098389,7.819110114497025,6.973301230190204,45.69362258911133,10.263181686401367,10.072172164916992,8.78575662353046,9.468154102821652,56.15899658203125,"{""loss"": 52.177555084228516, ""mape"": 52.177555084228516, ""mae"": 10.964691162109375, ""val_loss"": 45.69362258911133, ""val_mape"": 45.69362258911133, ""val_mae"": 9.364864349365234, ""lr"": 0.00010000000474974513, ""val_mae12"": 7.636668682098389, ""val_me"": 7.819110114497025, ""val_me12"": 6.973301230190204, ""mape_2021"": 56.15899658203125, ""mae_2021"": 10.263181686401367, ""mae12_2021"": 10.072172164916992, ""me_2021"": 8.78575662353046, ""me12_2021"": 9.468154102821652, ""epochs_trained"": 169}",2026-07-04T04:26:58.915883,completed,10.1
8,MAPE,120,0,relu,1,16,0.1,47.18458557128906,9.566200256347656,8.938863754272461,7.723408143168758,8.779462818559582,47.18458557128906,10.364336013793945,12.338201522827148,8.653870873159294,12.264537031157762,60.25008010864258,"{""loss"": 50.83946990966797, ""mape"": 50.83946990966797, ""mae"": 10.563905715942383, ""val_loss"": 47.18458557128906, ""val_mape"": 47.18458557128906, ""val_mae"": 9.566200256347656, ""lr"": 0.00010000000474974513, ""val_mae12"": 8.938863754272461, ""val_me"": 7.723408143168758, ""val_me12"": 8.779462818559582, ""mape_2021"": 60.25008010864258, ""mae_2021"": 10.364336013793945, ""mae12_2021"": 12.338201522827148, ""me_2021"": 8.653870873159294, ""me12_2021"": 12.264537031157762, ""epochs_trained"": 144}",2026-07-04T05:18:06.293026,completed,15.7
8,MAPE,120,0,relu,1,16,0.05,46.774574279785156,9.498626708984375,9.196459770202637,7.446975673398798,8.835464528963076,46.774574279785156,10.24330997467041,12.337687492370605,8.386487112668211,12.05601806578101,58.82855224609375,"{""loss"": 48.502288818359375, ""mape"": 48.502288818359375, ""mae"": 10.058954238891602, ""val_loss"": 46.774574279785156, ""val_mape"": 46.774574279785156, ""val_mae"": 9.498626708984375, ""lr"": 0.00010000000474974513, ""val_mae12"": 9.196459770202637, ""val_me"": 7.446975673398798, ""val_me12"": 8.835464528963076, ""mape_2021"": 58.82855224609375, ""mae_2021"": 10.24330997467041, ""mae12_2021"": 12.337687492370605, ""me_2021"": 8.386487112668211, ""me12_2021"": 12.05601806578101, ""epochs_trained"": 148}",2026-07-04T05:18:06.420945,completed,15.8
8,MAPE,120,0,relu,1,16,0.0,45.65510940551758,9.262413024902344,8.810478210449219,6.8706112192184845,8.074012175514891,45.65510940551758,10.087736129760742,11.85804557800293,7.8970643790226305,11.177152444072954,56.59123611450195,"{""loss"": 45.83719253540039, ""mape"": 45.83719253540039, ""mae"": 9.449236869812012, ""val_loss"": 45.65510940551758, ""val_mape"": 45.65510940551758, ""val_mae"": 9.262413024902344, ""lr"": 0.00010000000474974513, ""val_mae12"": 8.810478210449219, ""val_me"": 6.8706112192184845, ""val_me12"": 8.074012175514891, ""mape_2021"": 56.59123611450195, ""mae_2021"": 10.087736129760742, ""mae12_2021"": 11.85804557800293, ""me_2021"": 7.8970643790226305, ""me12_2021"": 11.177152444072954, ""epochs_trained"": 156}",2026-07-04T05:18:06.638225,completed,16.1
8,MAPE,120,0,relu,1,16,0.3,56.39888000488281,12.693033218383789,7.5464558601379395,11.037061277432311,6.036738375914843,56.39888000488281,12.723225593566895,10.53908920288086,11.111714336376778,8.562355446300632,63.142242431640625,"{""loss"": 56.3612060546875, ""mape"": 56.3612060546875, ""mae"": 12.710367202758789, ""val_loss"": 56.39888000488281, ""val_mape"": 56.39888000488281, ""val_mae"": 12.693033218383789, ""lr"": 0.00010000000474974513, ""val_mae12"": 7.5464558601379395, ""val_me"": 11.037061277432311, ""val_me12"": 6.036738375914843, ""mape_2021"": 63.142242431640625, ""mae_2021"": 12.723225593566895, ""mae12_2021"": 10.53908920288086, ""me_2021"": 11.111714336376778, ""me12_2021"": 8.562355446300632, ""epochs_trained"": 219}",2026-07-04T05:18:09.176264,completed,18.6
8,MAPE,120,0,relu,1,32,0.0,47.22281265258789,9.493288040161133,9.780721664428711,6.838373705348213,9.630555218963954,47.22281265258789,10.15048599243164,13.33324909210205,7.866516698340416,13.265230860129058,59.837467193603516,"{""loss"": 47.07715606689453, ""mape"": 47.07715606689453, ""mae"": 9.541402816772461, ""val_loss"": 47.22281265258789, ""val_mape"": 47.22281265258789, ""val_mae"": 9.493288040161133, ""lr"": 0.00010000000474974513, ""val_mae12"": 9.780721664428711, ""val_me"": 6.838373705348213, ""val_me12"": 9.630555218963954, ""mape_2021"": 59.837467193603516, ""mae_2021"": 10.15048599243164, ""mae12_2021"": 13.33324909210205, ""me_2021"": 7.866516698340416, ""me12_2021"": 13.265230860129058, ""epochs_trained"": 102}",2026-07-04T05:18:13.684239,completed,7.4
8,MAPE,120,0,relu,1,32,0.05,46.475242614746094,9.423100471496582,9.521533012390137,6.737517261252837,8.99877330564929,46.475242614746094,10.135748863220215,12.919434547424316,7.782777640408664,12.412053514667742,59.12157440185547,"{""loss"": 46.939483642578125, ""mape"": 46.939483642578125, ""mae"": 9.700186729431152, ""val_loss"": 46.475242614746094, ""val_mape"": 46.475242614746094, ""val_mae"": 9.423100471496582, ""lr"": 0.00010000000474974513, ""val_mae12"": 9.521533012390137, ""val_me"": 6.737517261252837, ""val_me12"": 8.99877330564929, ""mape_2021"": 59.12157440185547, ""mae_2021"": 10.135748863220215, ""mae12_2021"": 12.919434547424316, ""me_2021"": 7.782777640408664, ""me12_2021"": 12.412053514667742, ""epochs_trained"": 104}",2026-07-04T05:18:14.055328,completed,7.6
8,MAPE,120,0,relu,1,32,0.1,44.60843276977539,9.206604957580566,8.00846004486084,7.106810046013523,6.525364549653577,44.60843276977539,9.943527221679688,10.235036849975586,8.01613887058958,8.45061337863246,52.34761047363281,"{""loss"": 46.17826843261719, ""mape"": 46.17826843261719, ""mae"": 9.858393669128418, ""val_loss"": 44.60843276977539, ""val_mape"": 44.60843276977539, ""val_mae"": 9.206604957580566, ""lr"": 0.00010000000474974513, ""val_mae12"": 8.00846004486084, ""val_me"": 7.106810046013523, ""val_me12"": 6.525364549653577, ""mape_2021"": 52.34761047363281, ""mae_2021"": 9.943527221679688, ""mae12_2021"": 10.235036849975586, ""me_2021"": 8.01613887058958, ""me12_2021"": 8.45061337863246, ""epochs_trained"": 177}",2026-07-04T05:18:16.715423,completed,10.1
8,MAPE,120,0,relu,1,32,0.3,44.93830490112305,9.235024452209473,7.8806281089782715,7.3350627251490375,6.968735836631663,44.93830490112305,10.09631061553955,10.58713436126709,8.307600355159853,9.599216101603986,55.03425979614258,"{""loss"": 50.2197151184082, ""mape"": 50.2197151184082, ""mae"": 10.799410820007324, ""val_loss"": 44.93830490112305, ""val_mape"": 44.93830490112305, ""val_mae"": 9.235024452209473, ""lr"": 0.00010000000474974513, ""val_mae12"": 7.8806281089782715, ""val_me"": 7.3350627251490375, ""val_me12"": 6.968735836631663, ""mape_2021"": 55.03425979614258, ""mae_2021"": 10.09631061553955, ""mae12_2021"": 10.58713436126709, ""me_2021"": 8.307600355159853, ""me12_2021"": 9.599216101603986, ""epochs_trained"": 147}",2026-07-04T05:18:17.937297,completed,8.8
8,MAPE,120,0,relu,1,64,0.0,46.770145416259766,9.54668140411377,9.244640350341797,6.7788573312680755,8.7741122190428,46.770145416259766,10.120888710021973,12.506667137145996,7.8298689412110045,12.056840563519744,57.94059371948242,"{""loss"": 46.13081741333008, ""mape"": 46.13081741333008, ""mae"": 9.495080947875977, ""val_loss"": 46.770145416259766, ""val_mape"": 46.770145416259766, ""val_mae"": 9.54668140411377, ""lr"": 0.00010000000474974513, ""val_mae12"": 9.244640350341797, ""val_me"": 6.7788573312680755, ""val_me12"": 8.7741122190428, ""mape_2021"": 57.94059371948242, ""mae_2021"": 10.120888710021973, ""mae12_2021"": 12.506667137145996, ""me_2021"": 7.8298689412110045, ""me12_2021"": 12.056840563519744, ""epochs_trained"": 94}",2026-07-04T05:18:33.752934,completed,15.1
8,MAPE,120,0,relu,1,64,0.05,46.47405242919922,9.460559844970703,9.072277069091797,6.49508754944099,8.31543474815532,46.47405242919922,10.099783897399902,12.310023307800293,7.607817226891715,11.49148997469473,57.24394607543945,"{""loss"": 46.205543518066406, ""mape"": 46.205543518066406, ""mae"": 9.5503568649292, ""val_loss"": 46.47405242919922, ""val_mape"": 46.47405242919922, ""val_mae"": 9.460559844970703, ""lr"": 0.00010000000474974513, ""val_mae12"": 9.072277069091797, ""val_me"": 6.49508754944099, ""val_me12"": 8.31543474815532, ""mape_2021"": 57.24394607543945, ""mae_2021"": 10.099783897399902, ""mae12_2021"": 12.310023307800293, ""me_2021"": 7.607817226891715, ""me12_2021"": 11.49148997469473, ""epochs_trained"": 90}",2026-07-04T05:18:33.781455,completed,15.1
8,MAPE,120,0,relu,1,64,0.1,46.5616569519043,9.455018997192383,8.982660293579102,6.589025812543027,8.379835418626772,46.5616569519043,10.128717422485352,12.067208290100098,7.711142306987895,11.520438163626583,57.292293548583984,"{""loss"": 47.32319259643555, ""mape"": 47.32319259643555, ""mae"": 9.774819374084473, ""val_loss"": 46.5616569519043, ""val_mape"": 46.5616569519043, ""val_mae"": 9.455018997192383, ""lr"": 0.00010000000474974513, ""val_mae12"": 8.982660293579102, ""val_me"": 6.589025812543027, ""val_me12"": 8.379835418626772, ""mape_2021"": 57.292293548583984, ""mae_2021"": 10.128717422485352, ""mae12_2021"": 12.067208290100098, ""me_2021"": 7.711142306987895, ""me12_2021"": 11.520438163626583, ""epochs_trained"": 95}",2026-07-04T05:18:33.790022,completed,15.1
8,MAPE,120,0,relu,1,64,0.3,45.3917121887207,9.248810768127441,8.472413063049316,6.909120589170813,7.736095762250015,45.3917121887207,10.06753158569336,11.426043510437012,7.947657520910309,10.679735495242314,55.75746536254883,"{""loss"": 48.35662078857422, ""mape"": 48.35662078857422, ""mae"": 10.17886734008789, ""val_loss"": 45.3917121887207, ""val_mape"": 45.3917121887207, ""val_mae"": 9.248810768127441, ""lr"": 0.00010000000474974513, ""val_mae12"": 8.472413063049316, ""val_me"": 6.909120589170813, ""val_me12"": 7.736095762250015, ""mape_2021"": 55.75746536254883, ""mae_2021"": 10.06753158569336, ""mae12_2021"": 11.426043510437012, ""me_2021"": 7.947657520910309, ""me12_2021"": 10.679735495242314, ""epochs_trained"": 102}",2026-07-04T05:18:34.101607,completed,15.4
8,MAPE,120,0,relu,1,128,0.0,46.68060302734375,9.53571605682373,8.8840913772583,6.7969048832531485,8.139880574357036,46.68060302734375,10.146066665649414,12.122862815856934,7.866394075665125,11.331926871486894,57.30300521850586,"{""loss"": 45.71617889404297, ""mape"": 45.71617889404297, ""mae"": 9.420736312866211, ""val_loss"": 46.68060302734375, ""val_mape"": 46.68060302734375, ""val_mae"": 9.53571605682373, ""lr"": 0.00010000000474974513, ""val_mae12"": 8.8840913772583, ""val_me"": 6.7969048832531485, ""val_me12"": 8.139880574357036, ""mape_2021"": 57.30300521850586, ""mae_2021"": 10.146066665649414, ""mae12_2021"": 12.122862815856934, ""me_2021"": 7.866394075665125, ""me12_2021"": 11.331926871486894, ""epochs_trained"": 75}",2026-07-04T05:18:52.668600,completed,18.9
8,MAPE,120,0,relu,1,128,0.05,46.70351028442383,9.526493072509766,8.84740924835205,6.798899408602329,8.395973521447887,46.70351028442383,10.118271827697754,12.018269538879395,7.878131400157372,11.620592386892055,57.6365852355957,"{""loss"": 46.34036636352539, ""mape"": 46.34036636352539, ""mae"": 9.543432235717773, ""val_loss"": 46.70351028442383, ""val_mape"": 46.70351028442383, ""val_mae"": 9.526493072509766, ""lr"": 0.00010000000474974513, ""val_mae12"": 8.84740924835205, ""val_me"": 6.798899408602329, ""val_me12"": 8.395973521447887, ""mape_2021"": 57.6365852355957, ""mae_2021"": 10.118271827697754, ""mae12_2021"": 12.018269538879395, ""me_2021"": 7.878131400157372, ""me12_2021"": 11.620592386892055, ""epochs_trained"": 79}",2026-07-04T05:18:53.162663,completed,19.4
8,MAPE,120,0,relu,1,128,0.1,46.707130432128906,9.528046607971191,8.718099594116211,6.545500723414592,7.965798598667515,46.707130432128906,10.129657745361328,11.950926780700684,7.673194628735208,11.132523061206554,56.98212814331055,"{""loss"": 46.33539581298828, ""mape"": 46.33539581298828, ""mae"": 9.565351486206055, ""val_loss"": 46.707130432128906, ""val_mape"": 46.707130432128906, ""val_mae"": 9.528046607971191, ""lr"": 0.00010000000474974513, ""val_mae12"": 8.718099594116211, ""val_me"": 6.545500723414592, ""val_me12"": 7.965798598667515, ""mape_2021"": 56.98212814331055, ""mae_2021"": 10.129657745361328, ""mae12_2021"": 11.950926780700684, ""me_2021"": 7.673194628735208, ""me12_2021"": 11.132523061206554, ""epochs_trained"": 78}",2026-07-04T05:18:55.754450,completed,22.0
8,MAPE,120,0,relu,1,128,0.3,45.05678939819336,9.198006629943848,8.58175277709961,6.68866903831427,7.6734235988107296,45.05678939819336,9.958490371704102,11.344470977783203,7.751099748767092,10.311801465830927,55.0718994140625,"{""loss"": 46.46068572998047, ""mape"": 46.46068572998047, ""mae"": 9.713953018188477, ""val_loss"": 45.05678939819336, ""val_mape"": 45.05678939819336, ""val_mae"": 9.198006629943848, ""lr"": 0.00010000000474974513, ""val_mae12"": 8.58175277709961, ""val_me"": 6.68866903831427, ""val_me12"": 7.6734235988107296, ""mape_2021"": 55.0718994140625, ""mae_2021"": 9.958490371704102, ""mae12_2021"": 11.344470977783203, ""me_2021"": 7.751099748767092, ""me12_2021"": 10.311801465830927, ""epochs_trained"": 89}",2026-07-04T05:18:56.314556,completed,22.2
8,MAPE,120,0,relu,1,256,0.1,45.64039611816406,9.269609451293945,8.027756690979004,6.7579207581825465,7.077215829560022,45.64039611816406,10.086925506591797,10.761646270751953,7.897121015388111,9.705514809857423,55.1116943359375,"{""loss"": 45.19134521484375, ""mape"": 45.19134521484375, ""mae"": 9.33139419555664, ""val_loss"": 45.64039611816406, ""val_mape"": 45.64039611816406, ""val_mae"": 9.269609451293945, ""lr"": 0.00010000000474974513, ""val_mae12"": 8.027756690979004, ""val_me"": 6.7579207581825465, ""val_me12"": 7.077215829560022, ""mape_2021"": 55.1116943359375, ""mae_2021"": 10.086925506591797, ""mae12_2021"": 10.761646270751953, ""me_2021"": 7.897121015388111, ""me12_2021"": 9.705514809857423, ""epochs_trained"": 66}",2026-07-04T05:20:19.609446,completed,77.8
8,MAPE,120,0,relu,1,256,0.05,46.14148712158203,9.45648193359375,8.942492485046387,6.03290229022953,7.826706496274974,46.14148712158203,10.074653625488281,11.928248405456543,7.226164114867805,10.635666971111245,55.76478958129883,"{""loss"": 44.842777252197266, ""mape"": 44.842777252197266, ""mae"": 9.27103042602539, ""val_loss"": 46.14148712158203, ""val_mape"": 46.14148712158203, ""val_mae"": 9.45648193359375, ""lr"": 0.00010000000474974513, ""val_mae12"": 8.942492485046387, ""val_me"": 6.03290229022953, ""val_me12"": 7.826706496274974, ""mape_2021"": 55.76478958129883, ""mae_2021"": 10.074653625488281, ""mae12_2021"": 11.928248405456543, ""me_2021"": 7.226164114867805, ""me12_2021"": 10.635666971111245, ""epochs_trained"": 68}",2026-07-04T05:20:19.880449,completed,78.1
8,MAPE,120,0,relu,2,16,0.0,47.742977142333984,9.491628646850586,9.932220458984375,6.764075991838082,9.851260632131341,47.742977142333984,10.107281684875488,13.774101257324219,7.797795483238396,13.803206473846739,60.85960006713867,"{""loss"": 47.16901397705078, ""mape"": 47.16901397705078, ""mae"": 9.444174766540527, ""val_loss"": 47.742977142333984, ""val_mape"": 47.742977142333984, ""val_mae"": 9.491628646850586, ""lr"": 0.00010000000474974513, ""val_mae12"": 9.932220458984375, ""val_me"": 6.764075991838082, ""val_me12"": 9.851260632131341, ""mape_2021"": 60.85960006713867, ""mae_2021"": 10.107281684875488, ""mae12_2021"": 13.774101257324219, ""me_2021"": 7.797795483238396, ""me12_2021"": 13.803206473846739, ""epochs_trained"": 95}",2026-07-04T05:20:42.511312,completed,22.9
8,MAPE,120,0,relu,2,16,0.05,46.546730041503906,9.542399406433105,8.318367004394531,6.8414000117058675,8.058787730119796,46.546730041503906,10.120431900024414,11.904680252075195,7.943607907703051,11.709816073083825,58.463966369628906,"{""loss"": 49.037811279296875, ""mape"": 49.037811279296875, ""mae"": 10.135489463806152, ""val_loss"": 46.546730041503906, ""val_mape"": 46.546730041503906, ""val_mae"": 9.542399406433105, ""lr"": 0.00010000000474974513, ""val_mae12"": 8.318367004394531, ""val_me"": 6.8414000117058675, ""val_me12"": 8.058787730119796, ""mape_2021"": 58.463966369628906, ""mae_2021"": 10.120431900024414, ""mae12_2021"": 11.904680252075195, ""me_2021"": 7.943607907703051, ""me12_2021"": 11.709816073083825, ""epochs_trained"": 107}",2026-07-04T05:20:44.791192,completed,24.9
8,MAPE,120,0,relu,2,16,0.3,89.6290512084961,21.922035217285156,3.920020818710327,21.95965328528204,3.122068653494479,89.6290512084961,20.963850021362305,7.316822528839111,20.246118715149404,6.392180554550614,94.29301452636719,"{""loss"": 87.67329406738281, ""mape"": 87.67329406738281, ""mae"": 20.946733474731445, ""val_loss"": 89.6290512084961, ""val_mape"": 89.6290512084961, ""val_mae"": 21.922035217285156, ""lr"": 0.00010000000474974513, ""val_mae12"": 3.920020818710327, ""val_me"": 21.95965328528204, ""val_me12"": 3.122068653494479, ""mape_2021"": 94.29301452636719, ""mae_2021"": 20.963850021362305, ""mae12_2021"": 7.316822528839111, ""me_2021"": 20.246118715149404, ""me12_2021"": 6.392180554550614, ""epochs_trained"": 41}",2026-07-04T05:21:02.935708,completed,18.1
8,MAPE,120,0,relu,1,256,0.3,13.398224830627441,2.4974851608276367,4.001193046569824,0.3775041825241337,1.5716080012147065,13.398224830627441,2.59950590133667,3.062276840209961,1.1222696815139632,-2.0731307426304126,14.572855949401855,"{""loss"": 13.063913345336914, ""mape"": 13.063913345336914, ""mae"": 2.7714507579803467, ""val_loss"": 13.398224830627441, ""val_mape"": 13.398224830627441, ""val_mae"": 2.4974851608276367, ""lr"": 0.00010000000474974513, ""val_mae12"": 4.001193046569824, ""val_me"": 0.3775041825241337, ""val_me12"": 1.5716080012147065, ""mape_2021"": 14.572855949401855, ""mae_2021"": 2.59950590133667, ""mae12_2021"": 3.062276840209961, ""me_2021"": 1.1222696815139632, ""me12_2021"": -2.0731307426304126, ""epochs_trained"": 447}",2026-07-04T05:21:03.347488,completed,121.6
8,MAPE,120,0,relu,2,16,0.1,46.25305938720703,9.545374870300293,8.636680603027344,6.9667806965929735,8.395842149555941,46.25305938720703,10.039348602294922,12.266817092895508,7.9808627877380625,11.97695401888595,58.49837112426758,"{""loss"": 50.53302764892578, ""mape"": 50.53302764892578, ""mae"": 10.70418643951416, ""val_loss"": 46.25305938720703, ""val_mape"": 46.25305938720703, ""val_mae"": 9.545374870300293, ""lr"": 0.00010000000474974513, ""val_mae12"": 8.636680603027344, ""val_me"": 6.9667806965929735, ""val_me12"": 8.395842149555941, ""mape_2021"": 58.49837112426758, ""mae_2021"": 10.039348602294922, ""mae12_2021"": 12.266817092895508, ""me_2021"": 7.9808627877380625, ""me12_2021"": 11.97695401888595, ""epochs_trained"": 151}",2026-07-04T05:21:10.322789,completed,27.8
8,MAPE,120,0,relu,1,256,0.0,16.57588005065918,3.5422160625457764,3.20627498626709,2.250003461157398,2.1739876931003064,16.57588005065918,3.8319621086120605,2.2562413215637207,2.721393516906992,-0.8346520778732118,18.90430450439453,"{""loss"": 14.129860877990723, ""mape"": 14.129860877990723, ""mae"": 3.169325113296509, ""val_loss"": 16.57588005065918, ""val_mape"": 16.57588005065918, ""val_mae"": 3.5422160625457764, ""lr"": 1.0000000656873453e-05, ""val_mae12"": 3.20627498626709, ""val_me"": 2.250003461157398, ""val_me12"": 2.1739876931003064, ""mape_2021"": 18.90430450439453, ""mae_2021"": 3.8319621086120605, ""mae12_2021"": 2.2562413215637207, ""me_2021"": 2.721393516906992, ""me12_2021"": -0.8346520778732118, ""epochs_trained"": 2306}",2026-07-04T05:24:09.684762,completed,307.9
8,MAPE,120,0,relu,2,32,0.3,47.65729904174805,9.894509315490723,7.380021572113037,7.469076895848917,7.1905014101527795,47.65729904174805,10.351652145385742,11.072819709777832,8.567163501169164,10.872443909152297,59.875762939453125,"{""loss"": 53.81447982788086, ""mape"": 53.81447982788086, ""mae"": 11.494220733642578, ""val_loss"": 47.65729904174805, ""val_mape"": 47.65729904174805, ""val_mae"": 9.894509315490723, ""lr"": 0.00010000000474974513, ""val_mae12"": 7.380021572113037, ""val_me"": 7.469076895848917, ""val_me12"": 7.1905014101527795, ""mape_2021"": 59.875762939453125, ""mae_2021"": 10.351652145385742, ""mae12_2021"": 11.072819709777832, ""me_2021"": 8.567163501169164, ""me12_2021"": 10.872443909152297, ""epochs_trained"": 95}",2026-07-04T05:25:02.919817,completed,47.7
8,MAPE,120,0,relu,2,32,0.05,45.75480651855469,9.391302108764648,8.649026870727539,6.868588810092606,8.484790242325786,45.75480651855469,10.0107421875,11.967164039611816,7.916792828806412,11.838604407435824,57.95964431762695,"{""loss"": 47.386627197265625, ""mape"": 47.386627197265625, ""mae"": 9.887683868408203, ""val_loss"": 45.75480651855469, ""val_mape"": 45.75480651855469, ""val_mae"": 9.391302108764648, ""lr"": 0.00010000000474974513, ""val_mae12"": 8.649026870727539, ""val_me"": 6.868588810092606, ""val_me12"": 8.484790242325786, ""mape_2021"": 57.95964431762695, ""mae_2021"": 10.0107421875, ""mae12_2021"": 11.967164039611816, ""me_2021"": 7.916792828806412, ""me12_2021"": 11.838604407435824, ""epochs_trained"": 95}",2026-07-04T05:25:03.224811,completed,48.0
8,MAPE,120,0,relu,2,32,0.1,45.278541564941406,9.38216781616211,8.319026947021484,6.51884140727947,7.903213513342242,45.278541564941406,9.900134086608887,11.514420509338379,7.581542930583184,11.079063511814843,56.14845275878906,"{""loss"": 47.18244171142578, ""mape"": 47.18244171142578, ""mae"": 9.958751678466797, ""val_loss"": 45.278541564941406, ""val_mape"": 45.278541564941406, ""val_mae"": 9.38216781616211, ""lr"": 0.00010000000474974513, ""val_mae12"": 8.319026947021484, ""val_me"": 6.51884140727947, ""val_me12"": 7.903213513342242, ""mape_2021"": 56.14845275878906, ""mae_2021"": 9.900134086608887, ""mae12_2021"": 11.514420509338379, ""me_2021"": 7.581542930583184, ""me12_2021"": 11.079063511814843, ""epochs_trained"": 102}",2026-07-04T05:25:03.456845,completed,48.2
8,MAPE,120,0,relu,2,64,0.0,46.41411209106445,9.254942893981934,8.903564453125,6.402039561347562,8.771847116415467,46.41411209106445,10.1707124710083,12.529875755310059,7.603377239375956,12.48965932399427,59.81998062133789,"{""loss"": 45.570945739746094, ""mape"": 45.570945739746094, ""mae"": 9.176471710205078, ""val_loss"": 46.41411209106445, ""val_mape"": 46.41411209106445, ""val_mae"": 9.254942893981934, ""lr"": 0.00010000000474974513, ""val_mae12"": 8.903564453125, ""val_me"": 6.402039561347562, ""val_me12"": 8.771847116415467, ""mape_2021"": 59.81998062133789, ""mae_2021"": 10.1707124710083, ""mae12_2021"": 12.529875755310059, ""me_2021"": 7.603377239375956, ""me12_2021"": 12.48965932399427, ""epochs_trained"": 53}",2026-07-04T05:25:11.428439,completed,8.5
8,MAPE,120,0,relu,2,64,0.3,46.276611328125,9.515681266784668,6.893758296966553,7.1104729257124895,6.635712137968114,46.276611328125,10.350162506103516,10.507922172546387,8.3480479958969,10.165217941815714,59.226776123046875,"{""loss"": 50.08326721191406, ""mape"": 50.08326721191406, ""mae"": 10.505271911621094, ""val_loss"": 46.276611328125, ""val_mape"": 46.276611328125, ""val_mae"": 9.515681266784668, ""lr"": 0.00010000000474974513, ""val_mae12"": 6.893758296966553, ""val_me"": 7.1104729257124895, ""val_me12"": 6.635712137968114, ""mape_2021"": 59.226776123046875, ""mae_2021"": 10.350162506103516, ""mae12_2021"": 10.507922172546387, ""me_2021"": 8.3480479958969, ""me12_2021"": 10.165217941815714, ""epochs_trained"": 68}",2026-07-04T05:25:22.411527,completed,11.0
8,MAPE,120,0,relu,2,64,0.05,17.042760848999023,3.3259382247924805,4.110785007476807,0.46406236375974014,2.657183208723171,17.042760848999023,3.370145797729492,2.3786182403564453,1.219825669813431,-0.304272695566157,17.628801345825195,"{""loss"": 15.491514205932617, ""mape"": 15.491514205932617, ""mae"": 3.227245569229126, ""val_loss"": 17.042760848999023, ""val_mape"": 17.042760848999023, ""val_mae"": 3.3259382247924805, ""lr"": 0.00010000000474974513, ""val_mae12"": 4.110785007476807, ""val_me"": 0.46406236375974014, ""val_me12"": 2.657183208723171, ""mape_2021"": 17.628801345825195, ""mae_2021"": 3.370145797729492, ""mae12_2021"": 2.3786182403564453, ""me_2021"": 1.219825669813431, ""me12_2021"": -0.304272695566157, ""epochs_trained"": 212}",2026-07-04T05:25:22.653527,completed,19.4
8,MAPE,120,0,relu,2,64,0.1,7.2793402671813965,1.3404390811920166,2.2880301475524902,0.006930771941391969,0.1872748642623356,7.2793402671813965,1.40232515335083,2.056671142578125,0.5093306724164769,-1.6714176814494814,7.953948497772217,"{""loss"": 9.305875778198242, ""mape"": 9.305875778198242, ""mae"": 2.0053205490112305, ""val_loss"": 7.2793402671813965, ""val_mape"": 7.2793402671813965, ""val_mae"": 1.3404390811920166, ""lr"": 0.00010000000474974513, ""val_mae12"": 2.2880301475524902, ""val_me"": 0.006930771941391969, ""val_me12"": 0.1872748642623356, ""mape_2021"": 7.953948497772217, ""mae_2021"": 1.40232515335083, ""mae12_2021"": 2.056671142578125, ""me_2021"": 0.5093306724164769, ""me12_2021"": -1.6714176814494814, ""epochs_trained"": 419}",2026-07-04T05:25:32.858677,completed,29.4
8,MAPE,120,0,relu,2,32,0.0,15.24281120300293,3.038647413253784,3.805288553237915,0.7643453834319374,2.9306698925231234,15.24281120300293,3.196319818496704,2.467615842819214,1.2967258323330249,0.16769530480912925,17.101261138916016,"{""loss"": 12.158675193786621, ""mape"": 12.158675193786621, ""mae"": 2.5918190479278564, ""val_loss"": 15.24281120300293, ""val_mape"": 15.24281120300293, ""val_mae"": 3.038647413253784, ""lr"": 1.0000000656873453e-05, ""val_mae12"": 3.805288553237915, ""val_me"": 0.7643453834319374, ""val_me12"": 2.9306698925231234, ""mape_2021"": 17.101261138916016, ""mae_2021"": 3.196319818496704, ""mae12_2021"": 2.467615842819214, ""me_2021"": 1.2967258323330249, ""me12_2021"": 0.16769530480912925, ""epochs_trained"": 2382}",2026-07-04T05:26:48.804611,completed,153.6
8,MAPE,120,0,relu,2,128,0.1,17.158987045288086,3.2700979709625244,4.595496654510498,0.6902969141339829,2.0943755454142883,17.158987045288086,3.316800594329834,2.5951013565063477,1.3841004687379506,-0.8285940320033117,17.7012882232666,"{""loss"": 16.37397003173828, ""mape"": 16.37397003173828, ""mae"": 3.3129899501800537, ""val_loss"": 17.158987045288086, ""val_mape"": 17.158987045288086, ""val_mae"": 3.2700979709625244, ""lr"": 0.00010000000474974513, ""val_mae12"": 4.595496654510498, ""val_me"": 0.6902969141339829, ""val_me12"": 2.0943755454142883, ""mape_2021"": 17.7012882232666, ""mae_2021"": 3.316800594329834, ""mae12_2021"": 2.5951013565063477, ""me_2021"": 1.3841004687379506, ""me12_2021"": -0.8285940320033117, ""epochs_trained"": 164}",2026-07-04T05:27:19.983422,completed,30.1
8,MAPE,120,0,relu,2,128,0.0,15.737420082092285,2.990064859390259,4.006722927093506,0.238060710427176,2.4530802694169056,15.737420082092285,2.8873775005340576,2.2832725048065186,0.9349213289866938,-0.9297755667776373,14.655467987060547,"{""loss"": 12.055548667907715, ""mape"": 12.055548667907715, ""mae"": 2.4510886669158936, ""val_loss"": 15.737420082092285, ""val_mape"": 15.737420082092285, ""val_mae"": 2.990064859390259, ""lr"": 0.00010000000474974513, ""val_mae12"": 4.006722927093506, ""val_me"": 0.238060710427176, ""val_me12"": 2.4530802694169056, ""mape_2021"": 14.655467987060547, ""mae_2021"": 2.8873775005340576, ""mae12_2021"": 2.2832725048065186, ""me_2021"": 0.9349213289866938, ""me12_2021"": -0.9297755667776373, ""epochs_trained"": 189}",2026-07-04T05:27:20.942990,completed,31.0
8,MAPE,120,0,relu,2,128,0.05,15.619669914245605,2.970708131790161,4.520471096038818,0.16555758089664743,3.0316557633564063,15.619669914245605,2.914471387863159,1.9656635522842407,0.7936507123125409,-0.19045064186216012,15.208354949951172,"{""loss"": 13.39305305480957, ""mape"": 13.39305305480957, ""mae"": 2.748656749725342, ""val_loss"": 15.619669914245605, ""val_mape"": 15.619669914245605, ""val_mae"": 2.970708131790161, ""lr"": 1.0000000656873453e-05, ""val_mae12"": 4.520471096038818, ""val_me"": 0.16555758089664743, ""val_me12"": 3.0316557633564063, ""mape_2021"": 15.208354949951172, ""mae_2021"": 2.914471387863159, ""mae12_2021"": 1.9656635522842407, ""me_2021"": 0.7936507123125409, ""me12_2021"": -0.19045064186216012, ""epochs_trained"": 199}",2026-07-04T05:27:21.194539,completed,31.3
8,MAPE,120,0,relu,2,256,0.1,16.58524513244629,3.1504178047180176,4.141674995422363,0.23198193532324482,1.9016814103277604,16.58524513244629,3.2233104705810547,2.606083869934082,1.0132888764117653,-1.096600539896991,16.688112258911133,"{""loss"": 15.029669761657715, ""mape"": 15.029669761657715, ""mae"": 3.046898365020752, ""val_loss"": 16.58524513244629, ""val_mape"": 16.58524513244629, ""val_mae"": 3.1504178047180176, ""lr"": 0.00010000000474974513, ""val_mae12"": 4.141674995422363, ""val_me"": 0.23198193532324482, ""val_me12"": 1.9016814103277604, ""mape_2021"": 16.688112258911133, ""mae_2021"": 3.2233104705810547, ""mae12_2021"": 2.606083869934082, ""me_2021"": 1.0132888764117653, ""me12_2021"": -1.096600539896991, ""epochs_trained"": 122}",2026-07-04T05:27:50.603072,completed,29.4
8,MAPE,120,0,relu,2,128,0.3,4.406485557556152,0.8067411780357361,1.384179711341858,0.12656109649968725,0.23641840442989998,4.406485557556152,0.8718140721321106,1.5975173711776733,0.45442729148394934,-1.213489103080162,5.372466564178467,"{""loss"": 9.222415924072266, ""mape"": 9.222415924072266, ""mae"": 2.0728225708007812, ""val_loss"": 4.406485557556152, ""val_mape"": 4.406485557556152, ""val_mae"": 0.8067411780357361, ""lr"": 0.00010000000474974513, ""val_mae12"": 1.384179711341858, ""val_me"": 0.12656109649968725, ""val_me12"": 0.23641840442989998, ""mape_2021"": 5.372466564178467, ""mae_2021"": 0.8718140721321106, ""mae12_2021"": 1.5975173711776733, ""me_2021"": 0.45442729148394934, ""me12_2021"": -1.213489103080162, ""epochs_trained"": 546}",2026-07-04T05:28:09.947066,completed,80.0
8,MAPE,120,0,relu,2,256,0.05,4.266551494598389,0.7408515214920044,1.3021862506866455,-0.07150404876839436,0.7744230428218569,4.266551494598389,0.7710230350494385,1.3034238815307617,0.21469266593392872,-0.7700090532683063,4.592701435089111,"{""loss"": 4.22200345993042, ""mape"": 4.22200345993042, ""mae"": 0.8906974196434021, ""val_loss"": 4.266551494598389, ""val_mape"": 4.266551494598389, ""val_mae"": 0.7408515214920044, ""lr"": 1.0000000656873453e-05, ""val_mae12"": 1.3021862506866455, ""val_me"": -0.07150404876839436, ""val_me12"": 0.7744230428218569, ""mape_2021"": 4.592701435089111, ""mae_2021"": 0.7710230350494385, ""mae12_2021"": 1.3034238815307617, ""me_2021"": 0.21469266593392872, ""me12_2021"": -0.7700090532683063, ""epochs_trained"": 474}",2026-07-04T05:28:58.182868,completed,97.2
8,MAPE,120,0,relu,2,256,0.0,4.053140640258789,0.7696965932846069,1.137109637260437,0.02491019011021702,0.02279566554613608,4.053140640258789,0.8045116066932678,1.23934006690979,0.26258779027501056,-0.68327040834167,4.7092742919921875,"{""loss"": 2.560326337814331, ""mape"": 2.560326337814331, ""mae"": 0.5429189205169678, ""val_loss"": 4.053140640258789, ""val_mape"": 4.053140640258789, ""val_mae"": 0.7696965932846069, ""lr"": 1.0000000656873453e-05, ""val_mae12"": 1.137109637260437, ""val_me"": 0.02491019011021702, ""val_me12"": 0.02279566554613608, ""mape_2021"": 4.7092742919921875, ""mae_2021"": 0.8045116066932678, ""mae12_2021"": 1.23934006690979, ""me_2021"": 0.26258779027501056, ""me12_2021"": -0.68327040834167, ""epochs_trained"": 567}",2026-07-04T05:29:03.984799,completed,104.0
8,MAPE,120,0,relu,2,256,0.3,4.480262756347656,0.790924072265625,1.450053334236145,0.02650121337891224,0.6368495386180345,4.480262756347656,0.7851442694664001,1.4094425439834595,0.305712707434757,-0.9188444988500691,4.722823619842529,"{""loss"": 7.473722457885742, ""mape"": 7.473722457885742, ""mae"": 1.6597161293029785, ""val_loss"": 4.480262756347656, ""val_mape"": 4.480262756347656, ""val_mae"": 0.790924072265625, ""lr"": 1.0000000656873453e-05, ""val_mae12"": 1.450053334236145, ""val_me"": 0.02650121337891224, ""val_me12"": 0.6368495386180345, ""mape_2021"": 4.722823619842529, ""mae_2021"": 0.7851442694664001, ""mae12_2021"": 1.4094425439834595, ""me_2021"": 0.305712707434757, ""me12_2021"": -0.9188444988500691, ""epochs_trained"": 467}",2026-07-04T05:29:28.194865,completed,97.6
8,MAPE,120,0,relu,3,16,0.1,44.341243743896484,9.311769485473633,6.972750186920166,6.931190996566098,6.458631169020166,44.341243743896484,9.798237800598145,10.435678482055664,7.9363910922237455,9.560731420068336,54.41304397583008,"{""loss"": 48.977657318115234, ""mape"": 48.977657318115234, ""mae"": 10.417550086975098, ""val_loss"": 44.341243743896484, ""val_mape"": 44.341243743896484, ""val_mae"": 9.311769485473633, ""lr"": 0.00010000000474974513, ""val_mae12"": 6.972750186920166, ""val_me"": 6.931190996566098, ""val_me12"": 6.458631169020166, ""mape_2021"": 54.41304397583008, ""mae_2021"": 9.798237800598145, ""mae12_2021"": 10.435678482055664, ""me_2021"": 7.9363910922237455, ""me12_2021"": 9.560731420068336, ""epochs_trained"": 111}",2026-07-04T05:29:55.199261,completed,25.6
8,MAPE,120,0,relu,3,16,0.0,46.760841369628906,9.32028579711914,10.089635848999023,6.503784872362726,9.98887880116727,46.760841369628906,9.92081356048584,13.866061210632324,7.504775026321634,13.890601000557956,59.833091735839844,"{""loss"": 45.83858108520508, ""mape"": 45.83858108520508, ""mae"": 9.190114974975586, ""val_loss"": 46.760841369628906, ""val_mape"": 46.760841369628906, ""val_mae"": 9.32028579711914, ""lr"": 0.00010000000474974513, ""val_mae12"": 10.089635848999023, ""val_me"": 6.503784872362726, ""val_me12"": 9.98887880116727, ""mape_2021"": 59.833091735839844, ""mae_2021"": 9.92081356048584, ""mae12_2021"": 13.866061210632324, ""me_2021"": 7.504775026321634, ""me12_2021"": 13.890601000557956, ""epochs_trained"": 117}",2026-07-04T05:29:55.354260,completed,25.8
8,MAPE,120,0,relu,3,16,0.3,50.59385299682617,11.344411849975586,4.695804119110107,9.61577140519083,4.158536726457321,50.59385299682617,11.33814525604248,7.756956577301025,10.49874296881319,7.098636349300051,60.396949768066406,"{""loss"": 60.48503494262695, ""mape"": 60.48503494262695, ""mae"": 13.540640830993652, ""val_loss"": 50.59385299682617, ""val_mape"": 50.59385299682617, ""val_mae"": 11.344411849975586, ""lr"": 0.00010000000474974513, ""val_mae12"": 4.695804119110107, ""val_me"": 9.61577140519083, ""val_me12"": 4.158536726457321, ""mape_2021"": 60.396949768066406, ""mae_2021"": 11.33814525604248, ""mae12_2021"": 7.756956577301025, ""me_2021"": 10.49874296881319, ""me12_2021"": 7.098636349300051, ""epochs_trained"": 115}",2026-07-04T05:29:55.560260,completed,26.0
8,MAPE,120,0,relu,3,16,0.05,46.89190673828125,9.554975509643555,7.8813018798828125,7.0489594120122785,7.705890264280475,46.89190673828125,10.162714958190918,11.466678619384766,8.168988099053172,11.291298662328668,58.88041305541992,"{""loss"": 50.25, ""mape"": 50.25, ""mae"": 10.453434944152832, ""val_loss"": 46.89190673828125, ""val_mape"": 46.89190673828125, ""val_mae"": 9.554975509643555, ""lr"": 0.00010000000474974513, ""val_mae12"": 7.8813018798828125, ""val_me"": 7.0489594120122785, ""val_me12"": 7.705890264280475, ""mape_2021"": 58.88041305541992, ""mae_2021"": 10.162714958190918, ""mae12_2021"": 11.466678619384766, ""me_2021"": 8.168988099053172, ""me12_2021"": 11.291298662328668, ""epochs_trained"": 136}",2026-07-04T05:29:56.519685,completed,27.0
8,MAPE,120,0,relu,3,32,0.1,44.77043914794922,9.196647644042969,7.380590915679932,6.654724525465404,7.1247240579141025,44.77043914794922,10.097498893737793,10.931190490722656,7.87091507335295,10.575057641481418,57.89152145385742,"{""loss"": 47.983158111572266, ""mape"": 47.983158111572266, ""mae"": 9.991348266601562, ""val_loss"": 44.77043914794922, ""val_mape"": 44.77043914794922, ""val_mae"": 9.196647644042969, ""lr"": 0.00010000000474974513, ""val_mae12"": 7.380590915679932, ""val_me"": 6.654724525465404, ""val_me12"": 7.1247240579141025, ""mape_2021"": 57.89152145385742, ""mae_2021"": 10.097498893737793, ""mae12_2021"": 10.931190490722656, ""me_2021"": 7.87091507335295, ""me12_2021"": 10.575057641481418, ""epochs_trained"": 73}",2026-07-04T05:30:06.944458,completed,11.4
8,MAPE,120,0,relu,3,32,0.3,48.05089569091797,10.313797950744629,5.404671669006348,7.532191783756563,4.872370450729857,48.05089569091797,10.34057903289795,8.676386833190918,8.770432718536982,7.941961029319359,56.90656661987305,"{""loss"": 54.26264190673828, ""mape"": 54.26264190673828, ""mae"": 11.76063060760498, ""val_loss"": 48.05089569091797, ""val_mape"": 48.05089569091797, ""val_mae"": 10.313797950744629, ""lr"": 0.00010000000474974513, ""val_mae12"": 5.404671669006348, ""val_me"": 7.532191783756563, ""val_me12"": 4.872370450729857, ""mape_2021"": 56.90656661987305, ""mae_2021"": 10.34057903289795, ""mae12_2021"": 8.676386833190918, ""me_2021"": 8.770432718536982, ""me12_2021"": 7.941961029319359, ""epochs_trained"": 92}",2026-07-04T05:30:09.259318,completed,12.7
8,MAPE,120,0,relu,3,32,0.05,6.614650249481201,1.351063847541809,1.8058850765228271,0.3677470665714284,0.4132993466997037,6.614650249481201,1.184050440788269,1.5072526931762695,0.68483990069334,-0.8889224388714693,6.5193257331848145,"{""loss"": 8.448086738586426, ""mape"": 8.448086738586426, ""mae"": 1.8453131914138794, ""val_loss"": 6.614650249481201, ""val_mape"": 6.614650249481201, ""val_mae"": 1.351063847541809, ""lr"": 0.00010000000474974513, ""val_mae12"": 1.8058850765228271, ""val_me"": 0.3677470665714284, ""val_me12"": 0.4132993466997037, ""mape_2021"": 6.5193257331848145, ""mae_2021"": 1.184050440788269, ""mae12_2021"": 1.5072526931762695, ""me_2021"": 0.68483990069334, ""me12_2021"": -0.8889224388714693, ""epochs_trained"": 385}",2026-07-04T05:30:23.932394,completed,28.6
8,MAPE,120,0,relu,3,32,0.0,5.278749465942383,0.9831962585449219,1.4771250486373901,0.03421472340165558,0.5677477721033378,5.278749465942383,1.0442934036254883,1.2355042695999146,0.2881787544951889,-0.6559393355390492,5.836207866668701,"{""loss"": 3.972878932952881, ""mape"": 3.972878932952881, ""mae"": 0.812457799911499, ""val_loss"": 5.278749465942383, ""val_mape"": 5.278749465942383, ""val_mae"": 0.9831962585449219, ""lr"": 1.0000000656873453e-05, ""val_mae12"": 1.4771250486373901, ""val_me"": 0.03421472340165558, ""val_me12"": 0.5677477721033378, ""mape_2021"": 5.836207866668701, ""mae_2021"": 1.0442934036254883, ""mae12_2021"": 1.2355042695999146, ""me_2021"": 0.2881787544951889, ""me12_2021"": -0.6559393355390492, ""epochs_trained"": 557}",2026-07-04T05:30:29.217939,completed,34.0
8,MAPE,120,0,relu,3,64,0.3,43.46796798706055,9.098471641540527,3.6692006587982178,7.8730690004359785,2.935814182259171,43.46796798706055,10.508118629455566,6.572265148162842,9.224557833364504,5.592759841276047,55.97805404663086,"{""loss"": 48.86482238769531, ""mape"": 48.86482238769531, ""mae"": 10.28437614440918, ""val_loss"": 43.46796798706055, ""val_mape"": 43.46796798706055, ""val_mae"": 9.098471641540527, ""lr"": 0.00010000000474974513, ""val_mae12"": 3.6692006587982178, ""val_me"": 7.8730690004359785, ""val_me12"": 2.935814182259171, ""mape_2021"": 55.97805404663086, ""mae_2021"": 10.508118629455566, ""mae12_2021"": 6.572265148162842, ""me_2021"": 9.224557833364504, ""me12_2021"": 5.592759841276047, ""epochs_trained"": 59}",2026-07-04T05:30:46.031191,completed,16.0
8,MAPE,120,0,relu,3,64,0.05,44.2562141418457,8.88090991973877,9.462162971496582,6.52236075248926,9.350437734881007,44.2562141418457,9.49267578125,12.660964012145996,7.376967032796698,12.530898751189921,55.5866584777832,"{""loss"": 44.46445083618164, ""mape"": 44.46445083618164, ""mae"": 9.01375961303711, ""val_loss"": 44.2562141418457, ""val_mape"": 44.2562141418457, ""val_mae"": 8.88090991973877, ""lr"": 1.0000000656873453e-05, ""val_mae12"": 9.462162971496582, ""val_me"": 6.52236075248926, ""val_me12"": 9.350437734881007, ""mape_2021"": 55.5866584777832, ""mae_2021"": 9.49267578125, ""mae12_2021"": 12.660964012145996, ""me_2021"": 7.376967032796698, ""me12_2021"": 12.530898751189921, ""epochs_trained"": 87}",2026-07-04T05:30:47.218728,completed,17.1
8,MAPE,120,0,relu,3,64,0.1,44.19038391113281,8.9815092086792,8.600811004638672,6.793486872858674,8.372963176405525,44.19038391113281,9.714603424072266,12.070446968078613,7.676914959961176,11.755281002691005,55.80649948120117,"{""loss"": 46.233253479003906, ""mape"": 46.233253479003906, ""mae"": 9.52876091003418, ""val_loss"": 44.19038391113281, ""val_mape"": 44.19038391113281, ""val_mae"": 8.9815092086792, ""lr"": 1.0000000656873453e-05, ""val_mae12"": 8.600811004638672, ""val_me"": 6.793486872858674, ""val_me12"": 8.372963176405525, ""mape_2021"": 55.80649948120117, ""mae_2021"": 9.714603424072266, ""mae12_2021"": 12.070446968078613, ""me_2021"": 7.676914959961176, ""me12_2021"": 11.755281002691005, ""epochs_trained"": 96}",2026-07-04T05:30:47.681193,completed,17.6
8,MAPE,120,0,relu,3,128,0.1,5.411248683929443,1.048348069190979,1.5654534101486206,0.14233150820138557,0.71765899511455,5.411248683929443,1.0358163118362427,1.5999220609664917,0.4840457472281499,-0.9712247591716222,5.995940685272217,"{""loss"": 7.112341403961182, ""mape"": 7.112341403961182, ""mae"": 1.5457335710525513, ""val_loss"": 5.411248683929443, ""val_mape"": 5.411248683929443, ""val_mae"": 1.048348069190979, ""lr"": 0.00010000000474974513, ""val_mae12"": 1.5654534101486206, ""val_me"": 0.14233150820138557, ""val_me12"": 0.71765899511455, ""mape_2021"": 5.995940685272217, ""mae_2021"": 1.0358163118362427, ""mae12_2021"": 1.5999220609664917, ""me_2021"": 0.4840457472281499, ""me12_2021"": -0.9712247591716222, ""epochs_trained"": 256}",2026-07-04T05:31:25.976143,completed,38.3
8,MAPE,120,0,relu,3,64,0.0,5.2381205558776855,0.9358630180358887,1.6145724058151245,-0.14832972739365177,0.45977023209041834,5.2381205558776855,0.9858841896057129,1.5176726579666138,0.08983143162810316,-1.0716739300199078,5.7550458908081055,"{""loss"": 3.67722225189209, ""mape"": 3.67722225189209, ""mae"": 0.741974949836731, ""val_loss"": 5.2381205558776855, ""val_mape"": 5.2381205558776855, ""val_mae"": 0.9358630180358887, ""lr"": 0.00010000000474974513, ""val_mae12"": 1.6145724058151245, ""val_me"": -0.14832972739365177, ""val_me12"": 0.45977023209041834, ""mape_2021"": 5.7550458908081055, ""mae_2021"": 0.9858841896057129, ""mae12_2021"": 1.5176726579666138, ""me_2021"": 0.08983143162810316, ""me12_2021"": -1.0716739300199078, ""epochs_trained"": 456}",2026-07-04T05:31:27.344353,completed,57.3
8,MAPE,120,0,relu,3,128,0.05,4.785549640655518,0.8925596475601196,1.274943470954895,0.1209572550793515,0.6830048733575894,4.785549640655518,0.8774695992469788,1.345160961151123,0.34988010341802167,-0.6366304725728051,5.169130325317383,"{""loss"": 5.336667537689209, ""mape"": 5.336667537689209, ""mae"": 1.1579983234405518, ""val_loss"": 4.785549640655518, ""val_mape"": 4.785549640655518, ""val_mae"": 0.8925596475601196, ""lr"": 0.00010000000474974513, ""val_mae12"": 1.274943470954895, ""val_me"": 0.1209572550793515, ""val_me12"": 0.6830048733575894, ""mape_2021"": 5.169130325317383, ""mae_2021"": 0.8774695992469788, ""mae12_2021"": 1.345160961151123, ""me_2021"": 0.34988010341802167, ""me12_2021"": -0.6366304725728051, ""epochs_trained"": 325}",2026-07-04T05:31:29.168845,completed,41.9
8,MAPE,120,0,relu,3,128,0.0,4.807628154754639,0.8598289489746094,1.4800297021865845,-0.05373420625862259,0.3388983403428557,4.807628154754639,0.9225938320159912,1.363876223564148,0.23693793141142408,-0.7796266666898524,5.72900390625,"{""loss"": 2.7284016609191895, ""mape"": 2.7284016609191895, ""mae"": 0.5824851989746094, ""val_loss"": 4.807628154754639, ""val_mape"": 4.807628154754639, ""val_mae"": 0.8598289489746094, ""lr"": 0.00010000000474974513, ""val_mae12"": 1.4800297021865845, ""val_me"": -0.05373420625862259, ""val_me12"": 0.3388983403428557, ""mape_2021"": 5.72900390625, ""mae_2021"": 0.9225938320159912, ""mae12_2021"": 1.363876223564148, ""me_2021"": 0.23693793141142408, ""me12_2021"": -0.7796266666898524, ""epochs_trained"": 469}",2026-07-04T05:31:42.192170,completed,56.1
8,MAPE,120,0,relu,3,128,0.3,13.393342971801758,2.876859664916992,3.131809711456299,1.2146008225462646,1.1562481408205183,13.393342971801758,2.618126630783081,1.8868520259857178,1.7390885416080302,-0.7911894661038511,13.440763473510742,"{""loss"": 14.850885391235352, ""mape"": 14.850885391235352, ""mae"": 3.2637524604797363, ""val_loss"": 13.393342971801758, ""val_mape"": 13.393342971801758, ""val_mae"": 2.876859664916992, ""lr"": 0.00010000000474974513, ""val_mae12"": 3.131809711456299, ""val_me"": 1.2146008225462646, ""val_me12"": 1.1562481408205183, ""mape_2021"": 13.440763473510742, ""mae_2021"": 2.618126630783081, ""mae12_2021"": 1.8868520259857178, ""me_2021"": 1.7390885416080302, ""me12_2021"": -0.7911894661038511, ""epochs_trained"": 156}",2026-07-04T05:31:49.535548,completed,23.6
8,MAPE,120,0,relu,3,256,0.3,16.66570281982422,3.4177021980285645,4.168547630310059,1.1276620198849265,1.6309300475532011,16.66570281982422,3.2869579792022705,2.1050238609313965,1.7824106456456332,-1.0449113219606054,16.563186645507812,"{""loss"": 16.82386016845703, ""mape"": 16.82386016845703, ""mae"": 3.5504114627838135, ""val_loss"": 16.66570281982422, ""val_mape"": 16.66570281982422, ""val_mae"": 3.4177021980285645, ""lr"": 0.00010000000474974513, ""val_mae12"": 4.168547630310059, ""val_me"": 1.1276620198849265, ""val_me12"": 1.6309300475532011, ""mape_2021"": 16.563186645507812, ""mae_2021"": 3.2869579792022705, ""mae12_2021"": 2.1050238609313965, ""me_2021"": 1.7824106456456332, ""me12_2021"": -1.0449113219606054, ""epochs_trained"": 94}",2026-07-04T05:32:42.296247,completed,50.7
8,MAPE,120,0,relu,3,256,0.1,5.620688438415527,1.0392593145370483,1.5181783437728882,0.09431557551656414,0.5068808588123701,5.620688438415527,1.1984317302703857,2.0435993671417236,0.5006059568817487,-1.0206368184416057,7.1681294441223145,"{""loss"": 6.32039737701416, ""mape"": 6.32039737701416, ""mae"": 1.3577933311462402, ""val_loss"": 5.620688438415527, ""val_mape"": 5.620688438415527, ""val_mae"": 1.0392593145370483, ""lr"": 0.00010000000474974513, ""val_mae12"": 1.5181783437728882, ""val_me"": 0.09431557551656414, ""val_me12"": 0.5068808588123701, ""mape_2021"": 7.1681294441223145, ""mae_2021"": 1.1984317302703857, ""mae12_2021"": 2.0435993671417236, ""me_2021"": 0.5006059568817487, ""me12_2021"": -1.0206368184416057, ""epochs_trained"": 201}",2026-07-04T05:32:59.991706,completed,68.4
8,MAPE,120,0,relu,3,256,0.0,5.760748863220215,0.9971718788146973,1.7866098880767822,-0.028423236723267808,0.8805885349089511,5.760748863220215,1.0954852104187012,1.396763563156128,0.29183576307746584,-0.9467437730559269,6.243150234222412,"{""loss"": 3.6176633834838867, ""mape"": 3.6176633834838867, ""mae"": 0.7464575171470642, ""val_loss"": 5.760748863220215, ""val_mape"": 5.760748863220215, ""val_mae"": 0.9971718788146973, ""lr"": 1.0000000656873453e-05, ""val_mae12"": 1.7866098880767822, ""val_me"": -0.028423236723267808, ""val_me12"": 0.8805885349089511, ""mape_2021"": 6.243150234222412, ""mae_2021"": 1.0954852104187012, ""mae12_2021"": 1.396763563156128, ""me_2021"": 0.29183576307746584, ""me12_2021"": -0.9467437730559269, ""epochs_trained"": 244}",2026-07-04T05:33:01.632347,completed,70.1
8,MAPE,120,0,relu,3,256,0.05,4.879941940307617,0.9171817898750305,1.3633638620376587,0.1375309714183141,0.4955517108095111,4.879941940307617,0.9348618388175964,1.467974305152893,0.36632343132638506,-0.7125405314111549,5.590567588806152,"{""loss"": 4.547924995422363, ""mape"": 4.547924995422363, ""mae"": 0.9743692874908447, ""val_loss"": 4.879941940307617, ""val_mape"": 4.879941940307617, ""val_mae"": 0.9171817898750305, ""lr"": 0.00010000000474974513, ""val_mae12"": 1.3633638620376587, ""val_me"": 0.1375309714183141, ""val_me12"": 0.4955517108095111, ""mape_2021"": 5.590567588806152, ""mae_2021"": 0.9348618388175964, ""mae12_2021"": 1.467974305152893, ""me_2021"": 0.36632343132638506, ""me12_2021"": -0.7125405314111549, ""epochs_trained"": 258}",2026-07-04T05:33:04.186701,completed,72.6
8,MAPE,120,0,leaky_relu,1,16,0.0,45.112754821777344,9.173693656921387,8.062633514404297,7.224984304908055,7.366094761087274,45.112754821777344,10.095885276794434,10.601391792297363,8.27313880616223,9.858433153048216,55.497955322265625,"{""loss"": 45.4864387512207, ""mape"": 45.4864387512207, ""mae"": 9.412040710449219, ""val_loss"": 45.112754821777344, ""val_mape"": 45.112754821777344, ""val_mae"": 9.173693656921387, ""lr"": 0.00010000000474974513, ""val_mae12"": 8.062633514404297, ""val_me"": 7.224984304908055, ""val_me12"": 7.366094761087274, ""mape_2021"": 55.497955322265625, ""mae_2021"": 10.095885276794434, ""mae12_2021"": 10.601391792297363, ""me_2021"": 8.27313880616223, ""me12_2021"": 9.858433153048216, ""epochs_trained"": 175}",2026-07-04T05:33:06.636733,completed,24.3
8,MAPE,120,0,leaky_relu,1,16,0.05,45.507225036621094,9.4566011428833,7.505824565887451,7.763520349456536,6.188761416715621,45.507225036621094,10.107991218566895,9.012027740478516,8.645947538281876,7.507366964368416,52.11541748046875,"{""loss"": 46.3151741027832, ""mape"": 46.3151741027832, ""mae"": 9.719332695007324, ""val_loss"": 45.507225036621094, ""val_mape"": 45.507225036621094, ""val_mae"": 9.4566011428833, ""lr"": 0.00010000000474974513, ""val_mae12"": 7.505824565887451, ""val_me"": 7.763520349456536, ""val_me12"": 6.188761416715621, ""mape_2021"": 52.11541748046875, ""mae_2021"": 10.107991218566895, ""mae12_2021"": 9.012027740478516, ""me_2021"": 8.645947538281876, ""me12_2021"": 7.507366964368416, ""epochs_trained"": 308}",2026-07-04T05:33:31.830343,completed,31.8
8,MAPE,120,0,leaky_relu,1,16,0.1,47.83984375,10.19548511505127,7.301081657409668,8.593814773019355,6.187138842394382,47.83984375,10.633308410644531,8.657511711120605,9.328505136224724,7.487939313863774,54.00455093383789,"{""loss"": 49.119140625, ""mape"": 49.119140625, ""mae"": 10.395073890686035, ""val_loss"": 47.83984375, ""val_mape"": 47.83984375, ""val_mae"": 10.19548511505127, ""lr"": 0.00010000000474974513, ""val_mae12"": 7.301081657409668, ""val_me"": 8.593814773019355, ""val_me12"": 6.187138842394382, ""mape_2021"": 54.00455093383789, ""mae_2021"": 10.633308410644531, ""mae12_2021"": 8.657511711120605, ""me_2021"": 9.328505136224724, ""me12_2021"": 7.487939313863774, ""epochs_trained"": 320}",2026-07-04T05:33:33.301845,completed,31.7
8,MAPE,120,0,leaky_relu,1,16,0.3,39.71855545043945,8.51071548461914,5.08319616317749,7.235598881160335,4.176237333509756,39.71855545043945,9.219364166259766,5.864199161529541,8.169313237415745,4.542311347244023,46.52836608886719,"{""loss"": 50.675418853759766, ""mape"": 50.675418853759766, ""mae"": 10.930331230163574, ""val_loss"": 39.71855545043945, ""val_mape"": 39.71855545043945, ""val_mae"": 8.51071548461914, ""lr"": 0.00010000000474974513, ""val_mae12"": 5.08319616317749, ""val_me"": 7.235598881160335, ""val_me12"": 4.176237333509756, ""mape_2021"": 46.52836608886719, ""mae_2021"": 9.219364166259766, ""mae12_2021"": 5.864199161529541, ""me_2021"": 8.169313237415745, ""me12_2021"": 4.542311347244023, ""epochs_trained"": 480}",2026-07-04T05:33:47.878597,completed,43.7
8,MAPE,120,0,leaky_relu,1,32,0.05,47.278282165527344,9.31528377532959,7.754128456115723,7.786801467830322,7.627465982239049,47.278282165527344,10.562414169311523,11.586938858032227,8.85518731981097,11.487676440823467,61.448516845703125,"{""loss"": 49.43655776977539, ""mape"": 49.43655776977539, ""mae"": 9.988176345825195, ""val_loss"": 47.278282165527344, ""val_mape"": 47.278282165527344, ""val_mae"": 9.31528377532959, ""lr"": 0.00010000000474974513, ""val_mae12"": 7.754128456115723, ""val_me"": 7.786801467830322, ""val_me12"": 7.627465982239049, ""mape_2021"": 61.448516845703125, ""mae_2021"": 10.562414169311523, ""mae12_2021"": 11.586938858032227, ""me_2021"": 8.85518731981097, ""me12_2021"": 11.487676440823467, ""epochs_trained"": 81}",2026-07-04T05:34:07.223408,completed,17.3
8,MAPE,120,0,leaky_relu,1,32,0.1,45.375396728515625,9.236868858337402,8.633559226989746,7.0013739621441795,7.543978167635237,45.375396728515625,10.031414031982422,11.28902816772461,7.993473800497455,10.070918921225108,54.97746276855469,"{""loss"": 47.686378479003906, ""mape"": 47.686378479003906, ""mae"": 9.980917930603027, ""val_loss"": 45.375396728515625, ""val_mape"": 45.375396728515625, ""val_mae"": 9.236868858337402, ""lr"": 0.00010000000474974513, ""val_mae12"": 8.633559226989746, ""val_me"": 7.0013739621441795, ""val_me12"": 7.543978167635237, ""mape_2021"": 54.97746276855469, ""mae_2021"": 10.031414031982422, ""mae12_2021"": 11.28902816772461, ""me_2021"": 7.993473800497455, ""me12_2021"": 10.070918921225108, ""epochs_trained"": 129}",2026-07-04T05:34:08.837865,completed,18.9
8,MAPE,120,0,leaky_relu,1,32,0.3,46.440792083740234,9.572171211242676,8.123379707336426,7.811786360638698,7.413374904232683,46.440792083740234,10.32358169555664,10.746132850646973,8.694397766376529,10.070431883946119,56.57146072387695,"{""loss"": 53.182804107666016, ""mape"": 53.182804107666016, ""mae"": 11.386213302612305, ""val_loss"": 46.440792083740234, ""val_mape"": 46.440792083740234, ""val_mae"": 9.572171211242676, ""lr"": 0.00010000000474974513, ""val_mae12"": 8.123379707336426, ""val_me"": 7.811786360638698, ""val_me12"": 7.413374904232683, ""mape_2021"": 56.57146072387695, ""mae_2021"": 10.32358169555664, ""mae12_2021"": 10.746132850646973, ""me_2021"": 8.694397766376529, ""me12_2021"": 10.070431883946119, ""epochs_trained"": 154}",2026-07-04T05:34:09.951922,completed,20.0
8,MAPE,120,0,leaky_relu,1,32,0.0,45.26531219482422,9.157829284667969,8.309442520141602,6.914032152753982,7.422332482286336,45.26531219482422,10.028292655944824,10.984570503234863,8.002109310419797,9.938918527887434,55.32487106323242,"{""loss"": 45.26626968383789, ""mape"": 45.26626968383789, ""mae"": 9.346405029296875, ""val_loss"": 45.26531219482422, ""val_mape"": 45.26531219482422, ""val_mae"": 9.157829284667969, ""lr"": 0.00010000000474974513, ""val_mae12"": 8.309442520141602, ""val_me"": 6.914032152753982, ""val_me12"": 7.422332482286336, ""mape_2021"": 55.32487106323242, ""mae_2021"": 10.028292655944824, ""mae12_2021"": 10.984570503234863, ""me_2021"": 8.002109310419797, ""me12_2021"": 9.938918527887434, ""epochs_trained"": 161}",2026-07-04T05:34:10.128921,completed,20.2
8,MAPE,120,0,leaky_relu,1,64,0.0,45.312992095947266,9.282980918884277,8.801183700561523,6.792222729009358,7.420856181831952,45.312992095947266,10.016447067260742,11.545075416564941,7.7871293233133585,9.811931561798467,54.38258361816406,"{""loss"": 44.31658172607422, ""mape"": 44.31658172607422, ""mae"": 9.175032615661621, ""val_loss"": 45.312992095947266, ""val_mape"": 45.312992095947266, ""val_mae"": 9.282980918884277, ""lr"": 0.00010000000474974513, ""val_mae12"": 8.801183700561523, ""val_me"": 6.792222729009358, ""val_me12"": 7.420856181831952, ""mape_2021"": 54.38258361816406, ""mae_2021"": 10.016447067260742, ""mae12_2021"": 11.545075416564941, ""me_2021"": 7.7871293233133585, ""me12_2021"": 9.811931561798467, ""epochs_trained"": 112}",2026-07-04T05:34:16.575331,completed,9.3
8,MAPE,120,0,leaky_relu,1,64,0.05,45.93672180175781,9.37476921081543,8.893786430358887,6.499384865866445,7.975360652445581,45.93672180175781,10.018719673156738,11.938328742980957,7.56404657708963,10.888785921019043,55.81787109375,"{""loss"": 46.145145416259766, ""mape"": 46.145145416259766, ""mae"": 9.535796165466309, ""val_loss"": 45.93672180175781, ""val_mape"": 45.93672180175781, ""val_mae"": 9.37476921081543, ""lr"": 0.00010000000474974513, ""val_mae12"": 8.893786430358887, ""val_me"": 6.499384865866445, ""val_me12"": 7.975360652445581, ""mape_2021"": 55.81787109375, ""mae_2021"": 10.018719673156738, ""mae12_2021"": 11.938328742980957, ""me_2021"": 7.56404657708963, ""me12_2021"": 10.888785921019043, ""epochs_trained"": 96}",2026-07-04T05:34:17.745927,completed,8.9
8,MAPE,120,0,leaky_relu,1,64,0.3,44.862388610839844,9.17113208770752,8.08160400390625,7.1207257534805715,7.155433694817155,44.862388610839844,10.004423141479492,10.539050102233887,8.12780784159362,9.593123971569927,54.356239318847656,"{""loss"": 49.471492767333984, ""mape"": 49.471492767333984, ""mae"": 10.467833518981934, ""val_loss"": 44.862388610839844, ""val_mape"": 44.862388610839844, ""val_mae"": 9.17113208770752, ""lr"": 0.00010000000474974513, ""val_mae12"": 8.08160400390625, ""val_me"": 7.1207257534805715, ""val_me12"": 7.155433694817155, ""mape_2021"": 54.356239318847656, ""mae_2021"": 10.004423141479492, ""mae12_2021"": 10.539050102233887, ""me_2021"": 8.12780784159362, ""me12_2021"": 9.593123971569927, ""epochs_trained"": 115}",2026-07-04T05:34:19.614284,completed,9.5
8,MAPE,120,0,leaky_relu,1,64,0.1,45.81135177612305,9.312836647033691,8.966964721679688,6.721249654901599,8.38032332394031,45.81135177612305,10.0010986328125,11.743288040161133,7.789823688193688,11.226710508524878,56.2692756652832,"{""loss"": 47.472816467285156, ""mape"": 47.472816467285156, ""mae"": 9.863750457763672, ""val_loss"": 45.81135177612305, ""val_mape"": 45.81135177612305, ""val_mae"": 9.312836647033691, ""lr"": 0.00010000000474974513, ""val_mae12"": 8.966964721679688, ""val_me"": 6.721249654901599, ""val_me12"": 8.38032332394031, ""mape_2021"": 56.2692756652832, ""mae_2021"": 10.0010986328125, ""mae12_2021"": 11.743288040161133, ""me_2021"": 7.789823688193688, ""me12_2021"": 11.226710508524878, ""epochs_trained"": 122}",2026-07-04T05:34:19.765282,completed,9.8
9,MAPE,120,0,relu,1,16,0.0,90.59355163574219,22.394207000732422,3.2677628993988037,22.402800101291092,2.2351576404738887,90.59355163574219,21.31794548034668,6.340765953063965,20.725383113751235,5.141681388830205,93.87518310546875,"{""loss"": 86.5684814453125, ""mape"": 86.5684814453125, ""mae"": 21.13210678100586, ""val_loss"": 90.59355163574219, ""val_mape"": 90.59355163574219, ""val_mae"": 22.394207000732422, ""lr"": 0.00010000000474974513, ""val_mae12"": 3.2677628993988037, ""val_me"": 22.402800101291092, ""val_me12"": 2.2351576404738887, ""mape_2021"": 93.87518310546875, ""mae_2021"": 21.31794548034668, ""mae12_2021"": 6.340765953063965, ""me_2021"": 20.725383113751235, ""me12_2021"": 5.141681388830205, ""epochs_trained"": 43}",2026-07-04T06:21:39.009329,completed,36.5
9,MAPE,120,0,relu,1,16,0.1,46.3905029296875,9.403081893920898,8.720893859863281,7.271903122524868,8.393730474573408,46.3905029296875,10.226597785949707,12.33698844909668,8.236829778428143,11.945116142689688,58.75325393676758,"{""loss"": 49.08208465576172, ""mape"": 49.08208465576172, ""mae"": 10.257129669189453, ""val_loss"": 46.3905029296875, ""val_mape"": 46.3905029296875, ""val_mae"": 9.403081893920898, ""lr"": 0.00010000000474974513, ""val_mae12"": 8.720893859863281, ""val_me"": 7.271903122524868, ""val_me12"": 8.393730474573408, ""mape_2021"": 58.75325393676758, ""mae_2021"": 10.226597785949707, ""mae12_2021"": 12.33698844909668, ""me_2021"": 8.236829778428143, ""me12_2021"": 11.945116142689688, ""epochs_trained"": 124}",2026-07-04T06:21:44.183127,completed,41.7
9,MAPE,120,0,relu,1,16,0.3,46.38664245605469,9.660815238952637,7.732763767242432,7.946733749683851,6.587555658041468,46.38664245605469,10.39018440246582,10.41059398651123,8.807323707069454,9.10508111972892,55.77927017211914,"{""loss"": 52.65714645385742, ""mape"": 52.65714645385742, ""mae"": 11.481104850769043, ""val_loss"": 46.38664245605469, ""val_mape"": 46.38664245605469, ""val_mae"": 9.660815238952637, ""lr"": 0.00010000000474974513, ""val_mae12"": 7.732763767242432, ""val_me"": 7.946733749683851, ""val_me12"": 6.587555658041468, ""mape_2021"": 55.77927017211914, ""mae_2021"": 10.39018440246582, ""mae12_2021"": 10.41059398651123, ""me_2021"": 8.807323707069454, ""me12_2021"": 9.10508111972892, ""epochs_trained"": 160}",2026-07-04T06:21:45.853759,completed,43.3
9,MAPE,120,0,relu,1,16,0.05,46.28750228881836,9.36878490447998,9.052083015441895,7.09418610799854,8.458584261588731,46.28750228881836,10.138179779052734,12.109259605407715,8.10424147208101,11.603869267341773,57.80356216430664,"{""loss"": 47.87047576904297, ""mape"": 47.87047576904297, ""mae"": 9.920690536499023, ""val_loss"": 46.28750228881836, ""val_mape"": 46.28750228881836, ""val_mae"": 9.36878490447998, ""lr"": 0.00010000000474974513, ""val_mae12"": 9.052083015441895, ""val_me"": 7.09418610799854, ""val_me12"": 8.458584261588731, ""mape_2021"": 57.80356216430664, ""mae_2021"": 10.138179779052734, ""mae12_2021"": 12.109259605407715, ""me_2021"": 8.10424147208101, ""me12_2021"": 11.603869267341773, ""epochs_trained"": 169}",2026-07-04T06:21:46.487390,completed,44.0
9,MAPE,120,0,relu,1,32,0.0,46.365386962890625,9.41397476196289,9.315461158752441,6.780317763161013,8.721801163146575,46.365386962890625,10.08336067199707,12.6852388381958,7.791340632537131,12.113443351711998,57.8307991027832,"{""loss"": 46.03432083129883, ""mape"": 46.03432083129883, ""mae"": 9.445549964904785, ""val_loss"": 46.365386962890625, ""val_mape"": 46.365386962890625, ""val_mae"": 9.41397476196289, ""lr"": 0.00010000000474974513, ""val_mae12"": 9.315461158752441, ""val_me"": 6.780317763161013, ""val_me12"": 8.721801163146575, ""mape_2021"": 57.8307991027832, ""mae_2021"": 10.08336067199707, ""mae12_2021"": 12.6852388381958, ""me_2021"": 7.791340632537131, ""me12_2021"": 12.113443351711998, ""epochs_trained"": 132}",2026-07-04T06:21:52.693011,completed,13.7
9,MAPE,120,0,relu,1,32,0.05,46.23699188232422,9.385059356689453,8.991453170776367,6.75059545622743,8.400855652054478,46.23699188232422,10.093454360961914,12.068950653076172,7.833142912710743,11.529345423240963,57.18364715576172,"{""loss"": 46.946693420410156, ""mape"": 46.946693420410156, ""mae"": 9.70309829711914, ""val_loss"": 46.23699188232422, ""val_mape"": 46.23699188232422, ""val_mae"": 9.385059356689453, ""lr"": 0.00010000000474974513, ""val_mae12"": 8.991453170776367, ""val_me"": 6.75059545622743, ""val_me12"": 8.400855652054478, ""mape_2021"": 57.18364715576172, ""mae_2021"": 10.093454360961914, ""mae12_2021"": 12.068950653076172, ""me_2021"": 7.833142912710743, ""me12_2021"": 11.529345423240963, ""epochs_trained"": 103}",2026-07-04T06:21:56.141198,completed,11.9
9,MAPE,120,0,relu,1,32,0.3,45.995731353759766,9.365572929382324,8.415559768676758,7.23149374668147,8.129842044710355,45.995731353759766,10.256742477416992,11.616138458251953,8.319634417662257,11.368619518405367,58.77769470214844,"{""loss"": 51.84844970703125, ""mape"": 51.84844970703125, ""mae"": 10.962918281555176, ""val_loss"": 45.995731353759766, ""val_mape"": 45.995731353759766, ""val_mae"": 9.365572929382324, ""lr"": 0.00010000000474974513, ""val_mae12"": 8.415559768676758, ""val_me"": 7.23149374668147, ""val_me12"": 8.129842044710355, ""mape_2021"": 58.77769470214844, ""mae_2021"": 10.256742477416992, ""mae12_2021"": 11.616138458251953, ""me_2021"": 8.319634417662257, ""me12_2021"": 11.368619518405367, ""epochs_trained"": 114}",2026-07-04T06:21:58.723964,completed,12.2
9,MAPE,120,0,relu,1,32,0.1,8.743154525756836,1.6593787670135498,2.5885567665100098,0.530573634985449,1.0205895690759836,8.743154525756836,1.8028678894042969,2.3102378845214844,1.0310167568803121,-1.4426743937492872,9.942984580993652,"{""loss"": 10.91444206237793, ""mape"": 10.91444206237793, ""mae"": 2.3577020168304443, ""val_loss"": 8.743154525756836, ""val_mape"": 8.743154525756836, ""val_mae"": 1.6593787670135498, ""lr"": 0.00010000000474974513, ""val_mae12"": 2.5885567665100098, ""val_me"": 0.530573634985449, ""val_me12"": 1.0205895690759836, ""mape_2021"": 9.942984580993652, ""mae_2021"": 1.8028678894042969, ""mae12_2021"": 2.3102378845214844, ""me_2021"": 1.0310167568803121, ""me12_2021"": -1.4426743937492872, ""epochs_trained"": 1184}",2026-07-04T06:22:48.754423,completed,62.9
9,MAPE,120,0,relu,1,64,0.05,46.92704772949219,9.548240661621094,9.008259773254395,6.787393288176197,8.34498551697175,46.92704772949219,10.167101860046387,12.352584838867188,7.852018725446182,11.665475345577965,58.06080627441406,"{""loss"": 46.5222282409668, ""mape"": 46.5222282409668, ""mae"": 9.595823287963867, ""val_loss"": 46.92704772949219, ""val_mape"": 46.92704772949219, ""val_mae"": 9.548240661621094, ""lr"": 0.00010000000474974513, ""val_mae12"": 9.008259773254395, ""val_me"": 6.787393288176197, ""val_me12"": 8.34498551697175, ""mape_2021"": 58.06080627441406, ""mae_2021"": 10.167101860046387, ""mae12_2021"": 12.352584838867188, ""me_2021"": 7.852018725446182, ""me12_2021"": 11.665475345577965, ""epochs_trained"": 91}",2026-07-04T06:23:09.039827,completed,19.6
9,MAPE,120,0,relu,1,64,0.0,45.856536865234375,9.381930351257324,9.012288093566895,6.578583583013889,7.803815563544126,45.856536865234375,10.036407470703125,12.110604286193848,7.633090444501906,10.640599074444895,55.789180755615234,"{""loss"": 44.613525390625, ""mape"": 44.613525390625, ""mae"": 9.218668937683105, ""val_loss"": 45.856536865234375, ""val_mape"": 45.856536865234375, ""val_mae"": 9.381930351257324, ""lr"": 0.00010000000474974513, ""val_mae12"": 9.012288093566895, ""val_me"": 6.578583583013889, ""val_me12"": 7.803815563544126, ""mape_2021"": 55.789180755615234, ""mae_2021"": 10.036407470703125, ""mae12_2021"": 12.110604286193848, ""me_2021"": 7.633090444501906, ""me12_2021"": 10.640599074444895, ""epochs_trained"": 96}",2026-07-04T06:23:09.086829,completed,19.6
9,MAPE,120,0,relu,1,64,0.1,47.124542236328125,9.538651466369629,9.12732982635498,6.997190260677659,8.886454180398953,47.124542236328125,10.215145111083984,12.569050788879395,8.058523091600865,12.44856246117481,59.52070617675781,"{""loss"": 48.22618103027344, ""mape"": 48.22618103027344, ""mae"": 9.892265319824219, ""val_loss"": 47.124542236328125, ""val_mape"": 47.124542236328125, ""val_mae"": 9.538651466369629, ""lr"": 0.00010000000474974513, ""val_mae12"": 9.12732982635498, ""val_me"": 6.997190260677659, ""val_me12"": 8.886454180398953, ""mape_2021"": 59.52070617675781, ""mae_2021"": 10.215145111083984, ""mae12_2021"": 12.569050788879395, ""me_2021"": 8.058523091600865, ""me12_2021"": 12.44856246117481, ""epochs_trained"": 93}",2026-07-04T06:23:09.151373,completed,19.7
9,MAPE,120,0,relu,1,64,0.3,46.46450424194336,9.449174880981445,8.499433517456055,7.032734768914345,8.168917825357553,46.46450424194336,10.227882385253906,11.901557922363281,8.113168757334464,11.560287485777838,58.502601623535156,"{""loss"": 49.95256423950195, ""mape"": 49.95256423950195, ""mae"": 10.424359321594238, ""val_loss"": 46.46450424194336, ""val_mape"": 46.46450424194336, ""val_mae"": 9.449174880981445, ""lr"": 0.00010000000474974513, ""val_mae12"": 8.499433517456055, ""val_me"": 7.032734768914345, ""val_me12"": 8.168917825357553, ""mape_2021"": 58.502601623535156, ""mae_2021"": 10.227882385253906, ""mae12_2021"": 11.901557922363281, ""me_2021"": 8.113168757334464, ""me12_2021"": 11.560287485777838, ""epochs_trained"": 93}",2026-07-04T06:23:09.154344,completed,19.7
9,MAPE,120,0,relu,1,128,0.05,46.50386047363281,9.515799522399902,8.749275207519531,6.375418941642067,7.769348564975146,46.50386047363281,10.134753227233887,12.036815643310547,7.520461003991171,10.892050277561559,56.88093185424805,"{""loss"": 45.49660873413086, ""mape"": 45.49660873413086, ""mae"": 9.392437934875488, ""val_loss"": 46.50386047363281, ""val_mape"": 46.50386047363281, ""val_mae"": 9.515799522399902, ""lr"": 0.00010000000474974513, ""val_mae12"": 8.749275207519531, ""val_me"": 6.375418941642067, ""val_me12"": 7.769348564975146, ""mape_2021"": 56.88093185424805, ""mae_2021"": 10.134753227233887, ""mae12_2021"": 12.036815643310547, ""me_2021"": 7.520461003991171, ""me12_2021"": 10.892050277561559, ""epochs_trained"": 73}",2026-07-04T06:23:20.264370,completed,11.2
9,MAPE,120,0,relu,1,128,0.0,45.84144973754883,9.391355514526367,9.006494522094727,6.409833052633552,7.775717948237025,45.84144973754883,10.062973022460938,12.249152183532715,7.4656909521316175,10.742005849583892,55.79044723510742,"{""loss"": 44.48283386230469, ""mape"": 44.48283386230469, ""mae"": 9.204573631286621, ""val_loss"": 45.84144973754883, ""val_mape"": 45.84144973754883, ""val_mae"": 9.391355514526367, ""lr"": 0.00010000000474974513, ""val_mae12"": 9.006494522094727, ""val_me"": 6.409833052633552, ""val_me12"": 7.775717948237025, ""mape_2021"": 55.79044723510742, ""mae_2021"": 10.062973022460938, ""mae12_2021"": 12.249152183532715, ""me_2021"": 7.4656909521316175, ""me12_2021"": 10.742005849583892, ""epochs_trained"": 77}",2026-07-04T06:23:20.277371,completed,11.2
9,MAPE,120,0,relu,1,128,0.3,46.225215911865234,9.418367385864258,8.62109375,6.718071498169138,7.863251267192768,46.225215911865234,10.144735336303711,12.012091636657715,7.803880188026965,11.158632736772908,57.18267059326172,"{""loss"": 47.682010650634766, ""mape"": 47.682010650634766, ""mae"": 9.920641899108887, ""val_loss"": 46.225215911865234, ""val_mape"": 46.225215911865234, ""val_mae"": 9.418367385864258, ""lr"": 0.00010000000474974513, ""val_mae12"": 8.62109375, ""val_me"": 6.718071498169138, ""val_me12"": 7.863251267192768, ""mape_2021"": 57.18267059326172, ""mae_2021"": 10.144735336303711, ""mae12_2021"": 12.012091636657715, ""me_2021"": 7.803880188026965, ""me12_2021"": 11.158632736772908, ""epochs_trained"": 79}",2026-07-04T06:23:20.736504,completed,11.6
9,MAPE,120,0,relu,1,128,0.1,45.98351287841797,9.371673583984375,8.905736923217773,6.393319422539066,7.790552520260931,45.98351287841797,10.051046371459961,11.87242317199707,7.5320320788107455,10.53724324508238,55.65676498413086,"{""loss"": 45.67148208618164, ""mape"": 45.67148208618164, ""mae"": 9.477680206298828, ""val_loss"": 45.98351287841797, ""val_mape"": 45.98351287841797, ""val_mae"": 9.371673583984375, ""lr"": 0.00010000000474974513, ""val_mae12"": 8.905736923217773, ""val_me"": 6.393319422539066, ""val_me12"": 7.790552520260931, ""mape_2021"": 55.65676498413086, ""mae_2021"": 10.051046371459961, ""mae12_2021"": 11.87242317199707, ""me_2021"": 7.5320320788107455, ""me12_2021"": 10.53724324508238, ""epochs_trained"": 84}",2026-07-04T06:23:20.842502,completed,11.7
9,MAPE,120,0,relu,1,256,0.1,45.96461486816406,9.399608612060547,8.500452995300293,6.101252422441863,7.39052312707459,45.96461486816406,10.10987377166748,11.57673454284668,7.3238747675490465,10.21083861946348,55.755577087402344,"{""loss"": 44.88359069824219, ""mape"": 44.88359069824219, ""mae"": 9.276094436645508, ""val_loss"": 45.96461486816406, ""val_mape"": 45.96461486816406, ""val_mae"": 9.399608612060547, ""lr"": 0.00010000000474974513, ""val_mae12"": 8.500452995300293, ""val_me"": 6.101252422441863, ""val_me12"": 7.39052312707459, ""mape_2021"": 55.755577087402344, ""mae_2021"": 10.10987377166748, ""mae12_2021"": 11.57673454284668, ""me_2021"": 7.3238747675490465, ""me12_2021"": 10.21083861946348, ""epochs_trained"": 64}",2026-07-04T06:23:44.740741,completed,22.8
9,MAPE,120,0,relu,1,256,0.3,46.03325271606445,9.383057594299316,8.47952651977539,6.215336347699633,7.6048865352446455,46.03325271606445,10.11886215209961,11.604745864868164,7.408912599510188,10.616452087112657,56.217124938964844,"{""loss"": 46.40711975097656, ""mape"": 46.40711975097656, ""mae"": 9.597306251525879, ""val_loss"": 46.03325271606445, ""val_mape"": 46.03325271606445, ""val_mae"": 9.383057594299316, ""lr"": 0.00010000000474974513, ""val_mae12"": 8.47952651977539, ""val_me"": 6.215336347699633, ""val_me12"": 7.6048865352446455, ""mape_2021"": 56.217124938964844, ""mae_2021"": 10.11886215209961, ""mae12_2021"": 11.604745864868164, ""me_2021"": 7.408912599510188, ""me12_2021"": 10.616452087112657, ""epochs_trained"": 67}",2026-07-04T06:23:44.742743,completed,22.8
9,MAPE,120,0,relu,1,256,0.05,45.64750289916992,9.318428993225098,8.6445894241333,6.332917067171664,7.50340915311853,45.64750289916992,10.076427459716797,11.844464302062988,7.470443129127793,10.376610244019774,55.70846176147461,"{""loss"": 44.681480407714844, ""mape"": 44.681480407714844, ""mae"": 9.229069709777832, ""val_loss"": 45.64750289916992, ""val_mape"": 45.64750289916992, ""val_mae"": 9.318428993225098, ""lr"": 0.00010000000474974513, ""val_mae12"": 8.6445894241333, ""val_me"": 6.332917067171664, ""val_me12"": 7.50340915311853, ""mape_2021"": 55.70846176147461, ""mae_2021"": 10.076427459716797, ""mae12_2021"": 11.844464302062988, ""me_2021"": 7.470443129127793, ""me12_2021"": 10.376610244019774, ""epochs_trained"": 66}",2026-07-04T06:23:44.819671,completed,22.9
9,MAPE,120,0,relu,1,256,0.0,46.089534759521484,9.410999298095703,8.53144359588623,6.561442848316113,7.469596524854217,46.089534759521484,10.137341499328613,11.746316909790039,7.690044623656735,10.444935469421582,56.09162139892578,"{""loss"": 45.01344299316406, ""mape"": 45.01344299316406, ""mae"": 9.299453735351562, ""val_loss"": 46.089534759521484, ""val_mape"": 46.089534759521484, ""val_mae"": 9.410999298095703, ""lr"": 0.00010000000474974513, ""val_mae12"": 8.53144359588623, ""val_me"": 6.561442848316113, ""val_me12"": 7.469596524854217, ""mape_2021"": 56.09162139892578, ""mae_2021"": 10.137341499328613, ""mae12_2021"": 11.746316909790039, ""me_2021"": 7.690044623656735, ""me12_2021"": 10.444935469421582, ""epochs_trained"": 70}",2026-07-04T06:23:45.020221,completed,23.1
9,MAPE,120,0,relu,2,16,0.05,47.05299377441406,9.537038803100586,9.276891708374023,6.768958522015038,9.1952614826526,47.05299377441406,10.108847618103027,13.121405601501465,7.831404653228787,13.108212443671354,60.314605712890625,"{""loss"": 49.42089080810547, ""mape"": 49.42089080810547, ""mae"": 10.173847198486328, ""val_loss"": 47.05299377441406, ""val_mape"": 47.05299377441406, ""val_mae"": 9.537038803100586, ""lr"": 0.00010000000474974513, ""val_mae12"": 9.276891708374023, ""val_me"": 6.768958522015038, ""val_me12"": 9.1952614826526, ""mape_2021"": 60.314605712890625, ""mae_2021"": 10.108847618103027, ""mae12_2021"": 13.121405601501465, ""me_2021"": 7.831404653228787, ""me12_2021"": 13.108212443671354, ""epochs_trained"": 104}",2026-07-04T06:23:56.177275,completed,11.4
9,MAPE,120,0,relu,2,16,0.3,47.315792083740234,10.090995788574219,6.31183385848999,8.382629731673866,5.695668668223377,47.315792083740234,10.647491455078125,9.827388763427734,9.37410682788886,9.01226995855962,58.94469451904297,"{""loss"": 58.668434143066406, ""mape"": 58.668434143066406, ""mae"": 12.93641185760498, ""val_loss"": 47.315792083740234, ""val_mape"": 47.315792083740234, ""val_mae"": 10.090995788574219, ""lr"": 0.00010000000474974513, ""val_mae12"": 6.31183385848999, ""val_me"": 8.382629731673866, ""val_me12"": 5.695668668223377, ""mape_2021"": 58.94469451904297, ""mae_2021"": 10.647491455078125, ""mae12_2021"": 9.827388763427734, ""me_2021"": 9.37410682788886, ""me12_2021"": 9.01226995855962, ""epochs_trained"": 104}",2026-07-04T06:23:56.332275,completed,11.3
9,MAPE,120,0,relu,2,16,0.1,45.52011489868164,9.42984390258789,7.940413951873779,6.843834585022868,6.954408620564658,45.52011489868164,9.976399421691895,11.201530456542969,7.851350152612772,9.852914364507411,55.44379425048828,"{""loss"": 49.65066146850586, ""mape"": 49.65066146850586, ""mae"": 10.620397567749023, ""val_loss"": 45.52011489868164, ""val_mape"": 45.52011489868164, ""val_mae"": 9.42984390258789, ""lr"": 0.00010000000474974513, ""val_mae12"": 7.940413951873779, ""val_me"": 6.843834585022868, ""val_me12"": 6.954408620564658, ""mape_2021"": 55.44379425048828, ""mae_2021"": 9.976399421691895, ""mae12_2021"": 11.201530456542969, ""me_2021"": 7.851350152612772, ""me12_2021"": 9.852914364507411, ""epochs_trained"": 112}",2026-07-04T06:23:56.479272,completed,11.7
9,MAPE,120,0,relu,2,16,0.0,46.68637466430664,9.449338912963867,9.730571746826172,6.706896065229705,9.54861980346817,46.68637466430664,10.011759757995605,13.599149703979492,7.652288201983879,13.41421164542829,59.23323059082031,"{""loss"": 45.776371002197266, ""mape"": 45.776371002197266, ""mae"": 9.316612243652344, ""val_loss"": 46.68637466430664, ""val_mape"": 46.68637466430664, ""val_mae"": 9.449338912963867, ""lr"": 0.00010000000474974513, ""val_mae12"": 9.730571746826172, ""val_me"": 6.706896065229705, ""val_me12"": 9.54861980346817, ""mape_2021"": 59.23323059082031, ""mae_2021"": 10.011759757995605, ""mae12_2021"": 13.599149703979492, ""me_2021"": 7.652288201983879, ""me12_2021"": 13.41421164542829, ""epochs_trained"": 122}",2026-07-04T06:23:56.716276,completed,12.0
9,MAPE,120,0,relu,2,32,0.3,45.111778259277344,9.424792289733887,8.031657218933105,7.094402526780663,7.885234781659559,45.111778259277344,10.054241180419922,11.580541610717773,8.12777330426015,11.357863153830229,57.76646423339844,"{""loss"": 51.367733001708984, ""mape"": 51.367733001708984, ""mae"": 11.001104354858398, ""val_loss"": 45.111778259277344, ""val_mape"": 45.111778259277344, ""val_mae"": 9.424792289733887, ""lr"": 0.00010000000474974513, ""val_mae12"": 8.031657218933105, ""val_me"": 7.094402526780663, ""val_me12"": 7.885234781659559, ""mape_2021"": 57.76646423339844, ""mae_2021"": 10.054241180419922, ""mae12_2021"": 11.580541610717773, ""me_2021"": 8.12777330426015, ""me12_2021"": 11.357863153830229, ""epochs_trained"": 83}",2026-07-04T06:24:18.699458,completed,20.9
9,MAPE,120,0,relu,2,32,0.0,46.060062408447266,9.159213066101074,9.965654373168945,6.544489568674816,9.943093364309181,46.060062408447266,9.938414573669434,13.457491874694824,7.570472477369528,13.518423446056529,59.43881607055664,"{""loss"": 45.63856506347656, ""mape"": 45.63856506347656, ""mae"": 9.19469165802002, ""val_loss"": 46.060062408447266, ""val_mape"": 46.060062408447266, ""val_mae"": 9.159213066101074, ""lr"": 0.00010000000474974513, ""val_mae12"": 9.965654373168945, ""val_me"": 6.544489568674816, ""val_me12"": 9.943093364309181, ""mape_2021"": 59.43881607055664, ""mae_2021"": 9.938414573669434, ""mae12_2021"": 13.457491874694824, ""me_2021"": 7.570472477369528, ""me12_2021"": 13.518423446056529, ""epochs_trained"": 88}",2026-07-04T06:24:18.877903,completed,21.0
9,MAPE,120,0,relu,2,32,0.1,46.32827377319336,9.377487182617188,9.195317268371582,6.626155920284724,9.031475348844111,46.32827377319336,10.080916404724121,12.870081901550293,7.723543278363641,12.777959712383433,59.356082916259766,"{""loss"": 48.89402389526367, ""mape"": 48.89402389526367, ""mae"": 10.161921501159668, ""val_loss"": 46.32827377319336, ""val_mape"": 46.32827377319336, ""val_mae"": 9.377487182617188, ""lr"": 0.00010000000474974513, ""val_mae12"": 9.195317268371582, ""val_me"": 6.626155920284724, ""val_me12"": 9.031475348844111, ""mape_2021"": 59.356082916259766, ""mae_2021"": 10.080916404724121, ""mae12_2021"": 12.870081901550293, ""me_2021"": 7.723543278363641, ""me12_2021"": 12.777959712383433, ""epochs_trained"": 98}",2026-07-04T06:24:19.302904,completed,21.5
9,MAPE,120,0,relu,2,32,0.05,45.3626594543457,9.119516372680664,9.522730827331543,6.763521826982074,9.276253650779665,45.3626594543457,9.949058532714844,13.237600326538086,7.668352782094708,12.978830404009592,58.76882553100586,"{""loss"": 46.971168518066406, ""mape"": 46.971168518066406, ""mae"": 9.666885375976562, ""val_loss"": 45.3626594543457, ""val_mape"": 45.3626594543457, ""val_mae"": 9.119516372680664, ""lr"": 1.0000000656873453e-05, ""val_mae12"": 9.522730827331543, ""val_me"": 6.763521826982074, ""val_me12"": 9.276253650779665, ""mape_2021"": 58.76882553100586, ""mae_2021"": 9.949058532714844, ""mae12_2021"": 13.237600326538086, ""me_2021"": 7.668352782094708, ""me12_2021"": 12.978830404009592, ""epochs_trained"": 114}",2026-07-04T06:24:20.099906,completed,22.3
9,MAPE,120,0,relu,2,64,0.1,4.367015361785889,0.8203374147415161,1.3273142576217651,0.1926099842784768,-0.04260735040104308,4.367015361785889,0.8622262477874756,1.5651665925979614,0.4943947431599562,-1.2863056599171574,5.311357021331787,"{""loss"": 7.231541633605957, ""mape"": 7.231541633605957, ""mae"": 1.601285457611084, ""val_loss"": 4.367015361785889, ""val_mape"": 4.367015361785889, ""val_mae"": 0.8203374147415161, ""lr"": 0.00010000000474974513, ""val_mae12"": 1.3273142576217651, ""val_me"": 0.1926099842784768, ""val_me12"": -0.04260735040104308, ""mape_2021"": 5.311357021331787, ""mae_2021"": 0.8622262477874756, ""mae12_2021"": 1.5651665925979614, ""me_2021"": 0.4943947431599562, ""me12_2021"": -1.2863056599171574, ""epochs_trained"": 592}",2026-07-04T06:25:16.553033,completed,57.2
9,MAPE,120,0,relu,2,64,0.05,4.7124247550964355,0.8805996775627136,1.546695351600647,0.15761524094990415,0.17865674015325617,4.7124247550964355,0.8572263121604919,1.576415777206421,0.4356570625994728,-1.2917260304274885,5.191134929656982,"{""loss"": 6.049532413482666, ""mape"": 6.049532413482666, ""mae"": 1.3262262344360352, ""val_loss"": 4.7124247550964355, ""val_mape"": 4.7124247550964355, ""val_mae"": 0.8805996775627136, ""lr"": 0.00010000000474974513, ""val_mae12"": 1.546695351600647, ""val_me"": 0.15761524094990415, ""val_me12"": 0.17865674015325617, ""mape_2021"": 5.191134929656982, ""mae_2021"": 0.8572263121604919, ""mae12_2021"": 1.576415777206421, ""me_2021"": 0.4356570625994728, ""me12_2021"": -1.2917260304274885, ""epochs_trained"": 622}",2026-07-04T06:25:17.737406,completed,58.9
9,MAPE,120,0,relu,2,64,0.0,4.797786235809326,0.886530876159668,1.5024151802062988,-0.02033633675159364,0.468688125249523,4.797786235809326,0.9400316476821899,1.817811131477356,0.3146447415296133,-1.5560191567754804,6.010493755340576,"{""loss"": 3.2623040676116943, ""mape"": 3.2623040676116943, ""mae"": 0.6721845865249634, ""val_loss"": 4.797786235809326, ""val_mape"": 4.797786235809326, ""val_mae"": 0.886530876159668, ""lr"": 1.0000000656873453e-05, ""val_mae12"": 1.5024151802062988, ""val_me"": -0.02033633675159364, ""val_me12"": 0.468688125249523, ""mape_2021"": 6.010493755340576, ""mae_2021"": 0.9400316476821899, ""mae12_2021"": 1.817811131477356, ""me_2021"": 0.3146447415296133, ""me12_2021"": -1.5560191567754804, ""epochs_trained"": 670}",2026-07-04T06:25:19.288258,completed,60.6
9,MAPE,120,0,relu,2,64,0.3,17.530460357666016,3.3057572841644287,5.351704120635986,1.3983257966822096,3.688487128752951,17.530460357666016,3.751268148422241,2.4497568607330322,2.07388592537003,0.9447987667206864,20.048402786254883,"{""loss"": 22.980745315551758, ""mape"": 22.980745315551758, ""mae"": 4.912598133087158, ""val_loss"": 17.530460357666016, ""val_mape"": 17.530460357666016, ""val_mae"": 3.3057572841644287, ""lr"": 1.0000000656873453e-05, ""val_mae12"": 5.351704120635986, ""val_me"": 1.3983257966822096, ""val_me12"": 3.688487128752951, ""mape_2021"": 20.048402786254883, ""mae_2021"": 3.751268148422241, ""mae12_2021"": 2.4497568607330322, ""me_2021"": 2.07388592537003, ""me12_2021"": 0.9447987667206864, ""epochs_trained"": 1147}",2026-07-04T06:25:49.320924,completed,89.2
9,MAPE,120,0,relu,2,128,0.3,16.599803924560547,3.1241531372070312,4.880780220031738,0.5310102243148045,2.413189148900099,16.599803924560547,3.281811475753784,2.3619658946990967,1.313299871248416,-0.6924210491737233,17.28555679321289,"{""loss"": 18.65930938720703, ""mape"": 18.65930938720703, ""mae"": 3.9611823558807373, ""val_loss"": 16.599803924560547, ""val_mape"": 16.599803924560547, ""val_mae"": 3.1241531372070312, ""lr"": 0.00010000000474974513, ""val_mae12"": 4.880780220031738, ""val_me"": 0.5310102243148045, ""val_me12"": 2.413189148900099, ""mape_2021"": 17.28555679321289, ""mae_2021"": 3.281811475753784, ""mae12_2021"": 2.3619658946990967, ""me_2021"": 1.313299871248416, ""me12_2021"": -0.6924210491737233, ""epochs_trained"": 163}",2026-07-04T06:26:26.909904,completed,36.3
9,MAPE,120,0,relu,2,128,0.05,14.068991661071777,2.682312488555908,3.878574848175049,0.10907872024609343,1.601304558923681,14.068991661071777,2.7677857875823975,2.2694220542907715,0.8671819996921398,-1.44872862545657,14.51766300201416,"{""loss"": 12.546024322509766, ""mape"": 12.546024322509766, ""mae"": 2.5868208408355713, ""val_loss"": 14.068991661071777, ""val_mape"": 14.068991661071777, ""val_mae"": 2.682312488555908, ""lr"": 0.00010000000474974513, ""val_mae12"": 3.878574848175049, ""val_me"": 0.10907872024609343, ""val_me12"": 1.601304558923681, ""mape_2021"": 14.51766300201416, ""mae_2021"": 2.7677857875823975, ""mae12_2021"": 2.2694220542907715, ""me_2021"": 0.8671819996921398, ""me12_2021"": -1.44872862545657, ""epochs_trained"": 207}",2026-07-04T06:26:29.567873,completed,39.0
9,MAPE,120,0,relu,2,256,0.0,14.659409523010254,2.8579468727111816,3.6066150665283203,0.4744892783852534,1.1272192474897131,14.659409523010254,2.878389835357666,3.1385998725891113,1.1905168282926577,-2.4796811494881856,15.540779113769531,"{""loss"": 11.886112213134766, ""mape"": 11.886112213134766, ""mae"": 2.4263908863067627, ""val_loss"": 14.659409523010254, ""val_mape"": 14.659409523010254, ""val_mae"": 2.8579468727111816, ""lr"": 0.00010000000474974513, ""val_mae12"": 3.6066150665283203, ""val_me"": 0.4744892783852534, ""val_me12"": 1.1272192474897131, ""mape_2021"": 15.540779113769531, ""mae_2021"": 2.878389835357666, ""mae12_2021"": 3.1385998725891113, ""me_2021"": 1.1905168282926577, ""me12_2021"": -2.4796811494881856, ""epochs_trained"": 143}",2026-07-04T06:26:53.351099,completed,26.4
9,MAPE,120,0,relu,2,256,0.05,15.886404991149902,3.0690150260925293,3.7929351329803467,0.2966507596815943,2.250223604238535,15.886404991149902,3.134518623352051,2.57267427444458,1.0693438104671418,-1.072439749950276,16.1077880859375,"{""loss"": 13.819953918457031, ""mape"": 13.819953918457031, ""mae"": 2.800701379776001, ""val_loss"": 15.886404991149902, ""val_mape"": 15.886404991149902, ""val_mae"": 3.0690150260925293, ""lr"": 0.00010000000474974513, ""val_mae12"": 3.7929351329803467, ""val_me"": 0.2966507596815943, ""val_me12"": 2.250223604238535, ""mape_2021"": 16.1077880859375, ""mae_2021"": 3.134518623352051, ""mae12_2021"": 2.57267427444458, ""me_2021"": 1.0693438104671418, ""me12_2021"": -1.072439749950276, ""epochs_trained"": 131}",2026-07-04T06:26:55.597009,completed,26.0
9,MAPE,120,0,relu,2,128,0.1,4.3793206214904785,0.8037418723106384,1.3330038785934448,0.0727331428234706,0.1584090077401562,4.3793206214904785,0.8828606605529785,1.8547395467758179,0.381060173466472,-1.486308199958057,5.668185710906982,"{""loss"": 6.17720890045166, ""mape"": 6.17720890045166, ""mae"": 1.339839220046997, ""val_loss"": 4.3793206214904785, ""val_mape"": 4.3793206214904785, ""val_mae"": 0.8037418723106384, ""lr"": 0.00010000000474974513, ""val_mae12"": 1.3330038785934448, ""val_me"": 0.0727331428234706, ""val_me12"": 0.1584090077401562, ""mape_2021"": 5.668185710906982, ""mae_2021"": 0.8828606605529785, ""mae12_2021"": 1.8547395467758179, ""me_2021"": 0.381060173466472, ""me12_2021"": -1.486308199958057, ""epochs_trained"": 490}",2026-07-04T06:26:58.225816,completed,67.7
9,MAPE,120,0,relu,2,256,0.1,16.659738540649414,3.2198166847229004,4.267533779144287,0.5188435519674887,1.6171422339922463,16.659738540649414,3.2606191635131836,2.623075008392334,1.2913769560437343,-1.5259202836538859,16.978580474853516,"{""loss"": 15.32425308227539, ""mape"": 15.32425308227539, ""mae"": 3.070552349090576, ""val_loss"": 16.659738540649414, ""val_mape"": 16.659738540649414, ""val_mae"": 3.2198166847229004, ""lr"": 0.00010000000474974513, ""val_mae12"": 4.267533779144287, ""val_me"": 0.5188435519674887, ""val_me12"": 1.6171422339922463, ""mape_2021"": 16.978580474853516, ""mae_2021"": 3.2606191635131836, ""mae12_2021"": 2.623075008392334, ""me_2021"": 1.2913769560437343, ""me12_2021"": -1.5259202836538859, ""epochs_trained"": 113}",2026-07-04T06:27:14.895287,completed,21.5
9,MAPE,120,0,relu,2,256,0.3,16.55581283569336,3.1239469051361084,4.874443531036377,0.2066805142361445,2.893707683221933,16.55581283569336,3.1424918174743652,2.4303221702575684,0.9553244071721095,-0.7560211589948397,16.369524002075195,"{""loss"": 17.245723724365234, ""mape"": 17.245723724365234, ""mae"": 3.5486531257629395, ""val_loss"": 16.55581283569336, ""val_mape"": 16.55581283569336, ""val_mae"": 3.1239469051361084, ""lr"": 1.0000000656873453e-05, ""val_mae12"": 4.874443531036377, ""val_me"": 0.2066805142361445, ""val_me12"": 2.893707683221933, ""mape_2021"": 16.369524002075195, ""mae_2021"": 3.1424918174743652, ""mae12_2021"": 2.4303221702575684, ""me_2021"": 0.9553244071721095, ""me12_2021"": -0.7560211589948397, ""epochs_trained"": 134}",2026-07-04T06:27:17.801856,completed,22.2
9,MAPE,120,0,relu,2,128,0.0,4.237663269042969,0.7963559627532959,1.2977206707000732,0.048883447317600484,-0.06542805543404268,4.237663269042969,0.8622133731842041,1.6495399475097656,0.3055079278338963,-1.4536129418183208,5.324869632720947,"{""loss"": 2.735732078552246, ""mape"": 2.735732078552246, ""mae"": 0.5774672627449036, ""val_loss"": 4.237663269042969, ""val_mape"": 4.237663269042969, ""val_mae"": 0.7963559627532959, ""lr"": 1.0000000656873453e-05, ""val_mae12"": 1.2977206707000732, ""val_me"": 0.048883447317600484, ""val_me12"": -0.06542805543404268, ""mape_2021"": 5.324869632720947, ""mae_2021"": 0.8622133731842041, ""mae12_2021"": 1.6495399475097656, ""me_2021"": 0.3055079278338963, ""me12_2021"": -1.4536129418183208, ""epochs_trained"": 716}",2026-07-04T06:27:17.917856,completed,87.4
9,MAPE,120,0,relu,3,16,0.05,46.60847854614258,9.315848350524902,2.629891872406006,7.970780922606204,1.4675923412542426,46.60847854614258,11.220512390136719,5.654289245605469,9.577052668074678,4.381686682208329,59.668094635009766,"{""loss"": 51.553279876708984, ""mape"": 51.553279876708984, ""mae"": 10.626639366149902, ""val_loss"": 46.60847854614258, ""val_mape"": 46.60847854614258, ""val_mae"": 9.315848350524902, ""lr"": 0.00010000000474974513, ""val_mae12"": 2.629891872406006, ""val_me"": 7.970780922606204, ""val_me12"": 1.4675923412542426, ""mape_2021"": 59.668094635009766, ""mae_2021"": 11.220512390136719, ""mae12_2021"": 5.654289245605469, ""me_2021"": 9.577052668074678, ""me12_2021"": 4.381686682208329, ""epochs_trained"": 84}",2026-07-04T06:27:31.846953,completed,13.1
9,MAPE,120,0,relu,3,16,0.3,46.44972610473633,10.350080490112305,4.065699577331543,8.238106279298806,3.000754876508295,46.44972610473633,10.31848430633545,6.614562511444092,9.352045194355854,5.0384447091525955,53.68065643310547,"{""loss"": 58.258758544921875, ""mape"": 58.258758544921875, ""mae"": 13.06929874420166, ""val_loss"": 46.44972610473633, ""val_mape"": 46.44972610473633, ""val_mae"": 10.350080490112305, ""lr"": 0.00010000000474974513, ""val_mae12"": 4.065699577331543, ""val_me"": 8.238106279298806, ""val_me12"": 3.000754876508295, ""mape_2021"": 53.68065643310547, ""mae_2021"": 10.31848430633545, ""mae12_2021"": 6.614562511444092, ""me_2021"": 9.352045194355854, ""me12_2021"": 5.0384447091525955, ""epochs_trained"": 99}",2026-07-04T06:27:32.316420,completed,13.6
9,MAPE,120,0,relu,3,16,0.1,43.878623962402344,9.244473457336426,7.039089202880859,6.851407989582385,6.434361656531186,43.878623962402344,9.807513236999512,10.1461181640625,7.908558079456721,9.3970019952385,54.36586380004883,"{""loss"": 47.98556900024414, ""mape"": 47.98556900024414, ""mae"": 10.23878002166748, ""val_loss"": 43.878623962402344, ""val_mape"": 43.878623962402344, ""val_mae"": 9.244473457336426, ""lr"": 0.00010000000474974513, ""val_mae12"": 7.039089202880859, ""val_me"": 6.851407989582385, ""val_me12"": 6.434361656531186, ""mape_2021"": 54.36586380004883, ""mae_2021"": 9.807513236999512, ""mae12_2021"": 10.1461181640625, ""me_2021"": 7.908558079456721, ""me12_2021"": 9.3970019952385, ""epochs_trained"": 108}",2026-07-04T06:27:32.699453,completed,14.0
9,MAPE,120,0,relu,3,32,0.1,46.108802795410156,9.283156394958496,6.66293478012085,6.937199064248913,6.3006608699341,46.108802795410156,10.243119239807129,10.009299278259277,8.191510454421762,9.562251303188837,57.484901428222656,"{""loss"": 48.01389694213867, ""mape"": 48.01389694213867, ""mae"": 9.89850902557373, ""val_loss"": 46.108802795410156, ""val_mape"": 46.108802795410156, ""val_mae"": 9.283156394958496, ""lr"": 0.00010000000474974513, ""val_mae12"": 6.66293478012085, ""val_me"": 6.937199064248913, ""val_me12"": 6.3006608699341, ""mape_2021"": 57.484901428222656, ""mae_2021"": 10.243119239807129, ""mae12_2021"": 10.009299278259277, ""me_2021"": 8.191510454421762, ""me12_2021"": 9.562251303188837, ""epochs_trained"": 75}",2026-07-04T06:27:39.835982,completed,7.1
9,MAPE,120,0,relu,3,32,0.3,47.14896011352539,10.036419868469238,4.854228973388672,7.730080288370026,4.089361630362102,47.14896011352539,10.484659194946289,8.179730415344238,9.01113031946688,7.203887723368134,57.51169204711914,"{""loss"": 53.17311477661133, ""mape"": 53.17311477661133, ""mae"": 11.475445747375488, ""val_loss"": 47.14896011352539, ""val_mape"": 47.14896011352539, ""val_mae"": 10.036419868469238, ""lr"": 0.00010000000474974513, ""val_mae12"": 4.854228973388672, ""val_me"": 7.730080288370026, ""val_me12"": 4.089361630362102, ""mape_2021"": 57.51169204711914, ""mae_2021"": 10.484659194946289, ""mae12_2021"": 8.179730415344238, ""me_2021"": 9.01113031946688, ""me12_2021"": 7.203887723368134, ""epochs_trained"": 82}",2026-07-04T06:27:47.611403,completed,7.8
9,MAPE,120,0,relu,3,32,0.0,4.587745189666748,0.8599127531051636,1.3044798374176025,-0.06206229249601203,0.1798828276323105,4.587745189666748,0.9149907827377319,1.7862160205841064,0.24328974632730718,-1.5373739157122543,5.871393203735352,"{""loss"": 3.5045394897460938, ""mape"": 3.5045394897460938, ""mae"": 0.7160050868988037, ""val_loss"": 4.587745189666748, ""val_mape"": 4.587745189666748, ""val_mae"": 0.8599127531051636, ""lr"": 0.00010000000474974513, ""val_mae12"": 1.3044798374176025, ""val_me"": -0.06206229249601203, ""val_me12"": 0.1798828276323105, ""mape_2021"": 5.871393203735352, ""mae_2021"": 0.9149907827377319, ""mae12_2021"": 1.7862160205841064, ""me_2021"": 0.24328974632730718, ""me12_2021"": -1.5373739157122543, ""epochs_trained"": 650}",2026-07-04T06:28:01.036011,completed,29.2
9,MAPE,120,0,relu,3,16,0.0,4.167455673217773,0.8255631923675537,1.1676743030548096,0.10938796361543938,-0.08156016442835405,4.167455673217773,0.8273714184761047,1.117240071296692,0.2863930184536336,-0.5724100382421254,4.8562445640563965,"{""loss"": 3.416259765625, ""mape"": 3.416259765625, ""mae"": 0.69729083776474, ""val_loss"": 4.167455673217773, ""val_mape"": 4.167455673217773, ""val_mae"": 0.8255631923675537, ""lr"": 1.0000000656873453e-05, ""val_mae12"": 1.1676743030548096, ""val_me"": 0.10938796361543938, ""val_me12"": -0.08156016442835405, ""mape_2021"": 4.8562445640563965, ""mae_2021"": 0.8273714184761047, ""mae12_2021"": 1.117240071296692, ""me_2021"": 0.2863930184536336, ""me12_2021"": -0.5724100382421254, ""epochs_trained"": 909}",2026-07-04T06:28:03.666354,completed,45.0
9,MAPE,120,0,relu,3,32,0.05,16.46128273010254,3.327202796936035,3.7791175842285156,1.3848833760437276,3.0124580381645414,16.46128273010254,3.4898650646209717,2.9924659729003906,1.8891022236681279,0.9743644440434096,19.055191040039062,"{""loss"": 18.583332061767578, ""mape"": 18.583332061767578, ""mae"": 3.8631539344787598, ""val_loss"": 16.46128273010254, ""val_mape"": 16.46128273010254, ""val_mae"": 3.327202796936035, ""lr"": 1.0000000656873453e-05, ""val_mae12"": 3.7791175842285156, ""val_me"": 1.3848833760437276, ""val_me12"": 3.0124580381645414, ""mape_2021"": 19.055191040039062, ""mae_2021"": 3.4898650646209717, ""mae12_2021"": 2.9924659729003906, ""me_2021"": 1.8891022236681279, ""me12_2021"": 0.9743644440434096, ""epochs_trained"": 976}",2026-07-04T06:28:15.194255,completed,42.9
9,MAPE,120,0,relu,3,64,0.3,42.87262725830078,9.021615028381348,6.207701206207275,7.62333873403362,5.748507732577345,42.87262725830078,9.799038887023926,9.041407585144043,8.483519948039955,8.254436311052412,53.679325103759766,"{""loss"": 48.0504150390625, ""mape"": 48.0504150390625, ""mae"": 10.21141529083252, ""val_loss"": 42.87262725830078, ""val_mape"": 42.87262725830078, ""val_mae"": 9.021615028381348, ""lr"": 1.0000000656873453e-05, ""val_mae12"": 6.207701206207275, ""val_me"": 7.62333873403362, ""val_me12"": 5.748507732577345, ""mape_2021"": 53.679325103759766, ""mae_2021"": 9.799038887023926, ""mae12_2021"": 9.041407585144043, ""me_2021"": 8.483519948039955, ""me12_2021"": 8.254436311052412, ""epochs_trained"": 91}",2026-07-04T06:29:02.301382,completed,46.2
9,MAPE,120,0,relu,3,64,0.1,5.387880802154541,1.066353678703308,1.4557702541351318,0.4204972141115749,0.7759225964111408,5.387880802154541,1.0502229928970337,1.3516291379928589,0.7082742907817713,-0.46419027532299967,5.821515083312988,"{""loss"": 8.396900177001953, ""mape"": 8.396900177001953, ""mae"": 1.871903419494629, ""val_loss"": 5.387880802154541, ""val_mape"": 5.387880802154541, ""val_mae"": 1.066353678703308, ""lr"": 0.00010000000474974513, ""val_mae12"": 1.4557702541351318, ""val_me"": 0.4204972141115749, ""val_me12"": 0.7759225964111408, ""mape_2021"": 5.821515083312988, ""mae_2021"": 1.0502229928970337, ""mae12_2021"": 1.3516291379928589, ""me_2021"": 0.7082742907817713, ""me12_2021"": -0.46419027532299967, ""epochs_trained"": 347}",2026-07-04T06:29:33.299026,completed,77.2
9,MAPE,120,0,relu,3,64,0.05,5.217078685760498,0.9876657724380493,1.5937182903289795,0.1777428276451599,0.5303796718523905,5.217078685760498,0.9962945580482483,1.499794363975525,0.49381796008059203,-1.0936891875514778,5.715030670166016,"{""loss"": 6.640106678009033, ""mape"": 6.640106678009033, ""mae"": 1.45185124874115, ""val_loss"": 5.217078685760498, ""val_mape"": 5.217078685760498, ""val_mae"": 0.9876657724380493, ""lr"": 0.00010000000474974513, ""val_mae12"": 1.5937182903289795, ""val_me"": 0.1777428276451599, ""val_me12"": 0.5303796718523905, ""mape_2021"": 5.715030670166016, ""mae_2021"": 0.9962945580482483, ""mae12_2021"": 1.499794363975525, ""me_2021"": 0.49381796008059203, ""me12_2021"": -1.0936891875514778, ""epochs_trained"": 348}",2026-07-04T06:29:35.267913,completed,79.2
9,MAPE,120,0,relu,3,128,0.0,14.247978210449219,2.747478723526001,3.1370954513549805,0.32417022649880733,2.273773820080095,14.247978210449219,2.821058988571167,2.8922088146209717,1.0176978880353464,-0.9685563888168395,14.938911437988281,"{""loss"": 11.462468147277832, ""mape"": 11.462468147277832, ""mae"": 2.331376552581787, ""val_loss"": 14.247978210449219, ""val_mape"": 14.247978210449219, ""val_mae"": 2.747478723526001, ""lr"": 0.00010000000474974513, ""val_mae12"": 3.1370954513549805, ""val_me"": 0.32417022649880733, ""val_me12"": 2.273773820080095, ""mape_2021"": 14.938911437988281, ""mae_2021"": 2.821058988571167, ""mae12_2021"": 2.8922088146209717, ""me_2021"": 1.0176978880353464, ""me12_2021"": -0.9685563888168395, ""epochs_trained"": 128}",2026-07-04T06:29:35.534913,completed,33.2
9,MAPE,120,0,relu,3,64,0.0,4.57895565032959,0.8440118432044983,1.3624193668365479,-0.05222169716675038,0.15224313629899536,4.57895565032959,0.8935114145278931,1.465027093887329,0.21518863001577254,-1.12780168274922,5.582658767700195,"{""loss"": 3.036555528640747, ""mape"": 3.036555528640747, ""mae"": 0.6320497989654541, ""val_loss"": 4.57895565032959, ""val_mape"": 4.57895565032959, ""val_mae"": 0.8440118432044983, ""lr"": 1.0000000656873453e-05, ""val_mae12"": 1.3624193668365479, ""val_me"": -0.05222169716675038, ""val_me12"": 0.15224313629899536, ""mape_2021"": 5.582658767700195, ""mae_2021"": 0.8935114145278931, ""mae12_2021"": 1.465027093887329, ""me_2021"": 0.21518863001577254, ""me12_2021"": -1.12780168274922, ""epochs_trained"": 584}",2026-07-04T06:30:16.715508,completed,120.6
9,MAPE,120,0,relu,3,128,0.1,6.201486110687256,1.1938542127609253,1.7912219762802124,0.15777597121133935,0.41671729347939096,6.201486110687256,1.136310338973999,1.7440159320831299,0.5879457982652311,-1.2264510476108454,6.5602498054504395,"{""loss"": 7.3725996017456055, ""mape"": 7.3725996017456055, ""mae"": 1.5859464406967163, ""val_loss"": 6.201486110687256, ""val_mape"": 6.201486110687256, ""val_mae"": 1.1938542127609253, ""lr"": 0.00010000000474974513, ""val_mae12"": 1.7912219762802124, ""val_me"": 0.15777597121133935, ""val_me12"": 0.41671729347939096, ""mape_2021"": 6.5602498054504395, ""mae_2021"": 1.136310338973999, ""mae12_2021"": 1.7440159320831299, ""me_2021"": 0.5879457982652311, ""me12_2021"": -1.2264510476108454, ""epochs_trained"": 253}",2026-07-04T06:30:32.171638,completed,56.9
9,MAPE,120,0,relu,3,128,0.05,4.63194465637207,0.8984260559082031,1.1454018354415894,0.015473991984795755,0.20399971398604727,4.63194465637207,0.8719897866249084,1.6064608097076416,0.30004363867988376,-1.053222917297174,5.172100067138672,"{""loss"": 5.4430694580078125, ""mape"": 5.4430694580078125, ""mae"": 1.1670094728469849, ""val_loss"": 4.63194465637207, ""val_mape"": 4.63194465637207, ""val_mae"": 0.8984260559082031, ""lr"": 0.00010000000474974513, ""val_mae12"": 1.1454018354415894, ""val_me"": 0.015473991984795755, ""val_me12"": 0.20399971398604727, ""mape_2021"": 5.172100067138672, ""mae_2021"": 0.8719897866249084, ""mae12_2021"": 1.6064608097076416, ""me_2021"": 0.30004363867988376, ""me12_2021"": -1.053222917297174, ""epochs_trained"": 321}",2026-07-04T06:30:35.653753,completed,62.3
9,MAPE,120,0,relu,3,128,0.3,8.280715942382812,1.9620450735092163,1.3646618127822876,0.8638342737579494,0.8036026447678317,8.280715942382812,1.4382184743881226,1.4352890253067017,1.1399342752662571,-0.6967736068880619,7.352170944213867,"{""loss"": 10.911995887756348, ""mape"": 10.911995887756348, ""mae"": 2.429913282394409, ""val_loss"": 8.280715942382812, ""val_mape"": 8.280715942382812, ""val_mae"": 1.9620450735092163, ""lr"": 0.00010000000474974513, ""val_mae12"": 1.3646618127822876, ""val_me"": 0.8638342737579494, ""val_me12"": 0.8036026447678317, ""mape_2021"": 7.352170944213867, ""mae_2021"": 1.4382184743881226, ""mae12_2021"": 1.4352890253067017, ""me_2021"": 1.1399342752662571, ""me12_2021"": -0.6967736068880619, ""epochs_trained"": 237}",2026-07-04T06:31:08.511529,completed,92.9
9,MAPE,120,0,relu,3,256,0.3,9.450769424438477,1.9894407987594604,2.5839123725891113,0.5570408287855436,0.8360407598161589,9.450769424438477,1.875676155090332,2.0390326976776123,1.0267509714167562,-1.406562859693551,9.895748138427734,"{""loss"": 11.060192108154297, ""mape"": 11.060192108154297, ""mae"": 2.4042515754699707, ""val_loss"": 9.450769424438477, ""val_mape"": 9.450769424438477, ""val_mae"": 1.9894407987594604, ""lr"": 0.00010000000474974513, ""val_mae12"": 2.5839123725891113, ""val_me"": 0.5570408287855436, ""val_me12"": 0.8360407598161589, ""mape_2021"": 9.895748138427734, ""mae_2021"": 1.875676155090332, ""mae12_2021"": 2.0390326976776123, ""me_2021"": 1.0267509714167562, ""me12_2021"": -1.406562859693551, ""epochs_trained"": 153}",2026-07-04T06:32:27.903210,completed,77.4
9,MAPE,120,0,relu,3,256,0.0,7.045848369598389,1.2729111909866333,2.1108834743499756,-0.19065769547393688,1.8438652905966777,7.045848369598389,1.3099801540374756,1.6689270734786987,0.03258802679575411,0.034338074821625056,7.572057723999023,"{""loss"": 4.683858394622803, ""mape"": 4.683858394622803, ""mae"": 0.9802888035774231, ""val_loss"": 7.045848369598389, ""val_mape"": 7.045848369598389, ""val_mae"": 1.2729111909866333, ""lr"": 1.0000000656873453e-05, ""val_mae12"": 2.1108834743499756, ""val_me"": -0.19065769547393688, ""val_me12"": 1.8438652905966777, ""mape_2021"": 7.572057723999023, ""mae_2021"": 1.3099801540374756, ""mae12_2021"": 1.6689270734786987, ""me_2021"": 0.03258802679575411, ""me12_2021"": 0.034338074821625056, ""epochs_trained"": 236}",2026-07-04T06:32:36.760890,completed,86.2
9,MAPE,120,0,relu,3,256,0.1,5.230967044830322,1.0280627012252808,1.4273009300231934,0.2290523560192341,0.6980541575862821,5.230967044830322,0.9627473950386047,1.3734523057937622,0.46482097214051493,-0.5510703543451599,5.574344635009766,"{""loss"": 5.901982307434082, ""mape"": 5.901982307434082, ""mae"": 1.2725002765655518, ""val_loss"": 5.230967044830322, ""val_mape"": 5.230967044830322, ""val_mae"": 1.0280627012252808, ""lr"": 0.00010000000474974513, ""val_mae12"": 1.4273009300231934, ""val_me"": 0.2290523560192341, ""val_me12"": 0.6980541575862821, ""mape_2021"": 5.574344635009766, ""mae_2021"": 0.9627473950386047, ""mae12_2021"": 1.3734523057937622, ""me_2021"": 0.46482097214051493, ""me12_2021"": -0.5510703543451599, ""epochs_trained"": 246}",2026-07-04T06:32:38.723164,completed,88.2
9,MAPE,120,0,relu,3,256,0.05,5.015889644622803,0.8799417614936829,1.4890856742858887,-0.11455208711380924,1.1602232514766837,5.015889644622803,0.9464303851127625,1.6329625844955444,0.2021822839263978,-0.2033822434549481,5.963725566864014,"{""loss"": 4.603700160980225, ""mape"": 4.603700160980225, ""mae"": 0.9813725352287292, ""val_loss"": 5.015889644622803, ""val_mape"": 5.015889644622803, ""val_mae"": 0.8799417614936829, ""lr"": 0.00010000000474974513, ""val_mae12"": 1.4890856742858887, ""val_me"": -0.11455208711380924, ""val_me12"": 1.1602232514766837, ""mape_2021"": 5.963725566864014, ""mae_2021"": 0.9464303851127625, ""mae12_2021"": 1.6329625844955444, ""me_2021"": 0.2021822839263978, ""me12_2021"": -0.2033822434549481, ""epochs_trained"": 265}",2026-07-04T06:32:39.842751,completed,89.3
9,MAPE,120,0,leaky_relu,1,16,0.0,46.26929473876953,9.285533905029297,6.624891757965088,7.871809215019795,6.108459380866371,46.26929473876953,10.469305992126465,9.644464492797852,8.964156218377001,9.192339758336052,57.76018524169922,"{""loss"": 47.4747200012207, ""mape"": 47.4747200012207, ""mae"": 9.646333694458008, ""val_loss"": 46.26929473876953, ""val_mape"": 46.26929473876953, ""val_mae"": 9.285533905029297, ""lr"": 0.00010000000474974513, ""val_mae12"": 6.624891757965088, ""val_me"": 7.871809215019795, ""val_me12"": 6.108459380866371, ""mape_2021"": 57.76018524169922, ""mae_2021"": 10.469305992126465, ""mae12_2021"": 9.644464492797852, ""me_2021"": 8.964156218377001, ""me12_2021"": 9.192339758336052, ""epochs_trained"": 117}",2026-07-04T06:32:43.960117,completed,16.0
9,MAPE,120,0,leaky_relu,1,16,0.05,46.61099624633789,9.459554672241211,8.906311988830566,7.378749093574752,8.575385512912288,46.61099624633789,10.223274230957031,12.268051147460938,8.29706622027412,11.952645036063318,58.377315521240234,"{""loss"": 48.75041198730469, ""mape"": 48.75041198730469, ""mae"": 10.058533668518066, ""val_loss"": 46.61099624633789, ""val_mape"": 46.61099624633789, ""val_mae"": 9.459554672241211, ""lr"": 0.00010000000474974513, ""val_mae12"": 8.906311988830566, ""val_me"": 7.378749093574752, ""val_me12"": 8.575385512912288, ""mape_2021"": 58.377315521240234, ""mae_2021"": 10.223274230957031, ""mae12_2021"": 12.268051147460938, ""me_2021"": 8.29706622027412, ""me12_2021"": 11.952645036063318, ""epochs_trained"": 129}",2026-07-04T06:32:47.010919,completed,10.2
9,MAPE,120,0,leaky_relu,1,16,0.1,48.265037536621094,10.003796577453613,8.546295166015625,8.301902050943177,8.198012020967575,48.265037536621094,10.619815826416016,11.818163871765137,9.073270687378853,11.47137171055824,60.032615661621094,"{""loss"": 51.434669494628906, ""mape"": 51.434669494628906, ""mae"": 10.702601432800293, ""val_loss"": 48.265037536621094, ""val_mape"": 48.265037536621094, ""val_mae"": 10.003796577453613, ""lr"": 0.00010000000474974513, ""val_mae12"": 8.546295166015625, ""val_me"": 8.301902050943177, ""val_me12"": 8.198012020967575, ""mape_2021"": 60.032615661621094, ""mae_2021"": 10.619815826416016, ""mae12_2021"": 11.818163871765137, ""me_2021"": 9.073270687378853, ""me12_2021"": 11.47137171055824, ""epochs_trained"": 166}",2026-07-04T06:32:50.053074,completed,11.3
9,MAPE,120,0,leaky_relu,1,16,0.3,55.57376480102539,12.465792655944824,7.071228504180908,11.009717154372332,6.08793370243353,55.57376480102539,12.536445617675781,9.468073844909668,11.224416161161106,8.4729448018621,62.45726776123047,"{""loss"": 59.22810745239258, ""mape"": 59.22810745239258, ""mae"": 13.057186126708984, ""val_loss"": 55.57376480102539, ""val_mape"": 55.57376480102539, ""val_mae"": 12.465792655944824, ""lr"": 0.00010000000474974513, ""val_mae12"": 7.071228504180908, ""val_me"": 11.009717154372332, ""val_me12"": 6.08793370243353, ""mape_2021"": 62.45726776123047, ""mae_2021"": 12.536445617675781, ""mae12_2021"": 9.468073844909668, ""me_2021"": 11.224416161161106, ""me12_2021"": 8.4729448018621, ""epochs_trained"": 224}",2026-07-04T06:32:52.454293,completed,12.6
9,MAPE,120,0,leaky_relu,1,32,0.0,46.28720474243164,9.22425651550293,6.815008640289307,8.03149704619703,6.197343732876636,46.28720474243164,10.521183013916016,9.679708480834961,9.10424175173153,9.130120593346438,57.9171257019043,"{""loss"": 47.350406646728516, ""mape"": 47.350406646728516, ""mae"": 9.636941909790039, ""val_loss"": 46.28720474243164, ""val_mape"": 46.28720474243164, ""val_mae"": 9.22425651550293, ""lr"": 0.00010000000474974513, ""val_mae12"": 6.815008640289307, ""val_me"": 8.03149704619703, ""val_me12"": 6.197343732876636, ""mape_2021"": 57.9171257019043, ""mae_2021"": 10.521183013916016, ""mae12_2021"": 9.679708480834961, ""me_2021"": 9.10424175173153, ""me12_2021"": 9.130120593346438, ""epochs_trained"": 107}",2026-07-04T06:33:08.636165,completed,15.3
9,MAPE,120,0,leaky_relu,1,32,0.1,46.501319885253906,9.447879791259766,9.01860523223877,7.421297814693953,8.779139417997047,46.501319885253906,10.245458602905273,12.439018249511719,8.371694702636974,12.296822332931397,59.23032760620117,"{""loss"": 50.047645568847656, ""mape"": 50.047645568847656, ""mae"": 10.318564414978027, ""val_loss"": 46.501319885253906, ""val_mape"": 46.501319885253906, ""val_mae"": 9.447879791259766, ""lr"": 0.00010000000474974513, ""val_mae12"": 9.01860523223877, ""val_me"": 7.421297814693953, ""val_me12"": 8.779139417997047, ""mape_2021"": 59.23032760620117, ""mae_2021"": 10.245458602905273, ""mae12_2021"": 12.439018249511719, ""me_2021"": 8.371694702636974, ""me12_2021"": 12.296822332931397, ""epochs_trained"": 123}",2026-07-04T06:33:09.281762,completed,16.0
9,MAPE,120,0,leaky_relu,1,32,0.05,45.928897857666016,9.303235054016113,8.758581161499023,7.015541126846462,8.382984483768157,45.928897857666016,10.066289901733398,11.544255256652832,8.065836031992049,11.226248833022241,56.92892074584961,"{""loss"": 47.86033248901367, ""mape"": 47.86033248901367, ""mae"": 9.911121368408203, ""val_loss"": 45.928897857666016, ""val_mape"": 45.928897857666016, ""val_mae"": 9.303235054016113, ""lr"": 0.00010000000474974513, ""val_mae12"": 8.758581161499023, ""val_me"": 7.015541126846462, ""val_me12"": 8.382984483768157, ""mape_2021"": 56.92892074584961, ""mae_2021"": 10.066289901733398, ""mae12_2021"": 11.544255256652832, ""me_2021"": 8.065836031992049, ""me12_2021"": 11.226248833022241, ""epochs_trained"": 131}",2026-07-04T06:33:09.635864,completed,16.3
9,MAPE,120,0,leaky_relu,1,32,0.3,47.81401062011719,10.04139518737793,7.8829755783081055,8.351137089239042,6.817706452454777,47.81401062011719,10.613275527954102,10.265730857849121,9.102151464098686,9.0415860196325,56.09790802001953,"{""loss"": 53.731353759765625, ""mape"": 53.731353759765625, ""mae"": 11.627683639526367, ""val_loss"": 47.81401062011719, ""val_mape"": 47.81401062011719, ""val_mae"": 10.04139518737793, ""lr"": 0.00010000000474974513, ""val_mae12"": 7.8829755783081055, ""val_me"": 8.351137089239042, ""val_me12"": 6.817706452454777, ""mape_2021"": 56.09790802001953, ""mae_2021"": 10.613275527954102, ""mae12_2021"": 10.265730857849121, ""me_2021"": 9.102151464098686, ""me12_2021"": 9.0415860196325, ""epochs_trained"": 179}",2026-07-04T06:33:11.385457,completed,18.1
9,MAPE,120,0,leaky_relu,1,64,0.05,46.18928527832031,9.399117469787598,8.84231185913086,6.743176356711557,8.127760067080937,46.18928527832031,10.087368965148926,12.175592422485352,7.777362369346498,11.396750385268478,57.0372200012207,"{""loss"": 46.429298400878906, ""mape"": 46.429298400878906, ""mae"": 9.60771656036377, ""val_loss"": 46.18928527832031, ""val_mape"": 46.18928527832031, ""val_mae"": 9.399117469787598, ""lr"": 0.00010000000474974513, ""val_mae12"": 8.84231185913086, ""val_me"": 6.743176356711557, ""val_me12"": 8.127760067080937, ""mape_2021"": 57.0372200012207, ""mae_2021"": 10.087368965148926, ""mae12_2021"": 12.175592422485352, ""me_2021"": 7.777362369346498, ""me12_2021"": 11.396750385268478, ""epochs_trained"": 105}",2026-07-04T06:33:17.816419,completed,8.5
9,MAPE,120,0,leaky_relu,1,64,0.1,46.120872497558594,9.401824951171875,8.675344467163086,6.794113870899033,8.071751623183442,46.120872497558594,10.072182655334473,11.52590560913086,7.8580948851888435,11.017443850342381,56.22740173339844,"{""loss"": 47.62894821166992, ""mape"": 47.62894821166992, ""mae"": 9.851593017578125, ""val_loss"": 46.120872497558594, ""val_mape"": 46.120872497558594, ""val_mae"": 9.401824951171875, ""lr"": 0.00010000000474974513, ""val_mae12"": 8.675344467163086, ""val_me"": 6.794113870899033, ""val_me12"": 8.071751623183442, ""mape_2021"": 56.22740173339844, ""mae_2021"": 10.072182655334473, ""mae12_2021"": 11.52590560913086, ""me_2021"": 7.8580948851888435, ""me12_2021"": 11.017443850342381, ""epochs_trained"": 100}",2026-07-04T06:33:17.954418,completed,8.3
9,MAPE,120,0,leaky_relu,1,64,0.3,45.449005126953125,9.278623580932617,8.310192108154297,7.076922029936025,7.4177889780758735,45.449005126953125,10.058283805847168,11.18697738647461,8.089074182809876,10.187425598208058,55.504520416259766,"{""loss"": 49.311622619628906, ""mape"": 49.311622619628906, ""mae"": 10.360506057739258, ""val_loss"": 45.449005126953125, ""val_mape"": 45.449005126953125, ""val_mae"": 9.278623580932617, ""lr"": 0.00010000000474974513, ""val_mae12"": 8.310192108154297, ""val_me"": 7.076922029936025, ""val_me12"": 7.4177889780758735, ""mape_2021"": 55.504520416259766, ""mae_2021"": 10.058283805847168, ""mae12_2021"": 11.18697738647461, ""me_2021"": 8.089074182809876, ""me12_2021"": 10.187425598208058, ""epochs_trained"": 112}",2026-07-04T06:33:20.094190,completed,8.7
9,MAPE,120,0,leaky_relu,1,64,0.0,5.249147891998291,1.0926908254623413,1.1472573280334473,0.4608074086216249,-0.2536155948080979,5.249147891998291,1.1210559606552124,1.2303839921951294,0.6031678547533825,-0.9398071724689069,5.999446868896484,"{""loss"": 3.8733818531036377, ""mape"": 3.8733818531036377, ""mae"": 0.8523080348968506, ""val_loss"": 5.249147891998291, ""val_mape"": 5.249147891998291, ""val_mae"": 1.0926908254623413, ""lr"": 1.0000000656873453e-05, ""val_mae12"": 1.1472573280334473, ""val_me"": 0.4608074086216249, ""val_me12"": -0.2536155948080979, ""mape_2021"": 5.999446868896484, ""mae_2021"": 1.1210559606552124, ""mae12_2021"": 1.2303839921951294, ""me_2021"": 0.6031678547533825, ""me12_2021"": -0.9398071724689069, ""epochs_trained"": 2809}",2026-07-04T06:34:46.443262,completed,97.8
10,MAPE,120,0,relu,1,16,0.0,47.18608474731445,9.52298641204834,5.585618495941162,8.125991721701057,5.217311113927606,47.18608474731445,10.93011474609375,9.406270980834961,9.390473994416352,8.921918820709601,61.95334243774414,"{""loss"": 49.412593841552734, ""mape"": 49.412593841552734, ""mae"": 9.978367805480957, ""val_loss"": 47.18608474731445, ""val_mape"": 47.18608474731445, ""val_mae"": 9.52298641204834, ""lr"": 0.00010000000474974513, ""val_mae12"": 5.585618495941162, ""val_me"": 8.125991721701057, ""val_me12"": 5.217311113927606, ""mape_2021"": 61.95334243774414, ""mae_2021"": 10.93011474609375, ""mae12_2021"": 9.406270980834961, ""me_2021"": 9.390473994416352, ""me12_2021"": 8.921918820709601, ""epochs_trained"": 72}",2026-07-04T07:26:45.546113,completed,28.1
10,MAPE,120,0,relu,1,16,0.1,47.15436935424805,9.545722961425781,9.320362091064453,7.601348184411839,9.182654267851865,47.15436935424805,10.34598445892334,12.989510536193848,8.513581261797311,12.964474906781819,60.81220626831055,"{""loss"": 50.56386947631836, ""mape"": 50.56386947631836, ""mae"": 10.491456031799316, ""val_loss"": 47.15436935424805, ""val_mape"": 47.15436935424805, ""val_mae"": 9.545722961425781, ""lr"": 0.00010000000474974513, ""val_mae12"": 9.320362091064453, ""val_me"": 7.601348184411839, ""val_me12"": 9.182654267851865, ""mape_2021"": 60.81220626831055, ""mae_2021"": 10.34598445892334, ""mae12_2021"": 12.989510536193848, ""me_2021"": 8.513581261797311, ""me12_2021"": 12.964474906781819, ""epochs_trained"": 132}",2026-07-04T07:26:50.518978,completed,33.0
10,MAPE,120,0,relu,1,16,0.05,46.48401641845703,9.387022972106934,9.3576021194458,7.096029188713494,9.055283865584096,46.48401641845703,10.11795711517334,12.644389152526855,8.077026425165803,12.419314211423258,58.61555099487305,"{""loss"": 48.27119445800781, ""mape"": 48.27119445800781, ""mae"": 9.930046081542969, ""val_loss"": 46.48401641845703, ""val_mape"": 46.48401641845703, ""val_mae"": 9.387022972106934, ""lr"": 0.00010000000474974513, ""val_mae12"": 9.3576021194458, ""val_me"": 7.096029188713494, ""val_me12"": 9.055283865584096, ""mape_2021"": 58.61555099487305, ""mae_2021"": 10.11795711517334, ""mae12_2021"": 12.644389152526855, ""me_2021"": 8.077026425165803, ""me12_2021"": 12.419314211423258, ""epochs_trained"": 145}",2026-07-04T07:26:51.123679,completed,33.6
10,MAPE,120,0,relu,1,32,0.0,47.512569427490234,9.535379409790039,10.172285079956055,6.741094690512735,10.050716852732133,47.512569427490234,10.134631156921387,13.816458702087402,7.773393650887117,13.738710133271697,60.48967361450195,"{""loss"": 47.12330627441406, ""mape"": 47.12330627441406, ""mae"": 9.534440994262695, ""val_loss"": 47.512569427490234, ""val_mape"": 47.512569427490234, ""val_mae"": 9.535379409790039, ""lr"": 0.00010000000474974513, ""val_mae12"": 10.172285079956055, ""val_me"": 6.741094690512735, ""val_me12"": 10.050716852732133, ""mape_2021"": 60.48967361450195, ""mae_2021"": 10.134631156921387, ""mae12_2021"": 13.816458702087402, ""me_2021"": 7.773393650887117, ""me12_2021"": 13.738710133271697, ""epochs_trained"": 106}",2026-07-04T07:27:01.627971,completed,16.1
10,MAPE,120,0,relu,1,32,0.1,45.975765228271484,9.300582885742188,8.952869415283203,6.928286167636843,8.248877347285893,45.975765228271484,10.123859405517578,12.03020191192627,7.9636212450904065,11.4219120467521,57.330902099609375,"{""loss"": 48.17921829223633, ""mape"": 48.17921829223633, ""mae"": 10.048242568969727, ""val_loss"": 45.975765228271484, ""val_mape"": 45.975765228271484, ""val_mae"": 9.300582885742188, ""lr"": 0.00010000000474974513, ""val_mae12"": 8.952869415283203, ""val_me"": 6.928286167636843, ""val_me12"": 8.248877347285893, ""mape_2021"": 57.330902099609375, ""mae_2021"": 10.123859405517578, ""mae12_2021"": 12.03020191192627, ""me_2021"": 7.9636212450904065, ""me12_2021"": 11.4219120467521, ""epochs_trained"": 118}",2026-07-04T07:27:07.440190,completed,16.3
10,MAPE,120,0,relu,1,32,0.05,45.26541519165039,9.207716941833496,8.531810760498047,6.812587468081929,7.535652437874536,45.26541519165039,10.035581588745117,11.79688549041748,7.825301046968984,10.545724870135997,55.78070831298828,"{""loss"": 46.4766960144043, ""mape"": 46.4766960144043, ""mae"": 9.688943862915039, ""val_loss"": 45.26541519165039, ""val_mape"": 45.26541519165039, ""val_mae"": 9.207716941833496, ""lr"": 0.00010000000474974513, ""val_mae12"": 8.531810760498047, ""val_me"": 6.812587468081929, ""val_me12"": 7.535652437874536, ""mape_2021"": 55.78070831298828, ""mae_2021"": 10.035581588745117, ""mae12_2021"": 11.79688549041748, ""me_2021"": 7.825301046968984, ""me12_2021"": 10.545724870135997, ""epochs_trained"": 132}",2026-07-04T07:27:09.085803,completed,18.5
10,MAPE,120,0,relu,1,32,0.3,92.1732177734375,22.4466609954834,4.3419365882873535,22.4004948023017,3.632856202773728,92.1732177734375,21.401308059692383,7.662874221801758,20.63940526638118,6.944879870981589,96.3665542602539,"{""loss"": 87.48143768310547, ""mape"": 87.48143768310547, ""mae"": 21.07699203491211, ""val_loss"": 92.1732177734375, ""val_mape"": 92.1732177734375, ""val_mae"": 22.4466609954834, ""lr"": 0.00010000000474974513, ""val_mae12"": 4.3419365882873535, ""val_me"": 22.4004948023017, ""val_me12"": 3.632856202773728, ""mape_2021"": 96.3665542602539, ""mae_2021"": 21.401308059692383, ""mae12_2021"": 7.662874221801758, ""me_2021"": 20.63940526638118, ""me12_2021"": 6.944879870981589, ""epochs_trained"": 36}",2026-07-04T07:27:12.852489,completed,11.2
10,MAPE,120,0,relu,1,16,0.3,41.339412689208984,8.723466873168945,6.189306259155273,6.8962772790832405,4.242790302072016,41.339412689208984,9.440417289733887,7.937845706939697,7.907309557680901,5.144051246878785,47.92796325683594,"{""loss"": 49.73575973510742, ""mape"": 49.73575973510742, ""mae"": 11.09574031829834, ""val_loss"": 41.339412689208984, ""val_mape"": 41.339412689208984, ""val_mae"": 8.723466873168945, ""lr"": 0.00010000000474974513, ""val_mae12"": 6.189306259155273, ""val_me"": 6.8962772790832405, ""val_me12"": 4.242790302072016, ""mape_2021"": 47.92796325683594, ""mae_2021"": 9.440417289733887, ""mae12_2021"": 7.937845706939697, ""me_2021"": 7.907309557680901, ""me12_2021"": 5.144051246878785, ""epochs_trained"": 482}",2026-07-04T07:27:17.002201,completed,59.5
10,MAPE,120,0,relu,1,64,0.05,46.908912658691406,9.537992477416992,9.297701835632324,6.893040160305609,9.02124849618626,46.908912658691406,10.145430564880371,12.6463623046875,7.9445666480791575,12.422270967158513,58.71939468383789,"{""loss"": 47.056915283203125, ""mape"": 47.056915283203125, ""mae"": 9.646584510803223, ""val_loss"": 46.908912658691406, ""val_mape"": 46.908912658691406, ""val_mae"": 9.537992477416992, ""lr"": 0.00010000000474974513, ""val_mae12"": 9.297701835632324, ""val_me"": 6.893040160305609, ""val_me12"": 9.02124849618626, ""mape_2021"": 58.71939468383789, ""mae_2021"": 10.145430564880371, ""mae12_2021"": 12.6463623046875, ""me_2021"": 7.9445666480791575, ""me12_2021"": 12.422270967158513, ""epochs_trained"": 87}",2026-07-04T07:27:53.450941,completed,34.1
10,MAPE,120,0,relu,1,64,0.1,46.54521560668945,9.46609878540039,8.992887496948242,6.671939990772433,8.261189878350287,46.54521560668945,10.111665725708008,12.151928901672363,7.7395253168940945,11.43473455777163,57.30306625366211,"{""loss"": 47.17198944091797, ""mape"": 47.17198944091797, ""mae"": 9.73373794555664, ""val_loss"": 46.54521560668945, ""val_mape"": 46.54521560668945, ""val_mae"": 9.46609878540039, ""lr"": 0.00010000000474974513, ""val_mae12"": 8.992887496948242, ""val_me"": 6.671939990772433, ""val_me12"": 8.261189878350287, ""mape_2021"": 57.30306625366211, ""mae_2021"": 10.111665725708008, ""mae12_2021"": 12.151928901672363, ""me_2021"": 7.7395253168940945, ""me12_2021"": 11.43473455777163, ""epochs_trained"": 92}",2026-07-04T07:27:53.458939,completed,34.1
10,MAPE,120,0,relu,1,64,0.0,46.65918731689453,9.518447875976562,8.9259614944458,6.797547921366223,8.13731746478013,46.65918731689453,10.113441467285156,12.16417121887207,7.8409504116732105,11.263177949227176,57.04178237915039,"{""loss"": 45.69161605834961, ""mape"": 45.69161605834961, ""mae"": 9.407819747924805, ""val_loss"": 46.65918731689453, ""val_mape"": 46.65918731689453, ""val_mae"": 9.518447875976562, ""lr"": 0.00010000000474974513, ""val_mae12"": 8.9259614944458, ""val_me"": 6.797547921366223, ""val_me12"": 8.13731746478013, ""mape_2021"": 57.04178237915039, ""mae_2021"": 10.113441467285156, ""mae12_2021"": 12.16417121887207, ""me_2021"": 7.8409504116732105, ""me12_2021"": 11.263177949227176, ""epochs_trained"": 94}",2026-07-04T07:27:53.567937,completed,34.2
10,MAPE,120,0,relu,1,64,0.3,45.634857177734375,9.2980375289917,8.523519515991211,6.925106142096247,7.791459172412045,45.634857177734375,10.096922874450684,11.49139404296875,7.98992002368135,10.732685169945771,56.419586181640625,"{""loss"": 48.22513198852539, ""mape"": 48.22513198852539, ""mae"": 10.136666297912598, ""val_loss"": 45.634857177734375, ""val_mape"": 45.634857177734375, ""val_mae"": 9.2980375289917, ""lr"": 0.00010000000474974513, ""val_mae12"": 8.523519515991211, ""val_me"": 6.925106142096247, ""val_me12"": 7.791459172412045, ""mape_2021"": 56.419586181640625, ""mae_2021"": 10.096922874450684, ""mae12_2021"": 11.49139404296875, ""me_2021"": 7.98992002368135, ""me12_2021"": 10.732685169945771, ""epochs_trained"": 103}",2026-07-04T07:27:53.883459,completed,34.5
10,MAPE,120,0,relu,1,128,0.0,46.74513244628906,9.54992389678955,9.44076919555664,6.700384519308474,9.115653082125478,46.74513244628906,10.08453369140625,12.740219116210938,7.755102829173137,12.511527573878626,58.561214447021484,"{""loss"": 46.016746520996094, ""mape"": 46.016746520996094, ""mae"": 9.45783519744873, ""val_loss"": 46.74513244628906, ""val_mape"": 46.74513244628906, ""val_mae"": 9.54992389678955, ""lr"": 0.00010000000474974513, ""val_mae12"": 9.44076919555664, ""val_me"": 6.700384519308474, ""val_me12"": 9.115653082125478, ""mape_2021"": 58.561214447021484, ""mae_2021"": 10.08453369140625, ""mae12_2021"": 12.740219116210938, ""me_2021"": 7.755102829173137, ""me12_2021"": 12.511527573878626, ""epochs_trained"": 79}",2026-07-04T07:28:02.850797,completed,9.4
10,MAPE,120,0,relu,1,128,0.1,46.36649703979492,9.465893745422363,8.543374061584473,6.361702636854042,7.802294632026822,46.36649703979492,10.123393058776855,11.706790924072266,7.532612888041467,10.905586910726354,56.62482833862305,"{""loss"": 46.37059783935547, ""mape"": 46.37059783935547, ""mae"": 9.604326248168945, ""val_loss"": 46.36649703979492, ""val_mape"": 46.36649703979492, ""val_mae"": 9.465893745422363, ""lr"": 0.00010000000474974513, ""val_mae12"": 8.543374061584473, ""val_me"": 6.361702636854042, ""val_me12"": 7.802294632026822, ""mape_2021"": 56.62482833862305, ""mae_2021"": 10.123393058776855, ""mae12_2021"": 11.706790924072266, ""me_2021"": 7.532612888041467, ""me12_2021"": 10.905586910726354, ""epochs_trained"": 83}",2026-07-04T07:28:03.079808,completed,9.5
10,MAPE,120,0,relu,1,128,0.05,46.14579772949219,9.418475151062012,8.683097839355469,6.715592769598464,7.74533961185137,46.14579772949219,10.072834968566895,11.505709648132324,7.821404902314318,10.451426898145623,55.90897750854492,"{""loss"": 45.691802978515625, ""mape"": 45.691802978515625, ""mae"": 9.456070899963379, ""val_loss"": 46.14579772949219, ""val_mape"": 46.14579772949219, ""val_mae"": 9.418475151062012, ""lr"": 0.00010000000474974513, ""val_mae12"": 8.683097839355469, ""val_me"": 6.715592769598464, ""val_me12"": 7.74533961185137, ""mape_2021"": 55.90897750854492, ""mae_2021"": 10.072834968566895, ""mae12_2021"": 11.505709648132324, ""me_2021"": 7.821404902314318, ""me12_2021"": 10.451426898145623, ""epochs_trained"": 87}",2026-07-04T07:28:03.248810,completed,9.8
10,MAPE,120,0,relu,1,128,0.3,45.06809616088867,9.203575134277344,8.452775001525879,6.785312392377008,7.445447257514348,45.06809616088867,10.021622657775879,11.352148056030273,7.831664889090798,10.174867518779914,55.205055236816406,"{""loss"": 46.92863845825195, ""mape"": 46.92863845825195, ""mae"": 9.825860023498535, ""val_loss"": 45.06809616088867, ""val_mape"": 45.06809616088867, ""val_mae"": 9.203575134277344, ""lr"": 0.00010000000474974513, ""val_mae12"": 8.452775001525879, ""val_me"": 6.785312392377008, ""val_me12"": 7.445447257514348, ""mape_2021"": 55.205055236816406, ""mae_2021"": 10.021622657775879, ""mae12_2021"": 11.352148056030273, ""me_2021"": 7.831664889090798, ""me12_2021"": 10.174867518779914, ""epochs_trained"": 91}",2026-07-04T07:28:03.694599,completed,9.8
10,MAPE,120,0,relu,1,256,0.05,46.138084411621094,9.42548656463623,8.70332145690918,6.384088083239919,7.791271666777881,46.138084411621094,10.106363296508789,11.838529586791992,7.530330096236501,10.790866951957403,56.53938293457031,"{""loss"": 45.18099594116211, ""mape"": 45.18099594116211, ""mae"": 9.326183319091797, ""val_loss"": 46.138084411621094, ""val_mape"": 46.138084411621094, ""val_mae"": 9.42548656463623, ""lr"": 0.00010000000474974513, ""val_mae12"": 8.70332145690918, ""val_me"": 6.384088083239919, ""val_me12"": 7.791271666777881, ""mape_2021"": 56.53938293457031, ""mae_2021"": 10.106363296508789, ""mae12_2021"": 11.838529586791992, ""me_2021"": 7.530330096236501, ""me12_2021"": 10.790866951957403, ""epochs_trained"": 68}",2026-07-04T07:28:24.531170,completed,20.0
10,MAPE,120,0,relu,1,256,0.0,45.7270622253418,9.302440643310547,8.639863967895508,6.884454617667603,8.085974712987456,45.7270622253418,10.119338035583496,11.749537467956543,7.952112901175619,11.179124312526156,57.1362419128418,"{""loss"": 45.25584030151367, ""mape"": 45.25584030151367, ""mae"": 9.353536605834961, ""val_loss"": 45.7270622253418, ""val_mape"": 45.7270622253418, ""val_mae"": 9.302440643310547, ""lr"": 0.00010000000474974513, ""val_mae12"": 8.639863967895508, ""val_me"": 6.884454617667603, ""val_me12"": 8.085974712987456, ""mape_2021"": 57.1362419128418, ""mae_2021"": 10.119338035583496, ""mae12_2021"": 11.749537467956543, ""me_2021"": 7.952112901175619, ""me12_2021"": 11.179124312526156, ""epochs_trained"": 65}",2026-07-04T07:28:24.753941,completed,20.2
10,MAPE,120,0,relu,2,16,0.05,46.61084747314453,9.59367561340332,9.446016311645508,6.601491852355997,9.267584839938499,46.61084747314453,10.017831802368164,13.219317436218262,7.60493744902368,13.046576475913385,58.945640563964844,"{""loss"": 47.89997100830078, ""mape"": 47.89997100830078, ""mae"": 9.926056861877441, ""val_loss"": 46.61084747314453, ""val_mape"": 46.61084747314453, ""val_mae"": 9.59367561340332, ""lr"": 0.00010000000474974513, ""val_mae12"": 9.446016311645508, ""val_me"": 6.601491852355997, ""val_me12"": 9.267584839938499, ""mape_2021"": 58.945640563964844, ""mae_2021"": 10.017831802368164, ""mae12_2021"": 13.219317436218262, ""me_2021"": 7.60493744902368, ""me12_2021"": 13.046576475913385, ""epochs_trained"": 94}",2026-07-04T07:28:40.136310,completed,15.4
10,MAPE,120,0,relu,2,16,0.0,47.92552185058594,9.577038764953613,10.30892562866211,6.86884586296983,10.25861495932342,47.92552185058594,10.14908218383789,14.257575988769531,7.855877677081761,14.315066879803997,61.74089813232422,"{""loss"": 47.32851791381836, ""mape"": 47.32851791381836, ""mae"": 9.501174926757812, ""val_loss"": 47.92552185058594, ""val_mape"": 47.92552185058594, ""val_mae"": 9.577038764953613, ""lr"": 0.00010000000474974513, ""val_mae12"": 10.30892562866211, ""val_me"": 6.86884586296983, ""val_me12"": 10.25861495932342, ""mape_2021"": 61.74089813232422, ""mae_2021"": 10.14908218383789, ""mae12_2021"": 14.257575988769531, ""me_2021"": 7.855877677081761, ""me12_2021"": 14.315066879803997, ""epochs_trained"": 106}",2026-07-04T07:28:40.573803,completed,16.0
10,MAPE,120,0,relu,2,16,0.1,46.14781188964844,9.443317413330078,8.45150089263916,6.831658481733486,8.048379641097208,46.14781188964844,10.099427223205566,12.137049674987793,7.887873953624937,11.742103123260376,58.13474655151367,"{""loss"": 49.93445587158203, ""mape"": 49.93445587158203, ""mae"": 10.508243560791016, ""val_loss"": 46.14781188964844, ""val_mape"": 46.14781188964844, ""val_mae"": 9.443317413330078, ""lr"": 0.00010000000474974513, ""val_mae12"": 8.45150089263916, ""val_me"": 6.831658481733486, ""val_me12"": 8.048379641097208, ""mape_2021"": 58.13474655151367, ""mae_2021"": 10.099427223205566, ""mae12_2021"": 12.137049674987793, ""me_2021"": 7.887873953624937, ""me12_2021"": 11.742103123260376, ""epochs_trained"": 117}",2026-07-04T07:28:57.673391,completed,17.5
10,MAPE,120,0,relu,2,16,0.3,47.3881950378418,10.307177543640137,6.127068519592285,8.799416619882601,4.891071610236384,47.3881950378418,10.81050968170166,9.329981803894043,9.523971229135432,7.5421999309168415,56.44382858276367,"{""loss"": 57.21501159667969, ""mape"": 57.21501159667969, ""mae"": 12.869351387023926, ""val_loss"": 47.3881950378418, ""val_mape"": 47.3881950378418, ""val_mae"": 10.307177543640137, ""lr"": 0.00010000000474974513, ""val_mae12"": 6.127068519592285, ""val_me"": 8.799416619882601, ""val_me12"": 4.891071610236384, ""mape_2021"": 56.44382858276367, ""mae_2021"": 10.81050968170166, ""mae12_2021"": 9.329981803894043, ""me_2021"": 9.523971229135432, ""me12_2021"": 7.5421999309168415, ""epochs_trained"": 127}",2026-07-04T07:28:58.585025,completed,18.0
10,MAPE,120,0,relu,1,256,0.1,30.809467315673828,6.35123872756958,5.394540786743164,5.006042876248369,5.117606622933989,30.809467315673828,7.024685382843018,4.832868576049805,5.732925137113249,3.7986657486840034,36.847312927246094,"{""loss"": 30.59839630126953, ""mape"": 30.59839630126953, ""mae"": 6.280784606933594, ""val_loss"": 30.809467315673828, ""val_mape"": 30.809467315673828, ""val_mae"": 6.35123872756958, ""lr"": 1.0000000656873453e-05, ""val_mae12"": 5.394540786743164, ""val_me"": 5.006042876248369, ""val_me12"": 5.117606622933989, ""mape_2021"": 36.847312927246094, ""mae_2021"": 7.024685382843018, ""mae12_2021"": 4.832868576049805, ""me_2021"": 5.732925137113249, ""me12_2021"": 3.7986657486840034, ""epochs_trained"": 943}",2026-07-04T07:29:29.939370,completed,85.4
10,MAPE,120,0,relu,1,256,0.3,29.295976638793945,5.938314437866211,5.7617950439453125,4.545886494454032,5.439744984490527,29.295976638793945,6.551248550415039,4.934248924255371,5.173100910670021,3.854172770881603,35.55659103393555,"{""loss"": 30.780839920043945, ""mape"": 30.780839920043945, ""mae"": 6.281722545623779, ""val_loss"": 29.295976638793945, ""val_mape"": 29.295976638793945, ""val_mae"": 5.938314437866211, ""lr"": 9.999999747378752e-06, ""val_mae12"": 5.7617950439453125, ""val_me"": 4.545886494454032, ""val_me12"": 5.439744984490527, ""mape_2021"": 35.55659103393555, ""mae_2021"": 6.551248550415039, ""mae12_2021"": 4.934248924255371, ""me_2021"": 5.173100910670021, ""me12_2021"": 3.854172770881603, ""epochs_trained"": 1038}",2026-07-04T07:29:34.348154,completed,89.8
10,MAPE,120,0,relu,2,32,0.3,46.5925407409668,9.827225685119629,8.216529846191406,6.842746212732125,8.025802225136161,46.5925407409668,10.021015167236328,11.68752384185791,7.933797595290418,11.47340442541965,58.03730773925781,"{""loss"": 52.226890563964844, ""mape"": 52.226890563964844, ""mae"": 11.233920097351074, ""val_loss"": 46.5925407409668, ""val_mape"": 46.5925407409668, ""val_mae"": 9.827225685119629, ""lr"": 0.00010000000474974513, ""val_mae12"": 8.216529846191406, ""val_me"": 6.842746212732125, ""val_me12"": 8.025802225136161, ""mape_2021"": 58.03730773925781, ""mae_2021"": 10.021015167236328, ""mae12_2021"": 11.68752384185791, ""me_2021"": 7.933797595290418, ""me12_2021"": 11.47340442541965, ""epochs_trained"": 83}",2026-07-04T07:29:50.855486,completed,15.7
10,MAPE,120,0,relu,2,32,0.0,47.84172439575195,9.467411994934082,10.692489624023438,6.992608292638333,10.646821537275418,47.84172439575195,10.19161319732666,14.907634735107422,7.913425096852511,14.966669602784354,62.67501449584961,"{""loss"": 47.5572509765625, ""mape"": 47.5572509765625, ""mae"": 9.492544174194336, ""val_loss"": 47.84172439575195, ""val_mape"": 47.84172439575195, ""val_mae"": 9.467411994934082, ""lr"": 0.00010000000474974513, ""val_mae12"": 10.692489624023438, ""val_me"": 6.992608292638333, ""val_me12"": 10.646821537275418, ""mape_2021"": 62.67501449584961, ""mae_2021"": 10.19161319732666, ""mae12_2021"": 14.907634735107422, ""me_2021"": 7.913425096852511, ""me12_2021"": 14.966669602784354, ""epochs_trained"": 92}",2026-07-04T07:29:50.931005,completed,15.8
10,MAPE,120,0,relu,2,32,0.05,43.998382568359375,9.06077766418457,8.358832359313965,6.521001185941184,7.41399824675974,43.998382568359375,9.814667701721191,11.321784973144531,7.521545653072724,10.09454163603601,54.12577819824219,"{""loss"": 44.651424407958984, ""mape"": 44.651424407958984, ""mae"": 9.348894119262695, ""val_loss"": 43.998382568359375, ""val_mape"": 43.998382568359375, ""val_mae"": 9.06077766418457, ""lr"": 0.00010000000474974513, ""val_mae12"": 8.358832359313965, ""val_me"": 6.521001185941184, ""val_me12"": 7.41399824675974, ""mape_2021"": 54.12577819824219, ""mae_2021"": 9.814667701721191, ""mae12_2021"": 11.321784973144531, ""me_2021"": 7.521545653072724, ""me12_2021"": 10.09454163603601, ""epochs_trained"": 101}",2026-07-04T07:29:51.335144,completed,16.2
10,MAPE,120,0,relu,2,32,0.1,45.114990234375,9.31076717376709,8.484450340270996,6.616688474279002,7.897949826755269,45.114990234375,9.895777702331543,11.596597671508789,7.665052790948003,11.049967424994875,56.04347610473633,"{""loss"": 47.323699951171875, ""mape"": 47.323699951171875, ""mae"": 9.975098609924316, ""val_loss"": 45.114990234375, ""val_mape"": 45.114990234375, ""val_mae"": 9.31076717376709, ""lr"": 0.00010000000474974513, ""val_mae12"": 8.484450340270996, ""val_me"": 6.616688474279002, ""val_me12"": 7.897949826755269, ""mape_2021"": 56.04347610473633, ""mae_2021"": 9.895777702331543, ""mae12_2021"": 11.596597671508789, ""me_2021"": 7.665052790948003, ""me12_2021"": 11.049967424994875, ""epochs_trained"": 99}",2026-07-04T07:29:51.363187,completed,16.2
10,MAPE,120,0,relu,2,64,0.05,17.46585464477539,3.3824026584625244,4.019791603088379,1.13202516237155,2.959024733810755,17.46585464477539,3.6506738662719727,3.245840311050415,1.769186475423302,0.6132362824165761,19.836402893066406,"{""loss"": 17.30819320678711, ""mape"": 17.30819320678711, ""mae"": 3.484025001525879, ""val_loss"": 17.46585464477539, ""val_mape"": 17.46585464477539, ""val_mae"": 3.3824026584625244, ""lr"": 0.00010000000474974513, ""val_mae12"": 4.019791603088379, ""val_me"": 1.13202516237155, ""val_me12"": 2.959024733810755, ""mape_2021"": 19.836402893066406, ""mae_2021"": 3.6506738662719727, ""mae12_2021"": 3.245840311050415, ""me_2021"": 1.769186475423302, ""me12_2021"": 0.6132362824165761, ""epochs_trained"": 183}",2026-07-04T07:30:34.751849,completed,43.8
10,MAPE,120,0,relu,2,64,0.3,4.827092170715332,0.904456377029419,1.583645224571228,0.3101523966214976,0.42437691427869323,4.827092170715332,1.0085272789001465,1.3362571001052856,0.6487297136689869,-0.8744476970328727,5.72330904006958,"{""loss"": 12.576449394226074, ""mape"": 12.576449394226074, ""mae"": 2.8505568504333496, ""val_loss"": 4.827092170715332, ""val_mape"": 4.827092170715332, ""val_mae"": 0.904456377029419, ""lr"": 0.00010000000474974513, ""val_mae12"": 1.583645224571228, ""val_me"": 0.3101523966214976, ""val_me12"": 0.42437691427869323, ""mape_2021"": 5.72330904006958, ""mae_2021"": 1.0085272789001465, ""mae12_2021"": 1.3362571001052856, ""me_2021"": 0.6487297136689869, ""me12_2021"": -0.8744476970328727, ""epochs_trained"": 557}",2026-07-04T07:31:33.538526,completed,102.2
10,MAPE,120,0,relu,2,64,0.0,4.486739635467529,0.8319397568702698,1.2021490335464478,0.032006406511013434,0.3880102562795047,4.486739635467529,0.8958245515823364,1.3831077814102173,0.24852789027591463,-1.0147896629974196,5.5795512199401855,"{""loss"": 2.9377846717834473, ""mape"": 2.9377846717834473, ""mae"": 0.6118785738945007, ""val_loss"": 4.486739635467529, ""val_mape"": 4.486739635467529, ""val_mae"": 0.8319397568702698, ""lr"": 0.00010000000474974513, ""val_mae12"": 1.2021490335464478, ""val_me"": 0.032006406511013434, ""val_me12"": 0.3880102562795047, ""mape_2021"": 5.5795512199401855, ""mae_2021"": 0.8958245515823364, ""mae12_2021"": 1.3831077814102173, ""me_2021"": 0.24852789027591463, ""me12_2021"": -1.0147896629974196, ""epochs_trained"": 888}",2026-07-04T07:31:57.614756,completed,126.8
10,MAPE,120,0,relu,2,64,0.1,5.574704647064209,1.0266557931900024,1.930578351020813,0.10655980460304781,0.29299588105504953,5.574704647064209,1.0423551797866821,1.585310935974121,0.45546744628746766,-1.1935397018342608,5.976668357849121,"{""loss"": 8.448356628417969, ""mape"": 8.448356628417969, ""mae"": 1.8271924257278442, ""val_loss"": 5.574704647064209, ""val_mape"": 5.574704647064209, ""val_mae"": 1.0266557931900024, ""lr"": 0.00010000000474974513, ""val_mae12"": 1.930578351020813, ""val_me"": 0.10655980460304781, ""val_me12"": 0.29299588105504953, ""mape_2021"": 5.976668357849121, ""mae_2021"": 1.0423551797866821, ""mae12_2021"": 1.585310935974121, ""me_2021"": 0.45546744628746766, ""me12_2021"": -1.1935397018342608, ""epochs_trained"": 492}",2026-07-04T07:32:18.476894,completed,147.1
10,MAPE,120,0,relu,2,128,0.05,17.06614112854004,3.33414888381958,4.312074184417725,0.5368914588063511,3.1087005685185947,17.06614112854004,3.462348222732544,2.7580630779266357,1.2965037276422995,-0.1582375410090945,17.668174743652344,"{""loss"": 15.72780704498291, ""mape"": 15.72780704498291, ""mae"": 3.2222728729248047, ""val_loss"": 17.06614112854004, ""val_mape"": 17.06614112854004, ""val_mae"": 3.33414888381958, ""lr"": 0.00010000000474974513, ""val_mae12"": 4.312074184417725, ""val_me"": 0.5368914588063511, ""val_me12"": 3.1087005685185947, ""mape_2021"": 17.668174743652344, ""mae_2021"": 3.462348222732544, ""mae12_2021"": 2.7580630779266357, ""me_2021"": 1.2965037276422995, ""me12_2021"": -0.1582375410090945, ""epochs_trained"": 159}",2026-07-04T07:33:04.626037,completed,44.4
10,MAPE,120,0,relu,2,128,0.0,17.131689071655273,3.3423726558685303,3.968670606613159,1.0356365275342234,1.1948248540147308,17.131689071655273,3.423140525817871,3.0520753860473633,1.7197979078260752,-2.1703566155681404,17.951416015625,"{""loss"": 14.387909889221191, ""mape"": 14.387909889221191, ""mae"": 2.928715229034424, ""val_loss"": 17.131689071655273, ""val_mape"": 17.131689071655273, ""val_mae"": 3.3423726558685303, ""lr"": 0.00010000000474974513, ""val_mae12"": 3.968670606613159, ""val_me"": 1.0356365275342234, ""val_me12"": 1.1948248540147308, ""mape_2021"": 17.951416015625, ""mae_2021"": 3.423140525817871, ""mae12_2021"": 3.0520753860473633, ""me_2021"": 1.7197979078260752, ""me12_2021"": -2.1703566155681404, ""epochs_trained"": 171}",2026-07-04T07:33:05.755319,completed,45.6
10,MAPE,120,0,relu,2,128,0.3,4.953292369842529,0.8898260593414307,1.5437431335449219,-0.020781396387992156,0.4798270868332041,4.953292369842529,0.9759262800216675,1.895702838897705,0.3801426929922899,-1.3464005238523586,6.0856404304504395,"{""loss"": 9.915307998657227, ""mape"": 9.915307998657227, ""mae"": 2.2141895294189453, ""val_loss"": 4.953292369842529, ""val_mape"": 4.953292369842529, ""val_mae"": 0.8898260593414307, ""lr"": 0.00010000000474974513, ""val_mae12"": 1.5437431335449219, ""val_me"": -0.020781396387992156, ""val_me12"": 0.4798270868332041, ""mape_2021"": 6.0856404304504395, ""mae_2021"": 0.9759262800216675, ""mae12_2021"": 1.895702838897705, ""me_2021"": 0.3801426929922899, ""me12_2021"": -1.3464005238523586, ""epochs_trained"": 441}",2026-07-04T07:33:44.450157,completed,84.2
10,MAPE,120,0,relu,2,128,0.1,4.687137126922607,0.8321500420570374,1.5544462203979492,0.005308696257722041,0.6118600866465573,4.687137126922607,0.8186244964599609,1.5506542921066284,0.3406620795090545,-1.2022180345297915,4.987826347351074,"{""loss"": 6.442780017852783, ""mape"": 6.442780017852783, ""mae"": 1.3995546102523804, ""val_loss"": 4.687137126922607, ""val_mape"": 4.687137126922607, ""val_mae"": 0.8321500420570374, ""lr"": 1.0000000656873453e-05, ""val_mae12"": 1.5544462203979492, ""val_me"": 0.005308696257722041, ""val_me12"": 0.6118600866465573, ""mape_2021"": 4.987826347351074, ""mae_2021"": 0.8186244964599609, ""mae12_2021"": 1.5506542921066284, ""me_2021"": 0.3406620795090545, ""me12_2021"": -1.2022180345297915, ""epochs_trained"": 512}",2026-07-04T07:33:54.215748,completed,94.0
10,MAPE,120,0,relu,2,256,0.1,16.918262481689453,3.279756546020508,4.319921016693115,1.0058208320115574,1.7428320729257027,16.918262481689453,3.489393472671509,2.993832588195801,1.6691856295064924,-1.415240834571499,18.16898536682129,"{""loss"": 15.953657150268555, ""mape"": 15.953657150268555, ""mae"": 3.1876814365386963, ""val_loss"": 16.918262481689453, ""val_mape"": 16.918262481689453, ""val_mae"": 3.279756546020508, ""lr"": 0.00010000000474974513, ""val_mae12"": 4.319921016693115, ""val_me"": 1.0058208320115574, ""val_me12"": 1.7428320729257027, ""mape_2021"": 18.16898536682129, ""mae_2021"": 3.489393472671509, ""mae12_2021"": 2.993832588195801, ""me_2021"": 1.6691856295064924, ""me12_2021"": -1.415240834571499, ""epochs_trained"": 105}",2026-07-04T07:34:16.915719,completed,32.4
10,MAPE,120,0,relu,2,256,0.0,4.142556190490723,0.7692415714263916,1.2022595405578613,0.019449282537393708,0.13359661004369694,4.142556190490723,0.8129849433898926,1.1140227317810059,0.22443310459583785,-0.6760280161104772,4.75413703918457,"{""loss"": 2.66461181640625, ""mape"": 2.66461181640625, ""mae"": 0.5632867217063904, ""val_loss"": 4.142556190490723, ""val_mape"": 4.142556190490723, ""val_mae"": 0.7692415714263916, ""lr"": 1.0000000656873453e-05, ""val_mae12"": 1.2022595405578613, ""val_me"": 0.019449282537393708, ""val_me12"": 0.13359661004369694, ""mape_2021"": 4.75413703918457, ""mae_2021"": 0.8129849433898926, ""mae12_2021"": 1.1140227317810059, ""me_2021"": 0.22443310459583785, ""me12_2021"": -0.6760280161104772, ""epochs_trained"": 506}",2026-07-04T07:34:29.687293,completed,85.1
10,MAPE,120,0,relu,2,256,0.05,3.963313579559326,0.6987797617912292,1.2198725938796997,-0.05799047080994826,0.27931916689023756,3.963313579559326,0.7867007255554199,1.6352155208587646,0.2434652185104424,-1.3312833957486634,5.100247383117676,"{""loss"": 4.309655666351318, ""mape"": 4.309655666351318, ""mae"": 0.9049245715141296, ""val_loss"": 3.963313579559326, ""val_mape"": 3.963313579559326, ""val_mae"": 0.6987797617912292, ""lr"": 0.00010000000474974513, ""val_mae12"": 1.2198725938796997, ""val_me"": -0.05799047080994826, ""val_me12"": 0.27931916689023756, ""mape_2021"": 5.100247383117676, ""mae_2021"": 0.7867007255554199, ""mae12_2021"": 1.6352155208587646, ""me_2021"": 0.2434652185104424, ""me12_2021"": -1.3312833957486634, ""epochs_trained"": 476}",2026-07-04T07:34:31.091873,completed,85.3
10,MAPE,120,0,relu,2,256,0.3,4.524744510650635,0.7994586825370789,1.3364510536193848,0.034198055574286755,0.2013293014016709,4.524744510650635,0.8594052791595459,1.8753790855407715,0.3836699017134731,-1.5894612797062104,5.633546829223633,"{""loss"": 7.565182209014893, ""mape"": 7.565182209014893, ""mae"": 1.6790862083435059, ""val_loss"": 4.524744510650635, ""val_mape"": 4.524744510650635, ""val_mae"": 0.7994586825370789, ""lr"": 0.00010000000474974513, ""val_mae12"": 1.3364510536193848, ""val_me"": 0.034198055574286755, ""val_me12"": 0.2013293014016709, ""mape_2021"": 5.633546829223633, ""mae_2021"": 0.8594052791595459, ""mae12_2021"": 1.8753790855407715, ""me_2021"": 0.3836699017134731, ""me12_2021"": -1.5894612797062104, ""epochs_trained"": 429}",2026-07-04T07:34:49.177276,completed,55.0
10,MAPE,120,0,relu,3,16,0.3,49.65254211425781,10.931174278259277,6.889289379119873,8.291883367515393,6.59376430446098,49.65254211425781,10.636887550354004,10.472967147827148,9.289030742673688,10.185755825962792,60.56730651855469,"{""loss"": 62.859004974365234, ""mape"": 62.859004974365234, ""mae"": 14.000860214233398, ""val_loss"": 49.65254211425781, ""val_mape"": 49.65254211425781, ""val_mae"": 10.931174278259277, ""lr"": 0.00010000000474974513, ""val_mae12"": 6.889289379119873, ""val_me"": 8.291883367515393, ""val_me12"": 6.59376430446098, ""mape_2021"": 60.56730651855469, ""mae_2021"": 10.636887550354004, ""mae12_2021"": 10.472967147827148, ""me_2021"": 9.289030742673688, ""me12_2021"": 10.185755825962792, ""epochs_trained"": 85}",2026-07-04T07:35:31.683699,completed,41.7
10,MAPE,120,0,relu,3,16,0.1,46.66019821166992,9.758538246154785,7.165452480316162,7.175889209950055,6.814979380061248,46.66019821166992,10.125202178955078,10.751133918762207,8.271050093420813,10.30581194850422,57.740577697753906,"{""loss"": 52.29921340942383, ""mape"": 52.29921340942383, ""mae"": 11.125618934631348, ""val_loss"": 46.66019821166992, ""val_mape"": 46.66019821166992, ""val_mae"": 9.758538246154785, ""lr"": 0.00010000000474974513, ""val_mae12"": 7.165452480316162, ""val_me"": 7.175889209950055, ""val_me12"": 6.814979380061248, ""mape_2021"": 57.740577697753906, ""mae_2021"": 10.125202178955078, ""mae12_2021"": 10.751133918762207, ""me_2021"": 8.271050093420813, ""me12_2021"": 10.30581194850422, ""epochs_trained"": 96}",2026-07-04T07:35:32.170514,completed,42.2
10,MAPE,120,0,relu,3,16,0.05,45.97962188720703,9.5875825881958,8.313128471374512,6.643652281686254,8.026350223323647,45.97962188720703,9.828592300415039,11.564279556274414,7.65337035757045,11.261835763005806,55.91704559326172,"{""loss"": 48.54117965698242, ""mape"": 48.54117965698242, ""mae"": 10.286664009094238, ""val_loss"": 45.97962188720703, ""val_mape"": 45.97962188720703, ""val_mae"": 9.5875825881958, ""lr"": 0.00010000000474974513, ""val_mae12"": 8.313128471374512, ""val_me"": 6.643652281686254, ""val_me12"": 8.026350223323647, ""mape_2021"": 55.91704559326172, ""mae_2021"": 9.828592300415039, ""mae12_2021"": 11.564279556274414, ""me_2021"": 7.65337035757045, ""me12_2021"": 11.261835763005806, ""epochs_trained"": 118}",2026-07-04T07:35:34.975094,completed,45.0
10,MAPE,120,0,relu,3,32,0.05,5.681088447570801,1.1143848896026611,1.6509883403778076,0.32339689049029796,0.27240509726209167,5.681088447570801,1.0663621425628662,1.4332720041275024,0.6635434198827019,-0.9172518725378043,5.964689254760742,"{""loss"": 8.597611427307129, ""mape"": 8.597611427307129, ""mae"": 1.9225549697875977, ""val_loss"": 5.681088447570801, ""val_mape"": 5.681088447570801, ""val_mae"": 1.1143848896026611, ""lr"": 0.00010000000474974513, ""val_mae12"": 1.6509883403778076, ""val_me"": 0.32339689049029796, ""val_me12"": 0.27240509726209167, ""mape_2021"": 5.964689254760742, ""mae_2021"": 1.0663621425628662, ""mae12_2021"": 1.4332720041275024, ""me_2021"": 0.6635434198827019, ""me12_2021"": -0.9172518725378043, ""epochs_trained"": 472}",2026-07-04T07:37:14.687472,completed,102.5
10,MAPE,120,0,relu,3,32,0.3,50.58845520019531,11.210456848144531,5.010932922363281,7.832170872856057,4.387998286527632,50.58845520019531,10.453110694885254,8.31161880493164,9.054551601714161,7.4935630385892855,57.29154586791992,"{""loss"": 51.562705993652344, ""mape"": 51.562705993652344, ""mae"": 11.136597633361816, ""val_loss"": 50.58845520019531, ""val_mape"": 50.58845520019531, ""val_mae"": 11.210456848144531, ""lr"": 0.00010000000474974513, ""val_mae12"": 5.010932922363281, ""val_me"": 7.832170872856057, ""val_me12"": 4.387998286527632, ""mape_2021"": 57.29154586791992, ""mae_2021"": 10.453110694885254, ""mae12_2021"": 8.31161880493164, ""me_2021"": 9.054551601714161, ""me12_2021"": 7.4935630385892855, ""epochs_trained"": 63}",2026-07-04T07:37:23.114778,completed,8.4
10,MAPE,120,0,relu,3,32,0.0,4.287182807922363,0.8063755035400391,1.2188562154769897,-0.00906681351086403,0.10911282597675794,4.287182807922363,0.8862500786781311,1.594681739807129,0.2658220816250316,-1.366509481627296,5.600568771362305,"{""loss"": 3.3881707191467285, ""mape"": 3.3881707191467285, ""mae"": 0.6934666633605957, ""val_loss"": 4.287182807922363, ""val_mape"": 4.287182807922363, ""val_mae"": 0.8063755035400391, ""lr"": 0.00010000000474974513, ""val_mae12"": 1.2188562154769897, ""val_me"": -0.00906681351086403, ""val_me12"": 0.10911282597675794, ""mape_2021"": 5.600568771362305, ""mae_2021"": 0.8862500786781311, ""mae12_2021"": 1.594681739807129, ""me_2021"": 0.2658220816250316, ""me12_2021"": -1.366509481627296, ""epochs_trained"": 698}",2026-07-04T07:37:25.424630,completed,113.7
10,MAPE,120,0,relu,3,16,0.0,4.129787445068359,0.8128937482833862,1.0489351749420166,-0.0015373697704620089,0.07676035649667955,4.129787445068359,0.8116419911384583,1.0580551624298096,0.2353345072493188,-0.839041499922061,4.657154083251953,"{""loss"": 3.538619041442871, ""mape"": 3.538619041442871, ""mae"": 0.713424801826477, ""val_loss"": 4.129787445068359, ""val_mape"": 4.129787445068359, ""val_mae"": 0.8128937482833862, ""lr"": 1.0000000656873453e-05, ""val_mae12"": 1.0489351749420166, ""val_me"": -0.0015373697704620089, ""val_me12"": 0.07676035649667955, ""mape_2021"": 4.657154083251953, ""mae_2021"": 0.8116419911384583, ""mae12_2021"": 1.0580551624298096, ""me_2021"": 0.2353345072493188, ""me12_2021"": -0.839041499922061, ""epochs_trained"": 933}",2026-07-04T07:37:26.335893,completed,156.4
10,MAPE,120,0,relu,3,32,0.1,16.258634567260742,3.229766368865967,4.111332893371582,1.1306042849888238,2.5615471672251497,16.258634567260742,3.3896284103393555,2.5564663410186768,1.7157851231395098,0.7018778006606129,18.52467155456543,"{""loss"": 19.281431198120117, ""mape"": 19.281431198120117, ""mae"": 4.160943031311035, ""val_loss"": 16.258634567260742, ""val_mape"": 16.258634567260742, ""val_mae"": 3.229766368865967, ""lr"": 1.0000000656873453e-05, ""val_mae12"": 4.111332893371582, ""val_me"": 1.1306042849888238, ""val_me12"": 2.5615471672251497, ""mape_2021"": 18.52467155456543, ""mae_2021"": 3.3896284103393555, ""mae12_2021"": 2.5564663410186768, ""me_2021"": 1.7157851231395098, ""me12_2021"": 0.7018778006606129, ""epochs_trained"": 1098}",2026-07-04T07:37:43.196330,completed,128.2
10,MAPE,120,0,relu,3,64,0.0,45.634910583496094,8.926623344421387,8.218815803527832,7.132886450484732,8.0919098033812,45.634910583496094,10.196259498596191,11.930667877197266,8.232452702719574,11.859582039199003,60.03668975830078,"{""loss"": 45.52119445800781, ""mape"": 45.52119445800781, ""mae"": 9.114014625549316, ""val_loss"": 45.634910583496094, ""val_mape"": 45.634910583496094, ""val_mae"": 8.926623344421387, ""lr"": 0.00010000000474974513, ""val_mae12"": 8.218815803527832, ""val_me"": 7.132886450484732, ""val_me12"": 8.0919098033812, ""mape_2021"": 60.03668975830078, ""mae_2021"": 10.196259498596191, ""mae12_2021"": 11.930667877197266, ""me_2021"": 8.232452702719574, ""me12_2021"": 11.859582039199003, ""epochs_trained"": 62}",2026-07-04T07:38:00.584342,completed,16.6
10,MAPE,120,0,relu,3,64,0.3,41.8368034362793,8.886785507202148,5.576889514923096,7.610783108477603,4.9621433179912025,41.8368034362793,9.69122314453125,8.371146202087402,8.455026335376532,7.238549516414662,52.42436218261719,"{""loss"": 46.62861633300781, ""mape"": 46.62861633300781, ""mae"": 9.93299388885498, ""val_loss"": 41.8368034362793, ""val_mape"": 41.8368034362793, ""val_mae"": 8.886785507202148, ""lr"": 1.0000000656873453e-05, ""val_mae12"": 5.576889514923096, ""val_me"": 7.610783108477603, ""val_me12"": 4.9621433179912025, ""mape_2021"": 52.42436218261719, ""mae_2021"": 9.69122314453125, ""mae12_2021"": 8.371146202087402, ""me_2021"": 8.455026335376532, ""me12_2021"": 7.238549516414662, ""epochs_trained"": 97}",2026-07-04T07:38:02.862468,completed,18.9
10,MAPE,120,0,relu,3,64,0.1,9.045044898986816,1.7288613319396973,2.5604960918426514,0.308629866035223,1.3882853758591975,9.045044898986816,1.6254953145980835,1.563025712966919,0.7438695469401879,-0.6548152599251331,8.50654411315918,"{""loss"": 10.613258361816406, ""mape"": 10.613258361816406, ""mae"": 2.314823865890503, ""val_loss"": 9.045044898986816, ""val_mape"": 9.045044898986816, ""val_mae"": 1.7288613319396973, ""lr"": 1.0000000656873453e-05, ""val_mae12"": 2.5604960918426514, ""val_me"": 0.308629866035223, ""val_me12"": 1.3882853758591975, ""mape_2021"": 8.50654411315918, ""mae_2021"": 1.6254953145980835, ""mae12_2021"": 1.563025712966919, ""me_2021"": 0.7438695469401879, ""me12_2021"": -0.6548152599251331, ""epochs_trained"": 264}",2026-07-04T07:38:17.591055,completed,33.6
10,MAPE,120,0,relu,3,64,0.05,4.794126510620117,0.9016437530517578,1.256730079650879,0.25985912470135447,0.5733765906413395,4.794126510620117,0.9261896014213562,1.2095686197280884,0.4622655528228626,-0.33619468136677644,5.517135143280029,"{""loss"": 6.3268656730651855, ""mape"": 6.3268656730651855, ""mae"": 1.3722120523452759, ""val_loss"": 4.794126510620117, ""val_mape"": 4.794126510620117, ""val_mae"": 0.9016437530517578, ""lr"": 0.00010000000474974513, ""val_mae12"": 1.256730079650879, ""val_me"": 0.25985912470135447, ""val_me12"": 0.5733765906413395, ""mape_2021"": 5.517135143280029, ""mae_2021"": 0.9261896014213562, ""mae12_2021"": 1.2095686197280884, ""me_2021"": 0.4622655528228626, ""me12_2021"": -0.33619468136677644, ""epochs_trained"": 383}",2026-07-04T07:38:29.749416,completed,45.8
10,MAPE,120,0,relu,3,128,0.05,4.774930953979492,0.9062354564666748,1.437192678451538,0.06327022316652571,0.9213510391220433,4.774930953979492,0.8415940403938293,1.2812345027923584,0.31288102152186786,-0.5225452554628204,4.8343024253845215,"{""loss"": 5.055825710296631, ""mape"": 5.055825710296631, ""mae"": 1.084856629371643, ""val_loss"": 4.774930953979492, ""val_mape"": 4.774930953979492, ""val_mae"": 0.9062354564666748, ""lr"": 0.00010000000474974513, ""val_mae12"": 1.437192678451538, ""val_me"": 0.06327022316652571, ""val_me12"": 0.9213510391220433, ""mape_2021"": 4.8343024253845215, ""mae_2021"": 0.8415940403938293, ""mae12_2021"": 1.2812345027923584, ""me_2021"": 0.31288102152186786, ""me12_2021"": -0.5225452554628204, ""epochs_trained"": 350}",2026-07-04T07:38:47.090955,completed,44.2
10,MAPE,120,0,relu,3,128,0.0,4.523863792419434,0.8049238920211792,1.308088779449463,-0.11230593737861079,0.6242652282752001,4.523863792419434,0.8629617691040039,1.0722259283065796,0.10316254996110646,-0.25455902325493934,5.150361061096191,"{""loss"": 2.753133773803711, ""mape"": 2.753133773803711, ""mae"": 0.5730204582214355, ""val_loss"": 4.523863792419434, ""val_mape"": 4.523863792419434, ""val_mae"": 0.8049238920211792, ""lr"": 0.00010000000474974513, ""val_mae12"": 1.308088779449463, ""val_me"": -0.11230593737861079, ""val_me12"": 0.6242652282752001, ""mape_2021"": 5.150361061096191, ""mae_2021"": 0.8629617691040039, ""mae12_2021"": 1.0722259283065796, ""me_2021"": 0.10316254996110646, ""me12_2021"": -0.25455902325493934, ""epochs_trained"": 490}",2026-07-04T07:38:53.365216,completed,52.8
10,MAPE,120,0,relu,3,128,0.1,5.381006240844727,1.0476655960083008,1.5688303709030151,0.17088000643033877,0.6178529467571038,5.381006240844727,1.0040878057479858,1.479659914970398,0.41375246805672367,-0.8063471596179688,5.550268173217773,"{""loss"": 6.965428829193115, ""mape"": 6.965428829193115, ""mae"": 1.5180251598358154, ""val_loss"": 5.381006240844727, ""val_mape"": 5.381006240844727, ""val_mae"": 1.0476655960083008, ""lr"": 0.00010000000474974513, ""val_mae12"": 1.5688303709030151, ""val_me"": 0.17088000643033877, ""val_me12"": 0.6178529467571038, ""mape_2021"": 5.550268173217773, ""mae_2021"": 1.0040878057479858, ""mae12_2021"": 1.479659914970398, ""me_2021"": 0.41375246805672367, ""me12_2021"": -0.8063471596179688, ""epochs_trained"": 272}",2026-07-04T07:38:53.667189,completed,36.0
10,MAPE,120,0,relu,3,128,0.3,7.5547285079956055,1.7448244094848633,1.430230736732483,1.0735771793213589,-0.5189211489018593,7.5547285079956055,1.5384732484817505,2.0255205631256104,1.3834074032941341,-1.6934180919400472,8.239737510681152,"{""loss"": 10.9208402633667, ""mape"": 10.9208402633667, ""mae"": 2.4438347816467285, ""val_loss"": 7.5547285079956055, ""val_mape"": 7.5547285079956055, ""val_mae"": 1.7448244094848633, ""lr"": 0.00010000000474974513, ""val_mae12"": 1.430230736732483, ""val_me"": 1.0735771793213589, ""val_me12"": -0.5189211489018593, ""mape_2021"": 8.239737510681152, ""mae_2021"": 1.5384732484817505, ""mae12_2021"": 2.0255205631256104, ""me_2021"": 1.3834074032941341, ""me12_2021"": -1.6934180919400472, ""epochs_trained"": 240}",2026-07-04T07:38:59.045085,completed,29.3
10,MAPE,120,0,relu,3,256,0.3,8.2904052734375,1.813965916633606,2.0520548820495605,0.6602793272749378,0.3180879132304718,8.2904052734375,1.571168303489685,2.1754255294799805,1.0613981405662227,-1.6326609419633344,8.550968170166016,"{""loss"": 9.942909240722656, ""mape"": 9.942909240722656, ""mae"": 2.1668426990509033, ""val_loss"": 8.2904052734375, ""val_mape"": 8.2904052734375, ""val_mae"": 1.813965916633606, ""lr"": 0.00010000000474974513, ""val_mae12"": 2.0520548820495605, ""val_me"": 0.6602793272749378, ""val_me12"": 0.3180879132304718, ""mape_2021"": 8.550968170166016, ""mae_2021"": 1.571168303489685, ""mae12_2021"": 2.1754255294799805, ""me_2021"": 1.0613981405662227, ""me12_2021"": -1.6326609419633344, ""epochs_trained"": 174}",2026-07-04T07:40:06.570496,completed,66.7
10,MAPE,120,0,relu,3,256,0.0,6.227177143096924,1.1098406314849854,2.0164635181427,-0.20246730663947146,1.2977910157328714,6.227177143096924,1.0542649030685425,1.5160495042800903,0.0315894740518066,-0.14771641047624037,6.309910774230957,"{""loss"": 3.5352256298065186, ""mape"": 3.5352256298065186, ""mae"": 0.7538358569145203, ""val_loss"": 6.227177143096924, ""val_mape"": 6.227177143096924, ""val_mae"": 1.1098406314849854, ""lr"": 1.0000000656873453e-05, ""val_mae12"": 2.0164635181427, ""val_me"": -0.20246730663947146, ""val_me12"": 1.2977910157328714, ""mape_2021"": 6.309910774230957, ""mae_2021"": 1.0542649030685425, ""mae12_2021"": 1.5160495042800903, ""me_2021"": 0.0315894740518066, ""me12_2021"": -0.14771641047624037, ""epochs_trained"": 271}",2026-07-04T07:40:17.763341,completed,77.9
10,MAPE,120,0,relu,3,256,0.1,4.958707809448242,0.9925176501274109,1.191514492034912,0.11148331456786241,0.5489493231696614,4.958707809448242,0.8722199201583862,1.3784379959106445,0.3597690960128443,-0.510985256915231,5.236159324645996,"{""loss"": 5.545353889465332, ""mape"": 5.545353889465332, ""mae"": 1.1893547773361206, ""val_loss"": 4.958707809448242, ""val_mape"": 4.958707809448242, ""val_mae"": 0.9925176501274109, ""lr"": 0.00010000000474974513, ""val_mae12"": 1.191514492034912, ""val_me"": 0.11148331456786241, ""val_me12"": 0.5489493231696614, ""mape_2021"": 5.236159324645996, ""mae_2021"": 0.8722199201583862, ""mae12_2021"": 1.3784379959106445, ""me_2021"": 0.3597690960128443, ""me12_2021"": -0.510985256915231, ""epochs_trained"": 253}",2026-07-04T07:40:18.314719,completed,78.5
10,MAPE,120,0,relu,3,256,0.05,4.9114155769348145,0.9176924228668213,1.4763761758804321,0.08057027932696291,0.6256342171781026,4.9114155769348145,0.8898571133613586,1.3733781576156616,0.3330357078342951,-0.45445735119718705,5.46021842956543,"{""loss"": 4.427619457244873, ""mape"": 4.427619457244873, ""mae"": 0.9478670954704285, ""val_loss"": 4.9114155769348145, ""val_mape"": 4.9114155769348145, ""val_mae"": 0.9176924228668213, ""lr"": 0.00010000000474974513, ""val_mae12"": 1.4763761758804321, ""val_me"": 0.08057027932696291, ""val_me12"": 0.6256342171781026, ""mape_2021"": 5.46021842956543, ""mae_2021"": 0.8898571133613586, ""mae12_2021"": 1.3733781576156616, ""me_2021"": 0.3330357078342951, ""me12_2021"": -0.45445735119718705, ""epochs_trained"": 290}",2026-07-04T07:40:20.957290,completed,81.1
10,MAPE,120,0,leaky_relu,1,16,0.05,48.61346435546875,9.819530487060547,6.051665306091309,8.798293085678406,5.797534534301828,48.61346435546875,11.008346557617188,9.754088401794434,9.827913196527144,9.431783515251956,62.184837341308594,"{""loss"": 51.010929107666016, ""mape"": 51.010929107666016, ""mae"": 10.318470001220703, ""val_loss"": 48.61346435546875, ""val_mape"": 48.61346435546875, ""val_mae"": 9.819530487060547, ""lr"": 0.00010000000474974513, ""val_mae12"": 6.051665306091309, ""val_me"": 8.798293085678406, ""val_me12"": 5.797534534301828, ""mape_2021"": 62.184837341308594, ""mae_2021"": 11.008346557617188, ""mae12_2021"": 9.754088401794434, ""me_2021"": 9.827913196527144, ""me12_2021"": 9.431783515251956, ""epochs_trained"": 112}",2026-07-04T07:40:29.423733,completed,11.7
10,MAPE,120,0,leaky_relu,1,16,0.1,50.10544967651367,10.331592559814453,6.253767967224121,9.536647896484677,5.812452429550554,50.10544967651367,11.459274291992188,10.050238609313965,10.379873220058595,9.536025444924338,63.94734191894531,"{""loss"": 53.534881591796875, ""mape"": 53.534881591796875, ""mae"": 10.999129295349121, ""val_loss"": 50.10544967651367, ""val_mape"": 50.10544967651367, ""val_mae"": 10.331592559814453, ""lr"": 0.00010000000474974513, ""val_mae12"": 6.253767967224121, ""val_me"": 9.536647896484677, ""val_me12"": 5.812452429550554, ""mape_2021"": 63.94734191894531, ""mae_2021"": 11.459274291992188, ""mae12_2021"": 10.050238609313965, ""me_2021"": 10.379873220058595, ""me12_2021"": 9.536025444924338, ""epochs_trained"": 117}",2026-07-04T07:40:30.130735,completed,11.8
10,MAPE,120,0,leaky_relu,1,16,0.0,43.81759262084961,8.940104484558105,7.963332176208496,6.785935125372887,6.544733916489799,43.81759262084961,9.766602516174316,9.445423126220703,7.870284723206051,7.782380881942593,50.9833869934082,"{""loss"": 43.07063674926758, ""mape"": 43.07063674926758, ""mae"": 8.993616104125977, ""val_loss"": 43.81759262084961, ""val_mape"": 43.81759262084961, ""val_mae"": 8.940104484558105, ""lr"": 0.00010000000474974513, ""val_mae12"": 7.963332176208496, ""val_me"": 6.785935125372887, ""val_me12"": 6.544733916489799, ""mape_2021"": 50.9833869934082, ""mae_2021"": 9.766602516174316, ""mae12_2021"": 9.445423126220703, ""me_2021"": 7.870284723206051, ""me12_2021"": 7.782380881942593, ""epochs_trained"": 246}",2026-07-04T07:40:31.910431,completed,25.3
10,MAPE,120,0,leaky_relu,1,16,0.3,47.73208999633789,9.955629348754883,7.647527694702148,8.57353892623327,7.309372274701968,47.73208999633789,10.828878402709961,11.359100341796875,9.43400178400333,10.994502549076028,61.33204650878906,"{""loss"": 56.93988037109375, ""mape"": 56.93988037109375, ""mae"": 11.959451675415039, ""val_loss"": 47.73208999633789, ""val_mape"": 47.73208999633789, ""val_mae"": 9.955629348754883, ""lr"": 0.00010000000474974513, ""val_mae12"": 7.647527694702148, ""val_me"": 8.57353892623327, ""val_me12"": 7.309372274701968, ""mape_2021"": 61.33204650878906, ""mae_2021"": 10.828878402709961, ""mae12_2021"": 11.359100341796875, ""me_2021"": 9.43400178400333, ""me12_2021"": 10.994502549076028, ""epochs_trained"": 120}",2026-07-04T07:40:32.445432,completed,11.5
10,MAPE,120,0,leaky_relu,1,32,0.1,46.79439163208008,9.286650657653809,7.979578495025635,7.6240635298982395,7.712476116151588,46.79439163208008,10.430842399597168,11.65209674835205,8.65474658015602,11.386995821345241,60.133148193359375,"{""loss"": 49.71391677856445, ""mape"": 49.71391677856445, ""mae"": 10.14863109588623, ""val_loss"": 46.79439163208008, ""val_mape"": 46.79439163208008, ""val_mae"": 9.286650657653809, ""lr"": 0.00010000000474974513, ""val_mae12"": 7.979578495025635, ""val_me"": 7.6240635298982395, ""val_me12"": 7.712476116151588, ""mape_2021"": 60.133148193359375, ""mae_2021"": 10.430842399597168, ""mae12_2021"": 11.65209674835205, ""me_2021"": 8.65474658015602, ""me12_2021"": 11.386995821345241, ""epochs_trained"": 81}",2026-07-04T07:40:54.787134,completed,21.1
10,MAPE,120,0,leaky_relu,1,32,0.0,46.09752655029297,9.23011589050293,6.755374431610107,8.001604880600992,6.181936743476339,46.09752655029297,10.513480186462402,9.641881942749023,9.069277816979847,9.075493008156124,57.569671630859375,"{""loss"": 47.301509857177734, ""mape"": 47.301509857177734, ""mae"": 9.66310977935791, ""val_loss"": 46.09752655029297, ""val_mape"": 46.09752655029297, ""val_mae"": 9.23011589050293, ""lr"": 0.00010000000474974513, ""val_mae12"": 6.755374431610107, ""val_me"": 8.001604880600992, ""val_me12"": 6.181936743476339, ""mape_2021"": 57.569671630859375, ""mae_2021"": 10.513480186462402, ""mae12_2021"": 9.641881942749023, ""me_2021"": 9.069277816979847, ""me12_2021"": 9.075493008156124, ""epochs_trained"": 103}",2026-07-04T07:40:55.702157,completed,22.1
10,MAPE,120,0,leaky_relu,1,32,0.05,46.42721176147461,9.440439224243164,8.866734504699707,7.026323689622956,8.5183628632319,46.42721176147461,10.129560470581055,11.997679710388184,8.073029959702023,11.794112678185163,58.135658264160156,"{""loss"": 47.60052490234375, ""mape"": 47.60052490234375, ""mae"": 9.831048965454102, ""val_loss"": 46.42721176147461, ""val_mape"": 46.42721176147461, ""val_mae"": 9.440439224243164, ""lr"": 0.00010000000474974513, ""val_mae12"": 8.866734504699707, ""val_me"": 7.026323689622956, ""val_me12"": 8.5183628632319, ""mape_2021"": 58.135658264160156, ""mae_2021"": 10.129560470581055, ""mae12_2021"": 11.997679710388184, ""me_2021"": 8.073029959702023, ""me12_2021"": 11.794112678185163, ""epochs_trained"": 108}",2026-07-04T07:40:56.201088,completed,22.6
10,MAPE,120,0,leaky_relu,1,32,0.3,46.44422149658203,9.593827247619629,8.135004043579102,7.855659791792824,7.452619141846035,46.44422149658203,10.337625503540039,10.773359298706055,8.758778791548705,10.180926999817903,56.823787689208984,"{""loss"": 53.514122009277344, ""mape"": 53.514122009277344, ""mae"": 11.419974327087402, ""val_loss"": 46.44422149658203, ""val_mape"": 46.44422149658203, ""val_mae"": 9.593827247619629, ""lr"": 0.00010000000474974513, ""val_mae12"": 8.135004043579102, ""val_me"": 7.855659791792824, ""val_me12"": 7.452619141846035, ""mape_2021"": 56.823787689208984, ""mae_2021"": 10.337625503540039, ""mae12_2021"": 10.773359298706055, ""me_2021"": 8.758778791548705, ""me12_2021"": 10.180926999817903, ""epochs_trained"": 137}",2026-07-04T07:40:57.478676,completed,23.8
10,MAPE,120,0,leaky_relu,1,64,0.0,45.21038818359375,9.199393272399902,8.635278701782227,6.294509262275838,7.41626028371473,45.21038818359375,9.925036430358887,11.200422286987305,7.4277221489542615,9.780855844124106,53.97567367553711,"{""loss"": 44.327938079833984, ""mape"": 44.327938079833984, ""mae"": 9.16706657409668, ""val_loss"": 45.21038818359375, ""val_mape"": 45.21038818359375, ""val_mae"": 9.199393272399902, ""lr"": 0.00010000000474974513, ""val_mae12"": 8.635278701782227, ""val_me"": 6.294509262275838, ""val_me12"": 7.41626028371473, ""mape_2021"": 53.97567367553711, ""mae_2021"": 9.925036430358887, ""mae12_2021"": 11.200422286987305, ""me_2021"": 7.4277221489542615, ""me12_2021"": 9.780855844124106, ""epochs_trained"": 119}",2026-07-04T07:41:07.376782,completed,12.6
10,MAPE,120,0,leaky_relu,1,64,0.1,46.150455474853516,9.367903709411621,9.195773124694824,6.428483262942139,8.521084906864953,46.150455474853516,10.069129943847656,12.518359184265137,7.512440655251563,11.810767672937835,57.520565032958984,"{""loss"": 47.333343505859375, ""mape"": 47.333343505859375, ""mae"": 9.796072959899902, ""val_loss"": 46.150455474853516, ""val_mape"": 46.150455474853516, ""val_mae"": 9.367903709411621, ""lr"": 0.00010000000474974513, ""val_mae12"": 9.195773124694824, ""val_me"": 6.428483262942139, ""val_me12"": 8.521084906864953, ""mape_2021"": 57.520565032958984, ""mae_2021"": 10.069129943847656, ""mae12_2021"": 12.518359184265137, ""me_2021"": 7.512440655251563, ""me12_2021"": 11.810767672937835, ""epochs_trained"": 96}",2026-07-04T07:41:07.771720,completed,11.6
10,MAPE,120,0,leaky_relu,1,64,0.3,45.97358322143555,9.352643966674805,8.885960578918457,6.747252108494573,8.611193253478554,45.97358322143555,10.114643096923828,12.118880271911621,7.840619160768033,11.943028093745921,58.186073303222656,"{""loss"": 51.06412887573242, ""mape"": 51.06412887573242, ""mae"": 10.72415542602539, ""val_loss"": 45.97358322143555, ""val_mape"": 45.97358322143555, ""val_mae"": 9.352643966674805, ""lr"": 0.00010000000474974513, ""val_mae12"": 8.885960578918457, ""val_me"": 6.747252108494573, ""val_me12"": 8.611193253478554, ""mape_2021"": 58.186073303222656, ""mae_2021"": 10.114643096923828, ""mae12_2021"": 12.118880271911621, ""me_2021"": 7.840619160768033, ""me12_2021"": 11.943028093745921, ""epochs_trained"": 96}",2026-07-04T07:41:09.044869,completed,11.6
10,MAPE,120,0,leaky_relu,1,64,0.05,46.087215423583984,9.215286254882812,7.38525390625,7.589471618864922,6.825743785243446,46.087215423583984,10.361245155334473,10.616477012634277,8.635858764354055,10.100690742591523,57.79616928100586,"{""loss"": 47.867313385009766, ""mape"": 47.867313385009766, ""mae"": 9.82463550567627, ""val_loss"": 46.087215423583984, ""val_mape"": 46.087215423583984, ""val_mae"": 9.215286254882812, ""lr"": 0.00010000000474974513, ""val_mae12"": 7.38525390625, ""val_me"": 7.589471618864922, ""val_me12"": 6.825743785243446, ""mape_2021"": 57.79616928100586, ""mae_2021"": 10.361245155334473, ""mae12_2021"": 10.616477012634277, ""me_2021"": 8.635858764354055, ""me12_2021"": 10.100690742591523, ""epochs_trained"": 82}",2026-07-04T07:41:10.295982,completed,14.6
