run_num,model_type,lead_time,cycle,activation,num_layers,neurons,dropout,loss_value,val_mae,val_mae12,val_me,val_me12,val_mape,mae_2021,mae12_2021,me_2021,me12_2021,mape_2021,metrics,timestamp,status
1,MAPE,120,1,relu,3,16,0.3,44.47820281982422,10.070584297180176,1.718898057937622,9.099066514429154,-0.5003123244156477,44.47820281982422,10.834628105163574,6.503200531005859,9.942911158859651,5.188353313597876,56.628334045410156,"{""loss"": 58.4456672668457, ""mape"": 58.4456672668457, ""mae"": 13.096402168273926, ""val_loss"": 44.47820281982422, ""val_mape"": 44.47820281982422, ""val_mae"": 10.070584297180176, ""lr"": 0.00010000000474974513, ""val_mae12"": 1.718898057937622, ""val_me"": 9.099066514429154, ""val_me12"": -0.5003123244156477, ""mape_2021"": 56.628334045410156, ""mae_2021"": 10.834628105163574, ""mae12_2021"": 6.503200531005859, ""me_2021"": 9.942911158859651, ""me12_2021"": 5.188353313597876, ""epochs_trained"": 88}",2026-07-02T09:37:38.318159,completed
1,MAPE,120,1,relu,3,16,0.1,39.86076736450195,8.814619064331055,3.4962916374206543,6.923749715581678,2.7147769492457927,39.86076736450195,10.156496047973633,10.80747127532959,7.87848335656685,10.384605573541094,57.36259841918945,"{""loss"": 47.74501037597656, ""mape"": 47.74501037597656, ""mae"": 10.21187973022461, ""val_loss"": 39.86076736450195, ""val_mape"": 39.86076736450195, ""val_mae"": 8.814619064331055, ""lr"": 0.00010000000474974513, ""val_mae12"": 3.4962916374206543, ""val_me"": 6.923749715581678, ""val_me12"": 2.7147769492457927, ""mape_2021"": 57.36259841918945, ""mae_2021"": 10.156496047973633, ""mae12_2021"": 10.80747127532959, ""me_2021"": 7.87848335656685, ""me12_2021"": 10.384605573541094, ""epochs_trained"": 98}",2026-07-02T09:37:40.032505,completed
1,MAPE,120,1,relu,3,16,0.05,40.461490631103516,8.907173156738281,4.287144660949707,7.045468080543975,3.724953056957084,40.461490631103516,10.279695510864258,11.137899398803711,8.013786254070425,10.950065441963355,59.033782958984375,"{""loss"": 47.234107971191406, ""mape"": 47.234107971191406, ""mae"": 9.867798805236816, ""val_loss"": 40.461490631103516, ""val_mape"": 40.461490631103516, ""val_mae"": 8.907173156738281, ""lr"": 0.00010000000474974513, ""val_mae12"": 4.287144660949707, ""val_me"": 7.045468080543975, ""val_me12"": 3.724953056957084, ""mape_2021"": 59.033782958984375, ""mae_2021"": 10.279695510864258, ""mae12_2021"": 11.137899398803711, ""me_2021"": 8.013786254070425, ""me12_2021"": 10.950065441963355, ""epochs_trained"": 112}",2026-07-02T09:37:44.530335,completed
1,MAPE,120,1,relu,2,256,0.1,5.092231273651123,0.9937599897384644,1.3971573114395142,0.35757117239118497,-0.00970942107042685,5.092231273651123,0.9048153758049011,1.6254725456237793,0.40557256597447194,-0.8509012412254408,5.23965311050415,"{""loss"": 5.314980983734131, ""mape"": 5.314980983734131, ""mae"": 1.1349581480026245, ""val_loss"": 5.092231273651123, ""val_mape"": 5.092231273651123, ""val_mae"": 0.9937599897384644, ""lr"": 1.0000000656873453e-05, ""val_mae12"": 1.3971573114395142, ""val_me"": 0.35757117239118497, ""val_me12"": -0.00970942107042685, ""mape_2021"": 5.23965311050415, ""mae_2021"": 0.9048153758049011, ""mae12_2021"": 1.6254725456237793, ""me_2021"": 0.40557256597447194, ""me12_2021"": -0.8509012412254408, ""epochs_trained"": 349}",2026-07-02T09:38:29.986825,completed
1,MAPE,120,1,relu,2,256,0.05,4.511683464050293,0.8625194430351257,1.1094342470169067,0.2567953976948844,0.2451658162922241,4.511683464050293,0.8224850296974182,1.357619047164917,0.29514246233519115,-0.39247421232246194,4.7284626960754395,"{""loss"": 4.30224084854126, ""mape"": 4.30224084854126, ""mae"": 0.9083705544471741, ""val_loss"": 4.511683464050293, ""val_mape"": 4.511683464050293, ""val_mae"": 0.8625194430351257, ""lr"": 0.00010000000474974513, ""val_mae12"": 1.1094342470169067, ""val_me"": 0.2567953976948844, ""val_me12"": 0.2451658162922241, ""mape_2021"": 4.7284626960754395, ""mae_2021"": 0.8224850296974182, ""mae12_2021"": 1.357619047164917, ""me_2021"": 0.29514246233519115, ""me12_2021"": -0.39247421232246194, ""epochs_trained"": 395}",2026-07-02T09:38:35.871677,completed
1,MAPE,120,1,relu,2,256,0.3,5.0326738357543945,1.0121276378631592,1.2824703454971313,0.30241085198833295,0.24097492163736786,5.0326738357543945,0.9210039377212524,1.5630663633346558,0.41892728045366334,-0.5336433527827765,5.262331485748291,"{""loss"": 7.4922099113464355, ""mape"": 7.4922099113464355, ""mae"": 1.6843761205673218, ""val_loss"": 5.0326738357543945, ""val_mape"": 5.0326738357543945, ""val_mae"": 1.0121276378631592, ""lr"": 0.00010000000474974513, ""val_mae12"": 1.2824703454971313, ""val_me"": 0.30241085198833295, ""val_me12"": 0.24097492163736786, ""mape_2021"": 5.262331485748291, ""mae_2021"": 0.9210039377212524, ""mae12_2021"": 1.5630663633346558, ""me_2021"": 0.41892728045366334, ""me12_2021"": -0.5336433527827765, ""epochs_trained"": 427}",2026-07-02T09:38:38.430754,completed
1,MAPE,120,1,relu,3,32,0.3,42.22771072387695,9.530664443969727,2.076249599456787,7.330062662555526,-0.2817120398058426,42.22771072387695,10.327750205993652,7.437890529632568,8.427168089770154,5.716561482166311,54.12977981567383,"{""loss"": 50.41462707519531, ""mape"": 50.41462707519531, ""mae"": 11.106907844543457, ""val_loss"": 42.22771072387695, ""val_mape"": 42.22771072387695, ""val_mae"": 9.530664443969727, ""lr"": 0.00010000000474974513, ""val_mae12"": 2.076249599456787, ""val_me"": 7.330062662555526, ""val_me12"": -0.2817120398058426, ""mape_2021"": 54.12977981567383, ""mae_2021"": 10.327750205993652, ""mae12_2021"": 7.437890529632568, ""me_2021"": 8.427168089770154, ""me12_2021"": 5.716561482166311, ""epochs_trained"": 89}",2026-07-02T09:38:50.186156,completed
1,MAPE,120,1,relu,3,16,0.0,5.4611124992370605,1.0737030506134033,1.2500786781311035,0.41298519888533064,0.0020271179814554375,5.4611124992370605,0.9846657514572144,1.1637707948684692,0.3390135364427059,-0.381428163482299,5.580137252807617,"{""loss"": 4.110896587371826, ""mape"": 4.110896587371826, ""mae"": 0.8461009860038757, ""val_loss"": 5.4611124992370605, ""val_mape"": 5.4611124992370605, ""val_mae"": 1.0737030506134033, ""lr"": 0.00010000000474974513, ""val_mae12"": 1.2500786781311035, ""val_me"": 0.41298519888533064, ""val_me12"": 0.0020271179814554375, ""mape_2021"": 5.580137252807617, ""mae_2021"": 0.9846657514572144, ""mae12_2021"": 1.1637707948684692, ""me_2021"": 0.3390135364427059, ""me12_2021"": -0.381428163482299, ""epochs_trained"": 621}",2026-07-02T09:38:57.317954,completed
1,MAPE,120,1,relu,3,32,0.05,5.776543140411377,1.2461875677108765,1.279293417930603,0.8533645877301758,-0.22680337344554247,5.776543140411377,1.10009765625,1.3971912860870361,0.8317375714153223,-0.4949878026671382,6.086742401123047,"{""loss"": 7.711556911468506, ""mape"": 7.711556911468506, ""mae"": 1.72397780418396, ""val_loss"": 5.776543140411377, ""val_mape"": 5.776543140411377, ""val_mae"": 1.2461875677108765, ""lr"": 0.00010000000474974513, ""val_mae12"": 1.279293417930603, ""val_me"": 0.8533645877301758, ""val_me12"": -0.22680337344554247, ""mape_2021"": 6.086742401123047, ""mae_2021"": 1.10009765625, ""mae12_2021"": 1.3971912860870361, ""me_2021"": 0.8317375714153223, ""me12_2021"": -0.4949878026671382, ""epochs_trained"": 491}",2026-07-02T09:39:06.914327,completed
1,MAPE,120,1,relu,3,32,0.1,5.804839611053467,1.2782222032546997,1.2436801195144653,0.8710164233371307,-0.47842537260183504,5.804839611053467,1.0675486326217651,1.1860862970352173,0.8520961386413554,-0.44092415081841585,6.236571788787842,"{""loss"": 9.124054908752441, ""mape"": 9.124054908752441, ""mae"": 2.053375005722046, ""val_loss"": 5.804839611053467, ""val_mape"": 5.804839611053467, ""val_mae"": 1.2782222032546997, ""lr"": 0.00010000000474974513, ""val_mae12"": 1.2436801195144653, ""val_me"": 0.8710164233371307, ""val_me12"": -0.47842537260183504, ""mape_2021"": 6.236571788787842, ""mae_2021"": 1.0675486326217651, ""mae12_2021"": 1.1860862970352173, ""me_2021"": 0.8520961386413554, ""me12_2021"": -0.44092415081841585, ""epochs_trained"": 510}",2026-07-02T09:39:11.202429,completed
1,MAPE,120,1,relu,2,256,0.0,4.225619316101074,0.8418001532554626,1.0255216360092163,0.35922516010834854,-0.23655267485928097,4.225619316101074,0.7894436717033386,1.1109586954116821,0.3108475375605388,-0.6028144167641749,4.500609397888184,"{""loss"": 2.5019919872283936, ""mape"": 2.5019919872283936, ""mae"": 0.5403311848640442, ""val_loss"": 4.225619316101074, ""val_mape"": 4.225619316101074, ""val_mae"": 0.8418001532554626, ""lr"": 1.0000000656873453e-05, ""val_mae12"": 1.0255216360092163, ""val_me"": 0.35922516010834854, ""val_me12"": -0.23655267485928097, ""mape_2021"": 4.500609397888184, ""mae_2021"": 0.7894436717033386, ""mae12_2021"": 1.1109586954116821, ""me_2021"": 0.3108475375605388, ""me12_2021"": -0.6028144167641749, ""epochs_trained"": 974}",2026-07-02T09:39:32.233665,completed
1,MAPE,120,1,relu,3,64,0.3,9.828034400939941,2.1965575218200684,1.6069815158843994,1.5685054156088905,0.7007619064378776,9.828034400939941,2.062371015548706,1.7855525016784668,1.669382663697141,-0.008515927268890923,10.463053703308105,"{""loss"": 15.006077766418457, ""mape"": 15.006077766418457, ""mae"": 3.3880932331085205, ""val_loss"": 9.828034400939941, ""val_mape"": 9.828034400939941, ""val_mae"": 2.1965575218200684, ""lr"": 1.0000000656873453e-05, ""val_mae12"": 1.6069815158843994, ""val_me"": 1.5685054156088905, ""val_me12"": 0.7007619064378776, ""mape_2021"": 10.463053703308105, ""mae_2021"": 2.062371015548706, ""mae12_2021"": 1.7855525016784668, ""me_2021"": 1.669382663697141, ""me12_2021"": -0.008515927268890923, ""epochs_trained"": 283}",2026-07-02T09:39:36.272484,completed
1,MAPE,120,1,relu,3,64,0.1,6.219029426574707,1.3286457061767578,1.5100497007369995,0.8818266553225079,-0.5535931621027999,6.219029426574707,1.1295801401138306,1.548833966255188,0.8666450572261526,-0.8016796893173296,6.419439792633057,"{""loss"": 7.9260382652282715, ""mape"": 7.9260382652282715, ""mae"": 1.775321125984192, ""val_loss"": 6.219029426574707, ""val_mape"": 6.219029426574707, ""val_mae"": 1.3286457061767578, ""lr"": 0.00010000000474974513, ""val_mae12"": 1.5100497007369995, ""val_me"": 0.8818266553225079, ""val_me12"": -0.5535931621027999, ""mape_2021"": 6.419439792633057, ""mae_2021"": 1.1295801401138306, ""mae12_2021"": 1.548833966255188, ""me_2021"": 0.8666450572261526, ""me12_2021"": -0.8016796893173296, ""epochs_trained"": 366}",2026-07-02T09:39:36.456483,completed
1,MAPE,120,1,relu,3,64,0.05,4.975312232971191,1.0347886085510254,1.2114588022232056,0.5991125210448791,-0.2198444735197597,4.975312232971191,0.8959044814109802,1.337225079536438,0.5451370156907561,-0.28217230987377245,5.198338031768799,"{""loss"": 5.933159351348877, ""mape"": 5.933159351348877, ""mae"": 1.33467435836792, ""val_loss"": 4.975312232971191, ""val_mape"": 4.975312232971191, ""val_mae"": 1.0347886085510254, ""lr"": 1.0000000656873453e-05, ""val_mae12"": 1.2114588022232056, ""val_me"": 0.5991125210448791, ""val_me12"": -0.2198444735197597, ""mape_2021"": 5.198338031768799, ""mae_2021"": 0.8959044814109802, ""mae12_2021"": 1.337225079536438, ""me_2021"": 0.5451370156907561, ""me12_2021"": -0.28217230987377245, ""epochs_trained"": 502}",2026-07-02T09:39:37.144166,completed
1,MAPE,120,1,relu,3,64,0.0,4.861155986785889,0.9831629395484924,1.2718554735183716,0.2300201791000686,-0.05708819170251327,4.861155986785889,0.8654611706733704,1.3407598733901978,0.20790791834671413,-0.031570426585989436,5.075684070587158,"{""loss"": 3.185061454772949, ""mape"": 3.185061454772949, ""mae"": 0.6634690165519714, ""val_loss"": 4.861155986785889, ""val_mape"": 4.861155986785889, ""val_mae"": 0.9831629395484924, ""lr"": 0.00010000000474974513, ""val_mae12"": 1.2718554735183716, ""val_me"": 0.2300201791000686, ""val_me12"": -0.05708819170251327, ""mape_2021"": 5.075684070587158, ""mae_2021"": 0.8654611706733704, ""mae12_2021"": 1.3407598733901978, ""me_2021"": 0.20790791834671413, ""me12_2021"": -0.031570426585989436, ""epochs_trained"": 548}",2026-07-02T09:39:37.435089,completed
1,MAPE,120,1,relu,3,32,0.0,4.527310848236084,0.9091278314590454,1.051281452178955,0.3809731927125466,-0.25502268515762805,4.527310848236084,0.8993909358978271,1.4138615131378174,0.33226182948289057,-1.041844631252957,5.347782611846924,"{""loss"": 3.371443510055542, ""mape"": 3.371443510055542, ""mae"": 0.6964955925941467, ""val_loss"": 4.527310848236084, ""val_mape"": 4.527310848236084, ""val_mae"": 0.9091278314590454, ""lr"": 1.0000000656873453e-05, ""val_mae12"": 1.051281452178955, ""val_me"": 0.3809731927125466, ""val_me12"": -0.25502268515762805, ""mape_2021"": 5.347782611846924, ""mae_2021"": 0.8993909358978271, ""mae12_2021"": 1.4138615131378174, ""me_2021"": 0.33226182948289057, ""me12_2021"": -1.041844631252957, ""epochs_trained"": 1644}",2026-07-02T09:40:03.447503,completed
1,MAPE,120,1,relu,3,128,0.3,39.62468719482422,8.964820861816406,6.484616279602051,6.521422744904876,6.238531191719203,39.62468719482422,9.796863555908203,13.394075393676758,7.404709394512315,13.473530092982843,58.847774505615234,"{""loss"": 44.22554016113281, ""mape"": 44.22554016113281, ""mae"": 9.129929542541504, ""val_loss"": 39.62468719482422, ""val_mape"": 39.62468719482422, ""val_mae"": 8.964820861816406, ""lr"": 0.00010000000474974513, ""val_mae12"": 6.484616279602051, ""val_me"": 6.521422744904876, ""val_me12"": 6.238531191719203, ""mape_2021"": 58.847774505615234, ""mae_2021"": 9.796863555908203, ""mae12_2021"": 13.394075393676758, ""me_2021"": 7.404709394512315, ""me12_2021"": 13.473530092982843, ""epochs_trained"": 39}",2026-07-02T09:40:47.823263,completed
1,MAPE,120,1,relu,3,256,0.3,9.391876220703125,2.195871591567993,1.6239867210388184,1.670649906484464,-0.6022153957043763,9.391876220703125,1.8703372478485107,1.92939293384552,1.718687164469939,-1.4284686151107655,9.427075386047363,"{""loss"": 8.686148643493652, ""mape"": 8.686148643493652, ""mae"": 1.943556547164917, ""val_loss"": 9.391876220703125, ""val_mape"": 9.391876220703125, ""val_mae"": 2.195871591567993, ""lr"": 0.00010000000474974513, ""val_mae12"": 1.6239867210388184, ""val_me"": 1.670649906484464, ""val_me12"": -0.6022153957043763, ""mape_2021"": 9.427075386047363, ""mae_2021"": 1.8703372478485107, ""mae12_2021"": 1.92939293384552, ""me_2021"": 1.718687164469939, ""me12_2021"": -1.4284686151107655, ""epochs_trained"": 195}",2026-07-02T09:41:49.779601,completed
1,MAPE,120,1,relu,3,256,0.1,5.933687210083008,1.2445971965789795,1.382154107093811,0.7007146233227712,-0.3525485885380409,5.933687210083008,1.0771024227142334,1.6576963663101196,0.7382200722333567,-0.9099627704437636,6.0972371101379395,"{""loss"": 5.789710521697998, ""mape"": 5.789710521697998, ""mae"": 1.250442385673523, ""val_loss"": 5.933687210083008, ""val_mape"": 5.933687210083008, ""val_mae"": 1.2445971965789795, ""lr"": 1.0000000656873453e-05, ""val_mae12"": 1.382154107093811, ""val_me"": 0.7007146233227712, ""val_me12"": -0.3525485885380409, ""mape_2021"": 6.0972371101379395, ""mae_2021"": 1.0771024227142334, ""mae12_2021"": 1.6576963663101196, ""me_2021"": 0.7382200722333567, ""me12_2021"": -0.9099627704437636, ""epochs_trained"": 234}",2026-07-02T09:41:51.746720,completed
1,MAPE,120,1,relu,3,256,0.0,6.198624610900879,1.2318676710128784,1.5422883033752441,-0.2141783721841689,0.38540750286487685,6.198624610900879,1.0922988653182983,1.8522374629974365,-0.15824885599532484,-0.2850225478316297,6.372128009796143,"{""loss"": 5.295159339904785, ""mape"": 5.295159339904785, ""mae"": 1.1724809408187866, ""val_loss"": 6.198624610900879, ""val_mape"": 6.198624610900879, ""val_mae"": 1.2318676710128784, ""lr"": 0.00010000000474974513, ""val_mae12"": 1.5422883033752441, ""val_me"": -0.2141783721841689, ""val_me12"": 0.38540750286487685, ""mape_2021"": 6.372128009796143, ""mae_2021"": 1.0922988653182983, ""mae12_2021"": 1.8522374629974365, ""me_2021"": -0.15824885599532484, ""me12_2021"": -0.2850225478316297, ""epochs_trained"": 283}",2026-07-02T09:41:52.771005,completed
1,MAPE,120,1,relu,3,256,0.05,5.085925579071045,1.0171605348587036,1.3055332899093628,0.27084172111051313,-0.09430503087724725,5.085925579071045,0.9298816323280334,1.6182072162628174,0.3194597208549155,-0.6605623497084839,5.5943684577941895,"{""loss"": 4.595062732696533, ""mape"": 4.595062732696533, ""mae"": 0.9924043416976929, ""val_loss"": 5.085925579071045, ""val_mape"": 5.085925579071045, ""val_mae"": 1.0171605348587036, ""lr"": 0.00010000000474974513, ""val_mae12"": 1.3055332899093628, ""val_me"": 0.27084172111051313, ""val_me12"": -0.09430503087724725, ""mape_2021"": 5.5943684577941895, ""mae_2021"": 0.9298816323280334, ""mae12_2021"": 1.6182072162628174, ""me_2021"": 0.3194597208549155, ""me12_2021"": -0.6605623497084839, ""epochs_trained"": 256}",2026-07-02T09:41:53.060917,completed
1,MAPE,120,1,relu,3,128,0.05,5.060177326202393,1.0470584630966187,1.36001718044281,0.40085890132420227,-0.2338628792295585,5.060177326202393,0.919185996055603,1.657766580581665,0.41458956774467914,-0.8028563304675349,5.412040710449219,"{""loss"": 5.259126663208008, ""mape"": 5.259126663208008, ""mae"": 1.1408166885375977, ""val_loss"": 5.060177326202393, ""val_mape"": 5.060177326202393, ""val_mae"": 1.0470584630966187, ""lr"": 0.00010000000474974513, ""val_mae12"": 1.36001718044281, ""val_me"": 0.40085890132420227, ""val_me12"": -0.2338628792295585, ""mape_2021"": 5.412040710449219, ""mae_2021"": 0.919185996055603, ""mae12_2021"": 1.657766580581665, ""me_2021"": 0.41458956774467914, ""me12_2021"": -0.8028563304675349, ""epochs_trained"": 307}",2026-07-02T09:41:53.071916,completed
1,MAPE,120,1,relu,3,128,0.0,5.198367118835449,1.0141016244888306,1.3437745571136475,0.3083506239690719,0.02744278162759417,5.198367118835449,1.0437920093536377,1.4292374849319458,0.23642794391731975,-0.06064897156583554,5.839775562286377,"{""loss"": 3.2087748050689697, ""mape"": 3.2087748050689697, ""mae"": 0.6706638336181641, ""val_loss"": 5.198367118835449, ""val_mape"": 5.198367118835449, ""val_mae"": 1.0141016244888306, ""lr"": 1.0000000656873453e-05, ""val_mae12"": 1.3437745571136475, ""val_me"": 0.3083506239690719, ""val_me12"": 0.02744278162759417, ""mape_2021"": 5.839775562286377, ""mae_2021"": 1.0437920093536377, ""mae12_2021"": 1.4292374849319458, ""me_2021"": 0.23642794391731975, ""me12_2021"": -0.06064897156583554, ""epochs_trained"": 351}",2026-07-02T09:41:54.186544,completed
1,MAPE,120,1,relu,3,128,0.1,5.576784610748291,1.1800870895385742,1.2647271156311035,0.6788103044621248,-0.28535638621414405,5.576784610748291,0.970395565032959,1.477934718132019,0.626152138203125,-0.43271795662072576,5.551151752471924,"{""loss"": 5.967564582824707, ""mape"": 5.967564582824707, ""mae"": 1.3146024942398071, ""val_loss"": 5.576784610748291, ""val_mape"": 5.576784610748291, ""val_mae"": 1.1800870895385742, ""lr"": 0.00010000000474974513, ""val_mae12"": 1.2647271156311035, ""val_me"": 0.6788103044621248, ""val_me12"": -0.28535638621414405, ""mape_2021"": 5.551151752471924, ""mae_2021"": 0.970395565032959, ""mae12_2021"": 1.477934718132019, ""me_2021"": 0.626152138203125, ""me12_2021"": -0.43271795662072576, ""epochs_trained"": 342}",2026-07-02T09:41:54.346062,completed
1,MAPE,120,1,leaky_relu,1,32,0.0,40.504493713378906,8.895276069641113,3.501269817352295,7.219245086162746,2.6575237584424736,40.504493713378906,10.304885864257812,9.750479698181152,8.180956217072715,9.332991716192335,56.196189880371094,"{""loss"": 44.19576644897461, ""mape"": 44.19576644897461, ""mae"": 9.113325119018555, ""val_loss"": 40.504493713378906, ""val_mape"": 40.504493713378906, ""val_mae"": 8.895276069641113, ""lr"": 0.00010000000474974513, ""val_mae12"": 3.501269817352295, ""val_me"": 7.219245086162746, ""val_me12"": 2.6575237584424736, ""mape_2021"": 56.196189880371094, ""mae_2021"": 10.304885864257812, ""mae12_2021"": 9.750479698181152, ""me_2021"": 8.180956217072715, ""me12_2021"": 9.332991716192335, ""epochs_trained"": 112}",2026-07-02T09:42:04.885446,completed
1,MAPE,120,1,leaky_relu,1,16,0.3,50.36528015136719,11.871234893798828,2.33774471282959,11.481465482397564,1.4478518323875087,50.36528015136719,12.831629753112793,8.435652732849121,11.866207009418565,7.820517393431789,65.12838745117188,"{""loss"": 61.028961181640625, ""mape"": 61.028961181640625, ""mae"": 13.29865837097168, ""val_loss"": 50.36528015136719, ""val_mape"": 50.36528015136719, ""val_mae"": 11.871234893798828, ""lr"": 0.00010000000474974513, ""val_mae12"": 2.33774471282959, ""val_me"": 11.481465482397564, ""val_me12"": 1.4478518323875087, ""mape_2021"": 65.12838745117188, ""mae_2021"": 12.831629753112793, ""mae12_2021"": 8.435652732849121, ""me_2021"": 11.866207009418565, ""me12_2021"": 7.820517393431789, ""epochs_trained"": 167}",2026-07-02T09:42:07.155050,completed
1,MAPE,120,1,leaky_relu,1,16,0.1,40.95311737060547,9.065102577209473,3.5183448791503906,8.042604286397307,2.492766447196146,40.95311737060547,10.35007095336914,9.975320816040039,8.824407070094065,9.426157664627448,56.232635498046875,"{""loss"": 48.86865997314453, ""mape"": 48.86865997314453, ""mae"": 10.207989692687988, ""val_loss"": 40.95311737060547, ""val_mape"": 40.95311737060547, ""val_mae"": 9.065102577209473, ""lr"": 0.00010000000474974513, ""val_mae12"": 3.5183448791503906, ""val_me"": 8.042604286397307, ""val_me12"": 2.492766447196146, ""mape_2021"": 56.232635498046875, ""mae_2021"": 10.35007095336914, ""mae12_2021"": 9.975320816040039, ""me_2021"": 8.824407070094065, ""me12_2021"": 9.426157664627448, ""epochs_trained"": 201}",2026-07-02T09:42:07.924565,completed
1,MAPE,120,1,leaky_relu,1,32,0.3,40.24275207519531,8.90372371673584,2.9610536098480225,7.992287049551504,1.8278314179844863,40.24275207519531,10.272825241088867,9.213624000549316,8.78807814485052,8.193475880262536,54.809417724609375,"{""loss"": 51.9951057434082, ""mape"": 51.9951057434082, ""mae"": 11.073066711425781, ""val_loss"": 40.24275207519531, ""val_mape"": 40.24275207519531, ""val_mae"": 8.90372371673584, ""lr"": 1.0000000656873453e-05, ""val_mae12"": 2.9610536098480225, ""val_me"": 7.992287049551504, ""val_me12"": 1.8278314179844863, ""mape_2021"": 54.809417724609375, ""mae_2021"": 10.272825241088867, ""mae12_2021"": 9.213624000549316, ""me_2021"": 8.78807814485052, ""me12_2021"": 8.193475880262536, ""epochs_trained"": 279}",2026-07-02T09:42:14.088032,completed
1,MAPE,120,1,leaky_relu,1,32,0.1,13.836287498474121,2.899244785308838,2.678926467895508,1.9337224398185515,0.9390436066681483,13.836287498474121,3.280606269836426,4.5692572593688965,2.2196758964849512,-3.6849623580679256,19.88405990600586,"{""loss"": 16.396785736083984, ""mape"": 16.396785736083984, ""mae"": 3.3788440227508545, ""val_loss"": 13.836287498474121, ""val_mape"": 13.836287498474121, ""val_mae"": 2.899244785308838, ""lr"": 1.0000000656873453e-05, ""val_mae12"": 2.678926467895508, ""val_me"": 1.9337224398185515, ""val_me12"": 0.9390436066681483, ""mape_2021"": 19.88405990600586, ""mae_2021"": 3.280606269836426, ""mae12_2021"": 4.5692572593688965, ""me_2021"": 2.2196758964849512, ""me12_2021"": -3.6849623580679256, ""epochs_trained"": 814}",2026-07-02T09:42:36.144920,completed
1,MAPE,120,1,leaky_relu,1,16,0.05,21.079845428466797,4.89015007019043,1.6104756593704224,4.353138099543719,0.40392007687918596,21.079845428466797,5.394533157348633,1.603247046470642,4.89228269167034,-0.18787936398988025,24.72576141357422,"{""loss"": 24.511865615844727, ""mape"": 24.511865615844727, ""mae"": 5.256961822509766, ""val_loss"": 21.079845428466797, ""val_mape"": 21.079845428466797, ""val_mae"": 4.89015007019043, ""lr"": 0.00010000000474974513, ""val_mae12"": 1.6104756593704224, ""val_me"": 4.353138099543719, ""val_me12"": 0.40392007687918596, ""mape_2021"": 24.72576141357422, ""mae_2021"": 5.394533157348633, ""mae12_2021"": 1.603247046470642, ""me_2021"": 4.89228269167034, ""me12_2021"": -0.18787936398988025, ""epochs_trained"": 1017}",2026-07-02T09:42:40.563784,completed
1,MAPE,120,1,leaky_relu,1,16,0.0,10.817537307739258,2.611424207687378,0.8431496620178223,1.6714508851570016,-0.0734562083357286,10.817537307739258,2.7951111793518066,1.1471004486083984,2.0838970259744225,-0.8791218495384912,12.467464447021484,"{""loss"": 9.742701530456543, ""mape"": 9.742701530456543, ""mae"": 2.3632495403289795, ""val_loss"": 10.817537307739258, ""val_mape"": 10.817537307739258, ""val_mae"": 2.611424207687378, ""lr"": 0.00010000000474974513, ""val_mae12"": 0.8431496620178223, ""val_me"": 1.6714508851570016, ""val_me12"": -0.0734562083357286, ""mape_2021"": 12.467464447021484, ""mae_2021"": 2.7951111793518066, ""mae12_2021"": 1.1471004486083984, ""me_2021"": 2.0838970259744225, ""me12_2021"": -0.8791218495384912, ""epochs_trained"": 1573}",2026-07-02T09:42:53.152038,completed
1,MAPE,120,1,leaky_relu,1,32,0.05,6.2364959716796875,1.3071396350860596,1.3016047477722168,0.9538460420235517,-0.5109769471001847,6.2364959716796875,1.231165885925293,0.9825865030288696,0.8683785365137543,-0.25627292446123845,6.265728950500488,"{""loss"": 6.95702600479126, ""mape"": 6.95702600479126, ""mae"": 1.4598864316940308, ""val_loss"": 6.2364959716796875, ""val_mape"": 6.2364959716796875, ""val_mae"": 1.3071396350860596, ""lr"": 0.00010000000474974513, ""val_mae12"": 1.3016047477722168, ""val_me"": 0.9538460420235517, ""val_me12"": -0.5109769471001847, ""mape_2021"": 6.265728950500488, ""mae_2021"": 1.231165885925293, ""mae12_2021"": 0.9825865030288696, ""me_2021"": 0.8683785365137543, ""me12_2021"": -0.25627292446123845, ""epochs_trained"": 1412}",2026-07-02T09:42:56.241858,completed
1,MAPE,120,1,leaky_relu,1,128,0.0,40.08015441894531,8.776580810546875,3.3335647583007812,6.7774916868996895,1.9055723803672266,40.08015441894531,10.250725746154785,9.899398803710938,7.759807108353746,8.773648998509461,54.81749725341797,"{""loss"": 43.41302490234375, ""mape"": 43.41302490234375, ""mae"": 8.911237716674805, ""val_loss"": 40.08015441894531, ""val_mape"": 40.08015441894531, ""val_mae"": 8.776580810546875, ""lr"": 0.00010000000474974513, ""val_mae12"": 3.3335647583007812, ""val_me"": 6.7774916868996895, ""val_me12"": 1.9055723803672266, ""mape_2021"": 54.81749725341797, ""mae_2021"": 10.250725746154785, ""mae12_2021"": 9.899398803710938, ""me_2021"": 7.759807108353746, ""me12_2021"": 8.773648998509461, ""epochs_trained"": 95}",2026-07-02T09:43:20.110989,completed
1,MAPE,120,1,leaky_relu,1,64,0.0,40.34128952026367,8.858827590942383,3.388158082962036,7.1337666371844355,2.332118109139649,40.34128952026367,10.282994270324707,9.857831001281738,8.077641005787266,9.229034000230667,55.68669128417969,"{""loss"": 43.93606948852539, ""mape"": 43.93606948852539, ""mae"": 9.036224365234375, ""val_loss"": 40.34128952026367, ""val_mape"": 40.34128952026367, ""val_mae"": 8.858827590942383, ""lr"": 0.00010000000474974513, ""val_mae12"": 3.388158082962036, ""val_me"": 7.1337666371844355, ""val_me12"": 2.332118109139649, ""mape_2021"": 55.68669128417969, ""mae_2021"": 10.282994270324707, ""mae12_2021"": 9.857831001281738, ""me_2021"": 8.077641005787266, ""me12_2021"": 9.229034000230667, ""epochs_trained"": 98}",2026-07-02T09:43:20.196981,completed
1,MAPE,120,1,leaky_relu,1,64,0.05,40.21097946166992,8.816756248474121,3.4402711391448975,6.96119169097987,2.388784810845673,40.21097946166992,10.25256633758545,9.938201904296875,7.927299810479056,9.290231005167028,55.53065872192383,"{""loss"": 44.61778259277344, ""mape"": 44.61778259277344, ""mae"": 9.2277250289917, ""val_loss"": 40.21097946166992, ""val_mape"": 40.21097946166992, ""val_mae"": 8.816756248474121, ""lr"": 0.00010000000474974513, ""val_mae12"": 3.4402711391448975, ""val_me"": 6.96119169097987, ""val_me12"": 2.388784810845673, ""mape_2021"": 55.53065872192383, ""mae_2021"": 10.25256633758545, ""mae12_2021"": 9.938201904296875, ""me_2021"": 7.927299810479056, ""me12_2021"": 9.290231005167028, ""epochs_trained"": 109}",2026-07-02T09:43:21.317207,completed
1,MAPE,120,1,leaky_relu,1,128,0.05,5.219076633453369,1.06077241897583,1.226516604423523,0.6400523566913481,-0.33385258351188923,5.219076633453369,1.0284233093261719,1.763015866279602,0.5638789710634329,-1.2859108070162109,6.582806587219238,"{""loss"": 5.0525712966918945, ""mape"": 5.0525712966918945, ""mae"": 1.0536597967147827, ""val_loss"": 5.219076633453369, ""val_mape"": 5.219076633453369, ""val_mae"": 1.06077241897583, ""lr"": 1.0000000656873453e-05, ""val_mae12"": 1.226516604423523, ""val_me"": 0.6400523566913481, ""val_me12"": -0.33385258351188923, ""mape_2021"": 6.582806587219238, ""mae_2021"": 1.0284233093261719, ""mae12_2021"": 1.763015866279602, ""me_2021"": 0.5638789710634329, ""me12_2021"": -1.2859108070162109, ""epochs_trained"": 974}",2026-07-02T09:45:24.720686,completed
1,MAPE,120,1,leaky_relu,1,256,0.05,4.7376017570495605,0.9550935626029968,1.1725726127624512,0.5550553738773598,-0.2178352178997506,4.7376017570495605,0.8949210047721863,1.476982593536377,0.4795268000511918,-1.086482245562193,5.467796802520752,"{""loss"": 4.316302299499512, ""mape"": 4.316302299499512, ""mae"": 0.8932856321334839, ""val_loss"": 4.7376017570495605, ""val_mape"": 4.7376017570495605, ""val_mae"": 0.9550935626029968, ""lr"": 1.0000000656873453e-05, ""val_mae12"": 1.1725726127624512, ""val_me"": 0.5550553738773598, ""val_me12"": -0.2178352178997506, ""mape_2021"": 5.467796802520752, ""mae_2021"": 0.8949210047721863, ""mae12_2021"": 1.476982593536377, ""me_2021"": 0.4795268000511918, ""me12_2021"": -1.086482245562193, ""epochs_trained"": 873}",2026-07-02T09:45:26.826648,completed
1,MAPE,120,1,leaky_relu,1,128,0.3,4.756387233734131,0.9812968373298645,1.1696268320083618,0.6910522942513597,-0.6132636667500193,4.756387233734131,0.907089352607727,1.2250936031341553,0.6143694516917544,-0.7635928892056649,5.200690746307373,"{""loss"": 7.596976280212402, ""mape"": 7.596976280212402, ""mae"": 1.6865977048873901, ""val_loss"": 4.756387233734131, ""val_mape"": 4.756387233734131, ""val_mae"": 0.9812968373298645, ""lr"": 1.0000000656873453e-05, ""val_mae12"": 1.1696268320083618, ""val_me"": 0.6910522942513597, ""val_me12"": -0.6132636667500193, ""mape_2021"": 5.200690746307373, ""mae_2021"": 0.907089352607727, ""mae12_2021"": 1.2250936031341553, ""me_2021"": 0.6143694516917544, ""me12_2021"": -0.7635928892056649, ""epochs_trained"": 1024}",2026-07-02T09:45:27.697638,completed
1,MAPE,120,1,leaky_relu,1,128,0.1,4.858293533325195,0.9766157865524292,1.2561036348342896,0.6283436116934716,-0.6256921361679336,4.858293533325195,0.9060330390930176,1.2265969514846802,0.5138999987096062,-0.76061731771898,5.126797199249268,"{""loss"": 5.224742412567139, ""mape"": 5.224742412567139, ""mae"": 1.1198678016662598, ""val_loss"": 4.858293533325195, ""val_mape"": 4.858293533325195, ""val_mae"": 0.9766157865524292, ""lr"": 0.00010000000474974513, ""val_mae12"": 1.2561036348342896, ""val_me"": 0.6283436116934716, ""val_me12"": -0.6256921361679336, ""mape_2021"": 5.126797199249268, ""mae_2021"": 0.9060330390930176, ""mae12_2021"": 1.2265969514846802, ""me_2021"": 0.5138999987096062, ""me12_2021"": -0.76061731771898, ""epochs_trained"": 1028}",2026-07-02T09:45:28.369159,completed
1,MAPE,120,1,leaky_relu,1,256,0.1,4.950292110443115,1.0033764839172363,1.2667306661605835,0.573485080814119,-0.3431057718600709,4.950292110443115,0.9940217733383179,2.120133399963379,0.5660047024952135,-1.7522207108266326,6.910642147064209,"{""loss"": 4.932887554168701, ""mape"": 4.932887554168701, ""mae"": 1.0256003141403198, ""val_loss"": 4.950292110443115, ""val_mape"": 4.950292110443115, ""val_mae"": 1.0033764839172363, ""lr"": 9.999999747378752e-06, ""val_mae12"": 1.2667306661605835, ""val_me"": 0.573485080814119, ""val_me12"": -0.3431057718600709, ""mape_2021"": 6.910642147064209, ""mae_2021"": 0.9940217733383179, ""mae12_2021"": 2.120133399963379, ""me_2021"": 0.5660047024952135, ""me12_2021"": -1.7522207108266326, ""epochs_trained"": 925}",2026-07-02T09:45:31.282086,completed
1,MAPE,120,1,leaky_relu,1,64,0.1,6.1217522621154785,1.2595664262771606,1.553941011428833,0.8344426502237755,-0.44640284788710427,6.1217522621154785,1.2738195657730103,1.9736716747283936,0.8131858691081649,-1.555085384339586,7.8341779708862305,"{""loss"": 7.429516315460205, ""mape"": 7.429516315460205, ""mae"": 1.5883222818374634, ""val_loss"": 6.1217522621154785, ""val_mape"": 6.1217522621154785, ""val_mae"": 1.2595664262771606, ""lr"": 9.999999747378752e-06, ""val_mae12"": 1.553941011428833, ""val_me"": 0.8344426502237755, ""val_me12"": -0.44640284788710427, ""mape_2021"": 7.8341779708862305, ""mae_2021"": 1.2738195657730103, ""mae12_2021"": 1.9736716747283936, ""me_2021"": 0.8131858691081649, ""me12_2021"": -1.555085384339586, ""epochs_trained"": 1108}",2026-07-02T09:45:35.049038,completed
1,MAPE,120,1,leaky_relu,1,64,0.3,5.496903896331787,1.170310378074646,1.0908585786819458,0.9333173056644327,-0.3991765232422434,5.496903896331787,1.0722016096115112,1.0914905071258545,0.8390834244771538,-0.1127853573102041,5.9811692237854,"{""loss"": 10.096569061279297, ""mape"": 10.096569061279297, ""mae"": 2.279717445373535, ""val_loss"": 5.496903896331787, ""val_mape"": 5.496903896331787, ""val_mae"": 1.170310378074646, ""lr"": 1.0000000656873453e-05, ""val_mae12"": 1.0908585786819458, ""val_me"": 0.9333173056644327, ""val_me12"": -0.3991765232422434, ""mape_2021"": 5.9811692237854, ""mae_2021"": 1.0722016096115112, ""mae12_2021"": 1.0914905071258545, ""me_2021"": 0.8390834244771538, ""me12_2021"": -0.1127853573102041, ""epochs_trained"": 1125}",2026-07-02T09:45:38.429804,completed
1,MAPE,120,1,leaky_relu,1,256,0.0,6.234598159790039,1.3514153957366943,1.1651837825775146,0.5799858669308686,0.22851848003355488,6.234598159790039,1.136667251586914,1.7422921657562256,0.5654705403253857,-1.3774050090781467,6.950041770935059,"{""loss"": 4.43268346786499, ""mape"": 4.43268346786499, ""mae"": 0.9681990146636963, ""val_loss"": 6.234598159790039, ""val_mape"": 6.234598159790039, ""val_mae"": 1.3514153957366943, ""lr"": 0.00010000000474974513, ""val_mae12"": 1.1651837825775146, ""val_me"": 0.5799858669308686, ""val_me12"": 0.22851848003355488, ""mape_2021"": 6.950041770935059, ""mae_2021"": 1.136667251586914, ""mae12_2021"": 1.7422921657562256, ""me_2021"": 0.5654705403253857, ""me12_2021"": -1.3774050090781467, ""epochs_trained"": 1012}",2026-07-02T09:45:41.420837,completed
1,MAPE,120,1,leaky_relu,2,16,0.0,39.8466796875,8.610047340393066,3.3957972526550293,6.300646914732846,2.4576141445691775,39.8466796875,10.210490226745605,10.201737403869629,7.3635521944804605,9.543259104350708,56.59761047363281,"{""loss"": 43.06425857543945, ""mape"": 43.06425857543945, ""mae"": 8.855246543884277, ""val_loss"": 39.8466796875, ""val_mape"": 39.8466796875, ""val_mae"": 8.610047340393066, ""lr"": 0.00010000000474974513, ""val_mae12"": 3.3957972526550293, ""val_me"": 6.300646914732846, ""val_me12"": 2.4576141445691775, ""mape_2021"": 56.59761047363281, ""mae_2021"": 10.210490226745605, ""mae12_2021"": 10.201737403869629, ""me_2021"": 7.3635521944804605, ""me12_2021"": 9.543259104350708, ""epochs_trained"": 96}",2026-07-02T09:45:41.813226,completed
1,MAPE,120,1,leaky_relu,2,16,0.1,40.21515655517578,8.869277000427246,3.213068962097168,7.066379275411029,2.143495732190858,40.21515655517578,10.201630592346191,10.660819053649902,7.964175594749528,9.75940037130598,56.433067321777344,"{""loss"": 49.930763244628906, ""mape"": 49.930763244628906, ""mae"": 10.633044242858887, ""val_loss"": 40.21515655517578, ""val_mape"": 40.21515655517578, ""val_mae"": 8.869277000427246, ""lr"": 0.00010000000474974513, ""val_mae12"": 3.213068962097168, ""val_me"": 7.066379275411029, ""val_me12"": 2.143495732190858, ""mape_2021"": 56.433067321777344, ""mae_2021"": 10.201630592346191, ""mae12_2021"": 10.660819053649902, ""me_2021"": 7.964175594749528, ""me12_2021"": 9.75940037130598, ""epochs_trained"": 123}",2026-07-02T09:45:44.605469,completed
1,MAPE,120,1,leaky_relu,2,16,0.05,40.636592864990234,8.937896728515625,3.921292781829834,7.477763161517026,3.090526903168402,40.636592864990234,10.334419250488281,11.15585708618164,8.365750068420606,10.739752906597934,58.32557678222656,"{""loss"": 47.85979461669922, ""mape"": 47.85979461669922, ""mae"": 9.976052284240723, ""val_loss"": 40.636592864990234, ""val_mape"": 40.636592864990234, ""val_mae"": 8.937896728515625, ""lr"": 0.00010000000474974513, ""val_mae12"": 3.921292781829834, ""val_me"": 7.477763161517026, ""val_me12"": 3.090526903168402, ""mape_2021"": 58.32557678222656, ""mae_2021"": 10.334419250488281, ""mae12_2021"": 11.15585708618164, ""me_2021"": 8.365750068420606, ""me12_2021"": 10.739752906597934, ""epochs_trained"": 136}",2026-07-02T09:45:44.660470,completed
1,MAPE,120,1,leaky_relu,2,16,0.3,41.95558166503906,9.460890769958496,2.505195379257202,8.168897304444236,1.559349386133588,41.95558166503906,10.38680648803711,9.16885757446289,8.989554698973304,8.422831798299102,56.38149642944336,"{""loss"": 55.72071838378906, ""mape"": 55.72071838378906, ""mae"": 12.07144832611084, ""val_loss"": 41.95558166503906, ""val_mape"": 41.95558166503906, ""val_mae"": 9.460890769958496, ""lr"": 0.00010000000474974513, ""val_mae12"": 2.505195379257202, ""val_me"": 8.168897304444236, ""val_me12"": 1.559349386133588, ""mape_2021"": 56.38149642944336, ""mae_2021"": 10.38680648803711, ""mae12_2021"": 9.16885757446289, ""me_2021"": 8.989554698973304, ""me12_2021"": 8.422831798299102, ""epochs_trained"": 127}",2026-07-02T09:45:46.371480,completed
1,MAPE,120,1,leaky_relu,1,256,0.3,4.366222858428955,0.9135221242904663,1.136496901512146,0.5442397029819825,-0.4589206606243334,4.366222858428955,0.8194442987442017,1.1413581371307373,0.45531739954000705,-0.5692995565745517,4.754068851470947,"{""loss"": 5.952331066131592, ""mape"": 5.952331066131592, ""mae"": 1.2969590425491333, ""val_loss"": 4.366222858428955, ""val_mape"": 4.366222858428955, ""val_mae"": 0.9135221242904663, ""lr"": 0.00010000000474974513, ""val_mae12"": 1.136496901512146, ""val_me"": 0.5442397029819825, ""val_me12"": -0.4589206606243334, ""mape_2021"": 4.754068851470947, ""mae_2021"": 0.8194442987442017, ""mae12_2021"": 1.1413581371307373, ""me_2021"": 0.45531739954000705, ""me12_2021"": -0.5692995565745517, ""epochs_trained"": 867}",2026-07-02T09:46:20.656980,completed
1,MAPE,120,1,leaky_relu,2,32,0.3,41.01575469970703,9.133125305175781,5.449615478515625,7.125265693433251,4.926069402861412,41.01575469970703,10.349654197692871,12.673707008361816,8.020585081757991,12.586466457262695,61.08666229248047,"{""loss"": 51.698944091796875, ""mape"": 51.698944091796875, ""mae"": 11.096065521240234, ""val_loss"": 41.01575469970703, ""val_mape"": 41.01575469970703, ""val_mae"": 9.133125305175781, ""lr"": 0.00010000000474974513, ""val_mae12"": 5.449615478515625, ""val_me"": 7.125265693433251, ""val_me12"": 4.926069402861412, ""mape_2021"": 61.08666229248047, ""mae_2021"": 10.349654197692871, ""mae12_2021"": 12.673707008361816, ""me_2021"": 8.020585081757991, ""me12_2021"": 12.586466457262695, ""epochs_trained"": 75}",2026-07-02T09:46:42.082170,completed
1,MAPE,120,1,leaky_relu,2,32,0.05,40.18816375732422,8.759297370910645,3.907801628112793,6.92504643415541,2.7554468368516436,40.18816375732422,10.165186882019043,11.109355926513672,7.835791422731125,10.493502585130216,56.62310791015625,"{""loss"": 45.10032653808594, ""mape"": 45.10032653808594, ""mae"": 9.351109504699707, ""val_loss"": 40.18816375732422, ""val_mape"": 40.18816375732422, ""val_mae"": 8.759297370910645, ""lr"": 0.00010000000474974513, ""val_mae12"": 3.907801628112793, ""val_me"": 6.92504643415541, ""val_me12"": 2.7554468368516436, ""mape_2021"": 56.62310791015625, ""mae_2021"": 10.165186882019043, ""mae12_2021"": 11.109355926513672, ""me_2021"": 7.835791422731125, ""me12_2021"": 10.493502585130216, ""epochs_trained"": 93}",2026-07-02T09:46:43.318209,completed
1,MAPE,120,1,leaky_relu,2,32,0.0,39.823360443115234,8.62828540802002,3.8244357109069824,6.810677178823921,1.9592084380323294,39.823360443115234,10.086833000183105,11.164634704589844,7.68597146304254,9.76699303723436,55.41878890991211,"{""loss"": 42.70561599731445, ""mape"": 42.70561599731445, ""mae"": 8.764542579650879, ""val_loss"": 39.823360443115234, ""val_mape"": 39.823360443115234, ""val_mae"": 8.62828540802002, ""lr"": 0.00010000000474974513, ""val_mae12"": 3.8244357109069824, ""val_me"": 6.810677178823921, ""val_me12"": 1.9592084380323294, ""mape_2021"": 55.41878890991211, ""mae_2021"": 10.086833000183105, ""mae12_2021"": 11.164634704589844, ""me_2021"": 7.68597146304254, ""me12_2021"": 9.76699303723436, ""epochs_trained"": 108}",2026-07-02T09:46:43.714192,completed
1,MAPE,120,1,leaky_relu,2,64,0.3,5.730286598205566,1.1703475713729858,1.135031819343567,0.7487881662765263,0.10925795448663587,5.730286598205566,1.0934131145477295,1.2089461088180542,0.7758423052740658,-0.3553129086383465,6.119871616363525,"{""loss"": 11.355315208435059, ""mape"": 11.355315208435059, ""mae"": 2.594393730163574, ""val_loss"": 5.730286598205566, ""val_mape"": 5.730286598205566, ""val_mae"": 1.1703475713729858, ""lr"": 1.0000000656873453e-05, ""val_mae12"": 1.135031819343567, ""val_me"": 0.7487881662765263, ""val_me12"": 0.10925795448663587, ""mape_2021"": 6.119871616363525, ""mae_2021"": 1.0934131145477295, ""mae12_2021"": 1.2089461088180542, ""me_2021"": 0.7758423052740658, ""me12_2021"": -0.3553129086383465, ""epochs_trained"": 559}",2026-07-02T09:47:44.453286,completed
1,MAPE,120,1,leaky_relu,2,64,0.1,4.897516250610352,0.9905052781105042,1.1568660736083984,0.5151945527030906,-0.06252350769650893,4.897516250610352,0.9144298434257507,1.6101040840148926,0.5510233191137337,-0.9480715344531068,5.6112542152404785,"{""loss"": 7.089850425720215, ""mape"": 7.089850425720215, ""mae"": 1.5684162378311157, ""val_loss"": 4.897516250610352, ""val_mape"": 4.897516250610352, ""val_mae"": 0.9905052781105042, ""lr"": 1.0000000656873453e-05, ""val_mae12"": 1.1568660736083984, ""val_me"": 0.5151945527030906, ""val_me12"": -0.06252350769650893, ""mape_2021"": 5.6112542152404785, ""mae_2021"": 0.9144298434257507, ""mae12_2021"": 1.6101040840148926, ""me_2021"": 0.5510233191137337, ""me12_2021"": -0.9480715344531068, ""epochs_trained"": 646}",2026-07-02T09:47:56.173701,completed
1,MAPE,120,1,leaky_relu,2,128,0.1,4.82974100112915,0.971214771270752,1.1420261859893799,0.46414506636084385,-0.12294838020548657,4.82974100112915,0.8614464998245239,1.551062822341919,0.503402683462095,-1.0935408948860739,5.382020473480225,"{""loss"": 5.814308166503906, ""mape"": 5.814308166503906, ""mae"": 1.2569547891616821, ""val_loss"": 4.82974100112915, ""val_mape"": 4.82974100112915, ""val_mae"": 0.971214771270752, ""lr"": 1.0000000656873453e-05, ""val_mae12"": 1.1420261859893799, ""val_me"": 0.46414506636084385, ""val_me12"": -0.12294838020548657, ""mape_2021"": 5.382020473480225, ""mae_2021"": 0.8614464998245239, ""mae12_2021"": 1.551062822341919, ""me_2021"": 0.503402683462095, ""me12_2021"": -1.0935408948860739, ""epochs_trained"": 541}",2026-07-02T09:48:02.959776,completed
1,MAPE,120,1,leaky_relu,2,64,0.05,4.694727420806885,0.9555498361587524,1.1338121891021729,0.4948557611551578,-0.23769647625418805,4.694727420806885,0.8921239972114563,1.7546982765197754,0.5157800227325531,-1.2435363936936914,5.814502716064453,"{""loss"": 5.746539115905762, ""mape"": 5.746539115905762, ""mae"": 1.2439243793487549, ""val_loss"": 4.694727420806885, ""val_mape"": 4.694727420806885, ""val_mae"": 0.9555498361587524, ""lr"": 1.0000000656873453e-05, ""val_mae12"": 1.1338121891021729, ""val_me"": 0.4948557611551578, ""val_me12"": -0.23769647625418805, ""mape_2021"": 5.814502716064453, ""mae_2021"": 0.8921239972114563, ""mae12_2021"": 1.7546982765197754, ""me_2021"": 0.5157800227325531, ""me12_2021"": -1.2435363936936914, ""epochs_trained"": 714}",2026-07-02T09:48:03.656812,completed
1,MAPE,120,1,leaky_relu,2,32,0.1,5.965926170349121,1.247990608215332,1.1618973016738892,0.9436673558390803,-0.25186841309485486,5.965926170349121,1.1684490442276,1.1872353553771973,0.8521392680585146,-0.43411869005632125,6.038313388824463,"{""loss"": 9.314582824707031, ""mape"": 9.314582824707031, ""mae"": 2.1013050079345703, ""val_loss"": 5.965926170349121, ""val_mape"": 5.965926170349121, ""val_mae"": 1.247990608215332, ""lr"": 1.0000000656873453e-05, ""val_mae12"": 1.1618973016738892, ""val_me"": 0.9436673558390803, ""val_me12"": -0.25186841309485486, ""mape_2021"": 6.038313388824463, ""mae_2021"": 1.1684490442276, ""mae12_2021"": 1.1872353553771973, ""me_2021"": 0.8521392680585146, ""me12_2021"": -0.43411869005632125, ""epochs_trained"": 721}",2026-07-02T09:48:05.164305,completed
1,MAPE,120,1,leaky_relu,2,128,0.05,4.518461227416992,0.8996089100837708,1.1159963607788086,0.37111336019172064,-0.1650869301061675,4.518461227416992,0.7934339642524719,1.2858144044876099,0.3884923907772109,-0.6904721913557865,4.5412187576293945,"{""loss"": 4.700660228729248, ""mape"": 4.700660228729248, ""mae"": 0.9992733597755432, ""val_loss"": 4.518461227416992, ""val_mape"": 4.518461227416992, ""val_mae"": 0.8996089100837708, ""lr"": 1.0000000656873453e-05, ""val_mae12"": 1.1159963607788086, ""val_me"": 0.37111336019172064, ""val_me12"": -0.1650869301061675, ""mape_2021"": 4.5412187576293945, ""mae_2021"": 0.7934339642524719, ""mae12_2021"": 1.2858144044876099, ""me_2021"": 0.3884923907772109, ""me12_2021"": -0.6904721913557865, ""epochs_trained"": 612}",2026-07-02T09:48:10.183885,completed
1,MAPE,120,1,leaky_relu,2,128,0.0,4.729109287261963,0.9151742458343506,0.9921477437019348,0.42264062751539444,0.0979339014881536,4.729109287261963,0.781761646270752,0.8068767786026001,0.3041794384356127,0.08086838205771801,4.151110649108887,"{""loss"": 3.102147102355957, ""mape"": 3.102147102355957, ""mae"": 0.6478903889656067, ""val_loss"": 4.729109287261963, ""val_mape"": 4.729109287261963, ""val_mae"": 0.9151742458343506, ""lr"": 0.00010000000474974513, ""val_mae12"": 0.9921477437019348, ""val_me"": 0.42264062751539444, ""val_me12"": 0.0979339014881536, ""mape_2021"": 4.151110649108887, ""mae_2021"": 0.781761646270752, ""mae12_2021"": 0.8068767786026001, ""me_2021"": 0.3041794384356127, ""me12_2021"": 0.08086838205771801, ""epochs_trained"": 642}",2026-07-02T09:48:20.343868,completed
1,MAPE,120,1,leaky_relu,2,64,0.0,4.616156101226807,0.9392818808555603,1.074191927909851,0.44109739573568674,0.06273066633355302,4.616156101226807,0.8321457505226135,1.2035340070724487,0.36605195855210526,-0.8489881189790539,4.9982147216796875,"{""loss"": 3.279745578765869, ""mape"": 3.279745578765869, ""mae"": 0.6867043972015381, ""val_loss"": 4.616156101226807, ""val_mape"": 4.616156101226807, ""val_mae"": 0.9392818808555603, ""lr"": 1.0000000656873453e-05, ""val_mae12"": 1.074191927909851, ""val_me"": 0.44109739573568674, ""val_me12"": 0.06273066633355302, ""mape_2021"": 4.9982147216796875, ""mae_2021"": 0.8321457505226135, ""mae12_2021"": 1.2035340070724487, ""me_2021"": 0.36605195855210526, ""me12_2021"": -0.8489881189790539, ""epochs_trained"": 941}",2026-07-02T09:48:44.769090,completed
1,MAPE,120,1,leaky_relu,2,128,0.3,5.121872901916504,1.035977840423584,1.1424838304519653,0.5116390085465407,0.16397833538240492,5.121872901916504,0.9780929684638977,1.8264657258987427,0.620509875686457,-1.1840451619320949,6.234372615814209,"{""loss"": 8.608255386352539, ""mape"": 8.608255386352539, ""mae"": 1.920715570449829, ""val_loss"": 5.121872901916504, ""val_mape"": 5.121872901916504, ""val_mae"": 1.035977840423584, ""lr"": 1.0000000656873453e-05, ""val_mae12"": 1.1424838304519653, ""val_me"": 0.5116390085465407, ""val_me12"": 0.16397833538240492, ""mape_2021"": 6.234372615814209, ""mae_2021"": 0.9780929684638977, ""mae12_2021"": 1.8264657258987427, ""me_2021"": 0.620509875686457, ""me12_2021"": -1.1840451619320949, ""epochs_trained"": 535}",2026-07-02T09:49:39.327823,completed
1,MAPE,120,1,leaky_relu,2,256,0.1,5.101897239685059,1.0109909772872925,1.2083395719528198,0.3426435182609718,0.1600433160332921,5.101897239685059,0.9220054745674133,1.8176847696304321,0.4282616382804218,-1.2166958612881829,6.039698123931885,"{""loss"": 5.243382453918457, ""mape"": 5.243382453918457, ""mae"": 1.1071624755859375, ""val_loss"": 5.101897239685059, ""val_mape"": 5.101897239685059, ""val_mae"": 1.0109909772872925, ""lr"": 1.0000000656873453e-05, ""val_mae12"": 1.2083395719528198, ""val_me"": 0.3426435182609718, ""val_me12"": 0.1600433160332921, ""mape_2021"": 6.039698123931885, ""mae_2021"": 0.9220054745674133, ""mae12_2021"": 1.8176847696304321, ""me_2021"": 0.4282616382804218, ""me12_2021"": -1.2166958612881829, ""epochs_trained"": 389}",2026-07-02T09:49:46.987238,completed
1,MAPE,120,1,leaky_relu,2,256,0.05,4.602881908416748,0.9137414693832397,1.1422795057296753,0.3550707687221871,0.008002078517285406,4.602881908416748,0.8256340622901917,1.4679208993911743,0.38970025644014084,-0.8703500915638225,5.1340107917785645,"{""loss"": 4.330841541290283, ""mape"": 4.330841541290283, ""mae"": 0.9043881297111511, ""val_loss"": 4.602881908416748, ""val_mape"": 4.602881908416748, ""val_mae"": 0.9137414693832397, ""lr"": 1.0000000656873453e-05, ""val_mae12"": 1.1422795057296753, ""val_me"": 0.3550707687221871, ""val_me12"": 0.008002078517285406, ""mape_2021"": 5.1340107917785645, ""mae_2021"": 0.8256340622901917, ""mae12_2021"": 1.4679208993911743, ""me_2021"": 0.38970025644014084, ""me12_2021"": -0.8703500915638225, ""epochs_trained"": 453}",2026-07-02T09:49:52.494061,completed
1,MAPE,120,1,leaky_relu,2,256,0.3,4.931634426116943,0.985782265663147,1.1538982391357422,0.3719914171336431,0.26432865272181166,4.931634426116943,0.9443250298500061,2.0554285049438477,0.4917944563298499,-1.3208288341183305,6.549010276794434,"{""loss"": 6.9286298751831055, ""mape"": 6.9286298751831055, ""mae"": 1.5314966440200806, ""val_loss"": 4.931634426116943, ""val_mape"": 4.931634426116943, ""val_mae"": 0.985782265663147, ""lr"": 9.999999747378752e-06, ""val_mae12"": 1.1538982391357422, ""val_me"": 0.3719914171336431, ""val_me12"": 0.26432865272181166, ""mape_2021"": 6.549010276794434, ""mae_2021"": 0.9443250298500061, ""mae12_2021"": 2.0554285049438477, ""me_2021"": 0.4917944563298499, ""me12_2021"": -1.3208288341183305, ""epochs_trained"": 479}",2026-07-02T09:49:54.472373,completed
1,MAPE,120,1,leaky_relu,2,256,0.0,4.348922252655029,0.8741814494132996,1.113144040107727,0.4439325313416927,-0.4581153603979756,4.348922252655029,0.7507352828979492,0.9877274632453918,0.35885186734031704,-0.6778619459977255,4.281525135040283,"{""loss"": 2.6726913452148438, ""mape"": 2.6726913452148438, ""mae"": 0.5826992392539978, ""val_loss"": 4.348922252655029, ""val_mape"": 4.348922252655029, ""val_mae"": 0.8741814494132996, ""lr"": 1.0000000656873453e-05, ""val_mae12"": 1.113144040107727, ""val_me"": 0.4439325313416927, ""val_me12"": -0.4581153603979756, ""mape_2021"": 4.281525135040283, ""mae_2021"": 0.7507352828979492, ""mae12_2021"": 0.9877274632453918, ""me_2021"": 0.35885186734031704, ""me12_2021"": -0.6778619459977255, ""epochs_trained"": 1389}",2026-07-02T09:50:42.486414,completed
1,MAPE,120,1,leaky_relu,3,16,0.3,44.071041107177734,9.961774826049805,1.792980670928955,8.997729397028488,0.4591746154043671,44.071041107177734,10.813526153564453,7.831845283508301,9.828413482358679,6.786192714322004,57.553340911865234,"{""loss"": 57.84732437133789, ""mape"": 57.84732437133789, ""mae"": 13.036298751831055, ""val_loss"": 44.071041107177734, ""val_mape"": 44.071041107177734, ""val_mae"": 9.961774826049805, ""lr"": 0.00010000000474974513, ""val_mae12"": 1.792980670928955, ""val_me"": 8.997729397028488, ""val_me12"": 0.4591746154043671, ""mape_2021"": 57.553340911865234, ""mae_2021"": 10.813526153564453, ""mae12_2021"": 7.831845283508301, ""me_2021"": 9.828413482358679, ""me12_2021"": 6.786192714322004, ""epochs_trained"": 86}",2026-07-02T09:51:02.521862,completed
1,MAPE,120,1,leaky_relu,3,32,0.3,42.27552032470703,9.510708808898926,4.256471157073975,7.1811099189380485,3.627644894430646,42.27552032470703,10.316204071044922,11.04029369354248,8.142094328450614,10.811399598070375,58.90911865234375,"{""loss"": 53.82024383544922, ""mape"": 53.82024383544922, ""mae"": 11.72388744354248, ""val_loss"": 42.27552032470703, ""val_mape"": 42.27552032470703, ""val_mae"": 9.510708808898926, ""lr"": 0.00010000000474974513, ""val_mae12"": 4.256471157073975, ""val_me"": 7.1811099189380485, ""val_me12"": 3.627644894430646, ""mape_2021"": 58.90911865234375, ""mae_2021"": 10.316204071044922, ""mae12_2021"": 11.04029369354248, ""me_2021"": 8.142094328450614, ""me12_2021"": 10.811399598070375, ""epochs_trained"": 84}",2026-07-02T09:51:02.579864,completed
1,MAPE,120,1,leaky_relu,3,16,0.05,41.65918731689453,9.188616752624512,5.767401218414307,6.778411315190956,5.286870805919587,41.65918731689453,10.300806999206543,12.827325820922852,7.742494287430331,12.845237084266826,60.89522933959961,"{""loss"": 48.567230224609375, ""mape"": 48.567230224609375, ""mae"": 10.076913833618164, ""val_loss"": 41.65918731689453, ""val_mape"": 41.65918731689453, ""val_mae"": 9.188616752624512, ""lr"": 0.00010000000474974513, ""val_mae12"": 5.767401218414307, ""val_me"": 6.778411315190956, ""val_me12"": 5.286870805919587, ""mape_2021"": 60.89522933959961, ""mae_2021"": 10.300806999206543, ""mae12_2021"": 12.827325820922852, ""me_2021"": 7.742494287430331, ""me12_2021"": 12.845237084266826, ""epochs_trained"": 93}",2026-07-02T09:51:03.014173,completed
1,MAPE,120,1,leaky_relu,3,16,0.1,41.52544021606445,9.297859191894531,4.727050304412842,6.996755300790864,4.070142622207681,41.52544021606445,10.194859504699707,11.884683609008789,7.908454626563721,11.730945354516367,58.758567810058594,"{""loss"": 49.92595291137695, ""mape"": 49.92595291137695, ""mae"": 10.743705749511719, ""val_loss"": 41.52544021606445, ""val_mape"": 41.52544021606445, ""val_mae"": 9.297859191894531, ""lr"": 0.00010000000474974513, ""val_mae12"": 4.727050304412842, ""val_me"": 6.996755300790864, ""val_me12"": 4.070142622207681, ""mape_2021"": 58.758567810058594, ""mae_2021"": 10.194859504699707, ""mae12_2021"": 11.884683609008789, ""me_2021"": 7.908454626563721, ""me12_2021"": 11.730945354516367, ""epochs_trained"": 106}",2026-07-02T09:51:03.625780,completed
1,MAPE,120,1,leaky_relu,3,16,0.0,39.68794631958008,8.586519241333008,3.6961021423339844,6.226297541644992,1.9821094407657291,39.68794631958008,10.059477806091309,10.560277938842773,7.224527273662145,9.43552966165714,55.06462097167969,"{""loss"": 42.45832443237305, ""mape"": 42.45832443237305, ""mae"": 8.7052001953125, ""val_loss"": 39.68794631958008, ""val_mape"": 39.68794631958008, ""val_mae"": 8.586519241333008, ""lr"": 0.00010000000474974513, ""val_mae12"": 3.6961021423339844, ""val_me"": 6.226297541644992, ""val_me12"": 1.9821094407657291, ""mape_2021"": 55.06462097167969, ""mae_2021"": 10.059477806091309, ""mae12_2021"": 10.560277938842773, ""me_2021"": 7.224527273662145, ""me12_2021"": 9.43552966165714, ""epochs_trained"": 119}",2026-07-02T09:51:03.945283,completed
1,MAPE,120,1,leaky_relu,3,32,0.05,5.098784923553467,1.0592066049575806,1.164756417274475,0.648973924688798,-0.2463534261676637,5.098784923553467,0.9608148336410522,1.215195894241333,0.6233699730221932,-0.45775293201919565,5.251220703125,"{""loss"": 7.202541351318359, ""mape"": 7.202541351318359, ""mae"": 1.6146750450134277, ""val_loss"": 5.098784923553467, ""val_mape"": 5.098784923553467, ""val_mae"": 1.0592066049575806, ""lr"": 0.00010000000474974513, ""val_mae12"": 1.164756417274475, ""val_me"": 0.648973924688798, ""val_me12"": -0.2463534261676637, ""mape_2021"": 5.251220703125, ""mae_2021"": 0.9608148336410522, ""mae12_2021"": 1.215195894241333, ""me_2021"": 0.6233699730221932, ""me12_2021"": -0.45775293201919565, ""epochs_trained"": 519}",2026-07-02T09:51:23.000873,completed
1,MAPE,120,1,leaky_relu,3,32,0.1,14.672768592834473,3.0842745304107666,3.014310121536255,1.9526642461209807,1.3998233001756704,14.672768592834473,3.294177770614624,3.226412773132324,2.2454274807587695,-1.8289899845030249,17.074953079223633,"{""loss"": 18.241374969482422, ""mape"": 18.241374969482422, ""mae"": 3.899308681488037, ""val_loss"": 14.672768592834473, ""val_mape"": 14.672768592834473, ""val_mae"": 3.0842745304107666, ""lr"": 9.999999747378752e-06, ""val_mae12"": 3.014310121536255, ""val_me"": 1.9526642461209807, ""val_me12"": 1.3998233001756704, ""mape_2021"": 17.074953079223633, ""mae_2021"": 3.294177770614624, ""mae12_2021"": 3.226412773132324, ""me_2021"": 2.2454274807587695, ""me12_2021"": -1.8289899845030249, ""epochs_trained"": 1247}",2026-07-02T09:51:53.728077,completed
1,MAPE,120,1,leaky_relu,3,32,0.0,5.214922904968262,1.0760746002197266,1.153396487236023,0.5555742358520954,-0.1964869898207874,5.214922904968262,0.9743801951408386,1.2858829498291016,0.44572668170157703,-0.9117348252252798,5.463663101196289,"{""loss"": 4.008423328399658, ""mape"": 4.008423328399658, ""mae"": 0.8517972826957703, ""val_loss"": 5.214922904968262, ""val_mape"": 5.214922904968262, ""val_mae"": 1.0760746002197266, ""lr"": 1.0000000656873453e-05, ""val_mae12"": 1.153396487236023, ""val_me"": 0.5555742358520954, ""val_me12"": -0.1964869898207874, ""mape_2021"": 5.463663101196289, ""mae_2021"": 0.9743801951408386, ""mae12_2021"": 1.2858829498291016, ""me_2021"": 0.44572668170157703, ""me12_2021"": -0.9117348252252798, ""epochs_trained"": 2900}",2026-07-02T09:52:48.594909,completed
2,MAPE,120,1,relu,3,16,0.05,39.549537658691406,8.753684997558594,3.8389623165130615,6.644509955902386,3.108867474415916,39.549537658691406,9.985674858093262,10.927178382873535,7.567013882477832,10.504281025499715,56.19203567504883,"{""loss"": 45.64468765258789, ""mape"": 45.64468765258789, ""mae"": 9.621952056884766, ""val_loss"": 39.549537658691406, ""val_mape"": 39.549537658691406, ""val_mae"": 8.753684997558594, ""lr"": 0.00010000000474974513, ""val_mae12"": 3.8389623165130615, ""val_me"": 6.644509955902386, ""val_me12"": 3.108867474415916, ""mape_2021"": 56.19203567504883, ""mae_2021"": 9.985674858093262, ""mae12_2021"": 10.927178382873535, ""me_2021"": 7.567013882477832, ""me12_2021"": 10.504281025499715, ""epochs_trained"": 116}",2026-07-03T13:57:40.954082,completed
2,MAPE,120,1,relu,3,16,0.0,39.20387649536133,8.473885536193848,3.9944398403167725,6.442832010426164,1.1644328924026464,39.20387649536133,9.897085189819336,10.181138038635254,7.329151042184754,8.447467348347718,53.4189338684082,"{""loss"": 42.00911331176758, ""mape"": 42.00911331176758, ""mae"": 8.610613822937012, ""val_loss"": 39.20387649536133, ""val_mape"": 39.20387649536133, ""val_mae"": 8.473885536193848, ""lr"": 1.0000000656873453e-05, ""val_mae12"": 3.9944398403167725, ""val_me"": 6.442832010426164, ""val_me12"": 1.1644328924026464, ""mape_2021"": 53.4189338684082, ""mae_2021"": 9.897085189819336, ""mae12_2021"": 10.181138038635254, ""me_2021"": 7.329151042184754, ""me12_2021"": 8.447467348347718, ""epochs_trained"": 138}",2026-07-03T13:57:44.402347,completed
2,MAPE,120,1,relu,3,16,0.3,45.37171936035156,10.294621467590332,1.960770845413208,9.269755597701772,-0.26836425782317025,45.37171936035156,11.006233215332031,6.941831588745117,10.168381832709715,5.546194240156758,57.60517120361328,"{""loss"": 59.55178451538086, ""mape"": 59.55178451538086, ""mae"": 13.425247192382812, ""val_loss"": 45.37171936035156, ""val_mape"": 45.37171936035156, ""val_mae"": 10.294621467590332, ""lr"": 0.00010000000474974513, ""val_mae12"": 1.960770845413208, ""val_me"": 9.269755597701772, ""val_me12"": -0.26836425782317025, ""mape_2021"": 57.60517120361328, ""mae_2021"": 11.006233215332031, ""mae12_2021"": 6.941831588745117, ""me_2021"": 10.168381832709715, ""me12_2021"": 5.546194240156758, ""epochs_trained"": 97}",2026-07-03T13:58:21.229919,completed
2,MAPE,120,1,relu,3,16,0.1,39.174861907958984,8.759346008300781,2.542011022567749,6.75291381482393,0.7519272404215516,39.174861907958984,10.05772876739502,9.76579475402832,7.7151934832875595,8.062887750547853,54.1744499206543,"{""loss"": 47.46498489379883, ""mape"": 47.46498489379883, ""mae"": 10.214326858520508, ""val_loss"": 39.174861907958984, ""val_mape"": 39.174861907958984, ""val_mae"": 8.759346008300781, ""lr"": 0.00010000000474974513, ""val_mae12"": 2.542011022567749, ""val_me"": 6.75291381482393, ""val_me12"": 0.7519272404215516, ""mape_2021"": 54.1744499206543, ""mae_2021"": 10.05772876739502, ""mae12_2021"": 9.76579475402832, ""me_2021"": 7.7151934832875595, ""me12_2021"": 8.062887750547853, ""epochs_trained"": 125}",2026-07-03T13:58:24.614867,completed
2,MAPE,120,1,relu,2,256,0.1,4.877685546875,0.9496968388557434,1.3797534704208374,0.2924434942932856,-0.11464307474122405,4.877685546875,0.8685817718505859,1.6153889894485474,0.3138822414100747,-0.7947770460793768,5.1816086769104,"{""loss"": 5.207354545593262, ""mape"": 5.207354545593262, ""mae"": 1.117195725440979, ""val_loss"": 4.877685546875, ""val_mape"": 4.877685546875, ""val_mae"": 0.9496968388557434, ""lr"": 1.0000000656873453e-05, ""val_mae12"": 1.3797534704208374, ""val_me"": 0.2924434942932856, ""val_me12"": -0.11464307474122405, ""mape_2021"": 5.1816086769104, ""mae_2021"": 0.8685817718505859, ""mae12_2021"": 1.6153889894485474, ""me_2021"": 0.3138822414100747, ""me12_2021"": -0.7947770460793768, ""epochs_trained"": 388}",2026-07-03T13:58:30.129872,completed
2,MAPE,120,1,relu,2,256,0.05,4.604794025421143,0.9006146788597107,1.205920696258545,0.3343967250663489,-0.2366541994376844,4.604794025421143,0.8329870104789734,1.4981212615966797,0.3269232580633903,-0.34094292465343023,4.8616156578063965,"{""loss"": 4.286494731903076, ""mape"": 4.286494731903076, ""mae"": 0.9137506484985352, ""val_loss"": 4.604794025421143, ""val_mape"": 4.604794025421143, ""val_mae"": 0.9006146788597107, ""lr"": 1.0000000656873453e-05, ""val_mae12"": 1.205920696258545, ""val_me"": 0.3343967250663489, ""val_me12"": -0.2366541994376844, ""mape_2021"": 4.8616156578063965, ""mae_2021"": 0.8329870104789734, ""mae12_2021"": 1.4981212615966797, ""me_2021"": 0.3269232580633903, ""me12_2021"": -0.34094292465343023, ""epochs_trained"": 410}",2026-07-03T13:58:31.977367,completed
2,MAPE,120,1,relu,2,256,0.3,4.886842727661133,0.973689615726471,1.265328049659729,0.368170904347426,0.2607287502495139,4.886842727661133,0.8797102570533752,1.4820013046264648,0.44624009176953217,-0.4434276466887809,5.102797985076904,"{""loss"": 7.048568248748779, ""mape"": 7.048568248748779, ""mae"": 1.5949158668518066, ""val_loss"": 4.886842727661133, ""val_mape"": 4.886842727661133, ""val_mae"": 0.973689615726471, ""lr"": 0.00010000000474974513, ""val_mae12"": 1.265328049659729, ""val_me"": 0.368170904347426, ""val_me12"": 0.2607287502495139, ""mape_2021"": 5.102797985076904, ""mae_2021"": 0.8797102570533752, ""mae12_2021"": 1.4820013046264648, ""me_2021"": 0.44624009176953217, ""me12_2021"": -0.4434276466887809, ""epochs_trained"": 453}",2026-07-03T13:58:34.942504,completed
2,MAPE,120,1,relu,3,32,0.1,38.567543029785156,8.53780746459961,3.3282065391540527,6.606085828420556,2.6976880659522564,38.567543029785156,10.010944366455078,10.356040954589844,7.606352966331052,9.827239055582277,55.67300033569336,"{""loss"": 45.252418518066406, ""mape"": 45.252418518066406, ""mae"": 9.61166000366211, ""val_loss"": 38.567543029785156, ""val_mape"": 38.567543029785156, ""val_mae"": 8.53780746459961, ""lr"": 0.00010000000474974513, ""val_mae12"": 3.3282065391540527, ""val_me"": 6.606085828420556, ""val_me12"": 2.6976880659522564, ""mape_2021"": 55.67300033569336, ""mae_2021"": 10.010944366455078, ""mae12_2021"": 10.356040954589844, ""me_2021"": 7.606352966331052, ""me12_2021"": 9.827239055582277, ""epochs_trained"": 86}",2026-07-03T13:58:43.670536,completed
2,MAPE,120,1,relu,3,32,0.3,40.901912689208984,9.1881742477417,1.9236595630645752,7.768714804766836,0.28261692337162775,40.901912689208984,10.437545776367188,7.850228309631348,8.80030010606136,6.4997422432828325,55.78902816772461,"{""loss"": 51.07328796386719, ""mape"": 51.07328796386719, ""mae"": 11.180648803710938, ""val_loss"": 40.901912689208984, ""val_mape"": 40.901912689208984, ""val_mae"": 9.1881742477417, ""lr"": 0.00010000000474974513, ""val_mae12"": 1.9236595630645752, ""val_me"": 7.768714804766836, ""val_me12"": 0.28261692337162775, ""mape_2021"": 55.78902816772461, ""mae_2021"": 10.437545776367188, ""mae12_2021"": 7.850228309631348, ""me_2021"": 8.80030010606136, ""me12_2021"": 6.4997422432828325, ""epochs_trained"": 86}",2026-07-03T13:58:45.028114,completed
2,MAPE,120,1,relu,3,32,0.0,5.867648124694824,1.209356427192688,1.4760539531707764,0.301574831817078,-0.2459996484721269,5.867648124694824,1.1264508962631226,1.487451195716858,0.24149681803299408,-0.16863684771949006,6.8037309646606445,"{""loss"": 4.294252872467041, ""mape"": 4.294252872467041, ""mae"": 0.8926346898078918, ""val_loss"": 5.867648124694824, ""val_mape"": 5.867648124694824, ""val_mae"": 1.209356427192688, ""lr"": 0.00010000000474974513, ""val_mae12"": 1.4760539531707764, ""val_me"": 0.301574831817078, ""val_me12"": -0.2459996484721269, ""mape_2021"": 6.8037309646606445, ""mae_2021"": 1.1264508962631226, ""mae12_2021"": 1.487451195716858, ""me_2021"": 0.24149681803299408, ""me12_2021"": -0.16863684771949006, ""epochs_trained"": 434}",2026-07-03T13:58:58.216702,completed
2,MAPE,120,1,relu,3,32,0.05,6.007678985595703,1.2604604959487915,1.3906151056289673,0.8270171581737409,-0.5560330919314019,6.007678985595703,1.1202311515808105,1.627976417541504,0.7794669051562124,-0.5769964625067684,6.470455169677734,"{""loss"": 7.92586612701416, ""mape"": 7.92586612701416, ""mae"": 1.7860372066497803, ""val_loss"": 6.007678985595703, ""val_mape"": 6.007678985595703, ""val_mae"": 1.2604604959487915, ""lr"": 1.0000000656873453e-05, ""val_mae12"": 1.3906151056289673, ""val_me"": 0.8270171581737409, ""val_me12"": -0.5560330919314019, ""mape_2021"": 6.470455169677734, ""mae_2021"": 1.1202311515808105, ""mae12_2021"": 1.627976417541504, ""me_2021"": 0.7794669051562124, ""me12_2021"": -0.5769964625067684, ""epochs_trained"": 497}",2026-07-03T13:59:03.350138,completed
2,MAPE,120,1,relu,2,256,0.0,4.212583065032959,0.8431857824325562,1.0603783130645752,0.37212852441959154,-0.2880921303732664,4.212583065032959,0.7877600193023682,0.9152236580848694,0.3092150021426829,-0.3793184010976393,4.270133018493652,"{""loss"": 2.547835350036621, ""mape"": 2.547835350036621, ""mae"": 0.5510724782943726, ""val_loss"": 4.212583065032959, ""val_mape"": 4.212583065032959, ""val_mae"": 0.8431857824325562, ""lr"": 1.0000000656873453e-05, ""val_mae12"": 1.0603783130645752, ""val_me"": 0.37212852441959154, ""val_me12"": -0.2880921303732664, ""mape_2021"": 4.270133018493652, ""mae_2021"": 0.7877600193023682, ""mae12_2021"": 0.9152236580848694, ""me_2021"": 0.3092150021426829, ""me12_2021"": -0.3793184010976393, ""epochs_trained"": 984}",2026-07-03T13:59:05.965110,completed
2,MAPE,120,1,relu,3,64,0.3,8.4967041015625,1.9468567371368408,1.5045623779296875,1.4502702294376024,-0.6446637786350067,8.4967041015625,1.731092929840088,1.7260206937789917,1.5322208510595197,-0.8392693679271424,9.303801536560059,"{""loss"": 13.753632545471191, ""mape"": 13.753632545471191, ""mae"": 3.133781671524048, ""val_loss"": 8.4967041015625, ""val_mape"": 8.4967041015625, ""val_mae"": 1.9468567371368408, ""lr"": 0.00010000000474974513, ""val_mae12"": 1.5045623779296875, ""val_me"": 1.4502702294376024, ""val_me12"": -0.6446637786350067, ""mape_2021"": 9.303801536560059, ""mae_2021"": 1.731092929840088, ""mae12_2021"": 1.7260206937789917, ""me_2021"": 1.5322208510595197, ""me12_2021"": -0.8392693679271424, ""epochs_trained"": 309}",2026-07-03T13:59:56.984735,completed
2,MAPE,120,1,relu,3,128,0.05,5.086367607116699,1.050294041633606,1.2161657810211182,0.5220297504579798,-0.10714631971720932,5.086367607116699,0.9356284141540527,1.400202751159668,0.5020918860149522,-0.3803108376114959,5.561948776245117,"{""loss"": 5.026396751403809, ""mape"": 5.026396751403809, ""mae"": 1.1051280498504639, ""val_loss"": 5.086367607116699, ""val_mape"": 5.086367607116699, ""val_mae"": 1.050294041633606, ""lr"": 0.00010000000474974513, ""val_mae12"": 1.2161657810211182, ""val_me"": 0.5220297504579798, ""val_me12"": -0.10714631971720932, ""mape_2021"": 5.561948776245117, ""mae_2021"": 0.9356284141540527, ""mae12_2021"": 1.400202751159668, ""me_2021"": 0.5020918860149522, ""me12_2021"": -0.3803108376114959, ""epochs_trained"": 350}",2026-07-03T13:59:59.818740,completed
2,MAPE,120,1,relu,3,64,0.1,5.930431842803955,1.2861708402633667,1.2731906175613403,0.7735161446353307,-0.2858740195562609,5.930431842803955,1.005491018295288,1.37679922580719,0.7149879643298163,-0.4419423383324737,5.784241676330566,"{""loss"": 7.71943998336792, ""mape"": 7.71943998336792, ""mae"": 1.7314648628234863, ""val_loss"": 5.930431842803955, ""val_mape"": 5.930431842803955, ""val_mae"": 1.2861708402633667, ""lr"": 0.00010000000474974513, ""val_mae12"": 1.2731906175613403, ""val_me"": 0.7735161446353307, ""val_me12"": -0.2858740195562609, ""mape_2021"": 5.784241676330566, ""mae_2021"": 1.005491018295288, ""mae12_2021"": 1.37679922580719, ""me_2021"": 0.7149879643298163, ""me12_2021"": -0.4419423383324737, ""epochs_trained"": 394}",2026-07-03T14:00:02.193539,completed
2,MAPE,120,1,relu,3,128,0.0,5.044058799743652,0.9494989514350891,1.2094610929489136,0.32428634907003995,-0.06568234049280182,5.044058799743652,0.9237805604934692,1.4974220991134644,0.2593295853159916,-0.08945442123981046,5.276399612426758,"{""loss"": 3.162947416305542, ""mape"": 3.162947416305542, ""mae"": 0.6598615050315857, ""val_loss"": 5.044058799743652, ""val_mape"": 5.044058799743652, ""val_mae"": 0.9494989514350891, ""lr"": 0.00010000000474974513, ""val_mae12"": 1.2094610929489136, ""val_me"": 0.32428634907003995, ""val_me12"": -0.06568234049280182, ""mape_2021"": 5.276399612426758, ""mae_2021"": 0.9237805604934692, ""mae12_2021"": 1.4974220991134644, ""me_2021"": 0.2593295853159916, ""me12_2021"": -0.08945442123981046, ""epochs_trained"": 398}",2026-07-03T14:00:02.306540,completed
2,MAPE,120,1,relu,3,64,0.05,5.205096244812012,1.0784618854522705,1.4112211465835571,0.5420404178276488,-0.5093314926684047,5.205096244812012,0.9095159769058228,1.3342677354812622,0.5323566747409727,-0.4553037710945314,5.374180793762207,"{""loss"": 5.960982799530029, ""mape"": 5.960982799530029, ""mae"": 1.3240875005722046, ""val_loss"": 5.205096244812012, ""val_mape"": 5.205096244812012, ""val_mae"": 1.0784618854522705, ""lr"": 0.00010000000474974513, ""val_mae12"": 1.4112211465835571, ""val_me"": 0.5420404178276488, ""val_me12"": -0.5093314926684047, ""mape_2021"": 5.374180793762207, ""mae_2021"": 0.9095159769058228, ""mae12_2021"": 1.3342677354812622, ""me_2021"": 0.5323566747409727, ""me12_2021"": -0.4553037710945314, ""epochs_trained"": 413}",2026-07-03T14:00:03.835116,completed
2,MAPE,120,1,relu,3,64,0.0,4.8307623863220215,0.9308317303657532,1.213505744934082,0.17016782865566446,0.34392914027017235,4.8307623863220215,0.9415516257286072,1.2081379890441895,0.12068100097518213,0.12987594701328148,5.329655647277832,"{""loss"": 3.359717607498169, ""mape"": 3.359717607498169, ""mae"": 0.6954360604286194, ""val_loss"": 4.8307623863220215, ""val_mape"": 4.8307623863220215, ""val_mae"": 0.9308317303657532, ""lr"": 0.00010000000474974513, ""val_mae12"": 1.213505744934082, ""val_me"": 0.17016782865566446, ""val_me12"": 0.34392914027017235, ""mape_2021"": 5.329655647277832, ""mae_2021"": 0.9415516257286072, ""mae12_2021"": 1.2081379890441895, ""me_2021"": 0.12068100097518213, ""me12_2021"": 0.12987594701328148, ""epochs_trained"": 424}",2026-07-03T14:00:04.503112,completed
2,MAPE,120,1,relu,3,128,0.3,8.94174861907959,2.068446159362793,1.5029304027557373,1.3958798300623794,0.17830583591145413,8.94174861907959,1.8484748601913452,1.8124455213546753,1.4814113118549734,-0.6330698852919269,9.415470123291016,"{""loss"": 10.992574691772461, ""mape"": 10.992574691772461, ""mae"": 2.4867184162139893, ""val_loss"": 8.94174861907959, ""val_mape"": 8.94174861907959, ""val_mae"": 2.068446159362793, ""lr"": 0.00010000000474974513, ""val_mae12"": 1.5029304027557373, ""val_me"": 1.3958798300623794, ""val_me12"": 0.17830583591145413, ""mape_2021"": 9.415470123291016, ""mae_2021"": 1.8484748601913452, ""mae12_2021"": 1.8124455213546753, ""me_2021"": 1.4814113118549734, ""me12_2021"": -0.6330698852919269, ""epochs_trained"": 238}",2026-07-03T14:01:10.832224,completed
2,MAPE,120,1,relu,3,256,0.0,6.280394554138184,1.2542804479599,1.54509437084198,0.11774600696446484,0.3094771474506179,6.280394554138184,1.262888789176941,1.9913086891174316,0.10897034814585378,-0.6897361984451011,7.135143756866455,"{""loss"": 4.331425666809082, ""mape"": 4.331425666809082, ""mae"": 0.9119064211845398, ""val_loss"": 6.280394554138184, ""val_mape"": 6.280394554138184, ""val_mae"": 1.2542804479599, ""lr"": 0.00010000000474974513, ""val_mae12"": 1.54509437084198, ""val_me"": 0.11774600696446484, ""val_me12"": 0.3094771474506179, ""mape_2021"": 7.135143756866455, ""mae_2021"": 1.262888789176941, ""mae12_2021"": 1.9913086891174316, ""me_2021"": 0.10897034814585378, ""me12_2021"": -0.6897361984451011, ""epochs_trained"": 221}",2026-07-03T14:01:20.433485,completed
2,MAPE,120,1,relu,3,256,0.3,9.253171920776367,2.175036668777466,1.6582320928573608,1.41898994466072,-0.7117343123582327,9.253171920776367,1.6641514301300049,2.070115566253662,1.4537293724323606,-1.4317564100760505,8.68911075592041,"{""loss"": 8.842840194702148, ""mape"": 8.842840194702148, ""mae"": 1.976685881614685, ""val_loss"": 9.253171920776367, ""val_mape"": 9.253171920776367, ""val_mae"": 2.175036668777466, ""lr"": 0.00010000000474974513, ""val_mae12"": 1.6582320928573608, ""val_me"": 1.41898994466072, ""val_me12"": -0.7117343123582327, ""mape_2021"": 8.68911075592041, ""mae_2021"": 1.6641514301300049, ""mae12_2021"": 2.070115566253662, ""me_2021"": 1.4537293724323606, ""me12_2021"": -1.4317564100760505, ""epochs_trained"": 202}",2026-07-03T14:01:22.082401,completed
2,MAPE,120,1,relu,3,128,0.1,5.41775369644165,1.1593353748321533,1.1373696327209473,0.5418025791901188,-0.0970026223249731,5.41775369644165,0.8677558302879333,1.3425819873809814,0.5052067095663982,-0.09040368157012105,5.11098575592041,"{""loss"": 5.854579448699951, ""mape"": 5.854579448699951, ""mae"": 1.2998872995376587, ""val_loss"": 5.41775369644165, ""val_mape"": 5.41775369644165, ""val_mae"": 1.1593353748321533, ""lr"": 0.00010000000474974513, ""val_mae12"": 1.1373696327209473, ""val_me"": 0.5418025791901188, ""val_me12"": -0.0970026223249731, ""mape_2021"": 5.11098575592041, ""mae_2021"": 0.8677558302879333, ""mae12_2021"": 1.3425819873809814, ""me_2021"": 0.5052067095663982, ""me12_2021"": -0.09040368157012105, ""epochs_trained"": 360}",2026-07-03T14:01:22.119398,completed
2,MAPE,120,1,relu,3,256,0.05,5.932558059692383,1.2245203256607056,1.6010905504226685,0.3076450135859948,-0.008656954337758965,5.932558059692383,0.9821223616600037,1.5556056499481201,0.353473445086309,-0.644658941655739,5.80506706237793,"{""loss"": 4.661129474639893, ""mape"": 4.661129474639893, ""mae"": 1.0003644227981567, ""val_loss"": 5.932558059692383, ""val_mape"": 5.932558059692383, ""val_mae"": 1.2245203256607056, ""lr"": 0.00010000000474974513, ""val_mae12"": 1.6010905504226685, ""val_me"": 0.3076450135859948, ""val_me12"": -0.008656954337758965, ""mape_2021"": 5.80506706237793, ""mae_2021"": 0.9821223616600037, ""mae12_2021"": 1.5556056499481201, ""me_2021"": 0.353473445086309, ""me12_2021"": -0.644658941655739, ""epochs_trained"": 237}",2026-07-03T14:01:22.486499,completed
2,MAPE,120,1,relu,3,256,0.1,6.085699081420898,1.3084768056869507,1.4060859680175781,0.44191409265667486,-0.12413640798596515,6.085699081420898,0.9704784154891968,1.5359660387039185,0.46641290322398155,-0.7328596987287705,5.679942607879639,"{""loss"": 5.455671787261963, ""mape"": 5.455671787261963, ""mae"": 1.1884475946426392, ""val_loss"": 6.085699081420898, ""val_mape"": 6.085699081420898, ""val_mae"": 1.3084768056869507, ""lr"": 0.00010000000474974513, ""val_mae12"": 1.4060859680175781, ""val_me"": 0.44191409265667486, ""val_me12"": -0.12413640798596515, ""mape_2021"": 5.679942607879639, ""mae_2021"": 0.9704784154891968, ""mae12_2021"": 1.5359660387039185, ""me_2021"": 0.46641290322398155, ""me12_2021"": -0.7328596987287705, ""epochs_trained"": 238}",2026-07-03T14:01:23.025905,completed
2,MAPE,120,1,leaky_relu,1,32,0.05,40.31813049316406,8.841581344604492,3.374725103378296,7.280487969452697,2.363469122154993,40.31813049316406,10.319182395935059,10.288201332092285,8.212769368288894,9.597862986760617,56.41614532470703,"{""loss"": 45.51636505126953, ""mape"": 45.51636505126953, ""mae"": 9.379837989807129, ""val_loss"": 40.31813049316406, ""val_mape"": 40.31813049316406, ""val_mae"": 8.841581344604492, ""lr"": 0.00010000000474974513, ""val_mae12"": 3.374725103378296, ""val_me"": 7.280487969452697, ""val_me12"": 2.363469122154993, ""mape_2021"": 56.41614532470703, ""mae_2021"": 10.319182395935059, ""mae12_2021"": 10.288201332092285, ""me_2021"": 8.212769368288894, ""me12_2021"": 9.597862986760617, ""epochs_trained"": 119}",2026-07-03T14:01:39.555737,completed
2,MAPE,120,1,leaky_relu,1,16,0.1,41.61664581298828,9.296408653259277,3.003021478652954,8.453130616355764,1.7621180212117116,41.61664581298828,10.513961791992188,9.236328125,9.182159769297165,8.230509763772348,55.69978332519531,"{""loss"": 49.7520866394043, ""mape"": 49.7520866394043, ""mae"": 10.367010116577148, ""val_loss"": 41.61664581298828, ""val_mape"": 41.61664581298828, ""val_mae"": 9.296408653259277, ""lr"": 0.00010000000474974513, ""val_mae12"": 3.003021478652954, ""val_me"": 8.453130616355764, ""val_me12"": 1.7621180212117116, ""mape_2021"": 55.69978332519531, ""mae_2021"": 10.513961791992188, ""mae12_2021"": 9.236328125, ""me_2021"": 9.182159769297165, ""me12_2021"": 8.230509763772348, ""epochs_trained"": 252}",2026-07-03T14:01:45.631414,completed
2,MAPE,120,1,leaky_relu,1,16,0.0,12.441296577453613,3.001701593399048,0.9444678425788879,2.1295145702319345,0.016079430778150435,12.441296577453613,3.3919272422790527,1.0301566123962402,2.679275811156476,-0.6989035253353092,14.765016555786133,"{""loss"": 11.448346138000488, ""mape"": 11.448346138000488, ""mae"": 2.7904627323150635, ""val_loss"": 12.441296577453613, ""val_mape"": 12.441296577453613, ""val_mae"": 3.001701593399048, ""lr"": 0.00010000000474974513, ""val_mae12"": 0.9444678425788879, ""val_me"": 2.1295145702319345, ""val_me12"": 0.016079430778150435, ""mape_2021"": 14.765016555786133, ""mae_2021"": 3.3919272422790527, ""mae12_2021"": 1.0301566123962402, ""me_2021"": 2.679275811156476, ""me12_2021"": -0.6989035253353092, ""epochs_trained"": 1341}",2026-07-03T14:02:36.073247,completed
2,MAPE,120,1,leaky_relu,1,64,0.0,40.030208587646484,8.746675491333008,3.510896921157837,6.611734511949721,2.0581420274060185,40.030208587646484,10.197693824768066,9.730294227600098,7.60926920881024,8.701277887637476,54.32659912109375,"{""loss"": 43.18547821044922, ""mape"": 43.18547821044922, ""mae"": 8.877180099487305, ""val_loss"": 40.030208587646484, ""val_mape"": 40.030208587646484, ""val_mae"": 8.746675491333008, ""lr"": 0.00010000000474974513, ""val_mae12"": 3.510896921157837, ""val_me"": 6.611734511949721, ""val_me12"": 2.0581420274060185, ""mape_2021"": 54.32659912109375, ""mae_2021"": 10.197693824768066, ""mae12_2021"": 9.730294227600098, ""me_2021"": 7.60926920881024, ""me12_2021"": 8.701277887637476, ""epochs_trained"": 114}",2026-07-03T14:02:46.409183,completed
2,MAPE,120,1,leaky_relu,1,16,0.3,8.266926765441895,1.8452874422073364,1.026476263999939,1.7925591568850994,-0.44086631303305845,8.266926765441895,1.8068368434906006,1.1456893682479858,1.6766661139959254,0.017939637914360037,9.042726516723633,"{""loss"": 15.942639350891113, ""mape"": 15.942639350891113, ""mae"": 3.742610454559326, ""val_loss"": 8.266926765441895, ""val_mape"": 8.266926765441895, ""val_mae"": 1.8452874422073364, ""lr"": 0.00010000000474974513, ""val_mae12"": 1.026476263999939, ""val_me"": 1.7925591568850994, ""val_me12"": -0.44086631303305845, ""mape_2021"": 9.042726516723633, ""mae_2021"": 1.8068368434906006, ""mae12_2021"": 1.1456893682479858, ""me_2021"": 1.6766661139959254, ""me12_2021"": 0.017939637914360037, ""epochs_trained"": 1536}",2026-07-03T14:02:47.071978,completed
2,MAPE,120,1,leaky_relu,1,32,0.3,6.843837738037109,1.4973061084747314,1.1262307167053223,1.3345361114413192,-0.24446925265546582,6.843837738037109,1.4619650840759277,1.162833333015442,1.2531852406606014,-0.13449839890714654,7.404016971588135,"{""loss"": 13.033049583435059, ""mape"": 13.033049583435059, ""mae"": 2.996779680252075, ""val_loss"": 6.843837738037109, ""val_mape"": 6.843837738037109, ""val_mae"": 1.4973061084747314, ""lr"": 0.00010000000474974513, ""val_mae12"": 1.1262307167053223, ""val_me"": 1.3345361114413192, ""val_me12"": -0.24446925265546582, ""mape_2021"": 7.404016971588135, ""mae_2021"": 1.4619650840759277, ""mae12_2021"": 1.162833333015442, ""me_2021"": 1.2531852406606014, ""me12_2021"": -0.13449839890714654, ""epochs_trained"": 1253}",2026-07-03T14:02:50.151788,completed
2,MAPE,120,1,leaky_relu,1,32,0.1,4.980776786804199,1.0375571250915527,1.1215022802352905,0.7439160547196044,-0.37248427000841505,4.980776786804199,0.9121046662330627,1.2902965545654297,0.6433020464704974,-0.746769426477668,5.1422271728515625,"{""loss"": 6.667632102966309, ""mape"": 6.667632102966309, ""mae"": 1.485026478767395, ""val_loss"": 4.980776786804199, ""val_mape"": 4.980776786804199, ""val_mae"": 1.0375571250915527, ""lr"": 1.0000000656873453e-05, ""val_mae12"": 1.1215022802352905, ""val_me"": 0.7439160547196044, ""val_me12"": -0.37248427000841505, ""mape_2021"": 5.1422271728515625, ""mae_2021"": 0.9121046662330627, ""mae12_2021"": 1.2902965545654297, ""me_2021"": 0.6433020464704974, ""me12_2021"": -0.746769426477668, ""epochs_trained"": 1541}",2026-07-03T14:02:58.553887,completed
2,MAPE,120,1,leaky_relu,1,16,0.05,6.886179447174072,1.5168155431747437,1.1151586771011353,1.3132924532028525,-0.6105252650323804,6.886179447174072,1.5160642862319946,0.8930279016494751,1.2776381130387933,-0.11736280141764834,7.473926544189453,"{""loss"": 8.350452423095703, ""mape"": 8.350452423095703, ""mae"": 1.7518686056137085, ""val_loss"": 6.886179447174072, ""val_mape"": 6.886179447174072, ""val_mae"": 1.5168155431747437, ""lr"": 0.00010000000474974513, ""val_mae12"": 1.1151586771011353, ""val_me"": 1.3132924532028525, ""val_me12"": -0.6105252650323804, ""mape_2021"": 7.473926544189453, ""mae_2021"": 1.5160642862319946, ""mae12_2021"": 0.8930279016494751, ""me_2021"": 1.2776381130387933, ""me12_2021"": -0.11736280141764834, ""epochs_trained"": 2008}",2026-07-03T14:03:09.872561,completed
2,MAPE,120,1,leaky_relu,1,32,0.0,5.292762756347656,1.0856820344924927,1.1623433828353882,0.4961634067308502,0.003559834336059309,5.292762756347656,0.9835585951805115,1.4461333751678467,0.48697143849565416,-1.158712104256998,6.020804405212402,"{""loss"": 3.781496524810791, ""mape"": 3.781496524810791, ""mae"": 0.7989441156387329, ""val_loss"": 5.292762756347656, ""val_mape"": 5.292762756347656, ""val_mae"": 1.0856820344924927, ""lr"": 0.00010000000474974513, ""val_mae12"": 1.1623433828353882, ""val_me"": 0.4961634067308502, ""val_me12"": 0.003559834336059309, ""mape_2021"": 6.020804405212402, ""mae_2021"": 0.9835585951805115, ""mae12_2021"": 1.4461333751678467, ""me_2021"": 0.48697143849565416, ""me12_2021"": -1.158712104256998, ""epochs_trained"": 2102}",2026-07-03T14:03:13.266999,completed
2,MAPE,120,1,leaky_relu,1,64,0.3,6.677482604980469,1.4168747663497925,1.447884202003479,1.0163423267503755,-0.4418185239706586,6.677482604980469,1.3665688037872314,2.031620740890503,1.0556926029238751,-1.585329486006328,7.878556251525879,"{""loss"": 11.211252212524414, ""mape"": 11.211252212524414, ""mae"": 2.4608428478240967, ""val_loss"": 6.677482604980469, ""val_mape"": 6.677482604980469, ""val_mae"": 1.4168747663497925, ""lr"": 1.0000000656873453e-05, ""val_mae12"": 1.447884202003479, ""val_me"": 1.0163423267503755, ""val_me12"": -0.4418185239706586, ""mape_2021"": 7.878556251525879, ""mae_2021"": 1.3665688037872314, ""mae12_2021"": 2.031620740890503, ""me_2021"": 1.0556926029238751, ""me12_2021"": -1.585329486006328, ""epochs_trained"": 973}",2026-07-03T14:03:39.752376,completed
2,MAPE,120,1,leaky_relu,1,64,0.05,4.9026055335998535,0.9830518364906311,1.230399250984192,0.6198915911840317,-0.43599345620427277,4.9026055335998535,0.9005483388900757,1.201829195022583,0.5075025283298186,-0.7270871235446196,5.108630657196045,"{""loss"": 4.851248264312744, ""mape"": 4.851248264312744, ""mae"": 1.0357803106307983, ""val_loss"": 4.9026055335998535, ""val_mape"": 4.9026055335998535, ""val_mae"": 0.9830518364906311, ""lr"": 0.00010000000474974513, ""val_mae12"": 1.230399250984192, ""val_me"": 0.6198915911840317, ""val_me12"": -0.43599345620427277, ""mape_2021"": 5.108630657196045, ""mae_2021"": 0.9005483388900757, ""mae12_2021"": 1.201829195022583, ""me_2021"": 0.5075025283298186, ""me12_2021"": -0.7270871235446196, ""epochs_trained"": 1315}",2026-07-03T14:03:48.871555,completed
2,MAPE,120,1,leaky_relu,1,64,0.1,4.957220554351807,1.0159269571304321,1.207226276397705,0.7046465397635331,-0.46531675184344445,4.957220554351807,0.9636046290397644,1.0660861730575562,0.6095880026212754,-0.46085103354679824,5.244537353515625,"{""loss"": 6.391993999481201, ""mape"": 6.391993999481201, ""mae"": 1.3965462446212769, ""val_loss"": 4.957220554351807, ""val_mape"": 4.957220554351807, ""val_mae"": 1.0159269571304321, ""lr"": 0.00010000000474974513, ""val_mae12"": 1.207226276397705, ""val_me"": 0.7046465397635331, ""val_me12"": -0.46531675184344445, ""mape_2021"": 5.244537353515625, ""mae_2021"": 0.9636046290397644, ""mae12_2021"": 1.0660861730575562, ""me_2021"": 0.6095880026212754, ""me12_2021"": -0.46085103354679824, ""epochs_trained"": 1300}",2026-07-03T14:03:48.954556,completed
2,MAPE,120,1,leaky_relu,1,256,0.05,5.446585655212402,1.129573106765747,1.1608928442001343,0.6351694753720577,-0.06385566759446128,5.446585655212402,1.0738545656204224,1.8039436340332031,0.5616959848354388,-1.4362072203903788,6.828124523162842,"{""loss"": 5.038829326629639, ""mape"": 5.038829326629639, ""mae"": 1.0393261909484863, ""val_loss"": 5.446585655212402, ""val_mape"": 5.446585655212402, ""val_mae"": 1.129573106765747, ""lr"": 1.0000000656873453e-05, ""val_mae12"": 1.1608928442001343, ""val_me"": 0.6351694753720577, ""val_me12"": -0.06385566759446128, ""mape_2021"": 6.828124523162842, ""mae_2021"": 1.0738545656204224, ""mae12_2021"": 1.8039436340332031, ""me_2021"": 0.5616959848354388, ""me12_2021"": -1.4362072203903788, ""epochs_trained"": 768}",2026-07-03T14:05:19.966329,completed
2,MAPE,120,1,leaky_relu,1,256,0.0,6.499122142791748,1.4174995422363281,1.0994632244110107,0.6458055141666593,0.5135830307004475,6.499122142791748,1.2252622842788696,1.6461116075515747,0.6522981563993271,-1.3173280432311973,7.094799041748047,"{""loss"": 4.779175758361816, ""mape"": 4.779175758361816, ""mae"": 1.055647850036621, ""val_loss"": 6.499122142791748, ""val_mape"": 6.499122142791748, ""val_mae"": 1.4174995422363281, ""lr"": 1.0000000656873453e-05, ""val_mae12"": 1.0994632244110107, ""val_me"": 0.6458055141666593, ""val_me12"": 0.5135830307004475, ""mape_2021"": 7.094799041748047, ""mae_2021"": 1.2252622842788696, ""mae12_2021"": 1.6461116075515747, ""me_2021"": 0.6522981563993271, ""me12_2021"": -1.3173280432311973, ""epochs_trained"": 900}",2026-07-03T14:05:33.850396,completed
2,MAPE,120,1,leaky_relu,1,128,0.05,5.228327751159668,1.0513103008270264,1.2330012321472168,0.6173101375120053,-0.2875250196980975,5.228327751159668,1.017975091934204,1.411413550376892,0.534049495892743,-0.8393019517996195,5.8734235763549805,"{""loss"": 5.060262680053711, ""mape"": 5.060262680053711, ""mae"": 1.0595529079437256, ""val_loss"": 5.228327751159668, ""val_mape"": 5.228327751159668, ""val_mae"": 1.0513103008270264, ""lr"": 0.00010000000474974513, ""val_mae12"": 1.2330012321472168, ""val_me"": 0.6173101375120053, ""val_me12"": -0.2875250196980975, ""mape_2021"": 5.8734235763549805, ""mae_2021"": 1.017975091934204, ""mae12_2021"": 1.411413550376892, ""me_2021"": 0.534049495892743, ""me12_2021"": -0.8393019517996195, ""epochs_trained"": 1015}",2026-07-03T14:05:44.417674,completed
2,MAPE,120,1,leaky_relu,1,128,0.1,4.75419807434082,0.9765714406967163,1.0931140184402466,0.5724652078193108,-0.2269992376993483,4.75419807434082,0.9242178201675415,1.6567528247833252,0.530419704731711,-1.1759009422157047,5.93980073928833,"{""loss"": 5.195969104766846, ""mape"": 5.195969104766846, ""mae"": 1.1104817390441895, ""val_loss"": 4.75419807434082, ""val_mape"": 4.75419807434082, ""val_mae"": 0.9765714406967163, ""lr"": 1.0000000656873453e-05, ""val_mae12"": 1.0931140184402466, ""val_me"": 0.5724652078193108, ""val_me12"": -0.2269992376993483, ""mape_2021"": 5.93980073928833, ""mae_2021"": 0.9242178201675415, ""mae12_2021"": 1.6567528247833252, ""me_2021"": 0.530419704731711, ""me12_2021"": -1.1759009422157047, ""epochs_trained"": 1046}",2026-07-03T14:05:47.665437,completed
2,MAPE,120,1,leaky_relu,1,128,0.3,4.439450740814209,0.9263046383857727,1.0324811935424805,0.6326903891631387,-0.39146748073275944,4.439450740814209,0.8210269212722778,0.954389214515686,0.5387091501366211,-0.3288196794594278,4.433631896972656,"{""loss"": 7.228673458099365, ""mape"": 7.228673458099365, ""mae"": 1.629969835281372, ""val_loss"": 4.439450740814209, ""val_mape"": 4.439450740814209, ""val_mae"": 0.9263046383857727, ""lr"": 0.00010000000474974513, ""val_mae12"": 1.0324811935424805, ""val_me"": 0.6326903891631387, ""val_me12"": -0.39146748073275944, ""mape_2021"": 4.433631896972656, ""mae_2021"": 0.8210269212722778, ""mae12_2021"": 0.954389214515686, ""me_2021"": 0.5387091501366211, ""me12_2021"": -0.3288196794594278, ""epochs_trained"": 1113}",2026-07-03T14:05:52.263576,completed
2,MAPE,120,1,leaky_relu,2,16,0.0,41.24811935424805,8.889948844909668,5.656811714172363,6.642077991208676,5.186983612757308,41.24811935424805,10.453139305114746,12.866244316101074,7.661508436469818,12.872317264735207,61.95258712768555,"{""loss"": 45.645015716552734, ""mape"": 45.645015716552734, ""mae"": 9.058865547180176, ""val_loss"": 41.24811935424805, ""val_mape"": 41.24811935424805, ""val_mae"": 8.889948844909668, ""lr"": 0.00010000000474974513, ""val_mae12"": 5.656811714172363, ""val_me"": 6.642077991208676, ""val_me12"": 5.186983612757308, ""mape_2021"": 61.95258712768555, ""mae_2021"": 10.453139305114746, ""mae12_2021"": 12.866244316101074, ""me_2021"": 7.661508436469818, ""me12_2021"": 12.872317264735207, ""epochs_trained"": 109}",2026-07-03T14:06:02.874312,completed
2,MAPE,120,1,leaky_relu,2,16,0.05,40.27155685424805,8.794288635253906,3.758039951324463,6.51968198670569,2.4870064822606484,40.27155685424805,10.084552764892578,10.926641464233398,7.435710691235225,10.061809425258584,55.55306625366211,"{""loss"": 46.120689392089844, ""mape"": 46.120689392089844, ""mae"": 9.697898864746094, ""val_loss"": 40.27155685424805, ""val_mape"": 40.27155685424805, ""val_mae"": 8.794288635253906, ""lr"": 0.00010000000474974513, ""val_mae12"": 3.758039951324463, ""val_me"": 6.51968198670569, ""val_me12"": 2.4870064822606484, ""mape_2021"": 55.55306625366211, ""mae_2021"": 10.084552764892578, ""mae12_2021"": 10.926641464233398, ""me_2021"": 7.435710691235225, ""me12_2021"": 10.061809425258584, ""epochs_trained"": 118}",2026-07-03T14:06:06.729288,completed
2,MAPE,120,1,leaky_relu,2,16,0.1,40.90742492675781,8.982442855834961,5.244329929351807,6.694560914474904,4.599121293311854,40.90742492675781,10.352094650268555,12.42678165435791,7.706606006683106,12.289098021314711,60.224002838134766,"{""loss"": 51.048152923583984, ""mape"": 51.048152923583984, ""mae"": 10.662032127380371, ""val_loss"": 40.90742492675781, ""val_mape"": 40.90742492675781, ""val_mae"": 8.982442855834961, ""lr"": 0.00010000000474974513, ""val_mae12"": 5.244329929351807, ""val_me"": 6.694560914474904, ""val_me12"": 4.599121293311854, ""mape_2021"": 60.224002838134766, ""mae_2021"": 10.352094650268555, ""mae12_2021"": 12.42678165435791, ""me_2021"": 7.706606006683106, ""me12_2021"": 12.289098021314711, ""epochs_trained"": 104}",2026-07-03T14:06:09.994673,completed
2,MAPE,120,1,leaky_relu,2,16,0.3,43.61941146850586,9.845505714416504,3.1875381469726562,8.801528976410264,2.4243067964785197,43.61941146850586,10.863197326660156,9.900976181030273,9.606428660294416,9.473468146096284,60.3306999206543,"{""loss"": 57.730655670166016, ""mape"": 57.730655670166016, ""mae"": 12.703497886657715, ""val_loss"": 43.61941146850586, ""val_mape"": 43.61941146850586, ""val_mae"": 9.845505714416504, ""lr"": 0.00010000000474974513, ""val_mae12"": 3.1875381469726562, ""val_me"": 8.801528976410264, ""val_me12"": 2.4243067964785197, ""mape_2021"": 60.3306999206543, ""mae_2021"": 10.863197326660156, ""mae12_2021"": 9.900976181030273, ""me_2021"": 9.606428660294416, ""me12_2021"": 9.473468146096284, ""epochs_trained"": 107}",2026-07-03T14:06:19.222217,completed
2,MAPE,120,1,leaky_relu,1,256,0.1,5.2842183113098145,1.0821505784988403,1.288770079612732,0.574681748379949,-0.30431815961281256,5.2842183113098145,1.074125051498413,2.257265329360962,0.5752532678793987,-1.8822479465537,7.498752593994141,"{""loss"": 5.301257610321045, ""mape"": 5.301257610321045, ""mae"": 1.100557804107666, ""val_loss"": 5.2842183113098145, ""val_mape"": 5.2842183113098145, ""val_mae"": 1.0821505784988403, ""lr"": 1.0000000656873453e-05, ""val_mae12"": 1.288770079612732, ""val_me"": 0.574681748379949, ""val_me12"": -0.30431815961281256, ""mape_2021"": 7.498752593994141, ""mae_2021"": 1.074125051498413, ""mae12_2021"": 2.257265329360962, ""me_2021"": 0.5752532678793987, ""me12_2021"": -1.8822479465537, ""epochs_trained"": 735}",2026-07-03T14:06:28.799532,completed
2,MAPE,120,1,leaky_relu,1,256,0.3,4.797794342041016,1.0134189128875732,1.1981700658798218,0.5657964381037546,-0.4282811640026026,4.797794342041016,0.9525548815727234,1.7708317041397095,0.5374696103818096,-1.3460884053027693,6.112417697906494,"{""loss"": 6.341821193695068, ""mape"": 6.341821193695068, ""mae"": 1.3707588911056519, ""val_loss"": 4.797794342041016, ""val_mape"": 4.797794342041016, ""val_mae"": 1.0134189128875732, ""lr"": 0.00010000000474974513, ""val_mae12"": 1.1981700658798218, ""val_me"": 0.5657964381037546, ""val_me12"": -0.4282811640026026, ""mape_2021"": 6.112417697906494, ""mae_2021"": 0.9525548815727234, ""mae12_2021"": 1.7708317041397095, ""me_2021"": 0.5374696103818096, ""me12_2021"": -1.3460884053027693, ""epochs_trained"": 781}",2026-07-03T14:06:38.858556,completed
2,MAPE,120,1,leaky_relu,1,128,0.0,8.708284378051758,1.9290156364440918,1.5260363817214966,1.0485120811260298,-0.20660408971630653,8.708284378051758,1.8710508346557617,1.9950661659240723,1.1026582567792556,-1.6683713608361455,10.351466178894043,"{""loss"": 6.333852291107178, ""mape"": 6.333852291107178, ""mae"": 1.4720513820648193, ""val_loss"": 8.708284378051758, ""val_mape"": 8.708284378051758, ""val_mae"": 1.9290156364440918, ""lr"": 1.0000000656873453e-05, ""val_mae12"": 1.5260363817214966, ""val_me"": 1.0485120811260298, ""val_me12"": -0.20660408971630653, ""mape_2021"": 10.351466178894043, ""mae_2021"": 1.8710508346557617, ""mae12_2021"": 1.9950661659240723, ""me_2021"": 1.1026582567792556, ""me12_2021"": -1.6683713608361455, ""epochs_trained"": 5960}",2026-07-03T14:09:01.315533,completed
2,MAPE,120,1,leaky_relu,2,32,0.3,41.104427337646484,9.148365020751953,5.398741245269775,7.0562497175745875,4.9009515928854555,41.104427337646484,10.265985488891602,12.269071578979492,7.972467297307434,12.263260931034392,59.90223693847656,"{""loss"": 51.47132110595703, ""mape"": 51.47132110595703, ""mae"": 10.971177101135254, ""val_loss"": 41.104427337646484, ""val_mape"": 41.104427337646484, ""val_mae"": 9.148365020751953, ""lr"": 0.00010000000474974513, ""val_mae12"": 5.398741245269775, ""val_me"": 7.0562497175745875, ""val_me12"": 4.9009515928854555, ""mape_2021"": 59.90223693847656, ""mae_2021"": 10.265985488891602, ""mae12_2021"": 12.269071578979492, ""me_2021"": 7.972467297307434, ""me12_2021"": 12.263260931034392, ""epochs_trained"": 88}",2026-07-03T14:09:18.767209,completed
2,MAPE,120,1,leaky_relu,2,64,0.05,4.787476539611816,0.9704960584640503,1.153077483177185,0.5400413809249227,-0.1967769475058615,4.787476539611816,0.8808241486549377,1.7049524784088135,0.5426865084672837,-1.2185049257940117,5.450068950653076,"{""loss"": 5.709405899047852, ""mape"": 5.709405899047852, ""mae"": 1.2353864908218384, ""val_loss"": 4.787476539611816, ""val_mape"": 4.787476539611816, ""val_mae"": 0.9704960584640503, ""lr"": 1.0000000656873453e-05, ""val_mae12"": 1.153077483177185, ""val_me"": 0.5400413809249227, ""val_me12"": -0.1967769475058615, ""mape_2021"": 5.450068950653076, ""mae_2021"": 0.8808241486549377, ""mae12_2021"": 1.7049524784088135, ""me_2021"": 0.5426865084672837, ""me12_2021"": -1.2185049257940117, ""epochs_trained"": 649}",2026-07-03T14:09:56.992286,completed
2,MAPE,120,1,leaky_relu,2,32,0.1,5.181413173675537,1.0626797676086426,1.201644778251648,0.7084897266381086,-0.10921247964377612,5.181413173675537,0.9846270084381104,1.3006174564361572,0.6921364787902415,-0.6506937408518411,5.44534969329834,"{""loss"": 8.439956665039062, ""mape"": 8.439956665039062, ""mae"": 1.9186874628067017, ""val_loss"": 5.181413173675537, ""val_mape"": 5.181413173675537, ""val_mae"": 1.0626797676086426, ""lr"": 1.0000000656873453e-05, ""val_mae12"": 1.201644778251648, ""val_me"": 0.7084897266381086, ""val_me12"": -0.10921247964377612, ""mape_2021"": 5.44534969329834, ""mae_2021"": 0.9846270084381104, ""mae12_2021"": 1.3006174564361572, ""me_2021"": 0.6921364787902415, ""me12_2021"": -0.6506937408518411, ""epochs_trained"": 770}",2026-07-03T14:10:03.908278,completed
2,MAPE,120,1,leaky_relu,2,32,0.05,5.301301002502441,1.10774827003479,1.19731605052948,0.7601558970521097,-0.27573170885239057,5.301301002502441,0.9784460067749023,1.3189438581466675,0.7122125063601379,-0.7585135648139599,5.297986030578613,"{""loss"": 7.049083232879639, ""mape"": 7.049083232879639, ""mae"": 1.5725011825561523, ""val_loss"": 5.301301002502441, ""val_mape"": 5.301301002502441, ""val_mae"": 1.10774827003479, ""lr"": 1.0000000656873453e-05, ""val_mae12"": 1.19731605052948, ""val_me"": 0.7601558970521097, ""val_me12"": -0.27573170885239057, ""mape_2021"": 5.297986030578613, ""mae_2021"": 0.9784460067749023, ""mae12_2021"": 1.3189438581466675, ""me_2021"": 0.7122125063601379, ""me12_2021"": -0.7585135648139599, ""epochs_trained"": 854}",2026-07-03T14:10:09.018592,completed
2,MAPE,120,1,leaky_relu,2,64,0.1,4.586933135986328,0.9279013276100159,1.0128822326660156,0.5416327714235347,-0.040505095425764685,4.586933135986328,0.8569543957710266,1.3160649538040161,0.5333388256672035,-0.669113564012719,4.938509941101074,"{""loss"": 6.589451789855957, ""mape"": 6.589451789855957, ""mae"": 1.475211501121521, ""val_loss"": 4.586933135986328, ""val_mape"": 4.586933135986328, ""val_mae"": 0.9279013276100159, ""lr"": 0.00010000000474974513, ""val_mae12"": 1.0128822326660156, ""val_me"": 0.5416327714235347, ""val_me12"": -0.040505095425764685, ""mape_2021"": 4.938509941101074, ""mae_2021"": 0.8569543957710266, ""mae12_2021"": 1.3160649538040161, ""me_2021"": 0.5333388256672035, ""me12_2021"": -0.669113564012719, ""epochs_trained"": 739}",2026-07-03T14:10:15.693528,completed
2,MAPE,120,1,leaky_relu,2,64,0.0,4.347499370574951,0.854194164276123,1.0276623964309692,0.40693089862735476,0.046757925792933766,4.347499370574951,0.780027449131012,1.0092213153839111,0.309383481109371,-0.36971440464693694,4.3743205070495605,"{""loss"": 2.9679291248321533, ""mape"": 2.9679291248321533, ""mae"": 0.6140198111534119, ""val_loss"": 4.347499370574951, ""val_mape"": 4.347499370574951, ""val_mae"": 0.854194164276123, ""lr"": 0.00010000000474974513, ""val_mae12"": 1.0276623964309692, ""val_me"": 0.40693089862735476, ""val_me12"": 0.046757925792933766, ""mape_2021"": 4.3743205070495605, ""mae_2021"": 0.780027449131012, ""mae12_2021"": 1.0092213153839111, ""me_2021"": 0.309383481109371, ""me12_2021"": -0.36971440464693694, ""epochs_trained"": 994}",2026-07-03T14:10:18.663554,completed
2,MAPE,120,1,leaky_relu,2,32,0.0,4.564506530761719,0.938749372959137,0.9549175500869751,0.4244715769954388,0.1738439490651914,4.564506530761719,0.8507981896400452,1.1795830726623535,0.324460341755888,-0.7384231457737259,5.142606258392334,"{""loss"": 3.6087818145751953, ""mape"": 3.6087818145751953, ""mae"": 0.7458299994468689, ""val_loss"": 4.564506530761719, ""val_mape"": 4.564506530761719, ""val_mae"": 0.938749372959137, ""lr"": 1.0000000656873453e-05, ""val_mae12"": 0.9549175500869751, ""val_me"": 0.4244715769954388, ""val_me12"": 0.1738439490651914, ""mape_2021"": 5.142606258392334, ""mae_2021"": 0.8507981896400452, ""mae12_2021"": 1.1795830726623535, ""me_2021"": 0.324460341755888, ""me12_2021"": -0.7384231457737259, ""epochs_trained"": 1078}",2026-07-03T14:10:25.199918,completed
2,MAPE,120,1,leaky_relu,2,64,0.3,5.946530342102051,1.215087890625,1.21638822555542,0.7861193040930802,0.03827266125478022,5.946530342102051,1.1525661945343018,1.3833887577056885,0.8244069112685499,-0.5825106722518753,6.28917932510376,"{""loss"": 11.606300354003906, ""mape"": 11.606300354003906, ""mae"": 2.648921489715576, ""val_loss"": 5.946530342102051, ""val_mape"": 5.946530342102051, ""val_mae"": 1.215087890625, ""lr"": 1.0000000656873453e-05, ""val_mae12"": 1.21638822555542, ""val_me"": 0.7861193040930802, ""val_me12"": 0.03827266125478022, ""mape_2021"": 6.28917932510376, ""mae_2021"": 1.1525661945343018, ""mae12_2021"": 1.3833887577056885, ""me_2021"": 0.8244069112685499, ""me12_2021"": -0.5825106722518753, ""epochs_trained"": 584}",2026-07-03T14:10:58.981789,completed
2,MAPE,120,1,leaky_relu,2,128,0.1,5.093046188354492,1.009636640548706,1.18403160572052,0.38270152936533064,0.10994414611225184,5.093046188354492,0.9495382308959961,1.8352105617523193,0.47151819939252165,-1.2518219017708694,6.202467441558838,"{""loss"": 6.15340518951416, ""mape"": 6.15340518951416, ""mae"": 1.3214906454086304, ""val_loss"": 5.093046188354492, ""val_mape"": 5.093046188354492, ""val_mae"": 1.009636640548706, ""lr"": 1.0000000656873453e-05, ""val_mae12"": 1.18403160572052, ""val_me"": 0.38270152936533064, ""val_me12"": 0.10994414611225184, ""mape_2021"": 6.202467441558838, ""mae_2021"": 0.9495382308959961, ""mae12_2021"": 1.8352105617523193, ""me_2021"": 0.47151819939252165, ""me12_2021"": -1.2518219017708694, ""epochs_trained"": 504}",2026-07-03T14:11:15.397667,completed
2,MAPE,120,1,leaky_relu,2,128,0.05,4.588529109954834,0.9110768437385559,1.1036193370819092,0.38651214504102577,-0.09409809189784588,4.588529109954834,0.8235204815864563,1.6287758350372314,0.4230431120843304,-1.1075952531675448,5.347121238708496,"{""loss"": 4.6845879554748535, ""mape"": 4.6845879554748535, ""mae"": 1.0030628442764282, ""val_loss"": 4.588529109954834, ""val_mape"": 4.588529109954834, ""val_mae"": 0.9110768437385559, ""lr"": 1.0000000656873453e-05, ""val_mae12"": 1.1036193370819092, ""val_me"": 0.38651214504102577, ""val_me12"": -0.09409809189784588, ""mape_2021"": 5.347121238708496, ""mae_2021"": 0.8235204815864563, ""mae12_2021"": 1.6287758350372314, ""me_2021"": 0.4230431120843304, ""me12_2021"": -1.1075952531675448, ""epochs_trained"": 603}",2026-07-03T14:11:15.922504,completed
2,MAPE,120,1,leaky_relu,2,128,0.3,5.171993732452393,1.06721830368042,1.1349103450775146,0.4588443772907275,0.24865455623244168,5.171993732452393,0.9813805222511292,1.823403000831604,0.5738427732396381,-1.024141318562346,6.103503227233887,"{""loss"": 8.582747459411621, ""mape"": 8.582747459411621, ""mae"": 1.9237475395202637, ""val_loss"": 5.171993732452393, ""val_mape"": 5.171993732452393, ""val_mae"": 1.06721830368042, ""lr"": 0.00010000000474974513, ""val_mae12"": 1.1349103450775146, ""val_me"": 0.4588443772907275, ""val_me12"": 0.24865455623244168, ""mape_2021"": 6.103503227233887, ""mae_2021"": 0.9813805222511292, ""mae12_2021"": 1.823403000831604, ""me_2021"": 0.5738427732396381, ""me12_2021"": -1.024141318562346, ""epochs_trained"": 540}",2026-07-03T14:11:19.408006,completed
2,MAPE,120,1,leaky_relu,2,128,0.0,4.459660053253174,0.8833752870559692,0.9746024012565613,0.3580507593878142,0.06302380797615065,4.459660053253174,0.7692002058029175,0.8502840995788574,0.3105064363022106,-0.2497139544649207,4.08181095123291,"{""loss"": 2.944180965423584, ""mape"": 2.944180965423584, ""mae"": 0.6156750321388245, ""val_loss"": 4.459660053253174, ""val_mape"": 4.459660053253174, ""val_mae"": 0.8833752870559692, ""lr"": 0.00010000000474974513, ""val_mae12"": 0.9746024012565613, ""val_me"": 0.3580507593878142, ""val_me12"": 0.06302380797615065, ""mape_2021"": 4.08181095123291, ""mae_2021"": 0.7692002058029175, ""mae12_2021"": 0.8502840995788574, ""me_2021"": 0.3105064363022106, ""me12_2021"": -0.2497139544649207, ""epochs_trained"": 782}",2026-07-03T14:11:20.138001,completed
2,MAPE,120,1,leaky_relu,3,16,0.05,40.218868255615234,8.918644905090332,3.2809598445892334,6.860278688531003,2.426181010406725,40.218868255615234,10.027800559997559,10.75709056854248,7.749121529361126,10.111634558255533,56.12632751464844,"{""loss"": 47.17512893676758, ""mape"": 47.17512893676758, ""mae"": 9.945060729980469, ""val_loss"": 40.218868255615234, ""val_mape"": 40.218868255615234, ""val_mae"": 8.918644905090332, ""lr"": 0.00010000000474974513, ""val_mae12"": 3.2809598445892334, ""val_me"": 6.860278688531003, ""val_me12"": 2.426181010406725, ""mape_2021"": 56.12632751464844, ""mae_2021"": 10.027800559997559, ""mae12_2021"": 10.75709056854248, ""me_2021"": 7.749121529361126, ""me12_2021"": 10.111634558255533, ""epochs_trained"": 125}",2026-07-03T14:12:02.801267,completed
2,MAPE,120,1,leaky_relu,3,16,0.1,42.60689163208008,9.511524200439453,5.25904655456543,6.925515615038709,4.730092266466502,42.60689163208008,10.373929977416992,12.333601951599121,7.906856270714697,12.294379836137157,60.68934631347656,"{""loss"": 51.97745895385742, ""mape"": 51.97745895385742, ""mae"": 11.10324764251709, ""val_loss"": 42.60689163208008, ""val_mape"": 42.60689163208008, ""val_mae"": 9.511524200439453, ""lr"": 0.00010000000474974513, ""val_mae12"": 5.25904655456543, ""val_me"": 6.925515615038709, ""val_me12"": 4.730092266466502, ""mape_2021"": 60.68934631347656, ""mae_2021"": 10.373929977416992, ""mae12_2021"": 12.333601951599121, ""me_2021"": 7.906856270714697, ""me12_2021"": 12.294379836137157, ""epochs_trained"": 98}",2026-07-03T14:12:43.964512,completed
2,MAPE,120,1,leaky_relu,2,256,0.3,5.556854724884033,1.099288821220398,1.3957067728042603,0.3722632744718958,0.3114867573074217,5.556854724884033,1.0739820003509521,2.4975907802581787,0.5432957757649343,-1.7780851305264516,7.725893497467041,"{""loss"": 7.405642032623291, ""mape"": 7.405642032623291, ""mae"": 1.618017315864563, ""val_loss"": 5.556854724884033, ""val_mape"": 5.556854724884033, ""val_mae"": 1.099288821220398, ""lr"": 1.0000000656873453e-05, ""val_mae12"": 1.3957067728042603, ""val_me"": 0.3722632744718958, ""val_me12"": 0.3114867573074217, ""mape_2021"": 7.725893497467041, ""mae_2021"": 1.0739820003509521, ""mae12_2021"": 2.4975907802581787, ""me_2021"": 0.5432957757649343, ""me12_2021"": -1.7780851305264516, ""epochs_trained"": 388}",2026-07-03T14:12:50.637066,completed
2,MAPE,120,1,leaky_relu,2,256,0.0,5.646774768829346,1.1463907957077026,1.1669771671295166,0.4270800309627732,0.23980543468376608,5.646774768829346,1.0634945631027222,1.7911268472671509,0.4613852835579663,-1.282393094998207,6.646624565124512,"{""loss"": 4.0684428215026855, ""mape"": 4.0684428215026855, ""mae"": 0.8562801480293274, ""val_loss"": 5.646774768829346, ""val_mape"": 5.646774768829346, ""val_mae"": 1.1463907957077026, ""lr"": 1.0000000656873453e-05, ""val_mae12"": 1.1669771671295166, ""val_me"": 0.4270800309627732, ""val_me12"": 0.23980543468376608, ""mape_2021"": 6.646624565124512, ""mae_2021"": 1.0634945631027222, ""mae12_2021"": 1.7911268472671509, ""me_2021"": 0.4613852835579663, ""me12_2021"": -1.282393094998207, ""epochs_trained"": 387}",2026-07-03T14:12:57.255219,completed
2,MAPE,120,1,leaky_relu,2,256,0.1,4.416589736938477,0.8806211352348328,1.1019394397735596,0.36113525819218467,-0.1854517331950005,4.416589736938477,0.8142122626304626,1.6133015155792236,0.414115021621979,-1.1341737742130906,5.341482162475586,"{""loss"": 4.61244535446167, ""mape"": 4.61244535446167, ""mae"": 0.9945886135101318, ""val_loss"": 4.416589736938477, ""val_mape"": 4.416589736938477, ""val_mae"": 0.8806211352348328, ""lr"": 1.0000000656873453e-05, ""val_mae12"": 1.1019394397735596, ""val_me"": 0.36113525819218467, ""val_me12"": -0.1854517331950005, ""mape_2021"": 5.341482162475586, ""mae_2021"": 0.8142122626304626, ""mae12_2021"": 1.6133015155792236, ""me_2021"": 0.414115021621979, ""me12_2021"": -1.1341737742130906, ""epochs_trained"": 501}",2026-07-03T14:12:59.924010,completed
2,MAPE,120,1,leaky_relu,2,256,0.05,4.446114540100098,0.8860526084899902,1.0891942977905273,0.3752361022309682,-0.24868902360868797,4.446114540100098,0.7785119414329529,1.2468661069869995,0.37685827761019447,-0.7115455870180722,4.462203502655029,"{""loss"": 4.054864883422852, ""mape"": 4.054864883422852, ""mae"": 0.8611284494400024, ""val_loss"": 4.446114540100098, ""val_mape"": 4.446114540100098, ""val_mae"": 0.8860526084899902, ""lr"": 1.0000000656873453e-05, ""val_mae12"": 1.0891942977905273, ""val_me"": 0.3752361022309682, ""val_me12"": -0.24868902360868797, ""mape_2021"": 4.462203502655029, ""mae_2021"": 0.7785119414329529, ""mae12_2021"": 1.2468661069869995, ""me_2021"": 0.37685827761019447, ""me12_2021"": -0.7115455870180722, ""epochs_trained"": 497}",2026-07-03T14:12:59.961919,completed
2,MAPE,120,1,leaky_relu,3,16,0.3,45.788047790527344,10.444347381591797,1.7111601829528809,9.617256134302963,-0.25304435508801726,45.788047790527344,11.195018768310547,7.021486282348633,10.402228404248481,5.682994130842723,58.282108306884766,"{""loss"": 57.078277587890625, ""mape"": 57.078277587890625, ""mae"": 12.811511993408203, ""val_loss"": 45.788047790527344, ""val_mape"": 45.788047790527344, ""val_mae"": 10.444347381591797, ""lr"": 0.00010000000474974513, ""val_mae12"": 1.7111601829528809, ""val_me"": 9.617256134302963, ""val_me12"": -0.25304435508801726, ""mape_2021"": 58.282108306884766, ""mae_2021"": 11.195018768310547, ""mae12_2021"": 7.021486282348633, ""me_2021"": 10.402228404248481, ""me12_2021"": 5.682994130842723, ""epochs_trained"": 86}",2026-07-03T14:13:00.610956,completed
2,MAPE,120,1,leaky_relu,3,32,0.3,42.12120056152344,9.471570014953613,3.6954739093780518,7.027999646139168,2.9964741121598597,42.12120056152344,10.316898345947266,10.535425186157227,8.047059857907506,10.198732962468766,58.322147369384766,"{""loss"": 52.1234016418457, ""mape"": 52.1234016418457, ""mae"": 11.33856201171875, ""val_loss"": 42.12120056152344, ""val_mape"": 42.12120056152344, ""val_mae"": 9.471570014953613, ""lr"": 0.00010000000474974513, ""val_mae12"": 3.6954739093780518, ""val_me"": 7.027999646139168, ""val_me12"": 2.9964741121598597, ""mape_2021"": 58.322147369384766, ""mae_2021"": 10.316898345947266, ""mae12_2021"": 10.535425186157227, ""me_2021"": 8.047059857907506, ""me12_2021"": 10.198732962468766, ""epochs_trained"": 75}",2026-07-03T14:13:08.928643,completed
2,MAPE,120,1,leaky_relu,3,16,0.0,4.256000995635986,0.843073844909668,0.8853251338005066,0.4002991407950729,0.12078587936861894,4.256000995635986,0.8408071398735046,0.9242309927940369,0.31852612701333083,-0.4452359446126505,4.768272399902344,"{""loss"": 3.472900629043579, ""mape"": 3.472900629043579, ""mae"": 0.6992674469947815, ""val_loss"": 4.256000995635986, ""val_mape"": 4.256000995635986, ""val_mae"": 0.843073844909668, ""lr"": 0.00010000000474974513, ""val_mae12"": 0.8853251338005066, ""val_me"": 0.4002991407950729, ""val_me12"": 0.12078587936861894, ""mape_2021"": 4.768272399902344, ""mae_2021"": 0.8408071398735046, ""mae12_2021"": 0.9242309927940369, ""me_2021"": 0.31852612701333083, ""me12_2021"": -0.4452359446126505, ""epochs_trained"": 927}",2026-07-03T14:13:18.284325,completed
2,MAPE,120,1,leaky_relu,3,32,0.1,5.476322174072266,1.1689256429672241,1.1808216571807861,0.7406083745966835,-0.1737363742688827,5.476322174072266,1.0886478424072266,1.4195103645324707,0.7725603241833776,-0.8004613383682189,5.983479022979736,"{""loss"": 9.346529960632324, ""mape"": 9.346529960632324, ""mae"": 2.1246438026428223, ""val_loss"": 5.476322174072266, ""val_mape"": 5.476322174072266, ""val_mae"": 1.1689256429672241, ""lr"": 0.00010000000474974513, ""val_mae12"": 1.1808216571807861, ""val_me"": 0.7406083745966835, ""val_me12"": -0.1737363742688827, ""mape_2021"": 5.983479022979736, ""mae_2021"": 1.0886478424072266, ""mae12_2021"": 1.4195103645324707, ""me_2021"": 0.7725603241833776, ""me12_2021"": -0.8004613383682189, ""epochs_trained"": 481}",2026-07-03T14:13:26.873561,completed
2,MAPE,120,1,leaky_relu,3,32,0.05,5.357396602630615,1.1321626901626587,1.2055792808532715,0.7345662490993278,-0.27737208919423545,5.357396602630615,1.0193651914596558,1.3375871181488037,0.7317444869726379,-0.6329217738205034,5.50477409362793,"{""loss"": 7.401490688323975, ""mape"": 7.401490688323975, ""mae"": 1.667649269104004, ""val_loss"": 5.357396602630615, ""val_mape"": 5.357396602630615, ""val_mae"": 1.1321626901626587, ""lr"": 0.00010000000474974513, ""val_mae12"": 1.2055792808532715, ""val_me"": 0.7345662490993278, ""val_me12"": -0.27737208919423545, ""mape_2021"": 5.50477409362793, ""mae_2021"": 1.0193651914596558, ""mae12_2021"": 1.3375871181488037, ""me_2021"": 0.7317444869726379, ""me12_2021"": -0.6329217738205034, ""epochs_trained"": 560}",2026-07-03T14:13:27.693045,completed
2,MAPE,120,1,leaky_relu,3,32,0.0,4.52194881439209,0.8797347545623779,0.9716631770133972,0.409015141587338,-0.16492601373808785,4.52194881439209,0.827034056186676,0.7885220050811768,0.35954154826268764,-0.3652544788921823,4.56992769241333,"{""loss"": 3.2682366371154785, ""mape"": 3.2682366371154785, ""mae"": 0.6742223501205444, ""val_loss"": 4.52194881439209, ""val_mape"": 4.52194881439209, ""val_mae"": 0.8797347545623779, ""lr"": 0.00010000000474974513, ""val_mae12"": 0.9716631770133972, ""val_me"": 0.409015141587338, ""val_me12"": -0.16492601373808785, ""mape_2021"": 4.56992769241333, ""mae_2021"": 0.827034056186676, ""mae12_2021"": 0.7885220050811768, ""me_2021"": 0.35954154826268764, ""me12_2021"": -0.3652544788921823, ""epochs_trained"": 950}",2026-07-03T14:13:37.290164,completed
3,MAPE,120,1,relu,3,16,0.05,40.44365310668945,8.85175895690918,3.6129989624023438,7.2098082086301565,2.954093858251189,40.44365310668945,10.482558250427246,10.561046600341797,8.255228393807936,10.14747790300576,59.59822463989258,"{""loss"": 48.244102478027344, ""mape"": 48.244102478027344, ""mae"": 10.02724838256836, ""val_loss"": 40.44365310668945, ""val_mape"": 40.44365310668945, ""val_mae"": 8.85175895690918, ""lr"": 0.00010000000474974513, ""val_mae12"": 3.6129989624023438, ""val_me"": 7.2098082086301565, ""val_me12"": 2.954093858251189, ""mape_2021"": 59.59822463989258, ""mae_2021"": 10.482558250427246, ""mae12_2021"": 10.561046600341797, ""me_2021"": 8.255228393807936, ""me12_2021"": 10.14747790300576, ""epochs_trained"": 95}",2026-07-03T14:14:12.781207,completed
3,MAPE,120,1,relu,3,16,0.1,40.10922622680664,8.917256355285645,2.8090500831604004,7.266924002474,2.0189864961634307,40.10922622680664,10.231974601745605,8.913718223571777,8.27981861917599,8.32188819650539,55.72244644165039,"{""loss"": 48.8677864074707, ""mape"": 48.8677864074707, ""mae"": 10.510218620300293, ""val_loss"": 40.10922622680664, ""val_mape"": 40.10922622680664, ""val_mae"": 8.917256355285645, ""lr"": 0.00010000000474974513, ""val_mae12"": 2.8090500831604004, ""val_me"": 7.266924002474, ""val_me12"": 2.0189864961634307, ""mape_2021"": 55.72244644165039, ""mae_2021"": 10.231974601745605, ""mae12_2021"": 8.913718223571777, ""me_2021"": 8.27981861917599, ""me12_2021"": 8.32188819650539, ""epochs_trained"": 95}",2026-07-03T14:14:52.416687,completed
3,MAPE,120,1,relu,2,256,0.0,4.887455940246582,0.911204993724823,1.1904984712600708,0.32770726218987406,-0.2844611322751726,4.887455940246582,0.8437183499336243,1.3157960176467896,0.2951370461369015,-0.26882949100759906,4.752334117889404,"{""loss"": 3.3426218032836914, ""mape"": 3.3426218032836914, ""mae"": 0.6977404356002808, ""val_loss"": 4.887455940246582, ""val_mape"": 4.887455940246582, ""val_mae"": 0.911204993724823, ""lr"": 0.00010000000474974513, ""val_mae12"": 1.1904984712600708, ""val_me"": 0.32770726218987406, ""val_me12"": -0.2844611322751726, ""mape_2021"": 4.752334117889404, ""mae_2021"": 0.8437183499336243, ""mae12_2021"": 1.3157960176467896, ""me_2021"": 0.2951370461369015, ""me12_2021"": -0.26882949100759906, ""epochs_trained"": 400}",2026-07-03T14:15:03.173292,completed
3,MAPE,120,1,relu,2,256,0.05,4.702529430389404,0.9156768321990967,1.285514235496521,0.30613156825291954,-0.32424931634722065,4.702529430389404,0.8498287200927734,1.5054351091384888,0.3360407674094459,-0.8184994533839551,4.917895317077637,"{""loss"": 4.349935531616211, ""mape"": 4.349935531616211, ""mae"": 0.9184530973434448, ""val_loss"": 4.702529430389404, ""val_mape"": 4.702529430389404, ""val_mae"": 0.9156768321990967, ""lr"": 1.0000000656873453e-05, ""val_mae12"": 1.285514235496521, ""val_me"": 0.30613156825291954, ""val_me12"": -0.32424931634722065, ""mape_2021"": 4.917895317077637, ""mae_2021"": 0.8498287200927734, ""mae12_2021"": 1.5054351091384888, ""me_2021"": 0.3360407674094459, ""me12_2021"": -0.8184994533839551, ""epochs_trained"": 383}",2026-07-03T14:15:03.471601,completed
3,MAPE,120,1,relu,2,256,0.1,4.808211326599121,0.938606321811676,1.236082673072815,0.29183099978607774,0.003898201426764527,4.808211326599121,0.8684914708137512,1.3959519863128662,0.33000835549576607,-0.4210855567802384,5.0320844650268555,"{""loss"": 5.245950698852539, ""mape"": 5.245950698852539, ""mae"": 1.1159557104110718, ""val_loss"": 4.808211326599121, ""val_mape"": 4.808211326599121, ""val_mae"": 0.938606321811676, ""lr"": 9.999999747378752e-06, ""val_mae12"": 1.236082673072815, ""val_me"": 0.29183099978607774, ""val_me12"": 0.003898201426764527, ""mape_2021"": 5.0320844650268555, ""mae_2021"": 0.8684914708137512, ""mae12_2021"": 1.3959519863128662, ""me_2021"": 0.33000835549576607, ""me12_2021"": -0.4210855567802384, ""epochs_trained"": 400}",2026-07-03T14:15:04.967181,completed
3,MAPE,120,1,relu,3,16,0.3,44.09569549560547,9.838226318359375,2.1904184818267822,8.152531695579686,1.1296882371253192,44.09569549560547,10.874627113342285,7.743808269500732,9.209003208778272,7.108941896352011,59.57505416870117,"{""loss"": 58.77584457397461, ""mape"": 58.77584457397461, ""mae"": 13.068049430847168, ""val_loss"": 44.09569549560547, ""val_mape"": 44.09569549560547, ""val_mae"": 9.838226318359375, ""lr"": 0.00010000000474974513, ""val_mae12"": 2.1904184818267822, ""val_me"": 8.152531695579686, ""val_me12"": 1.1296882371253192, ""mape_2021"": 59.57505416870117, ""mae_2021"": 10.874627113342285, ""mae12_2021"": 7.743808269500732, ""me_2021"": 9.209003208778272, ""me12_2021"": 7.108941896352011, ""epochs_trained"": 84}",2026-07-03T14:15:10.046589,completed
3,MAPE,120,1,relu,2,256,0.3,4.9002556800842285,1.017907738685608,1.234675645828247,0.3090204347343729,-0.11076656028554145,4.9002556800842285,0.8603811860084534,1.6710551977157593,0.39733271602643605,-0.7934109862661424,5.0641093254089355,"{""loss"": 7.210991859436035, ""mape"": 7.210991859436035, ""mae"": 1.6196054220199585, ""val_loss"": 4.9002556800842285, ""val_mape"": 4.9002556800842285, ""val_mae"": 1.017907738685608, ""lr"": 0.00010000000474974513, ""val_mae12"": 1.234675645828247, ""val_me"": 0.3090204347343729, ""val_me12"": -0.11076656028554145, ""mape_2021"": 5.0641093254089355, ""mae_2021"": 0.8603811860084534, ""mae12_2021"": 1.6710551977157593, ""me_2021"": 0.39733271602643605, ""me12_2021"": -0.7934109862661424, ""epochs_trained"": 476}",2026-07-03T14:15:10.743982,completed
3,MAPE,120,1,relu,3,16,0.0,4.620995044708252,0.9092558026313782,1.20849609375,0.38808949222598,-0.411572437829185,4.620995044708252,0.8908283710479736,1.1668423414230347,0.3359002994911228,-0.6511026839044862,5.235908508300781,"{""loss"": 3.5902535915374756, ""mape"": 3.5902535915374756, ""mae"": 0.7271251678466797, ""val_loss"": 4.620995044708252, ""val_mape"": 4.620995044708252, ""val_mae"": 0.9092558026313782, ""lr"": 0.00010000000474974513, ""val_mae12"": 1.20849609375, ""val_me"": 0.38808949222598, ""val_me12"": -0.411572437829185, ""mape_2021"": 5.235908508300781, ""mae_2021"": 0.8908283710479736, ""mae12_2021"": 1.1668423414230347, ""me_2021"": 0.3359002994911228, ""me12_2021"": -0.6511026839044862, ""epochs_trained"": 805}",2026-07-03T14:15:25.218209,completed
3,MAPE,120,1,relu,3,32,0.1,5.996921539306641,1.3001996278762817,1.3248252868652344,0.8789241946099317,-0.3606450862803411,5.996921539306641,1.1500892639160156,1.3335946798324585,0.911965794125071,-0.5178140305440133,6.265017509460449,"{""loss"": 9.736258506774902, ""mape"": 9.736258506774902, ""mae"": 2.189873456954956, ""val_loss"": 5.996921539306641, ""val_mape"": 5.996921539306641, ""val_mae"": 1.3001996278762817, ""lr"": 0.00010000000474974513, ""val_mae12"": 1.3248252868652344, ""val_me"": 0.8789241946099317, ""val_me12"": -0.3606450862803411, ""mape_2021"": 6.265017509460449, ""mae_2021"": 1.1500892639160156, ""mae12_2021"": 1.3335946798324585, ""me_2021"": 0.911965794125071, ""me12_2021"": -0.5178140305440133, ""epochs_trained"": 463}",2026-07-03T14:15:35.615639,completed
3,MAPE,120,1,relu,3,32,0.05,5.712917804718018,1.2306371927261353,1.253371000289917,0.7324893619446822,0.05455239936587976,5.712917804718018,1.0517667531967163,1.3801610469818115,0.7132933868006394,-0.3463534966844602,5.740367889404297,"{""loss"": 7.6679887771606445, ""mape"": 7.6679887771606445, ""mae"": 1.7019304037094116, ""val_loss"": 5.712917804718018, ""val_mape"": 5.712917804718018, ""val_mae"": 1.2306371927261353, ""lr"": 0.00010000000474974513, ""val_mae12"": 1.253371000289917, ""val_me"": 0.7324893619446822, ""val_me12"": 0.05455239936587976, ""mape_2021"": 5.740367889404297, ""mae_2021"": 1.0517667531967163, ""mae12_2021"": 1.3801610469818115, ""me_2021"": 0.7132933868006394, ""me12_2021"": -0.3463534966844602, ""epochs_trained"": 502}",2026-07-03T14:15:36.341493,completed
3,MAPE,120,1,relu,3,32,0.0,5.005577564239502,0.9815433621406555,1.3662781715393066,0.35003716214358516,-0.12264252203583063,5.005577564239502,0.9195478558540344,1.3098514080047607,0.31433944657425533,-0.5669993046438755,5.238743305206299,"{""loss"": 3.598689079284668, ""mape"": 3.598689079284668, ""mae"": 0.736433207988739, ""val_loss"": 5.005577564239502, ""val_mape"": 5.005577564239502, ""val_mae"": 0.9815433621406555, ""lr"": 1.0000000656873453e-05, ""val_mae12"": 1.3662781715393066, ""val_me"": 0.35003716214358516, ""val_me12"": -0.12264252203583063, ""mape_2021"": 5.238743305206299, ""mae_2021"": 0.9195478558540344, ""mae12_2021"": 1.3098514080047607, ""me_2021"": 0.31433944657425533, ""me12_2021"": -0.5669993046438755, ""epochs_trained"": 592}",2026-07-03T14:15:38.546350,completed
3,MAPE,120,1,relu,3,32,0.3,18.666776657104492,4.088474750518799,3.415250062942505,3.1331846355264465,1.8389581035052385,18.666776657104492,4.260433197021484,2.4889602661132812,3.469853969065839,-0.7104148768346017,20.914934158325195,"{""loss"": 26.581493377685547, ""mape"": 26.581493377685547, ""mae"": 5.989650726318359, ""val_loss"": 18.666776657104492, ""val_mape"": 18.666776657104492, ""val_mae"": 4.088474750518799, ""lr"": 1.0000000656873453e-05, ""val_mae12"": 3.415250062942505, ""val_me"": 3.1331846355264465, ""val_me12"": 1.8389581035052385, ""mape_2021"": 20.914934158325195, ""mae_2021"": 4.260433197021484, ""mae12_2021"": 2.4889602661132812, ""me_2021"": 3.469853969065839, ""me12_2021"": -0.7104148768346017, ""epochs_trained"": 1045}",2026-07-03T14:15:58.686069,completed
3,MAPE,120,1,relu,3,64,0.3,8.32793140411377,1.830297827720642,1.5693700313568115,1.2106227183111098,-0.20681456845513724,8.32793140411377,1.7113308906555176,1.6714134216308594,1.378256679209158,-0.7834247132875803,9.091963768005371,"{""loss"": 13.883946418762207, ""mape"": 13.883946418762207, ""mae"": 3.1854097843170166, ""val_loss"": 8.32793140411377, ""val_mape"": 8.32793140411377, ""val_mae"": 1.830297827720642, ""lr"": 0.00010000000474974513, ""val_mae12"": 1.5693700313568115, ""val_me"": 1.2106227183111098, ""val_me12"": -0.20681456845513724, ""mape_2021"": 9.091963768005371, ""mae_2021"": 1.7113308906555176, ""mae12_2021"": 1.6714134216308594, ""me_2021"": 1.378256679209158, ""me12_2021"": -0.7834247132875803, ""epochs_trained"": 288}",2026-07-03T14:16:49.137780,completed
3,MAPE,120,1,relu,3,64,0.1,6.587593078613281,1.44119131565094,1.3238353729248047,0.8156308060105696,-0.06625024833118506,6.587593078613281,1.2057005167007446,1.6948578357696533,0.8488366906359484,-0.6403800963985098,7.126357555389404,"{""loss"": 8.477548599243164, ""mape"": 8.477548599243164, ""mae"": 1.9045227766036987, ""val_loss"": 6.587593078613281, ""val_mape"": 6.587593078613281, ""val_mae"": 1.44119131565094, ""lr"": 0.00010000000474974513, ""val_mae12"": 1.3238353729248047, ""val_me"": 0.8156308060105696, ""val_me12"": -0.06625024833118506, ""mape_2021"": 7.126357555389404, ""mae_2021"": 1.2057005167007446, ""mae12_2021"": 1.6948578357696533, ""me_2021"": 0.8488366906359484, ""me12_2021"": -0.6403800963985098, ""epochs_trained"": 333}",2026-07-03T14:16:51.479338,completed
3,MAPE,120,1,relu,3,128,0.05,5.356866836547852,1.1213605403900146,1.257979393005371,0.46917225215776037,0.07688549390222492,5.356866836547852,0.903533935546875,1.2859567403793335,0.43369977761603923,-0.334791655635884,5.4197001457214355,"{""loss"": 4.985981464385986, ""mape"": 4.985981464385986, ""mae"": 1.0969929695129395, ""val_loss"": 5.356866836547852, ""val_mape"": 5.356866836547852, ""val_mae"": 1.1213605403900146, ""lr"": 0.00010000000474974513, ""val_mae12"": 1.257979393005371, ""val_me"": 0.46917225215776037, ""val_me12"": 0.07688549390222492, ""mape_2021"": 5.4197001457214355, ""mae_2021"": 0.903533935546875, ""mae12_2021"": 1.2859567403793335, ""me_2021"": 0.43369977761603923, ""me12_2021"": -0.334791655635884, ""epochs_trained"": 342}",2026-07-03T14:16:52.102897,completed
3,MAPE,120,1,relu,3,64,0.05,5.896944046020508,1.2075140476226807,1.3653262853622437,0.7427309268233071,-0.410136098924535,5.896944046020508,1.0424858331680298,1.5794546604156494,0.7039019721163127,-0.8599512640706317,6.010674476623535,"{""loss"": 6.798070907592773, ""mape"": 6.798070907592773, ""mae"": 1.5209041833877563, ""val_loss"": 5.896944046020508, ""val_mape"": 5.896944046020508, ""val_mae"": 1.2075140476226807, ""lr"": 0.00010000000474974513, ""val_mae12"": 1.3653262853622437, ""val_me"": 0.7427309268233071, ""val_me12"": -0.410136098924535, ""mape_2021"": 6.010674476623535, ""mae_2021"": 1.0424858331680298, ""mae12_2021"": 1.5794546604156494, ""me_2021"": 0.7039019721163127, ""me12_2021"": -0.8599512640706317, ""epochs_trained"": 382}",2026-07-03T14:16:54.413623,completed
3,MAPE,120,1,relu,3,128,0.0,5.138410568237305,0.9708839058876038,1.3477838039398193,0.18892168607235935,0.38368490358909185,5.138410568237305,0.949371337890625,1.6665815114974976,0.13485434892537487,-0.06076916957502621,5.771188735961914,"{""loss"": 3.0526695251464844, ""mape"": 3.0526695251464844, ""mae"": 0.6443111300468445, ""val_loss"": 5.138410568237305, ""val_mape"": 5.138410568237305, ""val_mae"": 0.9708839058876038, ""lr"": 0.00010000000474974513, ""val_mae12"": 1.3477838039398193, ""val_me"": 0.18892168607235935, ""val_me12"": 0.38368490358909185, ""mape_2021"": 5.771188735961914, ""mae_2021"": 0.949371337890625, ""mae12_2021"": 1.6665815114974976, ""me_2021"": 0.13485434892537487, ""me12_2021"": -0.06076916957502621, ""epochs_trained"": 402}",2026-07-03T14:16:56.988123,completed
3,MAPE,120,1,relu,3,64,0.0,5.24271821975708,1.031684160232544,1.3617818355560303,0.2156837822369777,0.01648877565372823,5.24271821975708,0.9918420910835266,1.4190744161605835,0.10761605317836564,-0.04830993796547863,5.548892498016357,"{""loss"": 3.3439056873321533, ""mape"": 3.3439056873321533, ""mae"": 0.6943182349205017, ""val_loss"": 5.24271821975708, ""val_mape"": 5.24271821975708, ""val_mae"": 1.031684160232544, ""lr"": 0.00010000000474974513, ""val_mae12"": 1.3617818355560303, ""val_me"": 0.2156837822369777, ""val_me12"": 0.01648877565372823, ""mape_2021"": 5.548892498016357, ""mae_2021"": 0.9918420910835266, ""mae12_2021"": 1.4190744161605835, ""me_2021"": 0.10761605317836564, ""me12_2021"": -0.04830993796547863, ""epochs_trained"": 458}",2026-07-03T14:17:04.280757,completed
3,MAPE,120,1,relu,3,128,0.3,39.57502746582031,8.973183631896973,7.263064384460449,5.816584065889295,7.105592763929736,39.57502746582031,9.991841316223145,14.852801322937012,6.823836303134691,14.954170157769825,61.43412780761719,"{""loss"": 44.88794708251953, ""mape"": 44.88794708251953, ""mae"": 9.38178539276123, ""val_loss"": 39.57502746582031, ""val_mape"": 39.57502746582031, ""val_mae"": 8.973183631896973, ""lr"": 0.00010000000474974513, ""val_mae12"": 7.263064384460449, ""val_me"": 5.816584065889295, ""val_me12"": 7.105592763929736, ""mape_2021"": 61.43412780761719, ""mae_2021"": 9.991841316223145, ""mae12_2021"": 14.852801322937012, ""me_2021"": 6.823836303134691, ""me12_2021"": 14.954170157769825, ""epochs_trained"": 40}",2026-07-03T14:17:06.823782,completed
3,MAPE,120,1,relu,3,256,0.0,8.302157402038574,1.7118213176727295,1.597383975982666,-0.3683308681592294,0.5303558189548325,8.302157402038574,1.4236193895339966,2.054363489151001,-0.2773379570122613,-0.4310237016296448,7.919320106506348,"{""loss"": 6.868381977081299, ""mape"": 6.868381977081299, ""mae"": 1.421015739440918, ""val_loss"": 8.302157402038574, ""val_mape"": 8.302157402038574, ""val_mae"": 1.7118213176727295, ""lr"": 0.00010000000474974513, ""val_mae12"": 1.597383975982666, ""val_me"": -0.3683308681592294, ""val_me12"": 0.5303558189548325, ""mape_2021"": 7.919320106506348, ""mae_2021"": 1.4236193895339966, ""mae12_2021"": 2.054363489151001, ""me_2021"": -0.2773379570122613, ""me12_2021"": -0.4310237016296448, ""epochs_trained"": 200}",2026-07-03T14:17:51.650692,completed
3,MAPE,120,1,relu,3,128,0.1,6.126823425292969,1.3381327390670776,1.3608990907669067,0.728723072477858,0.024914114699346672,6.126823425292969,1.046952486038208,1.4301931858062744,0.7135396586558196,-0.5393647995993446,5.872049331665039,"{""loss"": 6.714431285858154, ""mape"": 6.714431285858154, ""mae"": 1.488824486732483, ""val_loss"": 6.126823425292969, ""val_mape"": 6.126823425292969, ""val_mae"": 1.3381327390670776, ""lr"": 0.00010000000474974513, ""val_mae12"": 1.3608990907669067, ""val_me"": 0.728723072477858, ""val_me12"": 0.024914114699346672, ""mape_2021"": 5.872049331665039, ""mae_2021"": 1.046952486038208, ""mae12_2021"": 1.4301931858062744, ""me_2021"": 0.7135396586558196, ""me12_2021"": -0.5393647995993446, ""epochs_trained"": 293}",2026-07-03T14:17:56.610717,completed
3,MAPE,120,1,relu,3,256,0.1,6.1827850341796875,1.2473411560058594,1.4996362924575806,0.4290217097402625,-0.0918731451975974,6.1827850341796875,1.1583420038223267,1.7797385454177856,0.5531592682423684,-1.1826610879947141,6.5712761878967285,"{""loss"": 6.363668918609619, ""mape"": 6.363668918609619, ""mae"": 1.3778971433639526, ""val_loss"": 6.1827850341796875, ""val_mape"": 6.1827850341796875, ""val_mae"": 1.2473411560058594, ""lr"": 0.00010000000474974513, ""val_mae12"": 1.4996362924575806, ""val_me"": 0.4290217097402625, ""val_me12"": -0.0918731451975974, ""mape_2021"": 6.5712761878967285, ""mae_2021"": 1.1583420038223267, ""mae12_2021"": 1.7797385454177856, ""me_2021"": 0.5531592682423684, ""me12_2021"": -1.1826610879947141, ""epochs_trained"": 200}",2026-07-03T14:18:02.583803,completed
3,MAPE,120,1,relu,3,256,0.05,5.290413856506348,1.0398112535476685,1.370994210243225,0.10642084893093456,0.07277322520810475,5.290413856506348,0.9643135070800781,1.6495507955551147,0.21348003706759186,-0.573470405148627,5.737516403198242,"{""loss"": 4.602752208709717, ""mape"": 4.602752208709717, ""mae"": 0.9977688789367676, ""val_loss"": 5.290413856506348, ""val_mape"": 5.290413856506348, ""val_mae"": 1.0398112535476685, ""lr"": 0.00010000000474974513, ""val_mae12"": 1.370994210243225, ""val_me"": 0.10642084893093456, ""val_me12"": 0.07277322520810475, ""mape_2021"": 5.737516403198242, ""mae_2021"": 0.9643135070800781, ""mae12_2021"": 1.6495507955551147, ""me_2021"": 0.21348003706759186, ""me12_2021"": -0.573470405148627, ""epochs_trained"": 246}",2026-07-03T14:18:04.554385,completed
3,MAPE,120,1,relu,3,256,0.3,9.03902816772461,2.0782275199890137,1.6360785961151123,1.5869299847857654,-0.757597208795429,9.03902816772461,1.7860796451568604,2.072366237640381,1.5861515511451505,-1.5468091854524233,9.20712661743164,"{""loss"": 8.710053443908691, ""mape"": 8.710053443908691, ""mae"": 1.9535654783248901, ""val_loss"": 9.03902816772461, ""val_mape"": 9.03902816772461, ""val_mae"": 2.0782275199890137, ""lr"": 0.00010000000474974513, ""val_mae12"": 1.6360785961151123, ""val_me"": 1.5869299847857654, ""val_me12"": -0.757597208795429, ""mape_2021"": 9.20712661743164, ""mae_2021"": 1.7860796451568604, ""mae12_2021"": 2.072366237640381, ""me_2021"": 1.5861515511451505, ""me12_2021"": -1.5468091854524233, ""epochs_trained"": 202}",2026-07-03T14:18:06.128781,completed
3,MAPE,120,1,leaky_relu,1,32,0.0,39.821170806884766,8.711230278015137,3.285071849822998,6.969636597961876,1.9822909279096819,39.821170806884766,10.173604011535645,9.644014358520508,7.914030016341908,8.640542895963407,54.24967956542969,"{""loss"": 43.28746795654297, ""mape"": 43.28746795654297, ""mae"": 8.88001537322998, ""val_loss"": 39.821170806884766, ""val_mape"": 39.821170806884766, ""val_mae"": 8.711230278015137, ""lr"": 0.00010000000474974513, ""val_mae12"": 3.285071849822998, ""val_me"": 6.969636597961876, ""val_me12"": 1.9822909279096819, ""mape_2021"": 54.24967956542969, ""mae_2021"": 10.173604011535645, ""mae12_2021"": 9.644014358520508, ""me_2021"": 7.914030016341908, ""me12_2021"": 8.640542895963407, ""epochs_trained"": 157}",2026-07-03T14:18:24.817658,completed
3,MAPE,120,1,leaky_relu,1,16,0.3,41.415470123291016,9.258522033691406,2.4728288650512695,8.682866637231653,1.0375883837599447,41.415470123291016,10.611961364746094,8.701104164123535,9.427010048360613,7.499769388783369,56.06869888305664,"{""loss"": 54.59880447387695, ""mape"": 54.59880447387695, ""mae"": 11.608034133911133, ""val_loss"": 41.415470123291016, ""val_mape"": 41.415470123291016, ""val_mae"": 9.258522033691406, ""lr"": 0.00010000000474974513, ""val_mae12"": 2.4728288650512695, ""val_me"": 8.682866637231653, ""val_me12"": 1.0375883837599447, ""mape_2021"": 56.06869888305664, ""mae_2021"": 10.611961364746094, ""mae12_2021"": 8.701104164123535, ""me_2021"": 9.427010048360613, ""me12_2021"": 7.499769388783369, ""epochs_trained"": 252}",2026-07-03T14:18:28.817382,completed
3,MAPE,120,1,leaky_relu,1,32,0.05,38.85458755493164,8.53989315032959,2.898108720779419,7.171488467417848,1.5384343321694052,38.85458755493164,9.917733192443848,8.617300987243652,8.021165062003659,7.190507227329804,51.30686569213867,"{""loss"": 43.53584289550781, ""mape"": 43.53584289550781, ""mae"": 9.015532493591309, ""val_loss"": 38.85458755493164, ""val_mape"": 38.85458755493164, ""val_mae"": 8.53989315032959, ""lr"": 1.0000000656873453e-05, ""val_mae12"": 2.898108720779419, ""val_me"": 7.171488467417848, ""val_me12"": 1.5384343321694052, ""mape_2021"": 51.30686569213867, ""mae_2021"": 9.917733192443848, ""mae12_2021"": 8.617300987243652, ""me_2021"": 8.021165062003659, ""me12_2021"": 7.190507227329804, ""epochs_trained"": 732}",2026-07-03T14:18:51.644636,completed
3,MAPE,120,1,leaky_relu,1,64,0.0,39.9782600402832,8.740330696105957,3.422199249267578,6.812311944695157,1.721247461151658,39.9782600402832,10.208209037780762,9.700925827026367,7.792121920217842,8.41892493790339,54.29099655151367,"{""loss"": 43.205989837646484, ""mape"": 43.205989837646484, ""mae"": 8.868863105773926, ""val_loss"": 39.9782600402832, ""val_mape"": 39.9782600402832, ""val_mae"": 8.740330696105957, ""lr"": 0.00010000000474974513, ""val_mae12"": 3.422199249267578, ""val_me"": 6.812311944695157, ""val_me12"": 1.721247461151658, ""mape_2021"": 54.29099655151367, ""mae_2021"": 10.208209037780762, ""mae12_2021"": 9.700925827026367, ""me_2021"": 7.792121920217842, ""me12_2021"": 8.41892493790339, ""epochs_trained"": 103}",2026-07-03T14:19:00.963501,completed
3,MAPE,120,1,leaky_relu,1,16,0.0,13.28421688079834,3.2276885509490967,1.1439567804336548,2.1984881346528367,0.44458462869549603,13.28421688079834,3.5318448543548584,1.6288459300994873,2.791282086739389,-1.4195254686711511,15.966835021972656,"{""loss"": 12.232775688171387, ""mape"": 12.232775688171387, ""mae"": 2.9703612327575684, ""val_loss"": 13.28421688079834, ""val_mape"": 13.28421688079834, ""val_mae"": 3.2276885509490967, ""lr"": 0.00010000000474974513, ""val_mae12"": 1.1439567804336548, ""val_me"": 2.1984881346528367, ""val_me12"": 0.44458462869549603, ""mape_2021"": 15.966835021972656, ""mae_2021"": 3.5318448543548584, ""mae12_2021"": 1.6288459300994873, ""me_2021"": 2.791282086739389, ""me12_2021"": -1.4195254686711511, ""epochs_trained"": 1302}",2026-07-03T14:19:18.277759,completed
3,MAPE,120,1,leaky_relu,1,32,0.1,7.1203083992004395,1.5206174850463867,1.3157968521118164,1.2401246323206307,-0.1714318849745426,7.1203083992004395,1.5163486003875732,1.3160375356674194,1.1562591308267371,0.20536804335377218,8.107691764831543,"{""loss"": 9.203723907470703, ""mape"": 9.203723907470703, ""mae"": 1.9843720197677612, ""val_loss"": 7.1203083992004395, ""val_mape"": 7.1203083992004395, ""val_mae"": 1.5206174850463867, ""lr"": 0.00010000000474974513, ""val_mae12"": 1.3157968521118164, ""val_me"": 1.2401246323206307, ""val_me12"": -0.1714318849745426, ""mape_2021"": 8.107691764831543, ""mae_2021"": 1.5163486003875732, ""mae12_2021"": 1.3160375356674194, ""me_2021"": 1.1562591308267371, ""me12_2021"": 0.20536804335377218, ""epochs_trained"": 1332}",2026-07-03T14:19:34.225471,completed
3,MAPE,120,1,leaky_relu,1,16,0.1,6.486353397369385,1.3731575012207031,1.3016890287399292,1.200836121303392,-0.7552657599420217,6.486353397369385,1.2417834997177124,1.1180644035339355,1.0288349820739777,-0.3230574150509807,6.294317245483398,"{""loss"": 9.031652450561523, ""mape"": 9.031652450561523, ""mae"": 2.0435378551483154, ""val_loss"": 6.486353397369385, ""val_mape"": 6.486353397369385, ""val_mae"": 1.3731575012207031, ""lr"": 0.00010000000474974513, ""val_mae12"": 1.3016890287399292, ""val_me"": 1.200836121303392, ""val_me12"": -0.7552657599420217, ""mape_2021"": 6.294317245483398, ""mae_2021"": 1.2417834997177124, ""mae12_2021"": 1.1180644035339355, ""me_2021"": 1.0288349820739777, ""me12_2021"": -0.3230574150509807, ""epochs_trained"": 1695}",2026-07-03T14:19:39.083228,completed
3,MAPE,120,1,leaky_relu,1,16,0.05,8.207279205322266,1.718137502670288,1.902540922164917,1.0792254893429332,0.2819907240166169,8.207279205322266,1.734379768371582,1.8983666896820068,1.2607420479926228,-1.3549546307065372,9.372759819030762,"{""loss"": 9.265035629272461, ""mape"": 9.265035629272461, ""mae"": 1.9417494535446167, ""val_loss"": 8.207279205322266, ""val_mape"": 8.207279205322266, ""val_mae"": 1.718137502670288, ""lr"": 0.00010000000474974513, ""val_mae12"": 1.902540922164917, ""val_me"": 1.0792254893429332, ""val_me12"": 0.2819907240166169, ""mape_2021"": 9.372759819030762, ""mae_2021"": 1.734379768371582, ""mae12_2021"": 1.8983666896820068, ""me_2021"": 1.2607420479926228, ""me12_2021"": -1.3549546307065372, ""epochs_trained"": 1734}",2026-07-03T14:19:40.576232,completed
3,MAPE,120,1,leaky_relu,1,32,0.3,5.833509922027588,1.2733447551727295,0.8544186353683472,1.120688902731992,-0.19036439340560785,5.833509922027588,1.1992976665496826,1.3261175155639648,1.0201708335437956,0.31583930908922186,7.034960746765137,"{""loss"": 11.843260765075684, ""mape"": 11.843260765075684, ""mae"": 2.7396814823150635, ""val_loss"": 5.833509922027588, ""val_mape"": 5.833509922027588, ""val_mae"": 1.2733447551727295, ""lr"": 0.00010000000474974513, ""val_mae12"": 0.8544186353683472, ""val_me"": 1.120688902731992, ""val_me12"": -0.19036439340560785, ""mape_2021"": 7.034960746765137, ""mae_2021"": 1.1992976665496826, ""mae12_2021"": 1.3261175155639648, ""me_2021"": 1.0201708335437956, ""me12_2021"": 0.31583930908922186, ""epochs_trained"": 1442}",2026-07-03T14:19:43.456980,completed
3,MAPE,120,1,leaky_relu,1,64,0.05,6.183700084686279,1.2409911155700684,1.5880695581436157,0.8518479385229216,-0.5134926726470905,6.183700084686279,1.234424114227295,1.4174765348434448,0.7208124446697205,-0.6075203739012233,6.735740661621094,"{""loss"": 6.404162406921387, ""mape"": 6.404162406921387, ""mae"": 1.3402949571609497, ""val_loss"": 6.183700084686279, ""val_mape"": 6.183700084686279, ""val_mae"": 1.2409911155700684, ""lr"": 0.00010000000474974513, ""val_mae12"": 1.5880695581436157, ""val_me"": 0.8518479385229216, ""val_me12"": -0.5134926726470905, ""mape_2021"": 6.735740661621094, ""mae_2021"": 1.234424114227295, ""mae12_2021"": 1.4174765348434448, ""me_2021"": 0.7208124446697205, ""me12_2021"": -0.6075203739012233, ""epochs_trained"": 1174}",2026-07-03T14:20:01.708760,completed
3,MAPE,120,1,leaky_relu,1,64,0.1,5.072298049926758,1.0380141735076904,1.203898549079895,0.6810270236706677,-0.505395501385347,5.072298049926758,0.9848907589912415,1.6123074293136597,0.5993925465674534,-1.0530358842859062,6.050409317016602,"{""loss"": 6.109591960906982, ""mape"": 6.109591960906982, ""mae"": 1.3318474292755127, ""val_loss"": 5.072298049926758, ""val_mape"": 5.072298049926758, ""val_mae"": 1.0380141735076904, ""lr"": 1.0000000656873453e-05, ""val_mae12"": 1.203898549079895, ""val_me"": 0.6810270236706677, ""val_me12"": -0.505395501385347, ""mape_2021"": 6.050409317016602, ""mae_2021"": 0.9848907589912415, ""mae12_2021"": 1.6123074293136597, ""me_2021"": 0.5993925465674534, ""me12_2021"": -1.0530358842859062, ""epochs_trained"": 1294}",2026-07-03T14:20:18.899474,completed
3,MAPE,120,1,leaky_relu,1,64,0.3,5.267882823944092,1.1188205480575562,1.0918344259262085,0.8350866339422987,-0.32393596912132194,5.267882823944092,1.0002647638320923,1.1115245819091797,0.7665777138818768,-0.45919024697767974,5.272977352142334,"{""loss"": 9.558424949645996, ""mape"": 9.558424949645996, ""mae"": 2.1525821685791016, ""val_loss"": 5.267882823944092, ""val_mape"": 5.267882823944092, ""val_mae"": 1.1188205480575562, ""lr"": 1.0000000656873453e-05, ""val_mae12"": 1.0918344259262085, ""val_me"": 0.8350866339422987, ""val_me12"": -0.32393596912132194, ""mape_2021"": 5.272977352142334, ""mae_2021"": 1.0002647638320923, ""mae12_2021"": 1.1115245819091797, ""me_2021"": 0.7665777138818768, ""me12_2021"": -0.45919024697767974, ""epochs_trained"": 1136}",2026-07-03T14:20:23.467849,completed
3,MAPE,120,1,leaky_relu,1,256,0.05,4.899888515472412,0.9500813484191895,1.1136654615402222,0.5000842835280455,-0.007435192154300373,4.899888515472412,0.9178618788719177,1.4916505813598633,0.43653157371512596,-1.039653572237542,5.6450653076171875,"{""loss"": 4.35991907119751, ""mape"": 4.35991907119751, ""mae"": 0.8981587290763855, ""val_loss"": 4.899888515472412, ""val_mape"": 4.899888515472412, ""val_mae"": 0.9500813484191895, ""lr"": 0.00010000000474974513, ""val_mae12"": 1.1136654615402222, ""val_me"": 0.5000842835280455, ""val_me12"": -0.007435192154300373, ""mape_2021"": 5.6450653076171875, ""mae_2021"": 0.9178618788719177, ""mae12_2021"": 1.4916505813598633, ""me_2021"": 0.43653157371512596, ""me12_2021"": -1.039653572237542, ""epochs_trained"": 882}",2026-07-03T14:22:06.434140,completed
3,MAPE,120,1,leaky_relu,1,256,0.0,6.432990550994873,1.3954695463180542,1.1594034433364868,0.6277607725724104,0.3489967819478619,6.432990550994873,1.21525239944458,1.6507093906402588,0.6196059013426247,-1.2186805498450393,7.202032089233398,"{""loss"": 4.740169048309326, ""mape"": 4.740169048309326, ""mae"": 1.0387910604476929, ""val_loss"": 6.432990550994873, ""val_mape"": 6.432990550994873, ""val_mae"": 1.3954695463180542, ""lr"": 1.0000000656873453e-05, ""val_mae12"": 1.1594034433364868, ""val_me"": 0.6277607725724104, ""val_me12"": 0.3489967819478619, ""mape_2021"": 7.202032089233398, ""mae_2021"": 1.21525239944458, ""mae12_2021"": 1.6507093906402588, ""me_2021"": 0.6196059013426247, ""me12_2021"": -1.2186805498450393, ""epochs_trained"": 932}",2026-07-03T14:22:11.722628,completed
3,MAPE,120,1,leaky_relu,1,128,0.3,4.936079978942871,1.0337514877319336,1.115604281425476,0.6580244424373447,-0.051923374368248496,4.936079978942871,0.9682292938232422,1.2324668169021606,0.5937880707288088,-0.6499633473284218,5.467328071594238,"{""loss"": 7.894178867340088, ""mape"": 7.894178867340088, ""mae"": 1.744235873222351, ""val_loss"": 4.936079978942871, ""val_mape"": 4.936079978942871, ""val_mae"": 1.0337514877319336, ""lr"": 0.00010000000474974513, ""val_mae12"": 1.115604281425476, ""val_me"": 0.6580244424373447, ""val_me12"": -0.051923374368248496, ""mape_2021"": 5.467328071594238, ""mae_2021"": 0.9682292938232422, ""mae12_2021"": 1.2324668169021606, ""me_2021"": 0.5937880707288088, ""me12_2021"": -0.6499633473284218, ""epochs_trained"": 959}",2026-07-03T14:22:14.214799,completed
3,MAPE,120,1,leaky_relu,1,128,0.1,4.810790538787842,0.9441399574279785,1.2366992235183716,0.5650298435078589,-0.49222792237303326,4.810790538787842,0.8866403698921204,1.2710349559783936,0.4859285313503863,-0.7346843666820013,5.11491584777832,"{""loss"": 5.173335552215576, ""mape"": 5.173335552215576, ""mae"": 1.1212886571884155, ""val_loss"": 4.810790538787842, ""val_mape"": 4.810790538787842, ""val_mae"": 0.9441399574279785, ""lr"": 0.00010000000474974513, ""val_mae12"": 1.2366992235183716, ""val_me"": 0.5650298435078589, ""val_me12"": -0.49222792237303326, ""mape_2021"": 5.11491584777832, ""mae_2021"": 0.8866403698921204, ""mae12_2021"": 1.2710349559783936, ""me_2021"": 0.4859285313503863, ""me12_2021"": -0.7346843666820013, ""epochs_trained"": 1106}",2026-07-03T14:22:27.267067,completed
3,MAPE,120,1,leaky_relu,2,16,0.05,40.37178421020508,8.902621269226074,3.4430696964263916,6.824817266818344,2.4486781295727313,40.37178421020508,10.151468276977539,10.580717086791992,7.76038268289678,9.886801807122708,56.045501708984375,"{""loss"": 46.68111801147461, ""mape"": 46.68111801147461, ""mae"": 9.727853775024414, ""val_loss"": 40.37178421020508, ""val_mape"": 40.37178421020508, ""val_mae"": 8.902621269226074, ""lr"": 0.00010000000474974513, ""val_mae12"": 3.4430696964263916, ""val_me"": 6.824817266818344, ""val_me12"": 2.4486781295727313, ""mape_2021"": 56.045501708984375, ""mae_2021"": 10.151468276977539, ""mae12_2021"": 10.580717086791992, ""me_2021"": 7.76038268289678, ""me12_2021"": 9.886801807122708, ""epochs_trained"": 142}",2026-07-03T14:22:47.593574,completed
3,MAPE,120,1,leaky_relu,1,128,0.05,5.005201816558838,0.9970641732215881,1.2848597764968872,0.5845480329237065,-0.34204612857166095,5.005201816558838,0.9702088832855225,1.5279037952423096,0.5120922227002073,-0.9769156386360476,5.817680358886719,"{""loss"": 4.660315036773682, ""mape"": 4.660315036773682, ""mae"": 0.9756200909614563, ""val_loss"": 5.005201816558838, ""val_mape"": 5.005201816558838, ""val_mae"": 0.9970641732215881, ""lr"": 1.0000000656873453e-05, ""val_mae12"": 1.2848597764968872, ""val_me"": 0.5845480329237065, ""val_me12"": -0.34204612857166095, ""mape_2021"": 5.817680358886719, ""mae_2021"": 0.9702088832855225, ""mae12_2021"": 1.5279037952423096, ""me_2021"": 0.5120922227002073, ""me12_2021"": -0.9769156386360476, ""epochs_trained"": 1075}",2026-07-03T14:22:58.675533,completed
3,MAPE,120,1,leaky_relu,1,128,0.0,5.4925737380981445,1.164656400680542,1.2278417348861694,0.5412995816252699,0.3116139444895581,5.4925737380981445,1.021641731262207,1.3914599418640137,0.4798658939818532,-1.017121893406406,5.927404403686523,"{""loss"": 3.8057894706726074, ""mape"": 3.8057894706726074, ""mae"": 0.8315598368644714, ""val_loss"": 5.4925737380981445, ""val_mape"": 5.4925737380981445, ""val_mae"": 1.164656400680542, ""lr"": 0.00010000000474974513, ""val_mae12"": 1.2278417348861694, ""val_me"": 0.5412995816252699, ""val_me12"": 0.3116139444895581, ""mape_2021"": 5.927404403686523, ""mae_2021"": 1.021641731262207, ""mae12_2021"": 1.3914599418640137, ""me_2021"": 0.4798658939818532, ""me12_2021"": -1.017121893406406, ""epochs_trained"": 1527}",2026-07-03T14:23:02.681807,completed
3,MAPE,120,1,leaky_relu,2,16,0.1,39.979801177978516,8.783990859985352,3.6218268871307373,6.870361596126103,2.5974301618322224,39.979801177978516,10.193714141845703,11.082022666931152,7.83322949477985,10.262401948630316,56.943138122558594,"{""loss"": 48.75823974609375, ""mape"": 48.75823974609375, ""mae"": 10.356627464294434, ""val_loss"": 39.979801177978516, ""val_mape"": 39.979801177978516, ""val_mae"": 8.783990859985352, ""lr"": 0.00010000000474974513, ""val_mae12"": 3.6218268871307373, ""val_me"": 6.870361596126103, ""val_me12"": 2.5974301618322224, ""mape_2021"": 56.943138122558594, ""mae_2021"": 10.193714141845703, ""mae12_2021"": 11.082022666931152, ""me_2021"": 7.83322949477985, ""me12_2021"": 10.262401948630316, ""epochs_trained"": 125}",2026-07-03T14:23:06.148015,completed
3,MAPE,120,1,leaky_relu,2,16,0.3,42.535850524902344,9.46721076965332,3.849273920059204,7.8292482222784265,3.169079602427006,42.535850524902344,10.594197273254395,10.644771575927734,8.78450138112249,10.299590494051634,60.94102096557617,"{""loss"": 57.65369415283203, ""mape"": 57.65369415283203, ""mae"": 12.479232788085938, ""val_loss"": 42.535850524902344, ""val_mape"": 42.535850524902344, ""val_mae"": 9.46721076965332, ""lr"": 0.00010000000474974513, ""val_mae12"": 3.849273920059204, ""val_me"": 7.8292482222784265, ""val_me12"": 3.169079602427006, ""mape_2021"": 60.94102096557617, ""mae_2021"": 10.594197273254395, ""mae12_2021"": 10.644771575927734, ""me_2021"": 8.78450138112249, ""me12_2021"": 10.299590494051634, ""epochs_trained"": 93}",2026-07-03T14:23:13.543385,completed
3,MAPE,120,1,leaky_relu,1,256,0.1,4.916854381561279,0.962984025478363,1.1665823459625244,0.514700804954497,-0.07622620234106124,4.916854381561279,0.9431385397911072,1.3989745378494263,0.4730781073880405,-0.8718508742931214,5.564116954803467,"{""loss"": 4.95894193649292, ""mape"": 4.95894193649292, ""mae"": 1.0273797512054443, ""val_loss"": 4.916854381561279, ""val_mape"": 4.916854381561279, ""val_mae"": 0.962984025478363, ""lr"": 0.00010000000474974513, ""val_mae12"": 1.1665823459625244, ""val_me"": 0.514700804954497, ""val_me12"": -0.07622620234106124, ""mape_2021"": 5.564116954803467, ""mae_2021"": 0.9431385397911072, ""mae12_2021"": 1.3989745378494263, ""me_2021"": 0.4730781073880405, ""me12_2021"": -0.8718508742931214, ""epochs_trained"": 783}",2026-07-03T14:23:16.344573,completed
3,MAPE,120,1,leaky_relu,1,256,0.3,4.7396721839904785,0.9689762592315674,1.1962003707885742,0.6018238036503486,-0.4474987161918348,4.7396721839904785,0.9371216297149658,1.4960581064224243,0.5578912033488422,-1.030867848632452,5.705483913421631,"{""loss"": 6.489938259124756, ""mape"": 6.489938259124756, ""mae"": 1.4054474830627441, ""val_loss"": 4.7396721839904785, ""val_mape"": 4.7396721839904785, ""val_mae"": 0.9689762592315674, ""lr"": 1.0000000656873453e-05, ""val_mae12"": 1.1962003707885742, ""val_me"": 0.6018238036503486, ""val_me12"": -0.4474987161918348, ""mape_2021"": 5.705483913421631, ""mae_2021"": 0.9371216297149658, ""mae12_2021"": 1.4960581064224243, ""me_2021"": 0.5578912033488422, ""me12_2021"": -1.030867848632452, ""epochs_trained"": 809}",2026-07-03T14:23:20.544420,completed
3,MAPE,120,1,leaky_relu,2,16,0.0,8.377086639404297,1.880974292755127,1.2141953706741333,0.8311041799297139,0.4556368172140285,8.377086639404297,1.7369868755340576,0.9823519587516785,1.0158641654401466,-0.6003483598198555,8.330899238586426,"{""loss"": 6.813337802886963, ""mape"": 6.813337802886963, ""mae"": 1.5597213506698608, ""val_loss"": 8.377086639404297, ""val_mape"": 8.377086639404297, ""val_mae"": 1.880974292755127, ""lr"": 0.00010000000474974513, ""val_mae12"": 1.2141953706741333, ""val_me"": 0.8311041799297139, ""val_me12"": 0.4556368172140285, ""mape_2021"": 8.330899238586426, ""mae_2021"": 1.7369868755340576, ""mae12_2021"": 0.9823519587516785, ""me_2021"": 1.0158641654401466, ""me12_2021"": -0.6003483598198555, ""epochs_trained"": 972}",2026-07-03T14:23:25.906675,completed
3,MAPE,120,1,leaky_relu,2,64,0.0,39.588096618652344,8.570087432861328,3.3863842487335205,6.932139128357788,1.6872012679214536,39.588096618652344,10.098149299621582,10.015043258666992,7.850073930685194,8.898175753083002,54.80161666870117,"{""loss"": 42.36107635498047, ""mape"": 42.36107635498047, ""mae"": 8.699841499328613, ""val_loss"": 39.588096618652344, ""val_mape"": 39.588096618652344, ""val_mae"": 8.570087432861328, ""lr"": 0.00010000000474974513, ""val_mae12"": 3.3863842487335205, ""val_me"": 6.932139128357788, ""val_me12"": 1.6872012679214536, ""mape_2021"": 54.80161666870117, ""mae_2021"": 10.098149299621582, ""mae12_2021"": 10.015043258666992, ""me_2021"": 7.850073930685194, ""me12_2021"": 8.898175753083002, ""epochs_trained"": 91}",2026-07-03T14:23:43.071278,completed
3,MAPE,120,1,leaky_relu,2,32,0.1,40.182952880859375,8.800107955932617,3.6484007835388184,6.898524957931961,2.721284564928908,40.182952880859375,10.190244674682617,10.795123100280762,7.836097438850528,10.292800665159527,57.081947326660156,"{""loss"": 46.34410858154297, ""mape"": 46.34410858154297, ""mae"": 9.725924491882324, ""val_loss"": 40.182952880859375, ""val_mape"": 40.182952880859375, ""val_mae"": 8.800107955932617, ""lr"": 0.00010000000474974513, ""val_mae12"": 3.6484007835388184, ""val_me"": 6.898524957931961, ""val_me12"": 2.721284564928908, ""mape_2021"": 57.081947326660156, ""mae_2021"": 10.190244674682617, ""mae12_2021"": 10.795123100280762, ""me_2021"": 7.836097438850528, ""me12_2021"": 10.292800665159527, ""epochs_trained"": 97}",2026-07-03T14:23:43.455838,completed
3,MAPE,120,1,leaky_relu,2,32,0.3,38.845455169677734,8.608284950256348,2.879072666168213,6.875653672715046,1.7009550327255885,38.845455169677734,10.05836009979248,9.746582984924316,7.813950831497267,8.78357005807377,54.88135528564453,"{""loss"": 50.73058319091797, ""mape"": 50.73058319091797, ""mae"": 10.972943305969238, ""val_loss"": 38.845455169677734, ""val_mape"": 38.845455169677734, ""val_mae"": 8.608284950256348, ""lr"": 0.00010000000474974513, ""val_mae12"": 2.879072666168213, ""val_me"": 6.875653672715046, ""val_me12"": 1.7009550327255885, ""mape_2021"": 54.88135528564453, ""mae_2021"": 10.05836009979248, ""mae12_2021"": 9.746582984924316, ""me_2021"": 7.813950831497267, ""me12_2021"": 8.78357005807377, ""epochs_trained"": 100}",2026-07-03T14:23:43.617683,completed
3,MAPE,120,1,leaky_relu,2,64,0.05,4.572237014770508,0.9250821471214294,1.1135693788528442,0.5057015138561689,-0.32323908622231085,4.572237014770508,0.8181507587432861,1.133795142173767,0.49343541566209,-0.6396605547837035,4.587394714355469,"{""loss"": 5.4686737060546875, ""mape"": 5.4686737060546875, ""mae"": 1.1905059814453125, ""val_loss"": 4.572237014770508, ""val_mape"": 4.572237014770508, ""val_mae"": 0.9250821471214294, ""lr"": 1.0000000656873453e-05, ""val_mae12"": 1.1135693788528442, ""val_me"": 0.5057015138561689, ""val_me12"": -0.32323908622231085, ""mape_2021"": 4.587394714355469, ""mae_2021"": 0.8181507587432861, ""mae12_2021"": 1.133795142173767, ""me_2021"": 0.49343541566209, ""me12_2021"": -0.6396605547837035, ""epochs_trained"": 718}",2026-07-03T14:24:31.665236,completed
3,MAPE,120,1,leaky_relu,2,32,0.05,5.297937870025635,1.0685443878173828,1.2746390104293823,0.7026902752258439,-0.25597043292029564,5.297937870025635,0.9780800938606262,1.4118088483810425,0.6314592292739845,-0.7253904340418351,5.480128288269043,"{""loss"": 6.64819860458374, ""mape"": 6.64819860458374, ""mae"": 1.4842228889465332, ""val_loss"": 5.297937870025635, ""val_mape"": 5.297937870025635, ""val_mae"": 1.0685443878173828, ""lr"": 0.00010000000474974513, ""val_mae12"": 1.2746390104293823, ""val_me"": 0.7026902752258439, ""val_me12"": -0.25597043292029564, ""mape_2021"": 5.480128288269043, ""mae_2021"": 0.9780800938606262, ""mae12_2021"": 1.4118088483810425, ""me_2021"": 0.6314592292739845, ""me12_2021"": -0.7253904340418351, ""epochs_trained"": 787}",2026-07-03T14:24:36.135340,completed
3,MAPE,120,1,leaky_relu,2,64,0.3,5.384649276733398,1.0991849899291992,1.1195144653320312,0.7199078683048912,-0.13550975415610256,5.384649276733398,1.030064582824707,1.3212008476257324,0.7489780768964236,-0.6249588152782183,5.70847749710083,"{""loss"": 10.73885726928711, ""mape"": 10.73885726928711, ""mae"": 2.4637444019317627, ""val_loss"": 5.384649276733398, ""val_mape"": 5.384649276733398, ""val_mae"": 1.0991849899291992, ""lr"": 0.00010000000474974513, ""val_mae12"": 1.1195144653320312, ""val_me"": 0.7199078683048912, ""val_me12"": -0.13550975415610256, ""mape_2021"": 5.70847749710083, ""mae_2021"": 1.030064582824707, ""mae12_2021"": 1.3212008476257324, ""me_2021"": 0.7489780768964236, ""me12_2021"": -0.6249588152782183, ""epochs_trained"": 606}",2026-07-03T14:24:37.200145,completed
3,MAPE,120,1,leaky_relu,2,64,0.1,5.211434364318848,1.0356848239898682,1.208640456199646,0.5751405665061389,-0.20070976004843252,5.211434364318848,0.9349567890167236,1.5439667701721191,0.576052423588937,-0.9460360215537477,5.511100769042969,"{""loss"": 7.123447895050049, ""mape"": 7.123447895050049, ""mae"": 1.575600266456604, ""val_loss"": 5.211434364318848, ""val_mape"": 5.211434364318848, ""val_mae"": 1.0356848239898682, ""lr"": 0.00010000000474974513, ""val_mae12"": 1.208640456199646, ""val_me"": 0.5751405665061389, ""val_me12"": -0.20070976004843252, ""mape_2021"": 5.511100769042969, ""mae_2021"": 0.9349567890167236, ""mae12_2021"": 1.5439667701721191, ""me_2021"": 0.576052423588937, ""me12_2021"": -0.9460360215537477, ""epochs_trained"": 632}",2026-07-03T14:24:38.075926,completed
3,MAPE,120,1,leaky_relu,2,128,0.0,4.52584171295166,0.8993359804153442,1.1293296813964844,0.4094785466423726,-0.3276713293441028,4.52584171295166,0.7636404037475586,1.175895094871521,0.33505091234188394,-0.8566493663980403,4.44569206237793,"{""loss"": 3.0057947635650635, ""mape"": 3.0057947635650635, ""mae"": 0.6287202835083008, ""val_loss"": 4.52584171295166, ""val_mape"": 4.52584171295166, ""val_mae"": 0.8993359804153442, ""lr"": 1.0000000656873453e-05, ""val_mae12"": 1.1293296813964844, ""val_me"": 0.4094785466423726, ""val_me12"": -0.3276713293441028, ""mape_2021"": 4.44569206237793, ""mae_2021"": 0.7636404037475586, ""mae12_2021"": 1.175895094871521, ""me_2021"": 0.33505091234188394, ""me12_2021"": -0.8566493663980403, ""epochs_trained"": 719}",2026-07-03T14:24:47.069917,completed
3,MAPE,120,1,leaky_relu,2,32,0.0,4.195281982421875,0.8564013838768005,0.8708513379096985,0.43893571289373845,0.04382192411336513,4.195281982421875,0.826674222946167,1.1990071535110474,0.3022378221876484,-0.5901799309766355,4.774528503417969,"{""loss"": 3.2763917446136475, ""mape"": 3.2763917446136475, ""mae"": 0.6662171483039856, ""val_loss"": 4.195281982421875, ""val_mape"": 4.195281982421875, ""val_mae"": 0.8564013838768005, ""lr"": 0.00010000000474974513, ""val_mae12"": 0.8708513379096985, ""val_me"": 0.43893571289373845, ""val_me12"": 0.04382192411336513, ""mape_2021"": 4.774528503417969, ""mae_2021"": 0.826674222946167, ""mae12_2021"": 1.1990071535110474, ""me_2021"": 0.3022378221876484, ""me12_2021"": -0.5901799309766355, ""epochs_trained"": 1111}",2026-07-03T14:25:01.228348,completed
3,MAPE,120,1,leaky_relu,2,128,0.05,4.702621936798096,0.9340895414352417,1.118132472038269,0.4023200403992521,0.05999155249039889,4.702621936798096,0.8512967824935913,1.5628200769424438,0.4421695063388857,-1.0563607583762822,5.232182025909424,"{""loss"": 4.860212326049805, ""mape"": 4.860212326049805, ""mae"": 1.0294575691223145, ""val_loss"": 4.702621936798096, ""val_mape"": 4.702621936798096, ""val_mae"": 0.9340895414352417, ""lr"": 1.0000000656873453e-05, ""val_mae12"": 1.118132472038269, ""val_me"": 0.4023200403992521, ""val_me12"": 0.05999155249039889, ""mape_2021"": 5.232182025909424, ""mae_2021"": 0.8512967824935913, ""mae12_2021"": 1.5628200769424438, ""me_2021"": 0.4421695063388857, ""me12_2021"": -1.0563607583762822, ""epochs_trained"": 528}",2026-07-03T14:25:21.856229,completed
3,MAPE,120,1,leaky_relu,2,128,0.1,4.8046488761901855,0.9564781188964844,1.1967076063156128,0.42342277848083093,-0.10955710091812741,4.8046488761901855,0.8656730055809021,1.5899698734283447,0.47001427243154353,-1.100983155530024,5.38966703414917,"{""loss"": 5.778663158416748, ""mape"": 5.778663158416748, ""mae"": 1.251681923866272, ""val_loss"": 4.8046488761901855, ""val_mape"": 4.8046488761901855, ""val_mae"": 0.9564781188964844, ""lr"": 1.0000000656873453e-05, ""val_mae12"": 1.1967076063156128, ""val_me"": 0.42342277848083093, ""val_me12"": -0.10955710091812741, ""mape_2021"": 5.38966703414917, ""mae_2021"": 0.8656730055809021, ""mae12_2021"": 1.5899698734283447, ""me_2021"": 0.47001427243154353, ""me12_2021"": -1.100983155530024, ""epochs_trained"": 542}",2026-07-03T14:25:25.860216,completed
3,MAPE,120,1,leaky_relu,2,128,0.3,5.000823497772217,1.0381609201431274,1.1126468181610107,0.499474031389635,0.3783491463940553,5.000823497772217,0.9721457958221436,1.6774134635925293,0.5785687159648986,-0.8204352642694508,5.917645454406738,"{""loss"": 8.486019134521484, ""mape"": 8.486019134521484, ""mae"": 1.8985611200332642, ""val_loss"": 5.000823497772217, ""val_mape"": 5.000823497772217, ""val_mae"": 1.0381609201431274, ""lr"": 0.00010000000474974513, ""val_mae12"": 1.1126468181610107, ""val_me"": 0.499474031389635, ""val_me12"": 0.3783491463940553, ""mape_2021"": 5.917645454406738, ""mae_2021"": 0.9721457958221436, ""mae12_2021"": 1.6774134635925293, ""me_2021"": 0.5785687159648986, ""me12_2021"": -0.8204352642694508, ""epochs_trained"": 554}",2026-07-03T14:25:26.709836,completed
3,MAPE,120,1,leaky_relu,3,16,0.05,39.83732986450195,8.749253273010254,3.097054958343506,6.597749729228147,2.011977875008128,39.83732986450195,10.004283905029297,10.710522651672363,7.480425000706073,9.846185538761652,55.418540954589844,"{""loss"": 45.960418701171875, ""mape"": 45.960418701171875, ""mae"": 9.675453186035156, ""val_loss"": 39.83732986450195, ""val_mape"": 39.83732986450195, ""val_mae"": 8.749253273010254, ""lr"": 0.00010000000474974513, ""val_mae12"": 3.097054958343506, ""val_me"": 6.597749729228147, ""val_me12"": 2.011977875008128, ""mape_2021"": 55.418540954589844, ""mae_2021"": 10.004283905029297, ""mae12_2021"": 10.710522651672363, ""me_2021"": 7.480425000706073, ""me12_2021"": 9.846185538761652, ""epochs_trained"": 107}",2026-07-03T14:26:06.705867,completed
3,MAPE,120,1,leaky_relu,3,16,0.1,41.17563247680664,9.176493644714355,4.4704203605651855,6.94700860207973,3.881695446101814,41.17563247680664,10.250064849853516,11.313105583190918,7.93147877915383,11.191872470062698,58.681541442871094,"{""loss"": 50.016990661621094, ""mape"": 50.016990661621094, ""mae"": 10.704206466674805, ""val_loss"": 41.17563247680664, ""val_mape"": 41.17563247680664, ""val_mae"": 9.176493644714355, ""lr"": 0.00010000000474974513, ""val_mae12"": 4.4704203605651855, ""val_me"": 6.94700860207973, ""val_me12"": 3.881695446101814, ""mape_2021"": 58.681541442871094, ""mae_2021"": 10.250064849853516, ""mae12_2021"": 11.313105583190918, ""me_2021"": 7.93147877915383, ""me12_2021"": 11.191872470062698, ""epochs_trained"": 99}",2026-07-03T14:26:46.939549,completed
3,MAPE,120,1,leaky_relu,2,256,0.05,4.821902751922607,0.9573730826377869,1.2045342922210693,0.36075766066449033,0.14710501535170836,4.821902751922607,0.8694794178009033,1.611163854598999,0.3920530030150683,-0.986220067454097,5.445467472076416,"{""loss"": 4.433502197265625, ""mape"": 4.433502197265625, ""mae"": 0.9224053025245667, ""val_loss"": 4.821902751922607, ""val_mape"": 4.821902751922607, ""val_mae"": 0.9573730826377869, ""lr"": 1.0000000656873453e-05, ""val_mae12"": 1.2045342922210693, ""val_me"": 0.36075766066449033, ""val_me12"": 0.14710501535170836, ""mape_2021"": 5.445467472076416, ""mae_2021"": 0.8694794178009033, ""mae12_2021"": 1.611163854598999, ""me_2021"": 0.3920530030150683, ""me12_2021"": -0.986220067454097, ""epochs_trained"": 407}",2026-07-03T14:27:04.271116,completed
3,MAPE,120,1,leaky_relu,2,256,0.3,4.972545623779297,0.9948766827583313,1.1377590894699097,0.37875642084493266,0.1695179613307203,4.972545623779297,0.9777039289474487,2.2884509563446045,0.5221715756749441,-1.603484255728286,7.126986503601074,"{""loss"": 6.94520378112793, ""mape"": 6.94520378112793, ""mae"": 1.5372952222824097, ""val_loss"": 4.972545623779297, ""val_mape"": 4.972545623779297, ""val_mae"": 0.9948766827583313, ""lr"": 1.0000000656873453e-05, ""val_mae12"": 1.1377590894699097, ""val_me"": 0.37875642084493266, ""val_me12"": 0.1695179613307203, ""mape_2021"": 7.126986503601074, ""mae_2021"": 0.9777039289474487, ""mae12_2021"": 2.2884509563446045, ""me_2021"": 0.5221715756749441, ""me12_2021"": -1.603484255728286, ""epochs_trained"": 438}",2026-07-03T14:27:07.099847,completed
3,MAPE,120,1,leaky_relu,2,256,0.1,4.493091106414795,0.88136887550354,1.1619623899459839,0.32681081967781167,-0.14005996908633014,4.493091106414795,0.8023680448532104,1.5282082557678223,0.37384850322742796,-0.9869476236170591,5.047577857971191,"{""loss"": 4.657943248748779, ""mape"": 4.657943248748779, ""mae"": 1.0037556886672974, ""val_loss"": 4.493091106414795, ""val_mape"": 4.493091106414795, ""val_mae"": 0.88136887550354, ""lr"": 0.00010000000474974513, ""val_mae12"": 1.1619623899459839, ""val_me"": 0.32681081967781167, ""val_me12"": -0.14005996908633014, ""mape_2021"": 5.047577857971191, ""mae_2021"": 0.8023680448532104, ""mae12_2021"": 1.5282082557678223, ""me_2021"": 0.37384850322742796, ""me12_2021"": -0.9869476236170591, ""epochs_trained"": 495}",2026-07-03T14:27:11.730208,completed
3,MAPE,120,1,leaky_relu,3,16,0.3,44.04611587524414,9.972538948059082,2.629652261734009,7.794744583416468,1.9213538136052082,44.04611587524414,10.503582000732422,8.901942253112793,8.785350204208862,8.34891820090077,57.98407745361328,"{""loss"": 57.01201629638672, ""mape"": 57.01201629638672, ""mae"": 12.645780563354492, ""val_loss"": 44.04611587524414, ""val_mape"": 44.04611587524414, ""val_mae"": 9.972538948059082, ""lr"": 0.00010000000474974513, ""val_mae12"": 2.629652261734009, ""val_me"": 7.794744583416468, ""val_me12"": 1.9213538136052082, ""mape_2021"": 57.98407745361328, ""mae_2021"": 10.503582000732422, ""mae12_2021"": 8.901942253112793, ""me_2021"": 8.785350204208862, ""me12_2021"": 8.34891820090077, ""epochs_trained"": 107}",2026-07-03T14:27:12.935273,completed
3,MAPE,120,1,leaky_relu,2,256,0.0,4.3368754386901855,0.8651520013809204,0.9776620268821716,0.42100249081505914,-0.07729732571882159,4.3368754386901855,0.7612295150756836,0.8521232604980469,0.33976943390890874,-0.03501230521494102,4.132812976837158,"{""loss"": 2.7809629440307617, ""mape"": 2.7809629440307617, ""mae"": 0.5847306847572327, ""val_loss"": 4.3368754386901855, ""val_mape"": 4.3368754386901855, ""val_mae"": 0.8651520013809204, ""lr"": 1.0000000656873453e-05, ""val_mae12"": 0.9776620268821716, ""val_me"": 0.42100249081505914, ""val_me12"": -0.07729732571882159, ""mape_2021"": 4.132812976837158, ""mae_2021"": 0.7612295150756836, ""mae12_2021"": 0.8521232604980469, ""me_2021"": 0.33976943390890874, ""me12_2021"": -0.03501230521494102, ""epochs_trained"": 592}",2026-07-03T14:27:15.462285,completed
3,MAPE,120,1,leaky_relu,3,32,0.3,42.08708190917969,9.488808631896973,3.123067617416382,6.447456848406239,1.5764051407221096,42.08708190917969,10.076324462890625,9.668710708618164,7.480406775947387,8.50021044990923,54.45534133911133,"{""loss"": 50.49823760986328, ""mape"": 50.49823760986328, ""mae"": 10.93904972076416, ""val_loss"": 42.08708190917969, ""val_mape"": 42.08708190917969, ""val_mae"": 9.488808631896973, ""lr"": 0.00010000000474974513, ""val_mae12"": 3.123067617416382, ""val_me"": 6.447456848406239, ""val_me12"": 1.5764051407221096, ""mape_2021"": 54.45534133911133, ""mae_2021"": 10.076324462890625, ""mae12_2021"": 9.668710708618164, ""me_2021"": 7.480406775947387, ""me12_2021"": 8.50021044990923, ""epochs_trained"": 87}",2026-07-03T14:27:23.197976,completed
3,MAPE,120,1,leaky_relu,3,32,0.05,5.149806976318359,1.0714590549468994,1.1411933898925781,0.7164013590688059,-0.13494071995948684,5.149806976318359,0.9730498194694519,1.371725082397461,0.6600336274367798,-0.8013698868635026,5.4123053550720215,"{""loss"": 7.145586967468262, ""mape"": 7.145586967468262, ""mae"": 1.598624348640442, ""val_loss"": 5.149806976318359, ""val_mape"": 5.149806976318359, ""val_mae"": 1.0714590549468994, ""lr"": 0.00010000000474974513, ""val_mae12"": 1.1411933898925781, ""val_me"": 0.7164013590688059, ""val_me12"": -0.13494071995948684, ""mape_2021"": 5.4123053550720215, ""mae_2021"": 0.9730498194694519, ""mae12_2021"": 1.371725082397461, ""me_2021"": 0.6600336274367798, ""me12_2021"": -0.8013698868635026, ""epochs_trained"": 560}",2026-07-03T14:27:42.566129,completed
3,MAPE,120,1,leaky_relu,3,32,0.0,4.708235263824463,0.9557110071182251,0.9326024055480957,0.4076385028051697,0.10450833606487676,4.708235263824463,0.8464956283569336,0.6739835143089294,0.31447117478826886,-0.01733135282049085,4.524839878082275,"{""loss"": 3.46095871925354, ""mape"": 3.46095871925354, ""mae"": 0.7158816456794739, ""val_loss"": 4.708235263824463, ""val_mape"": 4.708235263824463, ""val_mae"": 0.9557110071182251, ""lr"": 0.00010000000474974513, ""val_mae12"": 0.9326024055480957, ""val_me"": 0.4076385028051697, ""val_me12"": 0.10450833606487676, ""mape_2021"": 4.524839878082275, ""mae_2021"": 0.8464956283569336, ""mae12_2021"": 0.6739835143089294, ""me_2021"": 0.31447117478826886, ""me12_2021"": -0.01733135282049085, ""epochs_trained"": 824}",2026-07-03T14:27:50.960111,completed
3,MAPE,120,1,leaky_relu,3,32,0.1,15.122100830078125,3.2092697620391846,2.7039315700531006,2.2411940569755213,0.9745823092844332,15.122100830078125,3.4959535598754883,2.7045657634735107,2.459553874009629,-1.6204895010675497,17.675973892211914,"{""loss"": 19.04420280456543, ""mape"": 19.04420280456543, ""mae"": 4.0538201332092285, ""val_loss"": 15.122100830078125, ""val_mape"": 15.122100830078125, ""val_mae"": 3.2092697620391846, ""lr"": 1.0000000656873453e-05, ""val_mae12"": 2.7039315700531006, ""val_me"": 2.2411940569755213, ""val_me12"": 0.9745823092844332, ""mape_2021"": 17.675973892211914, ""mae_2021"": 3.4959535598754883, ""mae12_2021"": 2.7045657634735107, ""me_2021"": 2.459553874009629, ""me12_2021"": -1.6204895010675497, ""epochs_trained"": 1071}",2026-07-03T14:28:04.866249,completed
3,MAPE,120,1,leaky_relu,3,16,0.0,5.595833778381348,1.1461396217346191,1.2462331056594849,0.47544827195389444,-0.27611456318050437,5.595833778381348,1.105398178100586,1.6682697534561157,0.5395047036175343,-1.1326850828102843,6.611049652099609,"{""loss"": 4.108713150024414, ""mape"": 4.108713150024414, ""mae"": 0.8533978462219238, ""val_loss"": 5.595833778381348, ""val_mape"": 5.595833778381348, ""val_mae"": 1.1461396217346191, ""lr"": 1.0000000656873453e-05, ""val_mae12"": 1.2462331056594849, ""val_me"": 0.47544827195389444, ""val_me12"": -0.27611456318050437, ""mape_2021"": 6.611049652099609, ""mae_2021"": 1.105398178100586, ""mae12_2021"": 1.6682697534561157, ""me_2021"": 0.5395047036175343, ""me12_2021"": -1.1326850828102843, ""epochs_trained"": 4511}",2026-07-03T14:29:30.825398,completed
