run_num,model_type,lead_time,cycle,activation,num_layers,neurons,dropout,loss_value,val_mae,val_mae12,val_me,val_me12,val_mape,mae_2021,mae12_2021,me_2021,me12_2021,mape_2021,metrics,timestamp,status,duration_sec
1,MAPE,12,2,leaky_relu,1,256,0.3,51.59295654296875,11.029953002929688,5.1340508460998535,9.006101366242827,4.498258649592408,51.59295654296875,10.952300071716309,7.570528507232666,9.925900940757716,7.197009868349802,60.69774627685547,"{""loss"": 45.030391693115234, ""mape"": 45.030391693115234, ""mae"": 9.609405517578125, ""val_loss"": 51.59295654296875, ""val_mape"": 51.59295654296875, ""val_mae"": 11.029953002929688, ""lr"": 0.00010000000474974513, ""val_mae12"": 5.1340508460998535, ""val_me"": 9.006101366242827, ""val_me12"": 4.498258649592408, ""mape_2021"": 60.69774627685547, ""mae_2021"": 10.952300071716309, ""mae12_2021"": 7.570528507232666, ""me_2021"": 9.925900940757716, ""me12_2021"": 7.197009868349802, ""epochs_trained"": 72}",2026-07-02T04:01:48.983324,completed,
1,MAPE,12,2,leaky_relu,1,256,0.05,51.39649963378906,10.968286514282227,5.037222862243652,9.0011969772278,4.299238339140298,51.39649963378906,10.95504093170166,7.385554313659668,9.934708288662677,6.913891837810538,60.41278076171875,"{""loss"": 44.00674819946289, ""mape"": 44.00674819946289, ""mae"": 9.376784324645996, ""val_loss"": 51.39649963378906, ""val_mape"": 51.39649963378906, ""val_mae"": 10.968286514282227, ""lr"": 0.00010000000474974513, ""val_mae12"": 5.037222862243652, ""val_me"": 9.0011969772278, ""val_me12"": 4.299238339140298, ""mape_2021"": 60.41278076171875, ""mae_2021"": 10.95504093170166, ""mae12_2021"": 7.385554313659668, ""me_2021"": 9.934708288662677, ""me12_2021"": 6.913891837810538, ""epochs_trained"": 75}",2026-07-02T04:01:49.155502,completed,
1,MAPE,12,2,leaky_relu,1,256,0.0,51.460506439208984,10.941844940185547,5.085186958312988,8.989980369805595,4.370798663060646,51.460506439208984,10.954778671264648,7.484715461730957,9.921582374900177,7.0533069010504486,60.58685302734375,"{""loss"": 43.895626068115234, ""mape"": 43.895626068115234, ""mae"": 9.326634407043457, ""val_loss"": 51.460506439208984, ""val_mape"": 51.460506439208984, ""val_mae"": 10.941844940185547, ""lr"": 0.00010000000474974513, ""val_mae12"": 5.085186958312988, ""val_me"": 8.989980369805595, ""val_me12"": 4.370798663060646, ""mape_2021"": 60.58685302734375, ""mae_2021"": 10.954778671264648, ""mae12_2021"": 7.484715461730957, ""me_2021"": 9.921582374900177, ""me12_2021"": 7.0533069010504486, ""epochs_trained"": 73}",2026-07-02T04:01:49.276192,completed,
1,MAPE,12,2,leaky_relu,1,256,0.1,50.65445327758789,10.8746976852417,5.477161884307861,8.732031193111084,4.818655743995987,50.65445327758789,10.785187721252441,7.880127429962158,9.666531871408207,7.461259645702171,59.94548416137695,"{""loss"": 43.6007080078125, ""mape"": 43.6007080078125, ""mae"": 9.321087837219238, ""val_loss"": 50.65445327758789, ""val_mape"": 50.65445327758789, ""val_mae"": 10.8746976852417, ""lr"": 0.00010000000474974513, ""val_mae12"": 5.477161884307861, ""val_me"": 8.732031193111084, ""val_me12"": 4.818655743995987, ""mape_2021"": 59.94548416137695, ""mae_2021"": 10.785187721252441, ""mae12_2021"": 7.880127429962158, ""me_2021"": 9.666531871408207, ""me12_2021"": 7.461259645702171, ""epochs_trained"": 83}",2026-07-02T04:01:49.551319,completed,
1,MAPE,12,2,leaky_relu,1,128,0.05,51.32262420654297,10.854286193847656,4.855842113494873,9.003576868619112,4.130728246935312,51.32262420654297,11.017247200012207,7.260127067565918,9.960787121072743,6.772320610763359,60.77600860595703,"{""loss"": 44.22690200805664, ""mape"": 44.22690200805664, ""mae"": 9.371912002563477, ""val_loss"": 51.32262420654297, ""val_mape"": 51.32262420654297, ""val_mae"": 10.854286193847656, ""lr"": 0.00010000000474974513, ""val_mae12"": 4.855842113494873, ""val_me"": 9.003576868619112, ""val_me12"": 4.130728246935312, ""mape_2021"": 60.77600860595703, ""mae_2021"": 11.017247200012207, ""mae12_2021"": 7.260127067565918, ""me_2021"": 9.960787121072743, ""me12_2021"": 6.772320610763359, ""epochs_trained"": 84}",2026-07-02T04:01:49.613845,completed,
1,MAPE,12,2,leaky_relu,1,128,0.1,51.57858657836914,10.896363258361816,4.965936183929443,9.065514166981778,4.332104611968425,51.57858657836914,11.031841278076172,7.392417907714844,9.997206688527204,7.030158706543131,61.104862213134766,"{""loss"": 44.7291374206543, ""mape"": 44.7291374206543, ""mae"": 9.476052284240723, ""val_loss"": 51.57858657836914, ""val_mape"": 51.57858657836914, ""val_mae"": 10.896363258361816, ""lr"": 0.00010000000474974513, ""val_mae12"": 4.965936183929443, ""val_me"": 9.065514166981778, ""val_me12"": 4.332104611968425, ""mape_2021"": 61.104862213134766, ""mae_2021"": 11.031841278076172, ""mae12_2021"": 7.392417907714844, ""me_2021"": 9.997206688527204, ""me12_2021"": 7.030158706543131, ""epochs_trained"": 86}",2026-07-02T04:01:49.633371,completed,
1,MAPE,12,2,leaky_relu,1,128,0.3,51.544090270996094,10.884984970092773,5.316102027893066,9.034091846260894,4.767117630124777,51.544090270996094,11.008399963378906,7.858726501464844,9.938639374768705,7.582176333482126,61.5460319519043,"{""loss"": 46.436927795410156, ""mape"": 46.436927795410156, ""mae"": 9.867097854614258, ""val_loss"": 51.544090270996094, ""val_mape"": 51.544090270996094, ""val_mae"": 10.884984970092773, ""lr"": 0.00010000000474974513, ""val_mae12"": 5.316102027893066, ""val_me"": 9.034091846260894, ""val_me12"": 4.767117630124777, ""mape_2021"": 61.5460319519043, ""mae_2021"": 11.008399963378906, ""mae12_2021"": 7.858726501464844, ""me_2021"": 9.938639374768705, ""me12_2021"": 7.582176333482126, ""epochs_trained"": 92}",2026-07-02T04:01:49.923281,completed,
1,MAPE,12,2,leaky_relu,1,128,0.0,50.169734954833984,10.667577743530273,4.932567596435547,9.0118539782404,4.196463648158711,50.169734954833984,10.898466110229492,7.20604133605957,9.939988238430173,6.728654649780366,59.76628494262695,"{""loss"": 43.05510711669922, ""mape"": 43.05510711669922, ""mae"": 9.142227172851562, ""val_loss"": 50.169734954833984, ""val_mape"": 50.169734954833984, ""val_mae"": 10.667577743530273, ""lr"": 0.00010000000474974513, ""val_mae12"": 4.932567596435547, ""val_me"": 9.0118539782404, ""val_me12"": 4.196463648158711, ""mape_2021"": 59.76628494262695, ""mae_2021"": 10.898466110229492, ""mae12_2021"": 7.20604133605957, ""me_2021"": 9.939988238430173, ""me12_2021"": 6.728654649780366, ""epochs_trained"": 106}",2026-07-02T04:01:50.638322,completed,
1,MAPE,12,2,leaky_relu,2,32,0.0,51.17866516113281,10.830791473388672,5.246474266052246,8.690702475548626,4.572857279498057,51.17866516113281,10.75550365447998,7.657884120941162,9.636151916596507,7.299526270046892,59.86555099487305,"{""loss"": 43.72615432739258, ""mape"": 43.72615432739258, ""mae"": 9.270268440246582, ""val_loss"": 51.17866516113281, ""val_mape"": 51.17866516113281, ""val_mae"": 10.830791473388672, ""lr"": 0.00010000000474974513, ""val_mae12"": 5.246474266052246, ""val_me"": 8.690702475548626, ""val_me12"": 4.572857279498057, ""mape_2021"": 59.86555099487305, ""mae_2021"": 10.75550365447998, ""mae12_2021"": 7.657884120941162, ""me_2021"": 9.636151916596507, ""me12_2021"": 7.299526270046892, ""epochs_trained"": 98}",2026-07-02T04:02:00.584267,completed,
1,MAPE,12,2,leaky_relu,2,32,0.1,51.77909851074219,11.001991271972656,5.72271728515625,8.820880680202963,5.290784796505147,51.77909851074219,10.827675819396973,8.308143615722656,9.72215265685359,8.069801965503288,60.8428840637207,"{""loss"": 46.28732681274414, ""mape"": 46.28732681274414, ""mae"": 9.860174179077148, ""val_loss"": 51.77909851074219, ""val_mape"": 51.77909851074219, ""val_mae"": 11.001991271972656, ""lr"": 0.00010000000474974513, ""val_mae12"": 5.72271728515625, ""val_me"": 8.820880680202963, ""val_me12"": 5.290784796505147, ""mape_2021"": 60.8428840637207, ""mae_2021"": 10.827675819396973, ""mae12_2021"": 8.308143615722656, ""me_2021"": 9.72215265685359, ""me12_2021"": 8.069801965503288, ""epochs_trained"": 93}",2026-07-02T04:02:01.052184,completed,
1,MAPE,12,2,leaky_relu,2,32,0.05,51.608070373535156,11.041272163391113,6.166423797607422,8.594266354169298,5.609125565035532,51.608070373535156,10.716273307800293,8.774881362915039,9.504962415772038,8.47021912340053,60.6400146484375,"{""loss"": 45.41160202026367, ""mape"": 45.41160202026367, ""mae"": 9.731298446655273, ""val_loss"": 51.608070373535156, ""val_mape"": 51.608070373535156, ""val_mae"": 11.041272163391113, ""lr"": 0.00010000000474974513, ""val_mae12"": 6.166423797607422, ""val_me"": 8.594266354169298, ""val_me12"": 5.609125565035532, ""mape_2021"": 60.6400146484375, ""mae_2021"": 10.716273307800293, ""mae12_2021"": 8.774881362915039, ""me_2021"": 9.504962415772038, ""me12_2021"": 8.47021912340053, ""epochs_trained"": 107}",2026-07-02T04:02:01.279529,completed,
1,MAPE,12,2,leaky_relu,2,16,0.0,48.26332473754883,10.403162002563477,6.2820587158203125,8.12806561603861,5.394143599911606,48.26332473754883,10.293952941894531,8.471491813659668,9.072180733493376,7.833307855916856,57.46194076538086,"{""loss"": 41.324554443359375, ""mape"": 41.324554443359375, ""mae"": 8.860410690307617, ""val_loss"": 48.26332473754883, ""val_mape"": 48.26332473754883, ""val_mae"": 10.403162002563477, ""lr"": 0.00010000000474974513, ""val_mae12"": 6.2820587158203125, ""val_me"": 8.12806561603861, ""val_me12"": 5.394143599911606, ""mape_2021"": 57.46194076538086, ""mae_2021"": 10.293952941894531, ""mae12_2021"": 8.471491813659668, ""me_2021"": 9.072180733493376, ""me12_2021"": 7.833307855916856, ""epochs_trained"": 152}",2026-07-02T04:02:01.981619,completed,
1,MAPE,12,2,leaky_relu,2,32,0.3,51.180057525634766,10.761978149414062,6.62896728515625,8.660801662245037,6.332138089865107,51.180057525634766,10.766606330871582,9.405372619628906,9.536162751078317,9.322994181661203,61.785030364990234,"{""loss"": 52.40242385864258, ""mape"": 52.40242385864258, ""mae"": 11.547422409057617, ""val_loss"": 51.180057525634766, ""val_mape"": 51.180057525634766, ""val_mae"": 10.761978149414062, ""lr"": 0.00010000000474974513, ""val_mae12"": 6.62896728515625, ""val_me"": 8.660801662245037, ""val_me12"": 6.332138089865107, ""mape_2021"": 61.785030364990234, ""mae_2021"": 10.766606330871582, ""mae12_2021"": 9.405372619628906, ""me_2021"": 9.536162751078317, ""me12_2021"": 9.322994181661203, ""epochs_trained"": 113}",2026-07-02T04:02:02.570634,completed,
1,MAPE,12,2,leaky_relu,2,16,0.1,49.21886444091797,10.339400291442871,5.905304431915283,8.541519327147425,5.562435827728679,49.21886444091797,10.65371322631836,8.546042442321777,9.45389462124609,8.397895070395595,60.45914840698242,"{""loss"": 48.0358772277832, ""mape"": 48.0358772277832, ""mae"": 10.492436408996582, ""val_loss"": 49.21886444091797, ""val_mape"": 49.21886444091797, ""val_mae"": 10.339400291442871, ""lr"": 0.00010000000474974513, ""val_mae12"": 5.905304431915283, ""val_me"": 8.541519327147425, ""val_me12"": 5.562435827728679, ""mape_2021"": 60.45914840698242, ""mae_2021"": 10.65371322631836, ""mae12_2021"": 8.546042442321777, ""me_2021"": 9.45389462124609, ""me12_2021"": 8.397895070395595, ""epochs_trained"": 157}",2026-07-02T04:02:02.761351,completed,
1,MAPE,12,2,leaky_relu,2,16,0.05,50.024757385253906,10.5828857421875,5.901985168457031,8.608769609997399,5.5908759823913465,50.024757385253906,10.598572731018066,8.456064224243164,9.480710372357507,8.313201996169216,59.814674377441406,"{""loss"": 45.67906951904297, ""mape"": 45.67906951904297, ""mae"": 9.737919807434082, ""val_loss"": 50.024757385253906, ""val_mape"": 50.024757385253906, ""val_mae"": 10.5828857421875, ""lr"": 0.00010000000474974513, ""val_mae12"": 5.901985168457031, ""val_me"": 8.608769609997399, ""val_me12"": 5.5908759823913465, ""mape_2021"": 59.814674377441406, ""mae_2021"": 10.598572731018066, ""mae12_2021"": 8.456064224243164, ""me_2021"": 9.480710372357507, ""me12_2021"": 8.313201996169216, ""epochs_trained"": 192}",2026-07-02T04:02:03.660721,completed,
1,MAPE,12,2,leaky_relu,2,16,0.3,6.050438404083252,1.3133084774017334,1.0162814855575562,1.2164175840397755,-0.00187806900482886,6.050438404083252,1.2602903842926025,0.818918764591217,1.1864630269090333,-0.014717163605210458,6.302394390106201,"{""loss"": 18.0152645111084, ""mape"": 18.0152645111084, ""mae"": 4.346296310424805, ""val_loss"": 6.050438404083252, ""val_mape"": 6.050438404083252, ""val_mae"": 1.3133084774017334, ""lr"": 0.00010000000474974513, ""val_mae12"": 1.0162814855575562, ""val_me"": 1.2164175840397755, ""val_me12"": -0.00187806900482886, ""mape_2021"": 6.302394390106201, ""mae_2021"": 1.2602903842926025, ""mae12_2021"": 0.818918764591217, ""me_2021"": 1.1864630269090333, ""me12_2021"": -0.014717163605210458, ""epochs_trained"": 859}",2026-07-02T04:02:26.442656,completed,
1,MAPE,12,2,leaky_relu,2,64,0.3,52.53477096557617,11.037473678588867,4.32584810256958,9.33274436027685,3.194858629560447,52.53477096557617,11.139854431152344,6.564825057983398,10.261534555214272,5.77456176527513,60.729740142822266,"{""loss"": 48.17378234863281, ""mape"": 48.17378234863281, ""mae"": 10.305536270141602, ""val_loss"": 52.53477096557617, ""val_mape"": 52.53477096557617, ""val_mae"": 11.037473678588867, ""lr"": 0.00010000000474974513, ""val_mae12"": 4.32584810256958, ""val_me"": 9.33274436027685, ""val_me12"": 3.194858629560447, ""mape_2021"": 60.729740142822266, ""mae_2021"": 11.139854431152344, ""mae12_2021"": 6.564825057983398, ""me_2021"": 10.261534555214272, ""me12_2021"": 5.77456176527513, ""epochs_trained"": 63}",2026-07-02T04:02:53.987551,completed,
1,MAPE,12,2,leaky_relu,2,64,0.0,51.97258377075195,10.833852767944336,4.684370040893555,9.283931895570563,3.91033940236015,51.97258377075195,11.116667747497559,7.0533223152160645,10.208484639849475,6.602966950153372,61.2120475769043,"{""loss"": 44.44573211669922, ""mape"": 44.44573211669922, ""mae"": 9.290507316589355, ""val_loss"": 51.97258377075195, ""val_mape"": 51.97258377075195, ""val_mae"": 10.833852767944336, ""lr"": 0.00010000000474974513, ""val_mae12"": 4.684370040893555, ""val_me"": 9.283931895570563, ""val_me12"": 3.91033940236015, ""mape_2021"": 61.2120475769043, ""mae_2021"": 11.116667747497559, ""mae12_2021"": 7.0533223152160645, ""me_2021"": 10.208484639849475, ""me12_2021"": 6.602966950153372, ""epochs_trained"": 70}",2026-07-02T04:02:54.481739,completed,
1,MAPE,12,2,leaky_relu,2,64,0.05,51.647705078125,10.923257827758789,4.300203800201416,9.092852036253202,3.299637085211771,51.647705078125,11.029808044433594,6.536198139190674,10.058486979826144,5.896902806486858,60.30253219604492,"{""loss"": 44.583492279052734, ""mape"": 44.583492279052734, ""mae"": 9.432918548583984, ""val_loss"": 51.647705078125, ""val_mape"": 51.647705078125, ""val_mae"": 10.923257827758789, ""lr"": 0.00010000000474974513, ""val_mae12"": 4.300203800201416, ""val_me"": 9.092852036253202, ""val_me12"": 3.299637085211771, ""mape_2021"": 60.30253219604492, ""mae_2021"": 11.029808044433594, ""mae12_2021"": 6.536198139190674, ""me_2021"": 10.058486979826144, ""me12_2021"": 5.896902806486858, ""epochs_trained"": 70}",2026-07-02T04:02:54.652017,completed,
1,MAPE,12,2,leaky_relu,2,64,0.1,51.819644927978516,11.0131196975708,5.4463300704956055,8.821571480743456,4.774433786289509,51.819644927978516,10.866424560546875,7.928966999053955,9.744524261238688,7.553344365881056,60.73192596435547,"{""loss"": 45.20682907104492, ""mape"": 45.20682907104492, ""mae"": 9.63741683959961, ""val_loss"": 51.819644927978516, ""val_mape"": 51.819644927978516, ""val_mae"": 11.0131196975708, ""lr"": 0.00010000000474974513, ""val_mae12"": 5.4463300704956055, ""val_me"": 8.821571480743456, ""val_me12"": 4.774433786289509, ""mape_2021"": 60.73192596435547, ""mae_2021"": 10.866424560546875, ""mae12_2021"": 7.928966999053955, ""me_2021"": 9.744524261238688, ""me12_2021"": 7.553344365881056, ""epochs_trained"": 75}",2026-07-02T04:02:55.338469,completed,
1,MAPE,12,2,leaky_relu,2,256,0.3,3.3417141437530518,0.5700297951698303,1.1513289213180542,0.0726265875169026,0.6706047166936494,3.3417141437530518,0.5220487117767334,1.1064329147338867,0.090722675854555,0.6174450593784501,3.439953088760376,"{""loss"": 6.019941329956055, ""mape"": 6.019941329956055, ""mae"": 1.367746353149414, ""val_loss"": 3.3417141437530518, ""val_mape"": 3.3417141437530518, ""val_mae"": 0.5700297951698303, ""lr"": 0.00010000000474974513, ""val_mae12"": 1.1513289213180542, ""val_me"": 0.0726265875169026, ""val_me12"": 0.6706047166936494, ""mape_2021"": 3.439953088760376, ""mae_2021"": 0.5220487117767334, ""mae12_2021"": 1.1064329147338867, ""me_2021"": 0.090722675854555, ""me12_2021"": 0.6174450593784501, ""epochs_trained"": 431}",2026-07-02T04:05:35.574077,completed,
1,MAPE,12,2,leaky_relu,2,256,0.05,2.7871453762054443,0.4787687659263611,0.8873307704925537,0.04306538258804051,0.43569730727446515,2.7871453762054443,0.4615689516067505,0.8380038738250732,0.04847408244431918,0.21728134094819362,2.878373146057129,"{""loss"": 3.345761775970459, ""mape"": 3.345761775970459, ""mae"": 0.7094807028770447, ""val_loss"": 2.7871453762054443, ""val_mape"": 2.7871453762054443, ""val_mae"": 0.4787687659263611, ""lr"": 0.00010000000474974513, ""val_mae12"": 0.8873307704925537, ""val_me"": 0.04306538258804051, ""val_me12"": 0.43569730727446515, ""mape_2021"": 2.878373146057129, ""mae_2021"": 0.4615689516067505, ""mae12_2021"": 0.8380038738250732, ""me_2021"": 0.04847408244431918, ""me12_2021"": 0.21728134094819362, ""epochs_trained"": 481}",2026-07-02T04:05:38.995591,completed,
1,MAPE,12,2,leaky_relu,2,256,0.0,2.6353254318237305,0.49478355050086975,0.6651585102081299,-0.047095275633748684,0.3485227951183781,2.6353254318237305,0.45883041620254517,0.6992693543434143,-0.013292851664741553,0.18073924028879457,2.798612117767334,"{""loss"": 2.1621663570404053, ""mape"": 2.1621663570404053, ""mae"": 0.4314539134502411, ""val_loss"": 2.6353254318237305, ""val_mape"": 2.6353254318237305, ""val_mae"": 0.49478355050086975, ""lr"": 9.999999747378752e-06, ""val_mae12"": 0.6651585102081299, ""val_me"": -0.047095275633748684, ""val_me12"": 0.3485227951183781, ""mape_2021"": 2.798612117767334, ""mae_2021"": 0.45883041620254517, ""mae12_2021"": 0.6992693543434143, ""me_2021"": -0.013292851664741553, ""me12_2021"": 0.18073924028879457, ""epochs_trained"": 525}",2026-07-02T04:05:43.243590,completed,
1,MAPE,12,2,leaky_relu,2,256,0.1,2.9465811252593994,0.49816983938217163,0.9851805567741394,0.05779481175935654,0.5081049408180253,2.9465811252593994,0.4792744815349579,0.9363571405410767,0.07028530563599455,0.3777207515400366,3.122464179992676,"{""loss"": 4.057468891143799, ""mape"": 4.057468891143799, ""mae"": 0.8778969049453735, ""val_loss"": 2.9465811252593994, ""val_mape"": 2.9465811252593994, ""val_mae"": 0.49816983938217163, ""lr"": 1.0000000656873453e-05, ""val_mae12"": 0.9851805567741394, ""val_me"": 0.05779481175935654, ""val_me12"": 0.5081049408180253, ""mape_2021"": 3.122464179992676, ""mae_2021"": 0.4792744815349579, ""mae12_2021"": 0.9363571405410767, ""me_2021"": 0.07028530563599455, ""me12_2021"": 0.3777207515400366, ""epochs_trained"": 532}",2026-07-02T04:05:46.858321,completed,
1,MAPE,12,2,leaky_relu,3,16,0.05,51.110904693603516,10.799057960510254,4.987283229827881,8.955197311165923,4.041724946977758,51.110904693603516,10.878805160522461,7.25840425491333,9.909242744402231,6.655849542036714,59.82180404663086,"{""loss"": 46.76935577392578, ""mape"": 46.76935577392578, ""mae"": 10.069368362426758, ""val_loss"": 51.110904693603516, ""val_mape"": 51.110904693603516, ""val_mae"": 10.799057960510254, ""lr"": 0.00010000000474974513, ""val_mae12"": 4.987283229827881, ""val_me"": 8.955197311165923, ""val_me12"": 4.041724946977758, ""mape_2021"": 59.82180404663086, ""mae_2021"": 10.878805160522461, ""mae12_2021"": 7.25840425491333, ""me_2021"": 9.909242744402231, ""me12_2021"": 6.655849542036714, ""epochs_trained"": 98}",2026-07-02T04:06:08.253180,completed,
1,MAPE,12,2,leaky_relu,3,16,0.1,52.810638427734375,11.25475025177002,5.996408939361572,8.657245170558351,5.531038982616003,52.810638427734375,10.863348007202148,8.693663597106934,9.587291531047379,8.52166902603215,61.77598571777344,"{""loss"": 49.458988189697266, ""mape"": 49.458988189697266, ""mae"": 10.747690200805664, ""val_loss"": 52.810638427734375, ""val_mape"": 52.810638427734375, ""val_mae"": 11.25475025177002, ""lr"": 0.00010000000474974513, ""val_mae12"": 5.996408939361572, ""val_me"": 8.657245170558351, ""val_me12"": 5.531038982616003, ""mape_2021"": 61.77598571777344, ""mae_2021"": 10.863348007202148, ""mae12_2021"": 8.693663597106934, ""me_2021"": 9.587291531047379, ""me12_2021"": 8.52166902603215, ""epochs_trained"": 85}",2026-07-02T04:06:09.597828,completed,
1,MAPE,12,2,leaky_relu,3,16,0.0,52.56290054321289,10.981361389160156,5.969808101654053,8.61895586306938,5.567237849610761,52.56290054321289,10.753497123718262,8.653160095214844,9.50892884458238,8.497527553233343,61.222503662109375,"{""loss"": 44.77121353149414, ""mape"": 44.77121353149414, ""mae"": 9.40328598022461, ""val_loss"": 52.56290054321289, ""val_mape"": 52.56290054321289, ""val_mae"": 10.981361389160156, ""lr"": 0.00010000000474974513, ""val_mae12"": 5.969808101654053, ""val_me"": 8.61895586306938, ""val_me12"": 5.567237849610761, ""mape_2021"": 61.222503662109375, ""mae_2021"": 10.753497123718262, ""mae12_2021"": 8.653160095214844, ""me_2021"": 9.50892884458238, ""me12_2021"": 8.497527553233343, ""epochs_trained"": 110}",2026-07-02T04:06:10.008649,completed,
1,MAPE,12,2,leaky_relu,2,128,0.3,4.284800052642822,0.6989700198173523,1.5359240770339966,0.23587688820000763,0.6910642327911831,4.284800052642822,0.6692891716957092,1.2412563562393188,0.26495757183683294,0.8706259547930674,4.610374927520752,"{""loss"": 8.360207557678223, ""mape"": 8.360207557678223, ""mae"": 1.920069694519043, ""val_loss"": 4.284800052642822, ""val_mape"": 4.284800052642822, ""val_mae"": 0.6989700198173523, ""lr"": 1.0000000656873453e-05, ""val_mae12"": 1.5359240770339966, ""val_me"": 0.23587688820000763, ""val_me12"": 0.6910642327911831, ""mape_2021"": 4.610374927520752, ""mae_2021"": 0.6692891716957092, ""mae12_2021"": 1.2412563562393188, ""me_2021"": 0.26495757183683294, ""me12_2021"": 0.8706259547930674, ""epochs_trained"": 2150}",2026-07-02T04:08:32.059090,completed,
1,MAPE,12,2,leaky_relu,2,128,0.05,3.333834171295166,0.5678848624229431,1.0809729099273682,0.08399331674818998,0.5054601793418796,3.333834171295166,0.5532214045524597,0.9899191856384277,0.11295414135921765,0.42797669269812816,3.541849136352539,"{""loss"": 4.143225193023682, ""mape"": 4.143225193023682, ""mae"": 0.8809859752655029, ""val_loss"": 3.333834171295166, ""val_mape"": 3.333834171295166, ""val_mae"": 0.5678848624229431, ""lr"": 1.0000000656873453e-05, ""val_mae12"": 1.0809729099273682, ""val_me"": 0.08399331674818998, ""val_me12"": 0.5054601793418796, ""mape_2021"": 3.541849136352539, ""mae_2021"": 0.5532214045524597, ""mae12_2021"": 0.9899191856384277, ""me_2021"": 0.11295414135921765, ""me12_2021"": 0.42797669269812816, ""epochs_trained"": 2215}",2026-07-02T04:08:35.016767,completed,
1,MAPE,12,2,leaky_relu,2,128,0.1,3.375898599624634,0.5600789785385132,1.188334584236145,0.11560993387726967,0.6137110859348008,3.375898599624634,0.5437662601470947,0.9477286338806152,0.13626231319489557,0.5073954614594628,3.5039291381835938,"{""loss"": 5.030124187469482, ""mape"": 5.030124187469482, ""mae"": 1.1041464805603027, ""val_loss"": 3.375898599624634, ""val_mape"": 3.375898599624634, ""val_mae"": 0.5600789785385132, ""lr"": 9.999999747378752e-06, ""val_mae12"": 1.188334584236145, ""val_me"": 0.11560993387726967, ""val_me12"": 0.6137110859348008, ""mape_2021"": 3.5039291381835938, ""mae_2021"": 0.5437662601470947, ""mae12_2021"": 0.9477286338806152, ""me_2021"": 0.13626231319489557, ""me12_2021"": 0.5073954614594628, ""epochs_trained"": 2586}",2026-07-02T04:09:00.154900,completed,
1,MAPE,12,2,leaky_relu,3,16,0.3,10.124809265136719,2.0463457107543945,2.029101848602295,1.834295404948717,0.09826307490311534,10.124809265136719,2.020442247390747,1.5302448272705078,1.8457405357104493,0.7900047586290422,10.967403411865234,"{""loss"": 23.47041893005371, ""mape"": 23.47041893005371, ""mae"": 5.602029323577881, ""val_loss"": 10.124809265136719, ""val_mape"": 10.124809265136719, ""val_mae"": 2.0463457107543945, ""lr"": 1.0000000656873453e-05, ""val_mae12"": 2.029101848602295, ""val_me"": 1.834295404948717, ""val_me12"": 0.09826307490311534, ""mape_2021"": 10.967403411865234, ""mae_2021"": 2.020442247390747, ""mae12_2021"": 1.5302448272705078, ""me_2021"": 1.8457405357104493, ""me12_2021"": 0.7900047586290422, ""epochs_trained"": 2456}",2026-07-02T04:09:38.574514,completed,
1,MAPE,12,2,leaky_relu,2,128,0.0,2.5067098140716553,0.47424086928367615,0.6586526036262512,-0.030306368028429263,0.2742891196788621,2.5067098140716553,0.4504173994064331,0.6614470481872559,-0.0035533529579735513,-0.09348239661802357,2.6899166107177734,"{""loss"": 2.0708398818969727, ""mape"": 2.0708398818969727, ""mae"": 0.4213651716709137, ""val_loss"": 2.5067098140716553, ""val_mape"": 2.5067098140716553, ""val_mae"": 0.47424086928367615, ""lr"": 9.999999747378752e-06, ""val_mae12"": 0.6586526036262512, ""val_me"": -0.030306368028429263, ""val_me12"": 0.2742891196788621, ""mape_2021"": 2.6899166107177734, ""mae_2021"": 0.4504173994064331, ""mae12_2021"": 0.6614470481872559, ""me_2021"": -0.0035533529579735513, ""me12_2021"": -0.09348239661802357, ""epochs_trained"": 5308}",2026-07-02T04:11:04.131842,completed,
1,MAPE,12,2,leaky_relu,3,32,0.3,51.76622772216797,11.074331283569336,5.273139953613281,9.193044050331638,4.787139960201576,51.76622772216797,11.021788597106934,7.802453994750977,10.073015071383496,7.566938665435883,61.55934143066406,"{""loss"": 54.319698333740234, ""mape"": 54.319698333740234, ""mae"": 12.105903625488281, ""val_loss"": 51.76622772216797, ""val_mape"": 51.76622772216797, ""val_mae"": 11.074331283569336, ""lr"": 0.00010000000474974513, ""val_mae12"": 5.273139953613281, ""val_me"": 9.193044050331638, ""val_me12"": 4.787139960201576, ""mape_2021"": 61.55934143066406, ""mae_2021"": 11.021788597106934, ""mae12_2021"": 7.802453994750977, ""me_2021"": 10.073015071383496, ""me12_2021"": 7.566938665435883, ""epochs_trained"": 68}",2026-07-02T04:11:27.766832,completed,
1,MAPE,12,2,leaky_relu,3,32,0.1,51.82582473754883,10.883456230163574,4.6934967041015625,8.892502755766357,3.7599646777516136,51.82582473754883,10.957035064697266,7.063235282897949,9.860815376770212,6.513300842966808,60.56745529174805,"{""loss"": 47.34709167480469, ""mape"": 47.34709167480469, ""mae"": 10.05582046508789, ""val_loss"": 51.82582473754883, ""val_mape"": 51.82582473754883, ""val_mae"": 10.883456230163574, ""lr"": 0.00010000000474974513, ""val_mae12"": 4.6934967041015625, ""val_me"": 8.892502755766357, ""val_me12"": 3.7599646777516136, ""mape_2021"": 60.56745529174805, ""mae_2021"": 10.957035064697266, ""mae12_2021"": 7.063235282897949, ""me_2021"": 9.860815376770212, ""me12_2021"": 6.513300842966808, ""epochs_trained"": 74}",2026-07-02T04:11:28.029726,completed,
1,MAPE,12,2,leaky_relu,3,32,0.05,51.472877502441406,10.857623100280762,5.790061950683594,8.675787308042135,5.326165679361922,51.472877502441406,10.795873641967773,8.419670104980469,9.587421949516303,8.218008610091335,61.01222229003906,"{""loss"": 45.57013702392578, ""mape"": 45.57013702392578, ""mae"": 9.705668449401855, ""val_loss"": 51.472877502441406, ""val_mape"": 51.472877502441406, ""val_mae"": 10.857623100280762, ""lr"": 0.00010000000474974513, ""val_mae12"": 5.790061950683594, ""val_me"": 8.675787308042135, ""val_me12"": 5.326165679361922, ""mape_2021"": 61.01222229003906, ""mae_2021"": 10.795873641967773, ""mae12_2021"": 8.419670104980469, ""me_2021"": 9.587421949516303, ""me12_2021"": 8.218008610091335, ""epochs_trained"": 78}",2026-07-02T04:11:28.506958,completed,
1,MAPE,12,2,leaky_relu,3,32,0.0,49.45328903198242,10.558051109313965,6.688320636749268,8.185554182853972,6.334779277790468,49.45328903198242,10.43528938293457,9.224617958068848,9.088208625567196,9.07383881811031,59.59818649291992,"{""loss"": 41.7692985534668, ""mape"": 41.7692985534668, ""mae"": 8.912864685058594, ""val_loss"": 49.45328903198242, ""val_mape"": 49.45328903198242, ""val_mae"": 10.558051109313965, ""lr"": 0.00010000000474974513, ""val_mae12"": 6.688320636749268, ""val_me"": 8.185554182853972, ""val_me12"": 6.334779277790468, ""mape_2021"": 59.59818649291992, ""mae_2021"": 10.43528938293457, ""mae12_2021"": 9.224617958068848, ""me_2021"": 9.088208625567196, ""me12_2021"": 9.07383881811031, ""epochs_trained"": 81}",2026-07-02T04:11:28.653590,completed,
1,MAPE,12,2,leaky_relu,3,64,0.1,3.563506603240967,0.6239539980888367,1.0548945665359497,0.24741748718629963,0.3691155151850335,3.563506603240967,0.5797914266586304,1.0151035785675049,0.2307089546630548,0.4532662340154851,3.827014207839966,"{""loss"": 7.197356700897217, ""mape"": 7.197356700897217, ""mae"": 1.6336236000061035, ""val_loss"": 3.563506603240967, ""val_mape"": 3.563506603240967, ""val_mae"": 0.6239539980888367, ""lr"": 1.0000000656873453e-05, ""val_mae12"": 1.0548945665359497, ""val_me"": 0.24741748718629963, ""val_me12"": 0.3691155151850335, ""mape_2021"": 3.827014207839966, ""mae_2021"": 0.5797914266586304, ""mae12_2021"": 1.0151035785675049, ""me_2021"": 0.2307089546630548, ""me12_2021"": 0.4532662340154851, ""epochs_trained"": 387}",2026-07-02T04:12:32.730183,completed,
1,MAPE,12,2,leaky_relu,3,64,0.05,3.308415174484253,0.563284158706665,1.070279836654663,0.17971812529485706,0.61105846701157,3.308415174484253,0.5565605163574219,0.9805701971054077,0.18585897874184373,0.4999934514733977,3.6039273738861084,"{""loss"": 5.4839582443237305, ""mape"": 5.4839582443237305, ""mae"": 1.2232095003128052, ""val_loss"": 3.308415174484253, ""val_mape"": 3.308415174484253, ""val_mae"": 0.563284158706665, ""lr"": 0.00010000000474974513, ""val_mae12"": 1.070279836654663, ""val_me"": 0.17971812529485706, ""val_me12"": 0.61105846701157, ""mape_2021"": 3.6039273738861084, ""mae_2021"": 0.5565605163574219, ""mae12_2021"": 0.9805701971054077, ""me_2021"": 0.18585897874184373, ""me12_2021"": 0.4999934514733977, ""epochs_trained"": 444}",2026-07-02T04:12:43.014850,completed,
1,MAPE,12,2,leaky_relu,3,128,0.1,2.8912458419799805,0.510295033454895,0.9459671378135681,0.08940809447178834,0.507868808765846,2.8912458419799805,0.4708777368068695,0.84405118227005,0.11113275365724008,0.2847407148210588,2.9732043743133545,"{""loss"": 5.174432754516602, ""mape"": 5.174432754516602, ""mae"": 1.1661680936813354, ""val_loss"": 2.8912458419799805, ""val_mape"": 2.8912458419799805, ""val_mae"": 0.510295033454895, ""lr"": 0.00010000000474974513, ""val_mae12"": 0.9459671378135681, ""val_me"": 0.08940809447178834, ""val_me12"": 0.507868808765846, ""mape_2021"": 2.9732043743133545, ""mae_2021"": 0.4708777368068695, ""mae12_2021"": 0.84405118227005, ""me_2021"": 0.11113275365724008, ""me12_2021"": 0.2847407148210588, ""epochs_trained"": 388}",2026-07-02T04:13:03.786425,completed,
1,MAPE,12,2,leaky_relu,3,128,0.3,3.257328987121582,0.6110513210296631,0.9796075820922852,0.2713390170755704,0.20128373965941887,3.257328987121582,0.559665858745575,0.907440721988678,0.29167845478098414,0.07901360865384828,3.4135003089904785,"{""loss"": 8.160161972045898, ""mape"": 8.160161972045898, ""mae"": 1.8999706506729126, ""val_loss"": 3.257328987121582, ""val_mape"": 3.257328987121582, ""val_mae"": 0.6110513210296631, ""lr"": 0.00010000000474974513, ""val_mae12"": 0.9796075820922852, ""val_me"": 0.2713390170755704, ""val_me12"": 0.20128373965941887, ""mape_2021"": 3.4135003089904785, ""mae_2021"": 0.559665858745575, ""mae12_2021"": 0.907440721988678, ""me_2021"": 0.29167845478098414, ""me12_2021"": 0.07901360865384828, ""epochs_trained"": 393}",2026-07-02T04:13:04.215839,completed,
1,MAPE,12,2,leaky_relu,3,128,0.05,2.8725059032440186,0.4933193325996399,0.941336452960968,0.05396601713437727,0.4883646866537376,2.8725059032440186,0.46343177556991577,0.8624507784843445,0.06760161781593654,0.24744984416062568,2.8879618644714355,"{""loss"": 4.171966552734375, ""mape"": 4.171966552734375, ""mae"": 0.9197543263435364, ""val_loss"": 2.8725059032440186, ""val_mape"": 2.8725059032440186, ""val_mae"": 0.4933193325996399, ""lr"": 1.0000000656873453e-05, ""val_mae12"": 0.941336452960968, ""val_me"": 0.05396601713437727, ""val_me12"": 0.4883646866537376, ""mape_2021"": 2.8879618644714355, ""mae_2021"": 0.46343177556991577, ""mae12_2021"": 0.8624507784843445, ""me_2021"": 0.06760161781593654, ""me12_2021"": 0.24744984416062568, ""epochs_trained"": 457}",2026-07-02T04:13:14.081387,completed,
1,MAPE,12,2,leaky_relu,3,256,0.05,2.7849769592285156,0.48428085446357727,0.9372371435165405,0.054321352861458505,0.5151541794725395,2.7849769592285156,0.4735703766345978,0.9437609314918518,0.08406155047543416,0.3744411367603523,3.0303688049316406,"{""loss"": 3.7972922325134277, ""mape"": 3.7972922325134277, ""mae"": 0.8126700520515442, ""val_loss"": 2.7849769592285156, ""val_mape"": 2.7849769592285156, ""val_mae"": 0.48428085446357727, ""lr"": 1.0000000656873453e-05, ""val_mae12"": 0.9372371435165405, ""val_me"": 0.054321352861458505, ""val_me12"": 0.5151541794725395, ""mape_2021"": 3.0303688049316406, ""mae_2021"": 0.4735703766345978, ""mae12_2021"": 0.9437609314918518, ""me_2021"": 0.08406155047543416, ""me12_2021"": 0.3744411367603523, ""epochs_trained"": 299}",2026-07-02T04:14:53.483750,completed,
1,MAPE,12,2,leaky_relu,3,256,0.3,3.2341949939727783,0.5910348892211914,1.0359611511230469,0.16611963293177953,0.4103691730388823,3.2341949939727783,0.5190625786781311,0.9631202220916748,0.18954922913215,0.29417562855454993,3.211286783218384,"{""loss"": 6.589292526245117, ""mape"": 6.589292526245117, ""mae"": 1.5019749402999878, ""val_loss"": 3.2341949939727783, ""val_mape"": 3.2341949939727783, ""val_mae"": 0.5910348892211914, ""lr"": 0.00010000000474974513, ""val_mae12"": 1.0359611511230469, ""val_me"": 0.16611963293177953, ""val_me12"": 0.4103691730388823, ""mape_2021"": 3.211286783218384, ""mae_2021"": 0.5190625786781311, ""mae12_2021"": 0.9631202220916748, ""me_2021"": 0.18954922913215, ""me12_2021"": 0.29417562855454993, ""epochs_trained"": 278}",2026-07-02T04:15:04.645680,completed,
1,MAPE,12,2,leaky_relu,3,256,0.1,2.7976136207580566,0.4823043942451477,0.9631649851799011,-0.04868207428569625,0.484833822614681,2.7976136207580566,0.46730294823646545,0.9309853911399841,-0.014730603748572301,0.35453148894956205,3.0310447216033936,"{""loss"": 4.311300277709961, ""mape"": 4.311300277709961, ""mae"": 0.9425804018974304, ""val_loss"": 2.7976136207580566, ""val_mape"": 2.7976136207580566, ""val_mae"": 0.4823043942451477, ""lr"": 0.00010000000474974513, ""val_mae12"": 0.9631649851799011, ""val_me"": -0.04868207428569625, ""val_me12"": 0.484833822614681, ""mape_2021"": 3.0310447216033936, ""mae_2021"": 0.46730294823646545, ""mae12_2021"": 0.9309853911399841, ""me_2021"": -0.014730603748572301, ""me12_2021"": 0.35453148894956205, ""epochs_trained"": 307}",2026-07-02T04:15:07.420436,completed,
1,MAPE,12,2,leaky_relu,3,128,0.0,2.5260608196258545,0.46664896607398987,0.6825803518295288,-0.0034774338943652627,0.3590692011375758,2.5260608196258545,0.44032132625579834,0.7221554517745972,0.0008086654918157051,0.16142386134140413,2.705531597137451,"{""loss"": 2.018825054168701, ""mape"": 2.018825054168701, ""mae"": 0.4056931436061859, ""val_loss"": 2.5260608196258545, ""val_mape"": 2.5260608196258545, ""val_mae"": 0.46664896607398987, ""lr"": 9.999999747378752e-06, ""val_mae12"": 0.6825803518295288, ""val_me"": -0.0034774338943652627, ""val_me12"": 0.3590692011375758, ""mape_2021"": 2.705531597137451, ""mae_2021"": 0.44032132625579834, ""mae12_2021"": 0.7221554517745972, ""me_2021"": 0.0008086654918157051, ""me12_2021"": 0.16142386134140413, ""epochs_trained"": 1037}",2026-07-02T04:15:24.176556,completed,
1,MAPE,12,2,leaky_relu,3,64,0.3,6.80694055557251,1.1774884462356567,2.1508171558380127,0.626316567466287,0.6616563862181675,6.80694055557251,1.1581220626831055,1.706388235092163,0.6889656951518847,1.0403031990854326,7.29608154296875,"{""loss"": 13.298534393310547, ""mape"": 13.298534393310547, ""mae"": 3.0967726707458496, ""val_loss"": 6.80694055557251, ""val_mape"": 6.80694055557251, ""val_mae"": 1.1774884462356567, ""lr"": 9.999999747378752e-06, ""val_mae12"": 2.1508171558380127, ""val_me"": 0.626316567466287, ""val_me12"": 0.6616563862181675, ""mape_2021"": 7.29608154296875, ""mae_2021"": 1.1581220626831055, ""mae12_2021"": 1.706388235092163, ""me_2021"": 0.6889656951518847, ""me12_2021"": 1.0403031990854326, ""epochs_trained"": 1597}",2026-07-02T04:16:02.347842,completed,
1,MAPE,12,2,leaky_relu,3,256,0.0,2.459000825881958,0.45064103603363037,0.7133437395095825,-0.01762304707563381,0.39691942013524306,2.459000825881958,0.43440932035446167,0.7435570955276489,0.004819741580899216,0.12646106214827346,2.685692071914673,"{""loss"": 1.8319247961044312, ""mape"": 1.8319247961044312, ""mae"": 0.37427815794944763, ""val_loss"": 2.459000825881958, ""val_mape"": 2.459000825881958, ""val_mae"": 0.45064103603363037, ""lr"": 9.999999747378752e-06, ""val_mae12"": 0.7133437395095825, ""val_me"": -0.01762304707563381, ""val_me12"": 0.39691942013524306, ""mape_2021"": 2.685692071914673, ""mae_2021"": 0.43440932035446167, ""mae12_2021"": 0.7435570955276489, ""me_2021"": 0.004819741580899216, ""me12_2021"": 0.12646106214827346, ""epochs_trained"": 1492}",2026-07-02T04:16:42.553643,completed,
1,MAPE,12,2,leaky_relu,3,64,0.0,2.7225489616394043,0.5086319446563721,0.6784710884094238,0.00779658734920282,0.30131775178830555,2.7225489616394043,0.49051418900489807,0.6474581360816956,0.026708623876611586,0.06827788715401674,2.915982246398926,"{""loss"": 2.2673521041870117, ""mape"": 2.2673521041870117, ""mae"": 0.46062490344047546, ""val_loss"": 2.7225489616394043, ""val_mape"": 2.7225489616394043, ""val_mae"": 0.5086319446563721, ""lr"": 9.999999747378752e-06, ""val_mae12"": 0.6784710884094238, ""val_me"": 0.00779658734920282, ""val_me12"": 0.30131775178830555, ""mape_2021"": 2.915982246398926, ""mae_2021"": 0.49051418900489807, ""mae12_2021"": 0.6474581360816956, ""me_2021"": 0.026708623876611586, ""me12_2021"": 0.06827788715401674, ""epochs_trained"": 2773}",2026-07-02T04:17:05.847556,completed,
1,MAPE,12,2,selu,1,32,0.1,57.63148498535156,12.009899139404297,8.482889175415039,9.338187536426435,7.7768611558502565,57.63148498535156,11.655224800109863,11.675339698791504,10.225386598675472,11.185926478475945,68.53081512451172,"{""loss"": 51.03527069091797, ""mape"": 51.03527069091797, ""mae"": 10.770748138427734, ""val_loss"": 57.63148498535156, ""val_mape"": 57.63148498535156, ""val_mae"": 12.009899139404297, ""lr"": 0.00010000000474974513, ""val_mae12"": 8.482889175415039, ""val_me"": 9.338187536426435, ""val_me12"": 7.7768611558502565, ""mape_2021"": 68.53081512451172, ""mae_2021"": 11.655224800109863, ""mae12_2021"": 11.675339698791504, ""me_2021"": 10.225386598675472, ""me12_2021"": 11.185926478475945, ""epochs_trained"": 162}",2026-07-02T04:17:28.108645,completed,
1,MAPE,12,2,selu,1,32,0.05,53.06076431274414,11.11042594909668,6.287301063537598,9.357292875925266,5.137543559318688,53.06076431274414,11.40755558013916,8.864005088806152,10.269791927403928,8.04132993931412,64.33534240722656,"{""loss"": 47.51499557495117, ""mape"": 47.51499557495117, ""mae"": 10.025856971740723, ""val_loss"": 53.06076431274414, ""val_mape"": 53.06076431274414, ""val_mae"": 11.11042594909668, ""lr"": 0.00010000000474974513, ""val_mae12"": 6.287301063537598, ""val_me"": 9.357292875925266, ""val_me12"": 5.137543559318688, ""mape_2021"": 64.33534240722656, ""mae_2021"": 11.40755558013916, ""mae12_2021"": 8.864005088806152, ""me_2021"": 10.269791927403928, ""me12_2021"": 8.04132993931412, ""epochs_trained"": 168}",2026-07-02T04:17:28.244776,completed,
1,MAPE,12,2,selu,1,32,0.3,51.60429763793945,10.43378734588623,12.082581520080566,7.631464222979161,12.053043211596377,51.60429763793945,10.308553695678711,15.290574073791504,8.317002274900952,15.26755868752086,64.3902587890625,"{""loss"": 59.36686325073242, ""mape"": 59.36686325073242, ""mae"": 13.37837028503418, ""val_loss"": 51.60429763793945, ""val_mape"": 51.60429763793945, ""val_mae"": 10.43378734588623, ""lr"": 0.00010000000474974513, ""val_mae12"": 12.082581520080566, ""val_me"": 7.631464222979161, ""val_me12"": 12.053043211596377, ""mape_2021"": 64.3902587890625, ""mae_2021"": 10.308553695678711, ""mae12_2021"": 15.290574073791504, ""me_2021"": 8.317002274900952, ""me12_2021"": 15.26755868752086, ""epochs_trained"": 204}",2026-07-02T04:17:29.928437,completed,
1,MAPE,12,2,selu,1,16,0.05,51.230857849121094,10.71754264831543,7.350096702575684,8.846323494607011,6.296703595017271,51.230857849121094,10.996747970581055,9.829206466674805,9.737242628233718,9.037631282357765,62.48545837402344,"{""loss"": 47.30896759033203, ""mape"": 47.30896759033203, ""mae"": 9.984190940856934, ""val_loss"": 51.230857849121094, ""val_mape"": 51.230857849121094, ""val_mae"": 10.71754264831543, ""lr"": 0.00010000000474974513, ""val_mae12"": 7.350096702575684, ""val_me"": 8.846323494607011, ""val_me12"": 6.296703595017271, ""mape_2021"": 62.48545837402344, ""mae_2021"": 10.996747970581055, ""mae12_2021"": 9.829206466674805, ""me_2021"": 9.737242628233718, ""me12_2021"": 9.037631282357765, ""epochs_trained"": 215}",2026-07-02T04:17:30.505784,completed,
1,MAPE,12,2,selu,1,16,0.1,52.622135162353516,10.885787010192871,8.129415512084961,8.726209055817838,7.749753722854148,52.622135162353516,11.04383659362793,11.153510093688965,9.584330959274096,10.974241103544891,64.73088836669922,"{""loss"": 50.921653747558594, ""mape"": 50.921653747558594, ""mae"": 10.905529022216797, ""val_loss"": 52.622135162353516, ""val_mape"": 52.622135162353516, ""val_mae"": 10.885787010192871, ""lr"": 0.00010000000474974513, ""val_mae12"": 8.129415512084961, ""val_me"": 8.726209055817838, ""val_me12"": 7.749753722854148, ""mape_2021"": 64.73088836669922, ""mae_2021"": 11.04383659362793, ""mae12_2021"": 11.153510093688965, ""me_2021"": 9.584330959274096, ""me12_2021"": 10.974241103544891, ""epochs_trained"": 222}",2026-07-02T04:17:30.797285,completed,
1,MAPE,12,2,selu,1,16,0.3,55.10209655761719,11.013396263122559,13.235469818115234,8.041001506646122,13.232177333890577,55.10209655761719,11.036128044128418,16.99462890625,8.794273162672136,17.065614372749632,69.97087860107422,"{""loss"": 61.13930130004883, ""mape"": 61.13930130004883, ""mae"": 13.941193580627441, ""val_loss"": 55.10209655761719, ""val_mape"": 55.10209655761719, ""val_mae"": 11.013396263122559, ""lr"": 0.00010000000474974513, ""val_mae12"": 13.235469818115234, ""val_me"": 8.041001506646122, ""val_me12"": 13.232177333890577, ""mape_2021"": 69.97087860107422, ""mae_2021"": 11.036128044128418, ""mae12_2021"": 16.99462890625, ""me_2021"": 8.794273162672136, ""me12_2021"": 17.065614372749632, ""epochs_trained"": 227}",2026-07-02T04:17:31.114886,completed,
1,MAPE,12,2,selu,1,16,0.0,49.924137115478516,10.463973045349121,6.415148735046387,8.801499042705421,5.106725645255036,49.924137115478516,10.866469383239746,8.896645545959473,9.69614990630845,7.927696602469854,61.57261657714844,"{""loss"": 43.5229606628418, ""mape"": 43.5229606628418, ""mae"": 9.110991477966309, ""val_loss"": 49.924137115478516, ""val_mape"": 49.924137115478516, ""val_mae"": 10.463973045349121, ""lr"": 0.00010000000474974513, ""val_mae12"": 6.415148735046387, ""val_me"": 8.801499042705421, ""val_me12"": 5.106725645255036, ""mape_2021"": 61.57261657714844, ""mae_2021"": 10.866469383239746, ""mae12_2021"": 8.896645545959473, ""me_2021"": 9.69614990630845, ""me12_2021"": 7.927696602469854, ""epochs_trained"": 250}",2026-07-02T04:17:31.938227,completed,
1,MAPE,12,2,selu,1,32,0.0,42.45922088623047,8.90107536315918,5.8682541847229,7.497732457273289,4.250987837433409,42.45922088623047,9.245017051696777,7.387585639953613,8.260446656431881,5.852775885946833,51.1888542175293,"{""loss"": 36.472076416015625, ""mape"": 36.472076416015625, ""mae"": 7.5577392578125, ""val_loss"": 42.45922088623047, ""val_mape"": 42.45922088623047, ""val_mae"": 8.90107536315918, ""lr"": 0.00010000000474974513, ""val_mae12"": 5.8682541847229, ""val_me"": 7.497732457273289, ""val_me12"": 4.250987837433409, ""mape_2021"": 51.1888542175293, ""mae_2021"": 9.245017051696777, ""mae12_2021"": 7.387585639953613, ""me_2021"": 8.260446656431881, ""me12_2021"": 5.852775885946833, ""epochs_trained"": 271}",2026-07-02T04:17:33.330666,completed,
1,MAPE,12,2,selu,1,64,0.3,93.73340606689453,23.117591857910156,3.9276256561279297,23.147401322871957,2.6821477691138393,93.73340606689453,22.38485336303711,6.006608963012695,21.82815170028814,5.158475472125251,98.24311828613281,"{""loss"": 91.62806701660156, ""mape"": 91.62806701660156, ""mae"": 23.3477725982666, ""val_loss"": 93.73340606689453, ""val_mape"": 93.73340606689453, ""val_mae"": 23.117591857910156, ""lr"": 0.00010000000474974513, ""val_mae12"": 3.9276256561279297, ""val_me"": 23.147401322871957, ""val_me12"": 2.6821477691138393, ""mape_2021"": 98.24311828613281, ""mae_2021"": 22.38485336303711, ""mae12_2021"": 6.006608963012695, ""me_2021"": 21.82815170028814, ""me12_2021"": 5.158475472125251, ""epochs_trained"": 38}",2026-07-02T04:17:40.101101,completed,
1,MAPE,12,2,selu,1,128,0.3,96.52754211425781,24.087074279785156,3.427053451538086,23.985977619820904,0.6960982152186798,96.52754211425781,22.99091339111328,4.853532791137695,22.604113411414136,2.9259657818228613,99.00209045410156,"{""loss"": 93.35342407226562, ""mape"": 93.35342407226562, ""mae"": 23.942468643188477, ""val_loss"": 96.52754211425781, ""val_mape"": 96.52754211425781, ""val_mae"": 24.087074279785156, ""lr"": 0.00010000000474974513, ""val_mae12"": 3.427053451538086, ""val_me"": 23.985977619820904, ""val_me12"": 0.6960982152186798, ""mape_2021"": 99.00209045410156, ""mae_2021"": 22.99091339111328, ""mae12_2021"": 4.853532791137695, ""me_2021"": 22.604113411414136, ""me12_2021"": 2.9259657818228613, ""epochs_trained"": 30}",2026-07-02T04:17:44.096897,completed,
1,MAPE,12,2,selu,1,64,0.05,55.34319305419922,11.647972106933594,6.854231834411621,9.341230224924052,5.517972248886901,55.34319305419922,11.401751518249512,9.493417739868164,10.251852195384046,8.429678811225134,64.85955810546875,"{""loss"": 47.1043815612793, ""mape"": 47.1043815612793, ""mae"": 9.772093772888184, ""val_loss"": 55.34319305419922, ""val_mape"": 55.34319305419922, ""val_mae"": 11.647972106933594, ""lr"": 0.00010000000474974513, ""val_mae12"": 6.854231834411621, ""val_me"": 9.341230224924052, ""val_me12"": 5.517972248886901, ""mape_2021"": 64.85955810546875, ""mae_2021"": 11.401751518249512, ""mae12_2021"": 9.493417739868164, ""me_2021"": 10.251852195384046, ""me12_2021"": 8.429678811225134, ""epochs_trained"": 152}",2026-07-02T04:17:45.032007,completed,
1,MAPE,12,2,selu,1,128,0.05,54.15229797363281,11.497307777404785,5.626007080078125,9.788735470153528,3.8717843454804823,54.15229797363281,11.721963882446289,8.056680679321289,10.737335122981525,6.717746366487118,65.02798461914062,"{""loss"": 45.82962417602539, ""mape"": 45.82962417602539, ""mae"": 9.603860855102539, ""val_loss"": 54.15229797363281, ""val_mape"": 54.15229797363281, ""val_mae"": 11.497307777404785, ""lr"": 0.00010000000474974513, ""val_mae12"": 5.626007080078125, ""val_me"": 9.788735470153528, ""val_me12"": 3.8717843454804823, ""mape_2021"": 65.02798461914062, ""mae_2021"": 11.721963882446289, ""mae12_2021"": 8.056680679321289, ""me_2021"": 10.737335122981525, ""me12_2021"": 6.717746366487118, ""epochs_trained"": 119}",2026-07-02T04:17:46.534009,completed,
1,MAPE,12,2,selu,1,128,0.1,56.24834442138672,11.901150703430176,6.662269592285156,9.440228062751618,5.303398536025117,56.24834442138672,11.374898910522461,9.283492088317871,10.310391723408522,8.250273756112826,64.55195617675781,"{""loss"": 46.592079162597656, ""mape"": 46.592079162597656, ""mae"": 9.66066837310791, ""val_loss"": 56.24834442138672, ""val_mape"": 56.24834442138672, ""val_mae"": 11.901150703430176, ""lr"": 0.00010000000474974513, ""val_mae12"": 6.662269592285156, ""val_me"": 9.440228062751618, ""val_me12"": 5.303398536025117, ""mape_2021"": 64.55195617675781, ""mae_2021"": 11.374898910522461, ""mae12_2021"": 9.283492088317871, ""me_2021"": 10.310391723408522, ""me12_2021"": 8.250273756112826, ""epochs_trained"": 128}",2026-07-02T04:17:47.649949,completed,
1,MAPE,12,2,selu,1,64,0.1,54.20499038696289,11.343746185302734,8.465056419372559,8.509724645282429,7.532376399546386,54.20499038696289,10.581236839294434,11.251757621765137,9.265883090439182,10.520890069486425,62.61756134033203,"{""loss"": 46.74075698852539, ""mape"": 46.74075698852539, ""mae"": 9.547001838684082, ""val_loss"": 54.20499038696289, ""val_mape"": 54.20499038696289, ""val_mae"": 11.343746185302734, ""lr"": 0.00010000000474974513, ""val_mae12"": 8.465056419372559, ""val_me"": 8.509724645282429, ""val_me12"": 7.532376399546386, ""mape_2021"": 62.61756134033203, ""mae_2021"": 10.581236839294434, ""mae12_2021"": 11.251757621765137, ""me_2021"": 9.265883090439182, ""me12_2021"": 10.520890069486425, ""epochs_trained"": 173}",2026-07-02T04:17:47.692662,completed,
1,MAPE,12,2,selu,1,128,0.0,4.49372673034668,0.8687697649002075,0.9233134388923645,-0.024986529763643857,0.5784576980951758,4.49372673034668,0.8940512537956238,0.8740020394325256,0.001793277778517199,0.15319542171067047,4.9330220222473145,"{""loss"": 3.855686902999878, ""mape"": 3.855686902999878, ""mae"": 0.7844597697257996, ""val_loss"": 4.49372673034668, ""val_mape"": 4.49372673034668, ""val_mae"": 0.8687697649002075, ""lr"": 1.0000000656873453e-05, ""val_mae12"": 0.9233134388923645, ""val_me"": -0.024986529763643857, ""val_me12"": 0.5784576980951758, ""mape_2021"": 4.9330220222473145, ""mae_2021"": 0.8940512537956238, ""mae12_2021"": 0.8740020394325256, ""me_2021"": 0.001793277778517199, ""me12_2021"": 0.15319542171067047, ""epochs_trained"": 524}",2026-07-02T04:18:02.248511,completed,
1,MAPE,12,2,selu,1,64,0.0,3.3456902503967285,0.6402185559272766,0.7487040758132935,-0.12217983997085163,0.3273526077945699,3.3456902503967285,0.5937265157699585,0.6807576417922974,-0.07145000309997468,0.05342783514940568,3.3915696144104004,"{""loss"": 2.7762863636016846, ""mape"": 2.7762863636016846, ""mae"": 0.5618323087692261, ""val_loss"": 3.3456902503967285, ""val_mape"": 3.3456902503967285, ""val_mae"": 0.6402185559272766, ""lr"": 0.00010000000474974513, ""val_mae12"": 0.7487040758132935, ""val_me"": -0.12217983997085163, ""val_me12"": 0.3273526077945699, ""mape_2021"": 3.3915696144104004, ""mae_2021"": 0.5937265157699585, ""mae12_2021"": 0.6807576417922974, ""me_2021"": -0.07145000309997468, ""me12_2021"": 0.05342783514940568, ""epochs_trained"": 1007}",2026-07-02T04:18:15.990536,completed,
1,MAPE,12,2,selu,2,16,0.3,92.1166000366211,21.41202163696289,8.212485313415527,21.263805193960373,8.174030062780094,92.1166000366211,21.102771759033203,10.911439895629883,19.948123752829844,10.972703741914204,96.62251281738281,"{""loss"": 90.26766204833984, ""mape"": 90.26766204833984, ""mae"": 22.800962448120117, ""val_loss"": 92.1166000366211, ""val_mape"": 92.1166000366211, ""val_mae"": 21.41202163696289, ""lr"": 0.00010000000474974513, ""val_mae12"": 8.212485313415527, ""val_me"": 21.263805193960373, ""val_me12"": 8.174030062780094, ""mape_2021"": 96.62251281738281, ""mae_2021"": 21.102771759033203, ""mae12_2021"": 10.911439895629883, ""me_2021"": 19.948123752829844, ""me12_2021"": 10.972703741914204, ""epochs_trained"": 54}",2026-07-02T04:18:43.504128,completed,
1,MAPE,12,2,selu,1,256,0.1,49.07868576049805,10.672735214233398,5.450222015380859,8.260400302581912,3.477612567137666,49.07868576049805,10.014310836791992,7.295876502990723,9.0700468773292,5.557308867883273,55.147953033447266,"{""loss"": 40.19157791137695, ""mape"": 40.19157791137695, ""mae"": 8.337873458862305, ""val_loss"": 49.07868576049805, ""val_mape"": 49.07868576049805, ""val_mae"": 10.672735214233398, ""lr"": 0.00010000000474974513, ""val_mae12"": 5.450222015380859, ""val_me"": 8.260400302581912, ""val_me12"": 3.477612567137666, ""mape_2021"": 55.147953033447266, ""mae_2021"": 10.014310836791992, ""mae12_2021"": 7.295876502990723, ""me_2021"": 9.0700468773292, ""me12_2021"": 5.557308867883273, ""epochs_trained"": 123}",2026-07-02T04:18:48.412826,completed,
1,MAPE,12,2,selu,1,256,0.3,56.33034133911133,12.464999198913574,9.071133613586426,6.637170376176843,8.024065250088888,56.33034133911133,9.04954719543457,11.306668281555176,7.290632810417068,10.194061051760068,53.87613296508789,"{""loss"": 46.171573638916016, ""mape"": 46.171573638916016, ""mae"": 9.678466796875, ""val_loss"": 56.33034133911133, ""val_mape"": 56.33034133911133, ""val_mae"": 12.464999198913574, ""lr"": 0.00010000000474974513, ""val_mae12"": 9.071133613586426, ""val_me"": 6.637170376176843, ""val_me12"": 8.024065250088888, ""mape_2021"": 53.87613296508789, ""mae_2021"": 9.04954719543457, ""mae12_2021"": 11.306668281555176, ""me_2021"": 7.290632810417068, ""me12_2021"": 10.194061051760068, ""epochs_trained"": 130}",2026-07-02T04:18:48.536947,completed,
1,MAPE,12,2,selu,2,16,0.05,41.538150787353516,8.966901779174805,7.095473289489746,6.154326240600156,7.074828421740976,41.538150787353516,7.839020252227783,9.158454895019531,6.643619417500561,9.155912100422775,46.48271942138672,"{""loss"": 36.86745071411133, ""mape"": 36.86745071411133, ""mae"": 7.8836164474487305, ""val_loss"": 41.538150787353516, ""val_mape"": 41.538150787353516, ""val_mae"": 8.966901779174805, ""lr"": 0.00010000000474974513, ""val_mae12"": 7.095473289489746, ""val_me"": 6.154326240600156, ""val_me12"": 7.074828421740976, ""mape_2021"": 46.48271942138672, ""mae_2021"": 7.839020252227783, ""mae12_2021"": 9.158454895019531, ""me_2021"": 6.643619417500561, ""me12_2021"": 9.155912100422775, ""epochs_trained"": 213}",2026-07-02T04:18:56.957451,completed,
1,MAPE,12,2,selu,2,16,0.1,36.440338134765625,7.656984329223633,9.393326759338379,4.45135622565616,9.416783370986822,36.440338134765625,6.567212104797363,11.251381874084473,4.782434636592123,11.326095098956376,42.09038543701172,"{""loss"": 37.823890686035156, ""mape"": 37.823890686035156, ""mae"": 8.426592826843262, ""val_loss"": 36.440338134765625, ""val_mape"": 36.440338134765625, ""val_mae"": 7.656984329223633, ""lr"": 0.00010000000474974513, ""val_mae12"": 9.393326759338379, ""val_me"": 4.45135622565616, ""val_me12"": 9.416783370986822, ""mape_2021"": 42.09038543701172, ""mae_2021"": 6.567212104797363, ""mae12_2021"": 11.251381874084473, ""me_2021"": 4.782434636592123, ""me12_2021"": 11.326095098956376, ""epochs_trained"": 215}",2026-07-02T04:18:57.059730,completed,
1,MAPE,12,2,selu,1,256,0.05,9.54647159576416,2.233670711517334,0.8553513288497925,-1.8931874552904882,0.3626847283233257,9.54647159576416,2.0434627532958984,0.8770465850830078,-1.7256259827818579,-0.039097823634683594,9.017086029052734,"{""loss"": 10.070796012878418, ""mape"": 10.070796012878418, ""mae"": 2.0536584854125977, ""val_loss"": 9.54647159576416, ""val_mape"": 9.54647159576416, ""val_mae"": 2.233670711517334, ""lr"": 0.00010000000474974513, ""val_mae12"": 0.8553513288497925, ""val_me"": -1.8931874552904882, ""val_me12"": 0.3626847283233257, ""mape_2021"": 9.017086029052734, ""mae_2021"": 2.0434627532958984, ""mae12_2021"": 0.8770465850830078, ""me_2021"": -1.7256259827818579, ""me12_2021"": -0.039097823634683594, ""epochs_trained"": 319}",2026-07-02T04:19:01.328464,completed,
1,MAPE,12,2,selu,1,256,0.0,2.7610366344451904,0.517044186592102,0.6862869262695312,0.015932208965770984,0.14386563221854892,2.7610366344451904,0.5096955895423889,0.6181330680847168,0.031734824293403116,-0.02679449183681007,3.04764461517334,"{""loss"": 2.4196858406066895, ""mape"": 2.4196858406066895, ""mae"": 0.4792649447917938, ""val_loss"": 2.7610366344451904, ""val_mape"": 2.7610366344451904, ""val_mae"": 0.517044186592102, ""lr"": 0.00010000000474974513, ""val_mae12"": 0.6862869262695312, ""val_me"": 0.015932208965770984, ""val_me12"": 0.14386563221854892, ""mape_2021"": 3.04764461517334, ""mae_2021"": 0.5096955895423889, ""mae12_2021"": 0.6181330680847168, ""me_2021"": 0.031734824293403116, ""me12_2021"": -0.02679449183681007, ""epochs_trained"": 803}",2026-07-02T04:19:23.555459,completed,
1,MAPE,12,2,selu,2,16,0.0,2.496476650238037,0.47440317273139954,0.6702965497970581,0.05450709257675132,0.2356765984658282,2.496476650238037,0.46714791655540466,0.6536961197853088,0.06475874041912606,-0.12519223244813366,2.8494091033935547,"{""loss"": 2.277315139770508, ""mape"": 2.277315139770508, ""mae"": 0.44845956563949585, ""val_loss"": 2.496476650238037, ""val_mape"": 2.496476650238037, ""val_mae"": 0.47440317273139954, ""lr"": 0.00010000000474974513, ""val_mae12"": 0.6702965497970581, ""val_me"": 0.05450709257675132, ""val_me12"": 0.2356765984658282, ""mape_2021"": 2.8494091033935547, ""mae_2021"": 0.46714791655540466, ""mae12_2021"": 0.6536961197853088, ""me_2021"": 0.06475874041912606, ""me12_2021"": -0.12519223244813366, ""epochs_trained"": 2177}",2026-07-02T04:20:07.424383,completed,
2,MAPE,12,2,leaky_relu,1,256,0.05,50.89673614501953,10.926222801208496,5.054288387298584,9.062361936113696,4.311486943607066,50.89673614501953,10.931975364685059,7.377865314483643,9.973591706101342,6.896134497096755,60.12335968017578,"{""loss"": 43.552635192871094, ""mape"": 43.552635192871094, ""mae"": 9.320382118225098, ""val_loss"": 50.89673614501953, ""val_mape"": 50.89673614501953, ""val_mae"": 10.926222801208496, ""lr"": 0.00010000000474974513, ""val_mae12"": 5.054288387298584, ""val_me"": 9.062361936113696, ""val_me12"": 4.311486943607066, ""mape_2021"": 60.12335968017578, ""mae_2021"": 10.931975364685059, ""mae12_2021"": 7.377865314483643, ""me_2021"": 9.973591706101342, ""me12_2021"": 6.896134497096755, ""epochs_trained"": 81}",2026-07-03T01:52:11.654105,completed,
2,MAPE,12,2,leaky_relu,1,256,0.0,50.56681442260742,10.868346214294434,4.981330871582031,9.115855194946098,4.129986322143125,50.56681442260742,10.92419719696045,7.193150520324707,10.024171810533302,6.60578389767536,59.74448776245117,"{""loss"": 43.14194869995117, ""mape"": 43.14194869995117, ""mae"": 9.235640525817871, ""val_loss"": 50.56681442260742, ""val_mape"": 50.56681442260742, ""val_mae"": 10.868346214294434, ""lr"": 0.00010000000474974513, ""val_mae12"": 4.981330871582031, ""val_me"": 9.115855194946098, ""val_me12"": 4.129986322143125, ""mape_2021"": 59.74448776245117, ""mae_2021"": 10.92419719696045, ""mae12_2021"": 7.193150520324707, ""me_2021"": 10.024171810533302, ""me12_2021"": 6.60578389767536, ""epochs_trained"": 83}",2026-07-03T01:52:11.946062,completed,
2,MAPE,12,2,leaky_relu,1,128,0.0,51.070335388183594,10.768900871276855,5.123491287231445,8.903055095845453,4.483092015584904,51.070335388183594,10.919961929321289,7.5660881996154785,9.832919767661858,7.179253064077822,60.61674118041992,"{""loss"": 43.75910949707031, ""mape"": 43.75910949707031, ""mae"": 9.244048118591309, ""val_loss"": 51.070335388183594, ""val_mape"": 51.070335388183594, ""val_mae"": 10.768900871276855, ""lr"": 0.00010000000474974513, ""val_mae12"": 5.123491287231445, ""val_me"": 8.903055095845453, ""val_me12"": 4.483092015584904, ""mape_2021"": 60.61674118041992, ""mae_2021"": 10.919961929321289, ""mae12_2021"": 7.5660881996154785, ""me_2021"": 9.832919767661858, ""me12_2021"": 7.179253064077822, ""epochs_trained"": 103}",2026-07-03T01:52:12.383774,completed,
2,MAPE,12,2,leaky_relu,1,128,0.3,49.99570846557617,10.653740882873535,5.789892673492432,8.780133071760066,5.282016063417262,49.99570846557617,10.758124351501465,8.228350639343262,9.674153928694825,7.912900504396529,60.04308319091797,"{""loss"": 45.16162109375, ""mape"": 45.16162109375, ""mae"": 9.674903869628906, ""val_loss"": 49.99570846557617, ""val_mape"": 49.99570846557617, ""val_mae"": 10.653740882873535, ""lr"": 0.00010000000474974513, ""val_mae12"": 5.789892673492432, ""val_me"": 8.780133071760066, ""val_me12"": 5.282016063417262, ""mape_2021"": 60.04308319091797, ""mae_2021"": 10.758124351501465, ""mae12_2021"": 8.228350639343262, ""me_2021"": 9.674153928694825, ""me12_2021"": 7.912900504396529, ""epochs_trained"": 101}",2026-07-03T01:52:12.426837,completed,
2,MAPE,12,2,leaky_relu,1,128,0.1,49.237884521484375,10.573724746704102,5.663639068603516,8.544045068906222,4.827703198768867,49.237884521484375,10.616032600402832,7.860029220581055,9.495862869264732,7.234033588163891,58.63966369628906,"{""loss"": 43.17182540893555, ""mape"": 43.17182540893555, ""mae"": 9.216774940490723, ""val_loss"": 49.237884521484375, ""val_mape"": 49.237884521484375, ""val_mae"": 10.573724746704102, ""lr"": 0.00010000000474974513, ""val_mae12"": 5.663639068603516, ""val_me"": 8.544045068906222, ""val_me12"": 4.827703198768867, ""mape_2021"": 58.63966369628906, ""mae_2021"": 10.616032600402832, ""mae12_2021"": 7.860029220581055, ""me_2021"": 9.495862869264732, ""me12_2021"": 7.234033588163891, ""epochs_trained"": 107}",2026-07-03T01:52:12.600161,completed,
2,MAPE,12,2,leaky_relu,1,128,0.05,49.90159225463867,10.70820140838623,5.014482498168945,8.978235551728039,4.12467267144886,49.90159225463867,10.833389282226562,7.185348987579346,9.896542289501554,6.564820521665452,59.17056655883789,"{""loss"": 43.08714294433594, ""mape"": 43.08714294433594, ""mae"": 9.200675964355469, ""val_loss"": 49.90159225463867, ""val_mape"": 49.90159225463867, ""val_mae"": 10.70820140838623, ""lr"": 0.00010000000474974513, ""val_mae12"": 5.014482498168945, ""val_me"": 8.978235551728039, ""val_me12"": 4.12467267144886, ""mape_2021"": 59.17056655883789, ""mae_2021"": 10.833389282226562, ""mae12_2021"": 7.185348987579346, ""me_2021"": 9.896542289501554, ""me12_2021"": 6.564820521665452, ""epochs_trained"": 108}",2026-07-03T01:52:12.664491,completed,
2,MAPE,12,2,leaky_relu,1,256,0.1,51.58681106567383,11.004228591918945,5.1377668380737305,9.100722493103522,4.440242063506929,51.58681106567383,10.999292373657227,7.569713115692139,10.012292435872835,7.140684372002942,60.8603515625,"{""loss"": 44.30358123779297, ""mape"": 44.30358123779297, ""mae"": 9.435304641723633, ""val_loss"": 51.58681106567383, ""val_mape"": 51.58681106567383, ""val_mae"": 11.004228591918945, ""lr"": 0.00010000000474974513, ""val_mae12"": 5.1377668380737305, ""val_me"": 9.100722493103522, ""val_me12"": 4.440242063506929, ""mape_2021"": 60.8603515625, ""mae_2021"": 10.999292373657227, ""mae12_2021"": 7.569713115692139, ""me_2021"": 10.012292435872835, ""me12_2021"": 7.140684372002942, ""epochs_trained"": 72}",2026-07-03T01:52:20.292039,completed,
2,MAPE,12,2,leaky_relu,1,256,0.3,51.90211486816406,11.073873519897461,5.183602809906006,8.914221994312541,4.542213558849403,51.90211486816406,10.959817886352539,7.649759769439697,9.85082050036335,7.268802249027131,60.932701110839844,"{""loss"": 45.19657516479492, ""mape"": 45.19657516479492, ""mae"": 9.629265785217285, ""val_loss"": 51.90211486816406, ""val_mape"": 51.90211486816406, ""val_mae"": 11.073873519897461, ""lr"": 0.00010000000474974513, ""val_mae12"": 5.183602809906006, ""val_me"": 8.914221994312541, ""val_me12"": 4.542213558849403, ""mape_2021"": 60.932701110839844, ""mae_2021"": 10.959817886352539, ""mae12_2021"": 7.649759769439697, ""me_2021"": 9.85082050036335, ""me12_2021"": 7.268802249027131, ""epochs_trained"": 74}",2026-07-03T01:52:20.696069,completed,
2,MAPE,12,2,leaky_relu,2,16,0.1,51.23007583618164,10.715569496154785,5.428420543670654,8.987202221980493,4.890068129460793,51.23007583618164,10.948798179626465,7.981790542602539,9.878217647912876,7.672143695788862,61.37309265136719,"{""loss"": 48.253746032714844, ""mape"": 48.253746032714844, ""mae"": 10.390469551086426, ""val_loss"": 51.23007583618164, ""val_mape"": 51.23007583618164, ""val_mae"": 10.715569496154785, ""lr"": 0.00010000000474974513, ""val_mae12"": 5.428420543670654, ""val_me"": 8.987202221980493, ""val_me12"": 4.890068129460793, ""mape_2021"": 61.37309265136719, ""mae_2021"": 10.948798179626465, ""mae12_2021"": 7.981790542602539, ""me_2021"": 9.878217647912876, ""me12_2021"": 7.672143695788862, ""epochs_trained"": 104}",2026-07-03T01:52:22.533042,completed,
2,MAPE,12,2,leaky_relu,2,16,0.0,50.65904998779297,10.612195014953613,5.175102233886719,8.797456161293853,4.645488155214277,50.65904998779297,10.813400268554688,7.648945331573486,9.731331051085121,7.392571064314969,60.41728210449219,"{""loss"": 43.64950942993164, ""mape"": 43.64950942993164, ""mae"": 9.187067985534668, ""val_loss"": 50.65904998779297, ""val_mape"": 50.65904998779297, ""val_mae"": 10.612195014953613, ""lr"": 0.00010000000474974513, ""val_mae12"": 5.175102233886719, ""val_me"": 8.797456161293853, ""val_me12"": 4.645488155214277, ""mape_2021"": 60.41728210449219, ""mae_2021"": 10.813400268554688, ""mae12_2021"": 7.648945331573486, ""me_2021"": 9.731331051085121, ""me12_2021"": 7.392571064314969, ""epochs_trained"": 123}",2026-07-03T01:52:22.826705,completed,
2,MAPE,12,2,leaky_relu,2,16,0.05,52.2572135925293,10.970643043518066,4.996461391448975,9.254836857714455,4.294953577549974,52.2572135925293,11.122320175170898,7.536167621612549,10.141009070823584,7.150040621264726,61.88512420654297,"{""loss"": 47.610347747802734, ""mape"": 47.610347747802734, ""mae"": 10.09726619720459, ""val_loss"": 52.2572135925293, ""val_mape"": 52.2572135925293, ""val_mae"": 10.970643043518066, ""lr"": 0.00010000000474974513, ""val_mae12"": 4.996461391448975, ""val_me"": 9.254836857714455, ""val_me12"": 4.294953577549974, ""mape_2021"": 61.88512420654297, ""mae_2021"": 11.122320175170898, ""mae12_2021"": 7.536167621612549, ""me_2021"": 10.141009070823584, ""me12_2021"": 7.150040621264726, ""epochs_trained"": 124}",2026-07-03T01:52:22.995975,completed,
2,MAPE,12,2,leaky_relu,2,16,0.3,49.7882194519043,10.374614715576172,5.61899995803833,8.84105438084803,4.991359082156382,49.7882194519043,10.797481536865234,8.109161376953125,9.727884847861214,7.770665101688828,60.552364349365234,"{""loss"": 56.005584716796875, ""mape"": 56.005584716796875, ""mae"": 12.504436492919922, ""val_loss"": 49.7882194519043, ""val_mape"": 49.7882194519043, ""val_mae"": 10.374614715576172, ""lr"": 0.00010000000474974513, ""val_mae12"": 5.61899995803833, ""val_me"": 8.84105438084803, ""val_me12"": 4.991359082156382, ""mape_2021"": 60.552364349365234, ""mae_2021"": 10.797481536865234, ""mae12_2021"": 8.109161376953125, ""me_2021"": 9.727884847861214, ""me12_2021"": 7.770665101688828, ""epochs_trained"": 144}",2026-07-03T01:52:23.853133,completed,
2,MAPE,12,2,leaky_relu,2,64,0.0,51.675514221191406,10.905795097351074,5.107873916625977,8.807054682745528,4.437154838612072,51.675514221191406,10.892263412475586,7.570967197418213,9.764959920892455,7.197044249191941,60.70392608642578,"{""loss"": 44.10538101196289, ""mape"": 44.10538101196289, ""mae"": 9.329273223876953, ""val_loss"": 51.675514221191406, ""val_mape"": 51.675514221191406, ""val_mae"": 10.905795097351074, ""lr"": 0.00010000000474974513, ""val_mae12"": 5.107873916625977, ""val_me"": 8.807054682745528, ""val_me12"": 4.437154838612072, ""mape_2021"": 60.70392608642578, ""mae_2021"": 10.892263412475586, ""mae12_2021"": 7.570967197418213, ""me_2021"": 9.764959920892455, ""me12_2021"": 7.197044249191941, ""epochs_trained"": 72}",2026-07-03T01:52:38.852210,completed,
2,MAPE,12,2,leaky_relu,2,64,0.05,52.511837005615234,10.971379280090332,4.590936660766602,9.119332047987417,3.7553102953470847,52.511837005615234,11.07468318939209,6.971649646759033,10.071449045541303,6.470206562273542,61.06880187988281,"{""loss"": 45.3099365234375, ""mape"": 45.3099365234375, ""mae"": 9.516770362854004, ""val_loss"": 52.511837005615234, ""val_mape"": 52.511837005615234, ""val_mae"": 10.971379280090332, ""lr"": 0.00010000000474974513, ""val_mae12"": 4.590936660766602, ""val_me"": 9.119332047987417, ""val_me12"": 3.7553102953470847, ""mape_2021"": 61.06880187988281, ""mae_2021"": 11.07468318939209, ""mae12_2021"": 6.971649646759033, ""me_2021"": 10.071449045541303, ""me12_2021"": 6.470206562273542, ""epochs_trained"": 69}",2026-07-03T01:52:38.981754,completed,
2,MAPE,12,2,leaky_relu,2,32,0.1,53.31370544433594,11.255996704101562,4.747779369354248,9.224318926621189,3.972815852933266,53.31370544433594,11.097487449645996,7.127313137054443,10.139763663988523,6.683447250871256,61.23252487182617,"{""loss"": 47.401371002197266, ""mape"": 47.401371002197266, ""mae"": 10.068892478942871, ""val_loss"": 53.31370544433594, ""val_mape"": 53.31370544433594, ""val_mae"": 11.255996704101562, ""lr"": 0.00010000000474974513, ""val_mae12"": 4.747779369354248, ""val_me"": 9.224318926621189, ""val_me12"": 3.972815852933266, ""mape_2021"": 61.23252487182617, ""mae_2021"": 11.097487449645996, ""mae12_2021"": 7.127313137054443, ""me_2021"": 10.139763663988523, ""me12_2021"": 6.683447250871256, ""epochs_trained"": 82}",2026-07-03T01:52:39.285903,completed,
2,MAPE,12,2,leaky_relu,2,32,0.3,52.50004196166992,11.047903060913086,4.5015177726745605,9.1754896566299,3.636476070410467,52.50004196166992,11.116430282592773,6.877064228057861,10.128252829377775,6.319362807310903,61.259185791015625,"{""loss"": 51.450016021728516, ""mape"": 51.450016021728516, ""mae"": 11.122687339782715, ""val_loss"": 52.50004196166992, ""val_mape"": 52.50004196166992, ""val_mae"": 11.047903060913086, ""lr"": 0.00010000000474974513, ""val_mae12"": 4.5015177726745605, ""val_me"": 9.1754896566299, ""val_me12"": 3.636476070410467, ""mape_2021"": 61.259185791015625, ""mae_2021"": 11.116430282592773, ""mae12_2021"": 6.877064228057861, ""me_2021"": 10.128252829377775, ""me12_2021"": 6.319362807310903, ""epochs_trained"": 90}",2026-07-03T01:52:39.517380,completed,
2,MAPE,12,2,leaky_relu,2,32,0.0,51.835296630859375,10.887104034423828,5.442506313323975,8.676559656481976,4.962083010132174,51.835296630859375,10.799972534179688,8.009245872497559,9.605296191238926,7.7946736627525235,60.94025421142578,"{""loss"": 44.34033203125, ""mape"": 44.34033203125, ""mae"": 9.342535972595215, ""val_loss"": 51.835296630859375, ""val_mape"": 51.835296630859375, ""val_mae"": 10.887104034423828, ""lr"": 0.00010000000474974513, ""val_mae12"": 5.442506313323975, ""val_me"": 8.676559656481976, ""val_me12"": 4.962083010132174, ""mape_2021"": 60.94025421142578, ""mae_2021"": 10.799972534179688, ""mae12_2021"": 8.009245872497559, ""me_2021"": 9.605296191238926, ""me12_2021"": 7.7946736627525235, ""epochs_trained"": 102}",2026-07-03T01:52:39.792252,completed,
2,MAPE,12,2,leaky_relu,2,32,0.05,51.8069953918457,10.967646598815918,5.658668518066406,8.796901000223118,5.138494978206248,51.8069953918457,10.798148155212402,8.21017074584961,9.688965941474752,7.9497959141748415,60.62239456176758,"{""loss"": 45.23517608642578, ""mape"": 45.23517608642578, ""mae"": 9.62864875793457, ""val_loss"": 51.8069953918457, ""val_mape"": 51.8069953918457, ""val_mae"": 10.967646598815918, ""lr"": 0.00010000000474974513, ""val_mae12"": 5.658668518066406, ""val_me"": 8.796901000223118, ""val_me12"": 5.138494978206248, ""mape_2021"": 60.62239456176758, ""mae_2021"": 10.798148155212402, ""mae12_2021"": 8.21017074584961, ""me_2021"": 9.688965941474752, ""me12_2021"": 7.9497959141748415, ""epochs_trained"": 105}",2026-07-03T01:52:40.092845,completed,
2,MAPE,12,2,leaky_relu,2,128,0.0,50.571163177490234,10.449655532836914,4.317654132843018,9.35125070654473,3.106243304828624,50.571163177490234,11.14896011352539,6.521758079528809,10.29234313044351,5.697713208677101,60.615394592285156,"{""loss"": 43.395660400390625, ""mape"": 43.395660400390625, ""mae"": 8.995807647705078, ""val_loss"": 50.571163177490234, ""val_mape"": 50.571163177490234, ""val_mae"": 10.449655532836914, ""lr"": 0.00010000000474974513, ""val_mae12"": 4.317654132843018, ""val_me"": 9.35125070654473, ""val_me12"": 3.106243304828624, ""mape_2021"": 60.615394592285156, ""mae_2021"": 11.14896011352539, ""mae12_2021"": 6.521758079528809, ""me_2021"": 10.29234313044351, ""me12_2021"": 5.697713208677101, ""epochs_trained"": 53}",2026-07-03T01:52:48.501849,completed,
2,MAPE,12,2,leaky_relu,2,64,0.1,52.775997161865234,10.973922729492188,5.241108417510986,8.920850870656142,4.616785434589645,52.775997161865234,11.000324249267578,7.830784320831299,9.85723218050049,7.513890718126247,61.795677185058594,"{""loss"": 45.93983840942383, ""mape"": 45.93983840942383, ""mae"": 9.624524116516113, ""val_loss"": 52.775997161865234, ""val_mape"": 52.775997161865234, ""val_mae"": 10.973922729492188, ""lr"": 0.00010000000474974513, ""val_mae12"": 5.241108417510986, ""val_me"": 8.920850870656142, ""val_me12"": 4.616785434589645, ""mape_2021"": 61.795677185058594, ""mae_2021"": 11.000324249267578, ""mae12_2021"": 7.830784320831299, ""me_2021"": 9.85723218050049, ""me12_2021"": 7.513890718126247, ""epochs_trained"": 64}",2026-07-03T01:52:48.523356,completed,
2,MAPE,12,2,leaky_relu,2,128,0.05,50.75170135498047,10.463780403137207,4.259838581085205,9.718423020382602,3.124874986799007,50.75170135498047,11.333898544311523,6.526228427886963,10.602798602739659,5.727484323618097,61.44103240966797,"{""loss"": 43.80349349975586, ""mape"": 43.80349349975586, ""mae"": 9.077659606933594, ""val_loss"": 50.75170135498047, ""val_mape"": 50.75170135498047, ""val_mae"": 10.463780403137207, ""lr"": 0.00010000000474974513, ""val_mae12"": 4.259838581085205, ""val_me"": 9.718423020382602, ""val_me12"": 3.124874986799007, ""mape_2021"": 61.44103240966797, ""mae_2021"": 11.333898544311523, ""mae12_2021"": 6.526228427886963, ""me_2021"": 10.602798602739659, ""me12_2021"": 5.727484323618097, ""epochs_trained"": 51}",2026-07-03T01:52:48.649945,completed,
2,MAPE,12,2,leaky_relu,2,64,0.3,51.884300231933594,11.066753387451172,4.292619705200195,9.308452883166673,3.4217975984982307,51.884300231933594,11.097169876098633,6.57371711730957,10.230169042205185,6.026193902706168,60.59119415283203,"{""loss"": 48.30238342285156, ""mape"": 48.30238342285156, ""mae"": 10.391274452209473, ""val_loss"": 51.884300231933594, ""val_mape"": 51.884300231933594, ""val_mae"": 11.066753387451172, ""lr"": 0.00010000000474974513, ""val_mae12"": 4.292619705200195, ""val_me"": 9.308452883166673, ""val_me12"": 3.4217975984982307, ""mape_2021"": 60.59119415283203, ""mae_2021"": 11.097169876098633, ""mae12_2021"": 6.57371711730957, ""me_2021"": 10.230169042205185, ""me12_2021"": 6.026193902706168, ""epochs_trained"": 68}",2026-07-03T01:52:48.708131,completed,
2,MAPE,12,2,leaky_relu,2,128,0.1,50.45074462890625,10.341524124145508,4.428238868713379,9.21500298020039,3.5348408161899623,50.45074462890625,11.10643196105957,6.780178546905518,10.154843709586308,6.235708650873276,61.130374908447266,"{""loss"": 44.1434326171875, ""mape"": 44.1434326171875, ""mae"": 9.103822708129883, ""val_loss"": 50.45074462890625, ""val_mape"": 50.45074462890625, ""val_mae"": 10.341524124145508, ""lr"": 0.00010000000474974513, ""val_mae12"": 4.428238868713379, ""val_me"": 9.21500298020039, ""val_me12"": 3.5348408161899623, ""mape_2021"": 61.130374908447266, ""mae_2021"": 11.10643196105957, ""mae12_2021"": 6.780178546905518, ""me_2021"": 10.154843709586308, ""me12_2021"": 6.235708650873276, ""epochs_trained"": 51}",2026-07-03T01:52:48.913962,completed,
2,MAPE,12,2,leaky_relu,2,128,0.3,50.63121032714844,10.492058753967285,4.170670032501221,9.141924732618095,2.6422837604089273,50.63121032714844,11.102900505065918,6.281465530395508,10.12928881016455,5.186840877746603,60.096622467041016,"{""loss"": 45.647762298583984, ""mape"": 45.647762298583984, ""mae"": 9.526195526123047, ""val_loss"": 50.63121032714844, ""val_mape"": 50.63121032714844, ""val_mae"": 10.492058753967285, ""lr"": 0.00010000000474974513, ""val_mae12"": 4.170670032501221, ""val_me"": 9.141924732618095, ""val_me12"": 2.6422837604089273, ""mape_2021"": 60.096622467041016, ""mae_2021"": 11.102900505065918, ""mae12_2021"": 6.281465530395508, ""me_2021"": 10.12928881016455, ""me12_2021"": 5.186840877746603, ""epochs_trained"": 49}",2026-07-03T01:52:49.237087,completed,
2,MAPE,12,2,leaky_relu,3,16,0.0,49.8739128112793,10.5849609375,5.604231357574463,8.506471099535394,4.992057080098506,49.8739128112793,10.545825004577637,8.070175170898438,9.409941290824408,7.691651343453321,59.17832946777344,"{""loss"": 42.16393280029297, ""mape"": 42.16393280029297, ""mae"": 8.935136795043945, ""val_loss"": 49.8739128112793, ""val_mape"": 49.8739128112793, ""val_mae"": 10.5849609375, ""lr"": 0.00010000000474974513, ""val_mae12"": 5.604231357574463, ""val_me"": 8.506471099535394, ""val_me12"": 4.992057080098506, ""mape_2021"": 59.17832946777344, ""mae_2021"": 10.545825004577637, ""mae12_2021"": 8.070175170898438, ""me_2021"": 9.409941290824408, ""me12_2021"": 7.691651343453321, ""epochs_trained"": 103}",2026-07-03T01:53:29.185750,completed,
2,MAPE,12,2,leaky_relu,3,16,0.05,51.61549758911133,10.936230659484863,5.9004974365234375,8.741179830174078,5.613825356086144,51.61549758911133,10.718955993652344,8.527485847473145,9.612119170101133,8.427959150995981,60.80009460449219,"{""loss"": 46.991214752197266, ""mape"": 46.991214752197266, ""mae"": 10.14459228515625, ""val_loss"": 51.61549758911133, ""val_mape"": 51.61549758911133, ""val_mae"": 10.936230659484863, ""lr"": 0.00010000000474974513, ""val_mae12"": 5.9004974365234375, ""val_me"": 8.741179830174078, ""val_me12"": 5.613825356086144, ""mape_2021"": 60.80009460449219, ""mae_2021"": 10.718955993652344, ""mae12_2021"": 8.527485847473145, ""me_2021"": 9.612119170101133, ""me12_2021"": 8.427959150995981, ""epochs_trained"": 112}",2026-07-03T01:53:31.460825,completed,
2,MAPE,12,2,leaky_relu,3,16,0.1,52.2741584777832,11.032535552978516,6.554216384887695,8.956451694870246,6.249446778301655,52.2741584777832,10.920967102050781,9.35243034362793,9.782718653613024,9.278147852237087,62.44075012207031,"{""loss"": 50.76030731201172, ""mape"": 50.76030731201172, ""mae"": 11.089529991149902, ""val_loss"": 52.2741584777832, ""val_mape"": 52.2741584777832, ""val_mae"": 11.032535552978516, ""lr"": 0.00010000000474974513, ""val_mae12"": 6.554216384887695, ""val_me"": 8.956451694870246, ""val_me12"": 6.249446778301655, ""mape_2021"": 62.44075012207031, ""mae_2021"": 10.920967102050781, ""mae12_2021"": 9.35243034362793, ""me_2021"": 9.782718653613024, ""me12_2021"": 9.278147852237087, ""epochs_trained"": 110}",2026-07-03T01:54:12.568920,completed,
2,MAPE,12,2,leaky_relu,3,32,0.0,52.37409973144531,11.054027557373047,5.63998556137085,9.316990140334601,5.203755297948761,52.37409973144531,11.055997848510742,8.224021911621094,10.115196720456533,8.027544744846503,61.87417984008789,"{""loss"": 44.42665100097656, ""mape"": 44.42665100097656, ""mae"": 9.37421703338623, ""val_loss"": 52.37409973144531, ""val_mape"": 52.37409973144531, ""val_mae"": 11.054027557373047, ""lr"": 0.00010000000474974513, ""val_mae12"": 5.63998556137085, ""val_me"": 9.316990140334601, ""val_me12"": 5.203755297948761, ""mape_2021"": 61.87417984008789, ""mae_2021"": 11.055997848510742, ""mae12_2021"": 8.224021911621094, ""me_2021"": 10.115196720456533, ""me12_2021"": 8.027544744846503, ""epochs_trained"": 78}",2026-07-03T01:54:49.000238,completed,
2,MAPE,12,2,leaky_relu,2,256,0.0,2.5483155250549316,0.47434261441230774,0.633708119392395,-0.0180661045243852,0.29402373308871194,2.5483155250549316,0.44486165046691895,0.5969565510749817,0.004667537764401959,0.061985668138971425,2.632570266723633,"{""loss"": 2.1414806842803955, ""mape"": 2.1414806842803955, ""mae"": 0.4253321588039398, ""val_loss"": 2.5483155250549316, ""val_mape"": 2.5483155250549316, ""val_mae"": 0.47434261441230774, ""lr"": 1.0000000656873453e-05, ""val_mae12"": 0.633708119392395, ""val_me"": -0.0180661045243852, ""val_me12"": 0.29402373308871194, ""mape_2021"": 2.632570266723633, ""mae_2021"": 0.44486165046691895, ""mae12_2021"": 0.5969565510749817, ""me_2021"": 0.004667537764401959, ""me12_2021"": 0.061985668138971425, ""epochs_trained"": 542}",2026-07-03T01:54:53.739605,completed,
2,MAPE,12,2,leaky_relu,2,256,0.05,2.661747694015503,0.45578333735466003,0.8486126661300659,0.039630118433967486,0.5043875734362813,2.661747694015503,0.44837477803230286,0.8175683617591858,0.05413657967125065,0.286397374044474,2.8056304454803467,"{""loss"": 3.226193904876709, ""mape"": 3.226193904876709, ""mae"": 0.6863495111465454, ""val_loss"": 2.661747694015503, ""val_mape"": 2.661747694015503, ""val_mae"": 0.45578333735466003, ""lr"": 1.0000000656873453e-05, ""val_mae12"": 0.8486126661300659, ""val_me"": 0.039630118433967486, ""val_me12"": 0.5043875734362813, ""mape_2021"": 2.8056304454803467, ""mae_2021"": 0.44837477803230286, ""mae12_2021"": 0.8175683617591858, ""me_2021"": 0.05413657967125065, ""me12_2021"": 0.286397374044474, ""epochs_trained"": 561}",2026-07-03T01:54:55.717132,completed,
2,MAPE,12,2,leaky_relu,2,256,0.1,3.0774824619293213,0.5085045099258423,1.0606975555419922,0.07771568696454562,0.5883913345401056,3.0774824619293213,0.4941940903663635,0.9129136800765991,0.09388131967742973,0.37619732484061896,3.1223769187927246,"{""loss"": 4.127040863037109, ""mape"": 4.127040863037109, ""mae"": 0.8892270922660828, ""val_loss"": 3.0774824619293213, ""val_mape"": 3.0774824619293213, ""val_mae"": 0.5085045099258423, ""lr"": 9.999999747378752e-06, ""val_mae12"": 1.0606975555419922, ""val_me"": 0.07771568696454562, ""val_me12"": 0.5883913345401056, ""mape_2021"": 3.1223769187927246, ""mae_2021"": 0.4941940903663635, ""mae12_2021"": 0.9129136800765991, ""me_2021"": 0.09388131967742973, ""me12_2021"": 0.37619732484061896, ""epochs_trained"": 563}",2026-07-03T01:54:55.777442,completed,
2,MAPE,12,2,leaky_relu,2,256,0.3,3.1207966804504395,0.527736246585846,1.0954800844192505,0.0951615491758019,0.7245251210100082,3.1207966804504395,0.49692198634147644,0.9941093921661377,0.10863374892842158,0.617061622146715,3.2430009841918945,"{""loss"": 5.601711273193359, ""mape"": 5.601711273193359, ""mae"": 1.2844114303588867, ""val_loss"": 3.1207966804504395, ""val_mape"": 3.1207966804504395, ""val_mae"": 0.527736246585846, ""lr"": 1.0000000656873453e-05, ""val_mae12"": 1.0954800844192505, ""val_me"": 0.0951615491758019, ""val_me12"": 0.7245251210100082, ""mape_2021"": 3.2430009841918945, ""mae_2021"": 0.49692198634147644, ""mae12_2021"": 0.9941093921661377, ""me_2021"": 0.10863374892842158, ""me12_2021"": 0.617061622146715, ""epochs_trained"": 566}",2026-07-03T01:54:55.966175,completed,
2,MAPE,12,2,leaky_relu,3,32,0.05,52.35314178466797,11.045251846313477,5.539270877838135,9.36341005694846,5.101839283755363,52.35314178466797,11.119482040405273,8.14865493774414,10.18806457121188,8.001086819208941,62.2373161315918,"{""loss"": 46.11760330200195, ""mape"": 46.11760330200195, ""mae"": 9.822613716125488, ""val_loss"": 52.35314178466797, ""val_mape"": 52.35314178466797, ""val_mae"": 11.045251846313477, ""lr"": 0.00010000000474974513, ""val_mae12"": 5.539270877838135, ""val_me"": 9.36341005694846, ""val_me12"": 5.101839283755363, ""mape_2021"": 62.2373161315918, ""mae_2021"": 11.119482040405273, ""mae12_2021"": 8.14865493774414, ""me_2021"": 10.18806457121188, ""me12_2021"": 8.001086819208941, ""epochs_trained"": 68}",2026-07-03T01:54:59.568549,completed,
2,MAPE,12,2,leaky_relu,3,32,0.1,52.36576461791992,11.053990364074707,6.773106098175049,8.682748002668594,6.490799990042808,52.36576461791992,10.761404037475586,9.593306541442871,9.529214064473042,9.532834101864093,61.93632888793945,"{""loss"": 48.277896881103516, ""mape"": 48.277896881103516, ""mae"": 10.352826118469238, ""val_loss"": 52.36576461791992, ""val_mape"": 52.36576461791992, ""val_mae"": 11.053990364074707, ""lr"": 0.00010000000474974513, ""val_mae12"": 6.773106098175049, ""val_me"": 8.682748002668594, ""val_me12"": 6.490799990042808, ""mape_2021"": 61.93632888793945, ""mae_2021"": 10.761404037475586, ""mae12_2021"": 9.593306541442871, ""me_2021"": 9.529214064473042, ""me12_2021"": 9.532834101864093, ""epochs_trained"": 76}",2026-07-03T01:55:00.759183,completed,
2,MAPE,12,2,leaky_relu,3,32,0.3,49.410640716552734,10.606598854064941,4.532426834106445,8.783231819217782,3.764635199511764,49.410640716552734,10.769835472106934,6.834139823913574,9.736850985098286,6.35488543712823,59.41819763183594,"{""loss"": 52.84220886230469, ""mape"": 52.84220886230469, ""mae"": 11.892027854919434, ""val_loss"": 49.410640716552734, ""val_mape"": 49.410640716552734, ""val_mae"": 10.606598854064941, ""lr"": 0.00010000000474974513, ""val_mae12"": 4.532426834106445, ""val_me"": 8.783231819217782, ""val_me12"": 3.764635199511764, ""mape_2021"": 59.41819763183594, ""mae_2021"": 10.769835472106934, ""mae12_2021"": 6.834139823913574, ""me_2021"": 9.736850985098286, ""me12_2021"": 6.35488543712823, ""epochs_trained"": 85}",2026-07-03T01:55:02.517681,completed,
2,MAPE,12,2,leaky_relu,3,16,0.3,8.022799491882324,1.7034865617752075,1.2807891368865967,1.4891402605659585,0.10683784765714728,8.022799491882324,1.6120169162750244,1.132535696029663,1.5097520882372224,0.5145704533585294,9.052627563476562,"{""loss"": 21.412525177001953, ""mape"": 21.412525177001953, ""mae"": 5.142121315002441, ""val_loss"": 8.022799491882324, ""val_mape"": 8.022799491882324, ""val_mae"": 1.7034865617752075, ""lr"": 0.00010000000474974513, ""val_mae12"": 1.2807891368865967, ""val_me"": 1.4891402605659585, ""val_me12"": 0.10683784765714728, ""mape_2021"": 9.052627563476562, ""mae_2021"": 1.6120169162750244, ""mae12_2021"": 1.132535696029663, ""me_2021"": 1.5097520882372224, ""me12_2021"": 0.5145704533585294, ""epochs_trained"": 566}",2026-07-03T01:55:03.648147,completed,
2,MAPE,12,2,leaky_relu,3,64,0.3,4.744225025177002,0.8585830330848694,1.3559046983718872,0.48067703454974886,0.6366851858731303,4.744225025177002,0.8206414580345154,1.1202131509780884,0.5157782439083881,0.7587406406066532,4.854532718658447,"{""loss"": 11.720295906066895, ""mape"": 11.720295906066895, ""mae"": 2.753324508666992, ""val_loss"": 4.744225025177002, ""val_mape"": 4.744225025177002, ""val_mae"": 0.8585830330848694, ""lr"": 1.0000000656873453e-05, ""val_mae12"": 1.3559046983718872, ""val_me"": 0.48067703454974886, ""val_me12"": 0.6366851858731303, ""mape_2021"": 4.854532718658447, ""mae_2021"": 0.8206414580345154, ""mae12_2021"": 1.1202131509780884, ""me_2021"": 0.5157782439083881, ""me12_2021"": 0.7587406406066532, ""epochs_trained"": 390}",2026-07-03T01:56:09.129760,completed,
2,MAPE,12,2,leaky_relu,3,128,0.05,2.7142279148101807,0.47111842036247253,0.8796995282173157,0.08631640078207559,0.45150882480223964,2.7142279148101807,0.45987042784690857,0.8965074419975281,0.11028802282642451,0.2860474782227967,2.94734263420105,"{""loss"": 4.031455993652344, ""mape"": 4.031455993652344, ""mae"": 0.8953211307525635, ""val_loss"": 2.7142279148101807, ""val_mape"": 2.7142279148101807, ""val_mae"": 0.47111842036247253, ""lr"": 1.0000000656873453e-05, ""val_mae12"": 0.8796995282173157, ""val_me"": 0.08631640078207559, ""val_me12"": 0.45150882480223964, ""mape_2021"": 2.94734263420105, ""mae_2021"": 0.45987042784690857, ""mae12_2021"": 0.8965074419975281, ""me_2021"": 0.11028802282642451, ""me12_2021"": 0.2860474782227967, ""epochs_trained"": 536}",2026-07-03T01:56:26.946582,completed,
2,MAPE,12,2,leaky_relu,3,128,0.1,2.784074544906616,0.5045929551124573,0.8731089234352112,0.1700086448913697,0.28698304040358685,2.784074544906616,0.48122233152389526,0.8979473114013672,0.18342377737859142,0.12018219062416026,3.0920791625976562,"{""loss"": 5.332057952880859, ""mape"": 5.332057952880859, ""mae"": 1.1996415853500366, ""val_loss"": 2.784074544906616, ""val_mape"": 2.784074544906616, ""val_mae"": 0.5045929551124573, ""lr"": 1.0000000656873453e-05, ""val_mae12"": 0.8731089234352112, ""val_me"": 0.1700086448913697, ""val_me12"": 0.28698304040358685, ""mape_2021"": 3.0920791625976562, ""mae_2021"": 0.48122233152389526, ""mae12_2021"": 0.8979473114013672, ""me_2021"": 0.18342377737859142, ""me12_2021"": 0.12018219062416026, ""epochs_trained"": 382}",2026-07-03T01:57:13.072394,completed,
2,MAPE,12,2,leaky_relu,3,128,0.0,2.5356719493865967,0.4626031219959259,0.7038816213607788,-0.014510663523290682,0.28784937386532217,2.5356719493865967,0.44000935554504395,0.7275872230529785,0.011260338663244543,0.12082612698945122,2.697416305541992,"{""loss"": 2.0624377727508545, ""mape"": 2.0624377727508545, ""mae"": 0.41554877161979675, ""val_loss"": 2.5356719493865967, ""val_mape"": 2.5356719493865967, ""val_mae"": 0.4626031219959259, ""lr"": 1.0000000656873453e-05, ""val_mae12"": 0.7038816213607788, ""val_me"": -0.014510663523290682, ""val_me12"": 0.28784937386532217, ""mape_2021"": 2.697416305541992, ""mae_2021"": 0.44000935554504395, ""mae12_2021"": 0.7275872230529785, ""me_2021"": 0.011260338663244543, ""me12_2021"": 0.12082612698945122, ""epochs_trained"": 902}",2026-07-03T01:57:13.612767,completed,
2,MAPE,12,2,leaky_relu,3,128,0.3,3.3912038803100586,0.6487584114074707,0.876623272895813,0.23770120912040352,0.44944775019835365,3.3912038803100586,0.5540463924407959,0.8923996686935425,0.24968500911318026,0.29083353913884963,3.3360393047332764,"{""loss"": 8.092863082885742, ""mape"": 8.092863082885742, ""mae"": 1.877930760383606, ""val_loss"": 3.3912038803100586, ""val_mape"": 3.3912038803100586, ""val_mae"": 0.6487584114074707, ""lr"": 0.00010000000474974513, ""val_mae12"": 0.876623272895813, ""val_me"": 0.23770120912040352, ""val_me12"": 0.44944775019835365, ""mape_2021"": 3.3360393047332764, ""mae_2021"": 0.5540463924407959, ""mae12_2021"": 0.8923996686935425, ""me_2021"": 0.24968500911318026, ""me12_2021"": 0.29083353913884963, ""epochs_trained"": 393}",2026-07-03T01:57:37.849897,completed,
2,MAPE,12,2,leaky_relu,3,256,0.05,2.777937889099121,0.4824373126029968,0.9071354269981384,0.04053033052685026,0.4813407798368579,2.777937889099121,0.47073447704315186,0.8860548138618469,0.06238255411074229,0.23968950574437162,2.9694180488586426,"{""loss"": 3.7502400875091553, ""mape"": 3.7502400875091553, ""mae"": 0.8025533556938171, ""val_loss"": 2.777937889099121, ""val_mape"": 2.777937889099121, ""val_mae"": 0.4824373126029968, ""lr"": 1.0000000656873453e-05, ""val_mae12"": 0.9071354269981384, ""val_me"": 0.04053033052685026, ""val_me12"": 0.4813407798368579, ""mape_2021"": 2.9694180488586426, ""mae_2021"": 0.47073447704315186, ""mae12_2021"": 0.8860548138618469, ""me_2021"": 0.06238255411074229, ""me12_2021"": 0.23968950574437162, ""epochs_trained"": 474}",2026-07-03T01:59:25.914384,completed,
2,MAPE,12,2,leaky_relu,3,256,0.1,2.8239591121673584,0.48506298661231995,0.9874355792999268,0.07625048848355562,0.47506667817362197,2.8239591121673584,0.4727032482624054,0.9203235507011414,0.10730068387789748,0.2981494990582316,3.0622141361236572,"{""loss"": 4.400321960449219, ""mape"": 4.400321960449219, ""mae"": 0.9670308232307434, ""val_loss"": 2.8239591121673584, ""val_mape"": 2.8239591121673584, ""val_mae"": 0.48506298661231995, ""lr"": 1.0000000656873453e-05, ""val_mae12"": 0.9874355792999268, ""val_me"": 0.07625048848355562, ""val_me12"": 0.47506667817362197, ""mape_2021"": 3.0622141361236572, ""mae_2021"": 0.4727032482624054, ""mae12_2021"": 0.9203235507011414, ""me_2021"": 0.10730068387789748, ""me12_2021"": 0.2981494990582316, ""epochs_trained"": 337}",2026-07-03T01:59:26.390728,completed,
2,MAPE,12,2,leaky_relu,3,256,0.3,3.385972261428833,0.6059412360191345,1.1209348440170288,0.2879182245542944,0.34971883637831824,3.385972261428833,0.5866227149963379,1.0114467144012451,0.3120652950744539,0.23854572820835027,3.5290029048919678,"{""loss"": 7.0219855308532715, ""mape"": 7.0219855308532715, ""mae"": 1.5978895425796509, ""val_loss"": 3.385972261428833, ""val_mape"": 3.385972261428833, ""val_mae"": 0.6059412360191345, ""lr"": 1.0000000656873453e-05, ""val_mae12"": 1.1209348440170288, ""val_me"": 0.2879182245542944, ""val_me12"": 0.34971883637831824, ""mape_2021"": 3.5290029048919678, ""mae_2021"": 0.5866227149963379, ""mae12_2021"": 1.0114467144012451, ""me_2021"": 0.3120652950744539, ""me12_2021"": 0.23854572820835027, ""epochs_trained"": 272}",2026-07-03T02:00:30.014068,completed,
2,MAPE,12,2,leaky_relu,3,64,0.1,3.993260383605957,0.6914231777191162,1.266218662261963,0.2719041231375609,0.4541892377668751,3.993260383605957,0.6584376096725464,1.0299969911575317,0.2744459552626012,0.542518270770217,4.136170387268066,"{""loss"": 7.630439281463623, ""mape"": 7.630439281463623, ""mae"": 1.7331161499023438, ""val_loss"": 3.993260383605957, ""val_mape"": 3.993260383605957, ""val_mae"": 0.6914231777191162, ""lr"": 9.999999747378752e-06, ""val_mae12"": 1.266218662261963, ""val_me"": 0.2719041231375609, ""val_me12"": 0.4541892377668751, ""mape_2021"": 4.136170387268066, ""mae_2021"": 0.6584376096725464, ""mae12_2021"": 1.0299969911575317, ""me_2021"": 0.2744459552626012, ""me12_2021"": 0.542518270770217, ""epochs_trained"": 1945}",2026-07-03T02:00:30.180963,completed,
2,MAPE,12,2,leaky_relu,3,64,0.05,3.623143196105957,0.6106743812561035,1.1337172985076904,0.19212565577490917,0.5341860554844382,3.623143196105957,0.5987296104431152,1.0047422647476196,0.2188646800119796,0.42313682893200544,3.8385496139526367,"{""loss"": 5.742610931396484, ""mape"": 5.742610931396484, ""mae"": 1.2790340185165405, ""val_loss"": 3.623143196105957, ""val_mape"": 3.623143196105957, ""val_mae"": 0.6106743812561035, ""lr"": 9.999999747378752e-06, ""val_mae12"": 1.1337172985076904, ""val_me"": 0.19212565577490917, ""val_me12"": 0.5341860554844382, ""mape_2021"": 3.8385496139526367, ""mae_2021"": 0.5987296104431152, ""mae12_2021"": 1.0047422647476196, ""me_2021"": 0.2188646800119796, ""me12_2021"": 0.42313682893200544, ""epochs_trained"": 1975}",2026-07-03T02:00:31.443595,completed,
2,MAPE,12,2,leaky_relu,3,256,0.0,2.3852622509002686,0.4433654248714447,0.6549633145332336,0.006899293697590526,0.3337457081533715,2.3852622509002686,0.42590054869651794,0.7005582451820374,0.016369608666708953,0.11310334565648265,2.5524685382843018,"{""loss"": 1.8488154411315918, ""mape"": 1.8488154411315918, ""mae"": 0.3748493194580078, ""val_loss"": 2.3852622509002686, ""val_mape"": 2.3852622509002686, ""val_mae"": 0.4433654248714447, ""lr"": 1.0000000656873453e-05, ""val_mae12"": 0.6549633145332336, ""val_me"": 0.006899293697590526, ""val_me12"": 0.3337457081533715, ""mape_2021"": 2.5524685382843018, ""mae_2021"": 0.42590054869651794, ""mae12_2021"": 0.7005582451820374, ""me_2021"": 0.016369608666708953, ""me12_2021"": 0.11310334565648265, ""epochs_trained"": 1457}",2026-07-03T02:01:11.855305,completed,
2,MAPE,12,2,leaky_relu,3,64,0.0,2.6127243041992188,0.508531391620636,0.6425179839134216,-0.012565820672035797,0.29869092517245915,2.6127243041992188,0.4960220158100128,0.6575909852981567,0.002692077446994568,-0.003465483759366304,2.894237995147705,"{""loss"": 2.21749210357666, ""mape"": 2.21749210357666, ""mae"": 0.4499400854110718, ""val_loss"": 2.6127243041992188, ""val_mape"": 2.6127243041992188, ""val_mae"": 0.508531391620636, ""lr"": 1.0000000656873453e-05, ""val_mae12"": 0.6425179839134216, ""val_me"": -0.012565820672035797, ""val_me12"": 0.29869092517245915, ""mape_2021"": 2.894237995147705, ""mae_2021"": 0.4960220158100128, ""mae12_2021"": 0.6575909852981567, ""me_2021"": 0.002692077446994568, ""me12_2021"": -0.003465483759366304, ""epochs_trained"": 2697}",2026-07-03T02:01:14.139432,completed,
2,MAPE,12,2,selu,1,32,0.05,57.463768005371094,11.922992706298828,6.752832889556885,9.889703169812817,5.619254050018998,57.463768005371094,11.937177658081055,9.700961112976074,10.802137887280542,8.961210639646268,68.23653411865234,"{""loss"": 49.6583366394043, ""mape"": 49.6583366394043, ""mae"": 10.254051208496094, ""val_loss"": 57.463768005371094, ""val_mape"": 57.463768005371094, ""val_mae"": 11.922992706298828, ""lr"": 0.00010000000474974513, ""val_mae12"": 6.752832889556885, ""val_me"": 9.889703169812817, ""val_me12"": 5.619254050018998, ""mape_2021"": 68.23653411865234, ""mae_2021"": 11.937177658081055, ""mae12_2021"": 9.700961112976074, ""me_2021"": 10.802137887280542, ""me12_2021"": 8.961210639646268, ""epochs_trained"": 150}",2026-07-03T02:01:31.420061,completed,
2,MAPE,12,2,selu,1,16,0.1,54.3989372253418,11.203144073486328,7.796355247497559,9.140110719909028,7.48945591921542,54.3989372253418,11.42906379699707,10.888826370239258,10.026023922840826,10.793995268072855,66.60171508789062,"{""loss"": 52.36978530883789, ""mape"": 52.36978530883789, ""mae"": 11.233777046203613, ""val_loss"": 54.3989372253418, ""val_mape"": 54.3989372253418, ""val_mae"": 11.203144073486328, ""lr"": 0.00010000000474974513, ""val_mae12"": 7.796355247497559, ""val_me"": 9.140110719909028, ""val_me12"": 7.48945591921542, ""mape_2021"": 66.60171508789062, ""mae_2021"": 11.42906379699707, ""mae12_2021"": 10.888826370239258, ""me_2021"": 10.026023922840826, ""me12_2021"": 10.793995268072855, ""epochs_trained"": 211}",2026-07-03T02:01:33.763354,completed,
2,MAPE,12,2,selu,1,16,0.0,46.29322814941406,9.78912353515625,5.862272262573242,8.202678867045853,4.250122123750863,46.29322814941406,10.180280685424805,7.585128307342529,9.110633728392134,6.1099026658287245,55.74580764770508,"{""loss"": 40.29383087158203, ""mape"": 40.29383087158203, ""mae"": 8.4683837890625, ""val_loss"": 46.29322814941406, ""val_mape"": 46.29322814941406, ""val_mae"": 9.78912353515625, ""lr"": 0.00010000000474974513, ""val_mae12"": 5.862272262573242, ""val_me"": 8.202678867045853, ""val_me12"": 4.250122123750863, ""mape_2021"": 55.74580764770508, ""mae_2021"": 10.180280685424805, ""mae12_2021"": 7.585128307342529, ""me_2021"": 9.110633728392134, ""me12_2021"": 6.1099026658287245, ""epochs_trained"": 264}",2026-07-03T02:01:35.890623,completed,
2,MAPE,12,2,selu,1,16,0.3,47.41897964477539,9.551358222961426,11.874727249145508,6.335537874331735,11.761456455708506,47.41897964477539,9.346495628356934,14.72391128540039,7.021797159049238,14.405246431334763,58.56108093261719,"{""loss"": 58.026641845703125, ""mape"": 58.026641845703125, ""mae"": 13.23491382598877, ""val_loss"": 47.41897964477539, ""val_mape"": 47.41897964477539, ""val_mae"": 9.551358222961426, ""lr"": 0.00010000000474974513, ""val_mae12"": 11.874727249145508, ""val_me"": 6.335537874331735, ""val_me12"": 11.761456455708506, ""mape_2021"": 58.56108093261719, ""mae_2021"": 9.346495628356934, ""mae12_2021"": 14.72391128540039, ""me_2021"": 7.021797159049238, ""me12_2021"": 14.405246431334763, ""epochs_trained"": 335}",2026-07-03T02:01:38.984175,completed,
2,MAPE,12,2,selu,1,16,0.05,47.616546630859375,10.01711654663086,7.157243251800537,8.08213009006765,6.008382066135142,47.616546630859375,10.163140296936035,9.201643943786621,8.933732075765326,8.160806883522266,57.20368957519531,"{""loss"": 43.954715728759766, ""mape"": 43.954715728759766, ""mae"": 9.32626724243164, ""val_loss"": 47.616546630859375, ""val_mape"": 47.616546630859375, ""val_mae"": 10.01711654663086, ""lr"": 0.00010000000474974513, ""val_mae12"": 7.157243251800537, ""val_me"": 8.08213009006765, ""val_me12"": 6.008382066135142, ""mape_2021"": 57.20368957519531, ""mae_2021"": 10.163140296936035, ""mae12_2021"": 9.201643943786621, ""me_2021"": 8.933732075765326, ""me12_2021"": 8.160806883522266, ""epochs_trained"": 332}",2026-07-03T02:01:38.988179,completed,
2,MAPE,12,2,selu,1,32,0.1,48.175689697265625,10.134061813354492,7.749327659606934,7.871743803975537,6.6214487481432345,48.175689697265625,9.929879188537598,9.958324432373047,8.639794530585224,8.970974458294394,57.17863082885742,"{""loss"": 46.24135208129883, ""mape"": 46.24135208129883, ""mae"": 9.636251449584961, ""val_loss"": 48.175689697265625, ""val_mape"": 48.175689697265625, ""val_mae"": 10.134061813354492, ""lr"": 0.00010000000474974513, ""val_mae12"": 7.749327659606934, ""val_me"": 7.871743803975537, ""val_me12"": 6.6214487481432345, ""mape_2021"": 57.17863082885742, ""mae_2021"": 9.929879188537598, ""mae12_2021"": 9.958324432373047, ""me_2021"": 8.639794530585224, ""me12_2021"": 8.970974458294394, ""epochs_trained"": 228}",2026-07-03T02:01:45.161945,completed,
2,MAPE,12,2,selu,1,32,0.3,54.39872741699219,11.006025314331055,12.916483879089355,7.883417931818064,12.813860313814759,54.39872741699219,10.738945007324219,16.60364532470703,8.587166374832533,16.542219289180917,68.12068176269531,"{""loss"": 59.776695251464844, ""mape"": 59.776695251464844, ""mae"": 13.39663028717041, ""val_loss"": 54.39872741699219, ""val_mape"": 54.39872741699219, ""val_mae"": 11.006025314331055, ""lr"": 0.00010000000474974513, ""val_mae12"": 12.916483879089355, ""val_me"": 7.883417931818064, ""val_me12"": 12.813860313814759, ""mape_2021"": 68.12068176269531, ""mae_2021"": 10.738945007324219, ""mae12_2021"": 16.60364532470703, ""me_2021"": 8.587166374832533, ""me12_2021"": 16.542219289180917, ""epochs_trained"": 192}",2026-07-03T02:01:46.219765,completed,
2,MAPE,12,2,selu,1,64,0.1,57.66665267944336,12.05972957611084,7.0285234451293945,9.801401444366348,6.204733018170099,57.66665267944336,11.919022560119629,10.140181541442871,10.708567258751925,9.633952596931055,68.67093658447266,"{""loss"": 49.95021057128906, ""mape"": 49.95021057128906, ""mae"": 10.517623901367188, ""val_loss"": 57.66665267944336, ""val_mape"": 57.66665267944336, ""val_mae"": 12.05972957611084, ""lr"": 0.00010000000474974513, ""val_mae12"": 7.0285234451293945, ""val_me"": 9.801401444366348, ""val_me12"": 6.204733018170099, ""mape_2021"": 68.67093658447266, ""mae_2021"": 11.919022560119629, ""mae12_2021"": 10.140181541442871, ""me_2021"": 10.708567258751925, ""me12_2021"": 9.633952596931055, ""epochs_trained"": 131}",2026-07-03T02:01:48.837580,completed,
2,MAPE,12,2,selu,1,64,0.05,56.55712127685547,11.721113204956055,6.366452217102051,9.849757345591597,5.216343210789789,56.55712127685547,11.881901741027832,9.24962043762207,10.788223615889892,8.470024834334358,67.91560363769531,"{""loss"": 48.728965759277344, ""mape"": 48.728965759277344, ""mae"": 10.061955451965332, ""val_loss"": 56.55712127685547, ""val_mape"": 56.55712127685547, ""val_mae"": 11.721113204956055, ""lr"": 0.00010000000474974513, ""val_mae12"": 6.366452217102051, ""val_me"": 9.849757345591597, ""val_me12"": 5.216343210789789, ""mape_2021"": 67.91560363769531, ""mae_2021"": 11.881901741027832, ""mae12_2021"": 9.24962043762207, ""me_2021"": 10.788223615889892, ""me12_2021"": 8.470024834334358, ""epochs_trained"": 136}",2026-07-03T02:01:49.053086,completed,
2,MAPE,12,2,selu,1,64,0.3,97.04076385498047,24.230310440063477,3.401376247406006,24.099463468341675,1.7893057611210978,97.04076385498047,23.069488525390625,5.168598175048828,22.609915975238565,4.056426900662267,99.09481048583984,"{""loss"": 93.7967758178711, ""mape"": 93.7967758178711, ""mae"": 24.049625396728516, ""val_loss"": 97.04076385498047, ""val_mape"": 97.04076385498047, ""val_mae"": 24.230310440063477, ""lr"": 0.00010000000474974513, ""val_mae12"": 3.401376247406006, ""val_me"": 24.099463468341675, ""val_me12"": 1.7893057611210978, ""mape_2021"": 99.09481048583984, ""mae_2021"": 23.069488525390625, ""mae12_2021"": 5.168598175048828, ""me_2021"": 22.609915975238565, ""me12_2021"": 4.056426900662267, ""epochs_trained"": 31}",2026-07-03T02:01:49.745795,completed,
2,MAPE,12,2,selu,1,32,0.0,3.225998640060425,0.6393492817878723,0.6779250502586365,-0.08972257442742773,0.3339943950987826,3.225998640060425,0.5928306579589844,0.6359931230545044,-0.016894167496034302,0.02045267652974576,3.3772895336151123,"{""loss"": 2.787421464920044, ""mape"": 2.787421464920044, ""mae"": 0.5692747235298157, ""val_loss"": 3.225998640060425, ""val_mape"": 3.225998640060425, ""val_mae"": 0.6393492817878723, ""lr"": 1.0000000656873453e-05, ""val_mae12"": 0.6779250502586365, ""val_me"": -0.08972257442742773, ""val_me12"": 0.3339943950987826, ""mape_2021"": 3.3772895336151123, ""mae_2021"": 0.5928306579589844, ""mae12_2021"": 0.6359931230545044, ""me_2021"": -0.016894167496034302, ""me12_2021"": 0.02045267652974576, ""epochs_trained"": 1551}",2026-07-03T02:02:20.878789,completed,
2,MAPE,12,2,selu,1,64,0.0,3.0616047382354736,0.5892506241798401,0.6951817870140076,-0.1015539723414834,0.30826251836759083,3.0616047382354736,0.5582789182662964,0.6809244751930237,-0.03796568195276778,0.08949734089391591,3.3146579265594482,"{""loss"": 2.6404409408569336, ""mape"": 2.6404409408569336, ""mae"": 0.5306735038757324, ""val_loss"": 3.0616047382354736, ""val_mape"": 3.0616047382354736, ""val_mae"": 0.5892506241798401, ""lr"": 0.00010000000474974513, ""val_mae12"": 0.6951817870140076, ""val_me"": -0.1015539723414834, ""val_me12"": 0.30826251836759083, ""mape_2021"": 3.3146579265594482, ""mae_2021"": 0.5582789182662964, ""mae12_2021"": 0.6809244751930237, ""me_2021"": -0.03796568195276778, ""me12_2021"": 0.08949734089391591, ""epochs_trained"": 1469}",2026-07-03T02:02:28.720813,completed,
2,MAPE,12,2,selu,1,128,0.3,95.95311737060547,23.907047271728516,3.504720687866211,23.86585017226965,1.024146832889363,95.95311737060547,22.906728744506836,4.9858551025390625,22.493027480904516,3.329267228348999,98.80994415283203,"{""loss"": 93.06266784667969, ""mape"": 93.06266784667969, ""mae"": 23.85051727294922, ""val_loss"": 95.95311737060547, ""val_mape"": 95.95311737060547, ""val_mae"": 23.907047271728516, ""lr"": 0.00010000000474974513, ""val_mae12"": 3.504720687866211, ""val_me"": 23.86585017226965, ""val_me12"": 1.024146832889363, ""mape_2021"": 98.80994415283203, ""mae_2021"": 22.906728744506836, ""mae12_2021"": 4.9858551025390625, ""me_2021"": 22.493027480904516, ""me12_2021"": 3.329267228348999, ""epochs_trained"": 29}",2026-07-03T02:02:45.414161,completed,
2,MAPE,12,2,selu,1,128,0.1,56.42121505737305,11.88745403289795,7.160062313079834,9.422050920451463,5.838755418805702,56.42121505737305,11.394094467163086,9.928481101989746,10.26274328042757,8.908364025788787,65.24607849121094,"{""loss"": 46.34416580200195, ""mape"": 46.34416580200195, ""mae"": 9.602338790893555, ""val_loss"": 56.42121505737305, ""val_mape"": 56.42121505737305, ""val_mae"": 11.88745403289795, ""lr"": 0.00010000000474974513, ""val_mae12"": 7.160062313079834, ""val_me"": 9.422050920451463, ""val_me12"": 5.838755418805702, ""mape_2021"": 65.24607849121094, ""mae_2021"": 11.394094467163086, ""mae12_2021"": 9.928481101989746, ""me_2021"": 10.26274328042757, ""me12_2021"": 8.908364025788787, ""epochs_trained"": 123}",2026-07-03T02:02:56.112281,completed,
2,MAPE,12,2,selu,1,128,0.05,51.21562576293945,10.88015079498291,5.335920810699463,9.302607480809082,3.5288324126650354,51.21562576293945,11.183425903320312,7.620977401733398,10.227470961272566,6.209402054806058,62.071495056152344,"{""loss"": 43.67836380004883, ""mape"": 43.67836380004883, ""mae"": 9.115141868591309, ""val_loss"": 51.21562576293945, ""val_mape"": 51.21562576293945, ""val_mae"": 10.88015079498291, ""lr"": 0.00010000000474974513, ""val_mae12"": 5.335920810699463, ""val_me"": 9.302607480809082, ""val_me12"": 3.5288324126650354, ""mape_2021"": 62.071495056152344, ""mae_2021"": 11.183425903320312, ""mae12_2021"": 7.620977401733398, ""me_2021"": 10.227470961272566, ""me12_2021"": 6.209402054806058, ""epochs_trained"": 131}",2026-07-03T02:02:56.642915,completed,
2,MAPE,12,2,selu,1,256,0.1,50.33562088012695,10.84068775177002,5.544381141662598,8.713625047159622,3.4876724855020096,50.33562088012695,10.361601829528809,7.465159893035889,9.494916133200517,5.6398330775287455,56.905029296875,"{""loss"": 40.91027069091797, ""mape"": 40.91027069091797, ""mae"": 8.46445369720459, ""val_loss"": 50.33562088012695, ""val_mape"": 50.33562088012695, ""val_mae"": 10.84068775177002, ""lr"": 0.00010000000474974513, ""val_mae12"": 5.544381141662598, ""val_me"": 8.713625047159622, ""val_me12"": 3.4876724855020096, ""mape_2021"": 56.905029296875, ""mae_2021"": 10.361601829528809, ""mae12_2021"": 7.465159893035889, ""me_2021"": 9.494916133200517, ""me12_2021"": 5.6398330775287455, ""epochs_trained"": 123}",2026-07-03T02:03:07.805385,completed,
2,MAPE,12,2,selu,1,256,0.3,57.491920471191406,12.700239181518555,9.23274040222168,7.809762406310399,8.475423445116604,57.491920471191406,10.026079177856445,11.78211784362793,8.508410793680364,11.099957612635421,59.37820053100586,"{""loss"": 48.649742126464844, ""mape"": 48.649742126464844, ""mae"": 10.437249183654785, ""val_loss"": 57.491920471191406, ""val_mape"": 57.491920471191406, ""val_mae"": 12.700239181518555, ""lr"": 0.00010000000474974513, ""val_mae12"": 9.23274040222168, ""val_me"": 7.809762406310399, ""val_me12"": 8.475423445116604, ""mape_2021"": 59.37820053100586, ""mae_2021"": 10.026079177856445, ""mae12_2021"": 11.78211784362793, ""me_2021"": 8.508410793680364, ""me12_2021"": 11.099957612635421, ""epochs_trained"": 120}",2026-07-03T02:03:16.529662,completed,
2,MAPE,12,2,selu,2,16,0.0,54.07052993774414,11.174335479736328,6.578363418579102,9.43673900878675,6.100391818919364,54.07052993774414,11.51081371307373,9.492395401000977,10.296488957193795,9.326829433698958,66.16639709472656,"{""loss"": 46.613548278808594, ""mape"": 46.613548278808594, ""mae"": 9.712398529052734, ""val_loss"": 54.07052993774414, ""val_mape"": 54.07052993774414, ""val_mae"": 11.174335479736328, ""lr"": 0.00010000000474974513, ""val_mae12"": 6.578363418579102, ""val_me"": 9.43673900878675, ""val_me12"": 6.100391818919364, ""mape_2021"": 66.16639709472656, ""mae_2021"": 11.51081371307373, ""mae12_2021"": 9.492395401000977, ""me_2021"": 10.296488957193795, ""me12_2021"": 9.326829433698958, ""epochs_trained"": 102}",2026-07-03T02:03:16.531658,completed,
2,MAPE,12,2,selu,2,16,0.05,51.39619064331055,10.707510948181152,9.240971565246582,7.749416284264148,9.226252238290947,51.39619064331055,9.898726463317871,12.3638277053833,8.35994452082203,12.447777621429887,60.7771110534668,"{""loss"": 44.41804122924805, ""mape"": 44.41804122924805, ""mae"": 9.37763500213623, ""val_loss"": 51.39619064331055, ""val_mape"": 51.39619064331055, ""val_mae"": 10.707510948181152, ""lr"": 0.00010000000474974513, ""val_mae12"": 9.240971565246582, ""val_me"": 7.749416284264148, ""val_me12"": 9.226252238290947, ""mape_2021"": 60.7771110534668, ""mae_2021"": 9.898726463317871, ""mae12_2021"": 12.3638277053833, ""me_2021"": 8.35994452082203, ""me12_2021"": 12.447777621429887, ""epochs_trained"": 142}",2026-07-03T02:03:27.835871,completed,
2,MAPE,12,2,selu,2,16,0.3,62.36611557006836,11.479763984680176,22.890085220336914,4.862458784322097,22.927155884205753,62.36611557006836,9.932897567749023,26.972373962402344,5.061142577321774,27.136117700331255,75.06002807617188,"{""loss"": 66.40138244628906, ""mape"": 66.40138244628906, ""mae"": 15.734603881835938, ""val_loss"": 62.36611557006836, ""val_mape"": 62.36611557006836, ""val_mae"": 11.479763984680176, ""lr"": 0.00010000000474974513, ""val_mae12"": 22.890085220336914, ""val_me"": 4.862458784322097, ""val_me12"": 22.927155884205753, ""mape_2021"": 75.06002807617188, ""mae_2021"": 9.932897567749023, ""mae12_2021"": 26.972373962402344, ""me_2021"": 5.061142577321774, ""me12_2021"": 27.136117700331255, ""epochs_trained"": 136}",2026-07-03T02:03:34.280382,completed,
2,MAPE,12,2,selu,2,16,0.1,47.531044006347656,10.271965026855469,9.116671562194824,6.418852043687153,9.142318541151303,47.531044006347656,8.565669059753418,11.292572021484375,6.948450361375183,11.354053242596823,50.84834671020508,"{""loss"": 43.68822479248047, ""mape"": 43.68822479248047, ""mae"": 9.786749839782715, ""val_loss"": 47.531044006347656, ""val_mape"": 47.531044006347656, ""val_mae"": 10.271965026855469, ""lr"": 0.00010000000474974513, ""val_mae12"": 9.116671562194824, ""val_me"": 6.418852043687153, ""val_me12"": 9.142318541151303, ""mape_2021"": 50.84834671020508, ""mae_2021"": 8.565669059753418, ""mae12_2021"": 11.292572021484375, ""me_2021"": 6.948450361375183, ""me12_2021"": 11.354053242596823, ""epochs_trained"": 176}",2026-07-03T02:03:37.010959,completed,
2,MAPE,12,2,selu,1,256,0.0,3.088247299194336,0.6286730766296387,0.6871718764305115,0.2000284448142936,0.06995613566675593,3.088247299194336,0.5820232033729553,0.6474048495292664,0.15209402694195165,-0.0747949756104588,3.3256564140319824,"{""loss"": 2.653792381286621, ""mape"": 2.653792381286621, ""mae"": 0.550790548324585, ""val_loss"": 3.088247299194336, ""val_mape"": 3.088247299194336, ""val_mae"": 0.6286730766296387, ""lr"": 0.00010000000474974513, ""val_mae12"": 0.6871718764305115, ""val_me"": 0.2000284448142936, ""val_me12"": 0.06995613566675593, ""mape_2021"": 3.3256564140319824, ""mae_2021"": 0.5820232033729553, ""mae12_2021"": 0.6474048495292664, ""me_2021"": 0.15209402694195165, ""me12_2021"": -0.0747949756104588, ""epochs_trained"": 651}",2026-07-03T02:03:40.693756,completed,
2,MAPE,12,2,selu,1,128,0.0,3.791130781173706,0.7688056826591492,0.6959647536277771,-0.22124111339526173,0.33180705903474284,3.791130781173706,0.7648202776908875,0.6481974720954895,-0.19530500561345482,0.03415116348592711,4.117717742919922,"{""loss"": 3.2213237285614014, ""mape"": 3.2213237285614014, ""mae"": 0.6699546575546265, ""val_loss"": 3.791130781173706, ""val_mape"": 3.791130781173706, ""val_mae"": 0.7688056826591492, ""lr"": 1.0000000656873453e-05, ""val_mae12"": 0.6959647536277771, ""val_me"": -0.22124111339526173, ""val_me12"": 0.33180705903474284, ""mape_2021"": 4.117717742919922, ""mae_2021"": 0.7648202776908875, ""mae12_2021"": 0.6481974720954895, ""me_2021"": -0.19530500561345482, ""me12_2021"": 0.03415116348592711, ""epochs_trained"": 834}",2026-07-03T02:03:49.881116,completed,
2,MAPE,12,2,selu,1,256,0.05,11.504112243652344,2.712181806564331,1.4406055212020874,-0.6981642054266751,1.0522014543435976,11.504112243652344,2.4296634197235107,1.389123558998108,-0.4574767187888547,0.17998089929262193,11.067794799804688,"{""loss"": 13.4386625289917, ""mape"": 13.4386625289917, ""mae"": 2.7466228008270264, ""val_loss"": 11.504112243652344, ""val_mape"": 11.504112243652344, ""val_mae"": 2.712181806564331, ""lr"": 1.0000000656873453e-05, ""val_mae12"": 1.4406055212020874, ""val_me"": -0.6981642054266751, ""val_me12"": 1.0522014543435976, ""mape_2021"": 11.067794799804688, ""mae_2021"": 2.4296634197235107, ""mae12_2021"": 1.389123558998108, ""me_2021"": -0.4574767187888547, ""me12_2021"": 0.17998089929262193, ""epochs_trained"": 1244}",2026-07-03T02:04:11.634375,completed,
3,MAPE,12,2,leaky_relu,1,256,0.0,51.69348907470703,10.954485893249512,4.968031883239746,9.243923168627006,4.307145168878261,51.69348907470703,11.066351890563965,7.39091682434082,10.138678873415195,6.991942896041114,61.097652435302734,"{""loss"": 44.12677001953125, ""mape"": 44.12677001953125, ""mae"": 9.34582233428955, ""val_loss"": 51.69348907470703, ""val_mape"": 51.69348907470703, ""val_mae"": 10.954485893249512, ""lr"": 0.00010000000474974513, ""val_mae12"": 4.968031883239746, ""val_me"": 9.243923168627006, ""val_me12"": 4.307145168878261, ""mape_2021"": 61.097652435302734, ""mae_2021"": 11.066351890563965, ""mae12_2021"": 7.39091682434082, ""me_2021"": 10.138678873415195, ""me12_2021"": 6.991942896041114, ""epochs_trained"": 74}",2026-07-03T02:04:29.785658,completed,
3,MAPE,12,2,leaky_relu,1,256,0.05,51.548866271972656,10.983114242553711,5.045761585235596,8.905967239783413,4.391252495848481,51.548866271972656,10.947354316711426,7.463919162750244,9.856642816872316,7.054230462879555,60.62261199951172,"{""loss"": 44.14155197143555, ""mape"": 44.14155197143555, ""mae"": 9.391526222229004, ""val_loss"": 51.548866271972656, ""val_mape"": 51.548866271972656, ""val_mae"": 10.983114242553711, ""lr"": 0.00010000000474974513, ""val_mae12"": 5.045761585235596, ""val_me"": 8.905967239783413, ""val_me12"": 4.391252495848481, ""mape_2021"": 60.62261199951172, ""mae_2021"": 10.947354316711426, ""mae12_2021"": 7.463919162750244, ""me_2021"": 9.856642816872316, ""me12_2021"": 7.054230462879555, ""epochs_trained"": 72}",2026-07-03T02:04:29.825705,completed,
3,MAPE,12,2,leaky_relu,1,128,0.0,51.77681350708008,10.923585891723633,4.787371635437012,9.110886682905434,3.961566238680342,51.77681350708008,11.077914237976074,7.168309211730957,10.047528678382157,6.6677302014315085,61.098819732666016,"{""loss"": 44.329185485839844, ""mape"": 44.329185485839844, ""mae"": 9.36755084991455, ""val_loss"": 51.77681350708008, ""val_mape"": 51.77681350708008, ""val_mae"": 10.923585891723633, ""lr"": 0.00010000000474974513, ""val_mae12"": 4.787371635437012, ""val_me"": 9.110886682905434, ""val_me12"": 3.961566238680342, ""mape_2021"": 61.098819732666016, ""mae_2021"": 11.077914237976074, ""mae12_2021"": 7.168309211730957, ""me_2021"": 10.047528678382157, ""me12_2021"": 6.6677302014315085, ""epochs_trained"": 86}",2026-07-03T02:04:30.143824,completed,
3,MAPE,12,2,leaky_relu,1,128,0.3,50.21223068237305,10.718101501464844,5.902798175811768,8.66179002709754,5.285172709037159,50.21223068237305,10.732471466064453,8.308537483215332,9.589255476206441,7.905076595626003,59.92005920410156,"{""loss"": 45.15499496459961, ""mape"": 45.15499496459961, ""mae"": 9.657256126403809, ""val_loss"": 50.21223068237305, ""val_mape"": 50.21223068237305, ""val_mae"": 10.718101501464844, ""lr"": 0.00010000000474974513, ""val_mae12"": 5.902798175811768, ""val_me"": 8.66179002709754, ""val_me12"": 5.285172709037159, ""mape_2021"": 59.92005920410156, ""mae_2021"": 10.732471466064453, ""mae12_2021"": 8.308537483215332, ""me_2021"": 9.589255476206441, ""me12_2021"": 7.905076595626003, ""epochs_trained"": 95}",2026-07-03T02:04:30.578556,completed,
3,MAPE,12,2,leaky_relu,1,128,0.05,50.14237976074219,10.708703994750977,5.147809028625488,8.90474776973975,4.365994980432216,50.14237976074219,10.842951774597168,7.438150882720947,9.837065448142074,6.9014936842670656,59.677303314208984,"{""loss"": 43.28065872192383, ""mape"": 43.28065872192383, ""mae"": 9.225031852722168, ""val_loss"": 50.14237976074219, ""val_mape"": 50.14237976074219, ""val_mae"": 10.708703994750977, ""lr"": 0.00010000000474974513, ""val_mae12"": 5.147809028625488, ""val_me"": 8.90474776973975, ""val_me12"": 4.365994980432216, ""mape_2021"": 59.677303314208984, ""mae_2021"": 10.842951774597168, ""mae12_2021"": 7.438150882720947, ""me_2021"": 9.837065448142074, ""me12_2021"": 6.9014936842670656, ""epochs_trained"": 98}",2026-07-03T02:04:30.634574,completed,
3,MAPE,12,2,leaky_relu,1,128,0.1,50.37693405151367,10.7799711227417,5.34445333480835,8.828150513315206,4.670550573307402,50.37693405151367,10.814238548278809,7.705374717712402,9.747224200687633,7.256348071532729,59.868560791015625,"{""loss"": 43.73580551147461, ""mape"": 43.73580551147461, ""mae"": 9.349267959594727, ""val_loss"": 50.37693405151367, ""val_mape"": 50.37693405151367, ""val_mae"": 10.7799711227417, ""lr"": 0.00010000000474974513, ""val_mae12"": 5.34445333480835, ""val_me"": 8.828150513315206, ""val_me12"": 4.670550573307402, ""mape_2021"": 59.868560791015625, ""mae_2021"": 10.814238548278809, ""mae12_2021"": 7.705374717712402, ""me_2021"": 9.747224200687633, ""me12_2021"": 7.256348071532729, ""epochs_trained"": 101}",2026-07-03T02:04:30.696148,completed,
3,MAPE,12,2,leaky_relu,1,256,0.1,51.322235107421875,10.975919723510742,5.045651912689209,9.166181013147956,4.296995711789118,51.322235107421875,11.002714157104492,7.419772624969482,10.064286096014474,6.9537449856969555,60.589271545410156,"{""loss"": 44.01536178588867, ""mape"": 44.01536178588867, ""mae"": 9.391595840454102, ""val_loss"": 51.322235107421875, ""val_mape"": 51.322235107421875, ""val_mae"": 10.975919723510742, ""lr"": 0.00010000000474974513, ""val_mae12"": 5.045651912689209, ""val_me"": 9.166181013147956, ""val_me12"": 4.296995711789118, ""mape_2021"": 60.589271545410156, ""mae_2021"": 11.002714157104492, ""mae12_2021"": 7.419772624969482, ""me_2021"": 10.064286096014474, ""me12_2021"": 6.9537449856969555, ""epochs_trained"": 77}",2026-07-03T02:04:38.933299,completed,
3,MAPE,12,2,leaky_relu,1,256,0.3,50.491058349609375,10.883475303649902,5.717924118041992,8.591235477120486,5.095607796821636,50.491058349609375,10.6908540725708,8.11593246459961,9.526561170083989,7.701738633749169,59.60795593261719,"{""loss"": 44.11909103393555, ""mape"": 44.11909103393555, ""mae"": 9.49437427520752, ""val_loss"": 50.491058349609375, ""val_mape"": 50.491058349609375, ""val_mae"": 10.883475303649902, ""lr"": 0.00010000000474974513, ""val_mae12"": 5.717924118041992, ""val_me"": 8.591235477120486, ""val_me12"": 5.095607796821636, ""mape_2021"": 59.60795593261719, ""mae_2021"": 10.6908540725708, ""mae12_2021"": 8.11593246459961, ""me_2021"": 9.526561170083989, ""me12_2021"": 7.701738633749169, ""epochs_trained"": 85}",2026-07-03T02:04:39.310855,completed,
3,MAPE,12,2,leaky_relu,2,16,0.0,53.10761260986328,11.127592086791992,5.443064212799072,9.111956319127499,4.844998983795504,53.10761260986328,11.092689514160156,8.034907341003418,10.0091132920236,7.765832418902665,62.280338287353516,"{""loss"": 45.34864807128906, ""mape"": 45.34864807128906, ""mae"": 9.558829307556152, ""val_loss"": 53.10761260986328, ""val_mape"": 53.10761260986328, ""val_mae"": 11.127592086791992, ""lr"": 0.00010000000474974513, ""val_mae12"": 5.443064212799072, ""val_me"": 9.111956319127499, ""val_me12"": 4.844998983795504, ""mape_2021"": 62.280338287353516, ""mae_2021"": 11.092689514160156, ""mae12_2021"": 8.034907341003418, ""me_2021"": 10.0091132920236, ""me12_2021"": 7.765832418902665, ""epochs_trained"": 107}",2026-07-03T02:04:40.502137,completed,
3,MAPE,12,2,leaky_relu,2,16,0.1,51.56965255737305,10.73981761932373,4.919493198394775,9.147396343940981,4.136496293980009,51.56965255737305,11.090733528137207,7.397672653198242,10.077003871456201,6.934554989948929,61.62474060058594,"{""loss"": 49.38222122192383, ""mape"": 49.38222122192383, ""mae"": 10.635566711425781, ""val_loss"": 51.56965255737305, ""val_mape"": 51.56965255737305, ""val_mae"": 10.73981761932373, ""lr"": 0.00010000000474974513, ""val_mae12"": 4.919493198394775, ""val_me"": 9.147396343940981, ""val_me12"": 4.136496293980009, ""mape_2021"": 61.62474060058594, ""mae_2021"": 11.090733528137207, ""mae12_2021"": 7.397672653198242, ""me_2021"": 10.077003871456201, ""me12_2021"": 6.934554989948929, ""epochs_trained"": 117}",2026-07-03T02:04:41.433929,completed,
3,MAPE,12,2,leaky_relu,2,16,0.05,51.19404983520508,10.742465019226074,6.160612106323242,8.857328223097156,5.820975852475153,51.19404983520508,10.830595016479492,8.899770736694336,9.705493048778184,8.790675538815343,61.64402389526367,"{""loss"": 46.463348388671875, ""mape"": 46.463348388671875, ""mae"": 9.935705184936523, ""val_loss"": 51.19404983520508, ""val_mape"": 51.19404983520508, ""val_mae"": 10.742465019226074, ""lr"": 0.00010000000474974513, ""val_mae12"": 6.160612106323242, ""val_me"": 8.857328223097156, ""val_me12"": 5.820975852475153, ""mape_2021"": 61.64402389526367, ""mae_2021"": 10.830595016479492, ""mae12_2021"": 8.899770736694336, ""me_2021"": 9.705493048778184, ""me12_2021"": 8.790675538815343, ""epochs_trained"": 126}",2026-07-03T02:04:41.691693,completed,
3,MAPE,12,2,leaky_relu,2,16,0.3,7.133856773376465,1.513516902923584,1.2241098880767822,1.398123819870519,0.16506500917809866,7.133856773376465,1.4507921934127808,1.0561647415161133,1.3447708139326784,0.47917643270399213,8.01101016998291,"{""loss"": 19.14876365661621, ""mape"": 19.14876365661621, ""mae"": 4.608304977416992, ""val_loss"": 7.133856773376465, ""val_mape"": 7.133856773376465, ""val_mae"": 1.513516902923584, ""lr"": 0.00010000000474974513, ""val_mae12"": 1.2241098880767822, ""val_me"": 1.398123819870519, ""val_me12"": 0.16506500917809866, ""mape_2021"": 8.01101016998291, ""mae_2021"": 1.4507921934127808, ""mae12_2021"": 1.0561647415161133, ""me_2021"": 1.3447708139326784, ""me12_2021"": 0.47917643270399213, ""epochs_trained"": 733}",2026-07-03T02:05:00.542629,completed,
3,MAPE,12,2,leaky_relu,2,64,0.05,51.22506332397461,10.87157917022705,5.049773216247559,8.804995552722673,4.512574746869388,51.22506332397461,10.88945198059082,7.5451250076293945,9.772090917137778,7.2766915308475,60.73078155517578,"{""loss"": 44.31759262084961, ""mape"": 44.31759262084961, ""mae"": 9.444198608398438, ""val_loss"": 51.22506332397461, ""val_mape"": 51.22506332397461, ""val_mae"": 10.87157917022705, ""lr"": 0.00010000000474974513, ""val_mae12"": 5.049773216247559, ""val_me"": 8.804995552722673, ""val_me12"": 4.512574746869388, ""mape_2021"": 60.73078155517578, ""mae_2021"": 10.88945198059082, ""mae12_2021"": 7.5451250076293945, ""me_2021"": 9.772090917137778, ""me12_2021"": 7.2766915308475, ""epochs_trained"": 65}",2026-07-03T02:05:15.479386,completed,
3,MAPE,12,2,leaky_relu,2,64,0.0,51.73085021972656,10.9728364944458,5.222740173339844,8.666915011310966,4.570006001703666,51.73085021972656,10.858467102050781,7.779036045074463,9.635619881962473,7.39499633536687,60.7638053894043,"{""loss"": 44.18219757080078, ""mape"": 44.18219757080078, ""mae"": 9.378096580505371, ""val_loss"": 51.73085021972656, ""val_mape"": 51.73085021972656, ""val_mae"": 10.9728364944458, ""lr"": 0.00010000000474974513, ""val_mae12"": 5.222740173339844, ""val_me"": 8.666915011310966, ""val_me12"": 4.570006001703666, ""mape_2021"": 60.7638053894043, ""mae_2021"": 10.858467102050781, ""mae12_2021"": 7.779036045074463, ""me_2021"": 9.635619881962473, ""me12_2021"": 7.39499633536687, ""epochs_trained"": 74}",2026-07-03T02:05:15.575300,completed,
3,MAPE,12,2,leaky_relu,2,32,0.3,51.83647918701172,11.013236045837402,4.60830545425415,9.169171000219075,3.7815607483096505,51.83647918701172,11.070140838623047,6.990640640258789,10.1071456199553,6.4589052876207065,61.121402740478516,"{""loss"": 51.321144104003906, ""mape"": 51.321144104003906, ""mae"": 11.126968383789062, ""val_loss"": 51.83647918701172, ""val_mape"": 51.83647918701172, ""val_mae"": 11.013236045837402, ""lr"": 0.00010000000474974513, ""val_mae12"": 4.60830545425415, ""val_me"": 9.169171000219075, ""val_me12"": 3.7815607483096505, ""mape_2021"": 61.121402740478516, ""mae_2021"": 11.070140838623047, ""mae12_2021"": 6.990640640258789, ""me_2021"": 10.1071456199553, ""me12_2021"": 6.4589052876207065, ""epochs_trained"": 80}",2026-07-03T02:05:15.781214,completed,
3,MAPE,12,2,leaky_relu,2,32,0.0,51.676231384277344,10.919198989868164,4.667078971862793,9.17389550179529,3.878895850120342,51.676231384277344,11.022993087768555,7.006921291351318,10.10215199691099,6.513769174321443,60.54554748535156,"{""loss"": 44.1558723449707, ""mape"": 44.1558723449707, ""mae"": 9.336785316467285, ""val_loss"": 51.676231384277344, ""val_mape"": 51.676231384277344, ""val_mae"": 10.919198989868164, ""lr"": 0.00010000000474974513, ""val_mae12"": 4.667078971862793, ""val_me"": 9.17389550179529, ""val_me12"": 3.878895850120342, ""mape_2021"": 60.54554748535156, ""mae_2021"": 11.022993087768555, ""mae12_2021"": 7.006921291351318, ""me_2021"": 10.10215199691099, ""me12_2021"": 6.513769174321443, ""epochs_trained"": 94}",2026-07-03T02:05:16.139121,completed,
3,MAPE,12,2,leaky_relu,2,32,0.1,52.133934020996094,11.027868270874023,5.575107097625732,9.084949946468399,5.005824927033088,52.133934020996094,10.972115516662598,8.108223915100098,9.967813104740616,7.79414335029385,61.27592086791992,"{""loss"": 47.1998291015625, ""mape"": 47.1998291015625, ""mae"": 10.055230140686035, ""val_loss"": 52.133934020996094, ""val_mape"": 52.133934020996094, ""val_mae"": 11.027868270874023, ""lr"": 0.00010000000474974513, ""val_mae12"": 5.575107097625732, ""val_me"": 9.084949946468399, ""val_me12"": 5.005824927033088, ""mape_2021"": 61.27592086791992, ""mae_2021"": 10.972115516662598, ""mae12_2021"": 8.108223915100098, ""me_2021"": 9.967813104740616, ""me12_2021"": 7.79414335029385, ""epochs_trained"": 93}",2026-07-03T02:05:16.306857,completed,
3,MAPE,12,2,leaky_relu,2,32,0.05,52.44968032836914,11.046470642089844,5.5781683921813965,8.841048491070124,5.0261937300442865,52.44968032836914,10.898896217346191,8.21137523651123,9.753847107910047,7.948664102547206,61.40837478637695,"{""loss"": 46.08472442626953, ""mape"": 46.08472442626953, ""mae"": 9.77106761932373, ""val_loss"": 52.44968032836914, ""val_mape"": 52.44968032836914, ""val_mae"": 11.046470642089844, ""lr"": 0.00010000000474974513, ""val_mae12"": 5.5781683921813965, ""val_me"": 8.841048491070124, ""val_me12"": 5.0261937300442865, ""mape_2021"": 61.40837478637695, ""mae_2021"": 10.898896217346191, ""mae12_2021"": 8.21137523651123, ""me_2021"": 9.753847107910047, ""me12_2021"": 7.948664102547206, ""epochs_trained"": 95}",2026-07-03T02:05:16.337170,completed,
3,MAPE,12,2,leaky_relu,2,64,0.1,52.221492767333984,11.08755874633789,6.000038146972656,9.10600049582534,5.523750262592016,52.221492767333984,10.98678207397461,8.682982444763184,9.95533877615579,8.403128859327408,61.95972442626953,"{""loss"": 45.52967071533203, ""mape"": 45.52967071533203, ""mae"": 9.682437896728516, ""val_loss"": 52.221492767333984, ""val_mape"": 52.221492767333984, ""val_mae"": 11.08755874633789, ""lr"": 0.00010000000474974513, ""val_mae12"": 6.000038146972656, ""val_me"": 9.10600049582534, ""val_me12"": 5.523750262592016, ""mape_2021"": 61.95972442626953, ""mae_2021"": 10.98678207397461, ""mae12_2021"": 8.682982444763184, ""me_2021"": 9.95533877615579, ""me12_2021"": 8.403128859327408, ""epochs_trained"": 70}",2026-07-03T02:05:27.651063,completed,
3,MAPE,12,2,leaky_relu,2,128,0.3,50.89358901977539,10.51951789855957,4.476192474365234,9.228424899706393,3.571948078703147,50.89358901977539,11.089594841003418,6.819660663604736,10.156380008498749,6.244713940260096,60.99998474121094,"{""loss"": 45.980350494384766, ""mape"": 45.980350494384766, ""mae"": 9.608518600463867, ""val_loss"": 50.89358901977539, ""val_mape"": 50.89358901977539, ""val_mae"": 10.51951789855957, ""lr"": 0.00010000000474974513, ""val_mae12"": 4.476192474365234, ""val_me"": 9.228424899706393, ""val_me12"": 3.571948078703147, ""mape_2021"": 60.99998474121094, ""mae_2021"": 11.089594841003418, ""mae12_2021"": 6.819660663604736, ""me_2021"": 10.156380008498749, ""me12_2021"": 6.244713940260096, ""epochs_trained"": 50}",2026-07-03T02:05:28.233397,completed,
3,MAPE,12,2,leaky_relu,2,64,0.3,52.135711669921875,11.023303031921387,5.3978776931762695,8.768454815899615,4.814385121664006,52.135711669921875,10.891493797302246,7.978802680969238,9.704732251634145,7.725414425392454,61.28423309326172,"{""loss"": 48.37333679199219, ""mape"": 48.37333679199219, ""mae"": 10.427886962890625, ""val_loss"": 52.135711669921875, ""val_mape"": 52.135711669921875, ""val_mae"": 11.023303031921387, ""lr"": 0.00010000000474974513, ""val_mae12"": 5.3978776931762695, ""val_me"": 8.768454815899615, ""val_me12"": 4.814385121664006, ""mape_2021"": 61.28423309326172, ""mae_2021"": 10.891493797302246, ""mae12_2021"": 7.978802680969238, ""me_2021"": 9.704732251634145, ""me12_2021"": 7.725414425392454, ""epochs_trained"": 74}",2026-07-03T02:05:28.505027,completed,
3,MAPE,12,2,leaky_relu,2,128,0.1,3.9625632762908936,0.6613175272941589,1.3172379732131958,0.1447284117928503,0.5620153140954931,3.9625632762908936,0.630298376083374,1.069974422454834,0.16604808482665917,0.6117072930309004,4.14000940322876,"{""loss"": 5.417732238769531, ""mape"": 5.417732238769531, ""mae"": 1.1802364587783813, ""val_loss"": 3.9625632762908936, ""val_mape"": 3.9625632762908936, ""val_mae"": 0.6613175272941589, ""lr"": 9.999999747378752e-06, ""val_mae12"": 1.3172379732131958, ""val_me"": 0.1447284117928503, ""val_me12"": 0.5620153140954931, ""mape_2021"": 4.14000940322876, ""mae_2021"": 0.630298376083374, ""mae12_2021"": 1.069974422454834, ""me_2021"": 0.16604808482665917, ""me12_2021"": 0.6117072930309004, ""epochs_trained"": 2085}",2026-07-03T02:08:02.741752,completed,
3,MAPE,12,2,leaky_relu,2,128,0.05,3.1597506999969482,0.5269266366958618,1.0370545387268066,0.07567151878019439,0.6087334799536069,3.1597506999969482,0.5148343443870544,0.9174894094467163,0.10189882260410657,0.45839628354659173,3.2483036518096924,"{""loss"": 4.02150297164917, ""mape"": 4.02150297164917, ""mae"": 0.8589842915534973, ""val_loss"": 3.1597506999969482, ""val_mape"": 3.1597506999969482, ""val_mae"": 0.5269266366958618, ""lr"": 1.0000000656873453e-05, ""val_mae12"": 1.0370545387268066, ""val_me"": 0.07567151878019439, ""val_me12"": 0.6087334799536069, ""mape_2021"": 3.2483036518096924, ""mae_2021"": 0.5148343443870544, ""mae12_2021"": 0.9174894094467163, ""me_2021"": 0.10189882260410657, ""me12_2021"": 0.45839628354659173, ""epochs_trained"": 2499}",2026-07-03T02:08:25.429815,completed,
3,MAPE,12,2,leaky_relu,2,128,0.0,2.5577666759490967,0.47324371337890625,0.6556034088134766,-0.031118259866251136,0.30324879660909543,2.5577666759490967,0.44717085361480713,0.6405171155929565,-0.005505230643127734,0.03309175152999875,2.637949228286743,"{""loss"": 2.050882339477539, ""mape"": 2.050882339477539, ""mae"": 0.4146396517753601, ""val_loss"": 2.5577666759490967, ""val_mape"": 2.5577666759490967, ""val_mae"": 0.47324371337890625, ""lr"": 9.999999747378752e-06, ""val_mae12"": 0.6556034088134766, ""val_me"": -0.031118259866251136, ""val_me12"": 0.30324879660909543, ""mape_2021"": 2.637949228286743, ""mae_2021"": 0.44717085361480713, ""mae12_2021"": 0.6405171155929565, ""me_2021"": -0.005505230643127734, ""me12_2021"": 0.03309175152999875, ""epochs_trained"": 3737}",2026-07-03T02:09:10.354585,completed,
3,MAPE,12,2,leaky_relu,3,16,0.0,52.82696533203125,11.111193656921387,6.605696678161621,8.814384318446812,6.44772849200124,52.82696533203125,10.893959045410156,9.493255615234375,9.672851687077893,9.517083519292711,62.86791229248047,"{""loss"": 45.30296325683594, ""mape"": 45.30296325683594, ""mae"": 9.595335006713867, ""val_loss"": 52.82696533203125, ""val_mape"": 52.82696533203125, ""val_mae"": 11.111193656921387, ""lr"": 0.00010000000474974513, ""val_mae12"": 6.605696678161621, ""val_me"": 8.814384318446812, ""val_me12"": 6.44772849200124, ""mape_2021"": 62.86791229248047, ""mae_2021"": 10.893959045410156, ""mae12_2021"": 9.493255615234375, ""me_2021"": 9.672851687077893, ""me12_2021"": 9.517083519292711, ""epochs_trained"": 95}",2026-07-03T02:09:49.498686,completed,
3,MAPE,12,2,leaky_relu,3,16,0.1,52.616310119628906,11.176335334777832,7.173209190368652,8.701095557783313,6.966750786532392,52.616310119628906,10.786359786987305,10.24343490600586,9.509786850932663,10.242960017294305,62.86674118041992,"{""loss"": 50.421714782714844, ""mape"": 50.421714782714844, ""mae"": 10.996737480163574, ""val_loss"": 52.616310119628906, ""val_mape"": 52.616310119628906, ""val_mae"": 11.176335334777832, ""lr"": 0.00010000000474974513, ""val_mae12"": 7.173209190368652, ""val_me"": 8.701095557783313, ""val_me12"": 6.966750786532392, ""mape_2021"": 62.86674118041992, ""mae_2021"": 10.786359786987305, ""mae12_2021"": 10.24343490600586, ""me_2021"": 9.509786850932663, ""me12_2021"": 10.242960017294305, ""epochs_trained"": 81}",2026-07-03T02:10:25.777792,completed,
3,MAPE,12,2,leaky_relu,2,256,0.05,2.802427291870117,0.4774922728538513,0.8918159604072571,0.05104749125317626,0.41239637638270804,2.802427291870117,0.46498000621795654,0.8327698111534119,0.06235614884142512,0.18659492676849102,2.857842445373535,"{""loss"": 3.370789051055908, ""mape"": 3.370789051055908, ""mae"": 0.708491861820221, ""val_loss"": 2.802427291870117, ""val_mape"": 2.802427291870117, ""val_mae"": 0.4774922728538513, ""lr"": 1.0000000656873453e-05, ""val_mae12"": 0.8918159604072571, ""val_me"": 0.05104749125317626, ""val_me12"": 0.41239637638270804, ""mape_2021"": 2.857842445373535, ""mae_2021"": 0.46498000621795654, ""mae12_2021"": 0.8327698111534119, ""me_2021"": 0.06235614884142512, ""me12_2021"": 0.18659492676849102, ""epochs_trained"": 476}",2026-07-03T02:11:05.535852,completed,
3,MAPE,12,2,leaky_relu,2,256,0.1,2.834787607192993,0.48396036028862,0.9434016942977905,0.05174592779499811,0.47633374962040526,2.834787607192993,0.4716808795928955,0.8944791555404663,0.06625454522447109,0.3511258407693819,3.0636515617370605,"{""loss"": 3.8949835300445557, ""mape"": 3.8949835300445557, ""mae"": 0.8545202016830444, ""val_loss"": 2.834787607192993, ""val_mape"": 2.834787607192993, ""val_mae"": 0.48396036028862, ""lr"": 1.0000000656873453e-05, ""val_mae12"": 0.9434016942977905, ""val_me"": 0.05174592779499811, ""val_me12"": 0.47633374962040526, ""mape_2021"": 3.0636515617370605, ""mae_2021"": 0.4716808795928955, ""mae12_2021"": 0.8944791555404663, ""me_2021"": 0.06625454522447109, ""me12_2021"": 0.3511258407693819, ""epochs_trained"": 519}",2026-07-03T02:11:09.276997,completed,
3,MAPE,12,2,leaky_relu,2,256,0.3,3.125537872314453,0.5344889163970947,1.0639312267303467,0.09196888871595725,0.6090752003382528,3.125537872314453,0.502822995185852,1.0082072019577026,0.11151363727946723,0.5087840947382476,3.221773862838745,"{""loss"": 5.638530254364014, ""mape"": 5.638530254364014, ""mae"": 1.2896125316619873, ""val_loss"": 3.125537872314453, ""val_mape"": 3.125537872314453, ""val_mae"": 0.5344889163970947, ""lr"": 1.0000000656873453e-05, ""val_mae12"": 1.0639312267303467, ""val_me"": 0.09196888871595725, ""val_me12"": 0.6090752003382528, ""mape_2021"": 3.221773862838745, ""mae_2021"": 0.502822995185852, ""mae12_2021"": 1.0082072019577026, ""me_2021"": 0.11151363727946723, ""me12_2021"": 0.5087840947382476, ""epochs_trained"": 546}",2026-07-03T02:11:10.796780,completed,
3,MAPE,12,2,leaky_relu,3,32,0.0,52.39370346069336,10.7936372756958,5.176418781280518,8.783147908790912,4.646341012843281,52.39370346069336,10.940208435058594,7.788567543029785,9.733290465256829,7.5232924137220945,61.5645866394043,"{""loss"": 44.86187744140625, ""mape"": 44.86187744140625, ""mae"": 9.311198234558105, ""val_loss"": 52.39370346069336, ""val_mape"": 52.39370346069336, ""val_mae"": 10.7936372756958, ""lr"": 0.00010000000474974513, ""val_mae12"": 5.176418781280518, ""val_me"": 8.783147908790912, ""val_me12"": 4.646341012843281, ""mape_2021"": 61.5645866394043, ""mae_2021"": 10.940208435058594, ""mae12_2021"": 7.788567543029785, ""me_2021"": 9.733290465256829, ""me12_2021"": 7.5232924137220945, ""epochs_trained"": 64}",2026-07-03T02:11:17.011828,completed,
3,MAPE,12,2,leaky_relu,3,32,0.05,51.89772415161133,10.872740745544434,4.767806529998779,9.155918768003867,4.018358458614871,51.89772415161133,11.023988723754883,7.175436973571777,10.068584596920276,6.766904174435531,60.9849853515625,"{""loss"": 45.960933685302734, ""mape"": 45.960933685302734, ""mae"": 9.709451675415039, ""val_loss"": 51.89772415161133, ""val_mape"": 51.89772415161133, ""val_mae"": 10.872740745544434, ""lr"": 0.00010000000474974513, ""val_mae12"": 4.767806529998779, ""val_me"": 9.155918768003867, ""val_me12"": 4.018358458614871, ""mape_2021"": 60.9849853515625, ""mae_2021"": 11.023988723754883, ""mae12_2021"": 7.175436973571777, ""me_2021"": 10.068584596920276, ""me12_2021"": 6.766904174435531, ""epochs_trained"": 83}",2026-07-03T02:11:22.022681,completed,
3,MAPE,12,2,leaky_relu,3,32,0.1,52.30089569091797,10.92546558380127,5.272926330566406,9.229473685401796,4.567273987756853,52.30089569091797,11.046257019042969,7.823554992675781,10.104445443203605,7.419275588717234,61.52138900756836,"{""loss"": 47.73466491699219, ""mape"": 47.73466491699219, ""mae"": 10.141701698303223, ""val_loss"": 52.30089569091797, ""val_mape"": 52.30089569091797, ""val_mae"": 10.92546558380127, ""lr"": 0.00010000000474974513, ""val_mae12"": 5.272926330566406, ""val_me"": 9.229473685401796, ""val_me12"": 4.567273987756853, ""mape_2021"": 61.52138900756836, ""mae_2021"": 11.046257019042969, ""mae12_2021"": 7.823554992675781, ""me_2021"": 10.104445443203605, ""me12_2021"": 7.419275588717234, ""epochs_trained"": 80}",2026-07-03T02:11:23.484504,completed,
3,MAPE,12,2,leaky_relu,3,32,0.3,51.30946350097656,10.859025955200195,5.780185699462891,8.991447723680453,5.4287770552535655,51.30946350097656,10.914746284484863,8.421852111816406,9.843325411787896,8.314250618477171,61.74271011352539,"{""loss"": 53.361839294433594, ""mape"": 53.361839294433594, ""mae"": 11.791460990905762, ""val_loss"": 51.30946350097656, ""val_mape"": 51.30946350097656, ""val_mae"": 10.859025955200195, ""lr"": 0.00010000000474974513, ""val_mae12"": 5.780185699462891, ""val_me"": 8.991447723680453, ""val_me12"": 5.4287770552535655, ""mape_2021"": 61.74271011352539, ""mae_2021"": 10.914746284484863, ""mae12_2021"": 8.421852111816406, ""me_2021"": 9.843325411787896, ""me12_2021"": 8.314250618477171, ""epochs_trained"": 69}",2026-07-03T02:11:27.868447,completed,
3,MAPE,12,2,leaky_relu,2,256,0.0,2.397310972213745,0.4497867226600647,0.6283593773841858,-0.010687225800854126,0.26878017197907744,2.397310972213745,0.4238506853580475,0.6562061309814453,0.0016626125939129487,0.05013479321621574,2.5457093715667725,"{""loss"": 1.9291681051254272, ""mape"": 1.9291681051254272, ""mae"": 0.3896671235561371, ""val_loss"": 2.397310972213745, ""val_mape"": 2.397310972213745, ""val_mae"": 0.4497867226600647, ""lr"": 1.0000000656873453e-05, ""val_mae12"": 0.6283593773841858, ""val_me"": -0.010687225800854126, ""val_me12"": 0.26878017197907744, ""mape_2021"": 2.5457093715667725, ""mae_2021"": 0.4238506853580475, ""mae12_2021"": 0.6562061309814453, ""me_2021"": 0.0016626125939129487, ""me12_2021"": 0.05013479321621574, ""epochs_trained"": 1935}",2026-07-03T02:12:38.894979,completed,
3,MAPE,12,2,leaky_relu,3,16,0.3,10.448919296264648,2.0720067024230957,2.3012986183166504,1.8515626690704359,-0.04338025613139013,10.448919296264648,2.0309243202209473,1.6880254745483398,1.8189100689922024,0.7302024096620906,11.102439880371094,"{""loss"": 23.54115867614746, ""mape"": 23.54115867614746, ""mae"": 5.6094183921813965, ""val_loss"": 10.448919296264648, ""val_mape"": 10.448919296264648, ""val_mae"": 2.0720067024230957, ""lr"": 1.0000000656873453e-05, ""val_mae12"": 2.3012986183166504, ""val_me"": 1.8515626690704359, ""val_me12"": -0.04338025613139013, ""mape_2021"": 11.102439880371094, ""mae_2021"": 2.0309243202209473, ""mae12_2021"": 1.6880254745483398, ""me_2021"": 1.8189100689922024, ""me12_2021"": 0.7302024096620906, ""epochs_trained"": 2365}",2026-07-03T02:13:03.319234,completed,
3,MAPE,12,2,leaky_relu,3,16,0.05,5.966425895690918,1.0499342679977417,1.7277089357376099,0.5809278755566929,0.8402072657424507,5.966425895690918,1.0193452835083008,1.583664894104004,0.5984491789701875,1.4144256211359794,6.852955341339111,"{""loss"": 9.303945541381836, ""mape"": 9.303945541381836, ""mae"": 2.1347405910491943, ""val_loss"": 5.966425895690918, ""val_mape"": 5.966425895690918, ""val_mae"": 1.0499342679977417, ""lr"": 1.0000000656873453e-05, ""val_mae12"": 1.7277089357376099, ""val_me"": 0.5809278755566929, ""val_me12"": 0.8402072657424507, ""mape_2021"": 6.852955341339111, ""mae_2021"": 1.0193452835083008, ""mae12_2021"": 1.583664894104004, ""me_2021"": 0.5984491789701875, ""me12_2021"": 1.4144256211359794, ""epochs_trained"": 3201}",2026-07-03T02:13:17.783450,completed,
3,MAPE,12,2,leaky_relu,3,128,0.05,2.9069573879241943,0.5031853318214417,0.9530891180038452,0.11518067950872769,0.43038785700271903,2.9069573879241943,0.49002522230148315,0.9150980114936829,0.14001042252129167,0.3402401872349607,3.182952880859375,"{""loss"": 4.436071872711182, ""mape"": 4.436071872711182, ""mae"": 0.9646813273429871, ""val_loss"": 2.9069573879241943, ""val_mape"": 2.9069573879241943, ""val_mae"": 0.5031853318214417, ""lr"": 1.0000000656873453e-05, ""val_mae12"": 0.9530891180038452, ""val_me"": 0.11518067950872769, ""val_me12"": 0.43038785700271903, ""mape_2021"": 3.182952880859375, ""mae_2021"": 0.49002522230148315, ""mae12_2021"": 0.9150980114936829, ""me_2021"": 0.14001042252129167, ""me12_2021"": 0.3402401872349607, ""epochs_trained"": 427}",2026-07-03T02:14:25.517125,completed,
3,MAPE,12,2,leaky_relu,3,128,0.0,2.738759994506836,0.5093212127685547,0.7176690697669983,0.002950128544655562,0.2985944038385421,2.738759994506836,0.4717274606227875,0.7143016457557678,-0.003630334902265972,0.12729847484557105,2.8719589710235596,"{""loss"": 2.18961501121521, ""mape"": 2.18961501121521, ""mae"": 0.44068509340286255, ""val_loss"": 2.738759994506836, ""val_mape"": 2.738759994506836, ""val_mae"": 0.5093212127685547, ""lr"": 1.0000000656873453e-05, ""val_mae12"": 0.7176690697669983, ""val_me"": 0.002950128544655562, ""val_me12"": 0.2985944038385421, ""mape_2021"": 2.8719589710235596, ""mae_2021"": 0.4717274606227875, ""mae12_2021"": 0.7143016457557678, ""me_2021"": -0.003630334902265972, ""me12_2021"": 0.12729847484557105, ""epochs_trained"": 460}",2026-07-03T02:14:26.615543,completed,
3,MAPE,12,2,leaky_relu,3,64,0.3,4.405131816864014,0.8074380159378052,1.2338480949401855,0.43178773982528657,0.6649641477531136,4.405131816864014,0.7719566822052002,1.109059453010559,0.47413446966106215,0.8013157256593907,4.708882808685303,"{""loss"": 11.336040496826172, ""mape"": 11.336040496826172, ""mae"": 2.664515256881714, ""val_loss"": 4.405131816864014, ""val_mape"": 4.405131816864014, ""val_mae"": 0.8074380159378052, ""lr"": 1.0000000656873453e-05, ""val_mae12"": 1.2338480949401855, ""val_me"": 0.43178773982528657, ""val_me12"": 0.6649641477531136, ""mape_2021"": 4.708882808685303, ""mae_2021"": 0.7719566822052002, ""mae12_2021"": 1.109059453010559, ""me_2021"": 0.47413446966106215, ""me12_2021"": 0.8013157256593907, ""epochs_trained"": 440}",2026-07-03T02:14:26.869265,completed,
3,MAPE,12,2,leaky_relu,3,128,0.3,3.752852201461792,0.6915425062179565,1.104069471359253,0.2801094325043144,0.5629286989455129,3.752852201461792,0.6385939717292786,1.074536919593811,0.2914807822718854,0.535618817622523,3.8709592819213867,"{""loss"": 8.77054214477539, ""mape"": 8.77054214477539, ""mae"": 2.031339168548584, ""val_loss"": 3.752852201461792, ""val_mape"": 3.752852201461792, ""val_mae"": 0.6915425062179565, ""lr"": 0.00010000000474974513, ""val_mae12"": 1.104069471359253, ""val_me"": 0.2801094325043144, ""val_me12"": 0.5629286989455129, ""mape_2021"": 3.8709592819213867, ""mae_2021"": 0.6385939717292786, ""mae12_2021"": 1.074536919593811, ""me_2021"": 0.2914807822718854, ""me12_2021"": 0.535618817622523, ""epochs_trained"": 318}",2026-07-03T02:15:32.317510,completed,
3,MAPE,12,2,leaky_relu,3,128,0.1,3.0825836658477783,0.5336631536483765,1.0876402854919434,0.1493023757887178,0.5229109228054264,3.0825836658477783,0.5158933401107788,0.9638602137565613,0.1731094602532905,0.4714832854862064,3.392747163772583,"{""loss"": 5.50397253036499, ""mape"": 5.50397253036499, ""mae"": 1.237587332725525, ""val_loss"": 3.0825836658477783, ""val_mape"": 3.0825836658477783, ""val_mae"": 0.5336631536483765, ""lr"": 1.0000000656873453e-05, ""val_mae12"": 1.0876402854919434, ""val_me"": 0.1493023757887178, ""val_me12"": 0.5229109228054264, ""mape_2021"": 3.392747163772583, ""mae_2021"": 0.5158933401107788, ""mae12_2021"": 0.9638602137565613, ""me_2021"": 0.1731094602532905, ""me12_2021"": 0.4714832854862064, ""epochs_trained"": 367}",2026-07-03T02:15:34.137135,completed,
3,MAPE,12,2,leaky_relu,3,256,0.1,3.018322229385376,0.5075343251228333,1.0417925119400024,0.12398861853463632,0.334968348088339,3.018322229385376,0.5023669600486755,0.9691420793533325,0.14914212667531668,0.1999314475485069,3.2243869304656982,"{""loss"": 4.731014251708984, ""mape"": 4.731014251708984, ""mae"": 1.0314427614212036, ""val_loss"": 3.018322229385376, ""val_mape"": 3.018322229385376, ""val_mae"": 0.5075343251228333, ""lr"": 1.0000000656873453e-05, ""val_mae12"": 1.0417925119400024, ""val_me"": 0.12398861853463632, ""val_me12"": 0.334968348088339, ""mape_2021"": 3.2243869304656982, ""mae_2021"": 0.5023669600486755, ""mae12_2021"": 0.9691420793533325, ""me_2021"": 0.14914212667531668, ""me12_2021"": 0.1999314475485069, ""epochs_trained"": 365}",2026-07-03T02:17:29.209619,completed,
3,MAPE,12,2,leaky_relu,3,256,0.05,2.813962936401367,0.4840813875198364,0.9320428371429443,0.05432567656216701,0.42860613532020325,2.813962936401367,0.47878193855285645,0.9268989562988281,0.08580691793865901,0.24058634620414224,3.0982086658477783,"{""loss"": 3.7773168087005615, ""mape"": 3.7773168087005615, ""mae"": 0.8053109049797058, ""val_loss"": 2.813962936401367, ""val_mape"": 2.813962936401367, ""val_mae"": 0.4840813875198364, ""lr"": 1.0000000656873453e-05, ""val_mae12"": 0.9320428371429443, ""val_me"": 0.05432567656216701, ""val_me12"": 0.42860613532020325, ""mape_2021"": 3.0982086658477783, ""mae_2021"": 0.47878193855285645, ""mae12_2021"": 0.9268989562988281, ""me_2021"": 0.08580691793865901, ""me12_2021"": 0.24058634620414224, ""epochs_trained"": 406}",2026-07-03T02:17:31.069781,completed,
3,MAPE,12,2,leaky_relu,3,256,0.0,2.4492688179016113,0.4491828680038452,0.6565682888031006,0.001977576472533687,0.34553016729581637,2.4492688179016113,0.43817785382270813,0.7465149760246277,0.020497290742839864,0.1579740527421837,2.7322051525115967,"{""loss"": 1.9291179180145264, ""mape"": 1.9291179180145264, ""mae"": 0.3908078670501709, ""val_loss"": 2.4492688179016113, ""val_mape"": 2.4492688179016113, ""val_mae"": 0.4491828680038452, ""lr"": 1.0000000656873453e-05, ""val_mae12"": 0.6565682888031006, ""val_me"": 0.001977576472533687, ""val_me12"": 0.34553016729581637, ""mape_2021"": 2.7322051525115967, ""mae_2021"": 0.43817785382270813, ""mae12_2021"": 0.7465149760246277, ""me_2021"": 0.020497290742839864, ""me12_2021"": 0.1579740527421837, ""epochs_trained"": 1086}",2026-07-03T02:18:11.929983,completed,
3,MAPE,12,2,leaky_relu,3,64,0.1,4.468995571136475,0.78634113073349,1.4607871770858765,0.2856141115774803,0.5768517749248199,4.468995571136475,0.751386284828186,1.2488116025924683,0.3019808618114193,0.7723379766869926,4.944450378417969,"{""loss"": 7.914162635803223, ""mape"": 7.914162635803223, ""mae"": 1.77547287940979, ""val_loss"": 4.468995571136475, ""val_mape"": 4.468995571136475, ""val_mae"": 0.78634113073349, ""lr"": 9.999999747378752e-06, ""val_mae12"": 1.4607871770858765, ""val_me"": 0.2856141115774803, ""val_me12"": 0.5768517749248199, ""mape_2021"": 4.944450378417969, ""mae_2021"": 0.751386284828186, ""mae12_2021"": 1.2488116025924683, ""me_2021"": 0.3019808618114193, ""me12_2021"": 0.7723379766869926, ""epochs_trained"": 1765}",2026-07-03T02:18:21.422519,completed,
3,MAPE,12,2,leaky_relu,3,256,0.3,3.009173631668091,0.5832122564315796,0.8393281698226929,0.16787301388519793,0.3941347773330199,3.009173631668091,0.4811629354953766,0.8420795798301697,0.16925952372952147,0.17744306624879927,2.9706578254699707,"{""loss"": 6.267247676849365, ""mape"": 6.267247676849365, ""mae"": 1.4302818775177002, ""val_loss"": 3.009173631668091, ""val_mape"": 3.009173631668091, ""val_mae"": 0.5832122564315796, ""lr"": 0.00010000000474974513, ""val_mae12"": 0.8393281698226929, ""val_me"": 0.16787301388519793, ""val_me12"": 0.3941347773330199, ""mape_2021"": 2.9706578254699707, ""mae_2021"": 0.4811629354953766, ""mae12_2021"": 0.8420795798301697, ""me_2021"": 0.16925952372952147, ""me12_2021"": 0.17744306624879927, ""epochs_trained"": 329}",2026-07-03T02:18:32.407815,completed,
3,MAPE,12,2,leaky_relu,3,64,0.05,3.59991455078125,0.6226301193237305,1.1008051633834839,0.18449139661918443,0.4622957100572284,3.59991455078125,0.6044213175773621,0.9603771567344666,0.22427590281721488,0.2674561951265892,3.7109923362731934,"{""loss"": 5.673487186431885, ""mape"": 5.673487186431885, ""mae"": 1.2658488750457764, ""val_loss"": 3.59991455078125, ""val_mape"": 3.59991455078125, ""val_mae"": 0.6226301193237305, ""lr"": 9.999999747378752e-06, ""val_mae12"": 1.1008051633834839, ""val_me"": 0.18449139661918443, ""val_me12"": 0.4622957100572284, ""mape_2021"": 3.7109923362731934, ""mae_2021"": 0.6044213175773621, ""mae12_2021"": 0.9603771567344666, ""me_2021"": 0.22427590281721488, ""me12_2021"": 0.2674561951265892, ""epochs_trained"": 2068}",2026-07-03T02:18:39.214457,completed,
3,MAPE,12,2,leaky_relu,3,64,0.0,2.5289225578308105,0.46960628032684326,0.6688796281814575,-0.009106023344557788,0.31525131491161135,2.5289225578308105,0.45097222924232483,0.6308580636978149,0.018561745895070203,0.0987830857254338,2.749220609664917,"{""loss"": 2.1044492721557617, ""mape"": 2.1044492721557617, ""mae"": 0.4235798120498657, ""val_loss"": 2.5289225578308105, ""val_mape"": 2.5289225578308105, ""val_mae"": 0.46960628032684326, ""lr"": 1.0000000656873453e-05, ""val_mae12"": 0.6688796281814575, ""val_me"": -0.009106023344557788, ""val_me12"": 0.31525131491161135, ""mape_2021"": 2.749220609664917, ""mae_2021"": 0.45097222924232483, ""mae12_2021"": 0.6308580636978149, ""me_2021"": 0.018561745895070203, ""me12_2021"": 0.0987830857254338, ""epochs_trained"": 2192}",2026-07-03T02:18:41.803076,completed,
3,MAPE,12,2,selu,1,32,0.0,55.789337158203125,11.509384155273438,5.886629581451416,10.155330232991657,4.396932338930516,55.789337158203125,12.090880393981934,8.533695220947266,11.101719791281274,7.469839303839598,67.78935241699219,"{""loss"": 48.24323654174805, ""mape"": 48.24323654174805, ""mae"": 9.968950271606445, ""val_loss"": 55.789337158203125, ""val_mape"": 55.789337158203125, ""val_mae"": 11.509384155273438, ""lr"": 0.00010000000474974513, ""val_mae12"": 5.886629581451416, ""val_me"": 10.155330232991657, ""val_me12"": 4.396932338930516, ""mape_2021"": 67.78935241699219, ""mae_2021"": 12.090880393981934, ""mae12_2021"": 8.533695220947266, ""me_2021"": 11.101719791281274, ""me12_2021"": 7.469839303839598, ""epochs_trained"": 163}",2026-07-03T02:18:59.123402,completed,
3,MAPE,12,2,selu,1,32,0.05,54.07469177246094,11.173202514648438,7.114832878112793,9.225152983568199,6.118759503325147,54.07469177246094,11.321653366088867,9.886909484863281,10.104940943408371,9.129817911578057,65.0351791381836,"{""loss"": 47.95523452758789, ""mape"": 47.95523452758789, ""mae"": 9.951274871826172, ""val_loss"": 54.07469177246094, ""val_mape"": 54.07469177246094, ""val_mae"": 11.173202514648438, ""lr"": 0.00010000000474974513, ""val_mae12"": 7.114832878112793, ""val_me"": 9.225152983568199, ""val_me12"": 6.118759503325147, ""mape_2021"": 65.0351791381836, ""mae_2021"": 11.321653366088867, ""mae12_2021"": 9.886909484863281, ""me_2021"": 10.104940943408371, ""me12_2021"": 9.129817911578057, ""epochs_trained"": 172}",2026-07-03T02:18:59.829960,completed,
3,MAPE,12,2,selu,1,16,0.05,55.33587646484375,11.497828483581543,6.777927875518799,9.618330610554922,5.881054159131561,55.33587646484375,11.735108375549316,9.665132522583008,10.542577670789997,9.048179109045261,67.0695571899414,"{""loss"": 49.69952392578125, ""mape"": 49.69952392578125, ""mae"": 10.429247856140137, ""val_loss"": 55.33587646484375, ""val_mape"": 55.33587646484375, ""val_mae"": 11.497828483581543, ""lr"": 0.00010000000474974513, ""val_mae12"": 6.777927875518799, ""val_me"": 9.618330610554922, ""val_me12"": 5.881054159131561, ""mape_2021"": 67.0695571899414, ""mae_2021"": 11.735108375549316, ""mae12_2021"": 9.665132522583008, ""me_2021"": 10.542577670789997, ""me12_2021"": 9.048179109045261, ""epochs_trained"": 182}",2026-07-03T02:19:00.066721,completed,
3,MAPE,12,2,selu,1,16,0.3,56.54838180541992,11.289468765258789,11.175762176513672,8.819239830372931,11.168633370403706,56.54838180541992,11.452373504638672,15.009732246398926,9.596115270566717,15.118310243149107,70.99261474609375,"{""loss"": 62.54945373535156, ""mape"": 62.54945373535156, ""mae"": 14.192275047302246, ""val_loss"": 56.54838180541992, ""val_mape"": 56.54838180541992, ""val_mae"": 11.289468765258789, ""lr"": 0.00010000000474974513, ""val_mae12"": 11.175762176513672, ""val_me"": 8.819239830372931, ""val_me12"": 11.168633370403706, ""mape_2021"": 70.99261474609375, ""mae_2021"": 11.452373504638672, ""mae12_2021"": 15.009732246398926, ""me_2021"": 9.596115270566717, ""me12_2021"": 15.118310243149107, ""epochs_trained"": 187}",2026-07-03T02:19:00.306763,completed,
3,MAPE,12,2,selu,1,16,0.0,47.50381851196289,10.015252113342285,5.905118465423584,8.498603722241306,4.622990748946539,47.50381851196289,10.461413383483887,7.981452941894531,9.389568478161944,6.926909768728806,57.991416931152344,"{""loss"": 41.49099349975586, ""mape"": 41.49099349975586, ""mae"": 8.745185852050781, ""val_loss"": 47.50381851196289, ""val_mape"": 47.50381851196289, ""val_mae"": 10.015252113342285, ""lr"": 0.00010000000474974513, ""val_mae12"": 5.905118465423584, ""val_me"": 8.498603722241306, ""val_me12"": 4.622990748946539, ""mape_2021"": 57.991416931152344, ""mae_2021"": 10.461413383483887, ""mae12_2021"": 7.981452941894531, ""me_2021"": 9.389568478161944, ""me12_2021"": 6.926909768728806, ""epochs_trained"": 294}",2026-07-03T02:19:04.944376,completed,
3,MAPE,12,2,selu,1,16,0.1,45.32323455810547,9.469170570373535,7.880554676055908,7.413100753450248,6.875667581813426,45.32323455810547,9.612540245056152,9.890915870666504,8.208995979125774,8.909488988953115,54.884559631347656,"{""loss"": 46.26887893676758, ""mape"": 46.26887893676758, ""mae"": 9.969208717346191, ""val_loss"": 45.32323455810547, ""val_mape"": 45.32323455810547, ""val_mae"": 9.469170570373535, ""lr"": 0.00010000000474974513, ""val_mae12"": 7.880554676055908, ""val_me"": 7.413100753450248, ""val_me12"": 6.875667581813426, ""mape_2021"": 54.884559631347656, ""mae_2021"": 9.612540245056152, ""mae12_2021"": 9.890915870666504, ""me_2021"": 8.208995979125774, ""me12_2021"": 8.909488988953115, ""epochs_trained"": 353}",2026-07-03T02:19:08.216863,completed,
3,MAPE,12,2,selu,1,32,0.3,60.80631637573242,12.339937210083008,11.323043823242188,9.343998556418768,11.160893208892041,60.80631637573242,12.031453132629395,15.221863746643066,10.191871147768344,15.248335068130443,73.83209991455078,"{""loss"": 61.70863342285156, ""mape"": 61.70863342285156, ""mae"": 13.839777946472168, ""val_loss"": 60.80631637573242, ""val_mape"": 60.80631637573242, ""val_mae"": 12.339937210083008, ""lr"": 0.00010000000474974513, ""val_mae12"": 11.323043823242188, ""val_me"": 9.343998556418768, ""val_me12"": 11.160893208892041, ""mape_2021"": 73.83209991455078, ""mae_2021"": 12.031453132629395, ""mae12_2021"": 15.221863746643066, ""me_2021"": 10.191871147768344, ""me12_2021"": 15.248335068130443, ""epochs_trained"": 139}",2026-07-03T02:19:09.898338,completed,
3,MAPE,12,2,selu,1,64,0.05,54.475555419921875,11.355483055114746,6.246586322784424,9.490985051650801,4.826616876429636,54.475555419921875,11.471031188964844,8.876209259033203,10.404729634325715,7.803473609722936,64.98778533935547,"{""loss"": 46.92161178588867, ""mape"": 46.92161178588867, ""mae"": 9.703950881958008, ""val_loss"": 54.475555419921875, ""val_mape"": 54.475555419921875, ""val_mae"": 11.355483055114746, ""lr"": 0.00010000000474974513, ""val_mae12"": 6.246586322784424, ""val_me"": 9.490985051650801, ""val_me12"": 4.826616876429636, ""mape_2021"": 64.98778533935547, ""mae_2021"": 11.471031188964844, ""mae12_2021"": 8.876209259033203, ""me_2021"": 10.404729634325715, ""me12_2021"": 7.803473609722936, ""epochs_trained"": 145}",2026-07-03T02:19:10.842679,completed,
3,MAPE,12,2,selu,1,32,0.1,54.10403823852539,11.392085075378418,8.534544944763184,8.610943351664469,7.310761064330693,54.10403823852539,10.751704216003418,11.072270393371582,9.42178225465257,10.03966499504508,62.669620513916016,"{""loss"": 47.63094711303711, ""mape"": 47.63094711303711, ""mae"": 9.869433403015137, ""val_loss"": 54.10403823852539, ""val_mape"": 54.10403823852539, ""val_mae"": 11.392085075378418, ""lr"": 0.00010000000474974513, ""val_mae12"": 8.534544944763184, ""val_me"": 8.610943351664469, ""val_me12"": 7.310761064330693, ""mape_2021"": 62.669620513916016, ""mae_2021"": 10.751704216003418, ""mae12_2021"": 11.072270393371582, ""me_2021"": 9.42178225465257, ""me12_2021"": 10.03966499504508, ""epochs_trained"": 230}",2026-07-03T02:19:12.955744,completed,
3,MAPE,12,2,selu,1,64,0.1,58.40850067138672,12.263822555541992,7.71878719329834,9.56109417527708,6.751126477018785,58.40850067138672,11.702162742614746,10.757139205932617,10.449945700345564,10.040035571470916,67.88386535644531,"{""loss"": 49.63936996459961, ""mape"": 49.63936996459961, ""mae"": 10.307663917541504, ""val_loss"": 58.40850067138672, ""val_mape"": 58.40850067138672, ""val_mae"": 12.263822555541992, ""lr"": 0.00010000000474974513, ""val_mae12"": 7.71878719329834, ""val_me"": 9.56109417527708, ""val_me12"": 6.751126477018785, ""mape_2021"": 67.88386535644531, ""mae_2021"": 11.702162742614746, ""mae12_2021"": 10.757139205932617, ""me_2021"": 10.449945700345564, ""me12_2021"": 10.040035571470916, ""epochs_trained"": 140}",2026-07-03T02:19:14.735231,completed,
3,MAPE,12,2,selu,1,64,0.3,55.97286605834961,10.945615768432617,13.473471641540527,8.576421990092356,13.319125908707457,55.97286605834961,11.452770233154297,17.524749755859375,9.28397002510314,17.486253847936297,73.13631439208984,"{""loss"": 65.87167358398438, ""mape"": 65.87167358398438, ""mae"": 15.038614273071289, ""val_loss"": 55.97286605834961, ""val_mape"": 55.97286605834961, ""val_mae"": 10.945615768432617, ""lr"": 1.0000000656873453e-05, ""val_mae12"": 13.473471641540527, ""val_me"": 8.576421990092356, ""val_me12"": 13.319125908707457, ""mape_2021"": 73.13631439208984, ""mae_2021"": 11.452770233154297, ""mae12_2021"": 17.524749755859375, ""me_2021"": 9.28397002510314, ""me12_2021"": 17.486253847936297, ""epochs_trained"": 850}",2026-07-03T02:19:42.609825,completed,
3,MAPE,12,2,selu,1,64,0.0,3.5760974884033203,0.7300345301628113,0.7305026650428772,0.13999587596623153,0.33052770057464165,3.5760974884033203,0.6922202706336975,0.654558002948761,0.10474230059987795,0.06374935555629647,3.742358446121216,"{""loss"": 3.0355052947998047, ""mape"": 3.0355052947998047, ""mae"": 0.6378750801086426, ""val_loss"": 3.5760974884033203, ""val_mape"": 3.5760974884033203, ""val_mae"": 0.7300345301628113, ""lr"": 1.0000000656873453e-05, ""val_mae12"": 0.7305026650428772, ""val_me"": 0.13999587596623153, ""val_me12"": 0.33052770057464165, ""mape_2021"": 3.742358446121216, ""mae_2021"": 0.6922202706336975, ""mae12_2021"": 0.654558002948761, ""me_2021"": 0.10474230059987795, ""me12_2021"": 0.06374935555629647, ""epochs_trained"": 4469}",2026-07-03T02:21:25.827952,completed,
3,MAPE,12,2,selu,1,128,0.3,95.12552642822266,23.72693634033203,3.316418170928955,23.663873801986536,1.619035153393209,95.12552642822266,22.69865608215332,5.019433975219727,22.26135120360405,3.7629236349723447,97.88326263427734,"{""loss"": 92.3100357055664, ""mape"": 92.3100357055664, ""mae"": 23.687973022460938, ""val_loss"": 95.12552642822266, ""val_mape"": 95.12552642822266, ""val_mae"": 23.72693634033203, ""lr"": 0.00010000000474974513, ""val_mae12"": 3.316418170928955, ""val_me"": 23.663873801986536, ""val_me12"": 1.619035153393209, ""mape_2021"": 97.88326263427734, ""mae_2021"": 22.69865608215332, ""mae12_2021"": 5.019433975219727, ""me_2021"": 22.26135120360405, ""me12_2021"": 3.7629236349723447, ""epochs_trained"": 35}",2026-07-03T02:21:42.965605,completed,
3,MAPE,12,2,selu,1,128,0.1,53.1859245300293,11.274229049682617,6.598265647888184,8.983522429943744,5.197218602498967,53.1859245300293,10.907068252563477,9.062837600708008,9.827332273677577,7.960565538023969,61.792564392089844,"{""loss"": 45.01935577392578, ""mape"": 45.01935577392578, ""mae"": 9.347448348999023, ""val_loss"": 53.1859245300293, ""val_mape"": 53.1859245300293, ""val_mae"": 11.274229049682617, ""lr"": 0.00010000000474974513, ""val_mae12"": 6.598265647888184, ""val_me"": 8.983522429943744, ""val_me12"": 5.197218602498967, ""mape_2021"": 61.792564392089844, ""mae_2021"": 10.907068252563477, ""mae12_2021"": 9.062837600708008, ""me_2021"": 9.827332273677577, ""me12_2021"": 7.960565538023969, ""epochs_trained"": 130}",2026-07-03T02:21:52.988565,completed,
3,MAPE,12,2,selu,1,128,0.05,52.263572692871094,11.127552032470703,4.849676132202148,9.657584930129309,2.767856586960282,52.263572692871094,11.368569374084473,7.017458438873291,10.559675499273277,5.373097552451331,62.12508773803711,"{""loss"": 44.000614166259766, ""mape"": 44.000614166259766, ""mae"": 9.205446243286133, ""val_loss"": 52.263572692871094, ""val_mape"": 52.263572692871094, ""val_mae"": 11.127552032470703, ""lr"": 0.00010000000474974513, ""val_mae12"": 4.849676132202148, ""val_me"": 9.657584930129309, ""val_me12"": 2.767856586960282, ""mape_2021"": 62.12508773803711, ""mae_2021"": 11.368569374084473, ""mae12_2021"": 7.017458438873291, ""me_2021"": 10.559675499273277, ""me12_2021"": 5.373097552451331, ""epochs_trained"": 127}",2026-07-03T02:21:53.139589,completed,
3,MAPE,12,2,selu,1,256,0.1,49.214107513427734,10.69517707824707,5.154398441314697,8.571892456044525,3.2291662354478885,49.214107513427734,10.272576332092285,6.956320285797119,9.393592914966304,5.275997337349646,55.969017028808594,"{""loss"": 40.49684143066406, ""mape"": 40.49684143066406, ""mae"": 8.512850761413574, ""val_loss"": 49.214107513427734, ""val_mape"": 49.214107513427734, ""val_mae"": 10.69517707824707, ""lr"": 0.00010000000474974513, ""val_mae12"": 5.154398441314697, ""val_me"": 8.571892456044525, ""val_me12"": 3.2291662354478885, ""mape_2021"": 55.969017028808594, ""mae_2021"": 10.272576332092285, ""mae12_2021"": 6.956320285797119, ""me_2021"": 9.393592914966304, ""me12_2021"": 5.275997337349646, ""epochs_trained"": 124}",2026-07-03T02:22:05.668766,completed,
3,MAPE,12,2,selu,1,256,0.05,9.451642990112305,2.2194032669067383,0.8364529609680176,-1.9999378815621376,0.24684653944923163,9.451642990112305,2.051438331604004,0.8792911767959595,-1.8154968608012343,-0.17996626097316606,9.033424377441406,"{""loss"": 9.707183837890625, ""mape"": 9.707183837890625, ""mae"": 1.9893993139266968, ""val_loss"": 9.451642990112305, ""val_mape"": 9.451642990112305, ""val_mae"": 2.2194032669067383, ""lr"": 0.00010000000474974513, ""val_mae12"": 0.8364529609680176, ""val_me"": -1.9999378815621376, ""val_me12"": 0.24684653944923163, ""mape_2021"": 9.033424377441406, ""mae_2021"": 2.051438331604004, ""mae12_2021"": 0.8792911767959595, ""me_2021"": -1.8154968608012343, ""me12_2021"": -0.17996626097316606, ""epochs_trained"": 329}",2026-07-03T02:22:11.771128,completed,
3,MAPE,12,2,selu,2,16,0.05,51.47809982299805,11.03633975982666,7.9589924812316895,7.940180673135595,7.9514871298027,51.47809982299805,10.064889907836914,10.71595573425293,8.653541413109362,10.784537380750042,59.02402877807617,"{""loss"": 44.759952545166016, ""mape"": 44.759952545166016, ""mae"": 9.632022857666016, ""val_loss"": 51.47809982299805, ""val_mape"": 51.47809982299805, ""val_mae"": 11.03633975982666, ""lr"": 0.00010000000474974513, ""val_mae12"": 7.9589924812316895, ""val_me"": 7.940180673135595, ""val_me12"": 7.9514871298027, ""mape_2021"": 59.02402877807617, ""mae_2021"": 10.064889907836914, ""mae12_2021"": 10.71595573425293, ""me_2021"": 8.653541413109362, ""me12_2021"": 10.784537380750042, ""epochs_trained"": 119}",2026-07-03T02:22:22.971892,completed,
3,MAPE,12,2,selu,2,16,0.1,52.43406677246094,10.770127296447754,12.294485092163086,6.774903725227352,12.320541280329502,52.43406677246094,9.456068992614746,15.79154109954834,7.313066953960216,15.914524512416294,62.336463928222656,"{""loss"": 48.325164794921875, ""mape"": 48.325164794921875, ""mae"": 10.417102813720703, ""val_loss"": 52.43406677246094, ""val_mape"": 52.43406677246094, ""val_mae"": 10.770127296447754, ""lr"": 0.00010000000474974513, ""val_mae12"": 12.294485092163086, ""val_me"": 6.774903725227352, ""val_me12"": 12.320541280329502, ""mape_2021"": 62.336463928222656, ""mae_2021"": 9.456068992614746, ""mae12_2021"": 15.79154109954834, ""me_2021"": 7.313066953960216, ""me12_2021"": 15.914524512416294, ""epochs_trained"": 170}",2026-07-03T02:22:32.643632,completed,
3,MAPE,12,2,selu,2,16,0.3,71.1102523803711,13.751619338989258,24.210283279418945,5.828783696575583,24.256069657975942,71.1102523803711,10.902219772338867,29.152667999267578,6.195587895684113,29.347438274968063,82.65447998046875,"{""loss"": 67.15048217773438, ""mape"": 67.15048217773438, ""mae"": 15.676478385925293, ""val_loss"": 71.1102523803711, ""val_mape"": 71.1102523803711, ""val_mae"": 13.751619338989258, ""lr"": 0.00010000000474974513, ""val_mae12"": 24.210283279418945, ""val_me"": 5.828783696575583, ""val_me12"": 24.256069657975942, ""mape_2021"": 82.65447998046875, ""mae_2021"": 10.902219772338867, ""mae12_2021"": 29.152667999267578, ""me_2021"": 6.195587895684113, ""me12_2021"": 29.347438274968063, ""epochs_trained"": 111}",2026-07-03T02:22:39.236555,completed,
3,MAPE,12,2,selu,1,256,0.0,3.184558868408203,0.6514932513237,0.6562694907188416,0.16616817666528277,0.09227463743384241,3.184558868408203,0.5873699188232422,0.6079365015029907,0.13780089374665455,-0.0989018174552758,3.3091635704040527,"{""loss"": 2.673750638961792, ""mape"": 2.673750638961792, ""mae"": 0.5551988482475281, ""val_loss"": 3.184558868408203, ""val_mape"": 3.184558868408203, ""val_mae"": 0.6514932513237, ""lr"": 0.00010000000474974513, ""val_mae12"": 0.6562694907188416, ""val_me"": 0.16616817666528277, ""val_me12"": 0.09227463743384241, ""mape_2021"": 3.3091635704040527, ""mae_2021"": 0.5873699188232422, ""mae12_2021"": 0.6079365015029907, ""me_2021"": 0.13780089374665455, ""me12_2021"": -0.0989018174552758, ""epochs_trained"": 701}",2026-07-03T02:22:42.109748,completed,
3,MAPE,12,2,selu,1,256,0.3,50.17251968383789,10.287736892700195,9.850725173950195,8.058749261011727,8.86737671812162,50.17251968383789,10.425562858581543,12.6065034866333,8.778484543766815,11.654906044937453,62.250431060791016,"{""loss"": 61.32835388183594, ""mape"": 61.32835388183594, ""mae"": 14.153081893920898, ""val_loss"": 50.17251968383789, ""val_mape"": 50.17251968383789, ""val_mae"": 10.287736892700195, ""lr"": 1.0000000656873453e-05, ""val_mae12"": 9.850725173950195, ""val_me"": 8.058749261011727, ""val_me12"": 8.86737671812162, ""mape_2021"": 62.250431060791016, ""mae_2021"": 10.425562858581543, ""mae12_2021"": 12.6065034866333, ""me_2021"": 8.778484543766815, ""me12_2021"": 11.654906044937453, ""epochs_trained"": 706}",2026-07-03T02:22:54.201737,completed,
3,MAPE,12,2,selu,1,128,0.0,2.6071770191192627,0.4983642101287842,0.6500019431114197,0.05524811958880193,0.14357729113497866,2.6071770191192627,0.48699048161506653,0.6093103885650635,0.05352669374816736,-0.06976889710343055,2.9082958698272705,"{""loss"": 2.2924015522003174, ""mape"": 2.2924015522003174, ""mae"": 0.45824265480041504, ""val_loss"": 2.6071770191192627, ""val_mape"": 2.6071770191192627, ""val_mae"": 0.4983642101287842, ""lr"": 1.0000000656873453e-05, ""val_mae12"": 0.6500019431114197, ""val_me"": 0.05524811958880193, ""val_me12"": 0.14357729113497866, ""mape_2021"": 2.9082958698272705, ""mae_2021"": 0.48699048161506653, ""mae12_2021"": 0.6093103885650635, ""me_2021"": 0.05352669374816736, ""me12_2021"": -0.06976889710343055, ""epochs_trained"": 1305}",2026-07-03T02:23:06.712865,completed,
3,MAPE,12,2,selu,2,16,0.0,2.6205906867980957,0.49976426362991333,0.6665616035461426,0.07450733578009942,0.27182691045307,2.6205906867980957,0.495808482170105,0.6730384826660156,0.0800004525965173,-0.04089093513670403,3.0253398418426514,"{""loss"": 2.3769664764404297, ""mape"": 2.3769664764404297, ""mae"": 0.4711417555809021, ""val_loss"": 2.6205906867980957, ""val_mape"": 2.6205906867980957, ""val_mae"": 0.49976426362991333, ""lr"": 1.0000000656873453e-05, ""val_mae12"": 0.6665616035461426, ""val_me"": 0.07450733578009942, ""val_me12"": 0.27182691045307, ""mape_2021"": 3.0253398418426514, ""mae_2021"": 0.495808482170105, ""mae12_2021"": 0.6730384826660156, ""me_2021"": 0.0800004525965173, ""me12_2021"": -0.04089093513670403, ""epochs_trained"": 1867}",2026-07-03T02:23:30.173483,completed,
