run_num,model_type,lead_time,cycle,activation,num_layers,neurons,dropout,loss_value,val_mae,val_mae12,val_me,val_me12,val_mape,mae_2021,mae12_2021,me_2021,me12_2021,mape_2021,metrics,timestamp,status
1,MAPE,12,3,leaky_relu,3,128,0.3,2.83349347114563,0.5134299397468567,1.24972665309906,0.17258482070923345,0.8521653867196054,2.83349347114563,0.6117364764213562,1.023941993713379,0.31071445541043086,0.6052754559131182,3.9106993675231934,"{""loss"": 8.75881576538086, ""mape"": 8.75881576538086, ""mae"": 2.001281499862671, ""val_loss"": 2.83349347114563, ""val_mape"": 2.83349347114563, ""val_mae"": 0.5134299397468567, ""lr"": 1.0000000656873453e-05, ""val_mae12"": 1.24972665309906, ""val_me"": 0.17258482070923345, ""val_me12"": 0.8521653867196054, ""mape_2021"": 3.9106993675231934, ""mae_2021"": 0.6117364764213562, ""mae12_2021"": 1.023941993713379, ""me_2021"": 0.31071445541043086, ""me12_2021"": 0.6052754559131182, ""epochs_trained"": 356}",2026-07-02T04:53:47.032306,completed
1,MAPE,12,3,leaky_relu,3,64,0.3,3.7521464824676514,0.6800333261489868,1.6048372983932495,0.21604010957946893,1.2535202879093321,3.7521464824676514,0.7777978181838989,1.2309519052505493,0.40423622935252107,0.8696057625209341,4.8893890380859375,"{""loss"": 11.982040405273438, ""mape"": 11.982040405273438, ""mae"": 2.7795560359954834, ""val_loss"": 3.7521464824676514, ""val_mape"": 3.7521464824676514, ""val_mae"": 0.6800333261489868, ""lr"": 0.00010000000474974513, ""val_mae12"": 1.6048372983932495, ""val_me"": 0.21604010957946893, ""val_me12"": 1.2535202879093321, ""mape_2021"": 4.8893890380859375, ""mae_2021"": 0.7777978181838989, ""mae12_2021"": 1.2309519052505493, ""me_2021"": 0.40423622935252107, ""me12_2021"": 0.8696057625209341, ""epochs_trained"": 355}",2026-07-02T04:53:49.077085,completed
1,MAPE,12,3,leaky_relu,3,128,0.1,2.303877830505371,0.4280557632446289,0.875129759311676,0.0207363136836286,0.2854251355506333,2.303877830505371,0.4816339612007141,0.786919891834259,0.14543793350159606,0.2712346969887663,2.9634127616882324,"{""loss"": 5.458589553833008, ""mape"": 5.458589553833008, ""mae"": 1.2177296876907349, ""val_loss"": 2.303877830505371, ""val_mape"": 2.303877830505371, ""val_mae"": 0.4280557632446289, ""lr"": 1.0000000656873453e-05, ""val_mae12"": 0.875129759311676, ""val_me"": 0.0207363136836286, ""val_me12"": 0.2854251355506333, ""mape_2021"": 2.9634127616882324, ""mae_2021"": 0.4816339612007141, ""mae12_2021"": 0.786919891834259, ""me_2021"": 0.14543793350159606, ""me12_2021"": 0.2712346969887663, ""epochs_trained"": 393}",2026-07-02T04:53:49.543026,completed
1,MAPE,12,3,leaky_relu,3,128,0.05,2.3073740005493164,0.42367011308670044,0.9092965126037598,0.03325560076280609,0.40677546707031076,2.3073740005493164,0.47832340002059937,0.7630317211151123,0.12535455895976902,0.24440066659456544,2.9738781452178955,"{""loss"": 4.4884538650512695, ""mape"": 4.4884538650512695, ""mae"": 0.9717535972595215, ""val_loss"": 2.3073740005493164, ""val_mape"": 2.3073740005493164, ""val_mae"": 0.42367011308670044, ""lr"": 1.0000000656873453e-05, ""val_mae12"": 0.9092965126037598, ""val_me"": 0.03325560076280609, ""val_me12"": 0.40677546707031076, ""mape_2021"": 2.9738781452178955, ""mae_2021"": 0.47832340002059937, ""mae12_2021"": 0.7630317211151123, ""me_2021"": 0.12535455895976902, ""me12_2021"": 0.24440066659456544, ""epochs_trained"": 401}",2026-07-02T04:53:50.204493,completed
1,MAPE,12,3,leaky_relu,3,64,0.1,2.889768123626709,0.5215278267860413,1.2484171390533447,0.1003424425427234,0.813742058339331,2.889768123626709,0.5978016257286072,0.9927734732627869,0.22150185631459599,0.4999246860638309,3.6891207695007324,"{""loss"": 7.727981090545654, ""mape"": 7.727981090545654, ""mae"": 1.7314848899841309, ""val_loss"": 2.889768123626709, ""val_mape"": 2.889768123626709, ""val_mae"": 0.5215278267860413, ""lr"": 1.0000000656873453e-05, ""val_mae12"": 1.2484171390533447, ""val_me"": 0.1003424425427234, ""val_me12"": 0.813742058339331, ""mape_2021"": 3.6891207695007324, ""mae_2021"": 0.5978016257286072, ""mae12_2021"": 0.9927734732627869, ""me_2021"": 0.22150185631459599, ""me12_2021"": 0.4999246860638309, ""epochs_trained"": 390}",2026-07-02T04:53:51.127021,completed
1,MAPE,12,3,leaky_relu,3,64,0.05,2.301358222961426,0.42535117268562317,0.9376184940338135,0.016145471129302463,0.38486689792820955,2.301358222961426,0.4846055209636688,0.8028339147567749,0.14925683567695971,0.13995142824236378,2.9720821380615234,"{""loss"": 5.229108810424805, ""mape"": 5.229108810424805, ""mae"": 1.1606067419052124, ""val_loss"": 2.301358222961426, ""val_mape"": 2.301358222961426, ""val_mae"": 0.42535117268562317, ""lr"": 1.0000000656873453e-05, ""val_mae12"": 0.9376184940338135, ""val_me"": 0.016145471129302463, ""val_me12"": 0.38486689792820955, ""mape_2021"": 2.9720821380615234, ""mae_2021"": 0.4846055209636688, ""mae12_2021"": 0.8028339147567749, ""me_2021"": 0.14925683567695971, ""me12_2021"": 0.13995142824236378, ""epochs_trained"": 545}",2026-07-02T04:55:03.235527,completed
1,MAPE,12,3,leaky_relu,3,64,0.0,2.5345282554626465,0.486188143491745,0.8122919201850891,-0.16970825448250682,0.1408475296130788,2.5345282554626465,0.4867324233055115,0.668684184551239,-0.034006136262720796,0.00793221608334608,2.9531660079956055,"{""loss"": 2.3980133533477783, ""mape"": 2.3980133533477783, ""mae"": 0.47553062438964844, ""val_loss"": 2.5345282554626465, ""val_mape"": 2.5345282554626465, ""val_mae"": 0.486188143491745, ""lr"": 1.0000000656873453e-05, ""val_mae12"": 0.8122919201850891, ""val_me"": -0.16970825448250682, ""val_me12"": 0.1408475296130788, ""mape_2021"": 2.9531660079956055, ""mae_2021"": 0.4867324233055115, ""mae12_2021"": 0.668684184551239, ""me_2021"": -0.034006136262720796, ""me12_2021"": 0.00793221608334608, ""epochs_trained"": 695}",2026-07-02T04:55:36.189522,completed
1,MAPE,12,3,leaky_relu,3,256,0.1,2.411982774734497,0.43312954902648926,0.972212016582489,0.02935360753466732,0.4960765565160607,2.411982774734497,0.48755544424057007,0.8097859025001526,0.1338472622566418,0.35792315418362003,3.0885238647460938,"{""loss"": 4.81194543838501, ""mape"": 4.81194543838501, ""mae"": 1.040948510169983, ""val_loss"": 2.411982774734497, ""val_mape"": 2.411982774734497, ""val_mae"": 0.43312954902648926, ""lr"": 1.0000000656873453e-05, ""val_mae12"": 0.972212016582489, ""val_me"": 0.02935360753466732, ""val_me12"": 0.4960765565160607, ""mape_2021"": 3.0885238647460938, ""mae_2021"": 0.48755544424057007, ""mae12_2021"": 0.8097859025001526, ""me_2021"": 0.1338472622566418, ""me12_2021"": 0.35792315418362003, ""epochs_trained"": 276}",2026-07-02T04:55:53.095231,completed
1,MAPE,12,3,leaky_relu,3,256,0.0,2.420022964477539,0.4635576009750366,0.8134647607803345,-0.15598398073131378,0.19703191158653152,2.420022964477539,0.4588176906108856,0.7011036276817322,-0.008222220328511613,0.04693165847389174,2.8447563648223877,"{""loss"": 2.2381324768066406, ""mape"": 2.2381324768066406, ""mae"": 0.4481281340122223, ""val_loss"": 2.420022964477539, ""val_mape"": 2.420022964477539, ""val_mae"": 0.4635576009750366, ""lr"": 1.0000000656873453e-05, ""val_mae12"": 0.8134647607803345, ""val_me"": -0.15598398073131378, ""val_me12"": 0.19703191158653152, ""mape_2021"": 2.8447563648223877, ""mae_2021"": 0.4588176906108856, ""mae12_2021"": 0.7011036276817322, ""me_2021"": -0.008222220328511613, ""me12_2021"": 0.04693165847389174, ""epochs_trained"": 385}",2026-07-02T04:55:59.780920,completed
1,MAPE,12,3,leaky_relu,3,256,0.3,2.294898509979248,0.4226079285144806,0.958026647567749,0.057306257341147394,0.43893043324635145,2.294898509979248,0.48582056164741516,0.8008592128753662,0.19848027792036688,0.24703177580243396,2.976330280303955,"{""loss"": 6.36985445022583, ""mape"": 6.36985445022583, ""mae"": 1.4398860931396484, ""val_loss"": 2.294898509979248, ""val_mape"": 2.294898509979248, ""val_mae"": 0.4226079285144806, ""lr"": 1.0000000656873453e-05, ""val_mae12"": 0.958026647567749, ""val_me"": 0.057306257341147394, ""val_me12"": 0.43893043324635145, ""mape_2021"": 2.976330280303955, ""mae_2021"": 0.48582056164741516, ""mae12_2021"": 0.8008592128753662, ""me_2021"": 0.19848027792036688, ""me12_2021"": 0.24703177580243396, ""epochs_trained"": 332}",2026-07-02T04:56:01.520507,completed
1,MAPE,12,3,leaky_relu,3,256,0.05,2.298281669616699,0.4209582209587097,0.8590161800384521,-0.030050777149121348,0.33136895641483777,2.298281669616699,0.4607686698436737,0.7539927959442139,0.07347077001721933,0.2966644361226696,2.892548084259033,"{""loss"": 3.8036460876464844, ""mape"": 3.8036460876464844, ""mae"": 0.8040953874588013, ""val_loss"": 2.298281669616699, ""val_mape"": 2.298281669616699, ""val_mae"": 0.4209582209587097, ""lr"": 1.0000000656873453e-05, ""val_mae12"": 0.8590161800384521, ""val_me"": -0.030050777149121348, ""val_me12"": 0.33136895641483777, ""mape_2021"": 2.892548084259033, ""mae_2021"": 0.4607686698436737, ""mae12_2021"": 0.7539927959442139, ""me_2021"": 0.07347077001721933, ""me12_2021"": 0.2966644361226696, ""epochs_trained"": 373}",2026-07-02T04:56:02.709781,completed
1,MAPE,12,3,leaky_relu,3,128,0.0,2.4603657722473145,0.4719630777835846,0.7702182531356812,-0.16087417421865036,0.13110815246335733,2.4603657722473145,0.47459840774536133,0.7323369383811951,-0.022213756378122805,0.025342984210345972,2.9461371898651123,"{""loss"": 2.2360150814056396, ""mape"": 2.2360150814056396, ""mae"": 0.44878530502319336, ""val_loss"": 2.4603657722473145, ""val_mape"": 2.4603657722473145, ""val_mae"": 0.4719630777835846, ""lr"": 1.0000000656873453e-05, ""val_mae12"": 0.7702182531356812, ""val_me"": -0.16087417421865036, ""val_me12"": 0.13110815246335733, ""mape_2021"": 2.9461371898651123, ""mae_2021"": 0.47459840774536133, ""mae12_2021"": 0.7323369383811951, ""me_2021"": -0.022213756378122805, ""me12_2021"": 0.025342984210345972, ""epochs_trained"": 1119}",2026-07-02T04:56:15.354382,completed
1,MAPE,12,3,selu,1,16,0.3,43.97416687011719,8.354848861694336,18.043067932128906,5.160493429249547,18.131708569433805,43.97416687011719,10.114355087280273,18.468427658081055,6.778318895921823,18.518132573182445,66.94943237304688,"{""loss"": 59.27910232543945, ""mape"": 59.27910232543945, ""mae"": 13.36851692199707, ""val_loss"": 43.97416687011719, ""val_mape"": 43.97416687011719, ""val_mae"": 8.354848861694336, ""lr"": 0.00010000000474974513, ""val_mae12"": 18.043067932128906, ""val_me"": 5.160493429249547, ""val_me12"": 18.131708569433805, ""mape_2021"": 66.94943237304688, ""mae_2021"": 10.114355087280273, ""mae12_2021"": 18.468427658081055, ""me_2021"": 6.778318895921823, ""me12_2021"": 18.518132573182445, ""epochs_trained"": 285}",2026-07-02T04:56:17.041950,completed
1,MAPE,12,3,selu,1,16,0.1,17.18811798095703,3.9192216396331787,3.425607442855835,2.508398073450869,3.3893919706191267,17.18811798095703,3.8821518421173096,2.660370111465454,2.667092083474221,2.655798114818064,18.05417251586914,"{""loss"": 26.396507263183594, ""mape"": 26.396507263183594, ""mae"": 6.682843208312988, ""val_loss"": 17.18811798095703, ""val_mape"": 17.18811798095703, ""val_mae"": 3.9192216396331787, ""lr"": 0.00010000000474974513, ""val_mae12"": 3.425607442855835, ""val_me"": 2.508398073450869, ""val_me12"": 3.3893919706191267, ""mape_2021"": 18.05417251586914, ""mae_2021"": 3.8821518421173096, ""mae12_2021"": 2.660370111465454, ""me_2021"": 2.667092083474221, ""me12_2021"": 2.655798114818064, ""epochs_trained"": 998}",2026-07-02T04:56:41.028567,completed
1,MAPE,12,3,selu,1,16,0.05,8.72740364074707,1.9207841157913208,1.608926773071289,-1.0349519105825213,1.2204288058011306,8.72740364074707,1.7022716999053955,0.9500858783721924,-0.32253427334755125,0.48723521854430923,7.864110946655273,"{""loss"": 10.122496604919434, ""mape"": 10.122496604919434, ""mae"": 2.2278380393981934, ""val_loss"": 8.72740364074707, ""val_mape"": 8.72740364074707, ""val_mae"": 1.9207841157913208, ""lr"": 0.00010000000474974513, ""val_mae12"": 1.608926773071289, ""val_me"": -1.0349519105825213, ""val_me12"": 1.2204288058011306, ""mape_2021"": 7.864110946655273, ""mae_2021"": 1.7022716999053955, ""mae12_2021"": 0.9500858783721924, ""me_2021"": -0.32253427334755125, ""me12_2021"": 0.48723521854430923, ""epochs_trained"": 1240}",2026-07-02T04:56:46.290674,completed
1,MAPE,12,3,selu,1,16,0.0,3.1202962398529053,0.637342095375061,0.8736040592193604,-0.13742213061718997,0.31965339647480984,3.1202962398529053,0.6872687935829163,0.6785054206848145,0.18173414542483657,-0.11726020968230294,3.792909860610962,"{""loss"": 3.241130828857422, ""mape"": 3.241130828857422, ""mae"": 0.6849645376205444, ""val_loss"": 3.1202962398529053, ""val_mape"": 3.1202962398529053, ""val_mae"": 0.637342095375061, ""lr"": 0.00010000000474974513, ""val_mae12"": 0.8736040592193604, ""val_me"": -0.13742213061718997, ""val_me12"": 0.31965339647480984, ""mape_2021"": 3.792909860610962, ""mae_2021"": 0.6872687935829163, ""mae12_2021"": 0.6785054206848145, ""me_2021"": 0.18173414542483657, ""me12_2021"": -0.11726020968230294, ""epochs_trained"": 2477}",2026-07-02T04:57:17.670808,completed
1,MAPE,12,3,selu,1,64,0.1,47.22776794433594,9.419370651245117,13.363616943359375,6.520360667960429,13.31824334635403,47.22776794433594,10.236729621887207,13.431249618530273,8.323067909618015,12.843637756985155,63.45524215698242,"{""loss"": 48.53581237792969, ""mape"": 48.53581237792969, ""mae"": 9.91081714630127, ""val_loss"": 47.22776794433594, ""val_mape"": 47.22776794433594, ""val_mae"": 9.419370651245117, ""lr"": 0.00010000000474974513, ""val_mae12"": 13.363616943359375, ""val_me"": 6.520360667960429, ""val_me12"": 13.31824334635403, ""mape_2021"": 63.45524215698242, ""mae_2021"": 10.236729621887207, ""mae12_2021"": 13.431249618530273, ""me_2021"": 8.323067909618015, ""me12_2021"": 12.843637756985155, ""epochs_trained"": 166}",2026-07-02T04:57:42.518299,completed
1,MAPE,12,3,selu,1,32,0.1,50.203704833984375,9.905194282531738,13.633686065673828,6.642663863554536,13.581426579568616,50.203704833984375,11.122697830200195,14.67013168334961,8.143789037329233,14.647665859630322,68.93438720703125,"{""loss"": 51.3214225769043, ""mape"": 51.3214225769043, ""mae"": 10.789217948913574, ""val_loss"": 50.203704833984375, ""val_mape"": 50.203704833984375, ""val_mae"": 9.905194282531738, ""lr"": 0.00010000000474974513, ""val_mae12"": 13.633686065673828, ""val_me"": 6.642663863554536, ""val_me12"": 13.581426579568616, ""mape_2021"": 68.93438720703125, ""mae_2021"": 11.122697830200195, ""mae12_2021"": 14.67013168334961, ""me_2021"": 8.143789037329233, ""me12_2021"": 14.647665859630322, ""epochs_trained"": 170}",2026-07-02T04:57:42.687871,completed
1,MAPE,12,3,selu,1,64,0.3,52.10497283935547,10.418625831604004,19.411039352416992,5.803079590618842,19.49325490364619,52.10497283935547,10.546704292297363,19.899492263793945,7.420948422003927,19.860488846603978,71.20889282226562,"{""loss"": 56.00177764892578, ""mape"": 56.00177764892578, ""mae"": 12.040567398071289, ""val_loss"": 52.10497283935547, ""val_mape"": 52.10497283935547, ""val_mae"": 10.418625831604004, ""lr"": 0.00010000000474974513, ""val_mae12"": 19.411039352416992, ""val_me"": 5.803079590618842, ""val_me12"": 19.49325490364619, ""mape_2021"": 71.20889282226562, ""mae_2021"": 10.546704292297363, ""mae12_2021"": 19.899492263793945, ""me_2021"": 7.420948422003927, ""me12_2021"": 19.860488846603978, ""epochs_trained"": 175}",2026-07-02T04:57:43.156342,completed
1,MAPE,12,3,selu,1,32,0.05,41.676361083984375,8.20433235168457,12.822477340698242,5.644431182132786,12.792466161487722,41.676361083984375,9.79684829711914,12.498732566833496,7.5365205188295405,11.8177279821519,59.621070861816406,"{""loss"": 45.8761100769043, ""mape"": 45.8761100769043, ""mae"": 9.500901222229004, ""val_loss"": 41.676361083984375, ""val_mape"": 41.676361083984375, ""val_mae"": 8.20433235168457, ""lr"": 0.00010000000474974513, ""val_mae12"": 12.822477340698242, ""val_me"": 5.644431182132786, ""val_me12"": 12.792466161487722, ""mape_2021"": 59.621070861816406, ""mae_2021"": 9.79684829711914, ""mae12_2021"": 12.498732566833496, ""me_2021"": 7.5365205188295405, ""me12_2021"": 11.8177279821519, ""epochs_trained"": 209}",2026-07-02T04:57:44.509479,completed
1,MAPE,12,3,selu,1,32,0.3,42.220603942871094,8.1488676071167,18.187068939208984,5.083003389914531,18.263716459065122,42.220603942871094,9.774848937988281,17.611238479614258,6.939310495801826,17.4512140212606,64.10814666748047,"{""loss"": 57.29791259765625, ""mape"": 57.29791259765625, ""mae"": 12.764880180358887, ""val_loss"": 42.220603942871094, ""val_mape"": 42.220603942871094, ""val_mae"": 8.1488676071167, ""lr"": 0.00010000000474974513, ""val_mae12"": 18.187068939208984, ""val_me"": 5.083003389914531, ""val_me12"": 18.263716459065122, ""mape_2021"": 64.10814666748047, ""mae_2021"": 9.774848937988281, ""mae12_2021"": 17.611238479614258, ""me_2021"": 6.939310495801826, ""me12_2021"": 17.4512140212606, ""epochs_trained"": 225}",2026-07-02T04:57:45.773862,completed
1,MAPE,12,3,selu,1,128,0.1,45.5064582824707,9.030317306518555,12.788335800170898,6.468470364501712,12.68711429086563,45.5064582824707,10.163073539733887,12.933311462402344,8.329994501679623,12.101348511856523,62.844810485839844,"{""loss"": 46.33628845214844, ""mape"": 46.33628845214844, ""mae"": 9.42961597442627, ""val_loss"": 45.5064582824707, ""val_mape"": 45.5064582824707, ""val_mae"": 9.030317306518555, ""lr"": 0.00010000000474974513, ""val_mae12"": 12.788335800170898, ""val_me"": 6.468470364501712, ""val_me12"": 12.68711429086563, ""mape_2021"": 62.844810485839844, ""mae_2021"": 10.163073539733887, ""mae12_2021"": 12.933311462402344, ""me_2021"": 8.329994501679623, ""me12_2021"": 12.101348511856523, ""epochs_trained"": 139}",2026-07-02T04:58:01.960035,completed
1,MAPE,12,3,selu,1,128,0.3,56.8099365234375,11.64557933807373,18.874906539916992,5.957419382255945,18.972057631136128,56.8099365234375,10.404105186462402,19.153589248657227,7.7376005009466144,19.01942122560249,69.96791076660156,"{""loss"": 53.547157287597656, ""mape"": 53.547157287597656, ""mae"": 11.196203231811523, ""val_loss"": 56.8099365234375, ""val_mape"": 56.8099365234375, ""val_mae"": 11.64557933807373, ""lr"": 0.00010000000474974513, ""val_mae12"": 18.874906539916992, ""val_me"": 5.957419382255945, ""val_me12"": 18.972057631136128, ""mape_2021"": 69.96791076660156, ""mae_2021"": 10.404105186462402, ""mae12_2021"": 19.153589248657227, ""me_2021"": 7.7376005009466144, ""me12_2021"": 19.01942122560249, ""epochs_trained"": 132}",2026-07-02T04:58:03.445361,completed
1,MAPE,12,3,selu,1,64,0.05,10.060803413391113,2.210146903991699,3.1017074584960938,-1.8394012687412171,3.018284208197108,10.060803413391113,1.729638934135437,2.1165332794189453,-1.3190034090502438,2.1026185427921287,9.142278671264648,"{""loss"": 8.991347312927246, ""mape"": 8.991347312927246, ""mae"": 1.7022453546524048, ""val_loss"": 10.060803413391113, ""val_mape"": 10.060803413391113, ""val_mae"": 2.210146903991699, ""lr"": 0.00010000000474974513, ""val_mae12"": 3.1017074584960938, ""val_me"": -1.8394012687412171, ""val_me12"": 3.018284208197108, ""mape_2021"": 9.142278671264648, ""mae_2021"": 1.729638934135437, ""mae12_2021"": 2.1165332794189453, ""me_2021"": -1.3190034090502438, ""me12_2021"": 2.1026185427921287, ""epochs_trained"": 572}",2026-07-02T04:58:21.390090,completed
1,MAPE,12,3,selu,1,256,0.1,38.7806510925293,8.017352104187012,10.115111351013184,5.109295385989067,10.011069503047777,38.7806510925293,9.288300514221191,9.62778091430664,7.296865131534482,8.540624417346445,54.33390808105469,"{""loss"": 40.65791320800781, ""mape"": 40.65791320800781, ""mae"": 8.457009315490723, ""val_loss"": 38.7806510925293, ""val_mape"": 38.7806510925293, ""val_mae"": 8.017352104187012, ""lr"": 0.00010000000474974513, ""val_mae12"": 10.115111351013184, ""val_me"": 5.109295385989067, ""val_me12"": 10.011069503047777, ""mape_2021"": 54.33390808105469, ""mae_2021"": 9.288300514221191, ""mae12_2021"": 9.62778091430664, ""me_2021"": 7.296865131534482, ""me12_2021"": 8.540624417346445, ""epochs_trained"": 130}",2026-07-02T04:58:27.214028,completed
1,MAPE,12,3,selu,1,128,0.05,10.078225135803223,2.3402974605560303,1.6588484048843384,-2.082721485926114,0.9723066893866186,10.078225135803223,2.0213675498962402,1.0138421058654785,-1.6581828264695015,-0.03810973218905218,8.743217468261719,"{""loss"": 10.167548179626465, ""mape"": 10.167548179626465, ""mae"": 1.84799063205719, ""val_loss"": 10.078225135803223, ""val_mape"": 10.078225135803223, ""val_mae"": 2.3402974605560303, ""lr"": 0.00010000000474974513, ""val_mae12"": 1.6588484048843384, ""val_me"": -2.082721485926114, ""val_me12"": 0.9723066893866186, ""mape_2021"": 8.743217468261719, ""mae_2021"": 2.0213675498962402, ""mae12_2021"": 1.0138421058654785, ""me_2021"": -1.6581828264695015, ""me12_2021"": -0.03810973218905218, ""epochs_trained"": 405}",2026-07-02T04:58:29.786597,completed
1,MAPE,12,3,selu,1,256,0.05,10.22526741027832,2.3798060417175293,1.9893715381622314,-1.668941341072975,1.191705267879225,10.22526741027832,2.2273566722869873,1.2245181798934937,-0.7384786592356509,0.08149075727060386,9.843522071838379,"{""loss"": 12.228134155273438, ""mape"": 12.228134155273438, ""mae"": 2.3554961681365967, ""val_loss"": 10.22526741027832, ""val_mape"": 10.22526741027832, ""val_mae"": 2.3798060417175293, ""lr"": 0.00010000000474974513, ""val_mae12"": 1.9893715381622314, ""val_me"": -1.668941341072975, ""val_me12"": 1.191705267879225, ""mape_2021"": 9.843522071838379, ""mae_2021"": 2.2273566722869873, ""mae12_2021"": 1.2245181798934937, ""me_2021"": -0.7384786592356509, ""me12_2021"": 0.08149075727060386, ""epochs_trained"": 257}",2026-07-02T04:58:36.590766,completed
1,MAPE,12,3,selu,1,256,0.3,52.01124572753906,11.0870361328125,15.662410736083984,4.341265505814408,15.733279888982869,52.01124572753906,8.975542068481445,14.750243186950684,6.544073475567898,14.225398130144846,57.94804763793945,"{""loss"": 47.68030548095703, ""mape"": 47.68030548095703, ""mae"": 9.775718688964844, ""val_loss"": 52.01124572753906, ""val_mape"": 52.01124572753906, ""val_mae"": 11.0870361328125, ""lr"": 0.00010000000474974513, ""val_mae12"": 15.662410736083984, ""val_me"": 4.341265505814408, ""val_me12"": 15.733279888982869, ""mape_2021"": 57.94804763793945, ""mae_2021"": 8.975542068481445, ""mae12_2021"": 14.750243186950684, ""me_2021"": 6.544073475567898, ""me12_2021"": 14.225398130144846, ""epochs_trained"": 131}",2026-07-02T04:58:40.094343,completed
1,MAPE,12,3,selu,1,128,0.0,2.560650110244751,0.5078108310699463,0.8385693430900574,-0.09673791219797584,0.21472567298952996,2.560650110244751,0.5098502039909363,0.6748204231262207,0.03706886901204394,-0.1895537696684351,3.064979314804077,"{""loss"": 2.565904378890991, ""mape"": 2.565904378890991, ""mae"": 0.5196530818939209, ""val_loss"": 2.560650110244751, ""val_mape"": 2.560650110244751, ""val_mae"": 0.5078108310699463, ""lr"": 1.0000000656873453e-05, ""val_mae12"": 0.8385693430900574, ""val_me"": -0.09673791219797584, ""val_me12"": 0.21472567298952996, ""mape_2021"": 3.064979314804077, ""mae_2021"": 0.5098502039909363, ""mae12_2021"": 0.6748204231262207, ""me_2021"": 0.03706886901204394, ""me12_2021"": -0.1895537696684351, ""epochs_trained"": 1154}",2026-07-02T04:59:09.268306,completed
1,MAPE,12,3,selu,1,256,0.0,2.575653076171875,0.5139147639274597,0.7703254818916321,-0.12924845775752014,0.07690103827858231,2.575653076171875,0.5148553252220154,0.6460450887680054,0.052089622222170326,-0.20792721324104463,3.0370895862579346,"{""loss"": 2.454796314239502, ""mape"": 2.454796314239502, ""mae"": 0.5053845643997192, ""val_loss"": 2.575653076171875, ""val_mape"": 2.575653076171875, ""val_mae"": 0.5139147639274597, ""lr"": 1.0000000656873453e-05, ""val_mae12"": 0.7703254818916321, ""val_me"": -0.12924845775752014, ""val_me12"": 0.07690103827858231, ""mape_2021"": 3.0370895862579346, ""mae_2021"": 0.5148553252220154, ""mae12_2021"": 0.6460450887680054, ""me_2021"": 0.052089622222170326, ""me12_2021"": -0.20792721324104463, ""epochs_trained"": 1090}",2026-07-02T04:59:10.053086,completed
1,MAPE,12,3,selu,1,32,0.0,2.917773723602295,0.5737371444702148,0.9004501104354858,-0.17340436515950639,0.42280817980124574,2.917773723602295,0.5744008421897888,0.6567670106887817,0.012023087998342638,-0.0020499502800631906,3.3606722354888916,"{""loss"": 2.9570159912109375, ""mape"": 2.9570159912109375, ""mae"": 0.6024172306060791, ""val_loss"": 2.917773723602295, ""val_mape"": 2.917773723602295, ""val_mae"": 0.5737371444702148, ""lr"": 0.00010000000474974513, ""val_mae12"": 0.9004501104354858, ""val_me"": -0.17340436515950639, ""val_me12"": 0.42280817980124574, ""mape_2021"": 3.3606722354888916, ""mae_2021"": 0.5744008421897888, ""mae12_2021"": 0.6567670106887817, ""me_2021"": 0.012023087998342638, ""me12_2021"": -0.0020499502800631906, ""epochs_trained"": 1720}",2026-07-02T04:59:18.876566,completed
1,MAPE,12,3,selu,1,64,0.0,2.8018407821655273,0.5387441515922546,0.9124370217323303,-0.15706231348819524,0.4236992643947317,2.8018407821655273,0.5560635328292847,0.6574780344963074,-0.021946708952940774,0.016105889979947993,3.2720425128936768,"{""loss"": 2.8472626209259033, ""mape"": 2.8472626209259033, ""mae"": 0.5727301836013794, ""val_loss"": 2.8018407821655273, ""val_mape"": 2.8018407821655273, ""val_mae"": 0.5387441515922546, ""lr"": 0.00010000000474974513, ""val_mae12"": 0.9124370217323303, ""val_me"": -0.15706231348819524, ""val_me12"": 0.4236992643947317, ""mape_2021"": 3.2720425128936768, ""mae_2021"": 0.5560635328292847, ""mae12_2021"": 0.6574780344963074, ""me_2021"": -0.021946708952940774, ""me12_2021"": 0.016105889979947993, ""epochs_trained"": 1809}",2026-07-02T04:59:21.872118,completed
1,MAPE,12,3,selu,2,32,0.1,50.74607849121094,11.18345832824707,13.335199356079102,5.648674931696693,13.419237010638094,50.74607849121094,9.551923751831055,14.279022216796875,7.139280006638142,14.394640639130225,60.16072463989258,"{""loss"": 45.887142181396484, ""mape"": 45.887142181396484, ""mae"": 9.864450454711914, ""val_loss"": 50.74607849121094, ""val_mape"": 50.74607849121094, ""val_mae"": 11.18345832824707, ""lr"": 0.00010000000474974513, ""val_mae12"": 13.335199356079102, ""val_me"": 5.648674931696693, ""val_me12"": 13.419237010638094, ""mape_2021"": 60.16072463989258, ""mae_2021"": 9.551923751831055, ""mae12_2021"": 14.279022216796875, ""me_2021"": 7.139280006638142, ""me12_2021"": 14.394640639130225, ""epochs_trained"": 92}",2026-07-02T04:59:40.118043,completed
1,MAPE,12,3,selu,2,32,0.3,60.7713623046875,12.356478691101074,27.99085807800293,2.114188773398414,28.095391193816507,60.7713623046875,9.44150447845459,29.445335388183594,3.298367617556851,29.615117915508428,76.07896423339844,"{""loss"": 58.11946105957031, ""mape"": 58.11946105957031, ""mae"": 13.37105941772461, ""val_loss"": 60.7713623046875, ""val_mape"": 60.7713623046875, ""val_mae"": 12.356478691101074, ""lr"": 0.00010000000474974513, ""val_mae12"": 27.99085807800293, ""val_me"": 2.114188773398414, ""val_me12"": 28.095391193816507, ""mape_2021"": 76.07896423339844, ""mae_2021"": 9.44150447845459, ""mae12_2021"": 29.445335388183594, ""me_2021"": 3.298367617556851, ""me12_2021"": 29.615117915508428, ""epochs_trained"": 116}",2026-07-02T04:59:41.229462,completed
1,MAPE,12,3,selu,2,16,0.1,47.5561637878418,10.380748748779297,14.296906471252441,4.9201049420423555,14.383840981328563,47.5561637878418,9.29114055633545,15.335988998413086,6.3162744188355715,15.45464898616468,59.21110534667969,"{""loss"": 47.78703689575195, ""mape"": 47.78703689575195, ""mae"": 10.439299583435059, ""val_loss"": 47.5561637878418, ""val_mape"": 47.5561637878418, ""val_mae"": 10.380748748779297, ""lr"": 0.00010000000474974513, ""val_mae12"": 14.296906471252441, ""val_me"": 4.9201049420423555, ""val_me12"": 14.383840981328563, ""mape_2021"": 59.21110534667969, ""mae_2021"": 9.29114055633545, ""mae12_2021"": 15.335988998413086, ""me_2021"": 6.3162744188355715, ""me12_2021"": 15.45464898616468, ""epochs_trained"": 142}",2026-07-02T04:59:42.416833,completed
1,MAPE,12,3,selu,2,32,0.05,38.67831039428711,8.322569847106934,10.188908576965332,5.395640592079424,10.25713695140794,38.67831039428711,8.725789070129395,10.841965675354004,6.743926531247896,10.9287873829223,52.46400833129883,"{""loss"": 39.764686584472656, ""mape"": 39.764686584472656, ""mae"": 8.563468933105469, ""val_loss"": 38.67831039428711, ""val_mape"": 38.67831039428711, ""val_mae"": 8.322569847106934, ""lr"": 0.00010000000474974513, ""val_mae12"": 10.188908576965332, ""val_me"": 5.395640592079424, ""val_me12"": 10.25713695140794, ""mape_2021"": 52.46400833129883, ""mae_2021"": 8.725789070129395, ""mae12_2021"": 10.841965675354004, ""me_2021"": 6.743926531247896, ""me12_2021"": 10.9287873829223, ""epochs_trained"": 95}",2026-07-02T04:59:44.091233,completed
1,MAPE,12,3,selu,2,16,0.3,42.567901611328125,8.269670486450195,24.169525146484375,0.6488161374244265,24.25131172647726,42.567901611328125,7.749733924865723,23.930681228637695,2.227699706599148,24.054821892174918,61.83114242553711,"{""loss"": 58.48739242553711, ""mape"": 58.48739242553711, ""mae"": 13.746321678161621, ""val_loss"": 42.567901611328125, ""val_mape"": 42.567901611328125, ""val_mae"": 8.269670486450195, ""lr"": 0.00010000000474974513, ""val_mae12"": 24.169525146484375, ""val_me"": 0.6488161374244265, ""val_me12"": 24.25131172647726, ""mape_2021"": 61.83114242553711, ""mae_2021"": 7.749733924865723, ""mae12_2021"": 23.930681228637695, ""me_2021"": 2.227699706599148, ""me12_2021"": 24.054821892174918, ""epochs_trained"": 213}",2026-07-02T04:59:46.685783,completed
1,MAPE,12,3,selu,2,64,0.1,52.7452392578125,12.023641586303711,15.67159366607666,5.5730882694441055,15.759419601898056,52.7452392578125,9.758339881896973,16.705076217651367,6.988643682385473,16.833853345484155,63.52989959716797,"{""loss"": 43.63615417480469, ""mape"": 43.63615417480469, ""mae"": 9.4478178024292, ""val_loss"": 52.7452392578125, ""val_mape"": 52.7452392578125, ""val_mae"": 12.023641586303711, ""lr"": 0.00010000000474974513, ""val_mae12"": 15.67159366607666, ""val_me"": 5.5730882694441055, ""val_me12"": 15.759419601898056, ""mape_2021"": 63.52989959716797, ""mae_2021"": 9.758339881896973, ""mae12_2021"": 16.705076217651367, ""me_2021"": 6.988643682385473, ""me12_2021"": 16.833853345484155, ""epochs_trained"": 68}",2026-07-02T04:59:52.910626,completed
1,MAPE,12,3,selu,2,64,0.3,94.7685546875,21.410804748535156,12.086738586425781,21.836183520719278,12.165595149397054,94.7685546875,22.440576553344727,13.148964881896973,20.8682268218861,13.232416898269957,102.49584197998047,"{""loss"": 88.32630920410156, ""mape"": 88.32630920410156, ""mae"": 22.389976501464844, ""val_loss"": 94.7685546875, ""val_mape"": 94.7685546875, ""val_mae"": 21.410804748535156, ""lr"": 0.00010000000474974513, ""val_mae12"": 12.086738586425781, ""val_me"": 21.836183520719278, ""val_me12"": 12.165595149397054, ""mape_2021"": 102.49584197998047, ""mae_2021"": 22.440576553344727, ""mae12_2021"": 13.148964881896973, ""me_2021"": 20.8682268218861, ""me12_2021"": 13.232416898269957, ""epochs_trained"": 36}",2026-07-02T04:59:52.989147,completed
1,MAPE,12,3,selu,2,64,0.05,26.59123420715332,5.922548294067383,4.9573564529418945,0.39311505032177774,4.390808281650561,26.59123420715332,6.110419750213623,3.154057264328003,2.637482116327153,2.640052992177015,28.072364807128906,"{""loss"": 27.94229507446289, ""mape"": 27.94229507446289, ""mae"": 6.102615833282471, ""val_loss"": 26.59123420715332, ""val_mape"": 26.59123420715332, ""val_mae"": 5.922548294067383, ""lr"": 0.00010000000474974513, ""val_mae12"": 4.9573564529418945, ""val_me"": 0.39311505032177774, ""val_me12"": 4.390808281650561, ""mape_2021"": 28.072364807128906, ""mae_2021"": 6.110419750213623, ""mae12_2021"": 3.154057264328003, ""me_2021"": 2.637482116327153, ""me12_2021"": 2.640052992177015, ""epochs_trained"": 97}",2026-07-02T04:59:53.150244,completed
1,MAPE,12,3,selu,2,128,0.3,95.09477996826172,22.343685150146484,8.933279037475586,22.983436336750835,8.992830840343556,95.09477996826172,23.0253849029541,9.823144912719727,21.96391323365555,9.895771337034034,100.76764678955078,"{""loss"": 89.02519226074219, ""mape"": 89.02519226074219, ""mae"": 22.8386173248291, ""val_loss"": 95.09477996826172, ""val_mape"": 95.09477996826172, ""val_mae"": 22.343685150146484, ""lr"": 0.00010000000474974513, ""val_mae12"": 8.933279037475586, ""val_me"": 22.983436336750835, ""val_me12"": 8.992830840343556, ""mape_2021"": 100.76764678955078, ""mae_2021"": 23.0253849029541, ""mae12_2021"": 9.823144912719727, ""me_2021"": 21.96391323365555, ""me12_2021"": 9.895771337034034, ""epochs_trained"": 30}",2026-07-02T05:00:04.682529,completed
1,MAPE,12,3,selu,2,128,0.05,30.309982299804688,6.6603498458862305,4.994356155395508,-0.5328727914253268,1.2994897692394245,30.309982299804688,6.644296646118164,4.1607747077941895,1.9911594314549526,-1.1587066592968123,32.357303619384766,"{""loss"": 25.32427978515625, ""mape"": 25.32427978515625, ""mae"": 5.622281074523926, ""val_loss"": 30.309982299804688, ""val_mape"": 30.309982299804688, ""val_mae"": 6.6603498458862305, ""lr"": 0.00010000000474974513, ""val_mae12"": 4.994356155395508, ""val_me"": -0.5328727914253268, ""val_me12"": 1.2994897692394245, ""mape_2021"": 32.357303619384766, ""mae_2021"": 6.644296646118164, ""mae12_2021"": 4.1607747077941895, ""me_2021"": 1.9911594314549526, ""me12_2021"": -1.1587066592968123, ""epochs_trained"": 76}",2026-07-02T05:00:06.886470,completed
1,MAPE,12,3,selu,2,128,0.1,51.56410217285156,11.642223358154297,12.323775291442871,2.8493919689643996,12.367431778039563,51.56410217285156,7.664350509643555,11.80307674407959,4.608766689056941,11.855044386159,46.17588806152344,"{""loss"": 30.255857467651367, ""mape"": 30.255857467651367, ""mae"": 6.537405014038086, ""val_loss"": 51.56410217285156, ""val_mape"": 51.56410217285156, ""val_mae"": 11.642223358154297, ""lr"": 0.00010000000474974513, ""val_mae12"": 12.323775291442871, ""val_me"": 2.8493919689643996, ""val_me12"": 12.367431778039563, ""mape_2021"": 46.17588806152344, ""mae_2021"": 7.664350509643555, ""mae12_2021"": 11.80307674407959, ""me_2021"": 4.608766689056941, ""me12_2021"": 11.855044386159, ""epochs_trained"": 63}",2026-07-02T05:00:08.367249,completed
1,MAPE,12,3,selu,2,64,0.0,2.470165491104126,0.46962833404541016,1.0045260190963745,-0.08232897078024774,0.5133311533193071,2.470165491104126,0.5307732224464417,0.7022112607955933,0.061840206767625014,0.039119619875240604,3.2411556243896484,"{""loss"": 2.47322154045105, ""mape"": 2.47322154045105, ""mae"": 0.4884515106678009, ""val_loss"": 2.470165491104126, ""val_mape"": 2.470165491104126, ""val_mae"": 0.46962833404541016, ""lr"": 1.0000000656873453e-05, ""val_mae12"": 1.0045260190963745, ""val_me"": -0.08232897078024774, ""val_me12"": 0.5133311533193071, ""mape_2021"": 3.2411556243896484, ""mae_2021"": 0.5307732224464417, ""mae12_2021"": 0.7022112607955933, ""me_2021"": 0.061840206767625014, ""me12_2021"": 0.039119619875240604, ""epochs_trained"": 532}",2026-07-02T05:00:19.837322,completed
1,MAPE,12,3,selu,2,128,0.0,2.3890345096588135,0.46069368720054626,0.8870115876197815,-0.1063508488624865,0.1862218581410721,2.3890345096588135,0.5073114037513733,0.7304099202156067,0.03750308875317362,-0.22520718601174436,3.1051220893859863,"{""loss"": 2.3397574424743652, ""mape"": 2.3397574424743652, ""mae"": 0.4671820104122162, ""val_loss"": 2.3890345096588135, ""val_mape"": 2.3890345096588135, ""val_mae"": 0.46069368720054626, ""lr"": 1.0000000656873453e-05, ""val_mae12"": 0.8870115876197815, ""val_me"": -0.1063508488624865, ""val_me12"": 0.1862218581410721, ""mape_2021"": 3.1051220893859863, ""mae_2021"": 0.5073114037513733, ""mae12_2021"": 0.7304099202156067, ""me_2021"": 0.03750308875317362, ""me12_2021"": -0.22520718601174436, ""epochs_trained"": 436}",2026-07-02T05:00:21.534787,completed
1,MAPE,12,3,selu,2,32,0.0,2.3977904319763184,0.45673084259033203,0.9109534621238708,-0.07362249529867282,0.25303668489706094,2.3977904319763184,0.4908977448940277,0.6428402066230774,0.06955832463517224,-0.05778565369981919,2.8922102451324463,"{""loss"": 2.3541975021362305, ""mape"": 2.3541975021362305, ""mae"": 0.46895867586135864, ""val_loss"": 2.3977904319763184, ""val_mape"": 2.3977904319763184, ""val_mae"": 0.45673084259033203, ""lr"": 0.00010000000474974513, ""val_mae12"": 0.9109534621238708, ""val_me"": -0.07362249529867282, ""val_me12"": 0.25303668489706094, ""mape_2021"": 2.8922102451324463, ""mae_2021"": 0.4908977448940277, ""mae12_2021"": 0.6428402066230774, ""me_2021"": 0.06955832463517224, ""me12_2021"": -0.05778565369981919, ""epochs_trained"": 944}",2026-07-02T05:00:27.611347,completed
1,MAPE,12,3,selu,2,16,0.0,2.6357345581054688,0.5157598257064819,0.8777061700820923,-0.09445434470256,0.33199681284386806,2.6357345581054688,0.5753212571144104,0.7302464246749878,0.09690073515680742,-0.15306861390001855,3.3970601558685303,"{""loss"": 2.704446315765381, ""mape"": 2.704446315765381, ""mae"": 0.5407664775848389, ""val_loss"": 2.6357345581054688, ""val_mape"": 2.6357345581054688, ""val_mae"": 0.5157598257064819, ""lr"": 0.00010000000474974513, ""val_mae12"": 0.8777061700820923, ""val_me"": -0.09445434470256, ""val_me12"": 0.33199681284386806, ""mape_2021"": 3.3970601558685303, ""mae_2021"": 0.5753212571144104, ""mae12_2021"": 0.7302464246749878, ""me_2021"": 0.09690073515680742, ""me12_2021"": -0.15306861390001855, ""epochs_trained"": 1075}",2026-07-02T05:00:31.734101,completed
1,MAPE,12,3,selu,2,16,0.05,19.86621856689453,4.564856052398682,4.510936260223389,-0.514904897530424,4.499800292247853,19.86621856689453,5.2109599113464355,3.13859486579895,1.4785173834206597,3.104896069934583,24.26259994506836,"{""loss"": 28.332164764404297, ""mape"": 28.332164764404297, ""mae"": 6.561721324920654, ""val_loss"": 19.86621856689453, ""val_mape"": 19.86621856689453, ""val_mae"": 4.564856052398682, ""lr"": 1.0000000656873453e-05, ""val_mae12"": 4.510936260223389, ""val_me"": -0.514904897530424, ""val_me12"": 4.499800292247853, ""mape_2021"": 24.26259994506836, ""mae_2021"": 5.2109599113464355, ""mae12_2021"": 3.13859486579895, ""me_2021"": 1.4785173834206597, ""me12_2021"": 3.104896069934583, ""epochs_trained"": 1360}",2026-07-02T05:00:42.280726,completed
1,MAPE,12,3,selu,2,256,0.05,35.492149353027344,7.641183376312256,4.283468246459961,3.3953377267404212,4.146864512862402,35.492149353027344,6.85082483291626,3.058962821960449,5.349658223946075,2.782965438491277,32.46175003051758,"{""loss"": 23.302059173583984, ""mape"": 23.302059173583984, ""mae"": 4.895106315612793, ""val_loss"": 35.492149353027344, ""val_mape"": 35.492149353027344, ""val_mae"": 7.641183376312256, ""lr"": 0.00010000000474974513, ""val_mae12"": 4.283468246459961, ""val_me"": 3.3953377267404212, ""val_me12"": 4.146864512862402, ""mape_2021"": 32.46175003051758, ""mae_2021"": 6.85082483291626, ""mae12_2021"": 3.058962821960449, ""me_2021"": 5.349658223946075, ""me12_2021"": 2.782965438491277, ""epochs_trained"": 53}",2026-07-02T05:01:10.210816,completed
1,MAPE,12,3,selu,2,256,0.1,58.0992317199707,12.268754959106445,7.035974502563477,3.2768121226766596,7.002801961805935,58.0992317199707,6.850925445556641,5.325564384460449,5.139617393409764,5.098386796811311,33.40215301513672,"{""loss"": 28.48832893371582, ""mape"": 28.48832893371582, ""mae"": 5.6907525062561035, ""val_loss"": 58.0992317199707, ""val_mape"": 58.0992317199707, ""val_mae"": 12.268754959106445, ""lr"": 0.00010000000474974513, ""val_mae12"": 7.035974502563477, ""val_me"": 3.2768121226766596, ""val_me12"": 7.002801961805935, ""mape_2021"": 33.40215301513672, ""mae_2021"": 6.850925445556641, ""mae12_2021"": 5.325564384460449, ""me_2021"": 5.139617393409764, ""me12_2021"": 5.098386796811311, ""epochs_trained"": 54}",2026-07-02T05:01:10.380859,completed
1,MAPE,12,3,selu,2,256,0.3,167.27294921875,38.20148849487305,22.269258499145508,-4.473194212590007,22.23217887973803,167.27294921875,9.670536994934082,18.03462028503418,-2.0259994726923365,17.962917440725203,61.09760284423828,"{""loss"": 35.35291290283203, ""mape"": 35.35291290283203, ""mae"": 7.2995829582214355, ""val_loss"": 167.27294921875, ""val_mape"": 167.27294921875, ""val_mae"": 38.20148849487305, ""lr"": 0.00010000000474974513, ""val_mae12"": 22.269258499145508, ""val_me"": -4.473194212590007, ""val_me12"": 22.23217887973803, ""mape_2021"": 61.09760284423828, ""mae_2021"": 9.670536994934082, ""mae12_2021"": 18.03462028503418, ""me_2021"": -2.0259994726923365, ""me12_2021"": 17.962917440725203, ""epochs_trained"": 63}",2026-07-02T05:01:10.995572,completed
1,MAPE,12,3,selu,3,16,0.05,39.895870208740234,8.481772422790527,9.23327922821045,5.803336759041374,9.306562041639486,39.895870208740234,8.892745971679688,9.917398452758789,7.089585657085187,9.844254958666646,53.48143768310547,"{""loss"": 44.317588806152344, ""mape"": 44.317588806152344, ""mae"": 9.588147163391113, ""val_loss"": 39.895870208740234, ""val_mape"": 39.895870208740234, ""val_mae"": 8.481772422790527, ""lr"": 0.00010000000474974513, ""val_mae12"": 9.23327922821045, ""val_me"": 5.803336759041374, ""val_me12"": 9.306562041639486, ""mape_2021"": 53.48143768310547, ""mae_2021"": 8.892745971679688, ""mae12_2021"": 9.917398452758789, ""me_2021"": 7.089585657085187, ""me12_2021"": 9.844254958666646, ""epochs_trained"": 92}",2026-07-02T05:01:12.677133,completed
1,MAPE,12,3,selu,3,16,0.3,78.82015228271484,14.13501262664795,41.46173095703125,-0.5782142179856219,41.597364446772,78.82015228271484,11.203113555908203,44.27792739868164,0.09409753891071915,44.49840699658742,102.42826843261719,"{""loss"": 68.90396881103516, ""mape"": 68.90396881103516, ""mae"": 16.44574546813965, ""val_loss"": 78.82015228271484, ""val_mape"": 78.82015228271484, ""val_mae"": 14.13501262664795, ""lr"": 0.00010000000474974513, ""val_mae12"": 41.46173095703125, ""val_me"": -0.5782142179856219, ""val_me12"": 41.597364446772, ""mape_2021"": 102.42826843261719, ""mae_2021"": 11.203113555908203, ""mae12_2021"": 44.27792739868164, ""me_2021"": 0.09409753891071915, ""me12_2021"": 44.49840699658742, ""epochs_trained"": 121}",2026-07-02T05:01:15.137182,completed
1,MAPE,12,3,selu,3,16,0.1,41.22049331665039,9.716053009033203,12.851791381835938,1.8851919677561286,12.910006986191776,41.22049331665039,6.321832180023193,13.173746109008789,3.144159803129908,13.23864866101472,42.35116195678711,"{""loss"": 37.382843017578125, ""mape"": 37.382843017578125, ""mae"": 8.522099494934082, ""val_loss"": 41.22049331665039, ""val_mape"": 41.22049331665039, ""val_mae"": 9.716053009033203, ""lr"": 0.00010000000474974513, ""val_mae12"": 12.851791381835938, ""val_me"": 1.8851919677561286, ""val_me12"": 12.910006986191776, ""mape_2021"": 42.35116195678711, ""mae_2021"": 6.321832180023193, ""mae12_2021"": 13.173746109008789, ""me_2021"": 3.144159803129908, ""me12_2021"": 13.23864866101472, ""epochs_trained"": 150}",2026-07-02T05:01:17.201602,completed
1,MAPE,12,3,selu,3,32,0.3,93.01637268066406,20.411409378051758,13.456123352050781,19.878107479873034,13.524693099254689,93.01637268066406,21.37476921081543,14.229949951171875,19.347528887657063,14.324981032956039,97.60187530517578,"{""loss"": 87.3471908569336, ""mape"": 87.3471908569336, ""mae"": 22.135637283325195, ""val_loss"": 93.01637268066406, ""val_mape"": 93.01637268066406, ""val_mae"": 20.411409378051758, ""lr"": 0.00010000000474974513, ""val_mae12"": 13.456123352050781, ""val_me"": 19.878107479873034, ""val_me12"": 13.524693099254689, ""mape_2021"": 97.60187530517578, ""mae_2021"": 21.37476921081543, ""mae12_2021"": 14.229949951171875, ""me_2021"": 19.347528887657063, ""me12_2021"": 14.324981032956039, ""epochs_trained"": 44}",2026-07-02T05:01:24.499890,completed
1,MAPE,12,3,selu,3,32,0.1,63.201847076416016,15.09908676147461,16.64983558654785,3.2444989554650117,16.73237920561862,63.201847076416016,8.067911148071289,17.517925262451172,4.598371922137466,17.632350357852108,56.07761001586914,"{""loss"": 42.11151123046875, ""mape"": 42.11151123046875, ""mae"": 9.297943115234375, ""val_loss"": 63.201847076416016, ""val_mape"": 63.201847076416016, ""val_mae"": 15.09908676147461, ""lr"": 0.00010000000474974513, ""val_mae12"": 16.64983558654785, ""val_me"": 3.2444989554650117, ""val_me12"": 16.73237920561862, ""mape_2021"": 56.07761001586914, ""mae_2021"": 8.067911148071289, ""mae12_2021"": 17.517925262451172, ""me_2021"": 4.598371922137466, ""me12_2021"": 17.632350357852108, ""epochs_trained"": 79}",2026-07-02T05:01:24.850489,completed
1,MAPE,12,3,selu,3,32,0.05,36.05003356933594,8.185163497924805,10.696928977966309,4.11973343526419,10.766042994080694,36.05003356933594,6.893807888031006,11.251749992370605,5.2698513008611405,11.338822434603676,45.07085037231445,"{""loss"": 33.22043228149414, ""mape"": 33.22043228149414, ""mae"": 7.122679233551025, ""val_loss"": 36.05003356933594, ""val_mape"": 36.05003356933594, ""val_mae"": 8.185163497924805, ""lr"": 0.00010000000474974513, ""val_mae12"": 10.696928977966309, ""val_me"": 4.11973343526419, ""val_me12"": 10.766042994080694, ""mape_2021"": 45.07085037231445, ""mae_2021"": 6.893807888031006, ""mae12_2021"": 11.251749992370605, ""me_2021"": 5.2698513008611405, ""me12_2021"": 11.338822434603676, ""epochs_trained"": 87}",2026-07-02T05:01:25.559145,completed
1,MAPE,12,3,selu,2,256,0.0,2.732292890548706,0.5644881725311279,0.8114917278289795,-0.1575238772491559,0.08553961794955821,2.732292890548706,0.5448079705238342,0.6074702143669128,0.06660598097365361,-0.2034311694516027,3.110288143157959,"{""loss"": 2.577064275741577, ""mape"": 2.577064275741577, ""mae"": 0.5346125960350037, ""val_loss"": 2.732292890548706, ""val_mape"": 2.732292890548706, ""val_mae"": 0.5644881725311279, ""lr"": 1.0000000656873453e-05, ""val_mae12"": 0.8114917278289795, ""val_me"": -0.1575238772491559, ""val_me12"": 0.08553961794955821, ""mape_2021"": 3.110288143157959, ""mae_2021"": 0.5448079705238342, ""mae12_2021"": 0.6074702143669128, ""me_2021"": 0.06660598097365361, ""me12_2021"": -0.2034311694516027, ""epochs_trained"": 278}",2026-07-02T05:01:27.343680,completed
1,MAPE,12,3,selu,3,64,0.05,30.711322784423828,7.324280261993408,8.855143547058105,3.286883453944699,8.902451823188212,30.711322784423828,6.435328960418701,8.302937507629395,4.844112626430771,8.347013174641525,37.442161560058594,"{""loss"": 25.54330062866211, ""mape"": 25.54330062866211, ""mae"": 5.766543865203857, ""val_loss"": 30.711322784423828, ""val_mape"": 30.711322784423828, ""val_mae"": 7.324280261993408, ""lr"": 0.00010000000474974513, ""val_mae12"": 8.855143547058105, ""val_me"": 3.286883453944699, ""val_me12"": 8.902451823188212, ""mape_2021"": 37.442161560058594, ""mae_2021"": 6.435328960418701, ""mae12_2021"": 8.302937507629395, ""me_2021"": 4.844112626430771, ""me12_2021"": 8.347013174641525, ""epochs_trained"": 63}",2026-07-02T05:01:29.904961,completed
1,MAPE,12,3,selu,3,64,0.3,126.35936737060547,25.792016983032227,11.513293266296387,21.758276784868904,11.592788170783674,126.35936737060547,22.397377014160156,12.598956108093262,20.8382922343861,12.690628770582714,100.97595977783203,"{""loss"": 87.68253326416016, ""mape"": 87.68253326416016, ""mae"": 22.38580322265625, ""val_loss"": 126.35936737060547, ""val_mape"": 126.35936737060547, ""val_mae"": 25.792016983032227, ""lr"": 0.00010000000474974513, ""val_mae12"": 11.513293266296387, ""val_me"": 21.758276784868904, ""val_me12"": 11.592788170783674, ""mape_2021"": 100.97595977783203, ""mae_2021"": 22.397377014160156, ""mae12_2021"": 12.598956108093262, ""me_2021"": 20.8382922343861, ""me12_2021"": 12.690628770582714, ""epochs_trained"": 33}",2026-07-02T05:01:32.694324,completed
1,MAPE,12,3,selu,3,64,0.1,59.527565002441406,14.743880271911621,15.41251277923584,2.357230212122243,15.469310200102134,59.527565002441406,7.64746618270874,15.725805282592773,3.675203577621877,15.804319045315799,51.106285095214844,"{""loss"": 33.56332778930664, ""mape"": 33.56332778930664, ""mae"": 7.617581367492676, ""val_loss"": 59.527565002441406, ""val_mape"": 59.527565002441406, ""val_mae"": 14.743880271911621, ""lr"": 0.00010000000474974513, ""val_mae12"": 15.41251277923584, ""val_me"": 2.357230212122243, ""val_me12"": 15.469310200102134, ""mape_2021"": 51.106285095214844, ""mae_2021"": 7.64746618270874, ""mae12_2021"": 15.725805282592773, ""me_2021"": 3.675203577621877, ""me12_2021"": 15.804319045315799, ""epochs_trained"": 62}",2026-07-02T05:01:33.764031,completed
1,MAPE,12,3,selu,3,64,0.0,2.3784971237182617,0.46160757541656494,0.9406089186668396,-0.08493201038222303,0.3819345669864432,2.3784971237182617,0.49382343888282776,0.755853533744812,0.07237654154678272,-0.13226360591494987,3.1163671016693115,"{""loss"": 2.3679187297821045, ""mape"": 2.3679187297821045, ""mae"": 0.46812498569488525, ""val_loss"": 2.3784971237182617, ""val_mape"": 2.3784971237182617, ""val_mae"": 0.46160757541656494, ""lr"": 1.0000000656873453e-05, ""val_mae12"": 0.9406089186668396, ""val_me"": -0.08493201038222303, ""val_me12"": 0.3819345669864432, ""mape_2021"": 3.1163671016693115, ""mae_2021"": 0.49382343888282776, ""mae12_2021"": 0.755853533744812, ""me_2021"": 0.07237654154678272, ""me12_2021"": -0.13226360591494987, ""epochs_trained"": 280}",2026-07-02T05:01:38.133839,completed
1,MAPE,12,3,selu,3,32,0.0,2.4481537342071533,0.4739748537540436,0.9244053959846497,-0.08419259636728901,0.25138340905834866,2.4481537342071533,0.5212980508804321,0.716156542301178,0.06925846654179389,-0.1393497505544739,3.2211239337921143,"{""loss"": 2.486759662628174, ""mape"": 2.486759662628174, ""mae"": 0.49166277050971985, ""val_loss"": 2.4481537342071533, ""val_mape"": 2.4481537342071533, ""val_mae"": 0.4739748537540436, ""lr"": 0.00010000000474974513, ""val_mae12"": 0.9244053959846497, ""val_me"": -0.08419259636728901, ""val_me12"": 0.25138340905834866, ""mape_2021"": 3.2211239337921143, ""mae_2021"": 0.5212980508804321, ""mae12_2021"": 0.716156542301178, ""me_2021"": 0.06925846654179389, ""me12_2021"": -0.1393497505544739, ""epochs_trained"": 424}",2026-07-02T05:01:40.148045,completed
1,MAPE,12,3,selu,3,16,0.0,2.4561057090759277,0.47268521785736084,0.8647311925888062,-0.0998729985030508,0.15735798568665374,2.4561057090759277,0.5031245946884155,0.6467607021331787,0.03693197141291083,-0.1918603580419615,2.983243703842163,"{""loss"": 2.4417083263397217, ""mape"": 2.4417083263397217, ""mae"": 0.48237344622612, ""val_loss"": 2.4561057090759277, ""val_mape"": 2.4561057090759277, ""val_mae"": 0.47268521785736084, ""lr"": 0.00010000000474974513, ""val_mae12"": 0.8647311925888062, ""val_me"": -0.0998729985030508, ""val_me12"": 0.15735798568665374, ""mape_2021"": 2.983243703842163, ""mae_2021"": 0.5031245946884155, ""mae12_2021"": 0.6467607021331787, ""me_2021"": 0.03693197141291083, ""me12_2021"": -0.1918603580419615, ""epochs_trained"": 761}",2026-07-02T05:01:46.113038,completed
1,MAPE,12,3,selu,3,128,0.3,124.53827667236328,26.517532348632812,6.79405403137207,23.510076272716073,6.8389305853108855,124.53827667236328,23.284975051879883,7.330387115478516,22.52360765793866,7.376131761111104,97.9068832397461,"{""loss"": 87.05690002441406, ""mape"": 87.05690002441406, ""mae"": 22.50250816345215, ""val_loss"": 124.53827667236328, ""val_mape"": 124.53827667236328, ""val_mae"": 26.517532348632812, ""lr"": 0.00010000000474974513, ""val_mae12"": 6.79405403137207, ""val_me"": 23.510076272716073, ""val_me12"": 6.8389305853108855, ""mape_2021"": 97.9068832397461, ""mae_2021"": 23.284975051879883, ""mae12_2021"": 7.330387115478516, ""me_2021"": 22.52360765793866, ""me12_2021"": 7.376131761111104, ""epochs_trained"": 29}",2026-07-02T05:02:18.190693,completed
1,MAPE,12,3,selu,3,256,0.3,123.113525390625,24.230737686157227,4.5797505378723145,23.65556571035112,4.172790096818121,123.113525390625,23.273279190063477,5.1955766677856445,22.77363743642958,4.817869613825782,98.6839370727539,"{""loss"": 81.57772827148438, ""mape"": 81.57772827148438, ""mae"": 21.30318832397461, ""val_loss"": 123.113525390625, ""val_mape"": 123.113525390625, ""val_mae"": 24.230737686157227, ""lr"": 0.00010000000474974513, ""val_mae12"": 4.5797505378723145, ""val_me"": 23.65556571035112, ""val_me12"": 4.172790096818121, ""mape_2021"": 98.6839370727539, ""mae_2021"": 23.273279190063477, ""mae12_2021"": 5.1955766677856445, ""me_2021"": 22.77363743642958, ""me12_2021"": 4.817869613825782, ""epochs_trained"": 26}",2026-07-02T05:02:18.878633,completed
1,MAPE,12,3,selu,3,128,0.05,40.73226547241211,9.105724334716797,9.380687713623047,3.079731859643341,9.41326776537874,40.73226547241211,6.511044025421143,8.951271057128906,4.6354064336238645,8.992219138182485,38.6249885559082,"{""loss"": 23.395198822021484, ""mape"": 23.395198822021484, ""mae"": 4.901943206787109, ""val_loss"": 40.73226547241211, ""val_mape"": 40.73226547241211, ""val_mae"": 9.105724334716797, ""lr"": 0.00010000000474974513, ""val_mae12"": 9.380687713623047, ""val_me"": 3.079731859643341, ""val_me12"": 9.41326776537874, ""mape_2021"": 38.6249885559082, ""mae_2021"": 6.511044025421143, ""mae12_2021"": 8.951271057128906, ""me_2021"": 4.6354064336238645, ""me12_2021"": 8.992219138182485, ""epochs_trained"": 48}",2026-07-02T05:02:19.270923,completed
1,MAPE,12,3,selu,3,128,0.1,71.81379699707031,16.14017677307129,13.370135307312012,2.284169501284036,13.412895347804731,71.81379699707031,6.708479404449463,13.106863021850586,3.5973476863148925,13.158188894096961,43.87504577636719,"{""loss"": 28.00727081298828, ""mape"": 28.00727081298828, ""mae"": 5.791961669921875, ""val_loss"": 71.81379699707031, ""val_mape"": 71.81379699707031, ""val_mae"": 16.14017677307129, ""lr"": 0.00010000000474974513, ""val_mae12"": 13.370135307312012, ""val_me"": 2.284169501284036, ""val_me12"": 13.412895347804731, ""mape_2021"": 43.87504577636719, ""mae_2021"": 6.708479404449463, ""mae12_2021"": 13.106863021850586, ""me_2021"": 3.5973476863148925, ""me12_2021"": 13.158188894096961, ""epochs_trained"": 48}",2026-07-02T05:02:19.601037,completed
1,MAPE,12,3,selu,3,256,0.05,38.43711471557617,8.415607452392578,10.762690544128418,0.5776001449452587,10.775360826345167,38.43711471557617,5.668639659881592,9.71660041809082,2.2630840866288775,9.728008819104957,34.86249923706055,"{""loss"": 18.339637756347656, ""mape"": 18.339637756347656, ""mae"": 3.790844202041626, ""val_loss"": 38.43711471557617, ""val_mape"": 38.43711471557617, ""val_mae"": 8.415607452392578, ""lr"": 0.00010000000474974513, ""val_mae12"": 10.762690544128418, ""val_me"": 0.5776001449452587, ""val_me12"": 10.775360826345167, ""mape_2021"": 34.86249923706055, ""mae_2021"": 5.668639659881592, ""mae12_2021"": 9.71660041809082, ""me_2021"": 2.2630840866288775, ""me12_2021"": 9.728008819104957, ""epochs_trained"": 41}",2026-07-02T05:02:19.960161,completed
1,MAPE,12,3,selu,3,256,0.1,68.38075256347656,15.571036338806152,9.976587295532227,-2.6092623864994584,9.059118775002528,68.38075256347656,6.111810207366943,6.963094711303711,-0.3291796517277455,5.999527188896642,32.814537048339844,"{""loss"": 22.07508659362793, ""mape"": 22.07508659362793, ""mae"": 4.554632663726807, ""val_loss"": 68.38075256347656, ""val_mape"": 68.38075256347656, ""val_mae"": 15.571036338806152, ""lr"": 0.00010000000474974513, ""val_mae12"": 9.976587295532227, ""val_me"": -2.6092623864994584, ""val_me12"": 9.059118775002528, ""mape_2021"": 32.814537048339844, ""mae_2021"": 6.111810207366943, ""mae12_2021"": 6.963094711303711, ""me_2021"": -0.3291796517277455, ""me12_2021"": 5.999527188896642, ""epochs_trained"": 43}",2026-07-02T05:02:20.439827,completed
1,MAPE,12,3,selu,3,256,0.0,2.949484348297119,0.6158770322799683,0.8890112042427063,-0.20436963584272347,0.2865385726062056,2.949484348297119,0.5872039198875427,0.6582092046737671,0.04053917747385808,-0.09822420694490196,3.436216354370117,"{""loss"": 2.7983553409576416, ""mape"": 2.7983553409576416, ""mae"": 0.580847442150116, ""val_loss"": 2.949484348297119, ""val_mape"": 2.949484348297119, ""val_mae"": 0.6158770322799683, ""lr"": 1.0000000656873453e-05, ""val_mae12"": 0.8890112042427063, ""val_me"": -0.20436963584272347, ""val_me12"": 0.2865385726062056, ""mape_2021"": 3.436216354370117, ""mae_2021"": 0.5872039198875427, ""mae12_2021"": 0.6582092046737671, ""me_2021"": 0.04053917747385808, ""me12_2021"": -0.09822420694490196, ""epochs_trained"": 130}",2026-07-02T05:02:25.320848,completed
1,MAPE,12,3,selu,3,128,0.0,2.3906404972076416,0.46001166105270386,0.9166373014450073,-0.027253625019192367,0.24655846443038515,2.3906404972076416,0.4998150169849396,0.7239295840263367,0.11391399934790043,-0.20829574863896386,3.0885674953460693,"{""loss"": 2.3439598083496094, ""mape"": 2.3439598083496094, ""mae"": 0.46232226490974426, ""val_loss"": 2.3906404972076416, ""val_mape"": 2.3906404972076416, ""val_mae"": 0.46001166105270386, ""lr"": 0.00010000000474974513, ""val_mae12"": 0.9166373014450073, ""val_me"": -0.027253625019192367, ""val_me12"": 0.24655846443038515, ""mape_2021"": 3.0885674953460693, ""mae_2021"": 0.4998150169849396, ""mae12_2021"": 0.7239295840263367, ""me_2021"": 0.11391399934790043, ""me12_2021"": -0.20829574863896386, ""epochs_trained"": 269}",2026-07-02T05:02:30.353620,completed
2,MAPE,12,3,leaky_relu,3,128,0.05,2.341222047805786,0.4371778666973114,0.8927317261695862,0.0644778332972042,0.2777545062353734,2.341222047805786,0.4963209927082062,0.8623213768005371,0.16713919143349673,0.20947425546792864,3.082214117050171,"{""loss"": 4.458264350891113, ""mape"": 4.458264350891113, ""mae"": 0.9631719589233398, ""val_loss"": 2.341222047805786, ""val_mape"": 2.341222047805786, ""val_mae"": 0.4371778666973114, ""lr"": 0.00010000000474974513, ""val_mae12"": 0.8927317261695862, ""val_me"": 0.0644778332972042, ""val_me12"": 0.2777545062353734, ""mape_2021"": 3.082214117050171, ""mae_2021"": 0.4963209927082062, ""mae12_2021"": 0.8623213768005371, ""me_2021"": 0.16713919143349673, ""me12_2021"": 0.20947425546792864, ""epochs_trained"": 350}",2026-07-03T03:26:57.636394,completed
2,MAPE,12,3,leaky_relu,3,64,0.3,3.4586074352264404,0.6263622641563416,1.6219943761825562,0.2524385733312404,1.3119968764996903,3.4586074352264404,0.7315965890884399,1.2090020179748535,0.4266515154032757,0.9228252401324935,4.42395544052124,"{""loss"": 11.43330192565918, ""mape"": 11.43330192565918, ""mae"": 2.6481106281280518, ""val_loss"": 3.4586074352264404, ""val_mape"": 3.4586074352264404, ""val_mae"": 0.6263622641563416, ""lr"": 0.00010000000474974513, ""val_mae12"": 1.6219943761825562, ""val_me"": 0.2524385733312404, ""val_me12"": 1.3119968764996903, ""mape_2021"": 4.42395544052124, ""mae_2021"": 0.7315965890884399, ""mae12_2021"": 1.2090020179748535, ""me_2021"": 0.4266515154032757, ""me12_2021"": 0.9228252401324935, ""epochs_trained"": 380}",2026-07-03T03:27:00.035998,completed
2,MAPE,12,3,leaky_relu,3,64,0.05,2.5678555965423584,0.47687360644340515,1.042815923690796,0.0012630377243821574,0.40263653725548354,2.5678555965423584,0.4937416613101959,0.8581375479698181,0.1346011457987885,0.1584565175377709,3.1244359016418457,"{""loss"": 5.375274181365967, ""mape"": 5.375274181365967, ""mae"": 1.1947448253631592, ""val_loss"": 2.5678555965423584, ""val_mape"": 2.5678555965423584, ""val_mae"": 0.47687360644340515, ""lr"": 0.00010000000474974513, ""val_mae12"": 1.042815923690796, ""val_me"": 0.0012630377243821574, ""val_me12"": 0.40263653725548354, ""mape_2021"": 3.1244359016418457, ""mae_2021"": 0.4937416613101959, ""mae12_2021"": 0.8581375479698181, ""me_2021"": 0.1346011457987885, ""me12_2021"": 0.1584565175377709, ""epochs_trained"": 437}",2026-07-03T03:27:07.791997,completed
2,MAPE,12,3,leaky_relu,3,128,0.0,2.413393974304199,0.465126633644104,0.838657796382904,-0.16362153218681805,0.19976958102732048,2.413393974304199,0.450344055891037,0.7045572996139526,-0.025194087027680737,0.04204755329815817,2.8498525619506836,"{""loss"": 2.158569812774658, ""mape"": 2.158569812774658, ""mae"": 0.43608343601226807, ""val_loss"": 2.413393974304199, ""val_mape"": 2.413393974304199, ""val_mae"": 0.465126633644104, ""lr"": 1.0000000656873453e-05, ""val_mae12"": 0.838657796382904, ""val_me"": -0.16362153218681805, ""val_me12"": 0.19976958102732048, ""mape_2021"": 2.8498525619506836, ""mae_2021"": 0.450344055891037, ""mae12_2021"": 0.7045572996139526, ""me_2021"": -0.025194087027680737, ""me12_2021"": 0.04204755329815817, ""epochs_trained"": 515}",2026-07-03T03:27:15.488358,completed
2,MAPE,12,3,leaky_relu,3,64,0.1,2.456120729446411,0.43644198775291443,1.0961017608642578,0.045337896470575005,0.5895040406290871,2.456120729446411,0.4939756989479065,0.7974832057952881,0.1845746434491009,0.36988876647811736,3.119091033935547,"{""loss"": 6.372525691986084, ""mape"": 6.372525691986084, ""mae"": 1.4512040615081787, ""val_loss"": 2.456120729446411, ""val_mape"": 2.456120729446411, ""val_mae"": 0.43644198775291443, ""lr"": 1.0000000656873453e-05, ""val_mae12"": 1.0961017608642578, ""val_me"": 0.045337896470575005, ""val_me12"": 0.5895040406290871, ""mape_2021"": 3.119091033935547, ""mae_2021"": 0.4939756989479065, ""mae12_2021"": 0.7974832057952881, ""me_2021"": 0.1845746434491009, ""me12_2021"": 0.36988876647811736, ""epochs_trained"": 565}",2026-07-03T03:27:25.522724,completed
2,MAPE,12,3,leaky_relu,3,64,0.0,2.659522294998169,0.5038561820983887,0.8970242142677307,-0.13252636458614012,0.3087383419364242,2.659522294998169,0.5147606730461121,0.7093806862831116,-0.0024038685546236113,-0.05522237185272414,3.070185661315918,"{""loss"": 2.5366382598876953, ""mape"": 2.5366382598876953, ""mae"": 0.49947455525398254, ""val_loss"": 2.659522294998169, ""val_mape"": 2.659522294998169, ""val_mae"": 0.5038561820983887, ""lr"": 1.0000000656873453e-05, ""val_mae12"": 0.8970242142677307, ""val_me"": -0.13252636458614012, ""val_me12"": 0.3087383419364242, ""mape_2021"": 3.070185661315918, ""mae_2021"": 0.5147606730461121, ""mae12_2021"": 0.7093806862831116, ""me_2021"": -0.0024038685546236113, ""me12_2021"": -0.05522237185272414, ""epochs_trained"": 751}",2026-07-03T03:28:11.496764,completed
2,MAPE,12,3,leaky_relu,3,128,0.3,2.656583547592163,0.4898803234100342,0.9927875995635986,0.08674561787132651,0.5797013081032848,2.656583547592163,0.5585314631462097,0.8667097091674805,0.2526355373116999,0.49965602681984994,3.461613178253174,"{""loss"": 8.678735733032227, ""mape"": 8.678735733032227, ""mae"": 1.980695366859436, ""val_loss"": 2.656583547592163, ""val_mape"": 2.656583547592163, ""val_mae"": 0.4898803234100342, ""lr"": 0.00010000000474974513, ""val_mae12"": 0.9927875995635986, ""val_me"": 0.08674561787132651, ""val_me12"": 0.5797013081032848, ""mape_2021"": 3.461613178253174, ""mae_2021"": 0.5585314631462097, ""mae12_2021"": 0.8667097091674805, ""me_2021"": 0.2526355373116999, ""me12_2021"": 0.49965602681984994, ""epochs_trained"": 333}",2026-07-03T03:28:18.274223,completed
2,MAPE,12,3,leaky_relu,3,128,0.1,2.3473105430603027,0.42911040782928467,0.9597380757331848,0.021778355755991897,0.4903156372436456,2.3473105430603027,0.48925697803497314,0.8464520573616028,0.13736942824510967,0.40249087487222357,3.107876777648926,"{""loss"": 5.501018047332764, ""mape"": 5.501018047332764, ""mae"": 1.2141413688659668, ""val_loss"": 2.3473105430603027, ""val_mape"": 2.3473105430603027, ""val_mae"": 0.42911040782928467, ""lr"": 1.0000000656873453e-05, ""val_mae12"": 0.9597380757331848, ""val_me"": 0.021778355755991897, ""val_me12"": 0.4903156372436456, ""mape_2021"": 3.107876777648926, ""mae_2021"": 0.48925697803497314, ""mae12_2021"": 0.8464520573616028, ""me_2021"": 0.13736942824510967, ""me12_2021"": 0.40249087487222357, ""epochs_trained"": 369}",2026-07-03T03:28:19.234387,completed
2,MAPE,12,3,leaky_relu,3,256,0.05,2.30849027633667,0.4275965690612793,0.8668309450149536,-0.054506903235627194,0.34612986497198533,2.30849027633667,0.4666290879249573,0.7978225350379944,0.05817713927300421,0.2943405087993702,2.9903087615966797,"{""loss"": 3.7396738529205322, ""mape"": 3.7396738529205322, ""mae"": 0.7882657051086426, ""val_loss"": 2.30849027633667, ""val_mape"": 2.30849027633667, ""val_mae"": 0.4275965690612793, ""lr"": 1.0000000656873453e-05, ""val_mae12"": 0.8668309450149536, ""val_me"": -0.054506903235627194, ""val_me12"": 0.34612986497198533, ""mape_2021"": 2.9903087615966797, ""mae_2021"": 0.4666290879249573, ""mae12_2021"": 0.7978225350379944, ""me_2021"": 0.05817713927300421, ""me12_2021"": 0.2943405087993702, ""epochs_trained"": 325}",2026-07-03T03:29:00.891703,completed
2,MAPE,12,3,leaky_relu,3,256,0.1,2.148059844970703,0.3962959349155426,0.799615740776062,0.007531088475950514,0.2194635735141346,2.148059844970703,0.4450712203979492,0.7421711683273315,0.12199193962958639,0.13554763166074338,2.8533377647399902,"{""loss"": 4.164138317108154, ""mape"": 4.164138317108154, ""mae"": 0.9068447947502136, ""val_loss"": 2.148059844970703, ""val_mape"": 2.148059844970703, ""val_mae"": 0.3962959349155426, ""lr"": 1.0000000656873453e-05, ""val_mae12"": 0.799615740776062, ""val_me"": 0.007531088475950514, ""val_me12"": 0.2194635735141346, ""mape_2021"": 2.8533377647399902, ""mae_2021"": 0.4450712203979492, ""mae12_2021"": 0.7421711683273315, ""me_2021"": 0.12199193962958639, ""me12_2021"": 0.13554763166074338, ""epochs_trained"": 375}",2026-07-03T03:29:17.828785,completed
2,MAPE,12,3,leaky_relu,3,256,0.3,2.2364795207977295,0.4123411774635315,0.7386800050735474,0.06433429934394434,-0.03266264288970251,2.2364795207977295,0.4844679832458496,0.8243167400360107,0.21092757758274103,-0.11976947747606431,3.049410581588745,"{""loss"": 6.434386253356934, ""mape"": 6.434386253356934, ""mae"": 1.4524774551391602, ""val_loss"": 2.2364795207977295, ""val_mape"": 2.2364795207977295, ""val_mae"": 0.4123411774635315, ""lr"": 0.00010000000474974513, ""val_mae12"": 0.7386800050735474, ""val_me"": 0.06433429934394434, ""val_me12"": -0.03266264288970251, ""mape_2021"": 3.049410581588745, ""mae_2021"": 0.4844679832458496, ""mae12_2021"": 0.8243167400360107, ""me_2021"": 0.21092757758274103, ""me12_2021"": -0.11976947747606431, ""epochs_trained"": 306}",2026-07-03T03:29:25.642107,completed
2,MAPE,12,3,leaky_relu,3,256,0.0,2.3612186908721924,0.4465188682079315,0.7987735867500305,-0.12909151919114567,0.2029481009585864,2.3612186908721924,0.46028926968574524,0.6797530651092529,-0.0005137776192256658,0.06566422334264213,2.8230061531066895,"{""loss"": 2.1519129276275635, ""mape"": 2.1519129276275635, ""mae"": 0.4384615123271942, ""val_loss"": 2.3612186908721924, ""val_mape"": 2.3612186908721924, ""val_mae"": 0.4465188682079315, ""lr"": 1.0000000656873453e-05, ""val_mae12"": 0.7987735867500305, ""val_me"": -0.12909151919114567, ""val_me12"": 0.2029481009585864, ""mape_2021"": 2.8230061531066895, ""mae_2021"": 0.46028926968574524, ""mae12_2021"": 0.6797530651092529, ""me_2021"": -0.0005137776192256658, ""me12_2021"": 0.06566422334264213, ""epochs_trained"": 781}",2026-07-03T03:29:36.040224,completed
2,MAPE,12,3,selu,1,16,0.1,45.69071578979492,8.956974029541016,13.84404468536377,5.988337738530708,13.89415320127396,45.69071578979492,10.459972381591797,14.363683700561523,7.642003530815485,14.283101063341515,64.83780670166016,"{""loss"": 50.66511917114258, ""mape"": 50.66511917114258, ""mae"": 10.818888664245605, ""val_loss"": 45.69071578979492, ""val_mape"": 45.69071578979492, ""val_mae"": 8.956974029541016, ""lr"": 0.00010000000474974513, ""val_mae12"": 13.84404468536377, ""val_me"": 5.988337738530708, ""val_me12"": 13.89415320127396, ""mape_2021"": 64.83780670166016, ""mae_2021"": 10.459972381591797, ""mae12_2021"": 14.363683700561523, ""me_2021"": 7.642003530815485, ""me12_2021"": 14.283101063341515, ""epochs_trained"": 249}",2026-07-03T03:29:56.135839,completed
2,MAPE,12,3,selu,1,16,0.3,38.62566375732422,7.265988349914551,18.39263153076172,4.130987263962279,18.475774716346418,38.62566375732422,9.149166107177734,17.569398880004883,5.9218261414917945,17.561879790749323,61.253631591796875,"{""loss"": 56.561737060546875, ""mape"": 56.561737060546875, ""mae"": 12.818015098571777, ""val_loss"": 38.62566375732422, ""val_mape"": 38.62566375732422, ""val_mae"": 7.265988349914551, ""lr"": 0.00010000000474974513, ""val_mae12"": 18.39263153076172, ""val_me"": 4.130987263962279, ""val_me12"": 18.475774716346418, ""mape_2021"": 61.253631591796875, ""mae_2021"": 9.149166107177734, ""mae12_2021"": 17.569398880004883, ""me_2021"": 5.9218261414917945, ""me12_2021"": 17.561879790749323, ""epochs_trained"": 389}",2026-07-03T03:30:01.816309,completed
2,MAPE,12,3,selu,1,32,0.1,40.191951751708984,7.952635765075684,13.078309059143066,5.549764701746674,13.115309399108751,40.191951751708984,9.403060913085938,12.521867752075195,7.388330522669093,11.966357887049025,57.56791687011719,"{""loss"": 46.96920394897461, ""mape"": 46.96920394897461, ""mae"": 9.75221061706543, ""val_loss"": 40.191951751708984, ""val_mape"": 40.191951751708984, ""val_mae"": 7.952635765075684, ""lr"": 0.00010000000474974513, ""val_mae12"": 13.078309059143066, ""val_me"": 5.549764701746674, ""val_me12"": 13.115309399108751, ""mape_2021"": 57.56791687011719, ""mae_2021"": 9.403060913085938, ""mae12_2021"": 12.521867752075195, ""me_2021"": 7.388330522669093, ""me12_2021"": 11.966357887049025, ""epochs_trained"": 224}",2026-07-03T03:30:08.731686,completed
2,MAPE,12,3,selu,1,32,0.3,35.861083984375,6.7179388999938965,17.913759231567383,2.782961178966306,17.976132921847075,35.861083984375,8.469681739807129,16.174026489257812,4.918880806997207,15.783759872928321,56.15388107299805,"{""loss"": 53.94644546508789, ""mape"": 53.94644546508789, ""mae"": 12.070953369140625, ""val_loss"": 35.861083984375, ""val_mape"": 35.861083984375, ""val_mae"": 6.7179388999938965, ""lr"": 0.00010000000474974513, ""val_mae12"": 17.913759231567383, ""val_me"": 2.782961178966306, ""val_me12"": 17.976132921847075, ""mape_2021"": 56.15388107299805, ""mae_2021"": 8.469681739807129, ""mae12_2021"": 16.174026489257812, ""me_2021"": 4.918880806997207, ""me12_2021"": 15.783759872928321, ""epochs_trained"": 319}",2026-07-03T03:30:18.554819,completed
2,MAPE,12,3,selu,1,32,0.05,9.367451667785645,2.052941083908081,2.653688907623291,-1.3627808805030803,2.4332650403512965,9.367451667785645,1.7466589212417603,1.7229305505752563,-0.6469315685635271,1.6161801756902474,9.125513076782227,"{""loss"": 9.2731294631958, ""mape"": 9.2731294631958, ""mae"": 1.9578063488006592, ""val_loss"": 9.367451667785645, ""val_mape"": 9.367451667785645, ""val_mae"": 2.052941083908081, ""lr"": 0.00010000000474974513, ""val_mae12"": 2.653688907623291, ""val_me"": -1.3627808805030803, ""val_me12"": 2.4332650403512965, ""mape_2021"": 9.125513076782227, ""mae_2021"": 1.7466589212417603, ""mae12_2021"": 1.7229305505752563, ""me_2021"": -0.6469315685635271, ""me12_2021"": 1.6161801756902474, ""epochs_trained"": 823}",2026-07-03T03:30:19.755482,completed
2,MAPE,12,3,selu,1,64,0.1,53.27656936645508,10.524064064025879,13.645697593688965,7.748638041820096,13.491159560994578,53.27656936645508,11.529030799865723,14.654096603393555,9.277850837372684,14.468290993718698,71.70550537109375,"{""loss"": 52.048152923583984, ""mape"": 52.048152923583984, ""mae"": 10.725693702697754, ""val_loss"": 53.27656936645508, ""val_mape"": 53.27656936645508, ""val_mae"": 10.524064064025879, ""lr"": 0.00010000000474974513, ""val_mae12"": 13.645697593688965, ""val_me"": 7.748638041820096, ""val_me12"": 13.491159560994578, ""mape_2021"": 71.70550537109375, ""mae_2021"": 11.529030799865723, ""mae12_2021"": 14.654096603393555, ""me_2021"": 9.277850837372684, ""me12_2021"": 14.468290993718698, ""epochs_trained"": 134}",2026-07-03T03:30:29.595592,completed
2,MAPE,12,3,selu,1,16,0.05,8.411709785461426,1.957561731338501,1.7267606258392334,-1.6816321838105792,1.5832566815509823,8.411709785461426,1.5053290128707886,1.0401326417922974,-1.0586987316091088,0.6171147262978933,7.272373676300049,"{""loss"": 9.826631546020508, ""mape"": 9.826631546020508, ""mae"": 2.0256848335266113, ""val_loss"": 8.411709785461426, ""val_mape"": 8.411709785461426, ""val_mae"": 1.957561731338501, ""lr"": 0.00010000000474974513, ""val_mae12"": 1.7267606258392334, ""val_me"": -1.6816321838105792, ""val_me12"": 1.5832566815509823, ""mape_2021"": 7.272373676300049, ""mae_2021"": 1.5053290128707886, ""mae12_2021"": 1.0401326417922974, ""me_2021"": -1.0586987316091088, ""me12_2021"": 0.6171147262978933, ""epochs_trained"": 1264}",2026-07-03T03:30:39.305265,completed
2,MAPE,12,3,selu,1,64,0.3,46.63901138305664,9.228900909423828,19.626237869262695,4.9182145251384135,19.713686836235098,46.63901138305664,10.050285339355469,19.47610855102539,6.73053640254076,19.354917370868563,67.9119644165039,"{""loss"": 55.460453033447266, ""mape"": 55.460453033447266, ""mae"": 12.102825164794922, ""val_loss"": 46.63901138305664, ""val_mape"": 46.63901138305664, ""val_mae"": 9.228900909423828, ""lr"": 0.00010000000474974513, ""val_mae12"": 19.626237869262695, ""val_me"": 4.9182145251384135, ""val_me12"": 19.713686836235098, ""mape_2021"": 67.9119644165039, ""mae_2021"": 10.050285339355469, ""mae12_2021"": 19.47610855102539, ""me_2021"": 6.73053640254076, ""me12_2021"": 19.354917370868563, ""epochs_trained"": 163}",2026-07-03T03:30:40.534766,completed
2,MAPE,12,3,selu,1,32,0.0,3.1729931831359863,0.6441171765327454,0.8944405317306519,-0.12215436639520579,0.3650860042922659,3.1729931831359863,0.7133306264877319,0.685171365737915,0.14545355432695176,-0.11310035461236544,3.929415464401245,"{""loss"": 3.401319742202759, ""mape"": 3.401319742202759, ""mae"": 0.7142899632453918, ""val_loss"": 3.1729931831359863, ""val_mape"": 3.1729931831359863, ""val_mae"": 0.6441171765327454, ""lr"": 0.00010000000474974513, ""val_mae12"": 0.8944405317306519, ""val_me"": -0.12215436639520579, ""val_me12"": 0.3650860042922659, ""mape_2021"": 3.929415464401245, ""mae_2021"": 0.7133306264877319, ""mae12_2021"": 0.685171365737915, ""me_2021"": 0.14545355432695176, ""me12_2021"": -0.11310035461236544, ""epochs_trained"": 1516}",2026-07-03T03:30:48.724705,completed
2,MAPE,12,3,selu,1,16,0.0,2.729654312133789,0.5276100039482117,0.8503546118736267,-0.03365813303515684,0.27557524605900163,2.729654312133789,0.5920769572257996,0.6841309070587158,0.1455396664959104,-0.12845188187939763,3.412202835083008,"{""loss"": 2.8405230045318604, ""mape"": 2.8405230045318604, ""mae"": 0.5787597894668579, ""val_loss"": 2.729654312133789, ""val_mape"": 2.729654312133789, ""val_mae"": 0.5276100039482117, ""lr"": 0.00010000000474974513, ""val_mae12"": 0.8503546118736267, ""val_me"": -0.03365813303515684, ""val_me12"": 0.27557524605900163, ""mape_2021"": 3.412202835083008, ""mae_2021"": 0.5920769572257996, ""mae12_2021"": 0.6841309070587158, ""me_2021"": 0.1455396664959104, ""me12_2021"": -0.12845188187939763, ""epochs_trained"": 2299}",2026-07-03T03:31:14.793968,completed
2,MAPE,12,3,selu,1,64,0.0,2.663435935974121,0.5085858106613159,0.9390802383422852,-0.12813962609154964,0.4744797603717457,2.663435935974121,0.5267342329025269,0.6813731789588928,-0.009997999457889921,0.04518190245225964,3.202251672744751,"{""loss"": 2.6708316802978516, ""mape"": 2.6708316802978516, ""mae"": 0.532149076461792, ""val_loss"": 2.663435935974121, ""val_mape"": 2.663435935974121, ""val_mae"": 0.5085858106613159, ""lr"": 1.0000000656873453e-05, ""val_mae12"": 0.9390802383422852, ""val_me"": -0.12813962609154964, ""val_me12"": 0.4744797603717457, ""mape_2021"": 3.202251672744751, ""mae_2021"": 0.5267342329025269, ""mae12_2021"": 0.6813731789588928, ""me_2021"": -0.009997999457889921, ""me12_2021"": 0.04518190245225964, ""epochs_trained"": 1925}",2026-07-03T03:31:24.537690,completed
2,MAPE,12,3,selu,1,64,0.05,9.084550857543945,1.9374209642410278,3.8053650856018066,-1.3768855319376208,3.766480755790635,9.084550857543945,1.8080086708068848,2.9689438343048096,-0.7286449256884134,2.9765575321002746,10.90634822845459,"{""loss"": 10.518472671508789, ""mape"": 10.518472671508789, ""mae"": 2.1275689601898193, ""val_loss"": 9.084550857543945, ""val_mape"": 9.084550857543945, ""val_mae"": 1.9374209642410278, ""lr"": 1.0000000656873453e-05, ""val_mae12"": 3.8053650856018066, ""val_me"": -1.3768855319376208, ""val_me12"": 3.766480755790635, ""mape_2021"": 10.90634822845459, ""mae_2021"": 1.8080086708068848, ""mae12_2021"": 2.9689438343048096, ""me_2021"": -0.7286449256884134, ""me12_2021"": 2.9765575321002746, ""epochs_trained"": 4233}",2026-07-03T03:32:45.591408,completed
2,MAPE,12,3,selu,1,128,0.3,51.844337463378906,10.691252708435059,18.698081970214844,5.055030149124635,18.780728962154097,51.844337463378906,9.669439315795898,18.434452056884766,6.933113500282496,18.24230063318495,65.21640014648438,"{""loss"": 51.878841400146484, ""mape"": 51.878841400146484, ""mae"": 10.902698516845703, ""val_loss"": 51.844337463378906, ""val_mape"": 51.844337463378906, ""val_mae"": 10.691252708435059, ""lr"": 0.00010000000474974513, ""val_mae12"": 18.698081970214844, ""val_me"": 5.055030149124635, ""val_me12"": 18.780728962154097, ""mape_2021"": 65.21640014648438, ""mae_2021"": 9.669439315795898, ""mae12_2021"": 18.434452056884766, ""me_2021"": 6.933113500282496, ""me12_2021"": 18.24230063318495, ""epochs_trained"": 147}",2026-07-03T03:33:13.256615,completed
2,MAPE,12,3,selu,1,256,0.1,39.319976806640625,8.15358829498291,10.16058349609375,5.4020947842333324,10.078494422594881,39.319976806640625,9.419251441955566,9.597700119018555,7.524097243206223,8.644860544396279,54.8281364440918,"{""loss"": 41.16412353515625, ""mape"": 41.16412353515625, ""mae"": 8.617236137390137, ""val_loss"": 39.319976806640625, ""val_mape"": 39.319976806640625, ""val_mae"": 8.15358829498291, ""lr"": 0.00010000000474974513, ""val_mae12"": 10.16058349609375, ""val_me"": 5.4020947842333324, ""val_me12"": 10.078494422594881, ""mape_2021"": 54.8281364440918, ""mae_2021"": 9.419251441955566, ""mae12_2021"": 9.597700119018555, ""me_2021"": 7.524097243206223, ""me12_2021"": 8.644860544396279, ""epochs_trained"": 125}",2026-07-03T03:33:31.289478,completed
2,MAPE,12,3,selu,1,128,0.1,17.72585105895996,3.9717230796813965,6.122123718261719,-3.190023393210383,6.115121895495642,17.72585105895996,3.443561553955078,4.571749687194824,-2.2048138975312175,4.494814584910379,18.236486434936523,"{""loss"": 15.297197341918945, ""mape"": 15.297197341918945, ""mae"": 2.889324903488159, ""val_loss"": 17.72585105895996, ""val_mape"": 17.72585105895996, ""val_mae"": 3.9717230796813965, ""lr"": 0.00010000000474974513, ""val_mae12"": 6.122123718261719, ""val_me"": -3.190023393210383, ""val_me12"": 6.115121895495642, ""mape_2021"": 18.236486434936523, ""mae_2021"": 3.443561553955078, ""mae12_2021"": 4.571749687194824, ""me_2021"": -2.2048138975312175, ""me12_2021"": 4.494814584910379, ""epochs_trained"": 391}",2026-07-03T03:33:32.868792,completed
2,MAPE,12,3,selu,1,128,0.05,10.537805557250977,2.3359131813049316,2.9474141597747803,-2.0206017844636497,2.8750046392613102,10.537805557250977,1.9673031568527222,1.9318873882293701,-1.6353613946711474,1.9267137847935207,9.59371280670166,"{""loss"": 10.222376823425293, ""mape"": 10.222376823425293, ""mae"": 1.8705118894577026, ""val_loss"": 10.537805557250977, ""val_mape"": 10.537805557250977, ""val_mae"": 2.3359131813049316, ""lr"": 0.00010000000474974513, ""val_mae12"": 2.9474141597747803, ""val_me"": -2.0206017844636497, ""val_me12"": 2.8750046392613102, ""mape_2021"": 9.59371280670166, ""mae_2021"": 1.9673031568527222, ""mae12_2021"": 1.9318873882293701, ""me_2021"": -1.6353613946711474, ""me12_2021"": 1.9267137847935207, ""epochs_trained"": 412}",2026-07-03T03:33:34.445890,completed
2,MAPE,12,3,selu,1,256,0.05,11.832545280456543,2.698535680770874,1.8193694353103638,-2.102584637081345,-0.6998900154773988,11.832545280456543,2.4517102241516113,2.4730255603790283,-1.0098407003765517,-1.8455894029777309,13.150863647460938,"{""loss"": 11.802440643310547, ""mape"": 11.802440643310547, ""mae"": 2.4219820499420166, ""val_loss"": 11.832545280456543, ""val_mape"": 11.832545280456543, ""val_mae"": 2.698535680770874, ""lr"": 0.00010000000474974513, ""val_mae12"": 1.8193694353103638, ""val_me"": -2.102584637081345, ""val_me12"": -0.6998900154773988, ""mape_2021"": 13.150863647460938, ""mae_2021"": 2.4517102241516113, ""mae12_2021"": 2.4730255603790283, ""me_2021"": -1.0098407003765517, ""me12_2021"": -1.8455894029777309, ""epochs_trained"": 269}",2026-07-03T03:33:37.769383,completed
2,MAPE,12,3,selu,1,256,0.3,51.07731628417969,10.90009880065918,15.283940315246582,4.945373622774805,15.349837944550417,51.07731628417969,9.42676067352295,14.384013175964355,7.12544171847349,13.92017218275595,59.416072845458984,"{""loss"": 48.19725036621094, ""mape"": 48.19725036621094, ""mae"": 10.16126537322998, ""val_loss"": 51.07731628417969, ""val_mape"": 51.07731628417969, ""val_mae"": 10.90009880065918, ""lr"": 0.00010000000474974513, ""val_mae12"": 15.283940315246582, ""val_me"": 4.945373622774805, ""val_me12"": 15.349837944550417, ""mape_2021"": 59.416072845458984, ""mae_2021"": 9.42676067352295, ""mae12_2021"": 14.384013175964355, ""me_2021"": 7.12544171847349, ""me12_2021"": 13.92017218275595, ""epochs_trained"": 122}",2026-07-03T03:33:44.004497,completed
2,MAPE,12,3,selu,2,16,0.05,38.07389831542969,8.059576034545898,11.294193267822266,4.808234287818641,11.366689187515247,38.07389831542969,8.716320991516113,11.8665189743042,6.250598405270111,11.964350496435115,52.8243408203125,"{""loss"": 41.82744216918945, ""mape"": 41.82744216918945, ""mae"": 9.165229797363281, ""val_loss"": 38.07389831542969, ""val_mape"": 38.07389831542969, ""val_mae"": 8.059576034545898, ""lr"": 0.00010000000474974513, ""val_mae12"": 11.294193267822266, ""val_me"": 4.808234287818641, ""val_me12"": 11.366689187515247, ""mape_2021"": 52.8243408203125, ""mae_2021"": 8.716320991516113, ""mae12_2021"": 11.8665189743042, ""me_2021"": 6.250598405270111, ""me12_2021"": 11.964350496435115, ""epochs_trained"": 153}",2026-07-03T03:33:49.051347,completed
2,MAPE,12,3,selu,2,16,0.1,51.47213363647461,10.613568305969238,16.30221939086914,5.8492376025210495,16.407974651949363,51.47213363647461,9.899124145507812,17.810028076171875,6.974708761930692,17.950137099991853,66.29261016845703,"{""loss"": 51.71745681762695, ""mape"": 51.71745681762695, ""mae"": 11.084348678588867, ""val_loss"": 51.47213363647461, ""val_mape"": 51.47213363647461, ""val_mae"": 10.613568305969238, ""lr"": 0.00010000000474974513, ""val_mae12"": 16.30221939086914, ""val_me"": 5.8492376025210495, ""val_me12"": 16.407974651949363, ""mape_2021"": 66.29261016845703, ""mae_2021"": 9.899124145507812, ""mae12_2021"": 17.810028076171875, ""me_2021"": 6.974708761930692, ""me12_2021"": 17.950137099991853, ""epochs_trained"": 141}",2026-07-03T03:33:50.733153,completed
2,MAPE,12,3,selu,2,16,0.3,57.23587417602539,12.091233253479004,19.303556442260742,5.281233767227367,19.410794193942547,57.23587417602539,9.979950904846191,20.956806182861328,6.509231772089397,21.113055246001654,69.32083129882812,"{""loss"": 65.2978286743164, ""mape"": 65.2978286743164, ""mae"": 14.972370147705078, ""val_loss"": 57.23587417602539, ""val_mape"": 57.23587417602539, ""val_mae"": 12.091233253479004, ""lr"": 0.00010000000474974513, ""val_mae12"": 19.303556442260742, ""val_me"": 5.281233767227367, ""val_me12"": 19.410794193942547, ""mape_2021"": 69.32083129882812, ""mae_2021"": 9.979950904846191, ""mae12_2021"": 20.956806182861328, ""me_2021"": 6.509231772089397, ""me12_2021"": 21.113055246001654, ""epochs_trained"": 134}",2026-07-03T03:33:54.593396,completed
2,MAPE,12,3,selu,1,256,0.0,2.6139421463012695,0.5067259669303894,0.7744373083114624,-0.13041176827322085,0.14815441504162374,2.6139421463012695,0.5099132061004639,0.6164022088050842,0.04676737376155151,-0.1201429797724944,3.0256576538085938,"{""loss"": 2.468275308609009, ""mape"": 2.468275308609009, ""mae"": 0.5023261904716492, ""val_loss"": 2.6139421463012695, ""val_mape"": 2.6139421463012695, ""val_mae"": 0.5067259669303894, ""lr"": 0.00010000000474974513, ""val_mae12"": 0.7744373083114624, ""val_me"": -0.13041176827322085, ""val_me12"": 0.14815441504162374, ""mape_2021"": 3.0256576538085938, ""mae_2021"": 0.5099132061004639, ""mae12_2021"": 0.6164022088050842, ""me_2021"": 0.04676737376155151, ""me12_2021"": -0.1201429797724944, ""epochs_trained"": 1145}",2026-07-03T03:34:10.352979,completed
2,MAPE,12,3,selu,2,16,0.0,2.4950265884399414,0.4850670099258423,0.9160334467887878,-0.08935169304805796,0.31696778563384953,2.4950265884399414,0.5226545929908752,0.695097804069519,0.054512873759844836,-0.13397337739549914,3.099484443664551,"{""loss"": 2.5056135654449463, ""mape"": 2.5056135654449463, ""mae"": 0.4952230751514435, ""val_loss"": 2.4950265884399414, ""val_mape"": 2.4950265884399414, ""val_mae"": 0.4850670099258423, ""lr"": 0.00010000000474974513, ""val_mae12"": 0.9160334467887878, ""val_me"": -0.08935169304805796, ""val_me12"": 0.31696778563384953, ""mape_2021"": 3.099484443664551, ""mae_2021"": 0.5226545929908752, ""mae12_2021"": 0.695097804069519, ""me_2021"": 0.054512873759844836, ""me12_2021"": -0.13397337739549914, ""epochs_trained"": 798}",2026-07-03T03:34:13.067079,completed
2,MAPE,12,3,selu,1,128,0.0,2.7578279972076416,0.5428377985954285,0.9163818955421448,-0.12069225406143885,0.4649242034619209,2.7578279972076416,0.5367786884307861,0.6424634456634521,0.05376908162815588,0.04001725070018951,3.1783647537231445,"{""loss"": 2.662999153137207, ""mape"": 2.662999153137207, ""mae"": 0.5343490242958069, ""val_loss"": 2.7578279972076416, ""val_mape"": 2.7578279972076416, ""val_mae"": 0.5428377985954285, ""lr"": 0.00010000000474974513, ""val_mae12"": 0.9163818955421448, ""val_me"": -0.12069225406143885, ""val_me12"": 0.4649242034619209, ""mape_2021"": 3.1783647537231445, ""mae_2021"": 0.5367786884307861, ""mae12_2021"": 0.6424634456634521, ""me_2021"": 0.05376908162815588, ""me12_2021"": 0.04001725070018951, ""epochs_trained"": 1287}",2026-07-03T03:34:13.891948,completed
2,MAPE,12,3,selu,2,32,0.3,66.55958557128906,14.378203392028809,25.606054306030273,3.5543673778917415,25.720595280120218,66.55958557128906,10.190451622009277,27.145278930664062,4.885801340229384,27.321238207854115,76.9325942993164,"{""loss"": 59.58308410644531, ""mape"": 59.58308410644531, ""mae"": 13.530377388000488, ""val_loss"": 66.55958557128906, ""val_mape"": 66.55958557128906, ""val_mae"": 14.378203392028809, ""lr"": 0.00010000000474974513, ""val_mae12"": 25.606054306030273, ""val_me"": 3.5543673778917415, ""val_me12"": 25.720595280120218, ""mape_2021"": 76.9325942993164, ""mae_2021"": 10.190451622009277, ""mae12_2021"": 27.145278930664062, ""me_2021"": 4.885801340229384, ""me12_2021"": 27.321238207854115, ""epochs_trained"": 95}",2026-07-03T03:34:30.338224,completed
2,MAPE,12,3,selu,2,32,0.05,37.91716003417969,8.217129707336426,10.466290473937988,4.834588591953187,10.53634026940681,37.91716003417969,8.341458320617676,11.061113357543945,6.179594419979384,11.154779194939529,50.81090545654297,"{""loss"": 39.2618408203125, ""mape"": 39.2618408203125, ""mae"": 8.412506103515625, ""val_loss"": 37.91716003417969, ""val_mape"": 37.91716003417969, ""val_mae"": 8.217129707336426, ""lr"": 0.00010000000474974513, ""val_mae12"": 10.466290473937988, ""val_me"": 4.834588591953187, ""val_me12"": 10.53634026940681, ""mape_2021"": 50.81090545654297, ""mae_2021"": 8.341458320617676, ""mae12_2021"": 11.061113357543945, ""me_2021"": 6.179594419979384, ""me12_2021"": 11.154779194939529, ""epochs_trained"": 113}",2026-07-03T03:34:30.947773,completed
2,MAPE,12,3,selu,2,32,0.1,37.01526641845703,8.2708158493042,11.669999122619629,3.457705309830153,11.73519354892376,37.01526641845703,7.489902973175049,11.844642639160156,5.046220482613201,11.922174137205499,46.71506881713867,"{""loss"": 39.06595230102539, ""mape"": 39.06595230102539, ""mae"": 8.62572193145752, ""val_loss"": 37.01526641845703, ""val_mape"": 37.01526641845703, ""val_mae"": 8.2708158493042, ""lr"": 0.00010000000474974513, ""val_mae12"": 11.669999122619629, ""val_me"": 3.457705309830153, ""val_me12"": 11.73519354892376, ""mape_2021"": 46.71506881713867, ""mae_2021"": 7.489902973175049, ""mae12_2021"": 11.844642639160156, ""me_2021"": 5.046220482613201, ""me12_2021"": 11.922174137205499, ""epochs_trained"": 120}",2026-07-03T03:34:31.341910,completed
2,MAPE,12,3,selu,2,64,0.05,24.796297073364258,5.646382808685303,5.501680850982666,-1.2562629994809302,5.145479709912295,24.796297073364258,5.749300956726074,3.639638662338257,0.7558359672788696,3.3611794000792887,27.092660903930664,"{""loss"": 24.73933982849121, ""mape"": 24.73933982849121, ""mae"": 5.213298320770264, ""val_loss"": 24.796297073364258, ""val_mape"": 24.796297073364258, ""val_mae"": 5.646382808685303, ""lr"": 0.00010000000474974513, ""val_mae12"": 5.501680850982666, ""val_me"": -1.2562629994809302, ""val_me12"": 5.145479709912295, ""mape_2021"": 27.092660903930664, ""mae_2021"": 5.749300956726074, ""mae12_2021"": 3.639638662338257, ""me_2021"": 0.7558359672788696, ""me12_2021"": 3.3611794000792887, ""epochs_trained"": 121}",2026-07-03T03:34:31.389497,completed
2,MAPE,12,3,selu,2,64,0.3,101.42176818847656,23.611360549926758,10.867817878723145,22.785807926435744,10.938045786439092,101.42176818847656,23.139057159423828,11.877921104431152,21.774995261633894,11.9586762093102,103.35001373291016,"{""loss"": 90.29954528808594, ""mape"": 90.29954528808594, ""mae"": 23.06553077697754, ""val_loss"": 101.42176818847656, ""val_mape"": 101.42176818847656, ""val_mae"": 23.611360549926758, ""lr"": 0.00010000000474974513, ""val_mae12"": 10.867817878723145, ""val_me"": 22.785807926435744, ""val_me12"": 10.938045786439092, ""mape_2021"": 103.35001373291016, ""mae_2021"": 23.139057159423828, ""mae12_2021"": 11.877921104431152, ""me_2021"": 21.774995261633894, ""me12_2021"": 11.9586762093102, ""epochs_trained"": 33}",2026-07-03T03:34:38.614997,completed
2,MAPE,12,3,selu,2,64,0.1,46.93687057495117,10.949633598327637,13.315425872802734,4.219828488667315,13.383203628377391,46.93687057495117,8.549124717712402,13.850014686584473,5.778458126592178,13.950093215520244,54.089290618896484,"{""loss"": 39.037330627441406, ""mape"": 39.037330627441406, ""mae"": 8.568743705749512, ""val_loss"": 46.93687057495117, ""val_mape"": 46.93687057495117, ""val_mae"": 10.949633598327637, ""lr"": 0.00010000000474974513, ""val_mae12"": 13.315425872802734, ""val_me"": 4.219828488667315, ""val_me12"": 13.383203628377391, ""mape_2021"": 54.089290618896484, ""mae_2021"": 8.549124717712402, ""mae12_2021"": 13.850014686584473, ""me_2021"": 5.778458126592178, ""me12_2021"": 13.950093215520244, ""epochs_trained"": 81}",2026-07-03T03:34:40.488154,completed
2,MAPE,12,3,selu,2,128,0.05,31.669599533081055,6.902935981750488,5.6048994064331055,-1.0657371898641563,0.8408385940923955,31.669599533081055,5.789106845855713,4.929019927978516,1.3098507122211542,-1.961201036574052,30.42923355102539,"{""loss"": 24.463960647583008, ""mape"": 24.463960647583008, ""mae"": 5.104031085968018, ""val_loss"": 31.669599533081055, ""val_mape"": 31.669599533081055, ""val_mae"": 6.902935981750488, ""lr"": 0.00010000000474974513, ""val_mae12"": 5.6048994064331055, ""val_me"": -1.0657371898641563, ""val_me12"": 0.8408385940923955, ""mape_2021"": 30.42923355102539, ""mae_2021"": 5.789106845855713, ""mae12_2021"": 4.929019927978516, ""me_2021"": 1.3098507122211542, ""me12_2021"": -1.961201036574052, ""epochs_trained"": 78}",2026-07-03T03:34:41.997866,completed
2,MAPE,12,3,selu,2,128,0.1,44.30077362060547,10.303729057312012,12.646804809570312,4.473108384313789,12.712263089645374,44.30077362060547,8.719880104064941,12.988653182983398,5.950416317868523,13.079591849593713,53.75209426879883,"{""loss"": 33.07316207885742, ""mape"": 33.07316207885742, ""mae"": 7.24827766418457, ""val_loss"": 44.30077362060547, ""val_mape"": 44.30077362060547, ""val_mae"": 10.303729057312012, ""lr"": 0.00010000000474974513, ""val_mae12"": 12.646804809570312, ""val_me"": 4.473108384313789, ""val_me12"": 12.712263089645374, ""mape_2021"": 53.75209426879883, ""mae_2021"": 8.719880104064941, ""mae12_2021"": 12.988653182983398, ""me_2021"": 5.950416317868523, ""me12_2021"": 13.079591849593713, ""epochs_trained"": 63}",2026-07-03T03:34:47.658600,completed
2,MAPE,12,3,selu,2,128,0.3,95.92366027832031,22.14643096923828,8.115291595458984,23.39455764299118,8.123648691743544,95.92366027832031,23.274059295654297,9.134474754333496,22.33803527640517,9.188645066192365,102.19197845458984,"{""loss"": 89.1187515258789, ""mape"": 89.1187515258789, ""mae"": 22.775754928588867, ""val_loss"": 95.92366027832031, ""val_mape"": 95.92366027832031, ""val_mae"": 22.14643096923828, ""lr"": 0.00010000000474974513, ""val_mae12"": 8.115291595458984, ""val_me"": 23.39455764299118, ""val_me12"": 8.123648691743544, ""mape_2021"": 102.19197845458984, ""mae_2021"": 23.274059295654297, ""mae12_2021"": 9.134474754333496, ""me_2021"": 22.33803527640517, ""me12_2021"": 9.188645066192365, ""epochs_trained"": 30}",2026-07-03T03:34:47.730646,completed
2,MAPE,12,3,selu,2,128,0.0,2.6106221675872803,0.5179625749588013,0.9517011046409607,-0.09749757989573322,0.41675627889107747,2.6106221675872803,0.5523503422737122,0.6697764992713928,0.0775898886977405,0.028142627224248255,3.2977073192596436,"{""loss"": 2.5574758052825928, ""mape"": 2.5574758052825928, ""mae"": 0.5160987377166748, ""val_loss"": 2.6106221675872803, ""val_mape"": 2.6106221675872803, ""val_mae"": 0.5179625749588013, ""lr"": 1.0000000656873453e-05, ""val_mae12"": 0.9517011046409607, ""val_me"": -0.09749757989573322, ""val_me12"": 0.41675627889107747, ""mape_2021"": 3.2977073192596436, ""mae_2021"": 0.5523503422737122, ""mae12_2021"": 0.6697764992713928, ""me_2021"": 0.0775898886977405, ""me12_2021"": 0.028142627224248255, ""epochs_trained"": 389}",2026-07-03T03:34:57.050037,completed
2,MAPE,12,3,selu,2,32,0.0,2.4456627368927,0.4698990285396576,0.9005311727523804,-0.07733915109986243,0.41061804622574416,2.4456627368927,0.5203762054443359,0.7199598550796509,0.05073208568435592,-0.08126474304767178,3.1806416511535645,"{""loss"": 2.5624759197235107, ""mape"": 2.5624759197235107, ""mae"": 0.5019950866699219, ""val_loss"": 2.4456627368927, ""val_mape"": 2.4456627368927, ""val_mae"": 0.4698990285396576, ""lr"": 1.0000000656873453e-05, ""val_mae12"": 0.9005311727523804, ""val_me"": -0.07733915109986243, ""val_me12"": 0.41061804622574416, ""mape_2021"": 3.1806416511535645, ""mae_2021"": 0.5203762054443359, ""mae12_2021"": 0.7199598550796509, ""me_2021"": 0.05073208568435592, ""me12_2021"": -0.08126474304767178, ""epochs_trained"": 706}",2026-07-03T03:34:59.380797,completed
2,MAPE,12,3,selu,2,64,0.0,2.3940467834472656,0.46802327036857605,0.8689258694648743,-0.09051661015013385,0.23267634301086618,2.3940467834472656,0.5302693843841553,0.7039534449577332,0.05754302227615047,-0.168573088582683,3.1353793144226074,"{""loss"": 2.417569637298584, ""mape"": 2.417569637298584, ""mae"": 0.4845208525657654, ""val_loss"": 2.3940467834472656, ""val_mape"": 2.3940467834472656, ""val_mae"": 0.46802327036857605, ""lr"": 1.0000000656873453e-05, ""val_mae12"": 0.8689258694648743, ""val_me"": -0.09051661015013385, ""val_me12"": 0.23267634301086618, ""mape_2021"": 3.1353793144226074, ""mae_2021"": 0.5302693843841553, ""mae12_2021"": 0.7039534449577332, ""me_2021"": 0.05754302227615047, ""me12_2021"": -0.168573088582683, ""epochs_trained"": 762}",2026-07-03T03:35:01.908465,completed
2,MAPE,12,3,selu,2,256,0.1,59.249210357666016,12.988007545471191,9.39749526977539,2.3711988270594127,9.421072698011805,59.249210357666016,7.115668296813965,8.165127754211426,4.366448337091505,8.18504444231982,38.88380813598633,"{""loss"": 27.463008880615234, ""mape"": 27.463008880615234, ""mae"": 5.677675724029541, ""val_loss"": 59.249210357666016, ""val_mape"": 59.249210357666016, ""val_mae"": 12.988007545471191, ""lr"": 0.00010000000474974513, ""val_mae12"": 9.39749526977539, ""val_me"": 2.3711988270594127, ""val_me12"": 9.421072698011805, ""mape_2021"": 38.88380813598633, ""mae_2021"": 7.115668296813965, ""mae12_2021"": 8.165127754211426, ""me_2021"": 4.366448337091505, ""me12_2021"": 8.18504444231982, ""epochs_trained"": 51}",2026-07-03T03:35:25.229263,completed
2,MAPE,12,3,selu,2,256,0.05,36.66622543334961,7.926902770996094,5.578420162200928,2.590676808708612,5.591592022833958,36.66622543334961,6.231159210205078,4.250365734100342,4.5409241621355365,4.230553444594757,30.681678771972656,"{""loss"": 23.237895965576172, ""mape"": 23.237895965576172, ""mae"": 4.8569793701171875, ""val_loss"": 36.66622543334961, ""val_mape"": 36.66622543334961, ""val_mae"": 7.926902770996094, ""lr"": 0.00010000000474974513, ""val_mae12"": 5.578420162200928, ""val_me"": 2.590676808708612, ""val_me12"": 5.591592022833958, ""mape_2021"": 30.681678771972656, ""mae_2021"": 6.231159210205078, ""mae12_2021"": 4.250365734100342, ""me_2021"": 4.5409241621355365, ""me12_2021"": 4.230553444594757, ""epochs_trained"": 51}",2026-07-03T03:35:25.308782,completed
2,MAPE,12,3,selu,2,256,0.3,172.60601806640625,39.925994873046875,25.486684799194336,-1.9177108002517746,25.49548021737558,172.60601806640625,9.559974670410156,23.296226501464844,-0.1300559291845127,23.3065928212289,67.12818908691406,"{""loss"": 36.94328308105469, ""mape"": 36.94328308105469, ""mae"": 7.580261707305908, ""val_loss"": 172.60601806640625, ""val_mape"": 172.60601806640625, ""val_mae"": 39.925994873046875, ""lr"": 0.00010000000474974513, ""val_mae12"": 25.486684799194336, ""val_me"": -1.9177108002517746, ""val_me12"": 25.49548021737558, ""mape_2021"": 67.12818908691406, ""mae_2021"": 9.559974670410156, ""mae12_2021"": 23.296226501464844, ""me_2021"": -0.1300559291845127, ""me12_2021"": 23.3065928212289, ""epochs_trained"": 59}",2026-07-03T03:35:25.759107,completed
2,MAPE,12,3,selu,3,16,0.05,46.394004821777344,9.895994186401367,13.34168529510498,5.319728197241326,13.431435683669285,46.394004821777344,8.538643836975098,14.649621963500977,6.166146407651554,14.768261151439122,56.94437026977539,"{""loss"": 44.6270866394043, ""mape"": 44.6270866394043, ""mae"": 9.4791841506958, ""val_loss"": 46.394004821777344, ""val_mape"": 46.394004821777344, ""val_mae"": 9.895994186401367, ""lr"": 0.00010000000474974513, ""val_mae12"": 13.34168529510498, ""val_me"": 5.319728197241326, ""val_me12"": 13.431435683669285, ""mape_2021"": 56.94437026977539, ""mae_2021"": 8.538643836975098, ""mae12_2021"": 14.649621963500977, ""me_2021"": 6.166146407651554, ""me12_2021"": 14.768261151439122, ""epochs_trained"": 105}",2026-07-03T03:35:27.856047,completed
2,MAPE,12,3,selu,3,16,0.3,70.9285888671875,14.169479370117188,18.708858489990234,12.839674471553158,18.790143390771995,70.9285888671875,16.192256927490234,19.832721710205078,12.676674137315882,19.94844253331815,86.00727081298828,"{""loss"": 81.85126495361328, ""mape"": 81.85126495361328, ""mae"": 20.37557601928711, ""val_loss"": 70.9285888671875, ""val_mape"": 70.9285888671875, ""val_mae"": 14.169479370117188, ""lr"": 0.00010000000474974513, ""val_mae12"": 18.708858489990234, ""val_me"": 12.839674471553158, ""val_me12"": 18.790143390771995, ""mape_2021"": 86.00727081298828, ""mae_2021"": 16.192256927490234, ""mae12_2021"": 19.832721710205078, ""me_2021"": 12.676674137315882, ""me12_2021"": 19.94844253331815, ""epochs_trained"": 84}",2026-07-03T03:35:36.225208,completed
2,MAPE,12,3,selu,3,16,0.1,40.13367462158203,9.015055656433105,14.862622261047363,2.949192327307269,14.938299960028038,40.13367462158203,6.994198799133301,15.506028175354004,4.145251554838495,15.60507100735942,49.08635330200195,"{""loss"": 42.20283889770508, ""mape"": 42.20283889770508, ""mae"": 9.351737976074219, ""val_loss"": 40.13367462158203, ""val_mape"": 40.13367462158203, ""val_mae"": 9.015055656433105, ""lr"": 0.00010000000474974513, ""val_mae12"": 14.862622261047363, ""val_me"": 2.949192327307269, ""val_me12"": 14.938299960028038, ""mape_2021"": 49.08635330200195, ""mae_2021"": 6.994198799133301, ""mae12_2021"": 15.506028175354004, ""me_2021"": 4.145251554838495, ""me12_2021"": 15.60507100735942, ""epochs_trained"": 121}",2026-07-03T03:35:38.067817,completed
2,MAPE,12,3,selu,3,32,0.05,44.231475830078125,9.870017051696777,12.727280616760254,4.560960943817165,12.813366674586215,44.231475830078125,7.686685085296631,13.548606872558594,5.567566957510874,13.662784127431395,52.04165267944336,"{""loss"": 38.4976806640625, ""mape"": 38.4976806640625, ""mae"": 8.114029884338379, ""val_loss"": 44.231475830078125, ""val_mape"": 44.231475830078125, ""val_mae"": 9.870017051696777, ""lr"": 0.00010000000474974513, ""val_mae12"": 12.727280616760254, ""val_me"": 4.560960943817165, ""val_me12"": 12.813366674586215, ""mape_2021"": 52.04165267944336, ""mae_2021"": 7.686685085296631, ""mae12_2021"": 13.548606872558594, ""me_2021"": 5.567566957510874, ""me12_2021"": 13.662784127431395, ""epochs_trained"": 84}",2026-07-03T03:35:38.614345,completed
2,MAPE,12,3,selu,2,256,0.0,2.739227056503296,0.5673382878303528,0.8517559170722961,-0.18037432229969938,0.14929009238314694,2.739227056503296,0.512752890586853,0.6381387114524841,0.02734456718556281,-0.16162472843559036,3.103947639465332,"{""loss"": 2.5388331413269043, ""mape"": 2.5388331413269043, ""mae"": 0.519928514957428, ""val_loss"": 2.739227056503296, ""val_mape"": 2.739227056503296, ""val_mae"": 0.5673382878303528, ""lr"": 1.0000000656873453e-05, ""val_mae12"": 0.8517559170722961, ""val_me"": -0.18037432229969938, ""val_me12"": 0.14929009238314694, ""mape_2021"": 3.103947639465332, ""mae_2021"": 0.512752890586853, ""mae12_2021"": 0.6381387114524841, ""me_2021"": 0.02734456718556281, ""me12_2021"": -0.16162472843559036, ""epochs_trained"": 277}",2026-07-03T03:35:39.421357,completed
2,MAPE,12,3,selu,3,32,0.1,61.38984680175781,14.51647663116455,16.55319595336914,3.9937710055561544,16.6445629362015,61.38984680175781,8.317522048950195,17.762027740478516,5.099572102693531,17.885532263510267,57.93987274169922,"{""loss"": 43.304481506347656, ""mape"": 43.304481506347656, ""mae"": 9.4057035446167, ""val_loss"": 61.38984680175781, ""val_mape"": 61.38984680175781, ""val_mae"": 14.51647663116455, ""lr"": 0.00010000000474974513, ""val_mae12"": 16.55319595336914, ""val_me"": 3.9937710055561544, ""val_me12"": 16.6445629362015, ""mape_2021"": 57.93987274169922, ""mae_2021"": 8.317522048950195, ""mae12_2021"": 17.762027740478516, ""me_2021"": 5.099572102693531, ""me12_2021"": 17.885532263510267, ""epochs_trained"": 68}",2026-07-03T03:35:42.936938,completed
2,MAPE,12,3,selu,3,32,0.3,96.41614532470703,21.20754051208496,12.996707916259766,20.398344179943415,13.071190831897878,96.41614532470703,21.51380157470703,13.908703804016113,19.673440115610173,14.003747643401837,98.45854949951172,"{""loss"": 87.60330200195312, ""mape"": 87.60330200195312, ""mae"": 22.192583084106445, ""val_loss"": 96.41614532470703, ""val_mape"": 96.41614532470703, ""val_mae"": 21.20754051208496, ""lr"": 0.00010000000474974513, ""val_mae12"": 12.996707916259766, ""val_me"": 20.398344179943415, ""val_me12"": 13.071190831897878, ""mape_2021"": 98.45854949951172, ""mae_2021"": 21.51380157470703, ""mae12_2021"": 13.908703804016113, ""me_2021"": 19.673440115610173, ""me12_2021"": 14.003747643401837, ""epochs_trained"": 50}",2026-07-03T03:35:43.480163,completed
2,MAPE,12,3,selu,3,32,0.0,2.434293270111084,0.4600960612297058,0.9046433568000793,-0.05405783124005729,0.2749591598512473,2.434293270111084,0.5051695108413696,0.7222075462341309,0.09652125476528273,-0.13562197191731307,3.121901035308838,"{""loss"": 2.4379680156707764, ""mape"": 2.4379680156707764, ""mae"": 0.47566261887550354, ""val_loss"": 2.434293270111084, ""val_mape"": 2.434293270111084, ""val_mae"": 0.4600960612297058, ""lr"": 0.00010000000474974513, ""val_mae12"": 0.9046433568000793, ""val_me"": -0.05405783124005729, ""val_me12"": 0.2749591598512473, ""mape_2021"": 3.121901035308838, ""mae_2021"": 0.5051695108413696, ""mae12_2021"": 0.7222075462341309, ""me_2021"": 0.09652125476528273, ""me12_2021"": -0.13562197191731307, ""epochs_trained"": 505}",2026-07-03T03:35:51.167086,completed
2,MAPE,12,3,selu,3,16,0.0,2.5902116298675537,0.5140804648399353,0.8263118267059326,-0.1021669996457253,0.12342849570966226,2.5902116298675537,0.5470885634422302,0.7135969400405884,0.033854417559931634,-0.24657848686139403,3.231861114501953,"{""loss"": 2.525808811187744, ""mape"": 2.525808811187744, ""mae"": 0.5062098503112793, ""val_loss"": 2.5902116298675537, ""val_mape"": 2.5902116298675537, ""val_mae"": 0.5140804648399353, ""lr"": 0.00010000000474974513, ""val_mae12"": 0.8263118267059326, ""val_me"": -0.1021669996457253, ""val_me12"": 0.12342849570966226, ""mape_2021"": 3.231861114501953, ""mae_2021"": 0.5470885634422302, ""mae12_2021"": 0.7135969400405884, ""me_2021"": 0.033854417559931634, ""me12_2021"": -0.24657848686139403, ""epochs_trained"": 844}",2026-07-03T03:35:56.326235,completed
2,MAPE,12,3,selu,3,64,0.3,134.5498046875,27.722633361816406,10.290902137756348,22.494842394262903,10.369760107978747,134.5498046875,22.85809326171875,11.202751159667969,21.561262206975833,11.286959457434499,101.13682556152344,"{""loss"": 89.52567291259766, ""mape"": 89.52567291259766, ""mae"": 22.86623764038086, ""val_loss"": 134.5498046875, ""val_mape"": 134.5498046875, ""val_mae"": 27.722633361816406, ""lr"": 0.00010000000474974513, ""val_mae12"": 10.290902137756348, ""val_me"": 22.494842394262903, ""val_me12"": 10.369760107978747, ""mape_2021"": 101.13682556152344, ""mae_2021"": 22.85809326171875, ""mae12_2021"": 11.202751159667969, ""me_2021"": 21.561262206975833, ""me12_2021"": 11.286959457434499, ""epochs_trained"": 32}",2026-07-03T03:36:14.522905,completed
2,MAPE,12,3,selu,3,64,0.1,58.53269958496094,14.004874229431152,15.36213207244873,4.288760811708932,15.437789302322125,58.53269958496094,8.286540985107422,16.293163299560547,5.549251101880637,16.39412430175317,55.73983383178711,"{""loss"": 36.68851852416992, ""mape"": 36.68851852416992, ""mae"": 8.074028968811035, ""val_loss"": 58.53269958496094, ""val_mape"": 58.53269958496094, ""val_mae"": 14.004874229431152, ""lr"": 0.00010000000474974513, ""val_mae12"": 15.36213207244873, ""val_me"": 4.288760811708932, ""val_me12"": 15.437789302322125, ""mape_2021"": 55.73983383178711, ""mae_2021"": 8.286540985107422, ""mae12_2021"": 16.293163299560547, ""me_2021"": 5.549251101880637, ""me12_2021"": 16.39412430175317, ""epochs_trained"": 63}",2026-07-03T03:36:15.872176,completed
2,MAPE,12,3,selu,3,64,0.05,28.94829559326172,6.795782089233398,6.810579776763916,-0.9215899582799295,6.835805724097635,28.94829559326172,6.100142478942871,5.849096298217773,1.02806570969847,5.862653969872389,31.251482009887695,"{""loss"": 23.568174362182617, ""mape"": 23.568174362182617, ""mae"": 5.128223896026611, ""val_loss"": 28.94829559326172, ""val_mape"": 28.94829559326172, ""val_mae"": 6.795782089233398, ""lr"": 0.00010000000474974513, ""val_mae12"": 6.810579776763916, ""val_me"": -0.9215899582799295, ""val_me12"": 6.835805724097635, ""mape_2021"": 31.251482009887695, ""mae_2021"": 6.100142478942871, ""mae12_2021"": 5.849096298217773, ""me_2021"": 1.02806570969847, ""me12_2021"": 5.862653969872389, ""epochs_trained"": 79}",2026-07-03T03:36:16.576749,completed
2,MAPE,12,3,selu,3,128,0.05,28.356521606445312,6.679619312286377,3.444570779800415,-5.170868621403952,1.7047331852609342,28.356521606445312,5.344060897827148,2.779306650161743,-3.8725161750400745,0.13156966390687502,24.381635665893555,"{""loss"": 13.988719940185547, ""mape"": 13.988719940185547, ""mae"": 2.9542014598846436, ""val_loss"": 28.356521606445312, ""val_mape"": 28.356521606445312, ""val_mae"": 6.679619312286377, ""lr"": 0.00010000000474974513, ""val_mae12"": 3.444570779800415, ""val_me"": -5.170868621403952, ""val_me12"": 1.7047331852609342, ""mape_2021"": 24.381635665893555, ""mae_2021"": 5.344060897827148, ""mae12_2021"": 2.779306650161743, ""me_2021"": -3.8725161750400745, ""me12_2021"": 0.13156966390687502, ""epochs_trained"": 85}",2026-07-03T03:36:16.747875,completed
2,MAPE,12,3,selu,3,128,0.1,69.92456817626953,15.969873428344727,15.475667953491211,1.0384549730985504,15.519267909685945,69.92456817626953,7.451140403747559,15.098052978515625,2.707373521896787,15.155617112620622,48.80030822753906,"{""loss"": 28.3513126373291, ""mape"": 28.3513126373291, ""mae"": 6.060552597045898, ""val_loss"": 69.92456817626953, ""val_mape"": 69.92456817626953, ""val_mae"": 15.969873428344727, ""lr"": 0.00010000000474974513, ""val_mae12"": 15.475667953491211, ""val_me"": 1.0384549730985504, ""val_me12"": 15.519267909685945, ""mape_2021"": 48.80030822753906, ""mae_2021"": 7.451140403747559, ""mae12_2021"": 15.098052978515625, ""me_2021"": 2.707373521896787, ""me12_2021"": 15.155617112620622, ""epochs_trained"": 46}",2026-07-03T03:36:28.924729,completed
2,MAPE,12,3,selu,3,128,0.3,126.08306121826172,26.41910743713379,8.883586883544922,23.31195607965325,8.941366670368337,126.08306121826172,23.32253646850586,9.721256256103516,22.20437727179099,9.782788110257911,100.36514282226562,"{""loss"": 86.87859344482422, ""mape"": 86.87859344482422, ""mae"": 22.497657775878906, ""val_loss"": 126.08306121826172, ""val_mape"": 126.08306121826172, ""val_mae"": 26.41910743713379, ""lr"": 0.00010000000474974513, ""val_mae12"": 8.883586883544922, ""val_me"": 23.31195607965325, ""val_me12"": 8.941366670368337, ""mape_2021"": 100.36514282226562, ""mae_2021"": 23.32253646850586, ""mae12_2021"": 9.721256256103516, ""me_2021"": 22.20437727179099, ""me12_2021"": 9.782788110257911, ""epochs_trained"": 29}",2026-07-03T03:36:29.938277,completed
2,MAPE,12,3,selu,3,128,0.0,2.54720139503479,0.46984320878982544,1.0648632049560547,-0.029009436146753425,0.5022426817321958,2.54720139503479,0.49143245816230774,0.7893171906471252,0.11596038618388366,-0.09428078570942143,3.1581223011016846,"{""loss"": 2.4998435974121094, ""mape"": 2.4998435974121094, ""mae"": 0.49360600113868713, ""val_loss"": 2.54720139503479, ""val_mape"": 2.54720139503479, ""val_mae"": 0.46984320878982544, ""lr"": 0.00010000000474974513, ""val_mae12"": 1.0648632049560547, ""val_me"": -0.029009436146753425, ""val_me12"": 0.5022426817321958, ""mape_2021"": 3.1581223011016846, ""mae_2021"": 0.49143245816230774, ""mae12_2021"": 0.7893171906471252, ""me_2021"": 0.11596038618388366, ""me12_2021"": -0.09428078570942143, ""epochs_trained"": 205}",2026-07-03T03:36:31.727359,completed
2,MAPE,12,3,selu,3,256,0.05,36.101158142089844,8.060874938964844,6.480144023895264,0.5544810518913339,6.403325497410334,36.101158142089844,5.583495616912842,4.971366882324219,2.402729940140248,4.825255933854927,28.276226043701172,"{""loss"": 18.332353591918945, ""mape"": 18.332353591918945, ""mae"": 3.8656444549560547, ""val_loss"": 36.101158142089844, ""val_mape"": 36.101158142089844, ""val_mae"": 8.060874938964844, ""lr"": 0.00010000000474974513, ""val_mae12"": 6.480144023895264, ""val_me"": 0.5544810518913339, ""val_me12"": 6.403325497410334, ""mape_2021"": 28.276226043701172, ""mae_2021"": 5.583495616912842, ""mae12_2021"": 4.971366882324219, ""me_2021"": 2.402729940140248, ""me12_2021"": 4.825255933854927, ""epochs_trained"": 41}",2026-07-03T03:36:34.005031,completed
2,MAPE,12,3,selu,3,256,0.3,116.45990753173828,21.405006408691406,5.080745697021484,23.517680891683277,4.871650573474778,116.45990753173828,23.208566665649414,5.6468024253845215,22.65302550137519,5.476848244924849,98.3553695678711,"{""loss"": 80.62799835205078, ""mape"": 80.62799835205078, ""mae"": 20.778104782104492, ""val_loss"": 116.45990753173828, ""val_mape"": 116.45990753173828, ""val_mae"": 21.405006408691406, ""lr"": 0.00010000000474974513, ""val_mae12"": 5.080745697021484, ""val_me"": 23.517680891683277, ""val_me12"": 4.871650573474778, ""mape_2021"": 98.3553695678711, ""mae_2021"": 23.208566665649414, ""mae12_2021"": 5.6468024253845215, ""me_2021"": 22.65302550137519, ""me12_2021"": 5.476848244924849, ""epochs_trained"": 26}",2026-07-03T03:36:43.668610,completed
2,MAPE,12,3,selu,3,256,0.1,74.99454498291016,16.983192443847656,9.547500610351562,3.3329207378968597,9.566274241494144,74.99454498291016,6.763902187347412,8.675376892089844,4.665663643526037,8.69212937711958,37.75445556640625,"{""loss"": 23.824621200561523, ""mape"": 23.824621200561523, ""mae"": 4.809571743011475, ""val_loss"": 74.99454498291016, ""val_mape"": 74.99454498291016, ""val_mae"": 16.983192443847656, ""lr"": 0.00010000000474974513, ""val_mae12"": 9.547500610351562, ""val_me"": 3.3329207378968597, ""val_me12"": 9.566274241494144, ""mape_2021"": 37.75445556640625, ""mae_2021"": 6.763902187347412, ""mae12_2021"": 8.675376892089844, ""me_2021"": 4.665663643526037, ""me12_2021"": 8.69212937711958, ""epochs_trained"": 40}",2026-07-03T03:36:43.976862,completed
2,MAPE,12,3,selu,3,256,0.0,2.6072704792022705,0.499691903591156,0.9482629895210266,-0.06172794295238963,0.35479405671036207,2.6072704792022705,0.5178326964378357,0.717758059501648,0.12061056190070038,-0.15496414047066598,3.2317006587982178,"{""loss"": 2.556795120239258, ""mape"": 2.556795120239258, ""mae"": 0.5077452659606934, ""val_loss"": 2.6072704792022705, ""val_mape"": 2.6072704792022705, ""val_mae"": 0.499691903591156, ""lr"": 0.00010000000474974513, ""val_mae12"": 0.9482629895210266, ""val_me"": -0.06172794295238963, ""val_me12"": 0.35479405671036207, ""mape_2021"": 3.2317006587982178, ""mae_2021"": 0.5178326964378357, ""mae12_2021"": 0.717758059501648, ""me_2021"": 0.12061056190070038, ""me12_2021"": -0.15496414047066598, ""epochs_trained"": 153}",2026-07-03T03:36:44.802868,completed
2,MAPE,12,3,selu,3,64,0.0,2.492056369781494,0.4699442386627197,1.0073524713516235,-0.09599480284496313,0.4353682527543845,2.492056369781494,0.49296891689300537,0.7516777515411377,0.04995765154804488,-0.07014005082853475,3.095750570297241,"{""loss"": 2.36140513420105, ""mape"": 2.36140513420105, ""mae"": 0.4648595154285431, ""val_loss"": 2.492056369781494, ""val_mape"": 2.492056369781494, ""val_mae"": 0.4699442386627197, ""lr"": 0.00010000000474974513, ""val_mae12"": 1.0073524713516235, ""val_me"": -0.09599480284496313, ""val_me12"": 0.4353682527543845, ""mape_2021"": 3.095750570297241, ""mae_2021"": 0.49296891689300537, ""mae12_2021"": 0.7516777515411377, ""me_2021"": 0.04995765154804488, ""me12_2021"": -0.07014005082853475, ""epochs_trained"": 375}",2026-07-03T03:36:45.222290,completed
3,MAPE,12,3,leaky_relu,3,128,0.0,2.7458696365356445,0.5358206629753113,0.9141080379486084,-0.20761942729394778,0.2304526536291971,2.7458696365356445,0.5459372997283936,0.7546409964561462,-0.054558552265119895,0.0368478474094685,3.346038341522217,"{""loss"": 2.692561388015747, ""mape"": 2.692561388015747, ""mae"": 0.5405583381652832, ""val_loss"": 2.7458696365356445, ""val_mape"": 2.7458696365356445, ""val_mae"": 0.5358206629753113, ""lr"": 1.0000000656873453e-05, ""val_mae12"": 0.9141080379486084, ""val_me"": -0.20761942729394778, ""val_me12"": 0.2304526536291971, ""mape_2021"": 3.346038341522217, ""mae_2021"": 0.5459372997283936, ""mae12_2021"": 0.7546409964561462, ""me_2021"": -0.054558552265119895, ""me12_2021"": 0.0368478474094685, ""epochs_trained"": 362}",2026-07-03T03:37:39.056745,completed
3,MAPE,12,3,leaky_relu,3,64,0.3,3.4224207401275635,0.6183355450630188,1.3784412145614624,0.26121084073041484,1.0195937464723537,3.4224207401275635,0.7164639830589294,1.0400127172470093,0.4292857445728598,0.5830041574201699,4.291637420654297,"{""loss"": 11.677114486694336, ""mape"": 11.677114486694336, ""mae"": 2.733253002166748, ""val_loss"": 3.4224207401275635, ""val_mape"": 3.4224207401275635, ""val_mae"": 0.6183355450630188, ""lr"": 0.00010000000474974513, ""val_mae12"": 1.3784412145614624, ""val_me"": 0.26121084073041484, ""val_me12"": 1.0195937464723537, ""mape_2021"": 4.291637420654297, ""mae_2021"": 0.7164639830589294, ""mae12_2021"": 1.0400127172470093, ""me_2021"": 0.4292857445728598, ""me12_2021"": 0.5830041574201699, ""epochs_trained"": 369}",2026-07-03T03:37:41.721744,completed
3,MAPE,12,3,leaky_relu,3,128,0.05,2.386582851409912,0.4325084984302521,0.9429237246513367,0.0038360426834881623,0.4317447109766885,2.386582851409912,0.48504307866096497,0.8650903105735779,0.10094079575491771,0.41797971642589066,3.1925156116485596,"{""loss"": 4.411158561706543, ""mape"": 4.411158561706543, ""mae"": 0.9503809213638306, ""val_loss"": 2.386582851409912, ""val_mape"": 2.386582851409912, ""val_mae"": 0.4325084984302521, ""lr"": 1.0000000656873453e-05, ""val_mae12"": 0.9429237246513367, ""val_me"": 0.0038360426834881623, ""val_me12"": 0.4317447109766885, ""mape_2021"": 3.1925156116485596, ""mae_2021"": 0.48504307866096497, ""mae12_2021"": 0.8650903105735779, ""me_2021"": 0.10094079575491771, ""me12_2021"": 0.41797971642589066, ""epochs_trained"": 481}",2026-07-03T03:37:51.576909,completed
3,MAPE,12,3,leaky_relu,3,64,0.1,2.6072795391082764,0.4725625216960907,1.1429784297943115,0.03421651979621333,0.6958554070016995,2.6072795391082764,0.5230244994163513,0.9347452521324158,0.1366280234314231,0.5608438049020088,3.3052003383636475,"{""loss"": 6.78794002532959, ""mape"": 6.78794002532959, ""mae"": 1.5335124731063843, ""val_loss"": 2.6072795391082764, ""val_mape"": 2.6072795391082764, ""val_mae"": 0.4725625216960907, ""lr"": 0.00010000000474974513, ""val_mae12"": 1.1429784297943115, ""val_me"": 0.03421651979621333, ""val_me12"": 0.6958554070016995, ""mape_2021"": 3.3052003383636475, ""mae_2021"": 0.5230244994163513, ""mae12_2021"": 0.9347452521324158, ""me_2021"": 0.1366280234314231, ""me12_2021"": 0.5608438049020088, ""epochs_trained"": 477}",2026-07-03T03:37:51.798660,completed
3,MAPE,12,3,leaky_relu,3,64,0.05,2.34832763671875,0.4367717504501343,0.9262951612472534,0.031169164510325476,0.30198418830873386,2.34832763671875,0.5028136372566223,0.9049610495567322,0.1480491792227321,0.0856316980413866,3.1639301776885986,"{""loss"": 5.4627251625061035, ""mape"": 5.4627251625061035, ""mae"": 1.2018086910247803, ""val_loss"": 2.34832763671875, ""val_mape"": 2.34832763671875, ""val_mae"": 0.4367717504501343, ""lr"": 1.0000000656873453e-05, ""val_mae12"": 0.9262951612472534, ""val_me"": 0.031169164510325476, ""val_me12"": 0.30198418830873386, ""mape_2021"": 3.1639301776885986, ""mae_2021"": 0.5028136372566223, ""mae12_2021"": 0.9049610495567322, ""me_2021"": 0.1480491792227321, ""me12_2021"": 0.0856316980413866, ""epochs_trained"": 541}",2026-07-03T03:38:00.385610,completed
3,MAPE,12,3,leaky_relu,3,64,0.0,2.5890953540802,0.5084784626960754,0.8665456175804138,-0.18733915780109245,0.22929711049570173,2.5890953540802,0.5173963904380798,0.7265257239341736,-0.036869953724283935,-0.041994819539228574,3.1533594131469727,"{""loss"": 2.5152220726013184, ""mape"": 2.5152220726013184, ""mae"": 0.5080865025520325, ""val_loss"": 2.5890953540802, ""val_mape"": 2.5890953540802, ""val_mae"": 0.5084784626960754, ""lr"": 1.0000000656873453e-05, ""val_mae12"": 0.8665456175804138, ""val_me"": -0.18733915780109245, ""val_me12"": 0.22929711049570173, ""mape_2021"": 3.1533594131469727, ""mae_2021"": 0.5173963904380798, ""mae12_2021"": 0.7265257239341736, ""me_2021"": -0.036869953724283935, ""me12_2021"": -0.041994819539228574, ""epochs_trained"": 617}",2026-07-03T03:38:14.694414,completed
3,MAPE,12,3,leaky_relu,3,128,0.3,2.870739698410034,0.5209767818450928,1.3541885614395142,0.1337260138730263,0.9717935689912371,2.870739698410034,0.589934766292572,1.073723554611206,0.23345265077833713,0.749627631277458,3.8146166801452637,"{""loss"": 8.9390869140625, ""mape"": 8.9390869140625, ""mae"": 2.039137840270996, ""val_loss"": 2.870739698410034, ""val_mape"": 2.870739698410034, ""val_mae"": 0.5209767818450928, ""lr"": 0.00010000000474974513, ""val_mae12"": 1.3541885614395142, ""val_me"": 0.1337260138730263, ""val_me12"": 0.9717935689912371, ""mape_2021"": 3.8146166801452637, ""mae_2021"": 0.589934766292572, ""mae12_2021"": 1.073723554611206, ""me_2021"": 0.23345265077833713, ""me12_2021"": 0.749627631277458, ""epochs_trained"": 308}",2026-07-03T03:38:58.985668,completed
3,MAPE,12,3,leaky_relu,3,128,0.1,2.295689344406128,0.4213268756866455,0.8976953625679016,0.024661882129511932,0.327801029647442,2.295689344406128,0.48902663588523865,0.8660853505134583,0.14950375192154602,0.31268590721383627,3.2475228309631348,"{""loss"": 5.240394115447998, ""mape"": 5.240394115447998, ""mae"": 1.1729902029037476, ""val_loss"": 2.295689344406128, ""val_mape"": 2.295689344406128, ""val_mae"": 0.4213268756866455, ""lr"": 0.00010000000474974513, ""val_mae12"": 0.8976953625679016, ""val_me"": 0.024661882129511932, ""val_me12"": 0.327801029647442, ""mape_2021"": 3.2475228309631348, ""mae_2021"": 0.48902663588523865, ""mae12_2021"": 0.8660853505134583, ""me_2021"": 0.14950375192154602, ""me12_2021"": 0.31268590721383627, ""epochs_trained"": 397}",2026-07-03T03:39:12.337114,completed
3,MAPE,12,3,leaky_relu,3,256,0.05,2.3920533657073975,0.42140352725982666,0.8366492986679077,-0.03615271599006854,0.35383740410007947,2.3920533657073975,0.4545760154724121,0.7888562083244324,0.07698849603429041,0.29056633586249353,2.8316783905029297,"{""loss"": 3.6160855293273926, ""mape"": 3.6160855293273926, ""mae"": 0.7609444856643677, ""val_loss"": 2.3920533657073975, ""val_mape"": 2.3920533657073975, ""val_mae"": 0.42140352725982666, ""lr"": 0.00010000000474974513, ""val_mae12"": 0.8366492986679077, ""val_me"": -0.03615271599006854, ""val_me12"": 0.35383740410007947, ""mape_2021"": 2.8316783905029297, ""mae_2021"": 0.4545760154724121, ""mae12_2021"": 0.7888562083244324, ""me_2021"": 0.07698849603429041, ""me12_2021"": 0.29056633586249353, ""epochs_trained"": 365}",2026-07-03T03:39:46.876228,completed
3,MAPE,12,3,leaky_relu,3,256,0.1,2.239898920059204,0.41356217861175537,0.849066436290741,-0.02172359469353085,0.3787851791887542,2.239898920059204,0.4573817253112793,0.7850266098976135,0.08252480328968084,0.42580727817124175,3.0007829666137695,"{""loss"": 4.297111988067627, ""mape"": 4.297111988067627, ""mae"": 0.9364933371543884, ""val_loss"": 2.239898920059204, ""val_mape"": 2.239898920059204, ""val_mae"": 0.41356217861175537, ""lr"": 1.0000000656873453e-05, ""val_mae12"": 0.849066436290741, ""val_me"": -0.02172359469353085, ""val_me12"": 0.3787851791887542, ""mape_2021"": 3.0007829666137695, ""mae_2021"": 0.4573817253112793, ""mae12_2021"": 0.7850266098976135, ""me_2021"": 0.08252480328968084, ""me12_2021"": 0.42580727817124175, ""epochs_trained"": 356}",2026-07-03T03:39:55.013383,completed
3,MAPE,12,3,leaky_relu,3,256,0.3,2.2981951236724854,0.4176304340362549,0.8821057081222534,0.055415217364943675,0.36172310684190406,2.2981951236724854,0.49182966351509094,0.8175934553146362,0.20814224834352602,0.15513681680632346,3.0702109336853027,"{""loss"": 6.3679351806640625, ""mape"": 6.3679351806640625, ""mae"": 1.447788119316101, ""val_loss"": 2.2981951236724854, ""val_mape"": 2.2981951236724854, ""val_mae"": 0.4176304340362549, ""lr"": 0.00010000000474974513, ""val_mae12"": 0.8821057081222534, ""val_me"": 0.055415217364943675, ""val_me12"": 0.36172310684190406, ""mape_2021"": 3.0702109336853027, ""mae_2021"": 0.49182966351509094, ""mae12_2021"": 0.8175934553146362, ""me_2021"": 0.20814224834352602, ""me12_2021"": 0.15513681680632346, ""epochs_trained"": 328}",2026-07-03T03:39:56.835654,completed
3,MAPE,12,3,leaky_relu,3,256,0.0,2.189296007156372,0.4185522496700287,0.6985849142074585,-0.11272337853683687,0.1153845096837977,2.189296007156372,0.44586673378944397,0.642518162727356,-0.005748489112352163,0.029363821984087365,2.779863119125366,"{""loss"": 2.0848488807678223, ""mape"": 2.0848488807678223, ""mae"": 0.4237711429595947, ""val_loss"": 2.189296007156372, ""val_mape"": 2.189296007156372, ""val_mae"": 0.4185522496700287, ""lr"": 1.0000000656873453e-05, ""val_mae12"": 0.6985849142074585, ""val_me"": -0.11272337853683687, ""val_me12"": 0.1153845096837977, ""mape_2021"": 2.779863119125366, ""mae_2021"": 0.44586673378944397, ""mae12_2021"": 0.642518162727356, ""me_2021"": -0.005748489112352163, ""me12_2021"": 0.029363821984087365, ""epochs_trained"": 901}",2026-07-03T03:40:22.559689,completed
3,MAPE,12,3,selu,1,16,0.3,43.30632781982422,8.192296028137207,18.808250427246094,5.207863605098878,18.904091654545095,43.30632781982422,10.031341552734375,18.616430282592773,6.915004202084641,18.642726813459348,66.74198150634766,"{""loss"": 59.01613998413086, ""mape"": 59.01613998413086, ""mae"": 13.32363224029541, ""val_loss"": 43.30632781982422, ""val_mape"": 43.30632781982422, ""val_mae"": 8.192296028137207, ""lr"": 0.00010000000474974513, ""val_mae12"": 18.808250427246094, ""val_me"": 5.207863605098878, ""val_me12"": 18.904091654545095, ""mape_2021"": 66.74198150634766, ""mae_2021"": 10.031341552734375, ""mae12_2021"": 18.616430282592773, ""me_2021"": 6.915004202084641, ""me12_2021"": 18.642726813459348, ""epochs_trained"": 313}",2026-07-03T03:40:45.310957,completed
3,MAPE,12,3,selu,1,32,0.1,48.43556594848633,9.650182723999023,13.395208358764648,6.041870976711075,13.408306623652873,48.43556594848633,10.783817291259766,14.09313678741455,7.650394769477888,14.055515337027394,66.36695098876953,"{""loss"": 50.01408386230469, ""mape"": 50.01408386230469, ""mae"": 10.544532775878906, ""val_loss"": 48.43556594848633, ""val_mape"": 48.43556594848633, ""val_mae"": 9.650182723999023, ""lr"": 0.00010000000474974513, ""val_mae12"": 13.395208358764648, ""val_me"": 6.041870976711075, ""val_me12"": 13.408306623652873, ""mape_2021"": 66.36695098876953, ""mae_2021"": 10.783817291259766, ""mae12_2021"": 14.09313678741455, ""me_2021"": 7.650394769477888, ""me12_2021"": 14.055515337027394, ""epochs_trained"": 177}",2026-07-03T03:40:55.922881,completed
3,MAPE,12,3,selu,1,32,0.05,10.679703712463379,2.4399728775024414,2.17108154296875,-2.078372345370997,1.8235935474645595,10.679703712463379,1.7576063871383667,1.2605364322662354,-1.243945596760432,1.0646041719820263,8.36504077911377,"{""loss"": 8.024250984191895, ""mape"": 8.024250984191895, ""mae"": 1.6456184387207031, ""val_loss"": 10.679703712463379, ""val_mape"": 10.679703712463379, ""val_mae"": 2.4399728775024414, ""lr"": 0.00010000000474974513, ""val_mae12"": 2.17108154296875, ""val_me"": -2.078372345370997, ""val_me12"": 1.8235935474645595, ""mape_2021"": 8.36504077911377, ""mae_2021"": 1.7576063871383667, ""mae12_2021"": 1.2605364322662354, ""me_2021"": -1.243945596760432, ""me12_2021"": 1.0646041719820263, ""epochs_trained"": 901}",2026-07-03T03:41:09.033742,completed
3,MAPE,12,3,selu,1,32,0.3,44.75403594970703,8.711935043334961,17.956375122070312,5.096299378875188,18.04119125399568,44.75403594970703,10.08354663848877,18.090795516967773,6.808558763770434,18.067575895381808,66.50152587890625,"{""loss"": 58.179664611816406, ""mape"": 58.179664611816406, ""mae"": 12.865828514099121, ""val_loss"": 44.75403594970703, ""val_mape"": 44.75403594970703, ""val_mae"": 8.711935043334961, ""lr"": 0.00010000000474974513, ""val_mae12"": 17.956375122070312, ""val_me"": 5.096299378875188, ""val_me12"": 18.04119125399568, ""mape_2021"": 66.50152587890625, ""mae_2021"": 10.08354663848877, ""mae12_2021"": 18.090795516967773, ""me_2021"": 6.808558763770434, ""me12_2021"": 18.067575895381808, ""epochs_trained"": 199}",2026-07-03T03:41:09.154265,completed
3,MAPE,12,3,selu,1,16,0.1,14.151573181152344,3.0943756103515625,4.722105979919434,-1.310449339856377,4.727555825249141,14.151573181152344,2.9972994327545166,3.668522596359253,-0.3197063237511697,3.6529291076059196,16.122549057006836,"{""loss"": 18.457868576049805, ""mape"": 18.457868576049805, ""mae"": 4.216131210327148, ""val_loss"": 14.151573181152344, ""val_mape"": 14.151573181152344, ""val_mae"": 3.0943756103515625, ""lr"": 0.00010000000474974513, ""val_mae12"": 4.722105979919434, ""val_me"": -1.310449339856377, ""val_me12"": 4.727555825249141, ""mape_2021"": 16.122549057006836, ""mae_2021"": 2.9972994327545166, ""mae12_2021"": 3.668522596359253, ""me_2021"": -0.3197063237511697, ""me12_2021"": 3.6529291076059196, ""epochs_trained"": 1039}",2026-07-03T03:41:14.317051,completed
3,MAPE,12,3,selu,1,64,0.1,50.170005798339844,9.933530807495117,12.933154106140137,7.062716305856467,12.744484990383725,50.170005798339844,11.091259002685547,13.516448020935059,8.751553988233663,13.22632891296629,67.96306610107422,"{""loss"": 50.43426513671875, ""mape"": 50.43426513671875, ""mae"": 10.424575805664062, ""val_loss"": 50.170005798339844, ""val_mape"": 50.170005798339844, ""val_mae"": 9.933530807495117, ""lr"": 0.00010000000474974513, ""val_mae12"": 12.933154106140137, ""val_me"": 7.062716305856467, ""val_me12"": 12.744484990383725, ""mape_2021"": 67.96306610107422, ""mae_2021"": 11.091259002685547, ""mae12_2021"": 13.516448020935059, ""me_2021"": 8.751553988233663, ""me12_2021"": 13.22632891296629, ""epochs_trained"": 135}",2026-07-03T03:41:24.362147,completed
3,MAPE,12,3,selu,1,16,0.05,9.267391204833984,2.039736270904541,2.1041674613952637,-0.8599161166061016,1.8962252118569842,9.267391204833984,1.9755629301071167,1.352857232093811,-0.11276451960852786,1.264569996941481,9.57662582397461,"{""loss"": 11.194482803344727, ""mape"": 11.194482803344727, ""mae"": 2.4481523036956787, ""val_loss"": 9.267391204833984, ""val_mape"": 9.267391204833984, ""val_mae"": 2.039736270904541, ""lr"": 0.00010000000474974513, ""val_mae12"": 2.1041674613952637, ""val_me"": -0.8599161166061016, ""val_me12"": 1.8962252118569842, ""mape_2021"": 9.57662582397461, ""mae_2021"": 1.9755629301071167, ""mae12_2021"": 1.352857232093811, ""me_2021"": -0.11276451960852786, ""me12_2021"": 1.264569996941481, ""epochs_trained"": 1278}",2026-07-03T03:41:24.952575,completed
3,MAPE,12,3,selu,1,64,0.3,48.42091751098633,9.680607795715332,18.758668899536133,5.244433951329629,18.838674612921597,48.42091751098633,10.189101219177246,18.718664169311523,7.063552628371538,18.6352340460194,67.88493347167969,"{""loss"": 55.763206481933594, ""mape"": 55.763206481933594, ""mae"": 12.04397201538086, ""val_loss"": 48.42091751098633, ""val_mape"": 48.42091751098633, ""val_mae"": 9.680607795715332, ""lr"": 0.00010000000474974513, ""val_mae12"": 18.758668899536133, ""val_me"": 5.244433951329629, ""val_me12"": 18.838674612921597, ""mape_2021"": 67.88493347167969, ""mae_2021"": 10.189101219177246, ""mae12_2021"": 18.718664169311523, ""me_2021"": 7.063552628371538, ""me12_2021"": 18.6352340460194, ""epochs_trained"": 159}",2026-07-03T03:41:34.642372,completed
3,MAPE,12,3,selu,1,64,0.05,9.611217498779297,2.098588228225708,3.4282853603363037,-1.742477150196878,3.3386806005231526,9.611217498779297,1.7531723976135254,2.4276273250579834,-1.3073300659194076,2.394240091502175,9.636209487915039,"{""loss"": 9.079870223999023, ""mape"": 9.079870223999023, ""mae"": 1.661764144897461, ""val_loss"": 9.611217498779297, ""val_mape"": 9.611217498779297, ""val_mae"": 2.098588228225708, ""lr"": 0.00010000000474974513, ""val_mae12"": 3.4282853603363037, ""val_me"": -1.742477150196878, ""val_me12"": 3.3386806005231526, ""mape_2021"": 9.636209487915039, ""mae_2021"": 1.7531723976135254, ""mae12_2021"": 2.4276273250579834, ""me_2021"": -1.3073300659194076, ""me12_2021"": 2.394240091502175, ""epochs_trained"": 594}",2026-07-03T03:41:37.956094,completed
3,MAPE,12,3,selu,1,32,0.0,2.8944027423858643,0.5759431719779968,0.8827465176582336,-0.0851346442621894,0.33336244538952536,2.8944027423858643,0.6439390778541565,0.6832982897758484,0.14645982988303022,-0.10910377846431461,3.6491987705230713,"{""loss"": 3.0149691104888916, ""mape"": 3.0149691104888916, ""mae"": 0.6203646659851074, ""val_loss"": 2.8944027423858643, ""val_mape"": 2.8944027423858643, ""val_mae"": 0.5759431719779968, ""lr"": 0.00010000000474974513, ""val_mae12"": 0.8827465176582336, ""val_me"": -0.0851346442621894, ""val_me12"": 0.33336244538952536, ""mape_2021"": 3.6491987705230713, ""mae_2021"": 0.6439390778541565, ""mae12_2021"": 0.6832982897758484, ""me_2021"": 0.14645982988303022, ""me12_2021"": -0.10910377846431461, ""epochs_trained"": 2298}",2026-07-03T03:41:59.986070,completed
3,MAPE,12,3,selu,1,64,0.0,2.9940361976623535,0.5920494794845581,0.9270334243774414,-0.1976746841497245,0.4193599183231627,2.9940361976623535,0.5975987911224365,0.6797291040420532,-0.05244527262676445,-0.03978836621006942,3.4819109439849854,"{""loss"": 3.0194835662841797, ""mape"": 3.0194835662841797, ""mae"": 0.6165362596511841, ""val_loss"": 2.9940361976623535, ""val_mape"": 2.9940361976623535, ""val_mae"": 0.5920494794845581, ""lr"": 0.00010000000474974513, ""val_mae12"": 0.9270334243774414, ""val_me"": -0.1976746841497245, ""val_me12"": 0.4193599183231627, ""mape_2021"": 3.4819109439849854, ""mae_2021"": 0.5975987911224365, ""mae12_2021"": 0.6797291040420532, ""me_2021"": -0.05244527262676445, ""me12_2021"": -0.03978836621006942, ""epochs_trained"": 1385}",2026-07-03T03:42:02.775292,completed
3,MAPE,12,3,selu,1,16,0.0,2.5951948165893555,0.49652475118637085,0.8836948275566101,-0.09340694018808679,0.36722611681637596,2.5951948165893555,0.523193359375,0.672902524471283,0.07893675410954674,-0.05443753014167762,3.1561994552612305,"{""loss"": 2.613778829574585, ""mape"": 2.613778829574585, ""mae"": 0.5186676383018494, ""val_loss"": 2.5951948165893555, ""val_mape"": 2.5951948165893555, ""val_mae"": 0.49652475118637085, ""lr"": 0.00010000000474974513, ""val_mae12"": 0.8836948275566101, ""val_me"": -0.09340694018808679, ""val_me12"": 0.36722611681637596, ""mape_2021"": 3.1561994552612305, ""mae_2021"": 0.523193359375, ""mae12_2021"": 0.672902524471283, ""me_2021"": 0.07893675410954674, ""me12_2021"": -0.05443753014167762, ""epochs_trained"": 2636}",2026-07-03T03:42:09.492678,completed
3,MAPE,12,3,selu,1,128,0.3,52.25771713256836,10.582763671875,18.624372482299805,5.454265891654092,18.70923245610665,52.25771713256836,10.064221382141113,18.526123046875,7.3089566869751215,18.38651871486235,67.26333618164062,"{""loss"": 53.65005111694336, ""mape"": 53.65005111694336, ""mae"": 11.350179672241211, ""val_loss"": 52.25771713256836, ""val_mape"": 52.25771713256836, ""val_mae"": 10.582763671875, ""lr"": 0.00010000000474974513, ""val_mae12"": 18.624372482299805, ""val_me"": 5.454265891654092, ""val_me12"": 18.70923245610665, ""mape_2021"": 67.26333618164062, ""mae_2021"": 10.064221382141113, ""mae12_2021"": 18.526123046875, ""me_2021"": 7.3089566869751215, ""me12_2021"": 18.38651871486235, ""epochs_trained"": 141}",2026-07-03T03:42:36.616629,completed
3,MAPE,12,3,selu,1,256,0.05,10.321404457092285,2.3605430126190186,1.7852797508239746,-2.177760974678088,1.170015705585653,10.321404457092285,2.018899917602539,1.1011290550231934,-1.6187301662955038,0.2282052840511053,8.956151962280273,"{""loss"": 11.66886043548584, ""mape"": 11.66886043548584, ""mae"": 2.236560106277466, ""val_loss"": 10.321404457092285, ""val_mape"": 10.321404457092285, ""val_mae"": 2.3605430126190186, ""lr"": 1.0000000656873453e-05, ""val_mae12"": 1.7852797508239746, ""val_me"": -2.177760974678088, ""val_me12"": 1.170015705585653, ""mape_2021"": 8.956151962280273, ""mae_2021"": 2.018899917602539, ""mae12_2021"": 1.1011290550231934, ""me_2021"": -1.6187301662955038, ""me12_2021"": 0.2282052840511053, ""epochs_trained"": 295}",2026-07-03T03:42:51.433311,completed
3,MAPE,12,3,selu,1,256,0.3,51.29880905151367,11.018708229064941,15.20340347290039,4.626986500202969,15.271165884398037,51.29880905151367,9.289982795715332,14.291451454162598,6.876827879197663,13.702160117508697,58.82756042480469,"{""loss"": 48.090858459472656, ""mape"": 48.090858459472656, ""mae"": 10.019674301147461, ""val_loss"": 51.29880905151367, ""val_mape"": 51.29880905151367, ""val_mae"": 11.018708229064941, ""lr"": 0.00010000000474974513, ""val_mae12"": 15.20340347290039, ""val_me"": 4.626986500202969, ""val_me12"": 15.271165884398037, ""mape_2021"": 58.82756042480469, ""mae_2021"": 9.289982795715332, ""mae12_2021"": 14.291451454162598, ""me_2021"": 6.876827879197663, ""me12_2021"": 13.702160117508697, ""epochs_trained"": 123}",2026-07-03T03:43:11.203091,completed
3,MAPE,12,3,selu,1,256,0.1,19.311756134033203,4.479247093200684,3.246349573135376,-4.00610403821649,2.767605940291725,19.311756134033203,3.5110514163970947,1.8336774110794067,-3.0283279228066364,1.4234266378217872,14.901802062988281,"{""loss"": 13.723398208618164, ""mape"": 13.723398208618164, ""mae"": 2.744551181793213, ""val_loss"": 19.311756134033203, ""val_mape"": 19.311756134033203, ""val_mae"": 4.479247093200684, ""lr"": 0.00010000000474974513, ""val_mae12"": 3.246349573135376, ""val_me"": -4.00610403821649, ""val_me12"": 2.767605940291725, ""mape_2021"": 14.901802062988281, ""mae_2021"": 3.5110514163970947, ""mae12_2021"": 1.8336774110794067, ""me_2021"": -3.0283279228066364, ""me12_2021"": 1.4234266378217872, ""epochs_trained"": 288}",2026-07-03T03:43:11.822578,completed
3,MAPE,12,3,selu,1,256,0.0,2.875018835067749,0.558958113193512,0.8424960970878601,-0.1261620416019706,0.3045891143288832,2.875018835067749,0.5804463028907776,0.6876822113990784,0.07177703044954303,0.026328477852382574,3.5365076065063477,"{""loss"": 2.826125144958496, ""mape"": 2.826125144958496, ""mae"": 0.5694088935852051, ""val_loss"": 2.875018835067749, ""val_mape"": 2.875018835067749, ""val_mae"": 0.558958113193512, ""lr"": 0.00010000000474974513, ""val_mae12"": 0.8424960970878601, ""val_me"": -0.1261620416019706, ""val_me12"": 0.3045891143288832, ""mape_2021"": 3.5365076065063477, ""mae_2021"": 0.5804463028907776, ""mae12_2021"": 0.6876822113990784, ""me_2021"": 0.07177703044954303, ""me12_2021"": 0.026328477852382574, ""epochs_trained"": 563}",2026-07-03T03:43:15.399621,completed
3,MAPE,12,3,selu,2,16,0.05,39.29219436645508,8.213186264038086,10.97599983215332,5.4011335771448765,11.046286402469903,39.29219436645508,8.67465591430664,11.814069747924805,6.675240160000054,11.907341748733824,53.48039245605469,"{""loss"": 43.56101608276367, ""mape"": 43.56101608276367, ""mae"": 9.347301483154297, ""val_loss"": 39.29219436645508, ""val_mape"": 39.29219436645508, ""val_mae"": 8.213186264038086, ""lr"": 0.00010000000474974513, ""val_mae12"": 10.97599983215332, ""val_me"": 5.4011335771448765, ""val_me12"": 11.046286402469903, ""mape_2021"": 53.48039245605469, ""mae_2021"": 8.67465591430664, ""mae12_2021"": 11.814069747924805, ""me_2021"": 6.675240160000054, ""me12_2021"": 11.907341748733824, ""epochs_trained"": 170}",2026-07-03T03:43:24.794862,completed
3,MAPE,12,3,selu,2,16,0.1,48.34857177734375,10.0855073928833,12.61157512664795,6.176586374897812,12.63797304279841,48.34857177734375,9.855203628540039,13.683734893798828,7.552640489320067,13.751398791023487,61.499019622802734,"{""loss"": 51.31843185424805, ""mape"": 51.31843185424805, ""mae"": 10.992790222167969, ""val_loss"": 48.34857177734375, ""val_mape"": 48.34857177734375, ""val_mae"": 10.0855073928833, ""lr"": 0.00010000000474974513, ""val_mae12"": 12.61157512664795, ""val_me"": 6.176586374897812, ""val_me12"": 12.63797304279841, ""mape_2021"": 61.499019622802734, ""mae_2021"": 9.855203628540039, ""mae12_2021"": 13.683734893798828, ""me_2021"": 7.552640489320067, ""me12_2021"": 13.751398791023487, ""epochs_trained"": 142}",2026-07-03T03:43:26.832390,completed
3,MAPE,12,3,selu,1,128,0.0,2.8727598190307617,0.5593231320381165,0.9507349133491516,-0.1257619992506983,0.4647380581562874,2.8727598190307617,0.6304715275764465,0.6752914190292358,-0.059840736560969346,-0.022240597772869308,3.5823569297790527,"{""loss"": 3.037447452545166, ""mape"": 3.037447452545166, ""mae"": 0.6134857535362244, ""val_loss"": 2.8727598190307617, ""val_mape"": 2.8727598190307617, ""val_mae"": 0.5593231320381165, ""lr"": 1.0000000656873453e-05, ""val_mae12"": 0.9507349133491516, ""val_me"": -0.1257619992506983, ""val_me12"": 0.4647380581562874, ""mape_2021"": 3.5823569297790527, ""mae_2021"": 0.6304715275764465, ""mae12_2021"": 0.6752914190292358, ""me_2021"": -0.059840736560969346, ""me12_2021"": -0.022240597772869308, ""epochs_trained"": 994}",2026-07-03T03:43:35.525711,completed
3,MAPE,12,3,selu,2,16,0.3,44.58662414550781,8.38982105255127,24.010725021362305,2.7139624448338626,24.112093217764617,44.58662414550781,8.968901634216309,24.70428466796875,4.152649394202537,24.858444990089154,68.3243637084961,"{""loss"": 64.04975128173828, ""mape"": 64.04975128173828, ""mae"": 15.120798110961914, ""val_loss"": 44.58662414550781, ""val_mape"": 44.58662414550781, ""val_mae"": 8.38982105255127, ""lr"": 0.00010000000474974513, ""val_mae12"": 24.010725021362305, ""val_me"": 2.7139624448338626, ""val_me12"": 24.112093217764617, ""mape_2021"": 68.3243637084961, ""mae_2021"": 8.968901634216309, ""mae12_2021"": 24.70428466796875, ""me_2021"": 4.152649394202537, ""me12_2021"": 24.858444990089154, ""epochs_trained"": 175}",2026-07-03T03:43:36.652550,completed
3,MAPE,12,3,selu,1,128,0.05,10.414044380187988,2.3261148929595947,3.3334598541259766,-1.994376784838535,3.2643541279693724,10.414044380187988,2.00258207321167,2.2138333320617676,-1.5422387870417191,2.2060144024685076,10.05162239074707,"{""loss"": 10.502974510192871, ""mape"": 10.502974510192871, ""mae"": 1.9131392240524292, ""val_loss"": 10.414044380187988, ""val_mape"": 10.414044380187988, ""val_mae"": 2.3261148929595947, ""lr"": 0.00010000000474974513, ""val_mae12"": 3.3334598541259766, ""val_me"": -1.994376784838535, ""val_me12"": 3.2643541279693724, ""mape_2021"": 10.05162239074707, ""mae_2021"": 2.00258207321167, ""mae12_2021"": 2.2138333320617676, ""me_2021"": -1.5422387870417191, ""me12_2021"": 2.2060144024685076, ""epochs_trained"": 419}",2026-07-03T03:43:41.387307,completed
3,MAPE,12,3,selu,2,16,0.0,2.444178342819214,0.4604620635509491,0.8585534691810608,-0.08807761914193434,0.243015517339647,2.444178342819214,0.49338287115097046,0.7549799680709839,0.0483098618001943,-0.21441968449447502,3.080281972885132,"{""loss"": 2.4959092140197754, ""mape"": 2.4959092140197754, ""mae"": 0.4863113760948181, ""val_loss"": 2.444178342819214, ""val_mape"": 2.444178342819214, ""val_mae"": 0.4604620635509491, ""lr"": 0.00010000000474974513, ""val_mae12"": 0.8585534691810608, ""val_me"": -0.08807761914193434, ""val_me12"": 0.243015517339647, ""mape_2021"": 3.080281972885132, ""mae_2021"": 0.49338287115097046, ""mae12_2021"": 0.7549799680709839, ""me_2021"": 0.0483098618001943, ""me12_2021"": -0.21441968449447502, ""epochs_trained"": 1022}",2026-07-03T03:43:58.064956,completed
3,MAPE,12,3,selu,1,128,0.1,19.155664443969727,4.215158939361572,7.524331092834473,-2.0005983076306935,7.549109985948752,19.155664443969727,4.310357093811035,6.121228218078613,-0.5895453273183782,6.036945178810705,24.284591674804688,"{""loss"": 21.75316619873047, ""mape"": 21.75316619873047, ""mae"": 4.562259197235107, ""val_loss"": 19.155664443969727, ""val_mape"": 19.155664443969727, ""val_mae"": 4.215158939361572, ""lr"": 1.0000000656873453e-05, ""val_mae12"": 7.524331092834473, ""val_me"": -2.0005983076306935, ""val_me12"": 7.549109985948752, ""mape_2021"": 24.284591674804688, ""mae_2021"": 4.310357093811035, ""mae12_2021"": 6.121228218078613, ""me_2021"": -0.5895453273183782, ""me12_2021"": 6.036945178810705, ""epochs_trained"": 2122}",2026-07-03T03:44:20.307329,completed
3,MAPE,12,3,selu,2,32,0.1,52.198150634765625,11.428701400756836,14.68680191040039,5.416945479079625,14.779749201356083,52.198150634765625,9.3916015625,16.008970260620117,6.621611986637794,16.136986537369925,61.747562408447266,"{""loss"": 46.44794464111328, ""mape"": 46.44794464111328, ""mae"": 9.882137298583984, ""val_loss"": 52.198150634765625, ""val_mape"": 52.198150634765625, ""val_mae"": 11.428701400756836, ""lr"": 0.00010000000474974513, ""val_mae12"": 14.68680191040039, ""val_me"": 5.416945479079625, ""val_me12"": 14.779749201356083, ""mape_2021"": 61.747562408447266, ""mae_2021"": 9.3916015625, ""mae12_2021"": 16.008970260620117, ""me_2021"": 6.621611986637794, ""me12_2021"": 16.136986537369925, ""epochs_trained"": 94}",2026-07-03T03:44:37.498212,completed
3,MAPE,12,3,selu,2,32,0.05,39.24989318847656,8.465073585510254,9.693704605102539,5.514896715634904,9.766450600686285,39.24989318847656,8.658600807189941,10.456011772155762,6.886052166273133,10.54863674026237,52.02370834350586,"{""loss"": 39.71243667602539, ""mape"": 39.71243667602539, ""mae"": 8.542691230773926, ""val_loss"": 39.24989318847656, ""val_mape"": 39.24989318847656, ""val_mae"": 8.465073585510254, ""lr"": 0.00010000000474974513, ""val_mae12"": 9.693704605102539, ""val_me"": 5.514896715634904, ""val_me12"": 9.766450600686285, ""mape_2021"": 52.02370834350586, ""mae_2021"": 8.658600807189941, ""mae12_2021"": 10.456011772155762, ""me_2021"": 6.886052166273133, ""me12_2021"": 10.54863674026237, ""epochs_trained"": 96}",2026-07-03T03:44:37.663372,completed
3,MAPE,12,3,selu,2,32,0.3,69.96131134033203,14.185961723327637,30.977062225341797,3.472430695771667,31.11786105553714,69.96131134033203,10.601336479187012,33.56953811645508,4.334991658234041,33.78892834455168,87.18138885498047,"{""loss"": 62.571800231933594, ""mape"": 62.571800231933594, ""mae"": 14.154593467712402, ""val_loss"": 69.96131134033203, ""val_mape"": 69.96131134033203, ""val_mae"": 14.185961723327637, ""lr"": 0.00010000000474974513, ""val_mae12"": 30.977062225341797, ""val_me"": 3.472430695771667, ""val_me12"": 31.11786105553714, ""mape_2021"": 87.18138885498047, ""mae_2021"": 10.601336479187012, ""mae12_2021"": 33.56953811645508, ""me_2021"": 4.334991658234041, ""me12_2021"": 33.78892834455168, ""epochs_trained"": 98}",2026-07-03T03:44:37.701290,completed
3,MAPE,12,3,selu,2,64,0.05,21.32598114013672,4.977567195892334,2.561203956604004,-3.2730083645945633,2.3869678652230113,21.32598114013672,4.520013332366943,1.6359206438064575,-1.6452317556130944,1.334832880438124,19.95680809020996,"{""loss"": 18.25322914123535, ""mape"": 18.25322914123535, ""mae"": 4.023590564727783, ""val_loss"": 21.32598114013672, ""val_mape"": 21.32598114013672, ""val_mae"": 4.977567195892334, ""lr"": 0.00010000000474974513, ""val_mae12"": 2.561203956604004, ""val_me"": -3.2730083645945633, ""val_me12"": 2.3869678652230113, ""mape_2021"": 19.95680809020996, ""mae_2021"": 4.520013332366943, ""mae12_2021"": 1.6359206438064575, ""me_2021"": -1.6452317556130944, ""me12_2021"": 1.334832880438124, ""epochs_trained"": 160}",2026-07-03T03:44:41.294270,completed
3,MAPE,12,3,selu,2,64,0.3,100.67245483398438,23.26382827758789,11.354262351989746,22.542810564780993,11.433005877417452,100.67245483398438,22.936851501464844,12.35636043548584,21.473773054668808,12.446619728355005,102.85292053222656,"{""loss"": 90.22998809814453, ""mape"": 90.22998809814453, ""mae"": 23.032470703125, ""val_loss"": 100.67245483398438, ""val_mape"": 100.67245483398438, ""val_mae"": 23.26382827758789, ""lr"": 0.00010000000474974513, ""val_mae12"": 11.354262351989746, ""val_me"": 22.542810564780993, ""val_me12"": 11.433005877417452, ""mape_2021"": 102.85292053222656, ""mae_2021"": 22.936851501464844, ""mae12_2021"": 12.35636043548584, ""me_2021"": 21.473773054668808, ""me12_2021"": 12.446619728355005, ""epochs_trained"": 40}",2026-07-03T03:44:45.188835,completed
3,MAPE,12,3,selu,2,64,0.1,54.33211135864258,12.268396377563477,14.580611228942871,5.579770315145664,14.664710814181554,54.33211135864258,9.437568664550781,15.659551620483398,6.852672208158038,15.76963345125158,61.1850471496582,"{""loss"": 43.723018646240234, ""mape"": 43.723018646240234, ""mae"": 9.355568885803223, ""val_loss"": 54.33211135864258, ""val_mape"": 54.33211135864258, ""val_mae"": 12.268396377563477, ""lr"": 0.00010000000474974513, ""val_mae12"": 14.580611228942871, ""val_me"": 5.579770315145664, ""val_me12"": 14.664710814181554, ""mape_2021"": 61.1850471496582, ""mae_2021"": 9.437568664550781, ""mae12_2021"": 15.659551620483398, ""me_2021"": 6.852672208158038, ""me12_2021"": 15.76963345125158, ""epochs_trained"": 74}",2026-07-03T03:44:47.452473,completed
3,MAPE,12,3,selu,2,128,0.05,31.06204605102539,6.736733436584473,5.467086315155029,-1.0298465463170927,0.8629391605623159,31.06204605102539,5.717827796936035,4.885314464569092,1.3288231607570875,-1.8406499923578108,29.516809463500977,"{""loss"": 23.899394989013672, ""mape"": 23.899394989013672, ""mae"": 5.0339579582214355, ""val_loss"": 31.06204605102539, ""val_mape"": 31.06204605102539, ""val_mae"": 6.736733436584473, ""lr"": 0.00010000000474974513, ""val_mae12"": 5.467086315155029, ""val_me"": -1.0298465463170927, ""val_me12"": 0.8629391605623159, ""mape_2021"": 29.516809463500977, ""mae_2021"": 5.717827796936035, ""mae12_2021"": 4.885314464569092, ""me_2021"": 1.3288231607570875, ""me12_2021"": -1.8406499923578108, ""epochs_trained"": 79}",2026-07-03T03:44:54.271707,completed
3,MAPE,12,3,selu,2,128,0.3,99.42658233642578,23.594017028808594,8.141371726989746,23.334305065509028,8.1457098730058,99.42658233642578,23.189903259277344,9.197813034057617,22.236220258985067,9.252867085220146,101.5491714477539,"{""loss"": 90.28870391845703, ""mape"": 90.28870391845703, ""mae"": 23.21377182006836, ""val_loss"": 99.42658233642578, ""val_mape"": 99.42658233642578, ""val_mae"": 23.594017028808594, ""lr"": 0.00010000000474974513, ""val_mae12"": 8.141371726989746, ""val_me"": 23.334305065509028, ""val_me12"": 8.1457098730058, ""mape_2021"": 101.5491714477539, ""mae_2021"": 23.189903259277344, ""mae12_2021"": 9.197813034057617, ""me_2021"": 22.236220258985067, ""me12_2021"": 9.252867085220146, ""epochs_trained"": 30}",2026-07-03T03:44:56.146654,completed
3,MAPE,12,3,selu,2,128,0.1,48.531864166259766,11.15103530883789,12.852099418640137,3.128208113668318,12.89849525717621,48.531864166259766,7.706110000610352,12.372564315795898,4.815263249564564,12.432212521890309,47.164310455322266,"{""loss"": 30.556612014770508, ""mape"": 30.556612014770508, ""mae"": 6.713417053222656, ""val_loss"": 48.531864166259766, ""val_mape"": 48.531864166259766, ""val_mae"": 11.15103530883789, ""lr"": 0.00010000000474974513, ""val_mae12"": 12.852099418640137, ""val_me"": 3.128208113668318, ""val_me12"": 12.89849525717621, ""mape_2021"": 47.164310455322266, ""mae_2021"": 7.706110000610352, ""mae12_2021"": 12.372564315795898, ""me_2021"": 4.815263249564564, ""me12_2021"": 12.432212521890309, ""epochs_trained"": 66}",2026-07-03T03:44:56.278252,completed
3,MAPE,12,3,selu,2,64,0.0,2.477747678756714,0.47694694995880127,0.9440121650695801,0.008549559922879557,0.23451796468116273,2.477747678756714,0.5408898591995239,0.7633422017097473,0.13178489644082475,-0.26717201594560847,3.299832582473755,"{""loss"": 2.5048649311065674, ""mape"": 2.5048649311065674, ""mae"": 0.4981336295604706, ""val_loss"": 2.477747678756714, ""val_mape"": 2.477747678756714, ""val_mae"": 0.47694694995880127, ""lr"": 0.00010000000474974513, ""val_mae12"": 0.9440121650695801, ""val_me"": 0.008549559922879557, ""val_me12"": 0.23451796468116273, ""mape_2021"": 3.299832582473755, ""mae_2021"": 0.5408898591995239, ""mae12_2021"": 0.7633422017097473, ""me_2021"": 0.13178489644082475, ""me12_2021"": -0.26717201594560847, ""epochs_trained"": 454}",2026-07-03T03:44:59.204026,completed
3,MAPE,12,3,selu,2,128,0.0,2.410311698913574,0.46859729290008545,0.8307387232780457,-0.1300240623391568,0.11461298619264385,2.410311698913574,0.5095970630645752,0.6992763876914978,0.030867906249377068,-0.26558379665176685,3.0798912048339844,"{""loss"": 2.3361644744873047, ""mape"": 2.3361644744873047, ""mae"": 0.4635193943977356, ""val_loss"": 2.410311698913574, ""val_mape"": 2.410311698913574, ""val_mae"": 0.46859729290008545, ""lr"": 1.0000000656873453e-05, ""val_mae12"": 0.8307387232780457, ""val_me"": -0.1300240623391568, ""val_me12"": 0.11461298619264385, ""mape_2021"": 3.0798912048339844, ""mae_2021"": 0.5095970630645752, ""mae12_2021"": 0.6992763876914978, ""me_2021"": 0.030867906249377068, ""me12_2021"": -0.26558379665176685, ""epochs_trained"": 412}",2026-07-03T03:45:04.883100,completed
3,MAPE,12,3,selu,2,32,0.0,2.3702127933502197,0.44422823190689087,0.9394037127494812,-0.07773811739242995,0.4955334981129214,2.3702127933502197,0.48742160201072693,0.7005911469459534,0.060757823703998355,0.03272025630270382,3.0184102058410645,"{""loss"": 2.4529759883880615, ""mape"": 2.4529759883880615, ""mae"": 0.4742808938026428, ""val_loss"": 2.3702127933502197, ""val_mape"": 2.3702127933502197, ""val_mae"": 0.44422823190689087, ""lr"": 0.00010000000474974513, ""val_mae12"": 0.9394037127494812, ""val_me"": -0.07773811739242995, ""val_me12"": 0.4955334981129214, ""mape_2021"": 3.0184102058410645, ""mae_2021"": 0.48742160201072693, ""mae12_2021"": 0.7005911469459534, ""me_2021"": 0.060757823703998355, ""me12_2021"": 0.03272025630270382, ""epochs_trained"": 824}",2026-07-03T03:45:10.688874,completed
3,MAPE,12,3,selu,2,256,0.05,36.688819885253906,7.825459957122803,5.439058303833008,3.0156392517224617,5.45327496895381,36.688819885253906,6.6536970138549805,4.092019557952881,5.0567417894405,4.050686515849558,32.585357666015625,"{""loss"": 23.591468811035156, ""mape"": 23.591468811035156, ""mae"": 4.894991874694824, ""val_loss"": 36.688819885253906, ""val_mape"": 36.688819885253906, ""val_mae"": 7.825459957122803, ""lr"": 0.00010000000474974513, ""val_mae12"": 5.439058303833008, ""val_me"": 3.0156392517224617, ""val_me12"": 5.45327496895381, ""mape_2021"": 32.585357666015625, ""mae_2021"": 6.6536970138549805, ""mae12_2021"": 4.092019557952881, ""me_2021"": 5.0567417894405, ""me12_2021"": 4.050686515849558, ""epochs_trained"": 52}",2026-07-03T03:45:35.017458,completed
3,MAPE,12,3,selu,2,256,0.1,58.637420654296875,12.626791954040527,8.864538192749023,1.040141025993464,8.874785746776165,58.637420654296875,6.340996265411377,7.321816921234131,2.9848234625302883,7.3174270096018965,34.092041015625,"{""loss"": 27.48021697998047, ""mape"": 27.48021697998047, ""mae"": 5.407175064086914, ""val_loss"": 58.637420654296875, ""val_mape"": 58.637420654296875, ""val_mae"": 12.626791954040527, ""lr"": 0.00010000000474974513, ""val_mae12"": 8.864538192749023, ""val_me"": 1.040141025993464, ""val_me12"": 8.874785746776165, ""mape_2021"": 34.092041015625, ""mae_2021"": 6.340996265411377, ""mae12_2021"": 7.321816921234131, ""me_2021"": 2.9848234625302883, ""me12_2021"": 7.3174270096018965, ""epochs_trained"": 55}",2026-07-03T03:45:35.205503,completed
3,MAPE,12,3,selu,2,256,0.3,187.54507446289062,43.16522216796875,24.01548194885254,-5.540269156574563,23.990581347481196,187.54507446289062,9.696151733398438,20.29372787475586,-3.1254133263777875,20.239840575096288,64.48792266845703,"{""loss"": 35.62636184692383, ""mape"": 35.62636184692383, ""mae"": 7.4260573387146, ""val_loss"": 187.54507446289062, ""val_mape"": 187.54507446289062, ""val_mae"": 43.16522216796875, ""lr"": 0.00010000000474974513, ""val_mae12"": 24.01548194885254, ""val_me"": -5.540269156574563, ""val_me12"": 23.990581347481196, ""mape_2021"": 64.48792266845703, ""mae_2021"": 9.696151733398438, ""mae12_2021"": 20.29372787475586, ""me_2021"": -3.1254133263777875, ""me12_2021"": 20.239840575096288, ""epochs_trained"": 64}",2026-07-03T03:45:35.729792,completed
3,MAPE,12,3,selu,3,16,0.05,35.671504974365234,8.275594711303711,10.9075345993042,3.752791164268437,10.97400197147759,35.671504974365234,7.401755332946777,11.569977760314941,5.109944912793584,11.65031399024146,45.88420104980469,"{""loss"": 38.294986724853516, ""mape"": 38.294986724853516, ""mae"": 8.582155227661133, ""val_loss"": 35.671504974365234, ""val_mape"": 35.671504974365234, ""val_mae"": 8.275594711303711, ""lr"": 0.00010000000474974513, ""val_mae12"": 10.9075345993042, ""val_me"": 3.752791164268437, ""val_me12"": 10.97400197147759, ""mape_2021"": 45.88420104980469, ""mae_2021"": 7.401755332946777, ""mae12_2021"": 11.569977760314941, ""me_2021"": 5.109944912793584, ""me12_2021"": 11.65031399024146, ""epochs_trained"": 132}",2026-07-03T03:45:39.533073,completed
3,MAPE,12,3,selu,3,16,0.3,81.14042663574219,17.746501922607422,18.658437728881836,16.27854725205028,18.73542048076709,81.14042663574219,19.6649112701416,19.58016014099121,15.763812936692794,19.682162981600182,97.07549285888672,"{""loss"": 84.35297393798828, ""mape"": 84.35297393798828, ""mae"": 21.30217933654785, ""val_loss"": 81.14042663574219, ""val_mape"": 81.14042663574219, ""val_mae"": 17.746501922607422, ""lr"": 0.00010000000474974513, ""val_mae12"": 18.658437728881836, ""val_me"": 16.27854725205028, ""val_me12"": 18.73542048076709, ""mape_2021"": 97.07549285888672, ""mae_2021"": 19.6649112701416, ""mae12_2021"": 19.58016014099121, ""me_2021"": 15.763812936692794, ""me12_2021"": 19.682162981600182, ""epochs_trained"": 95}",2026-07-03T03:45:46.922495,completed
3,MAPE,12,3,selu,3,16,0.1,57.978275299072266,12.621566772460938,18.63685417175293,4.839441250308899,18.73898766078036,57.978275299072266,8.776963233947754,20.282617568969727,5.717092105079105,20.434576475215792,64.49488830566406,"{""loss"": 50.224273681640625, ""mape"": 50.224273681640625, ""mae"": 10.699877738952637, ""val_loss"": 57.978275299072266, ""val_mape"": 57.978275299072266, ""val_mae"": 12.621566772460938, ""lr"": 0.00010000000474974513, ""val_mae12"": 18.63685417175293, ""val_me"": 4.839441250308899, ""val_me12"": 18.73898766078036, ""mape_2021"": 64.49488830566406, ""mae_2021"": 8.776963233947754, ""mae12_2021"": 20.282617568969727, ""me_2021"": 5.717092105079105, ""me12_2021"": 20.434576475215792, ""epochs_trained"": 101}",2026-07-03T03:45:47.038176,completed
3,MAPE,12,3,selu,3,32,0.05,43.58430099487305,9.676344871520996,12.881863594055176,4.761719810664126,12.964252508543545,43.58430099487305,7.775476455688477,13.833016395568848,5.7700333639321695,13.943392569525987,52.39627456665039,"{""loss"": 38.9043083190918, ""mape"": 38.9043083190918, ""mae"": 8.211648941040039, ""val_loss"": 43.58430099487305, ""val_mape"": 43.58430099487305, ""val_mae"": 9.676344871520996, ""lr"": 0.00010000000474974513, ""val_mae12"": 12.881863594055176, ""val_me"": 4.761719810664126, ""val_me12"": 12.964252508543545, ""mape_2021"": 52.39627456665039, ""mae_2021"": 7.775476455688477, ""mae12_2021"": 13.833016395568848, ""me_2021"": 5.7700333639321695, ""me12_2021"": 13.943392569525987, ""epochs_trained"": 85}",2026-07-03T03:45:51.225820,completed
3,MAPE,12,3,selu,3,32,0.3,101.26325988769531,22.34273910522461,12.31514835357666,20.704170053210426,12.397940009380918,101.26325988769531,21.62592887878418,13.173978805541992,19.896235786250607,13.27343548363398,98.0101089477539,"{""loss"": 88.53189086914062, ""mape"": 88.53189086914062, ""mae"": 22.49762725830078, ""val_loss"": 101.26325988769531, ""val_mape"": 101.26325988769531, ""val_mae"": 22.34273910522461, ""lr"": 0.00010000000474974513, ""val_mae12"": 12.31514835357666, ""val_me"": 20.704170053210426, ""val_me12"": 12.397940009380918, ""mape_2021"": 98.0101089477539, ""mae_2021"": 21.62592887878418, ""mae12_2021"": 13.173978805541992, ""me_2021"": 19.896235786250607, ""me12_2021"": 13.27343548363398, ""epochs_trained"": 45}",2026-07-03T03:45:55.533941,completed
3,MAPE,12,3,selu,3,32,0.1,65.83670806884766,15.106145858764648,19.39797019958496,4.900462811468812,19.49854590813724,65.83670806884766,9.852347373962402,21.09872817993164,5.99798150240555,21.249946524957323,68.9387435913086,"{""loss"": 48.14213180541992, ""mape"": 48.14213180541992, ""mae"": 10.36415958404541, ""val_loss"": 65.83670806884766, ""val_mape"": 65.83670806884766, ""val_mae"": 15.106145858764648, ""lr"": 0.00010000000474974513, ""val_mae12"": 19.39797019958496, ""val_me"": 4.900462811468812, ""val_me12"": 19.49854590813724, ""mape_2021"": 68.9387435913086, ""mae_2021"": 9.852347373962402, ""mae12_2021"": 21.09872817993164, ""me_2021"": 5.99798150240555, ""me12_2021"": 21.249946524957323, ""epochs_trained"": 63}",2026-07-03T03:45:56.470029,completed
3,MAPE,12,3,selu,3,32,0.0,2.4712560176849365,0.4786173701286316,0.9252980351448059,-0.12169722609198083,0.3048294073044562,2.4712560176849365,0.5052660703659058,0.6771518588066101,0.017754155339710424,-0.08410198495089516,3.046017646789551,"{""loss"": 2.393122673034668, ""mape"": 2.393122673034668, ""mae"": 0.47486427426338196, ""val_loss"": 2.4712560176849365, ""val_mape"": 2.4712560176849365, ""val_mae"": 0.4786173701286316, ""lr"": 1.0000000656873453e-05, ""val_mae12"": 0.9252980351448059, ""val_me"": -0.12169722609198083, ""val_me12"": 0.3048294073044562, ""mape_2021"": 3.046017646789551, ""mae_2021"": 0.5052660703659058, ""mae12_2021"": 0.6771518588066101, ""me_2021"": 0.017754155339710424, ""me12_2021"": -0.08410198495089516, ""epochs_trained"": 638}",2026-07-03T03:46:15.639533,completed
3,MAPE,12,3,selu,3,16,0.0,2.4963254928588867,0.4847492575645447,0.9115150570869446,-0.09757974235030081,0.23237909513196195,2.4963254928588867,0.5313500165939331,0.6400485038757324,0.04677008307294314,-0.025329120889245972,3.0050361156463623,"{""loss"": 2.513077735900879, ""mape"": 2.513077735900879, ""mae"": 0.5013650059700012, ""val_loss"": 2.4963254928588867, ""val_mape"": 2.4963254928588867, ""val_mae"": 0.4847492575645447, ""lr"": 0.00010000000474974513, ""val_mae12"": 0.9115150570869446, ""val_me"": -0.09757974235030081, ""val_me12"": 0.23237909513196195, ""mape_2021"": 3.0050361156463623, ""mae_2021"": 0.5313500165939331, ""mae12_2021"": 0.6400485038757324, ""me_2021"": 0.04677008307294314, ""me12_2021"": -0.025329120889245972, ""epochs_trained"": 960}",2026-07-03T03:46:22.512309,completed
3,MAPE,12,3,selu,2,256,0.0,2.1902873516082764,0.4191347062587738,0.8250618577003479,-0.10353075737945276,0.20185469687874605,2.1902873516082764,0.428356409072876,0.6850320100784302,0.013159759070376637,-0.09444610083014385,2.7123231887817383,"{""loss"": 2.07554030418396, ""mape"": 2.07554030418396, ""mae"": 0.41598114371299744, ""val_loss"": 2.1902873516082764, ""val_mape"": 2.1902873516082764, ""val_mae"": 0.4191347062587738, ""lr"": 9.999999747378752e-06, ""val_mae12"": 0.8250618577003479, ""val_me"": -0.10353075737945276, ""val_me12"": 0.20185469687874605, ""mape_2021"": 2.7123231887817383, ""mae_2021"": 0.428356409072876, ""mae12_2021"": 0.6850320100784302, ""me_2021"": 0.013159759070376637, ""me12_2021"": -0.09444610083014385, ""epochs_trained"": 1422}",2026-07-03T03:46:54.965830,completed
3,MAPE,12,3,selu,3,64,0.3,131.9310760498047,27.43465805053711,10.304910659790039,22.174840233926652,10.375161118414518,131.9310760498047,22.582551956176758,11.025647163391113,21.250062281570234,11.103620281079914,99.05313110351562,"{""loss"": 88.21575164794922, ""mape"": 88.21575164794922, ""mae"": 22.631189346313477, ""val_loss"": 131.9310760498047, ""val_mape"": 131.9310760498047, ""val_mae"": 27.43465805053711, ""lr"": 0.00010000000474974513, ""val_mae12"": 10.304910659790039, ""val_me"": 22.174840233926652, ""val_me12"": 10.375161118414518, ""mape_2021"": 99.05313110351562, ""mae_2021"": 22.582551956176758, ""mae12_2021"": 11.025647163391113, ""me_2021"": 21.250062281570234, ""me12_2021"": 11.103620281079914, ""epochs_trained"": 37}",2026-07-03T03:47:15.952412,completed
3,MAPE,12,3,selu,3,64,0.05,31.939136505126953,7.443294048309326,9.240314483642578,3.5275054656236233,9.284588109947007,31.939136505126953,6.629415035247803,9.010704040527344,4.873678306252111,9.055957808796515,38.94925308227539,"{""loss"": 25.80276107788086, ""mape"": 25.80276107788086, ""mae"": 5.877553939819336, ""val_loss"": 31.939136505126953, ""val_mape"": 31.939136505126953, ""val_mae"": 7.443294048309326, ""lr"": 0.00010000000474974513, ""val_mae12"": 9.240314483642578, ""val_me"": 3.5275054656236233, ""val_me12"": 9.284588109947007, ""mape_2021"": 38.94925308227539, ""mae_2021"": 6.629415035247803, ""mae12_2021"": 9.010704040527344, ""me_2021"": 4.873678306252111, ""me12_2021"": 9.055957808796515, ""epochs_trained"": 66}",2026-07-03T03:47:16.784299,completed
3,MAPE,12,3,selu,3,64,0.1,67.69828796386719,16.059499740600586,19.25806999206543,2.5654442966765862,19.33306448806997,67.69828796386719,8.06804370880127,20.010419845581055,3.698081836301245,20.114922138533718,58.36319351196289,"{""loss"": 35.380653381347656, ""mape"": 35.380653381347656, ""mae"": 7.8865647315979, ""val_loss"": 67.69828796386719, ""val_mape"": 67.69828796386719, ""val_mae"": 16.059499740600586, ""lr"": 0.00010000000474974513, ""val_mae12"": 19.25806999206543, ""val_me"": 2.5654442966765862, ""val_me12"": 19.33306448806997, ""mape_2021"": 58.36319351196289, ""mae_2021"": 8.06804370880127, ""mae12_2021"": 20.010419845581055, ""me_2021"": 3.698081836301245, ""me12_2021"": 20.114922138533718, ""epochs_trained"": 64}",2026-07-03T03:47:17.041569,completed
3,MAPE,12,3,selu,3,128,0.05,29.753314971923828,6.828100204467773,3.5424251556396484,-4.250454883266038,1.0984784248729822,29.753314971923828,5.559871196746826,3.319512128829956,-2.54018405770822,-0.7184222297993472,26.265113830566406,"{""loss"": 15.938882827758789, ""mape"": 15.938882827758789, ""mae"": 3.3716845512390137, ""val_loss"": 29.753314971923828, ""val_mape"": 29.753314971923828, ""val_mae"": 6.828100204467773, ""lr"": 0.00010000000474974513, ""val_mae12"": 3.5424251556396484, ""val_me"": -4.250454883266038, ""val_me12"": 1.0984784248729822, ""mape_2021"": 26.265113830566406, ""mae_2021"": 5.559871196746826, ""mae12_2021"": 3.319512128829956, ""me_2021"": -2.54018405770822, ""me12_2021"": -0.7184222297993472, ""epochs_trained"": 76}",2026-07-03T03:47:17.721918,completed
3,MAPE,12,3,selu,3,128,0.3,123.66749572753906,25.151063919067383,7.575798988342285,23.144609309656932,7.621424951964451,123.66749572753906,23.035079956054688,8.22195816040039,22.15591729300881,8.271406318560302,98.1230697631836,"{""loss"": 86.1846923828125, ""mape"": 86.1846923828125, ""mae"": 22.1870059967041, ""val_loss"": 123.66749572753906, ""val_mape"": 123.66749572753906, ""val_mae"": 25.151063919067383, ""lr"": 0.00010000000474974513, ""val_mae12"": 7.575798988342285, ""val_me"": 23.144609309656932, ""val_me12"": 7.621424951964451, ""mape_2021"": 98.1230697631836, ""mae_2021"": 23.035079956054688, ""mae12_2021"": 8.22195816040039, ""me_2021"": 22.15591729300881, ""me12_2021"": 8.271406318560302, ""epochs_trained"": 29}",2026-07-03T03:47:31.926229,completed
3,MAPE,12,3,selu,3,128,0.1,66.60546875,15.353445053100586,15.192666053771973,2.5355262723126737,15.244834618630621,66.60546875,7.2696967124938965,15.055840492248535,3.9258790024228007,15.127267046364981,48.83951187133789,"{""loss"": 27.952943801879883, ""mape"": 27.952943801879883, ""mae"": 5.993349075317383, ""val_loss"": 66.60546875, ""val_mape"": 66.60546875, ""val_mae"": 15.353445053100586, ""lr"": 0.00010000000474974513, ""val_mae12"": 15.192666053771973, ""val_me"": 2.5355262723126737, ""val_me12"": 15.244834618630621, ""mape_2021"": 48.83951187133789, ""mae_2021"": 7.2696967124938965, ""mae12_2021"": 15.055840492248535, ""me_2021"": 3.9258790024228007, ""me12_2021"": 15.127267046364981, ""epochs_trained"": 48}",2026-07-03T03:47:31.969385,completed
3,MAPE,12,3,selu,3,256,0.05,35.547855377197266,7.907614707946777,4.482255458831787,3.810241999001701,4.379070954385017,35.547855377197266,6.6606597900390625,4.043120861053467,5.4688710762037696,3.559203799381913,34.585838317871094,"{""loss"": 18.340526580810547, ""mape"": 18.340526580810547, ""mae"": 3.807512044906616, ""val_loss"": 35.547855377197266, ""val_mape"": 35.547855377197266, ""val_mae"": 7.907614707946777, ""lr"": 0.00010000000474974513, ""val_mae12"": 4.482255458831787, ""val_me"": 3.810241999001701, ""val_me12"": 4.379070954385017, ""mape_2021"": 34.585838317871094, ""mae_2021"": 6.6606597900390625, ""mae12_2021"": 4.043120861053467, ""me_2021"": 5.4688710762037696, ""me12_2021"": 3.559203799381913, ""epochs_trained"": 39}",2026-07-03T03:47:36.101243,completed
3,MAPE,12,3,selu,3,128,0.0,2.409165143966675,0.4743734896183014,0.9425796866416931,-0.13756194338188846,0.3799970826329047,2.409165143966675,0.4885588586330414,0.7125417590141296,0.030528629423182012,-0.08536985799484843,3.017979383468628,"{""loss"": 2.3427939414978027, ""mape"": 2.3427939414978027, ""mae"": 0.46738478541374207, ""val_loss"": 2.409165143966675, ""val_mape"": 2.409165143966675, ""val_mae"": 0.4743734896183014, ""lr"": 1.0000000656873453e-05, ""val_mae12"": 0.9425796866416931, ""val_me"": -0.13756194338188846, ""val_me12"": 0.3799970826329047, ""mape_2021"": 3.017979383468628, ""mae_2021"": 0.4885588586330414, ""mae12_2021"": 0.7125417590141296, ""me_2021"": 0.030528629423182012, ""me12_2021"": -0.08536985799484843, ""epochs_trained"": 290}",2026-07-03T03:47:46.221369,completed
3,MAPE,12,3,selu,3,256,0.3,124.99102783203125,25.622583389282227,3.401761293411255,23.49829529300553,2.3806548446021223,124.99102783203125,23.016498565673828,3.922590494155884,22.67430594770301,2.951617136303533,96.20654296875,"{""loss"": 82.71886444091797, ""mape"": 82.71886444091797, ""mae"": 21.56466293334961, ""val_loss"": 124.99102783203125, ""val_mape"": 124.99102783203125, ""val_mae"": 25.622583389282227, ""lr"": 0.00010000000474974513, ""val_mae12"": 3.401761293411255, ""val_me"": 23.49829529300553, ""val_me12"": 2.3806548446021223, ""mape_2021"": 96.20654296875, ""mae_2021"": 23.016498565673828, ""mae12_2021"": 3.922590494155884, ""me_2021"": 22.67430594770301, ""me12_2021"": 2.951617136303533, ""epochs_trained"": 26}",2026-07-03T03:47:46.879781,completed
3,MAPE,12,3,selu,3,256,0.1,74.58721923828125,16.52286148071289,8.464496612548828,2.982096751672482,8.464411367036638,74.58721923828125,6.749727725982666,6.857845306396484,4.549612497640064,6.842086946228648,34.621826171875,"{""loss"": 24.113094329833984, ""mape"": 24.113094329833984, ""mae"": 5.023532390594482, ""val_loss"": 74.58721923828125, ""val_mape"": 74.58721923828125, ""val_mae"": 16.52286148071289, ""lr"": 0.00010000000474974513, ""val_mae12"": 8.464496612548828, ""val_me"": 2.982096751672482, ""val_me12"": 8.464411367036638, ""mape_2021"": 34.621826171875, ""mae_2021"": 6.749727725982666, ""mae12_2021"": 6.857845306396484, ""me_2021"": 4.549612497640064, ""me12_2021"": 6.842086946228648, ""epochs_trained"": 40}",2026-07-03T03:47:47.327039,completed
3,MAPE,12,3,selu,3,64,0.0,2.445648193359375,0.47106778621673584,0.8785771131515503,-0.11518862539105994,0.1827782022121269,2.445648193359375,0.5107478499412537,0.6983486413955688,0.06712976409096336,-0.22670068102117,3.097989082336426,"{""loss"": 2.4051311016082764, ""mape"": 2.4051311016082764, ""mae"": 0.47970330715179443, ""val_loss"": 2.445648193359375, ""val_mape"": 2.445648193359375, ""val_mae"": 0.47106778621673584, ""lr"": 0.00010000000474974513, ""val_mae12"": 0.8785771131515503, ""val_me"": -0.11518862539105994, ""val_me12"": 0.1827782022121269, ""mape_2021"": 3.097989082336426, ""mae_2021"": 0.5107478499412537, ""mae12_2021"": 0.6983486413955688, ""me_2021"": 0.06712976409096336, ""me12_2021"": -0.22670068102117, ""epochs_trained"": 350}",2026-07-03T03:47:47.647890,completed
3,MAPE,12,3,selu,3,256,0.0,2.59464430809021,0.5197259187698364,0.9963393211364746,-0.15158024992546806,0.46649923827025813,2.59464430809021,0.5021429061889648,0.7044147253036499,0.027327663045943206,-0.015966697959100242,3.1355645656585693,"{""loss"": 2.487553358078003, ""mape"": 2.487553358078003, ""mae"": 0.4981640875339508, ""val_loss"": 2.59464430809021, ""val_mape"": 2.59464430809021, ""val_mae"": 0.5197259187698364, ""lr"": 1.0000000656873453e-05, ""val_mae12"": 0.9963393211364746, ""val_me"": -0.15158024992546806, ""val_me12"": 0.46649923827025813, ""mape_2021"": 3.1355645656585693, ""mae_2021"": 0.5021429061889648, ""mae12_2021"": 0.7044147253036499, ""me_2021"": 0.027327663045943206, ""me12_2021"": -0.015966697959100242, ""epochs_trained"": 171}",2026-07-03T03:47:47.751416,completed
