run_num,model_type,lead_time,cycle,activation,num_layers,neurons,dropout,loss_value,val_mae,val_mae12,val_me,val_me12,val_mape,mae_2021,mae12_2021,me_2021,me12_2021,mape_2021,metrics,timestamp,status
1,MAPE,96,1,leaky_relu,3,128,0.1,5.321181297302246,1.1414076089859009,1.2871150970458984,0.49564889057927236,-0.5344388993513938,5.321181297302246,0.9441616535186768,1.495751142501831,0.5283406447520103,-0.9053574064410623,5.449080467224121,"{""loss"": 6.590021133422852, ""mape"": 6.590021133422852, ""mae"": 1.4304895401000977, ""val_loss"": 5.321181297302246, ""val_mape"": 5.321181297302246, ""val_mae"": 1.1414076089859009, ""lr"": 0.00010000000474974513, ""val_mae12"": 1.2871150970458984, ""val_me"": 0.49564889057927236, ""val_me12"": -0.5344388993513938, ""mape_2021"": 5.449080467224121, ""mae_2021"": 0.9441616535186768, ""mae12_2021"": 1.495751142501831, ""me_2021"": 0.5283406447520103, ""me12_2021"": -0.9053574064410623, ""epochs_trained"": 283}",2026-07-02T07:53:38.519328,completed
1,MAPE,96,1,leaky_relu,3,128,0.3,5.807269096374512,1.2360562086105347,1.2968212366104126,0.682229352367229,-0.6308614667606839,5.807269096374512,1.011252760887146,1.5731775760650635,0.7304254473503906,-1.0112212468120185,5.798719882965088,"{""loss"": 9.085213661193848, ""mape"": 9.085213661193848, ""mae"": 2.040632724761963, ""val_loss"": 5.807269096374512, ""val_mape"": 5.807269096374512, ""val_mae"": 1.2360562086105347, ""lr"": 0.00010000000474974513, ""val_mae12"": 1.2968212366104126, ""val_me"": 0.682229352367229, ""val_me12"": -0.6308614667606839, ""mape_2021"": 5.798719882965088, ""mae_2021"": 1.011252760887146, ""mae12_2021"": 1.5731775760650635, ""me_2021"": 0.7304254473503906, ""me12_2021"": -1.0112212468120185, ""epochs_trained"": 313}",2026-07-02T07:53:40.704572,completed
1,MAPE,96,1,leaky_relu,3,128,0.0,5.038692951202393,1.0174368619918823,1.073257565498352,0.37000102890318864,-0.003451480636165052,5.038692951202393,0.9200658202171326,1.4691212177276611,0.28594003192078954,0.13248286132299733,5.1704816818237305,"{""loss"": 3.7265026569366455, ""mape"": 3.7265026569366455, ""mae"": 0.7730419635772705, ""val_loss"": 5.038692951202393, ""val_mape"": 5.038692951202393, ""val_mae"": 1.0174368619918823, ""lr"": 1.0000000656873453e-05, ""val_mae12"": 1.073257565498352, ""val_me"": 0.37000102890318864, ""val_me12"": -0.003451480636165052, ""mape_2021"": 5.1704816818237305, ""mae_2021"": 0.9200658202171326, ""mae12_2021"": 1.4691212177276611, ""me_2021"": 0.28594003192078954, ""me12_2021"": 0.13248286132299733, ""epochs_trained"": 332}",2026-07-02T07:53:42.282126,completed
1,MAPE,96,1,leaky_relu,3,128,0.05,4.699955463409424,0.9490864872932434,1.2090914249420166,0.5399764854710146,-0.561174032975314,4.699955463409424,0.8283867239952087,1.0282069444656372,0.4991479557228551,-0.43376591265361125,4.704349517822266,"{""loss"": 5.215205669403076, ""mape"": 5.215205669403076, ""mae"": 1.112913727760315, ""val_loss"": 4.699955463409424, ""val_mape"": 4.699955463409424, ""val_mae"": 0.9490864872932434, ""lr"": 1.0000000656873453e-05, ""val_mae12"": 1.2090914249420166, ""val_me"": 0.5399764854710146, ""val_me12"": -0.561174032975314, ""mape_2021"": 4.704349517822266, ""mae_2021"": 0.8283867239952087, ""mae12_2021"": 1.0282069444656372, ""me_2021"": 0.4991479557228551, ""me12_2021"": -0.43376591265361125, ""epochs_trained"": 344}",2026-07-02T07:53:43.790197,completed
1,MAPE,96,1,leaky_relu,3,64,0.05,4.474305152893066,0.9119999408721924,1.0647518634796143,0.5181154246242798,-0.3287335425448118,4.474305152893066,0.8214841485023499,1.1296820640563965,0.46318339128059843,-0.04780951806400173,4.8528361320495605,"{""loss"": 5.653851509094238, ""mape"": 5.653851509094238, ""mae"": 1.2520391941070557, ""val_loss"": 4.474305152893066, ""val_mape"": 4.474305152893066, ""val_mae"": 0.9119999408721924, ""lr"": 0.00010000000474974513, ""val_mae12"": 1.0647518634796143, ""val_me"": 0.5181154246242798, ""val_me12"": -0.3287335425448118, ""mape_2021"": 4.8528361320495605, ""mae_2021"": 0.8214841485023499, ""mae12_2021"": 1.1296820640563965, ""me_2021"": 0.46318339128059843, ""me12_2021"": -0.04780951806400173, ""epochs_trained"": 453}",2026-07-02T07:54:06.076475,completed
1,MAPE,96,1,leaky_relu,3,64,0.1,4.70188045501709,0.9906659126281738,1.216501235961914,0.5856822863056439,-0.7231027237333159,4.70188045501709,0.8103517889976501,1.0194439888000488,0.550999887077471,-0.6096361362453363,4.492138862609863,"{""loss"": 6.757753849029541, ""mape"": 6.757753849029541, ""mae"": 1.5262891054153442, ""val_loss"": 4.70188045501709, ""val_mape"": 4.70188045501709, ""val_mae"": 0.9906659126281738, ""lr"": 0.00010000000474974513, ""val_mae12"": 1.216501235961914, ""val_me"": 0.5856822863056439, ""val_me12"": -0.7231027237333159, ""mape_2021"": 4.492138862609863, ""mae_2021"": 0.8103517889976501, ""mae12_2021"": 1.0194439888000488, ""me_2021"": 0.550999887077471, ""me12_2021"": -0.6096361362453363, ""epochs_trained"": 527}",2026-07-02T07:54:31.145440,completed
1,MAPE,96,1,leaky_relu,3,64,0.0,4.518356800079346,0.9103432297706604,1.0955426692962646,0.4523918126855472,-0.2345972413205227,4.518356800079346,0.825875461101532,0.9335346817970276,0.30750937573827686,0.11868006789414355,4.797977924346924,"{""loss"": 3.280064582824707, ""mape"": 3.280064582824707, ""mae"": 0.6845341324806213, ""val_loss"": 4.518356800079346, ""val_mape"": 4.518356800079346, ""val_mae"": 0.9103432297706604, ""lr"": 1.0000000656873453e-05, ""val_mae12"": 1.0955426692962646, ""val_me"": 0.4523918126855472, ""val_me12"": -0.2345972413205227, ""mape_2021"": 4.797977924346924, ""mae_2021"": 0.825875461101532, ""mae12_2021"": 0.9335346817970276, ""me_2021"": 0.30750937573827686, ""me12_2021"": 0.11868006789414355, ""epochs_trained"": 587}",2026-07-02T07:54:54.754089,completed
1,MAPE,96,1,leaky_relu,3,64,0.3,15.395395278930664,3.2401905059814453,3.133319616317749,2.177530727463824,0.34605694626799144,15.395395278930664,3.4494082927703857,3.6722054481506348,2.449117629693131,-2.176266187733876,18.562047958374023,"{""loss"": 21.4774227142334, ""mape"": 21.4774227142334, ""mae"": 4.670790672302246, ""val_loss"": 15.395395278930664, ""val_mape"": 15.395395278930664, ""val_mae"": 3.2401905059814453, ""lr"": 1.0000000656873453e-05, ""val_mae12"": 3.133319616317749, ""val_me"": 2.177530727463824, ""val_me12"": 0.34605694626799144, ""mape_2021"": 18.562047958374023, ""mae_2021"": 3.4494082927703857, ""mae12_2021"": 3.6722054481506348, ""me_2021"": 2.449117629693131, ""me12_2021"": -2.176266187733876, ""epochs_trained"": 719}",2026-07-02T07:55:18.458956,completed
1,MAPE,96,1,leaky_relu,3,256,0.0,4.861637592315674,0.9004046320915222,1.073524832725525,0.11734481929637339,-0.01041470079007375,4.861637592315674,0.8140602111816406,1.3982690572738647,0.003601669249560195,0.5872998047024612,5.097171306610107,"{""loss"": 3.247650384902954, ""mape"": 3.247650384902954, ""mae"": 0.6725802421569824, ""val_loss"": 4.861637592315674, ""val_mape"": 4.861637592315674, ""val_mae"": 0.9004046320915222, ""lr"": 0.00010000000474974513, ""val_mae12"": 1.073524832725525, ""val_me"": 0.11734481929637339, ""val_me12"": -0.01041470079007375, ""mape_2021"": 5.097171306610107, ""mae_2021"": 0.8140602111816406, ""mae12_2021"": 1.3982690572738647, ""me_2021"": 0.003601669249560195, ""me12_2021"": 0.5872998047024612, ""epochs_trained"": 307}",2026-07-02T07:55:19.034882,completed
1,MAPE,96,1,leaky_relu,3,256,0.3,6.174093723297119,1.3728598356246948,1.4245014190673828,0.7470839600707383,-0.7511005962340801,6.174093723297119,1.0900659561157227,1.703709602355957,0.7700265294999098,-1.1193901994274673,6.134711742401123,"{""loss"": 7.872581958770752, ""mape"": 7.872581958770752, ""mae"": 1.7342727184295654, ""val_loss"": 6.174093723297119, ""val_mape"": 6.174093723297119, ""val_mae"": 1.3728598356246948, ""lr"": 0.00010000000474974513, ""val_mae12"": 1.4245014190673828, ""val_me"": 0.7470839600707383, ""val_me12"": -0.7511005962340801, ""mape_2021"": 6.134711742401123, ""mae_2021"": 1.0900659561157227, ""mae12_2021"": 1.703709602355957, ""me_2021"": 0.7700265294999098, ""me12_2021"": -1.1193901994274673, ""epochs_trained"": 224}",2026-07-02T07:55:19.039882,completed
1,MAPE,96,1,leaky_relu,3,256,0.05,4.630354881286621,0.9405109882354736,1.170565128326416,0.3578760838178309,-0.5449626630873088,4.630354881286621,0.7746152281761169,1.1817445755004883,0.3138906936886746,-0.2435700303056125,4.554067134857178,"{""loss"": 4.237218379974365, ""mape"": 4.237218379974365, ""mae"": 0.898303747177124, ""val_loss"": 4.630354881286621, ""val_mape"": 4.630354881286621, ""val_mae"": 0.9405109882354736, ""lr"": 0.00010000000474974513, ""val_mae12"": 1.170565128326416, ""val_me"": 0.3578760838178309, ""val_me12"": -0.5449626630873088, ""mape_2021"": 4.554067134857178, ""mae_2021"": 0.7746152281761169, ""mae12_2021"": 1.1817445755004883, ""me_2021"": 0.3138906936886746, ""me12_2021"": -0.2435700303056125, ""epochs_trained"": 290}",2026-07-02T07:55:20.592601,completed
1,MAPE,96,1,leaky_relu,3,256,0.1,4.630002021789551,0.941580057144165,1.2034002542495728,0.4631803955580085,-0.47528308615927245,4.630002021789551,0.8225492835044861,1.1801189184188843,0.43658589842985784,-0.33445181782206507,4.640998363494873,"{""loss"": 4.954343795776367, ""mape"": 4.954343795776367, ""mae"": 1.0658533573150635, ""val_loss"": 4.630002021789551, ""val_mape"": 4.630002021789551, ""val_mae"": 0.941580057144165, ""lr"": 0.00010000000474974513, ""val_mae12"": 1.2034002542495728, ""val_me"": 0.4631803955580085, ""val_me12"": -0.47528308615927245, ""mape_2021"": 4.640998363494873, ""mae_2021"": 0.8225492835044861, ""mae12_2021"": 1.1801189184188843, ""me_2021"": 0.43658589842985784, ""me12_2021"": -0.33445181782206507, ""epochs_trained"": 279}",2026-07-02T07:55:20.685131,completed
1,MAPE,96,1,selu,1,16,0.1,46.680938720703125,10.076740264892578,6.070521354675293,7.320874065333991,5.257121789061291,46.680938720703125,11.139444351196289,14.176114082336426,8.277620621903399,14.03895830030083,65.53590393066406,"{""loss"": 52.522422790527344, ""mape"": 52.522422790527344, ""mae"": 10.66618824005127, ""val_loss"": 46.680938720703125, ""val_mape"": 46.680938720703125, ""val_mae"": 10.076740264892578, ""lr"": 0.00010000000474974513, ""val_mae12"": 6.070521354675293, ""val_me"": 7.320874065333991, ""val_me12"": 5.257121789061291, ""mape_2021"": 65.53590393066406, ""mae_2021"": 11.139444351196289, ""mae12_2021"": 14.176114082336426, ""me_2021"": 8.277620621903399, ""me12_2021"": 14.03895830030083, ""epochs_trained"": 132}",2026-07-02T07:55:23.983674,completed
1,MAPE,96,1,selu,1,16,0.3,49.82859802246094,10.538060188293457,10.140830039978027,6.1836672317528985,9.281325553592783,49.82859802246094,11.22503662109375,19.946670532226562,7.037417069371982,20.034377136973927,71.35694885253906,"{""loss"": 59.61099624633789, ""mape"": 59.61099624633789, ""mae"": 12.952120780944824, ""val_loss"": 49.82859802246094, ""val_mape"": 49.82859802246094, ""val_mae"": 10.538060188293457, ""lr"": 0.00010000000474974513, ""val_mae12"": 10.140830039978027, ""val_me"": 6.1836672317528985, ""val_me12"": 9.281325553592783, ""mape_2021"": 71.35694885253906, ""mae_2021"": 11.22503662109375, ""mae12_2021"": 19.946670532226562, ""me_2021"": 7.037417069371982, ""me12_2021"": 20.034377136973927, ""epochs_trained"": 133}",2026-07-02T07:55:27.243187,completed
1,MAPE,96,1,selu,1,16,0.0,6.714802265167236,1.516158938407898,0.9413451552391052,1.0359975225506846,0.34875439737742914,6.714802265167236,1.7260428667068481,1.0188326835632324,1.2384004936071045,0.3018881901917131,8.158320426940918,"{""loss"": 5.747422695159912, ""mape"": 5.747422695159912, ""mae"": 1.2719663381576538, ""val_loss"": 6.714802265167236, ""val_mape"": 6.714802265167236, ""val_mae"": 1.516158938407898, ""lr"": 0.00010000000474974513, ""val_mae12"": 0.9413451552391052, ""val_me"": 1.0359975225506846, ""val_me12"": 0.34875439737742914, ""mape_2021"": 8.158320426940918, ""mae_2021"": 1.7260428667068481, ""mae12_2021"": 1.0188326835632324, ""me_2021"": 1.2384004936071045, ""me12_2021"": 0.3018881901917131, ""epochs_trained"": 1164}",2026-07-02T07:55:53.250119,completed
1,MAPE,96,1,selu,1,16,0.05,6.553943157196045,1.472674012184143,1.144451379776001,-0.883932148184957,0.48781708686020364,6.553943157196045,1.4562338590621948,1.3802422285079956,-0.7903357480103771,-0.40785220239608994,7.719579219818115,"{""loss"": 7.1107048988342285, ""mape"": 7.1107048988342285, ""mae"": 1.5015400648117065, ""val_loss"": 6.553943157196045, ""val_mape"": 6.553943157196045, ""val_mae"": 1.472674012184143, ""lr"": 0.00010000000474974513, ""val_mae12"": 1.144451379776001, ""val_me"": -0.883932148184957, ""val_me12"": 0.48781708686020364, ""mape_2021"": 7.719579219818115, ""mae_2021"": 1.4562338590621948, ""mae12_2021"": 1.3802422285079956, ""me_2021"": -0.7903357480103771, ""me12_2021"": -0.40785220239608994, ""epochs_trained"": 1400}",2026-07-02T07:56:03.573317,completed
1,MAPE,96,1,selu,1,64,0.1,49.12287139892578,10.708709716796875,4.805069446563721,7.507235198575674,3.3734269011500877,49.12287139892578,11.432662010192871,12.300220489501953,8.58989819079221,11.756728225541947,65.01388549804688,"{""loss"": 50.905723571777344, ""mape"": 50.905723571777344, ""mae"": 10.342087745666504, ""val_loss"": 49.12287139892578, ""val_mape"": 49.12287139892578, ""val_mae"": 10.708709716796875, ""lr"": 0.00010000000474974513, ""val_mae12"": 4.805069446563721, ""val_me"": 7.507235198575674, ""val_me12"": 3.3734269011500877, ""mape_2021"": 65.01388549804688, ""mae_2021"": 11.432662010192871, ""mae12_2021"": 12.300220489501953, ""me_2021"": 8.58989819079221, ""me12_2021"": 11.756728225541947, ""epochs_trained"": 97}",2026-07-02T07:56:22.902487,completed
1,MAPE,96,1,selu,1,64,0.05,45.52659606933594,9.850193977355957,4.256102561950684,7.547262267192255,2.9666054777788893,45.52659606933594,11.386259078979492,11.579981803894043,8.662007615039053,11.019593427836401,63.939510345458984,"{""loss"": 49.98725891113281, ""mape"": 49.98725891113281, ""mae"": 10.14607048034668, ""val_loss"": 45.52659606933594, ""val_mape"": 45.52659606933594, ""val_mae"": 9.850193977355957, ""lr"": 0.00010000000474974513, ""val_mae12"": 4.256102561950684, ""val_me"": 7.547262267192255, ""val_me12"": 2.9666054777788893, ""mape_2021"": 63.939510345458984, ""mae_2021"": 11.386259078979492, ""mae12_2021"": 11.579981803894043, ""me_2021"": 8.662007615039053, ""me12_2021"": 11.019593427836401, ""epochs_trained"": 99}",2026-07-02T07:56:22.913485,completed
1,MAPE,96,1,selu,1,64,0.0,47.09174728393555,10.065450668334961,5.147332191467285,7.8899584632995525,3.0829372338286367,47.09174728393555,11.573641777038574,12.979720115661621,8.911075407628623,11.909845447356561,65.8562240600586,"{""loss"": 49.41423416137695, ""mape"": 49.41423416137695, ""mae"": 10.00800609588623, ""val_loss"": 47.09174728393555, ""val_mape"": 47.09174728393555, ""val_mae"": 10.065450668334961, ""lr"": 0.00010000000474974513, ""val_mae12"": 5.147332191467285, ""val_me"": 7.8899584632995525, ""val_me12"": 3.0829372338286367, ""mape_2021"": 65.8562240600586, ""mae_2021"": 11.573641777038574, ""mae12_2021"": 12.979720115661621, ""me_2021"": 8.911075407628623, ""me12_2021"": 11.909845447356561, ""epochs_trained"": 104}",2026-07-02T07:56:23.137055,completed
1,MAPE,96,1,selu,1,64,0.3,53.73942565917969,11.593517303466797,9.607802391052246,6.356819539325637,8.840286487279391,53.73942565917969,10.829051971435547,18.773984909057617,7.156896702468339,18.87322053780551,67.64777374267578,"{""loss"": 54.01144027709961, ""mape"": 54.01144027709961, ""mae"": 11.189614295959473, ""val_loss"": 53.73942565917969, ""val_mape"": 53.73942565917969, ""val_mae"": 11.593517303466797, ""lr"": 0.00010000000474974513, ""val_mae12"": 9.607802391052246, ""val_me"": 6.356819539325637, ""val_me12"": 8.840286487279391, ""mape_2021"": 67.64777374267578, ""mae_2021"": 10.829051971435547, ""mae12_2021"": 18.773984909057617, ""me_2021"": 7.156896702468339, ""me12_2021"": 18.87322053780551, ""epochs_trained"": 115}",2026-07-02T07:56:23.384578,completed
1,MAPE,96,1,selu,1,32,0.05,44.36009979248047,9.582350730895996,4.71989107131958,7.237626193676712,3.477789110092442,44.36009979248047,11.001296997070312,11.634872436523438,8.301366623829704,11.179159637108503,61.96413803100586,"{""loss"": 49.41668701171875, ""mape"": 49.41668701171875, ""mae"": 10.000502586364746, ""val_loss"": 44.36009979248047, ""val_mape"": 44.36009979248047, ""val_mae"": 9.582350730895996, ""lr"": 0.00010000000474974513, ""val_mae12"": 4.71989107131958, ""val_me"": 7.237626193676712, ""val_me12"": 3.477789110092442, ""mape_2021"": 61.96413803100586, ""mae_2021"": 11.001296997070312, ""mae12_2021"": 11.634872436523438, ""me_2021"": 8.301366623829704, ""me12_2021"": 11.179159637108503, ""epochs_trained"": 120}",2026-07-02T07:56:23.677106,completed
1,MAPE,96,1,selu,1,32,0.3,51.134098052978516,10.853002548217773,10.14574146270752,5.470841934334364,9.356632451221143,51.134098052978516,11.06564712524414,19.81987953186035,6.394828769517506,19.920367237852183,70.18384552001953,"{""loss"": 57.27711868286133, ""mape"": 57.27711868286133, ""mae"": 12.174695014953613, ""val_loss"": 51.134098052978516, ""val_mape"": 51.134098052978516, ""val_mae"": 10.853002548217773, ""lr"": 0.00010000000474974513, ""val_mae12"": 10.14574146270752, ""val_me"": 5.470841934334364, ""val_me12"": 9.356632451221143, ""mape_2021"": 70.18384552001953, ""mae_2021"": 11.06564712524414, ""mae12_2021"": 19.81987953186035, ""me_2021"": 6.394828769517506, ""me12_2021"": 19.920367237852183, ""epochs_trained"": 124}",2026-07-02T07:56:23.971794,completed
1,MAPE,96,1,selu,1,32,0.0,44.78644943237305,9.57861328125,4.749373912811279,7.520685258242903,2.374353423512894,44.78644943237305,11.160043716430664,11.010351181030273,8.607919822143604,9.875772597319056,61.6724739074707,"{""loss"": 47.46091842651367, ""mape"": 47.46091842651367, ""mae"": 9.657586097717285, ""val_loss"": 44.78644943237305, ""val_mape"": 44.78644943237305, ""val_mae"": 9.57861328125, ""lr"": 0.00010000000474974513, ""val_mae12"": 4.749373912811279, ""val_me"": 7.520685258242903, ""val_me12"": 2.374353423512894, ""mape_2021"": 61.6724739074707, ""mae_2021"": 11.160043716430664, ""mae12_2021"": 11.010351181030273, ""me_2021"": 8.607919822143604, ""me12_2021"": 9.875772597319056, ""epochs_trained"": 127}",2026-07-02T07:56:23.983794,completed
1,MAPE,96,1,selu,1,32,0.1,40.65483093261719,8.705174446105957,4.655512809753418,6.221237826687886,3.666644842812241,40.65483093261719,9.875994682312012,10.069613456726074,7.273247609625106,9.603344228790373,53.727394104003906,"{""loss"": 47.22187423706055, ""mape"": 47.22187423706055, ""mae"": 9.59837818145752, ""val_loss"": 40.65483093261719, ""val_mape"": 40.65483093261719, ""val_mae"": 8.705174446105957, ""lr"": 0.00010000000474974513, ""val_mae12"": 4.655512809753418, ""val_me"": 6.221237826687886, ""val_me12"": 3.666644842812241, ""mape_2021"": 53.727394104003906, ""mae_2021"": 9.875994682312012, ""mae12_2021"": 10.069613456726074, ""me_2021"": 7.273247609625106, ""me12_2021"": 9.603344228790373, ""epochs_trained"": 177}",2026-07-02T07:56:28.266833,completed
1,MAPE,96,1,selu,1,128,0.3,61.57646942138672,13.648737907409668,9.157899856567383,6.710417742733066,8.336496942489125,61.57646942138672,11.151633262634277,18.748031616210938,7.5907355388517965,18.80717915432713,70.1380844116211,"{""loss"": 52.66692352294922, ""mape"": 52.66692352294922, ""mae"": 10.632216453552246, ""val_loss"": 61.57646942138672, ""val_mape"": 61.57646942138672, ""val_mae"": 13.648737907409668, ""lr"": 0.00010000000474974513, ""val_mae12"": 9.157899856567383, ""val_me"": 6.710417742733066, ""val_me12"": 8.336496942489125, ""mape_2021"": 70.1380844116211, ""mae_2021"": 11.151633262634277, ""mae12_2021"": 18.748031616210938, ""me_2021"": 7.5907355388517965, ""me12_2021"": 18.80717915432713, ""epochs_trained"": 91}",2026-07-02T07:56:46.511558,completed
1,MAPE,96,1,selu,1,128,0.1,50.08784103393555,10.847640037536621,3.9700653553009033,7.977644855452234,1.9450523879489166,50.08784103393555,12.128073692321777,11.857437133789062,9.167529091634917,10.659423583893371,68.25286102294922,"{""loss"": 51.68716812133789, ""mape"": 51.68716812133789, ""mae"": 10.41030216217041, ""val_loss"": 50.08784103393555, ""val_mape"": 50.08784103393555, ""val_mae"": 10.847640037536621, ""lr"": 0.00010000000474974513, ""val_mae12"": 3.9700653553009033, ""val_me"": 7.977644855452234, ""val_me12"": 1.9450523879489166, ""mape_2021"": 68.25286102294922, ""mae_2021"": 12.128073692321777, ""mae12_2021"": 11.857437133789062, ""me_2021"": 9.167529091634917, ""me12_2021"": 10.659423583893371, ""epochs_trained"": 84}",2026-07-02T07:56:52.335502,completed
1,MAPE,96,1,selu,1,256,0.3,66.36894226074219,14.887085914611816,5.340365886688232,8.004153400283494,3.8813940907891764,66.36894226074219,11.820524215698242,13.795145988464355,8.991916482470057,13.230899191822777,68.56380462646484,"{""loss"": 52.554443359375, ""mape"": 52.554443359375, ""mae"": 10.613262176513672, ""val_loss"": 66.36894226074219, ""val_mape"": 66.36894226074219, ""val_mae"": 14.887085914611816, ""lr"": 0.00010000000474974513, ""val_mae12"": 5.340365886688232, ""val_me"": 8.004153400283494, ""val_me12"": 3.8813940907891764, ""mape_2021"": 68.56380462646484, ""mae_2021"": 11.820524215698242, ""mae12_2021"": 13.795145988464355, ""me_2021"": 8.991916482470057, ""me12_2021"": 13.230899191822777, ""epochs_trained"": 73}",2026-07-02T07:56:54.428548,completed
1,MAPE,96,1,selu,1,256,0.05,9.169300079345703,2.183030843734741,1.364504098892212,-1.218709027921628,0.9365493158384003,9.169300079345703,2.151773691177368,1.7631324529647827,-0.7256434057332336,-0.8762087623459824,11.236417770385742,"{""loss"": 11.687649726867676, ""mape"": 11.687649726867676, ""mae"": 2.2965896129608154, ""val_loss"": 9.169300079345703, ""val_mape"": 9.169300079345703, ""val_mae"": 2.183030843734741, ""lr"": 0.00010000000474974513, ""val_mae12"": 1.364504098892212, ""val_me"": -1.218709027921628, ""val_me12"": 0.9365493158384003, ""mape_2021"": 11.236417770385742, ""mae_2021"": 2.151773691177368, ""mae12_2021"": 1.7631324529647827, ""me_2021"": -0.7256434057332336, ""me12_2021"": -0.8762087623459824, ""epochs_trained"": 313}",2026-07-02T07:57:09.874542,completed
1,MAPE,96,1,selu,1,256,0.1,15.028725624084473,3.6876745223999023,1.3428871631622314,-2.8870464764700157,0.684726092966457,15.028725624084473,3.1679584980010986,2.1201908588409424,-2.1901952975145296,-0.9652546084219057,15.052112579345703,"{""loss"": 13.044929504394531, ""mape"": 13.044929504394531, ""mae"": 2.5893187522888184, ""val_loss"": 15.028725624084473, ""val_mape"": 15.028725624084473, ""val_mae"": 3.6876745223999023, ""lr"": 0.00010000000474974513, ""val_mae12"": 1.3428871631622314, ""val_me"": -2.8870464764700157, ""val_me12"": 0.684726092966457, ""mape_2021"": 15.052112579345703, ""mae_2021"": 3.1679584980010986, ""mae12_2021"": 2.1201908588409424, ""me_2021"": -2.1901952975145296, ""me12_2021"": -0.9652546084219057, ""epochs_trained"": 316}",2026-07-02T07:57:10.106052,completed
1,MAPE,96,1,selu,1,128,0.05,8.44599437713623,1.95297110080719,1.254799246788025,-1.2031418317886677,0.5569226337572404,8.44599437713623,1.9363335371017456,2.375114917755127,-0.7724295011410798,-1.8203742606401945,10.871800422668457,"{""loss"": 10.75854778289795, ""mape"": 10.75854778289795, ""mae"": 2.139956474304199, ""val_loss"": 8.44599437713623, ""val_mape"": 8.44599437713623, ""val_mae"": 1.95297110080719, ""lr"": 0.00010000000474974513, ""val_mae12"": 1.254799246788025, ""val_me"": -1.2031418317886677, ""val_me12"": 0.5569226337572404, ""mape_2021"": 10.871800422668457, ""mae_2021"": 1.9363335371017456, ""mae12_2021"": 2.375114917755127, ""me_2021"": -0.7724295011410798, ""me12_2021"": -1.8203742606401945, ""epochs_trained"": 406}",2026-07-02T07:57:13.894143,completed
1,MAPE,96,1,selu,1,256,0.0,4.797525882720947,1.0039499998092651,0.7750958204269409,0.3276581211885656,0.22860366954821595,4.797525882720947,1.013627052307129,0.929715633392334,0.47251759024933554,0.5840092811689934,5.30277681350708,"{""loss"": 4.009446620941162, ""mape"": 4.009446620941162, ""mae"": 0.8706061840057373, ""val_loss"": 4.797525882720947, ""val_mape"": 4.797525882720947, ""val_mae"": 1.0039499998092651, ""lr"": 0.00010000000474974513, ""val_mae12"": 0.7750958204269409, ""val_me"": 0.3276581211885656, ""val_me12"": 0.22860366954821595, ""mape_2021"": 5.30277681350708, ""mae_2021"": 1.013627052307129, ""mae12_2021"": 0.929715633392334, ""me_2021"": 0.47251759024933554, ""me12_2021"": 0.5840092811689934, ""epochs_trained"": 479}",2026-07-02T07:57:18.140564,completed
1,MAPE,96,1,selu,1,128,0.0,4.35208797454834,0.9116827845573425,0.798458456993103,0.19928326265687865,0.07331545218312631,4.35208797454834,0.8480444550514221,0.7649374008178711,0.2615634606793833,-0.025907255865297435,4.51097297668457,"{""loss"": 3.786240339279175, ""mape"": 3.786240339279175, ""mae"": 0.8126561641693115, ""val_loss"": 4.35208797454834, ""val_mape"": 4.35208797454834, ""val_mae"": 0.9116827845573425, ""lr"": 0.00010000000474974513, ""val_mae12"": 0.798458456993103, ""val_me"": 0.19928326265687865, ""val_me12"": 0.07331545218312631, ""mape_2021"": 4.51097297668457, ""mae_2021"": 0.8480444550514221, ""mae12_2021"": 0.7649374008178711, ""me_2021"": 0.2615634606793833, ""me12_2021"": -0.025907255865297435, ""epochs_trained"": 657}",2026-07-02T07:57:23.324215,completed
1,MAPE,96,1,selu,2,32,0.3,92.86885070800781,21.484113693237305,7.838211536407471,20.63765680601777,7.465061086282973,92.86885070800781,20.865493774414062,13.9746675491333,19.11191188997963,14.07149779049727,97.08386993408203,"{""loss"": 87.74787139892578, ""mape"": 87.74787139892578, ""mae"": 21.798831939697266, ""val_loss"": 92.86885070800781, ""val_mape"": 92.86885070800781, ""val_mae"": 21.484113693237305, ""lr"": 0.00010000000474974513, ""val_mae12"": 7.838211536407471, ""val_me"": 20.63765680601777, ""val_me12"": 7.465061086282973, ""mape_2021"": 97.08386993408203, ""mae_2021"": 20.865493774414062, ""mae12_2021"": 13.9746675491333, ""me_2021"": 19.11191188997963, ""me12_2021"": 14.07149779049727, ""epochs_trained"": 42}",2026-07-02T07:57:39.318561,completed
1,MAPE,96,1,selu,2,16,0.3,84.4493408203125,20.273962020874023,7.730810165405273,19.316595123673235,7.397990019900296,84.4493408203125,19.969749450683594,15.209565162658691,18.14838359623507,15.318182776629433,96.4332504272461,"{""loss"": 87.78372955322266, ""mape"": 87.78372955322266, ""mae"": 21.660099029541016, ""val_loss"": 84.4493408203125, ""val_mape"": 84.4493408203125, ""val_mae"": 20.273962020874023, ""lr"": 0.00010000000474974513, ""val_mae12"": 7.730810165405273, ""val_me"": 19.316595123673235, ""val_me12"": 7.397990019900296, ""mape_2021"": 96.4332504272461, ""mae_2021"": 19.969749450683594, ""mae12_2021"": 15.209565162658691, ""me_2021"": 18.14838359623507, ""me12_2021"": 15.318182776629433, ""epochs_trained"": 61}",2026-07-02T07:57:40.310348,completed
1,MAPE,96,1,selu,2,32,0.05,43.774810791015625,9.567543029785156,4.550320625305176,7.0496365126376705,3.964174045524946,43.774810791015625,10.450042724609375,10.967738151550293,8.116924008878831,10.812572213492517,59.84592056274414,"{""loss"": 45.5575065612793, ""mape"": 45.5575065612793, ""mae"": 9.28425121307373, ""val_loss"": 43.774810791015625, ""val_mape"": 43.774810791015625, ""val_mae"": 9.567543029785156, ""lr"": 0.00010000000474974513, ""val_mae12"": 4.550320625305176, ""val_me"": 7.0496365126376705, ""val_me12"": 3.964174045524946, ""mape_2021"": 59.84592056274414, ""mae_2021"": 10.450042724609375, ""mae12_2021"": 10.967738151550293, ""me_2021"": 8.116924008878831, ""me12_2021"": 10.812572213492517, ""epochs_trained"": 67}",2026-07-02T07:57:40.535350,completed
1,MAPE,96,1,selu,2,16,0.05,45.5756950378418,9.941895484924316,4.932634353637695,7.10838992320665,4.005636004843152,45.5756950378418,10.758398056030273,11.89848804473877,8.158132625501022,11.632224709053341,62.0926513671875,"{""loss"": 49.77544021606445, ""mape"": 49.77544021606445, ""mae"": 10.2998628616333, ""val_loss"": 45.5756950378418, ""val_mape"": 45.5756950378418, ""val_mae"": 9.941895484924316, ""lr"": 0.00010000000474974513, ""val_mae12"": 4.932634353637695, ""val_me"": 7.10838992320665, ""val_me12"": 4.005636004843152, ""mape_2021"": 62.0926513671875, ""mae_2021"": 10.758398056030273, ""mae12_2021"": 11.89848804473877, ""me_2021"": 8.158132625501022, ""me12_2021"": 11.632224709053341, ""epochs_trained"": 95}",2026-07-02T07:57:41.807393,completed
1,MAPE,96,1,selu,2,16,0.1,50.510772705078125,11.324735641479492,9.79690170288086,5.419804330433079,9.298101976882732,50.510772705078125,9.846489906311035,18.25296401977539,6.290943742598399,18.37208940059339,65.10163116455078,"{""loss"": 50.50569534301758, ""mape"": 50.50569534301758, ""mae"": 10.491488456726074, ""val_loss"": 50.510772705078125, ""val_mape"": 50.510772705078125, ""val_mae"": 11.324735641479492, ""lr"": 0.00010000000474974513, ""val_mae12"": 9.79690170288086, ""val_me"": 5.419804330433079, ""val_me12"": 9.298101976882732, ""mape_2021"": 65.10163116455078, ""mae_2021"": 9.846489906311035, ""mae12_2021"": 18.25296401977539, ""me_2021"": 6.290943742598399, ""me12_2021"": 18.37208940059339, ""epochs_trained"": 105}",2026-07-02T07:57:42.050919,completed
1,MAPE,96,1,selu,2,32,0.1,38.89530563354492,8.99276351928711,8.155256271362305,3.225859734078747,8.006510523539166,38.89530563354492,7.438681125640869,13.56714153289795,4.120359498991912,13.64651266428448,47.641136169433594,"{""loss"": 37.64417266845703, ""mape"": 37.64417266845703, ""mae"": 7.882407188415527, ""val_loss"": 38.89530563354492, ""val_mape"": 38.89530563354492, ""val_mae"": 8.99276351928711, ""lr"": 0.00010000000474974513, ""val_mae12"": 8.155256271362305, ""val_me"": 3.225859734078747, ""val_me12"": 8.006510523539166, ""mape_2021"": 47.641136169433594, ""mae_2021"": 7.438681125640869, ""mae12_2021"": 13.56714153289795, ""me_2021"": 4.120359498991912, ""me12_2021"": 13.64651266428448, ""epochs_trained"": 117}",2026-07-02T07:57:43.024679,completed
1,MAPE,96,1,selu,2,64,0.3,96.7577133178711,22.372146606445312,3.1307334899902344,23.041506035918182,2.5829185581413596,96.7577133178711,22.31376075744629,7.990386486053467,21.4710455347018,7.803524625779914,97.33770751953125,"{""loss"": 88.15121459960938, ""mape"": 88.15121459960938, ""mae"": 21.90399169921875, ""val_loss"": 96.7577133178711, ""val_mape"": 96.7577133178711, ""val_mae"": 22.372146606445312, ""lr"": 0.00010000000474974513, ""val_mae12"": 3.1307334899902344, ""val_me"": 23.041506035918182, ""val_me12"": 2.5829185581413596, ""mape_2021"": 97.33770751953125, ""mae_2021"": 22.31376075744629, ""mae12_2021"": 7.990386486053467, ""me_2021"": 21.4710455347018, ""me12_2021"": 7.803524625779914, ""epochs_trained"": 31}",2026-07-02T07:57:53.141014,completed
1,MAPE,96,1,selu,2,64,0.1,44.81369400024414,10.782340049743652,7.5417866706848145,4.299283260813205,7.264857532951737,44.81369400024414,8.635798454284668,12.630821228027344,5.276966952246382,12.699447878238841,51.18785095214844,"{""loss"": 36.23831558227539, ""mape"": 36.23831558227539, ""mae"": 7.895338535308838, ""val_loss"": 44.81369400024414, ""val_mape"": 44.81369400024414, ""val_mae"": 10.782340049743652, ""lr"": 0.00010000000474974513, ""val_mae12"": 7.5417866706848145, ""val_me"": 4.299283260813205, ""val_me12"": 7.264857532951737, ""mape_2021"": 51.18785095214844, ""mae_2021"": 8.635798454284668, ""mae12_2021"": 12.630821228027344, ""me_2021"": 5.276966952246382, ""me12_2021"": 12.699447878238841, ""epochs_trained"": 65}",2026-07-02T07:57:53.513423,completed
1,MAPE,96,1,selu,2,64,0.05,19.271461486816406,4.669122695922852,2.2192680835723877,-0.5588468799497782,1.3951888050602863,19.271461486816406,5.391744613647461,2.4148263931274414,0.7871432046884863,-0.9368749666726649,24.399789810180664,"{""loss"": 21.85708999633789, ""mape"": 21.85708999633789, ""mae"": 4.76700496673584, ""val_loss"": 19.271461486816406, ""val_mape"": 19.271461486816406, ""val_mae"": 4.669122695922852, ""lr"": 0.00010000000474974513, ""val_mae12"": 2.2192680835723877, ""val_me"": -0.5588468799497782, ""val_me12"": 1.3951888050602863, ""mape_2021"": 24.399789810180664, ""mae_2021"": 5.391744613647461, ""mae12_2021"": 2.4148263931274414, ""me_2021"": 0.7871432046884863, ""me12_2021"": -0.9368749666726649, ""epochs_trained"": 119}",2026-07-02T07:57:56.787748,completed
1,MAPE,96,1,selu,2,128,0.05,22.004060745239258,5.173466205596924,2.9134275913238525,0.29912888608320776,1.9460874717760126,22.004060745239258,5.685048580169678,2.691544532775879,1.5662544154578073,-0.4638626357739258,26.58786964416504,"{""loss"": 21.55691909790039, ""mape"": 21.55691909790039, ""mae"": 4.570935249328613, ""val_loss"": 22.004060745239258, ""val_mape"": 22.004060745239258, ""val_mae"": 5.173466205596924, ""lr"": 0.00010000000474974513, ""val_mae12"": 2.9134275913238525, ""val_me"": 0.29912888608320776, ""val_me12"": 1.9460874717760126, ""mape_2021"": 26.58786964416504, ""mae_2021"": 5.685048580169678, ""mae12_2021"": 2.691544532775879, ""me_2021"": 1.5662544154578073, ""me12_2021"": -0.4638626357739258, ""epochs_trained"": 75}",2026-07-02T07:57:58.538858,completed
1,MAPE,96,1,selu,2,128,0.3,148.8345489501953,34.71202850341797,25.1214656829834,2.5078720468459883,24.959516723265295,148.8345489501953,11.896684646606445,38.057132720947266,2.920420036844997,38.24114063849444,94.84416961669922,"{""loss"": 49.61079788208008, ""mape"": 49.61079788208008, ""mae"": 10.138788223266602, ""val_loss"": 148.8345489501953, ""val_mape"": 148.8345489501953, ""val_mae"": 34.71202850341797, ""lr"": 0.00010000000474974513, ""val_mae12"": 25.1214656829834, ""val_me"": 2.5078720468459883, ""val_me12"": 24.959516723265295, ""mape_2021"": 94.84416961669922, ""mae_2021"": 11.896684646606445, ""mae12_2021"": 38.057132720947266, ""me_2021"": 2.920420036844997, ""me12_2021"": 38.24114063849444, ""epochs_trained"": 52}",2026-07-02T07:58:06.299673,completed
1,MAPE,96,1,selu,2,32,0.0,5.478422164916992,1.1728895902633667,0.8366588950157166,0.6949394236119545,0.1487672936835735,5.478422164916992,1.4079985618591309,0.9413133859634399,0.9547361490027915,-0.451189413477917,7.0989298820495605,"{""loss"": 5.634213924407959, ""mape"": 5.634213924407959, ""mae"": 1.2175439596176147, ""val_loss"": 5.478422164916992, ""val_mape"": 5.478422164916992, ""val_mae"": 1.1728895902633667, ""lr"": 0.00010000000474974513, ""val_mae12"": 0.8366588950157166, ""val_me"": 0.6949394236119545, ""val_me12"": 0.1487672936835735, ""mape_2021"": 7.0989298820495605, ""mae_2021"": 1.4079985618591309, ""mae12_2021"": 0.9413133859634399, ""me_2021"": 0.9547361490027915, ""me12_2021"": -0.451189413477917, ""epochs_trained"": 414}",2026-07-02T07:58:07.292117,completed
1,MAPE,96,1,selu,2,128,0.1,38.02404022216797,9.17774486541748,4.933728218078613,-4.1120291943559275,4.577586442959672,38.02404022216797,8.208470344543457,3.362730026245117,-2.4109615663005335,1.7057925305596153,36.13164520263672,"{""loss"": 23.526063919067383, ""mape"": 23.526063919067383, ""mae"": 5.027972221374512, ""val_loss"": 38.02404022216797, ""val_mape"": 38.02404022216797, ""val_mae"": 9.17774486541748, ""lr"": 0.00010000000474974513, ""val_mae12"": 4.933728218078613, ""val_me"": -4.1120291943559275, ""val_me12"": 4.577586442959672, ""mape_2021"": 36.13164520263672, ""mae_2021"": 8.208470344543457, ""mae12_2021"": 3.362730026245117, ""me_2021"": -2.4109615663005335, ""me12_2021"": 1.7057925305596153, ""epochs_trained"": 82}",2026-07-02T07:58:07.501149,completed
1,MAPE,96,1,selu,2,16,0.0,5.585485935211182,1.198169231414795,0.8317415714263916,0.7237294289843088,-0.3143988158981714,5.585485935211182,1.5472688674926758,0.753015398979187,1.1402709362976757,-0.18465355123242355,7.354840278625488,"{""loss"": 5.702950954437256, ""mape"": 5.702950954437256, ""mae"": 1.2492921352386475, ""val_loss"": 5.585485935211182, ""val_mape"": 5.585485935211182, ""val_mae"": 1.198169231414795, ""lr"": 0.00010000000474974513, ""val_mae12"": 0.8317415714263916, ""val_me"": 0.7237294289843088, ""val_me12"": -0.3143988158981714, ""mape_2021"": 7.354840278625488, ""mae_2021"": 1.5472688674926758, ""mae12_2021"": 0.753015398979187, ""me_2021"": 1.1402709362976757, ""me12_2021"": -0.18465355123242355, ""epochs_trained"": 516}",2026-07-02T07:58:11.509981,completed
1,MAPE,96,1,selu,2,64,0.0,3.8280436992645264,0.7871821522712708,0.8448764681816101,0.3696843458105857,0.027423768658892265,3.8280436992645264,0.8107427358627319,0.7670572996139526,0.3368895765466293,-0.2922695516272778,4.505055904388428,"{""loss"": 3.141592025756836, ""mape"": 3.141592025756836, ""mae"": 0.6434772610664368, ""val_loss"": 3.8280436992645264, ""val_mape"": 3.8280436992645264, ""val_mae"": 0.7871821522712708, ""lr"": 0.00010000000474974513, ""val_mae12"": 0.8448764681816101, ""val_me"": 0.3696843458105857, ""val_me12"": 0.027423768658892265, ""mape_2021"": 4.505055904388428, ""mae_2021"": 0.8107427358627319, ""mae12_2021"": 0.7670572996139526, ""me_2021"": 0.3368895765466293, ""me12_2021"": -0.2922695516272778, ""epochs_trained"": 556}",2026-07-02T07:58:19.751990,completed
1,MAPE,96,1,selu,2,128,0.0,4.057697772979736,0.7886351943016052,0.9131661057472229,0.43142445232037707,-0.09375176673929467,4.057697772979736,0.7827857136726379,0.7197897434234619,0.3438071198824601,-0.13519675621025604,4.341571807861328,"{""loss"": 2.95805287361145, ""mape"": 2.95805287361145, ""mae"": 0.6081510186195374, ""val_loss"": 4.057697772979736, ""val_mape"": 4.057697772979736, ""val_mae"": 0.7886351943016052, ""lr"": 0.00010000000474974513, ""val_mae12"": 0.9131661057472229, ""val_me"": 0.43142445232037707, ""val_me12"": -0.09375176673929467, ""mape_2021"": 4.341571807861328, ""mae_2021"": 0.7827857136726379, ""mae12_2021"": 0.7197897434234619, ""me_2021"": 0.3438071198824601, ""me12_2021"": -0.13519675621025604, ""epochs_trained"": 550}",2026-07-02T07:58:22.287857,completed
1,MAPE,96,1,selu,2,256,0.3,160.68533325195312,37.89404296875,18.961910247802734,0.4048922581105743,18.42635985668668,160.68533325195312,10.548660278320312,25.673662185668945,1.0261647315385796,25.737938442973693,74.18759155273438,"{""loss"": 34.85363006591797, ""mape"": 34.85363006591797, ""mae"": 7.44137716293335, ""val_loss"": 160.68533325195312, ""val_mape"": 160.68533325195312, ""val_mae"": 37.89404296875, ""lr"": 0.00010000000474974513, ""val_mae12"": 18.961910247802734, ""val_me"": 0.4048922581105743, ""val_me12"": 18.42635985668668, ""mape_2021"": 74.18759155273438, ""mae_2021"": 10.548660278320312, ""mae12_2021"": 25.673662185668945, ""me_2021"": 1.0261647315385796, ""me12_2021"": 25.737938442973693, ""epochs_trained"": 47}",2026-07-02T07:58:50.657336,completed
1,MAPE,96,1,selu,2,256,0.1,45.30497741699219,10.697333335876465,5.527666091918945,-1.2885626961521106,3.486305602801732,45.30497741699219,7.848217964172363,3.6916236877441406,0.154093195574139,0.3311688780120176,35.72456741333008,"{""loss"": 24.35410499572754, ""mape"": 24.35410499572754, ""mae"": 5.256872653961182, ""val_loss"": 45.30497741699219, ""val_mape"": 45.30497741699219, ""val_mae"": 10.697333335876465, ""lr"": 0.00010000000474974513, ""val_mae12"": 5.527666091918945, ""val_me"": -1.2885626961521106, ""val_me12"": 3.486305602801732, ""mape_2021"": 35.72456741333008, ""mae_2021"": 7.848217964172363, ""mae12_2021"": 3.6916236877441406, ""me_2021"": 0.154093195574139, ""me12_2021"": 0.3311688780120176, ""epochs_trained"": 54}",2026-07-02T07:58:50.927877,completed
1,MAPE,96,1,selu,2,256,0.05,23.34657859802246,5.526419639587402,2.7580959796905518,-1.4756552794905988,1.6340153355669125,23.34657859802246,5.439023017883301,4.977939128875732,-0.2988812831475728,-2.9087919306743424,28.486501693725586,"{""loss"": 17.79930877685547, ""mape"": 17.79930877685547, ""mae"": 3.8679730892181396, ""val_loss"": 23.34657859802246, ""val_mape"": 23.34657859802246, ""val_mae"": 5.526419639587402, ""lr"": 0.00010000000474974513, ""val_mae12"": 2.7580959796905518, ""val_me"": -1.4756552794905988, ""val_me12"": 1.6340153355669125, ""mape_2021"": 28.486501693725586, ""mae_2021"": 5.439023017883301, ""mae12_2021"": 4.977939128875732, ""me_2021"": -0.2988812831475728, ""me12_2021"": -2.9087919306743424, ""epochs_trained"": 71}",2026-07-02T07:58:52.068115,completed
1,MAPE,96,1,selu,3,16,0.3,74.29107666015625,16.89652442932129,10.255279541015625,16.797620137027998,10.222244364698579,74.29107666015625,18.085147857666016,16.744585037231445,15.722282975677462,16.851449155403017,89.50064849853516,"{""loss"": 85.11277770996094, ""mape"": 85.11277770996094, ""mae"": 20.963729858398438, ""val_loss"": 74.29107666015625, ""val_mape"": 74.29107666015625, ""val_mae"": 16.89652442932129, ""lr"": 0.00010000000474974513, ""val_mae12"": 10.255279541015625, ""val_me"": 16.797620137027998, ""val_me12"": 10.222244364698579, ""mape_2021"": 89.50064849853516, ""mae_2021"": 18.085147857666016, ""mae12_2021"": 16.744585037231445, ""me_2021"": 15.722282975677462, ""me12_2021"": 16.851449155403017, ""epochs_trained"": 72}",2026-07-02T07:58:52.220114,completed
1,MAPE,96,1,selu,3,16,0.05,45.431034088134766,10.265957832336426,8.982391357421875,4.802962417430501,8.609863849656351,45.431034088134766,9.059524536132812,16.493505477905273,5.698341084892116,16.604352223910176,59.375762939453125,"{""loss"": 45.46273422241211, ""mape"": 45.46273422241211, ""mae"": 9.432999610900879, ""val_loss"": 45.431034088134766, ""val_mape"": 45.431034088134766, ""val_mae"": 10.265957832336426, ""lr"": 0.00010000000474974513, ""val_mae12"": 8.982391357421875, ""val_me"": 4.802962417430501, ""val_me12"": 8.609863849656351, ""mape_2021"": 59.375762939453125, ""mae_2021"": 9.059524536132812, ""mae12_2021"": 16.493505477905273, ""me_2021"": 5.698341084892116, ""me12_2021"": 16.604352223910176, ""epochs_trained"": 81}",2026-07-02T07:58:52.579508,completed
1,MAPE,96,1,selu,3,16,0.1,52.538352966308594,12.611146926879883,11.870586395263672,2.8616242576915645,11.85520435032727,52.538352966308594,8.21249771118164,18.27921485900879,3.7688548988845505,18.373524550192396,56.04568862915039,"{""loss"": 42.965736389160156, ""mape"": 42.965736389160156, ""mae"": 9.377950668334961, ""val_loss"": 52.538352966308594, ""val_mape"": 52.538352966308594, ""val_mae"": 12.611146926879883, ""lr"": 0.00010000000474974513, ""val_mae12"": 11.870586395263672, ""val_me"": 2.8616242576915645, ""val_me12"": 11.85520435032727, ""mape_2021"": 56.04568862915039, ""mae_2021"": 8.21249771118164, ""mae12_2021"": 18.27921485900879, ""me_2021"": 3.7688548988845505, ""me12_2021"": 18.373524550192396, ""epochs_trained"": 102}",2026-07-02T07:58:53.936815,completed
1,MAPE,96,1,selu,3,32,0.05,32.94426727294922,8.064102172851562,9.384937286376953,3.3460482194829124,9.382451580973916,32.94426727294922,7.740342140197754,13.260011672973633,4.240821544349661,13.328699989709097,48.488807678222656,"{""loss"": 31.71265983581543, ""mape"": 31.71265983581543, ""mae"": 7.140056610107422, ""val_loss"": 32.94426727294922, ""val_mape"": 32.94426727294922, ""val_mae"": 8.064102172851562, ""lr"": 0.00010000000474974513, ""val_mae12"": 9.384937286376953, ""val_me"": 3.3460482194829124, ""val_me12"": 9.382451580973916, ""mape_2021"": 48.488807678222656, ""mae_2021"": 7.740342140197754, ""mae12_2021"": 13.260011672973633, ""me_2021"": 4.240821544349661, ""me12_2021"": 13.328699989709097, ""epochs_trained"": 68}",2026-07-02T07:59:06.266465,completed
1,MAPE,96,1,selu,3,32,0.3,133.06900024414062,28.28178596496582,35.68750762939453,0.17274151190813258,35.649524974363665,133.06900024414062,13.67977523803711,50.9411735534668,0.3525066235901473,51.16971717414321,119.1843032836914,"{""loss"": 62.18425750732422, ""mape"": 62.18425750732422, ""mae"": 13.895662307739258, ""val_loss"": 133.06900024414062, ""val_mape"": 133.06900024414062, ""val_mae"": 28.28178596496582, ""lr"": 0.00010000000474974513, ""val_mae12"": 35.68750762939453, ""val_me"": 0.17274151190813258, ""val_me12"": 35.649524974363665, ""mape_2021"": 119.1843032836914, ""mae_2021"": 13.67977523803711, ""mae12_2021"": 50.9411735534668, ""me_2021"": 0.3525066235901473, ""me12_2021"": 51.16971717414321, ""epochs_trained"": 56}",2026-07-02T07:59:07.096991,completed
1,MAPE,96,1,selu,3,32,0.1,49.106109619140625,12.532729148864746,10.176774024963379,1.2693990188658528,10.17549128893405,49.106109619140625,6.672342777252197,13.903120040893555,2.0928459784881803,13.96125973069398,44.35850143432617,"{""loss"": 33.59928512573242, ""mape"": 33.59928512573242, ""mae"": 7.569851875305176, ""val_loss"": 49.106109619140625, ""val_mape"": 49.106109619140625, ""val_mae"": 12.532729148864746, ""lr"": 0.00010000000474974513, ""val_mae12"": 10.176774024963379, ""val_me"": 1.2693990188658528, ""val_me12"": 10.17549128893405, ""mape_2021"": 44.35850143432617, ""mae_2021"": 6.672342777252197, ""mae12_2021"": 13.903120040893555, ""me_2021"": 2.0928459784881803, ""me12_2021"": 13.96125973069398, ""epochs_trained"": 86}",2026-07-02T07:59:09.294570,completed
1,MAPE,96,1,selu,3,64,0.05,19.928253173828125,4.873255729675293,1.2572742700576782,-3.7398569168998126,0.6909455154967503,19.928253173828125,4.653732776641846,1.0541411638259888,-2.917190180102738,0.3462437093076379,19.85576629638672,"{""loss"": 12.570650100708008, ""mape"": 12.570650100708008, ""mae"": 2.828482151031494, ""val_loss"": 19.928253173828125, ""val_mape"": 19.928253173828125, ""val_mae"": 4.873255729675293, ""lr"": 0.00010000000474974513, ""val_mae12"": 1.2572742700576782, ""val_me"": -3.7398569168998126, ""val_me12"": 0.6909455154967503, ""mape_2021"": 19.85576629638672, ""mae_2021"": 4.653732776641846, ""mae12_2021"": 1.0541411638259888, ""me_2021"": -2.917190180102738, ""me12_2021"": 0.3462437093076379, ""epochs_trained"": 136}",2026-07-02T07:59:17.745012,completed
1,MAPE,96,1,selu,3,64,0.3,109.02167510986328,22.394390106201172,4.624854564666748,22.525602947194493,4.274865240977446,109.02167510986328,21.790998458862305,8.733231544494629,20.847190544882015,8.764623513082173,94.84945678710938,"{""loss"": 84.46418762207031, ""mape"": 84.46418762207031, ""mae"": 21.1634464263916, ""val_loss"": 109.02167510986328, ""val_mape"": 109.02167510986328, ""val_mae"": 22.394390106201172, ""lr"": 0.00010000000474974513, ""val_mae12"": 4.624854564666748, ""val_me"": 22.525602947194493, ""val_me12"": 4.274865240977446, ""mape_2021"": 94.84945678710938, ""mae_2021"": 21.790998458862305, ""mae12_2021"": 8.733231544494629, ""me_2021"": 20.847190544882015, ""me12_2021"": 8.764623513082173, ""epochs_trained"": 31}",2026-07-02T07:59:19.310189,completed
1,MAPE,96,1,selu,3,64,0.1,64.77392578125,15.21033000946045,16.091337203979492,3.5809076099879844,15.883204649793527,64.77392578125,9.595132827758789,24.74854278564453,4.3164837212504965,24.86994443914797,70.47281646728516,"{""loss"": 39.891334533691406, ""mape"": 39.891334533691406, ""mae"": 8.275609970092773, ""val_loss"": 64.77392578125, ""val_mape"": 64.77392578125, ""val_mae"": 15.21033000946045, ""lr"": 0.00010000000474974513, ""val_mae12"": 16.091337203979492, ""val_me"": 3.5809076099879844, ""val_me12"": 15.883204649793527, ""mape_2021"": 70.47281646728516, ""mae_2021"": 9.595132827758789, ""mae12_2021"": 24.74854278564453, ""me_2021"": 4.3164837212504965, ""me12_2021"": 24.86994443914797, ""epochs_trained"": 47}",2026-07-02T07:59:19.527231,completed
1,MAPE,96,1,selu,2,256,0.0,4.026993751525879,0.7748395204544067,0.8451943397521973,0.450159491278591,-0.009714579676357154,4.026993751525879,0.7577738165855408,0.5990705490112305,0.37985952189472627,0.12726734397428394,4.069027423858643,"{""loss"": 2.8816709518432617, ""mape"": 2.8816709518432617, ""mae"": 0.5923453569412231, ""val_loss"": 4.026993751525879, ""val_mape"": 4.026993751525879, ""val_mae"": 0.7748395204544067, ""lr"": 0.00010000000474974513, ""val_mae12"": 0.8451943397521973, ""val_me"": 0.450159491278591, ""val_me12"": -0.009714579676357154, ""mape_2021"": 4.069027423858643, ""mae_2021"": 0.7577738165855408, ""mae12_2021"": 0.5990705490112305, ""me_2021"": 0.37985952189472627, ""me12_2021"": 0.12726734397428394, ""epochs_trained"": 416}",2026-07-02T07:59:20.313227,completed
1,MAPE,96,1,selu,3,64,0.0,4.190381050109863,0.8608188033103943,0.763934314250946,0.3911542853382738,0.01359314549128253,4.190381050109863,0.8936640620231628,0.7453555464744568,0.3881772291820176,-0.31299110208901054,4.79276704788208,"{""loss"": 3.4556596279144287, ""mape"": 3.4556596279144287, ""mae"": 0.7166849970817566, ""val_loss"": 4.190381050109863, ""val_mape"": 4.190381050109863, ""val_mae"": 0.8608188033103943, ""lr"": 0.00010000000474974513, ""val_mae12"": 0.763934314250946, ""val_me"": 0.3911542853382738, ""val_me12"": 0.01359314549128253, ""mape_2021"": 4.79276704788208, ""mae_2021"": 0.8936640620231628, ""mae12_2021"": 0.7453555464744568, ""me_2021"": 0.3881772291820176, ""me12_2021"": -0.31299110208901054, ""epochs_trained"": 241}",2026-07-02T07:59:20.614373,completed
1,MAPE,96,1,selu,3,32,0.0,4.266240119934082,0.8788760900497437,0.9221126437187195,0.4077055821927346,-0.08089835089742621,4.266240119934082,0.9083171486854553,0.883545994758606,0.4343042791251111,-0.3860798861357576,5.070528030395508,"{""loss"": 3.523695230484009, ""mape"": 3.523695230484009, ""mae"": 0.7350658178329468, ""val_loss"": 4.266240119934082, ""val_mape"": 4.266240119934082, ""val_mae"": 0.8788760900497437, ""lr"": 0.00010000000474974513, ""val_mae12"": 0.9221126437187195, ""val_me"": 0.4077055821927346, ""val_me12"": -0.08089835089742621, ""mape_2021"": 5.070528030395508, ""mae_2021"": 0.9083171486854553, ""mae12_2021"": 0.883545994758606, ""me_2021"": 0.4343042791251111, ""me12_2021"": -0.3860798861357576, ""epochs_trained"": 325}",2026-07-02T07:59:22.132039,completed
1,MAPE,96,1,selu,3,16,0.0,4.795534133911133,1.0204870700836182,0.8225193619728088,0.529378901598714,-0.07193006544741948,4.795534133911133,1.2484210729599,0.9971659183502197,0.7747564385961312,-0.5745202645289077,6.495289325714111,"{""loss"": 5.111119747161865, ""mape"": 5.111119747161865, ""mae"": 1.1018500328063965, ""val_loss"": 4.795534133911133, ""val_mape"": 4.795534133911133, ""val_mae"": 1.0204870700836182, ""lr"": 0.00010000000474974513, ""val_mae12"": 0.8225193619728088, ""val_me"": 0.529378901598714, ""val_me12"": -0.07193006544741948, ""mape_2021"": 6.495289325714111, ""mae_2021"": 1.2484210729599, ""mae12_2021"": 0.9971659183502197, ""me_2021"": 0.7747564385961312, ""me12_2021"": -0.5745202645289077, ""epochs_trained"": 499}",2026-07-02T07:59:22.589276,completed
1,MAPE,96,1,selu,3,128,0.3,96.33324432373047,16.970855712890625,3.7319424152374268,23.091939181167355,3.3740829834633104,96.33324432373047,22.317150115966797,7.647063732147217,21.534403064787668,7.651464719721073,97.1294937133789,"{""loss"": 79.53902435302734, ""mape"": 79.53902435302734, ""mae"": 19.506309509277344, ""val_loss"": 96.33324432373047, ""val_mape"": 96.33324432373047, ""val_mae"": 16.970855712890625, ""lr"": 0.00010000000474974513, ""val_mae12"": 3.7319424152374268, ""val_me"": 23.091939181167355, ""val_me12"": 3.3740829834633104, ""mape_2021"": 97.1294937133789, ""mae_2021"": 22.317150115966797, ""mae12_2021"": 7.647063732147217, ""me_2021"": 21.534403064787668, ""me12_2021"": 7.651464719721073, ""epochs_trained"": 28}",2026-07-02T07:59:55.687287,completed
1,MAPE,96,1,selu,3,128,0.1,46.60224914550781,11.777170181274414,14.470866203308105,2.5686902709390638,14.329990627739333,46.60224914550781,8.478357315063477,20.842212677001953,3.13861165608089,20.91809769828403,60.64097213745117,"{""loss"": 26.700185775756836, ""mape"": 26.700185775756836, ""mae"": 5.87066650390625, ""val_loss"": 46.60224914550781, ""val_mape"": 46.60224914550781, ""val_mae"": 11.777170181274414, ""lr"": 0.00010000000474974513, ""val_mae12"": 14.470866203308105, ""val_me"": 2.5686902709390638, ""val_me12"": 14.329990627739333, ""mape_2021"": 60.64097213745117, ""mae_2021"": 8.478357315063477, ""mae12_2021"": 20.842212677001953, ""me_2021"": 3.13861165608089, ""me12_2021"": 20.91809769828403, ""epochs_trained"": 42}",2026-07-02T07:59:56.981913,completed
1,MAPE,96,1,selu,3,256,0.1,59.00026321411133,14.596473693847656,12.030942916870117,3.902802285534474,11.652165695937272,59.00026321411133,8.776098251342773,17.286657333374023,4.599034079016961,17.3593635881759,57.76077651977539,"{""loss"": 23.526573181152344, ""mape"": 23.526573181152344, ""mae"": 5.024054050445557, ""val_loss"": 59.00026321411133, ""val_mape"": 59.00026321411133, ""val_mae"": 14.596473693847656, ""lr"": 0.00010000000474974513, ""val_mae12"": 12.030942916870117, ""val_me"": 3.902802285534474, ""val_me12"": 11.652165695937272, ""mape_2021"": 57.76077651977539, ""mae_2021"": 8.776098251342773, ""mae12_2021"": 17.286657333374023, ""me_2021"": 4.599034079016961, ""me12_2021"": 17.3593635881759, ""epochs_trained"": 35}",2026-07-02T07:59:57.064914,completed
1,MAPE,96,1,selu,3,128,0.05,24.520254135131836,5.956969738006592,3.7038986682891846,-0.2610851897988319,1.4092029124535133,24.520254135131836,5.522984504699707,3.000755548477173,0.8974008475649671,-1.1197103288344161,25.988502502441406,"{""loss"": 18.680248260498047, ""mape"": 18.680248260498047, ""mae"": 3.914494037628174, ""val_loss"": 24.520254135131836, ""val_mape"": 24.520254135131836, ""val_mae"": 5.956969738006592, ""lr"": 0.00010000000474974513, ""val_mae12"": 3.7038986682891846, ""val_me"": -0.2610851897988319, ""val_me12"": 1.4092029124535133, ""mape_2021"": 25.988502502441406, ""mae_2021"": 5.522984504699707, ""mae12_2021"": 3.000755548477173, ""me_2021"": 0.8974008475649671, ""me12_2021"": -1.1197103288344161, ""epochs_trained"": 53}",2026-07-02T07:59:57.397435,completed
1,MAPE,96,1,selu,3,256,0.05,26.098730087280273,6.221105098724365,4.373867988586426,0.2579755292790576,-0.5769388464216215,26.098730087280273,5.390209197998047,7.196045875549316,1.193559632094228,-5.979972123841937,32.373600006103516,"{""loss"": 16.334697723388672, ""mape"": 16.334697723388672, ""mae"": 3.4618396759033203, ""val_loss"": 26.098730087280273, ""val_mape"": 26.098730087280273, ""val_mae"": 6.221105098724365, ""lr"": 0.00010000000474974513, ""val_mae12"": 4.373867988586426, ""val_me"": 0.2579755292790576, ""val_me12"": -0.5769388464216215, ""mape_2021"": 32.373600006103516, ""mae_2021"": 5.390209197998047, ""mae12_2021"": 7.196045875549316, ""me_2021"": 1.193559632094228, ""me12_2021"": -5.979972123841937, ""epochs_trained"": 42}",2026-07-02T07:59:57.691949,completed
1,MAPE,96,1,selu,3,256,0.3,263.4467468261719,62.32701873779297,31.801868438720703,4.805396554684522,31.75133607451167,263.4467468261719,17.803089141845703,41.50629806518555,3.9269060555535624,41.62086351627945,120.60392761230469,"{""loss"": 32.24856185913086, ""mape"": 32.24856185913086, ""mae"": 6.869645595550537, ""val_loss"": 263.4467468261719, ""val_mape"": 263.4467468261719, ""val_mae"": 62.32701873779297, ""lr"": 0.00010000000474974513, ""val_mae12"": 31.801868438720703, ""val_me"": 4.805396554684522, ""val_me12"": 31.75133607451167, ""mape_2021"": 120.60392761230469, ""mae_2021"": 17.803089141845703, ""mae12_2021"": 41.50629806518555, ""me_2021"": 3.9269060555535624, ""me12_2021"": 41.62086351627945, ""epochs_trained"": 37}",2026-07-02T07:59:57.773487,completed
1,MAPE,96,1,selu,3,256,0.0,4.007051944732666,0.7772253155708313,0.8701754212379456,0.3501020833409231,0.04816139684440657,4.007051944732666,0.7037640810012817,0.6059659719467163,0.29218033137574967,0.14836553620359905,3.9406936168670654,"{""loss"": 3.0085525512695312, ""mape"": 3.0085525512695312, ""mae"": 0.623563289642334, ""val_loss"": 4.007051944732666, ""val_mape"": 4.007051944732666, ""val_mae"": 0.7772253155708313, ""lr"": 0.00010000000474974513, ""val_mae12"": 0.8701754212379456, ""val_me"": 0.3501020833409231, ""val_me12"": 0.04816139684440657, ""mape_2021"": 3.9406936168670654, ""mae_2021"": 0.7037640810012817, ""mae12_2021"": 0.6059659719467163, ""me_2021"": 0.29218033137574967, ""me12_2021"": 0.14836553620359905, ""epochs_trained"": 164}",2026-07-02T08:00:06.380585,completed
1,MAPE,96,1,selu,3,128,0.0,4.1476616859436035,0.8137393593788147,0.797781765460968,0.4108621573117884,0.03571614943633057,4.1476616859436035,0.7749602794647217,0.6419154405593872,0.30250017745661434,-0.027551161091714606,4.169667720794678,"{""loss"": 3.067136764526367, ""mape"": 3.067136764526367, ""mae"": 0.6294790506362915, ""val_loss"": 4.1476616859436035, ""val_mape"": 4.1476616859436035, ""val_mae"": 0.8137393593788147, ""lr"": 0.00010000000474974513, ""val_mae12"": 0.797781765460968, ""val_me"": 0.4108621573117884, ""val_me12"": 0.03571614943633057, ""mape_2021"": 4.169667720794678, ""mae_2021"": 0.7749602794647217, ""mae12_2021"": 0.6419154405593872, ""me_2021"": 0.30250017745661434, ""me12_2021"": -0.027551161091714606, ""epochs_trained"": 259}",2026-07-02T08:00:08.813461,completed
2,MAPE,96,1,leaky_relu,3,64,0.3,39.26136779785156,8.561568260192871,4.666740894317627,6.340024947427574,4.080653357829018,39.26136779785156,10.138290405273438,11.810724258422852,7.38793139917132,11.573849520455415,58.81124496459961,"{""loss"": 47.924556732177734, ""mape"": 47.924556732177734, ""mae"": 10.290933609008789, ""val_loss"": 39.26136779785156, ""val_mape"": 39.26136779785156, ""val_mae"": 8.561568260192871, ""lr"": 0.00010000000474974513, ""val_mae12"": 4.666740894317627, ""val_me"": 6.340024947427574, ""val_me12"": 4.080653357829018, ""mape_2021"": 58.81124496459961, ""mae_2021"": 10.138290405273438, ""mae12_2021"": 11.810724258422852, ""me_2021"": 7.38793139917132, ""me12_2021"": 11.573849520455415, ""epochs_trained"": 60}",2026-07-03T09:16:14.159564,completed
2,MAPE,96,1,leaky_relu,3,128,0.05,4.54337739944458,0.9194499254226685,1.1602133512496948,0.5225210524654786,-0.510781060413121,4.54337739944458,0.807442307472229,1.1073999404907227,0.45428004617981477,-0.5072505975806553,4.4874467849731445,"{""loss"": 5.107026100158691, ""mape"": 5.107026100158691, ""mae"": 1.0928512811660767, ""val_loss"": 4.54337739944458, ""val_mape"": 4.54337739944458, ""val_mae"": 0.9194499254226685, ""lr"": 1.0000000656873453e-05, ""val_mae12"": 1.1602133512496948, ""val_me"": 0.5225210524654786, ""val_me12"": -0.510781060413121, ""mape_2021"": 4.4874467849731445, ""mae_2021"": 0.807442307472229, ""mae12_2021"": 1.1073999404907227, ""me_2021"": 0.45428004617981477, ""me12_2021"": -0.5072505975806553, ""epochs_trained"": 367}",2026-07-03T09:16:52.755474,completed
2,MAPE,96,1,leaky_relu,3,64,0.1,5.294084548950195,1.0730482339859009,1.2272969484329224,0.6838806726425621,-0.40587560378250603,5.294084548950195,0.9887439012527466,1.20200777053833,0.6620311830175044,-0.608449334365842,5.3917460441589355,"{""loss"": 7.672178268432617, ""mape"": 7.672178268432617, ""mae"": 1.7031391859054565, ""val_loss"": 5.294084548950195, ""val_mape"": 5.294084548950195, ""val_mae"": 1.0730482339859009, ""lr"": 0.00010000000474974513, ""val_mae12"": 1.2272969484329224, ""val_me"": 0.6838806726425621, ""val_me12"": -0.40587560378250603, ""mape_2021"": 5.3917460441589355, ""mae_2021"": 0.9887439012527466, ""mae12_2021"": 1.20200777053833, ""me_2021"": 0.6620311830175044, ""me12_2021"": -0.608449334365842, ""epochs_trained"": 381}",2026-07-03T09:16:53.944336,completed
2,MAPE,96,1,leaky_relu,3,128,0.0,4.367786884307861,0.861885666847229,1.0400851964950562,0.38464887849719,-0.26117298455961035,4.367786884307861,0.7805389761924744,0.9324161410331726,0.2644382628245391,0.1082104223564316,4.409471035003662,"{""loss"": 3.0147929191589355, ""mape"": 3.0147929191589355, ""mae"": 0.6245832443237305, ""val_loss"": 4.367786884307861, ""val_mape"": 4.367786884307861, ""val_mae"": 0.861885666847229, ""lr"": 1.0000000656873453e-05, ""val_mae12"": 1.0400851964950562, ""val_me"": 0.38464887849719, ""val_me12"": -0.26117298455961035, ""mape_2021"": 4.409471035003662, ""mae_2021"": 0.7805389761924744, ""mae12_2021"": 0.9324161410331726, ""me_2021"": 0.2644382628245391, ""me12_2021"": 0.1082104223564316, ""epochs_trained"": 461}",2026-07-03T09:17:01.583200,completed
2,MAPE,96,1,leaky_relu,3,64,0.05,4.552962779998779,0.9198315739631653,1.0627472400665283,0.5519816078632805,-0.3550607664999621,4.552962779998779,0.8287792801856995,1.2000236511230469,0.4679899592457803,-0.12616240731703524,4.800497531890869,"{""loss"": 5.74281120300293, ""mape"": 5.74281120300293, ""mae"": 1.2671000957489014, ""val_loss"": 4.552962779998779, ""val_mape"": 4.552962779998779, ""val_mae"": 0.9198315739631653, ""lr"": 0.00010000000474974513, ""val_mae12"": 1.0627472400665283, ""val_me"": 0.5519816078632805, ""val_me12"": -0.3550607664999621, ""mape_2021"": 4.800497531890869, ""mae_2021"": 0.8287792801856995, ""mae12_2021"": 1.2000236511230469, ""me_2021"": 0.4679899592457803, ""me12_2021"": -0.12616240731703524, ""epochs_trained"": 490}",2026-07-03T09:17:06.110733,completed
2,MAPE,96,1,leaky_relu,3,128,0.1,4.8682708740234375,0.9805774688720703,1.2698273658752441,0.5272444386008449,-0.47856069470936297,4.8682708740234375,0.8616424202919006,1.3974571228027344,0.5182483975116818,-0.9299979216980113,5.038686275482178,"{""loss"": 6.069374084472656, ""mape"": 6.069374084472656, ""mae"": 1.3281277418136597, ""val_loss"": 4.8682708740234375, ""val_mape"": 4.8682708740234375, ""val_mae"": 0.9805774688720703, ""lr"": 0.00010000000474974513, ""val_mae12"": 1.2698273658752441, ""val_me"": 0.5272444386008449, ""val_me12"": -0.47856069470936297, ""mape_2021"": 5.038686275482178, ""mae_2021"": 0.8616424202919006, ""mae12_2021"": 1.3974571228027344, ""me_2021"": 0.5182483975116818, ""me12_2021"": -0.9299979216980113, ""epochs_trained"": 341}",2026-07-03T09:17:08.738712,completed
2,MAPE,96,1,leaky_relu,3,128,0.3,5.876581192016602,1.2787238359451294,1.0683335065841675,0.8595063517050348,0.08758589345962652,5.876581192016602,1.132883071899414,1.1679357290267944,0.8635258467438937,-0.3267416970778897,5.858823776245117,"{""loss"": 9.226775169372559, ""mape"": 9.226775169372559, ""mae"": 2.0920932292938232, ""val_loss"": 5.876581192016602, ""val_mape"": 5.876581192016602, ""val_mae"": 1.2787238359451294, ""lr"": 0.00010000000474974513, ""val_mae12"": 1.0683335065841675, ""val_me"": 0.8595063517050348, ""val_me12"": 0.08758589345962652, ""mape_2021"": 5.858823776245117, ""mae_2021"": 1.132883071899414, ""mae12_2021"": 1.1679357290267944, ""me_2021"": 0.8635258467438937, ""me12_2021"": -0.3267416970778897, ""epochs_trained"": 313}",2026-07-03T09:18:30.484163,completed
2,MAPE,96,1,leaky_relu,3,256,0.05,4.592889785766602,0.9446687698364258,1.2083169221878052,0.3405805143604412,-0.2674169125548873,4.592889785766602,0.8020168542861938,1.3503830432891846,0.30488871626093195,-0.5929469946539463,4.683570861816406,"{""loss"": 4.480840682983398, ""mape"": 4.480840682983398, ""mae"": 0.9413337707519531, ""val_loss"": 4.592889785766602, ""val_mape"": 4.592889785766602, ""val_mae"": 0.9446687698364258, ""lr"": 0.00010000000474974513, ""val_mae12"": 1.2083169221878052, ""val_me"": 0.3405805143604412, ""val_me12"": -0.2674169125548873, ""mape_2021"": 4.683570861816406, ""mae_2021"": 0.8020168542861938, ""mae12_2021"": 1.3503830432891846, ""me_2021"": 0.30488871626093195, ""me12_2021"": -0.5929469946539463, ""epochs_trained"": 271}",2026-07-03T09:18:35.740368,completed
2,MAPE,96,1,leaky_relu,3,256,0.1,4.960785388946533,1.0479556322097778,1.2732552289962769,0.44351459488832956,-0.6452931849025025,4.960785388946533,0.8153488039970398,1.2346744537353516,0.43733266172883084,-0.7798676642046433,4.659389019012451,"{""loss"": 5.12976598739624, ""mape"": 5.12976598739624, ""mae"": 1.0981032848358154, ""val_loss"": 4.960785388946533, ""val_mape"": 4.960785388946533, ""val_mae"": 1.0479556322097778, ""lr"": 0.00010000000474974513, ""val_mae12"": 1.2732552289962769, ""val_me"": 0.44351459488832956, ""val_me12"": -0.6452931849025025, ""mape_2021"": 4.659389019012451, ""mae_2021"": 0.8153488039970398, ""mae12_2021"": 1.2346744537353516, ""me_2021"": 0.43733266172883084, ""me12_2021"": -0.7798676642046433, ""epochs_trained"": 253}",2026-07-03T09:18:37.059518,completed
2,MAPE,96,1,leaky_relu,3,256,0.3,5.956620693206787,1.2683720588684082,1.6145145893096924,0.7417524109671247,-1.126977063623744,5.956620693206787,1.02534019947052,1.8569774627685547,0.7896652289737355,-1.5695966308324654,6.038969039916992,"{""loss"": 7.530473709106445, ""mape"": 7.530473709106445, ""mae"": 1.67436945438385, ""val_loss"": 5.956620693206787, ""val_mape"": 5.956620693206787, ""val_mae"": 1.2683720588684082, ""lr"": 0.00010000000474974513, ""val_mae12"": 1.6145145893096924, ""val_me"": 0.7417524109671247, ""val_me12"": -1.126977063623744, ""mape_2021"": 6.038969039916992, ""mae_2021"": 1.02534019947052, ""mae12_2021"": 1.8569774627685547, ""me_2021"": 0.7896652289737355, ""me12_2021"": -1.5695966308324654, ""epochs_trained"": 249}",2026-07-03T09:18:38.132699,completed
2,MAPE,96,1,leaky_relu,3,256,0.0,4.292699337005615,0.8474712371826172,1.1732364892959595,0.3766051103782611,-0.4813912319043807,4.292699337005615,0.7818370461463928,0.8893651366233826,0.31248706957791206,-0.21186836165708037,4.235983848571777,"{""loss"": 2.709533929824829, ""mape"": 2.709533929824829, ""mae"": 0.5791009068489075, ""val_loss"": 4.292699337005615, ""val_mape"": 4.292699337005615, ""val_mae"": 0.8474712371826172, ""lr"": 1.0000000656873453e-05, ""val_mae12"": 1.1732364892959595, ""val_me"": 0.3766051103782611, ""val_me12"": -0.4813912319043807, ""mape_2021"": 4.235983848571777, ""mae_2021"": 0.7818370461463928, ""mae12_2021"": 0.8893651366233826, ""me_2021"": 0.31248706957791206, ""me12_2021"": -0.21186836165708037, ""epochs_trained"": 693}",2026-07-03T09:19:00.169871,completed
2,MAPE,96,1,leaky_relu,3,64,0.0,5.459649085998535,1.1089292764663696,1.1894309520721436,0.38289381796571514,0.2647613078392556,5.459649085998535,1.0286269187927246,1.2465879917144775,0.3542431133458663,-0.6828040348340466,5.745267868041992,"{""loss"": 4.216622829437256, ""mape"": 4.216622829437256, ""mae"": 0.8886934518814087, ""val_loss"": 5.459649085998535, ""val_mape"": 5.459649085998535, ""val_mae"": 1.1089292764663696, ""lr"": 1.0000000656873453e-05, ""val_mae12"": 1.1894309520721436, ""val_me"": 0.38289381796571514, ""val_me12"": 0.2647613078392556, ""mape_2021"": 5.745267868041992, ""mae_2021"": 1.0286269187927246, ""mae12_2021"": 1.2465879917144775, ""me_2021"": 0.3542431133458663, ""me12_2021"": -0.6828040348340466, ""epochs_trained"": 1786}",2026-07-03T09:19:15.447351,completed
2,MAPE,96,1,selu,1,32,0.05,49.52201461791992,10.589254379272461,4.160049915313721,8.445804415020952,3.153800608571912,49.52201461791992,12.464653968811035,12.552020072937012,9.561555835381753,12.018973499794308,72.01915740966797,"{""loss"": 54.51173782348633, ""mape"": 54.51173782348633, ""mae"": 10.929849624633789, ""val_loss"": 49.52201461791992, ""val_mape"": 49.52201461791992, ""val_mae"": 10.589254379272461, ""lr"": 0.00010000000474974513, ""val_mae12"": 4.160049915313721, ""val_me"": 8.445804415020952, ""val_me12"": 3.153800608571912, ""mape_2021"": 72.01915740966797, ""mae_2021"": 12.464653968811035, ""mae12_2021"": 12.552020072937012, ""me_2021"": 9.561555835381753, ""me12_2021"": 12.018973499794308, ""epochs_trained"": 85}",2026-07-03T09:19:29.977491,completed
2,MAPE,96,1,selu,1,32,0.0,46.879920959472656,10.04541015625,5.136147975921631,7.578138439294241,3.650785542920615,46.879920959472656,11.553688049316406,13.006515502929688,8.609743992701034,12.3138619674947,65.99979400634766,"{""loss"": 49.743804931640625, ""mape"": 49.743804931640625, ""mae"": 10.151561737060547, ""val_loss"": 46.879920959472656, ""val_mape"": 46.879920959472656, ""val_mae"": 10.04541015625, ""lr"": 0.00010000000474974513, ""val_mae12"": 5.136147975921631, ""val_me"": 7.578138439294241, ""val_me12"": 3.650785542920615, ""mape_2021"": 65.99979400634766, ""mae_2021"": 11.553688049316406, ""mae12_2021"": 13.006515502929688, ""me_2021"": 8.609743992701034, ""me12_2021"": 12.3138619674947, ""epochs_trained"": 111}",2026-07-03T09:19:30.727575,completed
2,MAPE,96,1,selu,1,16,0.05,46.01572036743164,9.894373893737793,5.292875289916992,7.533826308485239,4.270615834973076,46.01572036743164,11.370331764221191,13.994290351867676,8.527202784146398,13.691292725485292,66.81792449951172,"{""loss"": 51.75053405761719, ""mape"": 51.75053405761719, ""mae"": 10.508462905883789, ""val_loss"": 46.01572036743164, ""val_mape"": 46.01572036743164, ""val_mae"": 9.894373893737793, ""lr"": 0.00010000000474974513, ""val_mae12"": 5.292875289916992, ""val_me"": 7.533826308485239, ""val_me12"": 4.270615834973076, ""mape_2021"": 66.81792449951172, ""mae_2021"": 11.370331764221191, ""mae12_2021"": 13.994290351867676, ""me_2021"": 8.527202784146398, ""me12_2021"": 13.691292725485292, ""epochs_trained"": 128}",2026-07-03T09:19:31.398060,completed
2,MAPE,96,1,selu,1,16,0.1,43.7436637878418,9.370682716369629,5.646481037139893,6.77621368991668,4.91284248972398,43.7436637878418,10.710174560546875,13.002785682678223,7.788861438021306,12.869148527288385,61.97859191894531,"{""loss"": 51.07136535644531, ""mape"": 51.07136535644531, ""mae"": 10.505833625793457, ""val_loss"": 43.7436637878418, ""val_mape"": 43.7436637878418, ""val_mae"": 9.370682716369629, ""lr"": 0.00010000000474974513, ""val_mae12"": 5.646481037139893, ""val_me"": 6.77621368991668, ""val_me12"": 4.91284248972398, ""mape_2021"": 61.97859191894531, ""mae_2021"": 10.710174560546875, ""mae12_2021"": 13.002785682678223, ""me_2021"": 7.788861438021306, ""me12_2021"": 12.869148527288385, ""epochs_trained"": 154}",2026-07-03T09:19:32.387136,completed
2,MAPE,96,1,selu,1,16,0.3,72.23472595214844,17.822330474853516,7.858588695526123,15.83504255737635,7.223520899474776,72.23472595214844,17.307125091552734,13.63552188873291,14.899838991830267,13.6644054797331,81.2874526977539,"{""loss"": 80.5185317993164, ""mape"": 80.5185317993164, ""mae"": 19.51394271850586, ""val_loss"": 72.23472595214844, ""val_mape"": 72.23472595214844, ""val_mae"": 17.822330474853516, ""lr"": 0.00010000000474974513, ""val_mae12"": 7.858588695526123, ""val_me"": 15.83504255737635, ""val_me12"": 7.223520899474776, ""mape_2021"": 81.2874526977539, ""mae_2021"": 17.307125091552734, ""mae12_2021"": 13.63552188873291, ""me_2021"": 14.899838991830267, ""me12_2021"": 13.6644054797331, ""epochs_trained"": 243}",2026-07-03T09:19:36.647853,completed
2,MAPE,96,1,selu,1,32,0.1,48.194522857666016,10.455430030822754,5.556478500366211,7.413329239543955,4.6673554580931835,48.194522857666016,11.348993301391602,14.115091323852539,8.425919717479891,13.934737564494824,66.88980102539062,"{""loss"": 52.220008850097656, ""mape"": 52.220008850097656, ""mae"": 10.599505424499512, ""val_loss"": 48.194522857666016, ""val_mape"": 48.194522857666016, ""val_mae"": 10.455430030822754, ""lr"": 0.00010000000474974513, ""val_mae12"": 5.556478500366211, ""val_me"": 7.413329239543955, ""val_me12"": 4.6673554580931835, ""mape_2021"": 66.88980102539062, ""mae_2021"": 11.348993301391602, ""mae12_2021"": 14.115091323852539, ""me_2021"": 8.425919717479891, ""me12_2021"": 13.934737564494824, ""epochs_trained"": 108}",2026-07-03T09:19:38.669764,completed
2,MAPE,96,1,selu,1,64,0.0,46.50698471069336,9.962114334106445,5.261307716369629,7.7783350812037515,3.6760475840399236,46.50698471069336,11.427764892578125,13.231772422790527,8.77022036073493,12.45156198434648,65.5347900390625,"{""loss"": 48.850643157958984, ""mape"": 48.850643157958984, ""mae"": 9.914985656738281, ""val_loss"": 46.50698471069336, ""val_mape"": 46.50698471069336, ""val_mae"": 9.962114334106445, ""lr"": 0.00010000000474974513, ""val_mae12"": 5.261307716369629, ""val_me"": 7.7783350812037515, ""val_me12"": 3.6760475840399236, ""mape_2021"": 65.5347900390625, ""mae_2021"": 11.427764892578125, ""mae12_2021"": 13.231772422790527, ""me_2021"": 8.77022036073493, ""me12_2021"": 12.45156198434648, ""epochs_trained"": 103}",2026-07-03T09:19:39.934335,completed
2,MAPE,96,1,selu,1,64,0.05,46.274051666259766,9.982291221618652,4.57413911819458,7.444132273841596,3.07653003397319,46.274051666259766,11.567940711975098,12.14647388458252,8.587833297509187,11.53409220028095,65.63156127929688,"{""loss"": 50.494781494140625, ""mape"": 50.494781494140625, ""mae"": 10.208952903747559, ""val_loss"": 46.274051666259766, ""val_mape"": 46.274051666259766, ""val_mae"": 9.982291221618652, ""lr"": 0.00010000000474974513, ""val_mae12"": 4.57413911819458, ""val_me"": 7.444132273841596, ""val_me12"": 3.07653003397319, ""mape_2021"": 65.63156127929688, ""mae_2021"": 11.567940711975098, ""mae12_2021"": 12.14647388458252, ""me_2021"": 8.587833297509187, ""me12_2021"": 11.53409220028095, ""epochs_trained"": 96}",2026-07-03T09:19:40.670527,completed
2,MAPE,96,1,selu,1,32,0.3,47.11248016357422,9.833308219909668,9.778594017028809,5.062569363675579,9.118833270985682,47.11248016357422,10.525693893432617,18.194496154785156,6.0036296766484565,18.277498939780784,65.17060852050781,"{""loss"": 57.27063751220703, ""mape"": 57.27063751220703, ""mae"": 12.358616828918457, ""val_loss"": 47.11248016357422, ""val_mape"": 47.11248016357422, ""val_mae"": 9.833308219909668, ""lr"": 0.00010000000474974513, ""val_mae12"": 9.778594017028809, ""val_me"": 5.062569363675579, ""val_me12"": 9.118833270985682, ""mape_2021"": 65.17060852050781, ""mae_2021"": 10.525693893432617, ""mae12_2021"": 18.194496154785156, ""me_2021"": 6.0036296766484565, ""me12_2021"": 18.277498939780784, ""epochs_trained"": 154}",2026-07-03T09:19:41.199883,completed
2,MAPE,96,1,selu,1,64,0.1,46.30409622192383,10.10261344909668,4.7673187255859375,7.162238799414027,3.4798136706559855,46.30409622192383,10.956530570983887,11.502886772155762,8.242196072612076,11.071449899268982,61.7435302734375,"{""loss"": 49.44647216796875, ""mape"": 49.44647216796875, ""mae"": 10.029050827026367, ""val_loss"": 46.30409622192383, ""val_mape"": 46.30409622192383, ""val_mae"": 10.10261344909668, ""lr"": 0.00010000000474974513, ""val_mae12"": 4.7673187255859375, ""val_me"": 7.162238799414027, ""val_me12"": 3.4798136706559855, ""mape_2021"": 61.7435302734375, ""mae_2021"": 10.956530570983887, ""mae12_2021"": 11.502886772155762, ""me_2021"": 8.242196072612076, ""me12_2021"": 11.071449899268982, ""epochs_trained"": 108}",2026-07-03T09:19:44.759374,completed
2,MAPE,96,1,selu,1,64,0.3,52.39882278442383,11.27572250366211,9.409380912780762,5.744895829014494,8.653756475139263,52.39882278442383,10.8831148147583,18.75125503540039,6.66447195303305,18.822666304236822,68.06007385253906,"{""loss"": 54.992801666259766, ""mape"": 54.992801666259766, ""mae"": 11.512635231018066, ""val_loss"": 52.39882278442383, ""val_mape"": 52.39882278442383, ""val_mae"": 11.27572250366211, ""lr"": 0.00010000000474974513, ""val_mae12"": 9.409380912780762, ""val_me"": 5.744895829014494, ""val_me12"": 8.653756475139263, ""mape_2021"": 68.06007385253906, ""mae_2021"": 10.8831148147583, ""mae12_2021"": 18.75125503540039, ""me_2021"": 6.66447195303305, ""me12_2021"": 18.822666304236822, ""epochs_trained"": 111}",2026-07-03T09:19:46.097741,completed
2,MAPE,96,1,selu,1,16,0.0,4.825479984283447,1.026453971862793,0.8703389167785645,0.5080093945177353,0.23714087855609683,4.825479984283447,1.0549184083938599,1.0435856580734253,0.6346826991954864,-0.6074668569326903,5.692004203796387,"{""loss"": 4.0092997550964355, ""mape"": 4.0092997550964355, ""mae"": 0.8449042439460754, ""val_loss"": 4.825479984283447, ""val_mape"": 4.825479984283447, ""val_mae"": 1.026453971862793, ""lr"": 0.00010000000474974513, ""val_mae12"": 0.8703389167785645, ""val_me"": 0.5080093945177353, ""val_me12"": 0.23714087855609683, ""mape_2021"": 5.692004203796387, ""mae_2021"": 1.0549184083938599, ""mae12_2021"": 1.0435856580734253, ""me_2021"": 0.6346826991954864, ""me12_2021"": -0.6074668569326903, ""epochs_trained"": 1546}",2026-07-03T09:20:16.606899,completed
2,MAPE,96,1,selu,1,128,0.1,49.89948654174805,10.792061805725098,4.269289016723633,8.145383072622826,2.4567293165846764,49.89948654174805,11.946359634399414,12.35934066772461,9.263352517826338,11.408230217776422,68.15376281738281,"{""loss"": 51.56270217895508, ""mape"": 51.56270217895508, ""mae"": 10.365973472595215, ""val_loss"": 49.89948654174805, ""val_mape"": 49.89948654174805, ""val_mae"": 10.792061805725098, ""lr"": 0.00010000000474974513, ""val_mae12"": 4.269289016723633, ""val_me"": 8.145383072622826, ""val_me12"": 2.4567293165846764, ""mape_2021"": 68.15376281738281, ""mae_2021"": 11.946359634399414, ""mae12_2021"": 12.35934066772461, ""me_2021"": 9.263352517826338, ""me12_2021"": 11.408230217776422, ""epochs_trained"": 86}",2026-07-03T09:20:38.947427,completed
2,MAPE,96,1,selu,1,128,0.3,65.80964660644531,14.70516300201416,8.001840591430664,7.308292984498007,7.120679062628145,65.80964660644531,11.55333137512207,17.701791763305664,8.205696474872472,17.667972786816794,71.06316375732422,"{""loss"": 53.362403869628906, ""mape"": 53.362403869628906, ""mae"": 10.73398494720459, ""val_loss"": 65.80964660644531, ""val_mape"": 65.80964660644531, ""val_mae"": 14.70516300201416, ""lr"": 0.00010000000474974513, ""val_mae12"": 8.001840591430664, ""val_me"": 7.308292984498007, ""val_me12"": 7.120679062628145, ""mape_2021"": 71.06316375732422, ""mae_2021"": 11.55333137512207, ""mae12_2021"": 17.701791763305664, ""me_2021"": 8.205696474872472, ""me12_2021"": 17.667972786816794, ""epochs_trained"": 82}",2026-07-03T09:20:39.101430,completed
2,MAPE,96,1,selu,1,256,0.3,68.59173583984375,15.316346168518066,6.317958831787109,7.34529589429506,5.340640967970629,68.59173583984375,11.589871406555176,14.955682754516602,8.37506918785259,14.768184752633786,68.23088836669922,"{""loss"": 52.65574264526367, ""mape"": 52.65574264526367, ""mae"": 10.458542823791504, ""val_loss"": 68.59173583984375, ""val_mape"": 68.59173583984375, ""val_mae"": 15.316346168518066, ""lr"": 0.00010000000474974513, ""val_mae12"": 6.317958831787109, ""val_me"": 7.34529589429506, ""val_me12"": 5.340640967970629, ""mape_2021"": 68.23088836669922, ""mae_2021"": 11.589871406555176, ""mae12_2021"": 14.955682754516602, ""me_2021"": 8.37506918785259, ""me12_2021"": 14.768184752633786, ""epochs_trained"": 78}",2026-07-03T09:20:59.930274,completed
2,MAPE,96,1,selu,1,256,0.05,8.752776145935059,2.0777928829193115,1.1232577562332153,-1.305774679051421,0.4517448452001836,8.752776145935059,1.9603631496429443,1.6086856126785278,-0.8303459017818874,-0.9800472233488003,10.005776405334473,"{""loss"": 11.112933158874512, ""mape"": 11.112933158874512, ""mae"": 2.1514461040496826, ""val_loss"": 8.752776145935059, ""val_mape"": 8.752776145935059, ""val_mae"": 2.0777928829193115, ""lr"": 0.00010000000474974513, ""val_mae12"": 1.1232577562332153, ""val_me"": -1.305774679051421, ""val_me12"": 0.4517448452001836, ""mape_2021"": 10.005776405334473, ""mae_2021"": 1.9603631496429443, ""mae12_2021"": 1.6086856126785278, ""me_2021"": -0.8303459017818874, ""me12_2021"": -0.9800472233488003, ""epochs_trained"": 317}",2026-07-03T09:21:03.849219,completed
2,MAPE,96,1,selu,1,128,0.05,8.50059700012207,1.9768034219741821,1.3960949182510376,-1.4392294487908195,0.8899254139035992,8.50059700012207,1.8174089193344116,2.0900497436523438,-1.0386345710112386,-0.8472322170562717,10.037007331848145,"{""loss"": 9.303486824035645, ""mape"": 9.303486824035645, ""mae"": 1.6548117399215698, ""val_loss"": 8.50059700012207, ""val_mape"": 8.50059700012207, ""val_mae"": 1.9768034219741821, ""lr"": 0.00010000000474974513, ""val_mae12"": 1.3960949182510376, ""val_me"": -1.4392294487908195, ""val_me12"": 0.8899254139035992, ""mape_2021"": 10.037007331848145, ""mae_2021"": 1.8174089193344116, ""mae12_2021"": 2.0900497436523438, ""me_2021"": -1.0386345710112386, ""me12_2021"": -0.8472322170562717, ""epochs_trained"": 450}",2026-07-03T09:21:15.587937,completed
2,MAPE,96,1,selu,1,256,0.0,4.923682689666748,1.0671732425689697,0.8253860473632812,0.3243115898194976,0.21769593503832418,4.923682689666748,1.0861157178878784,0.7151692509651184,0.5151278860108053,0.04075250565846148,5.433841705322266,"{""loss"": 4.380592346191406, ""mape"": 4.380592346191406, ""mae"": 0.9729495048522949, ""val_loss"": 4.923682689666748, ""val_mape"": 4.923682689666748, ""val_mae"": 1.0671732425689697, ""lr"": 0.00010000000474974513, ""val_mae12"": 0.8253860473632812, ""val_me"": 0.3243115898194976, ""val_me12"": 0.21769593503832418, ""mape_2021"": 5.433841705322266, ""mae_2021"": 1.0861157178878784, ""mae12_2021"": 0.7151692509651184, ""me_2021"": 0.5151278860108053, ""me12_2021"": 0.04075250565846148, ""epochs_trained"": 456}",2026-07-03T09:21:16.421729,completed
2,MAPE,96,1,selu,2,16,0.05,44.553466796875,9.769742965698242,3.5055065155029297,7.453677566949604,2.834940693581677,44.553466796875,10.838156700134277,9.641888618469238,8.580925566373729,9.41281503464729,61.564273834228516,"{""loss"": 48.75483322143555, ""mape"": 48.75483322143555, ""mae"": 10.086517333984375, ""val_loss"": 44.553466796875, ""val_mape"": 44.553466796875, ""val_mae"": 9.769742965698242, ""lr"": 0.00010000000474974513, ""val_mae12"": 3.5055065155029297, ""val_me"": 7.453677566949604, ""val_me12"": 2.834940693581677, ""mape_2021"": 61.564273834228516, ""mae_2021"": 10.838156700134277, ""mae12_2021"": 9.641888618469238, ""me_2021"": 8.580925566373729, ""me12_2021"": 9.41281503464729, ""epochs_trained"": 80}",2026-07-03T09:21:17.321977,completed
2,MAPE,96,1,selu,1,256,0.1,15.815017700195312,3.8865559101104736,1.3670905828475952,-3.1307435484560813,-0.03568978981609292,15.815017700195312,3.134726047515869,2.985832691192627,-2.4450078090472274,-2.694568983814722,16.159435272216797,"{""loss"": 12.186505317687988, ""mape"": 12.186505317687988, ""mae"": 2.4458065032958984, ""val_loss"": 15.815017700195312, ""val_mape"": 15.815017700195312, ""val_mae"": 3.8865559101104736, ""lr"": 0.00010000000474974513, ""val_mae12"": 1.3670905828475952, ""val_me"": -3.1307435484560813, ""val_me12"": -0.03568978981609292, ""mape_2021"": 16.159435272216797, ""mae_2021"": 3.134726047515869, ""mae12_2021"": 2.985832691192627, ""me_2021"": -2.4450078090472274, ""me12_2021"": -2.694568983814722, ""epochs_trained"": 322}",2026-07-03T09:21:17.756651,completed
2,MAPE,96,1,selu,2,16,0.1,44.96964645385742,10.127326011657715,7.88087797164917,5.34004964191475,7.453647289818458,44.96964645385742,9.8082914352417,15.367096900939941,6.359112516577946,15.457975349198398,61.11899948120117,"{""loss"": 48.69862365722656, ""mape"": 48.69862365722656, ""mae"": 10.416017532348633, ""val_loss"": 44.96964645385742, ""val_mape"": 44.96964645385742, ""val_mae"": 10.127326011657715, ""lr"": 0.00010000000474974513, ""val_mae12"": 7.88087797164917, ""val_me"": 5.34004964191475, ""val_me12"": 7.453647289818458, ""mape_2021"": 61.11899948120117, ""mae_2021"": 9.8082914352417, ""mae12_2021"": 15.367096900939941, ""me_2021"": 6.359112516577946, ""me12_2021"": 15.457975349198398, ""epochs_trained"": 97}",2026-07-03T09:21:23.570207,completed
2,MAPE,96,1,selu,2,16,0.3,66.27410125732422,14.139586448669434,22.514434814453125,0.9558959143054309,22.47000111402492,66.27410125732422,10.544052124023438,32.65135955810547,1.5948730942945217,32.79758002938337,83.0089340209961,"{""loss"": 60.798675537109375, ""mape"": 60.798675537109375, ""mae"": 13.871180534362793, ""val_loss"": 66.27410125732422, ""val_mape"": 66.27410125732422, ""val_mae"": 14.139586448669434, ""lr"": 0.00010000000474974513, ""val_mae12"": 22.514434814453125, ""val_me"": 0.9558959143054309, ""val_me12"": 22.47000111402492, ""mape_2021"": 83.0089340209961, ""mae_2021"": 10.544052124023438, ""mae12_2021"": 32.65135955810547, ""me_2021"": 1.5948730942945217, ""me12_2021"": 32.79758002938337, ""epochs_trained"": 125}",2026-07-03T09:21:25.190055,completed
2,MAPE,96,1,selu,2,16,0.0,4.239850997924805,0.880492627620697,0.8270420432090759,0.4010484784400862,-0.1036825704263924,4.239850997924805,1.0047565698623657,1.0427298545837402,0.5565027098316215,-0.6594471514268556,5.530669689178467,"{""loss"": 4.1878862380981445, ""mape"": 4.1878862380981445, ""mae"": 0.8812354803085327, ""val_loss"": 4.239850997924805, ""val_mape"": 4.239850997924805, ""val_mae"": 0.880492627620697, ""lr"": 0.00010000000474974513, ""val_mae12"": 0.8270420432090759, ""val_me"": 0.4010484784400862, ""val_me12"": -0.1036825704263924, ""mape_2021"": 5.530669689178467, ""mae_2021"": 1.0047565698623657, ""mae12_2021"": 1.0427298545837402, ""me_2021"": 0.5565027098316215, ""me12_2021"": -0.6594471514268556, ""epochs_trained"": 684}",2026-07-03T09:21:36.965171,completed
2,MAPE,96,1,selu,1,128,0.0,5.798625469207764,1.249883770942688,0.8893201947212219,0.35511621684948175,0.13796684023042605,5.798625469207764,1.2993383407592773,1.101925015449524,0.5112621577797194,-0.5177518718678041,6.795869827270508,"{""loss"": 5.065214157104492, ""mape"": 5.065214157104492, ""mae"": 1.0965157747268677, ""val_loss"": 5.798625469207764, ""val_mape"": 5.798625469207764, ""val_mae"": 1.249883770942688, ""lr"": 1.0000000656873453e-05, ""val_mae12"": 0.8893201947212219, ""val_me"": 0.35511621684948175, ""val_me12"": 0.13796684023042605, ""mape_2021"": 6.795869827270508, ""mae_2021"": 1.2993383407592773, ""mae12_2021"": 1.101925015449524, ""me_2021"": 0.5112621577797194, ""me12_2021"": -0.5177518718678041, ""epochs_trained"": 3446}",2026-07-03T09:22:57.517180,completed
2,MAPE,96,1,selu,2,32,0.05,44.369422912597656,9.792828559875488,4.8862175941467285,6.611134015667785,4.3365679739442635,44.369422912597656,10.322334289550781,11.227241516113281,7.6912574363831245,11.150788672802134,59.839962005615234,"{""loss"": 45.78866958618164, ""mape"": 45.78866958618164, ""mae"": 9.406217575073242, ""val_loss"": 44.369422912597656, ""val_mape"": 44.369422912597656, ""val_mae"": 9.792828559875488, ""lr"": 0.00010000000474974513, ""val_mae12"": 4.8862175941467285, ""val_me"": 6.611134015667785, ""val_me12"": 4.3365679739442635, ""mape_2021"": 59.839962005615234, ""mae_2021"": 10.322334289550781, ""mae12_2021"": 11.227241516113281, ""me_2021"": 7.6912574363831245, ""me12_2021"": 11.150788672802134, ""epochs_trained"": 63}",2026-07-03T09:23:13.455105,completed
2,MAPE,96,1,selu,2,32,0.1,53.13131332397461,12.252799034118652,9.350329399108887,5.566566076408121,8.948990564909518,53.13131332397461,9.974052429199219,16.921274185180664,6.514718839942844,17.02877803779703,63.561283111572266,"{""loss"": 48.23326110839844, ""mape"": 48.23326110839844, ""mae"": 10.039506912231445, ""val_loss"": 53.13131332397461, ""val_mape"": 53.13131332397461, ""val_mae"": 12.252799034118652, ""lr"": 0.00010000000474974513, ""val_mae12"": 9.350329399108887, ""val_me"": 5.566566076408121, ""val_me12"": 8.948990564909518, ""mape_2021"": 63.561283111572266, ""mae_2021"": 9.974052429199219, ""mae12_2021"": 16.921274185180664, ""me_2021"": 6.514718839942844, ""me12_2021"": 17.02877803779703, ""epochs_trained"": 75}",2026-07-03T09:23:13.502797,completed
2,MAPE,96,1,selu,2,32,0.3,72.8202133178711,15.550642013549805,24.86571502685547,1.1269505869501455,24.826626222305563,72.8202133178711,11.276047706604004,36.712928771972656,1.6955315808999605,36.8849683064372,91.0230712890625,"{""loss"": 58.55315399169922, ""mape"": 58.55315399169922, ""mae"": 13.10539722442627, ""val_loss"": 72.8202133178711, ""val_mape"": 72.8202133178711, ""val_mae"": 15.550642013549805, ""lr"": 0.00010000000474974513, ""val_mae12"": 24.86571502685547, ""val_me"": 1.1269505869501455, ""val_me12"": 24.826626222305563, ""mape_2021"": 91.0230712890625, ""mae_2021"": 11.276047706604004, ""mae12_2021"": 36.712928771972656, ""me_2021"": 1.6955315808999605, ""me12_2021"": 36.8849683064372, ""epochs_trained"": 84}",2026-07-03T09:23:13.990149,completed
2,MAPE,96,1,selu,2,64,0.3,92.04564666748047,21.344701766967773,4.443416595458984,22.570042670067934,4.067003489855107,92.04564666748047,22.058290481567383,9.51077651977539,21.01796460977714,9.522606634689211,97.88397216796875,"{""loss"": 87.64862060546875, ""mape"": 87.64862060546875, ""mae"": 21.786666870117188, ""val_loss"": 92.04564666748047, ""val_mape"": 92.04564666748047, ""val_mae"": 21.344701766967773, ""lr"": 0.00010000000474974513, ""val_mae12"": 4.443416595458984, ""val_me"": 22.570042670067934, ""val_me12"": 4.067003489855107, ""mape_2021"": 97.88397216796875, ""mae_2021"": 22.058290481567383, ""mae12_2021"": 9.51077651977539, ""me_2021"": 21.01796460977714, ""me12_2021"": 9.522606634689211, ""epochs_trained"": 32}",2026-07-03T09:23:21.710441,completed
2,MAPE,96,1,selu,2,64,0.1,45.706748962402344,10.944783210754395,9.660551071166992,3.9795555000916893,9.179177935858808,45.706748962402344,9.01395320892334,16.239086151123047,4.952121173739467,16.33324002914247,57.95242691040039,"{""loss"": 38.350914001464844, ""mape"": 38.350914001464844, ""mae"": 8.158794403076172, ""val_loss"": 45.706748962402344, ""val_mape"": 45.706748962402344, ""val_mae"": 10.944783210754395, ""lr"": 0.00010000000474974513, ""val_mae12"": 9.660551071166992, ""val_me"": 3.9795555000916893, ""val_me12"": 9.179177935858808, ""mape_2021"": 57.95242691040039, ""mae_2021"": 9.01395320892334, ""mae12_2021"": 16.239086151123047, ""me_2021"": 4.952121173739467, ""me12_2021"": 16.33324002914247, ""epochs_trained"": 65}",2026-07-03T09:23:23.662691,completed
2,MAPE,96,1,selu,2,64,0.05,13.292393684387207,3.2440407276153564,1.1536706686019897,-2.6002567382211197,0.42454224212923375,13.292393684387207,3.1258833408355713,0.8034679293632507,-2.1438271719083675,0.05997207441656067,13.553800582885742,"{""loss"": 8.502049446105957, ""mape"": 8.502049446105957, ""mae"": 1.9218971729278564, ""val_loss"": 13.292393684387207, ""val_mape"": 13.292393684387207, ""val_mae"": 3.2440407276153564, ""lr"": 0.00010000000474974513, ""val_mae12"": 1.1536706686019897, ""val_me"": -2.6002567382211197, ""val_me12"": 0.42454224212923375, ""mape_2021"": 13.553800582885742, ""mae_2021"": 3.1258833408355713, ""mae12_2021"": 0.8034679293632507, ""me_2021"": -2.1438271719083675, ""me12_2021"": 0.05997207441656067, ""epochs_trained"": 275}",2026-07-03T09:23:26.514782,completed
2,MAPE,96,1,selu,2,64,0.0,4.400012493133545,0.9130953550338745,0.7953571677207947,0.4386499328856954,0.11036707249957955,4.400012493133545,1.0392005443572998,0.8238407969474792,0.5488251865157802,-0.2444200877419727,5.464034080505371,"{""loss"": 3.9627442359924316, ""mape"": 3.9627442359924316, ""mae"": 0.833065390586853, ""val_loss"": 4.400012493133545, ""val_mape"": 4.400012493133545, ""val_mae"": 0.9130953550338745, ""lr"": 0.00010000000474974513, ""val_mae12"": 0.7953571677207947, ""val_me"": 0.4386499328856954, ""val_me12"": 0.11036707249957955, ""mape_2021"": 5.464034080505371, ""mae_2021"": 1.0392005443572998, ""mae12_2021"": 0.8238407969474792, ""me_2021"": 0.5488251865157802, ""me12_2021"": -0.2444200877419727, ""epochs_trained"": 323}",2026-07-03T09:23:30.226091,completed
2,MAPE,96,1,selu,2,128,0.05,21.204435348510742,4.9695868492126465,2.7291667461395264,-0.652374093554554,0.8210548663397833,21.204435348510742,5.649480819702148,4.926937580108643,0.5714268934611958,-3.547604984449507,29.251012802124023,"{""loss"": 19.810304641723633, ""mape"": 19.810304641723633, ""mae"": 4.255280494689941, ""val_loss"": 21.204435348510742, ""val_mape"": 21.204435348510742, ""val_mae"": 4.9695868492126465, ""lr"": 0.00010000000474974513, ""val_mae12"": 2.7291667461395264, ""val_me"": -0.652374093554554, ""val_me12"": 0.8210548663397833, ""mape_2021"": 29.251012802124023, ""mae_2021"": 5.649480819702148, ""mae12_2021"": 4.926937580108643, ""me_2021"": 0.5714268934611958, ""me12_2021"": -3.547604984449507, ""epochs_trained"": 87}",2026-07-03T09:23:35.104607,completed
2,MAPE,96,1,selu,2,128,0.1,36.804447174072266,8.941849708557129,5.1527628898620605,-0.6040258612476002,5.043132063867512,36.804447174072266,8.41666030883789,6.190645217895508,0.9230528824428582,6.199352192915761,40.3183479309082,"{""loss"": 27.830638885498047, ""mape"": 27.830638885498047, ""mae"": 6.088306903839111, ""val_loss"": 36.804447174072266, ""val_mape"": 36.804447174072266, ""val_mae"": 8.941849708557129, ""lr"": 0.00010000000474974513, ""val_mae12"": 5.1527628898620605, ""val_me"": -0.6040258612476002, ""val_me12"": 5.043132063867512, ""mape_2021"": 40.3183479309082, ""mae_2021"": 8.41666030883789, ""mae12_2021"": 6.190645217895508, ""me_2021"": 0.9230528824428582, ""me12_2021"": 6.199352192915761, ""epochs_trained"": 64}",2026-07-03T09:23:35.529119,completed
2,MAPE,96,1,selu,2,128,0.3,126.16064453125,29.596832275390625,25.915555953979492,2.7283030007977915,25.58580933593793,126.16064453125,12.1052827835083,39.37830352783203,3.0417981724599863,39.5459710616023,97.62118530273438,"{""loss"": 47.538787841796875, ""mape"": 47.538787841796875, ""mae"": 9.759246826171875, ""val_loss"": 126.16064453125, ""val_mape"": 126.16064453125, ""val_mae"": 29.596832275390625, ""lr"": 0.00010000000474974513, ""val_mae12"": 25.915555953979492, ""val_me"": 2.7283030007977915, ""val_me12"": 25.58580933593793, ""mape_2021"": 97.62118530273438, ""mae_2021"": 12.1052827835083, ""mae12_2021"": 39.37830352783203, ""me_2021"": 3.0417981724599863, ""me12_2021"": 39.5459710616023, ""epochs_trained"": 52}",2026-07-03T09:23:37.155508,completed
2,MAPE,96,1,selu,2,128,0.0,4.504144191741943,0.8949763774871826,0.8500906229019165,0.35773266715040475,-0.05242096489861058,4.504144191741943,0.9506248831748962,0.7908036112785339,0.46112488653328393,-0.25450384684204563,5.175525665283203,"{""loss"": 3.672097682952881, ""mape"": 3.672097682952881, ""mae"": 0.7674423456192017, ""val_loss"": 4.504144191741943, ""val_mape"": 4.504144191741943, ""val_mae"": 0.8949763774871826, ""lr"": 0.00010000000474974513, ""val_mae12"": 0.8500906229019165, ""val_me"": 0.35773266715040475, ""val_me12"": -0.05242096489861058, ""mape_2021"": 5.175525665283203, ""mae_2021"": 0.9506248831748962, ""mae12_2021"": 0.7908036112785339, ""me_2021"": 0.46112488653328393, ""me12_2021"": -0.25450384684204563, ""epochs_trained"": 344}",2026-07-03T09:23:40.495164,completed
2,MAPE,96,1,selu,2,32,0.0,4.050561428070068,0.8384363651275635,0.8626499772071838,0.3619059531336317,-0.11617524487208099,4.050561428070068,0.9214169979095459,1.0520620346069336,0.4286156437666788,-0.6486667607988975,5.173755645751953,"{""loss"": 3.61210298538208, ""mape"": 3.61210298538208, ""mae"": 0.7462135553359985, ""val_loss"": 4.050561428070068, ""val_mape"": 4.050561428070068, ""val_mae"": 0.8384363651275635, ""lr"": 0.00010000000474974513, ""val_mae12"": 0.8626499772071838, ""val_me"": 0.3619059531336317, ""val_me12"": -0.11617524487208099, ""mape_2021"": 5.173755645751953, ""mae_2021"": 0.9214169979095459, ""mae12_2021"": 1.0520620346069336, ""me_2021"": 0.4286156437666788, ""me12_2021"": -0.6486667607988975, ""epochs_trained"": 571}",2026-07-03T09:23:41.062060,completed
2,MAPE,96,1,selu,2,256,0.3,146.721435546875,34.477203369140625,16.856733322143555,0.601617192267783,16.482906977780562,146.721435546875,10.535500526428223,24.939130783081055,1.4605740212764802,25.020294521951627,72.81500244140625,"{""loss"": 36.798667907714844, ""mape"": 36.798667907714844, ""mae"": 7.816653728485107, ""val_loss"": 146.721435546875, ""val_mape"": 146.721435546875, ""val_mae"": 34.477203369140625, ""lr"": 0.00010000000474974513, ""val_mae12"": 16.856733322143555, ""val_me"": 0.601617192267783, ""val_me12"": 16.482906977780562, ""mape_2021"": 72.81500244140625, ""mae_2021"": 10.535500526428223, ""mae12_2021"": 24.939130783081055, ""me_2021"": 1.4605740212764802, ""me12_2021"": 25.020294521951627, ""epochs_trained"": 47}",2026-07-03T09:24:05.256390,completed
2,MAPE,96,1,selu,2,256,0.1,44.63770294189453,10.484071731567383,5.665334701538086,-1.4163932710425535,4.68194577131519,44.63770294189453,7.539984703063965,4.120360374450684,-0.17580293816896267,0.6959569234805854,35.912513732910156,"{""loss"": 23.47176742553711, ""mape"": 23.47176742553711, ""mae"": 5.112224578857422, ""val_loss"": 44.63770294189453, ""val_mape"": 44.63770294189453, ""val_mae"": 10.484071731567383, ""lr"": 0.00010000000474974513, ""val_mae12"": 5.665334701538086, ""val_me"": -1.4163932710425535, ""val_me12"": 4.68194577131519, ""mape_2021"": 35.912513732910156, ""mae_2021"": 7.539984703063965, ""mae12_2021"": 4.120360374450684, ""me_2021"": -0.17580293816896267, ""me12_2021"": 0.6959569234805854, ""epochs_trained"": 55}",2026-07-03T09:24:05.769390,completed
2,MAPE,96,1,selu,3,16,0.05,36.72806930541992,8.484704971313477,7.953161716461182,3.98464964616095,7.82769192831237,36.72806930541992,8.009572982788086,13.580129623413086,4.90279309720009,13.662584847028118,50.47050857543945,"{""loss"": 38.96121597290039, ""mape"": 38.96121597290039, ""mae"": 8.40774154663086, ""val_loss"": 36.72806930541992, ""val_mape"": 36.72806930541992, ""val_mae"": 8.484704971313477, ""lr"": 0.00010000000474974513, ""val_mae12"": 7.953161716461182, ""val_me"": 3.98464964616095, ""val_me12"": 7.82769192831237, ""mape_2021"": 50.47050857543945, ""mae_2021"": 8.009572982788086, ""mae12_2021"": 13.580129623413086, ""me_2021"": 4.90279309720009, ""me12_2021"": 13.662584847028118, ""epochs_trained"": 79}",2026-07-03T09:24:06.566073,completed
2,MAPE,96,1,selu,2,256,0.05,22.5899658203125,5.422794818878174,2.1568403244018555,-1.6636824420645544,0.9356108611832811,22.5899658203125,5.2845683097839355,4.596878528594971,-0.49488730713039525,-3.291108544606379,27.9952335357666,"{""loss"": 17.686296463012695, ""mape"": 17.686296463012695, ""mae"": 3.828258752822876, ""val_loss"": 22.5899658203125, ""val_mape"": 22.5899658203125, ""val_mae"": 5.422794818878174, ""lr"": 0.00010000000474974513, ""val_mae12"": 2.1568403244018555, ""val_me"": -1.6636824420645544, ""val_me12"": 0.9356108611832811, ""mape_2021"": 27.9952335357666, ""mae_2021"": 5.2845683097839355, ""mae12_2021"": 4.596878528594971, ""me_2021"": -0.49488730713039525, ""me12_2021"": -3.291108544606379, ""epochs_trained"": 71}",2026-07-03T09:24:13.584632,completed
2,MAPE,96,1,selu,3,16,0.3,87.67532348632812,20.152202606201172,8.125723838806152,19.98002296227875,7.859684139435112,87.67532348632812,20.426549911499023,14.673954010009766,18.58757145560454,14.775893358426574,96.58106994628906,"{""loss"": 89.36107635498047, ""mape"": 89.36107635498047, ""mae"": 21.958484649658203, ""val_loss"": 87.67532348632812, ""val_mape"": 87.67532348632812, ""val_mae"": 20.152202606201172, ""lr"": 0.00010000000474974513, ""val_mae12"": 8.125723838806152, ""val_me"": 19.98002296227875, ""val_me12"": 7.859684139435112, ""mape_2021"": 96.58106994628906, ""mae_2021"": 20.426549911499023, ""mae12_2021"": 14.673954010009766, ""me_2021"": 18.58757145560454, ""me12_2021"": 14.775893358426574, ""epochs_trained"": 47}",2026-07-03T09:24:14.689460,completed
2,MAPE,96,1,selu,3,16,0.1,57.39821243286133,13.207488059997559,13.85922908782959,3.4261773203007193,13.74669656791079,57.39821243286133,9.064821243286133,22.676406860351562,4.159187020124341,22.81070881776628,65.72221374511719,"{""loss"": 48.28317642211914, ""mape"": 48.28317642211914, ""mae"": 10.180061340332031, ""val_loss"": 57.39821243286133, ""val_mape"": 57.39821243286133, ""val_mae"": 13.207488059997559, ""lr"": 0.00010000000474974513, ""val_mae12"": 13.85922908782959, ""val_me"": 3.4261773203007193, ""val_me12"": 13.74669656791079, ""mape_2021"": 65.72221374511719, ""mae_2021"": 9.064821243286133, ""mae12_2021"": 22.676406860351562, ""me_2021"": 4.159187020124341, ""me12_2021"": 22.81070881776628, ""epochs_trained"": 91}",2026-07-03T09:24:16.485211,completed
2,MAPE,96,1,selu,3,32,0.1,66.82769775390625,15.75684642791748,16.70237922668457,3.16014764481474,16.65313648474271,66.82769775390625,8.846090316772461,25.8923282623291,3.7424044006146686,26.021471764460266,68.79913330078125,"{""loss"": 44.731117248535156, ""mape"": 44.731117248535156, ""mae"": 9.353902816772461, ""val_loss"": 66.82769775390625, ""val_mape"": 66.82769775390625, ""val_mae"": 15.75684642791748, ""lr"": 0.00010000000474974513, ""val_mae12"": 16.70237922668457, ""val_me"": 3.16014764481474, ""val_me12"": 16.65313648474271, ""mape_2021"": 68.79913330078125, ""mae_2021"": 8.846090316772461, ""mae12_2021"": 25.8923282623291, ""me_2021"": 3.7424044006146686, ""me12_2021"": 26.021471764460266, ""epochs_trained"": 61}",2026-07-03T09:24:26.227086,completed
2,MAPE,96,1,selu,3,32,0.3,95.57122802734375,20.132953643798828,8.680319786071777,19.564184026852274,8.514673905779311,95.57122802734375,20.02393913269043,13.464923858642578,18.13120405424319,13.554594178148502,91.90664672851562,"{""loss"": 84.06893157958984, ""mape"": 84.06893157958984, ""mae"": 20.989973068237305, ""val_loss"": 95.57122802734375, ""val_mape"": 95.57122802734375, ""val_mae"": 20.132953643798828, ""lr"": 0.00010000000474974513, ""val_mae12"": 8.680319786071777, ""val_me"": 19.564184026852274, ""val_me12"": 8.514673905779311, ""mape_2021"": 91.90664672851562, ""mae_2021"": 20.02393913269043, ""mae12_2021"": 13.464923858642578, ""me_2021"": 18.13120405424319, ""me12_2021"": 13.554594178148502, ""epochs_trained"": 41}",2026-07-03T09:24:26.973119,completed
2,MAPE,96,1,selu,3,16,0.0,4.941038608551025,1.0169306993484497,0.978049099445343,0.5970480059143306,-0.6594452109224439,4.941038608551025,1.0988483428955078,0.6857655048370361,0.7228389984414749,-0.21565431813558555,5.565797805786133,"{""loss"": 4.418868064880371, ""mape"": 4.418868064880371, ""mae"": 0.9522070288658142, ""val_loss"": 4.941038608551025, ""val_mape"": 4.941038608551025, ""val_mae"": 1.0169306993484497, ""lr"": 0.00010000000474974513, ""val_mae12"": 0.978049099445343, ""val_me"": 0.5970480059143306, ""val_me12"": -0.6594452109224439, ""mape_2021"": 5.565797805786133, ""mae_2021"": 1.0988483428955078, ""mae12_2021"": 0.6857655048370361, ""me_2021"": 0.7228389984414749, ""me12_2021"": -0.21565431813558555, ""epochs_trained"": 443}",2026-07-03T09:24:29.788623,completed
2,MAPE,96,1,selu,2,256,0.0,3.788463592529297,0.7482693195343018,1.0124692916870117,0.4307504704540263,-0.3651753439582164,3.788463592529297,0.7418720722198486,0.9175189733505249,0.38457022256331413,-0.527912168022875,4.505403995513916,"{""loss"": 2.741699695587158, ""mape"": 2.741699695587158, ""mae"": 0.5673181414604187, ""val_loss"": 3.788463592529297, ""val_mape"": 3.788463592529297, ""val_mae"": 0.7482693195343018, ""lr"": 1.0000000656873453e-05, ""val_mae12"": 1.0124692916870117, ""val_me"": 0.4307504704540263, ""val_me12"": -0.3651753439582164, ""mape_2021"": 4.505403995513916, ""mae_2021"": 0.7418720722198486, ""mae12_2021"": 0.9175189733505249, ""me_2021"": 0.38457022256331413, ""me12_2021"": -0.527912168022875, ""epochs_trained"": 462}",2026-07-03T09:24:33.537421,completed
2,MAPE,96,1,selu,3,32,0.0,4.212660789489746,0.8655409216880798,0.9322386980056763,0.49008076523197586,0.0479141093028439,4.212660789489746,0.900374710559845,0.9361340999603271,0.4685879296435193,-0.41480962695920415,5.010634422302246,"{""loss"": 3.4000749588012695, ""mape"": 3.4000749588012695, ""mae"": 0.7128703594207764, ""val_loss"": 4.212660789489746, ""val_mape"": 4.212660789489746, ""val_mae"": 0.8655409216880798, ""lr"": 0.00010000000474974513, ""val_mae12"": 0.9322386980056763, ""val_me"": 0.49008076523197586, ""val_me12"": 0.0479141093028439, ""mape_2021"": 5.010634422302246, ""mae_2021"": 0.900374710559845, ""mae12_2021"": 0.9361340999603271, ""me_2021"": 0.4685879296435193, ""me12_2021"": -0.41480962695920415, ""epochs_trained"": 384}",2026-07-03T09:24:34.692351,completed
2,MAPE,96,1,selu,3,32,0.05,22.36594581604004,5.584383964538574,1.7597944736480713,-2.1780412074705366,1.474678127989752,22.36594581604004,6.4318366050720215,1.27946937084198,-0.7538874346727308,0.9707548819576749,27.13324737548828,"{""loss"": 24.203359603881836, ""mape"": 24.203359603881836, ""mae"": 5.539674282073975, ""val_loss"": 22.36594581604004, ""val_mape"": 22.36594581604004, ""val_mae"": 5.584383964538574, ""lr"": 9.999999747378752e-06, ""val_mae12"": 1.7597944736480713, ""val_me"": -2.1780412074705366, ""val_me12"": 1.474678127989752, ""mape_2021"": 27.13324737548828, ""mae_2021"": 6.4318366050720215, ""mae12_2021"": 1.27946937084198, ""me_2021"": -0.7538874346727308, ""me12_2021"": 0.9707548819576749, ""epochs_trained"": 499}",2026-07-03T09:24:43.213078,completed
2,MAPE,96,1,selu,3,64,0.3,111.42329406738281,20.160524368286133,5.86540412902832,21.147588893411758,5.446692134681649,111.42329406738281,21.174318313598633,12.332829475402832,19.805814526152197,12.36386163503324,98.31143188476562,"{""loss"": 83.50153350830078, ""mape"": 83.50153350830078, ""mae"": 20.298194885253906, ""val_loss"": 111.42329406738281, ""val_mape"": 111.42329406738281, ""val_mae"": 20.160524368286133, ""lr"": 0.00010000000474974513, ""val_mae12"": 5.86540412902832, ""val_me"": 21.147588893411758, ""val_me12"": 5.446692134681649, ""mape_2021"": 98.31143188476562, ""mae_2021"": 21.174318313598633, ""mae12_2021"": 12.332829475402832, ""me_2021"": 19.805814526152197, ""me12_2021"": 12.36386163503324, ""epochs_trained"": 30}",2026-07-03T09:25:01.581388,completed
2,MAPE,96,1,selu,3,64,0.1,66.0406494140625,15.175329208374023,15.146261215209961,3.6113252910364104,14.799430669016362,66.0406494140625,10.271224975585938,24.793243408203125,4.485422826203812,24.92847433049762,73.59783172607422,"{""loss"": 41.89436721801758, ""mape"": 41.89436721801758, ""mae"": 8.56440544128418, ""val_loss"": 66.0406494140625, ""val_mape"": 66.0406494140625, ""val_mae"": 15.175329208374023, ""lr"": 0.00010000000474974513, ""val_mae12"": 15.146261215209961, ""val_me"": 3.6113252910364104, ""val_me12"": 14.799430669016362, ""mape_2021"": 73.59783172607422, ""mae_2021"": 10.271224975585938, ""mae12_2021"": 24.793243408203125, ""me_2021"": 4.485422826203812, ""me12_2021"": 24.92847433049762, ""epochs_trained"": 46}",2026-07-03T09:25:02.898555,completed
2,MAPE,96,1,selu,3,128,0.05,20.116981506347656,5.009670257568359,2.2900567054748535,-2.9041503096918637,1.9998588820357015,20.116981506347656,4.920176982879639,2.138866901397705,-1.9491019368319333,0.23254532969673142,22.45357322692871,"{""loss"": 14.674885749816895, ""mape"": 14.674885749816895, ""mae"": 3.1764543056488037, ""val_loss"": 20.116981506347656, ""val_mape"": 20.116981506347656, ""val_mae"": 5.009670257568359, ""lr"": 0.00010000000474974513, ""val_mae12"": 2.2900567054748535, ""val_me"": -2.9041503096918637, ""val_me12"": 1.9998588820357015, ""mape_2021"": 22.45357322692871, ""mae_2021"": 4.920176982879639, ""mae12_2021"": 2.138866901397705, ""me_2021"": -1.9491019368319333, ""me12_2021"": 0.23254532969673142, ""epochs_trained"": 75}",2026-07-03T09:25:04.865170,completed
2,MAPE,96,1,selu,3,128,0.1,52.88566970825195,12.662830352783203,15.706454277038574,1.9606809997033414,15.581492947551064,52.88566970825195,8.751660346984863,21.67847442626953,2.527847887318428,21.763670845421988,63.076026916503906,"{""loss"": 27.607114791870117, ""mape"": 27.607114791870117, ""mae"": 5.922645092010498, ""val_loss"": 52.88566970825195, ""val_mape"": 52.88566970825195, ""val_mae"": 12.662830352783203, ""lr"": 0.00010000000474974513, ""val_mae12"": 15.706454277038574, ""val_me"": 1.9606809997033414, ""val_me12"": 15.581492947551064, ""mape_2021"": 63.076026916503906, ""mae_2021"": 8.751660346984863, ""mae12_2021"": 21.67847442626953, ""me_2021"": 2.527847887318428, ""me12_2021"": 21.763670845421988, ""epochs_trained"": 43}",2026-07-03T09:25:14.900737,completed
2,MAPE,96,1,selu,3,64,0.05,13.83028507232666,3.4401044845581055,1.2703163623809814,-3.1935855794724755,-0.16922246991437823,13.83028507232666,3.202497959136963,1.0284063816070557,-3.0143215815850817,-0.3163147746180445,13.674578666687012,"{""loss"": 7.100437164306641, ""mape"": 7.100437164306641, ""mae"": 1.5407400131225586, ""val_loss"": 13.83028507232666, ""val_mape"": 13.83028507232666, ""val_mae"": 3.4401044845581055, ""lr"": 0.00010000000474974513, ""val_mae12"": 1.2703163623809814, ""val_me"": -3.1935855794724755, ""val_me12"": -0.16922246991437823, ""mape_2021"": 13.674578666687012, ""mae_2021"": 3.202497959136963, ""mae12_2021"": 1.0284063816070557, ""me_2021"": -3.0143215815850817, ""me12_2021"": -0.3163147746180445, ""epochs_trained"": 182}",2026-07-03T09:25:15.120741,completed
2,MAPE,96,1,selu,3,128,0.3,102.9662857055664,18.964651107788086,3.7856099605560303,23.29935853705168,3.4406971709835443,102.9662857055664,22.333683013916016,7.509234428405762,21.53794624768339,7.5190426765035205,95.39816284179688,"{""loss"": 80.60201263427734, ""mape"": 80.60201263427734, ""mae"": 20.001394271850586, ""val_loss"": 102.9662857055664, ""val_mape"": 102.9662857055664, ""val_mae"": 18.964651107788086, ""lr"": 0.00010000000474974513, ""val_mae12"": 3.7856099605560303, ""val_me"": 23.29935853705168, ""val_me12"": 3.4406971709835443, ""mape_2021"": 95.39816284179688, ""mae_2021"": 22.333683013916016, ""mae12_2021"": 7.509234428405762, ""me_2021"": 21.53794624768339, ""me12_2021"": 7.5190426765035205, ""epochs_trained"": 28}",2026-07-03T09:25:15.268740,completed
2,MAPE,96,1,selu,3,128,0.0,3.896034002304077,0.8246724605560303,0.8384191989898682,0.24391331265378444,0.11259786280268254,3.896034002304077,0.8162729740142822,0.6699162721633911,0.1856527183622671,0.10766428946944238,4.437793731689453,"{""loss"": 3.3927605152130127, ""mape"": 3.3927605152130127, ""mae"": 0.6890025734901428, ""val_loss"": 3.896034002304077, ""val_mape"": 3.896034002304077, ""val_mae"": 0.8246724605560303, ""lr"": 0.00010000000474974513, ""val_mae12"": 0.8384191989898682, ""val_me"": 0.24391331265378444, ""val_me12"": 0.11259786280268254, ""mape_2021"": 4.437793731689453, ""mae_2021"": 0.8162729740142822, ""mae12_2021"": 0.6699162721633911, ""me_2021"": 0.1856527183622671, ""me12_2021"": 0.10766428946944238, ""epochs_trained"": 218}",2026-07-03T09:25:17.780519,completed
2,MAPE,96,1,selu,3,64,0.0,4.183572292327881,0.8145896792411804,0.884475588798523,0.35093655068573704,-0.06683049446146264,4.183572292327881,0.7944677472114563,0.778728187084198,0.3267230815122148,-0.22011477705526747,4.443380355834961,"{""loss"": 3.191696882247925, ""mape"": 3.191696882247925, ""mae"": 0.6584705710411072, ""val_loss"": 4.183572292327881, ""val_mape"": 4.183572292327881, ""val_mae"": 0.8145896792411804, ""lr"": 0.00010000000474974513, ""val_mae12"": 0.884475588798523, ""val_me"": 0.35093655068573704, ""val_me12"": -0.06683049446146264, ""mape_2021"": 4.443380355834961, ""mae_2021"": 0.7944677472114563, ""mae12_2021"": 0.778728187084198, ""me_2021"": 0.3267230815122148, ""me12_2021"": -0.22011477705526747, ""epochs_trained"": 283}",2026-07-03T09:25:31.174684,completed
2,MAPE,96,1,selu,3,256,0.1,58.77361297607422,14.548974990844727,12.27493953704834,4.581678821984806,11.962909040889045,58.77361297607422,8.776780128479004,17.523601531982422,5.263955439823728,17.605277084899782,58.058021545410156,"{""loss"": 22.59019660949707, ""mape"": 22.59019660949707, ""mae"": 4.842709541320801, ""val_loss"": 58.77361297607422, ""val_mape"": 58.77361297607422, ""val_mae"": 14.548974990844727, ""lr"": 0.00010000000474974513, ""val_mae12"": 12.27493953704834, ""val_me"": 4.581678821984806, ""val_me12"": 11.962909040889045, ""mape_2021"": 58.058021545410156, ""mae_2021"": 8.776780128479004, ""mae12_2021"": 17.523601531982422, ""me_2021"": 5.263955439823728, ""me12_2021"": 17.605277084899782, ""epochs_trained"": 35}",2026-07-03T09:25:33.896926,completed
2,MAPE,96,1,selu,3,256,0.3,240.74514770507812,58.14015579223633,27.129594802856445,7.600590210394518,27.080481758534802,240.74514770507812,18.31435203552246,35.58125305175781,6.569114200387104,35.6809301456186,114.49406433105469,"{""loss"": 32.84528350830078, ""mape"": 32.84528350830078, ""mae"": 6.957341194152832, ""val_loss"": 240.74514770507812, ""val_mape"": 240.74514770507812, ""val_mae"": 58.14015579223633, ""lr"": 0.00010000000474974513, ""val_mae12"": 27.129594802856445, ""val_me"": 7.600590210394518, ""val_me12"": 27.080481758534802, ""mape_2021"": 114.49406433105469, ""mae_2021"": 18.31435203552246, ""mae12_2021"": 35.58125305175781, ""me_2021"": 6.569114200387104, ""me12_2021"": 35.6809301456186, ""epochs_trained"": 36}",2026-07-03T09:25:34.040931,completed
2,MAPE,96,1,selu,3,256,0.05,23.5562744140625,5.613370418548584,4.90216064453125,0.05018416449323906,-0.603844652590242,23.5562744140625,5.154635906219482,8.397448539733887,0.8510885924034571,-7.007267756759302,32.86955642700195,"{""loss"": 16.816606521606445, ""mape"": 16.816606521606445, ""mae"": 3.5634706020355225, ""val_loss"": 23.5562744140625, ""val_mape"": 23.5562744140625, ""val_mae"": 5.613370418548584, ""lr"": 0.00010000000474974513, ""val_mae12"": 4.90216064453125, ""val_me"": 0.05018416449323906, ""val_me12"": -0.603844652590242, ""mape_2021"": 32.86955642700195, ""mae_2021"": 5.154635906219482, ""mae12_2021"": 8.397448539733887, ""me_2021"": 0.8510885924034571, ""me12_2021"": -7.007267756759302, ""epochs_trained"": 43}",2026-07-03T09:25:34.107940,completed
2,MAPE,96,1,selu,3,256,0.0,4.066679954528809,0.798418402671814,0.8604027628898621,0.4221573028962657,0.06766400426928657,4.066679954528809,0.7413148880004883,0.7315574884414673,0.3535577642683762,-0.13557434034693358,4.216590881347656,"{""loss"": 3.027268409729004, ""mape"": 3.027268409729004, ""mae"": 0.620254397392273, ""val_loss"": 4.066679954528809, ""val_mape"": 4.066679954528809, ""val_mae"": 0.798418402671814, ""lr"": 0.00010000000474974513, ""val_mae12"": 0.8604027628898621, ""val_me"": 0.4221573028962657, ""val_me12"": 0.06766400426928657, ""mape_2021"": 4.216590881347656, ""mae_2021"": 0.7413148880004883, ""mae12_2021"": 0.7315574884414673, ""me_2021"": 0.3535577642683762, ""me12_2021"": -0.13557434034693358, ""epochs_trained"": 167}",2026-07-03T09:25:36.040330,completed
3,MAPE,96,1,leaky_relu,3,128,0.0,5.243044853210449,1.0590366125106812,1.1136581897735596,0.40629972664854713,-0.09023235218814614,5.243044853210449,0.9913126230239868,1.2441396713256836,0.2829884329165682,0.002113464097793922,5.4619951248168945,"{""loss"": 3.926421880722046, ""mape"": 3.926421880722046, ""mae"": 0.8141974806785583, ""val_loss"": 5.243044853210449, ""val_mape"": 5.243044853210449, ""val_mae"": 1.0590366125106812, ""lr"": 1.0000000656873453e-05, ""val_mae12"": 1.1136581897735596, ""val_me"": 0.40629972664854713, ""val_me12"": -0.09023235218814614, ""mape_2021"": 5.4619951248168945, ""mae_2021"": 0.9913126230239868, ""mae12_2021"": 1.2441396713256836, ""me_2021"": 0.2829884329165682, ""me12_2021"": 0.002113464097793922, ""epochs_trained"": 321}",2026-07-03T09:26:29.181704,completed
3,MAPE,96,1,leaky_relu,3,128,0.05,4.627458095550537,0.9243776202201843,1.274039626121521,0.39890968284681566,-0.6116734299568185,4.627458095550537,0.814285933971405,1.1971266269683838,0.3693269206909713,-0.6438676229411203,4.560346603393555,"{""loss"": 5.102919101715088, ""mape"": 5.102919101715088, ""mae"": 1.0926127433776855, ""val_loss"": 4.627458095550537, ""val_mape"": 4.627458095550537, ""val_mae"": 0.9243776202201843, ""lr"": 0.00010000000474974513, ""val_mae12"": 1.274039626121521, ""val_me"": 0.39890968284681566, ""val_me12"": -0.6116734299568185, ""mape_2021"": 4.560346603393555, ""mae_2021"": 0.814285933971405, ""mae12_2021"": 1.1971266269683838, ""me_2021"": 0.3693269206909713, ""me12_2021"": -0.6438676229411203, ""epochs_trained"": 353}",2026-07-03T09:26:32.004675,completed
3,MAPE,96,1,leaky_relu,3,64,0.3,5.861390113830566,1.239790678024292,1.2028156518936157,0.7623409613526264,-0.17588276230816896,5.861390113830566,1.1849627494812012,1.3823308944702148,0.8557552665404856,-0.6117183029902152,6.386848449707031,"{""loss"": 12.272162437438965, ""mape"": 12.272162437438965, ""mae"": 2.8145101070404053, ""val_loss"": 5.861390113830566, ""val_mape"": 5.861390113830566, ""val_mae"": 1.239790678024292, ""lr"": 0.00010000000474974513, ""val_mae12"": 1.2028156518936157, ""val_me"": 0.7623409613526264, ""val_me12"": -0.17588276230816896, ""mape_2021"": 6.386848449707031, ""mae_2021"": 1.1849627494812012, ""mae12_2021"": 1.3823308944702148, ""me_2021"": 0.8557552665404856, ""me12_2021"": -0.6117183029902152, ""epochs_trained"": 397}",2026-07-03T09:26:35.103137,completed
3,MAPE,96,1,leaky_relu,3,64,0.05,4.679811954498291,0.9502518177032471,1.2187514305114746,0.5332069035040847,-0.5473313125429072,4.679811954498291,0.8310872316360474,1.0702422857284546,0.48519836193771554,-0.385253611418324,4.652600288391113,"{""loss"": 5.762526035308838, ""mape"": 5.762526035308838, ""mae"": 1.2701385021209717, ""val_loss"": 4.679811954498291, ""val_mape"": 4.679811954498291, ""val_mae"": 0.9502518177032471, ""lr"": 0.00010000000474974513, ""val_mae12"": 1.2187514305114746, ""val_me"": 0.5332069035040847, ""val_me12"": -0.5473313125429072, ""mape_2021"": 4.652600288391113, ""mae_2021"": 0.8310872316360474, ""mae12_2021"": 1.0702422857284546, ""me_2021"": 0.48519836193771554, ""me12_2021"": -0.385253611418324, ""epochs_trained"": 482}",2026-07-03T09:26:46.382690,completed
3,MAPE,96,1,leaky_relu,3,64,0.0,4.737964630126953,0.9081360697746277,1.0137919187545776,0.36671825830591614,-0.16233806301282458,4.737964630126953,0.7704574465751648,0.9175968170166016,0.2824940680781634,0.08337714003860335,4.393524169921875,"{""loss"": 3.302358627319336, ""mape"": 3.302358627319336, ""mae"": 0.6712897419929504, ""val_loss"": 4.737964630126953, ""val_mape"": 4.737964630126953, ""val_mae"": 0.9081360697746277, ""lr"": 0.00010000000474974513, ""val_mae12"": 1.0137919187545776, ""val_me"": 0.36671825830591614, ""val_me12"": -0.16233806301282458, ""mape_2021"": 4.393524169921875, ""mae_2021"": 0.7704574465751648, ""mae12_2021"": 0.9175968170166016, ""me_2021"": 0.2824940680781634, ""me12_2021"": 0.08337714003860335, ""epochs_trained"": 598}",2026-07-03T09:27:00.037739,completed
3,MAPE,96,1,leaky_relu,3,64,0.1,5.235113620758057,1.0701438188552856,1.3306090831756592,0.6537355057730454,-0.4177984922565844,5.235113620758057,0.975266695022583,1.2650530338287354,0.6275906349535426,-0.48916348996145365,5.321385383605957,"{""loss"": 7.634174346923828, ""mape"": 7.634174346923828, ""mae"": 1.7076787948608398, ""val_loss"": 5.235113620758057, ""val_mape"": 5.235113620758057, ""val_mae"": 1.0701438188552856, ""lr"": 1.0000000656873453e-05, ""val_mae12"": 1.3306090831756592, ""val_me"": 0.6537355057730454, ""val_me12"": -0.4177984922565844, ""mape_2021"": 5.321385383605957, ""mae_2021"": 0.975266695022583, ""mae12_2021"": 1.2650530338287354, ""me_2021"": 0.6275906349535426, ""me12_2021"": -0.48916348996145365, ""epochs_trained"": 424}",2026-07-03T09:27:20.156108,completed
3,MAPE,96,1,leaky_relu,3,128,0.1,4.897487163543701,1.0013872385025024,1.2270851135253906,0.5417241473551989,-0.42534685890338225,4.897487163543701,0.8717032670974731,1.156896710395813,0.4941504583799268,-0.36527150015747717,4.742915153503418,"{""loss"": 6.2218780517578125, ""mape"": 6.2218780517578125, ""mae"": 1.3632696866989136, ""val_loss"": 4.897487163543701, ""val_mape"": 4.897487163543701, ""val_mae"": 1.0013872385025024, ""lr"": 1.0000000656873453e-05, ""val_mae12"": 1.2270851135253906, ""val_me"": 0.5417241473551989, ""val_me12"": -0.42534685890338225, ""mape_2021"": 4.742915153503418, ""mae_2021"": 0.8717032670974731, ""mae12_2021"": 1.156896710395813, ""me_2021"": 0.4941504583799268, ""me12_2021"": -0.36527150015747717, ""epochs_trained"": 326}",2026-07-03T09:27:32.707111,completed
3,MAPE,96,1,leaky_relu,3,256,0.0,4.292300701141357,0.8441793322563171,1.1012026071548462,0.40902656883561617,-0.3651916221562582,4.292300701141357,0.790846586227417,1.3933219909667969,0.25195011438009657,0.39296953985376987,4.9847798347473145,"{""loss"": 2.673947334289551, ""mape"": 2.673947334289551, ""mae"": 0.5627642273902893, ""val_loss"": 4.292300701141357, ""val_mape"": 4.292300701141357, ""val_mae"": 0.8441793322563171, ""lr"": 1.0000000656873453e-05, ""val_mae12"": 1.1012026071548462, ""val_me"": 0.40902656883561617, ""val_me12"": -0.3651916221562582, ""mape_2021"": 4.9847798347473145, ""mae_2021"": 0.790846586227417, ""mae12_2021"": 1.3933219909667969, ""me_2021"": 0.25195011438009657, ""me12_2021"": 0.39296953985376987, ""epochs_trained"": 373}",2026-07-03T09:28:06.027461,completed
3,MAPE,96,1,leaky_relu,3,128,0.3,5.822657585144043,1.2559924125671387,1.2465593814849854,0.7992543983073986,-0.44892832459738413,5.822657585144043,1.055712342262268,1.5116212368011475,0.8198831512374146,-0.8220188431623308,5.7526469230651855,"{""loss"": 8.937088012695312, ""mape"": 8.937088012695312, ""mae"": 2.017308473587036, ""val_loss"": 5.822657585144043, ""val_mape"": 5.822657585144043, ""val_mae"": 1.2559924125671387, ""lr"": 0.00010000000474974513, ""val_mae12"": 1.2465593814849854, ""val_me"": 0.7992543983073986, ""val_me12"": -0.44892832459738413, ""mape_2021"": 5.7526469230651855, ""mae_2021"": 1.055712342262268, ""mae12_2021"": 1.5116212368011475, ""me_2021"": 0.8198831512374146, ""me12_2021"": -0.8220188431623308, ""epochs_trained"": 335}",2026-07-03T09:28:06.277297,completed
3,MAPE,96,1,leaky_relu,3,256,0.05,4.619584560394287,0.9171836376190186,1.2295455932617188,0.4166943628314204,-0.3746326963439566,4.619584560394287,0.8556644916534424,1.3115826845169067,0.36528895168856274,-0.24177376431055156,4.999414920806885,"{""loss"": 4.783143043518066, ""mape"": 4.783143043518066, ""mae"": 0.992699921131134, ""val_loss"": 4.619584560394287, ""val_mape"": 4.619584560394287, ""val_mae"": 0.9171836376190186, ""lr"": 1.0000000656873453e-05, ""val_mae12"": 1.2295455932617188, ""val_me"": 0.4166943628314204, ""val_me12"": -0.3746326963439566, ""mape_2021"": 4.999414920806885, ""mae_2021"": 0.8556644916534424, ""mae12_2021"": 1.3115826845169067, ""me_2021"": 0.36528895168856274, ""me12_2021"": -0.24177376431055156, ""epochs_trained"": 267}",2026-07-03T09:28:08.781554,completed
3,MAPE,96,1,leaky_relu,3,256,0.1,4.862695217132568,0.957470715045929,1.1352883577346802,0.4411555701495056,-0.22258086824336384,4.862695217132568,0.8334828615188599,1.1745973825454712,0.41003164944856896,-0.4529133994589752,4.6231489181518555,"{""loss"": 5.097116470336914, ""mape"": 5.097116470336914, ""mae"": 1.0987427234649658, ""val_loss"": 4.862695217132568, ""val_mape"": 4.862695217132568, ""val_mae"": 0.957470715045929, ""lr"": 0.00010000000474974513, ""val_mae12"": 1.1352883577346802, ""val_me"": 0.4411555701495056, ""val_me12"": -0.22258086824336384, ""mape_2021"": 4.6231489181518555, ""mae_2021"": 0.8334828615188599, ""mae12_2021"": 1.1745973825454712, ""me_2021"": 0.41003164944856896, ""me12_2021"": -0.4529133994589752, ""epochs_trained"": 258}",2026-07-03T09:28:15.428961,completed
3,MAPE,96,1,leaky_relu,3,256,0.3,6.046875953674316,1.266908049583435,1.6347999572753906,0.8397496706744875,-1.2666773292535518,6.046875953674316,1.025518774986267,1.7328646183013916,0.8535732448952182,-1.5092930626478136,5.895379066467285,"{""loss"": 7.251858711242676, ""mape"": 7.251858711242676, ""mae"": 1.608256220817566, ""val_loss"": 6.046875953674316, ""val_mape"": 6.046875953674316, ""val_mae"": 1.266908049583435, ""lr"": 0.00010000000474974513, ""val_mae12"": 1.6347999572753906, ""val_me"": 0.8397496706744875, ""val_me12"": -1.2666773292535518, ""mape_2021"": 5.895379066467285, ""mae_2021"": 1.025518774986267, ""mae12_2021"": 1.7328646183013916, ""me_2021"": 0.8535732448952182, ""me12_2021"": -1.5092930626478136, ""epochs_trained"": 262}",2026-07-03T09:28:22.044185,completed
3,MAPE,96,1,selu,1,32,0.05,46.67250061035156,10.066765785217285,5.112913608551025,7.699054620562342,3.992140988301682,46.67250061035156,11.511428833007812,13.292046546936035,8.742489184298478,12.961233430696366,66.85108184814453,"{""loss"": 51.499427795410156, ""mape"": 51.499427795410156, ""mae"": 10.438323020935059, ""val_loss"": 46.67250061035156, ""val_mape"": 46.67250061035156, ""val_mae"": 10.066765785217285, ""lr"": 0.00010000000474974513, ""val_mae12"": 5.112913608551025, ""val_me"": 7.699054620562342, ""val_me12"": 3.992140988301682, ""mape_2021"": 66.85108184814453, ""mae_2021"": 11.511428833007812, ""mae12_2021"": 13.292046546936035, ""me_2021"": 8.742489184298478, ""me12_2021"": 12.961233430696366, ""epochs_trained"": 95}",2026-07-03T09:28:36.929234,completed
3,MAPE,96,1,selu,1,32,0.0,45.84010314941406,9.779712677001953,5.053951740264893,7.508224486382762,2.823412311687276,45.84010314941406,11.329263687133789,11.748790740966797,8.594567995317483,10.773982186266176,63.381690979003906,"{""loss"": 48.41716003417969, ""mape"": 48.41716003417969, ""mae"": 9.84260368347168, ""val_loss"": 45.84010314941406, ""val_mape"": 45.84010314941406, ""val_mae"": 9.779712677001953, ""lr"": 0.00010000000474974513, ""val_mae12"": 5.053951740264893, ""val_me"": 7.508224486382762, ""val_me12"": 2.823412311687276, ""mape_2021"": 63.381690979003906, ""mae_2021"": 11.329263687133789, ""mae12_2021"": 11.748790740966797, ""me_2021"": 8.594567995317483, ""me12_2021"": 10.773982186266176, ""epochs_trained"": 114}",2026-07-03T09:28:37.456534,completed
3,MAPE,96,1,selu,1,16,0.0,44.689998626708984,9.647034645080566,4.597272872924805,7.59412064846096,3.2098204299290005,44.689998626708984,11.190299987792969,12.087122917175293,8.626562556055513,11.409717087650247,63.56036376953125,"{""loss"": 48.29035186767578, ""mape"": 48.29035186767578, ""mae"": 9.821701049804688, ""val_loss"": 44.689998626708984, ""val_mape"": 44.689998626708984, ""val_mae"": 9.647034645080566, ""lr"": 0.00010000000474974513, ""val_mae12"": 4.597272872924805, ""val_me"": 7.59412064846096, ""val_me12"": 3.2098204299290005, ""mape_2021"": 63.56036376953125, ""mae_2021"": 11.190299987792969, ""mae12_2021"": 12.087122917175293, ""me_2021"": 8.626562556055513, ""me12_2021"": 11.409717087650247, ""epochs_trained"": 137}",2026-07-03T09:28:38.289543,completed
3,MAPE,96,1,selu,1,16,0.3,45.85586929321289,9.53980827331543,8.307668685913086,7.111719261171829,7.746945624549514,45.85586929321289,10.755104064941406,16.658191680908203,7.888205749464049,16.71281559294413,66.11873626708984,"{""loss"": 60.61296463012695, ""mape"": 60.61296463012695, ""mae"": 13.342110633850098, ""val_loss"": 45.85586929321289, ""val_mape"": 45.85586929321289, ""val_mae"": 9.53980827331543, ""lr"": 0.00010000000474974513, ""val_mae12"": 8.307668685913086, ""val_me"": 7.111719261171829, ""val_me12"": 7.746945624549514, ""mape_2021"": 66.11873626708984, ""mae_2021"": 10.755104064941406, ""mae12_2021"": 16.658191680908203, ""me_2021"": 7.888205749464049, ""me12_2021"": 16.71281559294413, ""epochs_trained"": 148}",2026-07-03T09:28:38.806768,completed
3,MAPE,96,1,selu,1,32,0.1,42.43209457397461,9.097296714782715,5.541008472442627,6.517159410984236,4.6939129918198335,42.43209457397461,10.382551193237305,11.97496509552002,7.563647996256617,11.832653180574438,58.50189208984375,"{""loss"": 48.81232833862305, ""mape"": 48.81232833862305, ""mae"": 9.991726875305176, ""val_loss"": 42.43209457397461, ""val_mape"": 42.43209457397461, ""val_mae"": 9.097296714782715, ""lr"": 0.00010000000474974513, ""val_mae12"": 5.541008472442627, ""val_me"": 6.517159410984236, ""val_me12"": 4.6939129918198335, ""mape_2021"": 58.50189208984375, ""mae_2021"": 10.382551193237305, ""mae12_2021"": 11.97496509552002, ""me_2021"": 7.563647996256617, ""me12_2021"": 11.832653180574438, ""epochs_trained"": 136}",2026-07-03T09:28:47.029772,completed
3,MAPE,96,1,selu,1,32,0.3,52.26637268066406,11.162283897399902,10.06918716430664,5.25712009566327,9.290581964080676,52.26637268066406,11.164273262023926,19.385025024414062,6.229733246778367,19.46195295478851,69.63709259033203,"{""loss"": 56.629638671875, ""mape"": 56.629638671875, ""mae"": 11.983332633972168, ""val_loss"": 52.26637268066406, ""val_mape"": 52.26637268066406, ""val_mae"": 11.162283897399902, ""lr"": 0.00010000000474974513, ""val_mae12"": 10.06918716430664, ""val_me"": 5.25712009566327, ""val_me12"": 9.290581964080676, ""mape_2021"": 69.63709259033203, ""mae_2021"": 11.164273262023926, ""mae12_2021"": 19.385025024414062, ""me_2021"": 6.229733246778367, ""me12_2021"": 19.46195295478851, ""epochs_trained"": 126}",2026-07-03T09:28:47.201772,completed
3,MAPE,96,1,selu,1,64,0.0,45.721805572509766,9.787988662719727,5.18264627456665,7.618144156819948,3.710218036504515,45.721805572509766,11.203729629516602,12.78575611114502,8.602736751213188,12.154404921921925,64.03041076660156,"{""loss"": 47.686988830566406, ""mape"": 47.686988830566406, ""mae"": 9.713567733764648, ""val_loss"": 45.721805572509766, ""val_mape"": 45.721805572509766, ""val_mae"": 9.787988662719727, ""lr"": 0.00010000000474974513, ""val_mae12"": 5.18264627456665, ""val_me"": 7.618144156819948, ""val_me12"": 3.710218036504515, ""mape_2021"": 64.03041076660156, ""mae_2021"": 11.203729629516602, ""mae12_2021"": 12.78575611114502, ""me_2021"": 8.602736751213188, ""me12_2021"": 12.154404921921925, ""epochs_trained"": 107}",2026-07-03T09:28:47.515287,completed
3,MAPE,96,1,selu,1,64,0.1,51.36672592163086,11.130561828613281,4.303273677825928,8.458769171926779,2.749784777941561,51.36672592163086,11.980189323425293,12.523733139038086,9.52157236359904,11.785646729153122,68.65498352050781,"{""loss"": 53.398170471191406, ""mape"": 53.398170471191406, ""mae"": 10.749165534973145, ""val_loss"": 51.36672592163086, ""val_mape"": 51.36672592163086, ""val_mae"": 11.130561828613281, ""lr"": 0.00010000000474974513, ""val_mae12"": 4.303273677825928, ""val_me"": 8.458769171926779, ""val_me12"": 2.749784777941561, ""mape_2021"": 68.65498352050781, ""mae_2021"": 11.980189323425293, ""mae12_2021"": 12.523733139038086, ""me_2021"": 9.52157236359904, ""me12_2021"": 11.785646729153122, ""epochs_trained"": 86}",2026-07-03T09:28:55.227942,completed
3,MAPE,96,1,selu,1,64,0.3,59.83556365966797,13.214113235473633,10.112930297851562,6.413001103575805,9.300308255134341,59.83556365966797,11.424731254577637,20.458885192871094,7.267940374781288,20.55158113465657,73.18582153320312,"{""loss"": 54.79218673706055, ""mape"": 54.79218673706055, ""mae"": 11.24545955657959, ""val_loss"": 59.83556365966797, ""val_mape"": 59.83556365966797, ""val_mae"": 13.214113235473633, ""lr"": 0.00010000000474974513, ""val_mae12"": 10.112930297851562, ""val_me"": 6.413001103575805, ""val_me12"": 9.300308255134341, ""mape_2021"": 73.18582153320312, ""mae_2021"": 11.424731254577637, ""mae12_2021"": 20.458885192871094, ""me_2021"": 7.267940374781288, ""me12_2021"": 20.55158113465657, ""epochs_trained"": 103}",2026-07-03T09:28:56.090231,completed
3,MAPE,96,1,selu,1,64,0.05,7.957850456237793,1.7427293062210083,1.690073013305664,-1.161935346369306,1.1355531364455251,7.957850456237793,1.6647307872772217,1.9297622442245483,-0.875685171110836,-0.8376189047583227,9.167245864868164,"{""loss"": 8.504364967346191, ""mape"": 8.504364967346191, ""mae"": 1.662262201309204, ""val_loss"": 7.957850456237793, ""val_mape"": 7.957850456237793, ""val_mae"": 1.7427293062210083, ""lr"": 0.00010000000474974513, ""val_mae12"": 1.690073013305664, ""val_me"": -1.161935346369306, ""val_me12"": 1.1355531364455251, ""mape_2021"": 9.167245864868164, ""mae_2021"": 1.6647307872772217, ""mae12_2021"": 1.9297622442245483, ""me_2021"": -0.875685171110836, ""me12_2021"": -0.8376189047583227, ""epochs_trained"": 611}",2026-07-03T09:29:08.653616,completed
3,MAPE,96,1,selu,1,16,0.1,12.97249698638916,2.9599246978759766,1.8217138051986694,-0.5090456365323996,1.3999872236437283,12.97249698638916,3.253671884536743,2.532475709915161,-0.19372139317620843,2.2112884201203835,15.532115936279297,"{""loss"": 18.013517379760742, ""mape"": 18.013517379760742, ""mae"": 3.9088807106018066, ""val_loss"": 12.97249698638916, ""val_mape"": 12.97249698638916, ""val_mae"": 2.9599246978759766, ""lr"": 0.00010000000474974513, ""val_mae12"": 1.8217138051986694, ""val_me"": -0.5090456365323996, ""val_me12"": 1.3999872236437283, ""mape_2021"": 15.532115936279297, ""mae_2021"": 3.253671884536743, ""mae12_2021"": 2.532475709915161, ""me_2021"": -0.19372139317620843, ""me12_2021"": 2.2112884201203835, ""epochs_trained"": 1086}",2026-07-03T09:29:15.034081,completed
3,MAPE,96,1,selu,1,16,0.05,6.451125144958496,1.433486819267273,1.0799506902694702,-0.7771708692830182,0.43857663075279485,6.451125144958496,1.3641858100891113,1.0190988779067993,-0.6979452192283802,-0.06540817934765368,6.820468902587891,"{""loss"": 7.381056308746338, ""mape"": 7.381056308746338, ""mae"": 1.5652351379394531, ""val_loss"": 6.451125144958496, ""val_mape"": 6.451125144958496, ""val_mae"": 1.433486819267273, ""lr"": 0.00010000000474974513, ""val_mae12"": 1.0799506902694702, ""val_me"": -0.7771708692830182, ""val_me12"": 0.43857663075279485, ""mape_2021"": 6.820468902587891, ""mae_2021"": 1.3641858100891113, ""mae12_2021"": 1.0190988779067993, ""me_2021"": -0.6979452192283802, ""me12_2021"": -0.06540817934765368, ""epochs_trained"": 1466}",2026-07-03T09:29:26.153555,completed
3,MAPE,96,1,selu,1,128,0.3,64.9022216796875,14.45615291595459,7.881007671356201,7.335777201817316,7.00260460547313,64.9022216796875,11.659460067749023,17.824600219726562,8.258271197013618,17.785321419143628,71.99571228027344,"{""loss"": 54.167728424072266, ""mape"": 54.167728424072266, ""mae"": 10.930153846740723, ""val_loss"": 64.9022216796875, ""val_mape"": 64.9022216796875, ""val_mae"": 14.45615291595459, ""lr"": 0.00010000000474974513, ""val_mae12"": 7.881007671356201, ""val_me"": 7.335777201817316, ""val_me12"": 7.00260460547313, ""mape_2021"": 71.99571228027344, ""mae_2021"": 11.659460067749023, ""mae12_2021"": 17.824600219726562, ""me_2021"": 8.258271197013618, ""me12_2021"": 17.785321419143628, ""epochs_trained"": 85}",2026-07-03T09:29:47.524551,completed
3,MAPE,96,1,selu,1,128,0.1,50.15727615356445,10.855222702026367,3.951162099838257,8.456127674693017,1.9753558470498798,50.15727615356445,12.123559951782227,11.563326835632324,9.581320897579273,10.471724872493692,68.1505126953125,"{""loss"": 51.46770095825195, ""mape"": 51.46770095825195, ""mae"": 10.365242004394531, ""val_loss"": 50.15727615356445, ""val_mape"": 50.15727615356445, ""val_mae"": 10.855222702026367, ""lr"": 0.00010000000474974513, ""val_mae12"": 3.951162099838257, ""val_me"": 8.456127674693017, ""val_me12"": 1.9753558470498798, ""mape_2021"": 68.1505126953125, ""mae_2021"": 12.123559951782227, ""mae12_2021"": 11.563326835632324, ""me_2021"": 9.581320897579273, ""me12_2021"": 10.471724872493692, ""epochs_trained"": 79}",2026-07-03T09:29:48.039101,completed
3,MAPE,96,1,selu,1,256,0.3,65.5510025024414,14.692835807800293,6.036494731903076,7.362577183550154,5.079337300641034,65.5510025024414,11.454330444335938,14.640190124511719,8.350866477303498,14.371872949637257,67.42893981933594,"{""loss"": 52.15689468383789, ""mape"": 52.15689468383789, ""mae"": 10.430142402648926, ""val_loss"": 65.5510025024414, ""val_mape"": 65.5510025024414, ""val_mae"": 14.692835807800293, ""lr"": 0.00010000000474974513, ""val_mae12"": 6.036494731903076, ""val_me"": 7.362577183550154, ""val_me12"": 5.079337300641034, ""mape_2021"": 67.42893981933594, ""mae_2021"": 11.454330444335938, ""mae12_2021"": 14.640190124511719, ""me_2021"": 8.350866477303498, ""me12_2021"": 14.371872949637257, ""epochs_trained"": 79}",2026-07-03T09:30:09.160253,completed
3,MAPE,96,1,selu,1,256,0.05,8.701642036437988,2.103461265563965,1.1381638050079346,-1.2479017244057784,-0.1657020933416545,8.701642036437988,1.9878566265106201,2.15663480758667,-0.784053235369147,-1.7291611462185177,10.855097770690918,"{""loss"": 10.813895225524902, ""mape"": 10.813895225524902, ""mae"": 2.1143364906311035, ""val_loss"": 8.701642036437988, ""val_mape"": 8.701642036437988, ""val_mae"": 2.103461265563965, ""lr"": 0.00010000000474974513, ""val_mae12"": 1.1381638050079346, ""val_me"": -1.2479017244057784, ""val_me12"": -0.1657020933416545, ""mape_2021"": 10.855097770690918, ""mae_2021"": 1.9878566265106201, ""mae12_2021"": 2.15663480758667, ""me_2021"": -0.784053235369147, ""me12_2021"": -1.7291611462185177, ""epochs_trained"": 327}",2026-07-03T09:30:14.819941,completed
3,MAPE,96,1,selu,1,128,0.05,8.38398551940918,1.9659860134124756,1.4479179382324219,-1.5382478057123157,1.1802986349107647,8.38398551940918,1.6744624376296997,1.4478325843811035,-1.183921994319166,-0.17880008454283688,8.413923263549805,"{""loss"": 9.56252384185791, ""mape"": 9.56252384185791, ""mae"": 1.7722220420837402, ""val_loss"": 8.38398551940918, ""val_mape"": 8.38398551940918, ""val_mae"": 1.9659860134124756, ""lr"": 0.00010000000474974513, ""val_mae12"": 1.4479179382324219, ""val_me"": -1.5382478057123157, ""val_me12"": 1.1802986349107647, ""mape_2021"": 8.413923263549805, ""mae_2021"": 1.6744624376296997, ""mae12_2021"": 1.4478325843811035, ""me_2021"": -1.183921994319166, ""me12_2021"": -0.17880008454283688, ""epochs_trained"": 437}",2026-07-03T09:30:24.512296,completed
3,MAPE,96,1,selu,1,256,0.1,15.786776542663574,3.7595410346984863,1.376521110534668,-2.8007478350179325,0.8689417367010448,15.786776542663574,3.274580478668213,2.2612481117248535,-2.10485102452755,-1.1164256226866835,15.813419342041016,"{""loss"": 13.424657821655273, ""mape"": 13.424657821655273, ""mae"": 2.724210262298584, ""val_loss"": 15.786776542663574, ""val_mape"": 15.786776542663574, ""val_mae"": 3.7595410346984863, ""lr"": 0.00010000000474974513, ""val_mae12"": 1.376521110534668, ""val_me"": -2.8007478350179325, ""val_me12"": 0.8689417367010448, ""mape_2021"": 15.813419342041016, ""mae_2021"": 3.274580478668213, ""mae12_2021"": 2.2612481117248535, ""me_2021"": -2.10485102452755, ""me12_2021"": -1.1164256226866835, ""epochs_trained"": 302}",2026-07-03T09:30:26.012143,completed
3,MAPE,96,1,selu,1,256,0.0,5.1092400550842285,1.0871039628982544,0.7740971446037292,0.2220810423405922,0.1938511837595909,5.1092400550842285,1.0244476795196533,0.7404947280883789,0.4111852763844196,0.21669006852894407,5.136855125427246,"{""loss"": 4.257261753082275, ""mape"": 4.257261753082275, ""mae"": 0.9465112090110779, ""val_loss"": 5.1092400550842285, ""val_mape"": 5.1092400550842285, ""val_mae"": 1.0871039628982544, ""lr"": 0.00010000000474974513, ""val_mae12"": 0.7740971446037292, ""val_me"": 0.2220810423405922, ""val_me12"": 0.1938511837595909, ""mape_2021"": 5.136855125427246, ""mae_2021"": 1.0244476795196533, ""mae12_2021"": 0.7404947280883789, ""me_2021"": 0.4111852763844196, ""me12_2021"": 0.21669006852894407, ""epochs_trained"": 506}",2026-07-03T09:30:27.422768,completed
3,MAPE,96,1,selu,1,128,0.0,5.251397132873535,1.1326680183410645,0.9225924015045166,0.1494608010518066,0.23875456123411914,5.251397132873535,1.0789880752563477,0.9043083786964417,0.25155308432192197,-0.16168925140350565,5.481844425201416,"{""loss"": 4.619993686676025, ""mape"": 4.619993686676025, ""mae"": 1.0075606107711792, ""val_loss"": 5.251397132873535, ""val_mape"": 5.251397132873535, ""val_mae"": 1.1326680183410645, ""lr"": 0.00010000000474974513, ""val_mae12"": 0.9225924015045166, ""val_me"": 0.1494608010518066, ""val_me12"": 0.23875456123411914, ""mape_2021"": 5.481844425201416, ""mae_2021"": 1.0789880752563477, ""mae12_2021"": 0.9043083786964417, ""me_2021"": 0.25155308432192197, ""me12_2021"": -0.16168925140350565, ""epochs_trained"": 506}",2026-07-03T09:30:27.427775,completed
3,MAPE,96,1,selu,2,16,0.05,41.513851165771484,9.10329818725586,4.808925628662109,6.551545856862793,2.3125169444238316,41.513851165771484,9.99183464050293,10.349096298217773,7.574072361753949,9.334488587504795,55.14603805541992,"{""loss"": 45.66304016113281, ""mape"": 45.66304016113281, ""mae"": 9.642518043518066, ""val_loss"": 41.513851165771484, ""val_mape"": 41.513851165771484, ""val_mae"": 9.10329818725586, ""lr"": 0.00010000000474974513, ""val_mae12"": 4.808925628662109, ""val_me"": 6.551545856862793, ""val_me12"": 2.3125169444238316, ""mape_2021"": 55.14603805541992, ""mae_2021"": 9.99183464050293, ""mae12_2021"": 10.349096298217773, ""me_2021"": 7.574072361753949, ""me12_2021"": 9.334488587504795, ""epochs_trained"": 110}",2026-07-03T09:30:28.288737,completed
3,MAPE,96,1,selu,2,16,0.3,95.59001922607422,23.067241668701172,7.097464561462402,21.478723109646666,6.8601165451782,95.59001922607422,21.48723602294922,13.291009902954102,19.98709036634664,13.382383778397193,100.24234008789062,"{""loss"": 91.78899383544922, ""mape"": 91.78899383544922, ""mae"": 22.727901458740234, ""val_loss"": 95.59001922607422, ""val_mape"": 95.59001922607422, ""val_mae"": 23.067241668701172, ""lr"": 0.00010000000474974513, ""val_mae12"": 7.097464561462402, ""val_me"": 21.478723109646666, ""val_me12"": 6.8601165451782, ""mape_2021"": 100.24234008789062, ""mae_2021"": 21.48723602294922, ""mae12_2021"": 13.291009902954102, ""me_2021"": 19.98709036634664, ""me12_2021"": 13.382383778397193, ""epochs_trained"": 41}",2026-07-03T09:30:30.723935,completed
3,MAPE,96,1,selu,2,16,0.1,39.421722412109375,8.995222091674805,3.0049426555633545,6.021926321806642,2.6691886004105427,39.421722412109375,9.951730728149414,7.566027641296387,7.2250381012892175,7.464084895930416,54.29404830932617,"{""loss"": 49.35809326171875, ""mape"": 49.35809326171875, ""mae"": 10.893635749816895, ""val_loss"": 39.421722412109375, ""val_mape"": 39.421722412109375, ""val_mae"": 8.995222091674805, ""lr"": 0.00010000000474974513, ""val_mae12"": 3.0049426555633545, ""val_me"": 6.021926321806642, ""val_me12"": 2.6691886004105427, ""mape_2021"": 54.29404830932617, ""mae_2021"": 9.951730728149414, ""mae12_2021"": 7.566027641296387, ""me_2021"": 7.2250381012892175, ""me12_2021"": 7.464084895930416, ""epochs_trained"": 117}",2026-07-03T09:30:32.174087,completed
3,MAPE,96,1,selu,2,16,0.0,4.932981491088867,1.057337760925293,0.8405967354774475,0.6282511485506825,-0.007825870472415843,4.932981491088867,1.321702003479004,1.023040771484375,0.9296924517322326,-0.5888424918788954,6.773441791534424,"{""loss"": 4.981090068817139, ""mape"": 4.981090068817139, ""mae"": 1.0626782178878784, ""val_loss"": 4.932981491088867, ""val_mape"": 4.932981491088867, ""val_mae"": 1.057337760925293, ""lr"": 0.00010000000474974513, ""val_mae12"": 0.8405967354774475, ""val_me"": 0.6282511485506825, ""val_me12"": -0.007825870472415843, ""mape_2021"": 6.773441791534424, ""mae_2021"": 1.321702003479004, ""mae12_2021"": 1.023040771484375, ""me_2021"": 0.9296924517322326, ""me12_2021"": -0.5888424918788954, ""epochs_trained"": 669}",2026-07-03T09:30:43.004667,completed
3,MAPE,96,1,selu,2,32,0.1,51.04258346557617,11.718537330627441,6.9797821044921875,6.364999739215967,6.574734076639519,51.04258346557617,9.965120315551758,13.324296951293945,7.314247879655861,13.421778201210891,60.501670837402344,"{""loss"": 47.16741943359375, ""mape"": 47.16741943359375, ""mae"": 9.846919059753418, ""val_loss"": 51.04258346557617, ""val_mape"": 51.04258346557617, ""val_mae"": 11.718537330627441, ""lr"": 0.00010000000474974513, ""val_mae12"": 6.9797821044921875, ""val_me"": 6.364999739215967, ""val_me12"": 6.574734076639519, ""mape_2021"": 60.501670837402344, ""mae_2021"": 9.965120315551758, ""mae12_2021"": 13.324296951293945, ""me_2021"": 7.314247879655861, ""me12_2021"": 13.421778201210891, ""epochs_trained"": 66}",2026-07-03T09:30:58.653892,completed
3,MAPE,96,1,selu,2,32,0.3,74.1368408203125,16.344806671142578,22.50422477722168,2.8636754289018485,22.484437232737232,74.1368408203125,10.580474853515625,33.84705352783203,3.468960608305932,34.02379220860265,85.64478302001953,"{""loss"": 58.57490921020508, ""mape"": 58.57490921020508, ""mae"": 12.863929748535156, ""val_loss"": 74.1368408203125, ""val_mape"": 74.1368408203125, ""val_mae"": 16.344806671142578, ""lr"": 0.00010000000474974513, ""val_mae12"": 22.50422477722168, ""val_me"": 2.8636754289018485, ""val_me12"": 22.484437232737232, ""mape_2021"": 85.64478302001953, ""mae_2021"": 10.580474853515625, ""mae12_2021"": 33.84705352783203, ""me_2021"": 3.468960608305932, ""me12_2021"": 34.02379220860265, ""epochs_trained"": 74}",2026-07-03T09:30:59.145771,completed
3,MAPE,96,1,selu,2,32,0.05,34.32422637939453,8.034310340881348,5.34298849105835,4.676914037848494,5.111483600791512,34.32422637939453,8.123873710632324,9.769364356994629,5.709900439506839,9.824150183944298,46.35068893432617,"{""loss"": 36.25001525878906, ""mape"": 36.25001525878906, ""mae"": 7.8154616355896, ""val_loss"": 34.32422637939453, ""val_mape"": 34.32422637939453, ""val_mae"": 8.034310340881348, ""lr"": 0.00010000000474974513, ""val_mae12"": 5.34298849105835, ""val_me"": 4.676914037848494, ""val_me12"": 5.111483600791512, ""mape_2021"": 46.35068893432617, ""mae_2021"": 8.123873710632324, ""mae12_2021"": 9.769364356994629, ""me_2021"": 5.709900439506839, ""me12_2021"": 9.824150183944298, ""epochs_trained"": 89}",2026-07-03T09:30:59.833229,completed
3,MAPE,96,1,selu,2,64,0.05,19.63070297241211,4.721931457519531,2.2275285720825195,-1.1682578009338551,1.1814214893814496,19.63070297241211,5.432615756988525,3.0367774963378906,0.18495420836502494,-1.7499148141498315,25.842666625976562,"{""loss"": 20.239356994628906, ""mape"": 20.239356994628906, ""mae"": 4.463047981262207, ""val_loss"": 19.63070297241211, ""val_mape"": 19.63070297241211, ""val_mae"": 4.721931457519531, ""lr"": 0.00010000000474974513, ""val_mae12"": 2.2275285720825195, ""val_me"": -1.1682578009338551, ""val_me12"": 1.1814214893814496, ""mape_2021"": 25.842666625976562, ""mae_2021"": 5.432615756988525, ""mae12_2021"": 3.0367774963378906, ""me_2021"": 0.18495420836502494, ""me12_2021"": -1.7499148141498315, ""epochs_trained"": 132}",2026-07-03T09:31:02.102878,completed
3,MAPE,96,1,selu,2,64,0.3,87.91228485107422,20.2419490814209,2.8844778537750244,22.281644514588443,2.35916304354571,87.91228485107422,21.685644149780273,7.518438339233398,20.896583423249975,7.3278586734594615,95.24180603027344,"{""loss"": 85.85149383544922, ""mape"": 85.85149383544922, ""mae"": 21.336740493774414, ""val_loss"": 87.91228485107422, ""val_mape"": 87.91228485107422, ""val_mae"": 20.2419490814209, ""lr"": 0.00010000000474974513, ""val_mae12"": 2.8844778537750244, ""val_me"": 22.281644514588443, ""val_me12"": 2.35916304354571, ""mape_2021"": 95.24180603027344, ""mae_2021"": 21.685644149780273, ""mae12_2021"": 7.518438339233398, ""me_2021"": 20.896583423249975, ""me12_2021"": 7.3278586734594615, ""epochs_trained"": 30}",2026-07-03T09:31:06.142056,completed
3,MAPE,96,1,selu,2,64,0.1,51.3253173828125,11.950775146484375,8.872844696044922,5.09256014012835,8.57200846553086,51.3253173828125,9.421733856201172,15.822970390319824,6.083817459145441,15.923429386741093,59.46465301513672,"{""loss"": 42.174129486083984, ""mape"": 42.174129486083984, ""mae"": 8.82231330871582, ""val_loss"": 51.3253173828125, ""val_mape"": 51.3253173828125, ""val_mae"": 11.950775146484375, ""lr"": 0.00010000000474974513, ""val_mae12"": 8.872844696044922, ""val_me"": 5.09256014012835, ""val_me12"": 8.57200846553086, ""mape_2021"": 59.46465301513672, ""mae_2021"": 9.421733856201172, ""mae12_2021"": 15.822970390319824, ""me_2021"": 6.083817459145441, ""me12_2021"": 15.923429386741093, ""epochs_trained"": 63}",2026-07-03T09:31:08.069066,completed
3,MAPE,96,1,selu,2,128,0.05,21.267292022705078,4.992260932922363,1.9622108936309814,-1.5085305846021189,1.2133993066998214,21.267292022705078,5.544522285461426,3.5484354496002197,-0.33155778134582253,-2.2061758053808527,27.72381019592285,"{""loss"": 19.479351043701172, ""mape"": 19.479351043701172, ""mae"": 4.213101863861084, ""val_loss"": 21.267292022705078, ""val_mape"": 21.267292022705078, ""val_mae"": 4.992260932922363, ""lr"": 0.00010000000474974513, ""val_mae12"": 1.9622108936309814, ""val_me"": -1.5085305846021189, ""val_me12"": 1.2133993066998214, ""mape_2021"": 27.72381019592285, ""mae_2021"": 5.544522285461426, ""mae12_2021"": 3.5484354496002197, ""me_2021"": -0.33155778134582253, ""me12_2021"": -2.2061758053808527, ""epochs_trained"": 98}",2026-07-03T09:31:18.090438,completed
3,MAPE,96,1,selu,2,128,0.1,42.41358947753906,9.887626647949219,7.11271333694458,-0.9779716420048636,7.043668838517435,42.41358947753906,10.252754211425781,10.895740509033203,0.7689660701984408,10.945056797435498,52.88644027709961,"{""loss"": 38.08124542236328, ""mape"": 38.08124542236328, ""mae"": 8.13139820098877, ""val_loss"": 42.41358947753906, ""val_mape"": 42.41358947753906, ""val_mae"": 9.887626647949219, ""lr"": 1.0000000656873453e-05, ""val_mae12"": 7.11271333694458, ""val_me"": -0.9779716420048636, ""val_me12"": 7.043668838517435, ""mape_2021"": 52.88644027709961, ""mae_2021"": 10.252754211425781, ""mae12_2021"": 10.895740509033203, ""me_2021"": 0.7689660701984408, ""me12_2021"": 10.945056797435498, ""epochs_trained"": 73}",2026-07-03T09:31:19.768748,completed
3,MAPE,96,1,selu,2,128,0.3,137.16380310058594,32.403900146484375,25.950817108154297,0.21538633308019658,25.722239517028036,137.16380310058594,11.840685844421387,38.485408782958984,0.7516529180501924,38.62729336954218,95.56153106689453,"{""loss"": 46.309078216552734, ""mape"": 46.309078216552734, ""mae"": 9.584819793701172, ""val_loss"": 137.16380310058594, ""val_mape"": 137.16380310058594, ""val_mae"": 32.403900146484375, ""lr"": 0.00010000000474974513, ""val_mae12"": 25.950817108154297, ""val_me"": 0.21538633308019658, ""val_me12"": 25.722239517028036, ""mape_2021"": 95.56153106689453, ""mae_2021"": 11.840685844421387, ""mae12_2021"": 38.485408782958984, ""me_2021"": 0.7516529180501924, ""me12_2021"": 38.62729336954218, ""epochs_trained"": 53}",2026-07-03T09:31:20.066457,completed
3,MAPE,96,1,selu,2,64,0.0,4.0518412590026855,0.8163334131240845,0.8773234486579895,0.43726621762478357,-0.004804206614657407,4.0518412590026855,0.8675808906555176,0.7632917165756226,0.47285614700178225,-0.395637669066804,4.693629741668701,"{""loss"": 3.358128309249878, ""mape"": 3.358128309249878, ""mae"": 0.6952815055847168, ""val_loss"": 4.0518412590026855, ""val_mape"": 4.0518412590026855, ""val_mae"": 0.8163334131240845, ""lr"": 0.00010000000474974513, ""val_mae12"": 0.8773234486579895, ""val_me"": 0.43726621762478357, ""val_me12"": -0.004804206614657407, ""mape_2021"": 4.693629741668701, ""mae_2021"": 0.8675808906555176, ""mae12_2021"": 0.7632917165756226, ""me_2021"": 0.47285614700178225, ""me12_2021"": -0.395637669066804, ""epochs_trained"": 425}",2026-07-03T09:31:21.813553,completed
3,MAPE,96,1,selu,2,32,0.0,5.358161449432373,1.147557020187378,0.8325955271720886,0.6682534104807244,0.014193401044279743,5.358161449432373,1.417536973953247,0.9821500182151794,0.9949696565015809,-0.5658888874963981,7.185645580291748,"{""loss"": 5.5140581130981445, ""mape"": 5.5140581130981445, ""mae"": 1.1915608644485474, ""val_loss"": 5.358161449432373, ""val_mape"": 5.358161449432373, ""val_mae"": 1.147557020187378, ""lr"": 0.00010000000474974513, ""val_mae12"": 0.8325955271720886, ""val_me"": 0.6682534104807244, ""val_me12"": 0.014193401044279743, ""mape_2021"": 7.185645580291748, ""mae_2021"": 1.417536973953247, ""mae12_2021"": 0.9821500182151794, ""me_2021"": 0.9949696565015809, ""me12_2021"": -0.5658888874963981, ""epochs_trained"": 484}",2026-07-03T09:31:23.523244,completed
3,MAPE,96,1,selu,2,128,0.0,4.196125507354736,0.8523005247116089,0.8272409439086914,0.38471434873571664,0.02843483663990272,4.196125507354736,0.8967552185058594,0.7532618045806885,0.3933148200866447,-0.2076145789284624,4.762818336486816,"{""loss"": 3.3590593338012695, ""mape"": 3.3590593338012695, ""mae"": 0.7013401389122009, ""val_loss"": 4.196125507354736, ""val_mape"": 4.196125507354736, ""val_mae"": 0.8523005247116089, ""lr"": 0.00010000000474974513, ""val_mae12"": 0.8272409439086914, ""val_me"": 0.38471434873571664, ""val_me12"": 0.02843483663990272, ""mape_2021"": 4.762818336486816, ""mae_2021"": 0.8967552185058594, ""mae12_2021"": 0.7532618045806885, ""me_2021"": 0.3933148200866447, ""me12_2021"": -0.2076145789284624, ""epochs_trained"": 390}",2026-07-03T09:31:27.458980,completed
3,MAPE,96,1,selu,2,256,0.3,157.70347595214844,36.696571350097656,20.835844039916992,0.2575696601800995,20.569114018070643,157.70347595214844,11.078685760498047,29.553985595703125,0.9737936960160638,29.644751751018408,80.4374008178711,"{""loss"": 36.7598876953125, ""mape"": 36.7598876953125, ""mae"": 7.5924296379089355, ""val_loss"": 157.70347595214844, ""val_mape"": 157.70347595214844, ""val_mae"": 36.696571350097656, ""lr"": 0.00010000000474974513, ""val_mae12"": 20.835844039916992, ""val_me"": 0.2575696601800995, ""val_me12"": 20.569114018070643, ""mape_2021"": 80.4374008178711, ""mae_2021"": 11.078685760498047, ""mae12_2021"": 29.553985595703125, ""me_2021"": 0.9737936960160638, ""me12_2021"": 29.644751751018408, ""epochs_trained"": 46}",2026-07-03T09:31:50.778062,completed
3,MAPE,96,1,selu,2,256,0.1,44.65714645385742,10.567513465881348,6.338449478149414,-2.08314851320323,5.622196387159248,44.65714645385742,7.572230339050293,4.8245344161987305,-0.912918392559889,1.1753947473191053,37.24170684814453,"{""loss"": 23.658859252929688, ""mape"": 23.658859252929688, ""mae"": 5.018839359283447, ""val_loss"": 44.65714645385742, ""val_mape"": 44.65714645385742, ""val_mae"": 10.567513465881348, ""lr"": 0.00010000000474974513, ""val_mae12"": 6.338449478149414, ""val_me"": -2.08314851320323, ""val_me12"": 5.622196387159248, ""mape_2021"": 37.24170684814453, ""mae_2021"": 7.572230339050293, ""mae12_2021"": 4.8245344161987305, ""me_2021"": -0.912918392559889, ""me12_2021"": 1.1753947473191053, ""epochs_trained"": 54}",2026-07-03T09:31:51.167574,completed
3,MAPE,96,1,selu,2,256,0.05,22.679872512817383,5.322054386138916,3.3058764934539795,-0.7326904891430492,-0.017768495443066974,22.679872512817383,6.106517791748047,7.837834358215332,0.5585216614169842,-6.38393862949154,34.977779388427734,"{""loss"": 18.70113754272461, ""mape"": 18.70113754272461, ""mae"": 4.053077697753906, ""val_loss"": 22.679872512817383, ""val_mape"": 22.679872512817383, ""val_mae"": 5.322054386138916, ""lr"": 0.00010000000474974513, ""val_mae12"": 3.3058764934539795, ""val_me"": -0.7326904891430492, ""val_me12"": -0.017768495443066974, ""mape_2021"": 34.977779388427734, ""mae_2021"": 6.106517791748047, ""mae12_2021"": 7.837834358215332, ""me_2021"": 0.5585216614169842, ""me12_2021"": -6.38393862949154, ""epochs_trained"": 63}",2026-07-03T09:31:52.294367,completed
3,MAPE,96,1,selu,3,16,0.05,35.30659484863281,8.23703384399414,7.5254597663879395,3.6810859013511776,7.4640953115715485,35.30659484863281,7.438670635223389,12.632538795471191,4.493320687476849,12.709344750459056,47.11499786376953,"{""loss"": 38.452945709228516, ""mape"": 38.452945709228516, ""mae"": 8.321880340576172, ""val_loss"": 35.30659484863281, ""val_mape"": 35.30659484863281, ""val_mae"": 8.23703384399414, ""lr"": 0.00010000000474974513, ""val_mae12"": 7.5254597663879395, ""val_me"": 3.6810859013511776, ""val_me12"": 7.4640953115715485, ""mape_2021"": 47.11499786376953, ""mae_2021"": 7.438670635223389, ""mae12_2021"": 12.632538795471191, ""me_2021"": 4.493320687476849, ""me12_2021"": 12.709344750459056, ""epochs_trained"": 109}",2026-07-03T09:31:54.664759,completed
3,MAPE,96,1,selu,3,16,0.3,85.46858978271484,18.211631774902344,8.685738563537598,16.566488638731425,8.510531145592251,85.46858978271484,17.740909576416016,14.961020469665527,15.640583651047166,15.050068419546502,86.28013610839844,"{""loss"": 85.50859832763672, ""mape"": 85.50859832763672, ""mae"": 21.108064651489258, ""val_loss"": 85.46858978271484, ""val_mape"": 85.46858978271484, ""val_mae"": 18.211631774902344, ""lr"": 0.00010000000474974513, ""val_mae12"": 8.685738563537598, ""val_me"": 16.566488638731425, ""val_me12"": 8.510531145592251, ""mape_2021"": 86.28013610839844, ""mae_2021"": 17.740909576416016, ""mae12_2021"": 14.961020469665527, ""me_2021"": 15.640583651047166, ""me12_2021"": 15.050068419546502, ""epochs_trained"": 48}",2026-07-03T09:32:00.588262,completed
3,MAPE,96,1,selu,3,16,0.1,39.816593170166016,9.227953910827637,10.887353897094727,1.8250811966721603,10.88414457617471,39.816593170166016,6.42156982421875,15.750187873840332,2.4997982929902864,15.831445401723247,46.032440185546875,"{""loss"": 39.78657913208008, ""mape"": 39.78657913208008, ""mae"": 8.639119148254395, ""val_loss"": 39.816593170166016, ""val_mape"": 39.816593170166016, ""val_mae"": 9.227953910827637, ""lr"": 0.00010000000474974513, ""val_mae12"": 10.887353897094727, ""val_me"": 1.8250811966721603, ""val_me12"": 10.88414457617471, ""mape_2021"": 46.032440185546875, ""mae_2021"": 6.42156982421875, ""mae12_2021"": 15.750187873840332, ""me_2021"": 2.4997982929902864, ""me12_2021"": 15.831445401723247, ""epochs_trained"": 118}",2026-07-03T09:32:04.819628,completed
3,MAPE,96,1,selu,3,32,0.05,36.105308532714844,8.294296264648438,8.523200035095215,4.1804979955461885,8.428213967546355,36.105308532714844,8.162792205810547,14.106489181518555,5.0361203208129455,14.196560426148611,52.14877700805664,"{""loss"": 36.0302734375, ""mape"": 36.0302734375, ""mae"": 7.5502095222473145, ""val_loss"": 36.105308532714844, ""val_mape"": 36.105308532714844, ""val_mae"": 8.294296264648438, ""lr"": 0.00010000000474974513, ""val_mae12"": 8.523200035095215, ""val_me"": 4.1804979955461885, ""val_me12"": 8.428213967546355, ""mape_2021"": 52.14877700805664, ""mae_2021"": 8.162792205810547, ""mae12_2021"": 14.106489181518555, ""me_2021"": 5.0361203208129455, ""me12_2021"": 14.196560426148611, ""epochs_trained"": 66}",2026-07-03T09:32:06.192945,completed
3,MAPE,96,1,selu,3,16,0.0,5.654705047607422,1.1956747770309448,0.8651885390281677,0.6971865292611786,-0.3585729695412223,5.654705047607422,1.4475406408309937,0.8041496872901917,1.0029689738620033,-0.030952734614903814,7.092463493347168,"{""loss"": 5.738254070281982, ""mape"": 5.738254070281982, ""mae"": 1.2446038722991943, ""val_loss"": 5.654705047607422, ""val_mape"": 5.654705047607422, ""val_mae"": 1.1956747770309448, ""lr"": 0.00010000000474974513, ""val_mae12"": 0.8651885390281677, ""val_me"": 0.6971865292611786, ""val_me12"": -0.3585729695412223, ""mape_2021"": 7.092463493347168, ""mae_2021"": 1.4475406408309937, ""mae12_2021"": 0.8041496872901917, ""me_2021"": 1.0029689738620033, ""me12_2021"": -0.030952734614903814, ""epochs_trained"": 379}",2026-07-03T09:32:11.498065,completed
3,MAPE,96,1,selu,3,32,0.1,63.45338439941406,15.491630554199219,13.382455825805664,2.023091418675438,13.299558710227412,63.45338439941406,7.97252082824707,20.765113830566406,2.7846516915286816,20.864329500588614,58.410831451416016,"{""loss"": 40.2088508605957, ""mape"": 40.2088508605957, ""mae"": 8.63779067993164, ""val_loss"": 63.45338439941406, ""val_mape"": 63.45338439941406, ""val_mae"": 15.491630554199219, ""lr"": 0.00010000000474974513, ""val_mae12"": 13.382455825805664, ""val_me"": 2.023091418675438, ""val_me12"": 13.299558710227412, ""mape_2021"": 58.410831451416016, ""mae_2021"": 7.97252082824707, ""mae12_2021"": 20.765113830566406, ""me_2021"": 2.7846516915286816, ""me12_2021"": 20.864329500588614, ""epochs_trained"": 70}",2026-07-03T09:32:11.948600,completed
3,MAPE,96,1,selu,3,32,0.3,102.76953887939453,21.796518325805664,8.28671646118164,19.344057734700314,8.267967987644619,102.76953887939453,19.772703170776367,13.636744499206543,18.009069804453958,13.730885546774285,92.07449340820312,"{""loss"": 85.47017669677734, ""mape"": 85.47017669677734, ""mae"": 21.308034896850586, ""val_loss"": 102.76953887939453, ""val_mape"": 102.76953887939453, ""val_mae"": 21.796518325805664, ""lr"": 0.00010000000474974513, ""val_mae12"": 8.28671646118164, ""val_me"": 19.344057734700314, ""val_me12"": 8.267967987644619, ""mape_2021"": 92.07449340820312, ""mae_2021"": 19.772703170776367, ""mae12_2021"": 13.636744499206543, ""me_2021"": 18.009069804453958, ""me12_2021"": 13.730885546774285, ""epochs_trained"": 45}",2026-07-03T09:32:13.655527,completed
3,MAPE,96,1,selu,2,256,0.0,3.8004837036132812,0.7585836052894592,0.8854480981826782,0.4406847796065676,-0.15402711167140007,3.8004837036132812,0.750389039516449,0.6065330505371094,0.3551949072228385,-0.03376917349679111,4.093766212463379,"{""loss"": 2.8264527320861816, ""mape"": 2.8264527320861816, ""mae"": 0.5827170014381409, ""val_loss"": 3.8004837036132812, ""val_mape"": 3.8004837036132812, ""val_mae"": 0.7585836052894592, ""lr"": 1.0000000656873453e-05, ""val_mae12"": 0.8854480981826782, ""val_me"": 0.4406847796065676, ""val_me12"": -0.15402711167140007, ""mape_2021"": 4.093766212463379, ""mae_2021"": 0.750389039516449, ""mae12_2021"": 0.6065330505371094, ""me_2021"": 0.3551949072228385, ""me12_2021"": -0.03376917349679111, ""epochs_trained"": 406}",2026-07-03T09:32:14.956121,completed
3,MAPE,96,1,selu,3,32,0.0,4.0564188957214355,0.8219976425170898,0.8720014691352844,0.4021604780908824,-0.2117881224402988,4.0564188957214355,0.826536238193512,0.8688850998878479,0.3561241803236831,-0.5475993790948783,4.580148220062256,"{""loss"": 3.2049612998962402, ""mape"": 3.2049612998962402, ""mae"": 0.6593382954597473, ""val_loss"": 4.0564188957214355, ""val_mape"": 4.0564188957214355, ""val_mae"": 0.8219976425170898, ""lr"": 0.00010000000474974513, ""val_mae12"": 0.8720014691352844, ""val_me"": 0.4021604780908824, ""val_me12"": -0.2117881224402988, ""mape_2021"": 4.580148220062256, ""mae_2021"": 0.826536238193512, ""mae12_2021"": 0.8688850998878479, ""me_2021"": 0.3561241803236831, ""me12_2021"": -0.5475993790948783, ""epochs_trained"": 406}",2026-07-03T09:32:18.501040,completed
3,MAPE,96,1,selu,3,64,0.3,115.72969818115234,23.847408294677734,5.170474529266357,22.317794169966017,4.97012890638332,115.72969818115234,21.702091217041016,9.404650688171387,20.640892159000444,9.474165986239418,94.44329071044922,"{""loss"": 84.25423431396484, ""mape"": 84.25423431396484, ""mae"": 21.104230880737305, ""val_loss"": 115.72969818115234, ""val_mape"": 115.72969818115234, ""val_mae"": 23.847408294677734, ""lr"": 0.00010000000474974513, ""val_mae12"": 5.170474529266357, ""val_me"": 22.317794169966017, ""val_me12"": 4.97012890638332, ""mape_2021"": 94.44329071044922, ""mae_2021"": 21.702091217041016, ""mae12_2021"": 9.404650688171387, ""me_2021"": 20.640892159000444, ""me12_2021"": 9.474165986239418, ""epochs_trained"": 33}",2026-07-03T09:32:36.840379,completed
3,MAPE,96,1,selu,3,64,0.1,56.80779266357422,14.01164436340332,13.951242446899414,3.446720496324639,13.72662668912601,56.80779266357422,8.754878044128418,21.007619857788086,4.123432482009496,21.10999051203723,62.231300354003906,"{""loss"": 35.044193267822266, ""mape"": 35.044193267822266, ""mae"": 7.54731559753418, ""val_loss"": 56.80779266357422, ""val_mape"": 56.80779266357422, ""val_mae"": 14.01164436340332, ""lr"": 0.00010000000474974513, ""val_mae12"": 13.951242446899414, ""val_me"": 3.446720496324639, ""val_me12"": 13.72662668912601, ""mape_2021"": 62.231300354003906, ""mae_2021"": 8.754878044128418, ""mae12_2021"": 21.007619857788086, ""me_2021"": 4.123432482009496, ""me12_2021"": 21.10999051203723, ""epochs_trained"": 49}",2026-07-03T09:32:37.980246,completed
3,MAPE,96,1,selu,3,128,0.05,22.75941276550293,5.4552083015441895,2.59676456451416,-3.1961618302071804,2.5981632351194723,22.75941276550293,5.154476642608643,2.0575990676879883,-2.3048088486874136,1.6308910650606006,23.46918296813965,"{""loss"": 15.22808837890625, ""mape"": 15.22808837890625, ""mae"": 3.2618720531463623, ""val_loss"": 22.75941276550293, ""val_mape"": 22.75941276550293, ""val_mae"": 5.4552083015441895, ""lr"": 0.00010000000474974513, ""val_mae12"": 2.59676456451416, ""val_me"": -3.1961618302071804, ""val_me12"": 2.5981632351194723, ""mape_2021"": 23.46918296813965, ""mae_2021"": 5.154476642608643, ""mae12_2021"": 2.0575990676879883, ""me_2021"": -2.3048088486874136, ""me12_2021"": 1.6308910650606006, ""epochs_trained"": 71}",2026-07-03T09:32:39.583648,completed
3,MAPE,96,1,selu,3,64,0.05,14.608696937561035,3.6780128479003906,1.1175808906555176,-3.3643813771118984,0.25664226728119394,14.608696937561035,3.351858377456665,1.026214599609375,-3.03239917608134,-0.18623040221653112,14.404105186462402,"{""loss"": 7.667320251464844, ""mape"": 7.667320251464844, ""mae"": 1.672432780265808, ""val_loss"": 14.608696937561035, ""val_mape"": 14.608696937561035, ""val_mae"": 3.6780128479003906, ""lr"": 0.00010000000474974513, ""val_mae12"": 1.1175808906555176, ""val_me"": -3.3643813771118984, ""val_me12"": 0.25664226728119394, ""mape_2021"": 14.404105186462402, ""mae_2021"": 3.351858377456665, ""mae12_2021"": 1.026214599609375, ""me_2021"": -3.03239917608134, ""me12_2021"": -0.18623040221653112, ""epochs_trained"": 174}",2026-07-03T09:32:49.164321,completed
3,MAPE,96,1,selu,3,128,0.0,4.18684720993042,0.8768419623374939,0.8612361550331116,0.37896847290029795,0.31668357281483883,4.18684720993042,0.945488691329956,0.7363788485527039,0.4444819726454126,-0.0049247296743046105,4.997623443603516,"{""loss"": 3.695618152618408, ""mape"": 3.695618152618408, ""mae"": 0.7702935338020325, ""val_loss"": 4.18684720993042, ""val_mape"": 4.18684720993042, ""val_mae"": 0.8768419623374939, ""lr"": 0.00010000000474974513, ""val_mae12"": 0.8612361550331116, ""val_me"": 0.37896847290029795, ""val_me12"": 0.31668357281483883, ""mape_2021"": 4.997623443603516, ""mae_2021"": 0.945488691329956, ""mae12_2021"": 0.7363788485527039, ""me_2021"": 0.4444819726454126, ""me12_2021"": -0.0049247296743046105, ""epochs_trained"": 176}",2026-07-03T09:32:49.423985,completed
3,MAPE,96,1,selu,3,128,0.3,115.32402038574219,22.392295837402344,2.5846660137176514,23.651781482591762,2.129001848817418,115.32402038574219,22.52591896057129,5.869853496551514,21.928342845202977,5.7805799899648225,95.0247573852539,"{""loss"": 82.69136047363281, ""mape"": 82.69136047363281, ""mae"": 20.643991470336914, ""val_loss"": 115.32402038574219, ""val_mape"": 115.32402038574219, ""val_mae"": 22.392295837402344, ""lr"": 0.00010000000474974513, ""val_mae12"": 2.5846660137176514, ""val_me"": 23.651781482591762, ""val_me12"": 2.129001848817418, ""mape_2021"": 95.0247573852539, ""mae_2021"": 22.52591896057129, ""mae12_2021"": 5.869853496551514, ""me_2021"": 21.928342845202977, ""me12_2021"": 5.7805799899648225, ""epochs_trained"": 28}",2026-07-03T09:32:49.841151,completed
3,MAPE,96,1,selu,3,128,0.1,50.283042907714844,12.649920463562012,5.222809791564941,-5.813211650672648,4.810755326669402,50.283042907714844,8.966520309448242,3.4142608642578125,-3.8656998864726355,2.900070401502695,38.20346450805664,"{""loss"": 22.29815101623535, ""mape"": 22.29815101623535, ""mae"": 4.757763862609863, ""val_loss"": 50.283042907714844, ""val_mape"": 50.283042907714844, ""val_mae"": 12.649920463562012, ""lr"": 0.00010000000474974513, ""val_mae12"": 5.222809791564941, ""val_me"": -5.813211650672648, ""val_me12"": 4.810755326669402, ""mape_2021"": 38.20346450805664, ""mae_2021"": 8.966520309448242, ""mae12_2021"": 3.4142608642578125, ""me_2021"": -3.8656998864726355, ""me12_2021"": 2.900070401502695, ""epochs_trained"": 55}",2026-07-03T09:32:50.439040,completed
3,MAPE,96,1,selu,3,256,0.1,59.21316909790039,14.259634971618652,11.101020812988281,2.235309479608439,11.047692210992288,59.21316909790039,7.958144187927246,14.562920570373535,2.9190083840739858,14.609286307442577,50.42937469482422,"{""loss"": 21.649852752685547, ""mape"": 21.649852752685547, ""mae"": 4.636611461639404, ""val_loss"": 59.21316909790039, ""val_mape"": 59.21316909790039, ""val_mae"": 14.259634971618652, ""lr"": 0.00010000000474974513, ""val_mae12"": 11.101020812988281, ""val_me"": 2.235309479608439, ""val_me12"": 11.047692210992288, ""mape_2021"": 50.42937469482422, ""mae_2021"": 7.958144187927246, ""mae12_2021"": 14.562920570373535, ""me_2021"": 2.9190083840739858, ""me12_2021"": 14.609286307442577, ""epochs_trained"": 37}",2026-07-03T09:33:10.205555,completed
3,MAPE,96,1,selu,3,64,0.0,3.7981653213500977,0.7732014060020447,0.8290765881538391,0.3814370076524726,0.07628967543897659,3.7981653213500977,0.7927184700965881,0.8394624590873718,0.30859628538274264,-0.35203723873412784,4.523422718048096,"{""loss"": 3.059072494506836, ""mape"": 3.059072494506836, ""mae"": 0.6257951855659485, ""val_loss"": 3.7981653213500977, ""val_mape"": 3.7981653213500977, ""val_mae"": 0.7732014060020447, ""lr"": 0.00010000000474974513, ""val_mae12"": 0.8290765881538391, ""val_me"": 0.3814370076524726, ""val_me12"": 0.07628967543897659, ""mape_2021"": 4.523422718048096, ""mae_2021"": 0.7927184700965881, ""mae12_2021"": 0.8394624590873718, ""me_2021"": 0.30859628538274264, ""me12_2021"": -0.35203723873412784, ""epochs_trained"": 347}",2026-07-03T09:33:10.462392,completed
3,MAPE,96,1,selu,3,256,0.3,247.44895935058594,58.431190490722656,37.892333984375,-1.4118435042500475,37.79311563124518,247.44895935058594,15.18970012664795,50.03435516357422,-1.7203385333482448,50.18033284968088,123.89599609375,"{""loss"": 31.53695297241211, ""mape"": 31.53695297241211, ""mae"": 6.714099884033203, ""val_loss"": 247.44895935058594, ""val_mape"": 247.44895935058594, ""val_mae"": 58.431190490722656, ""lr"": 0.00010000000474974513, ""val_mae12"": 37.892333984375, ""val_me"": -1.4118435042500475, ""val_me12"": 37.79311563124518, ""mape_2021"": 123.89599609375, ""mae_2021"": 15.18970012664795, ""mae12_2021"": 50.03435516357422, ""me_2021"": -1.7203385333482448, ""me12_2021"": 50.18033284968088, ""epochs_trained"": 38}",2026-07-03T09:33:10.467392,completed
3,MAPE,96,1,selu,3,256,0.05,23.98280906677246,5.906454563140869,3.0199661254882812,-2.429280830135968,2.0143005015915527,23.98280906677246,4.535430431365967,4.305817604064941,-1.5359174814982883,-1.9896266249198622,23.72685432434082,"{""loss"": 13.810940742492676, ""mape"": 13.810940742492676, ""mae"": 2.9362263679504395, ""val_loss"": 23.98280906677246, ""val_mape"": 23.98280906677246, ""val_mae"": 5.906454563140869, ""lr"": 0.00010000000474974513, ""val_mae12"": 3.0199661254882812, ""val_me"": -2.429280830135968, ""val_me12"": 2.0143005015915527, ""mape_2021"": 23.72685432434082, ""mae_2021"": 4.535430431365967, ""mae12_2021"": 4.305817604064941, ""me_2021"": -1.5359174814982883, ""me12_2021"": -1.9896266249198622, ""epochs_trained"": 53}",2026-07-03T09:33:10.759816,completed
3,MAPE,96,1,selu,3,256,0.0,4.00813102722168,0.7763075232505798,0.8763712048530579,0.4409699943993666,0.05413169126257457,4.00813102722168,0.739013671875,0.7227815985679626,0.3389910741403127,-0.05678707197468098,4.16306209564209,"{""loss"": 2.9489874839782715, ""mape"": 2.9489874839782715, ""mae"": 0.6008158326148987, ""val_loss"": 4.00813102722168, ""val_mape"": 4.00813102722168, ""val_mae"": 0.7763075232505798, ""lr"": 0.00010000000474974513, ""val_mae12"": 0.8763712048530579, ""val_me"": 0.4409699943993666, ""val_me12"": 0.05413169126257457, ""mape_2021"": 4.16306209564209, ""mae_2021"": 0.739013671875, ""mae12_2021"": 0.7227815985679626, ""me_2021"": 0.3389910741403127, ""me12_2021"": -0.05678707197468098, ""epochs_trained"": 227}",2026-07-03T09:33:16.328678,completed
