run_num,model_type,lead_time,cycle,activation,num_layers,neurons,dropout,loss_value,val_mae,val_mae12,val_me,val_me12,val_mape,mae_2021,mae12_2021,me_2021,me12_2021,mape_2021,metrics,timestamp,status
1,MAPE,48,0,leaky_relu,1,128,0.05,46.79114532470703,9.199653625488281,10.968551635742188,6.344852175147349,10.824880086681189,46.79114532470703,10.250542640686035,14.370209693908691,7.572701184721064,14.19037219907791,63.535831451416016,"{""loss"": 47.453407287597656, ""mape"": 47.453407287597656, ""mae"": 9.540166854858398, ""val_loss"": 46.79114532470703, ""val_mape"": 46.79114532470703, ""val_mae"": 9.199653625488281, ""lr"": 1.0000000656873453e-05, ""val_mae12"": 10.968551635742188, ""val_me"": 6.344852175147349, ""val_me12"": 10.824880086681189, ""mape_2021"": 63.535831451416016, ""mae_2021"": 10.250542640686035, ""mae12_2021"": 14.370209693908691, ""me_2021"": 7.572701184721064, ""me12_2021"": 14.19037219907791, ""epochs_trained"": 102}",2026-07-02T05:13:49.186002,completed
1,MAPE,48,0,leaky_relu,1,128,0.0,46.513301849365234,9.327069282531738,10.957549095153809,6.378867875328105,10.704784329186989,46.513301849365234,10.123088836669922,13.94522762298584,7.601141327428509,13.56398835472879,62.24529266357422,"{""loss"": 45.22837829589844, ""mape"": 45.22837829589844, ""mae"": 9.172945976257324, ""val_loss"": 46.513301849365234, ""val_mape"": 46.513301849365234, ""val_mae"": 9.327069282531738, ""lr"": 0.00010000000474974513, ""val_mae12"": 10.957549095153809, ""val_me"": 6.378867875328105, ""val_me12"": 10.704784329186989, ""mape_2021"": 62.24529266357422, ""mae_2021"": 10.123088836669922, ""mae12_2021"": 13.94522762298584, ""me_2021"": 7.601141327428509, ""me12_2021"": 13.56398835472879, ""epochs_trained"": 101}",2026-07-02T05:13:50.461760,completed
1,MAPE,48,0,leaky_relu,2,16,0.05,47.53045654296875,9.24204158782959,9.784076690673828,7.271551288750652,9.580387326390724,47.53045654296875,10.505289077758789,13.725249290466309,8.388631730512502,13.60965604167686,64.79730224609375,"{""loss"": 51.47233200073242, ""mape"": 51.47233200073242, ""mae"": 10.322724342346191, ""val_loss"": 47.53045654296875, ""val_mape"": 47.53045654296875, ""val_mae"": 9.24204158782959, ""lr"": 0.00010000000474974513, ""val_mae12"": 9.784076690673828, ""val_me"": 7.271551288750652, ""val_me12"": 9.580387326390724, ""mape_2021"": 64.79730224609375, ""mae_2021"": 10.505289077758789, ""mae12_2021"": 13.725249290466309, ""me_2021"": 8.388631730512502, ""me12_2021"": 13.60965604167686, ""epochs_trained"": 113}",2026-07-02T05:14:23.345902,completed
1,MAPE,48,0,leaky_relu,2,16,0.0,46.70233917236328,9.117575645446777,9.640850067138672,7.017128911211228,9.442542572637114,46.70233917236328,10.344332695007324,13.250750541687012,8.18194259345125,13.031719796341386,63.17169952392578,"{""loss"": 47.05188751220703, ""mape"": 47.05188751220703, ""mae"": 9.381725311279297, ""val_loss"": 46.70233917236328, ""val_mape"": 46.70233917236328, ""val_mae"": 9.117575645446777, ""lr"": 0.00010000000474974513, ""val_mae12"": 9.640850067138672, ""val_me"": 7.017128911211228, ""val_me12"": 9.442542572637114, ""mape_2021"": 63.17169952392578, ""mae_2021"": 10.344332695007324, ""mae12_2021"": 13.250750541687012, ""me_2021"": 8.18194259345125, ""me12_2021"": 13.031719796341386, ""epochs_trained"": 156}",2026-07-02T05:14:28.510980,completed
1,MAPE,48,0,leaky_relu,2,16,0.1,91.45887756347656,22.58672523498535,4.146425724029541,22.53407518626244,3.2160319567512468,91.45887756347656,21.522062301635742,7.106721878051758,20.84943852552475,6.256272874754397,96.9662857055664,"{""loss"": 88.0137939453125, ""mape"": 88.0137939453125, ""mae"": 21.43292808532715, ""val_loss"": 91.45887756347656, ""val_mape"": 91.45887756347656, ""val_mae"": 22.58672523498535, ""lr"": 0.00010000000474974513, ""val_mae12"": 4.146425724029541, ""val_me"": 22.53407518626244, ""val_me12"": 3.2160319567512468, ""mape_2021"": 96.9662857055664, ""mae_2021"": 21.522062301635742, ""mae12_2021"": 7.106721878051758, ""me_2021"": 20.84943852552475, ""me12_2021"": 6.256272874754397, ""epochs_trained"": 47}",2026-07-02T05:14:46.521800,completed
1,MAPE,48,0,leaky_relu,1,256,0.05,4.090740203857422,0.8051681518554688,1.2432996034622192,-0.043152027248329144,0.05790485920480216,4.090740203857422,0.8138384819030762,1.5091277360916138,0.18113207327068986,-0.9455177815881541,5.473647594451904,"{""loss"": 4.947212219238281, ""mape"": 4.947212219238281, ""mae"": 0.9665128588676453, ""val_loss"": 4.090740203857422, ""val_mape"": 4.090740203857422, ""val_mae"": 0.8051681518554688, ""lr"": 1.0000000656873453e-05, ""val_mae12"": 1.2432996034622192, ""val_me"": -0.043152027248329144, ""val_me12"": 0.05790485920480216, ""mape_2021"": 5.473647594451904, ""mae_2021"": 0.8138384819030762, ""mae12_2021"": 1.5091277360916138, ""me_2021"": 0.18113207327068986, ""me12_2021"": -0.9455177815881541, ""epochs_trained"": 656}",2026-07-02T05:14:59.936018,completed
1,MAPE,48,0,leaky_relu,2,16,0.3,48.19419479370117,10.16229248046875,6.139535427093506,9.090362658911696,5.85690839314751,48.19419479370117,11.142247200012207,9.553979873657227,10.095156382796677,9.264144872331567,63.60702896118164,"{""loss"": 62.60148620605469, ""mape"": 62.60148620605469, ""mae"": 13.382159233093262, ""val_loss"": 48.19419479370117, ""val_mape"": 48.19419479370117, ""val_mae"": 10.16229248046875, ""lr"": 0.00010000000474974513, ""val_mae12"": 6.139535427093506, ""val_me"": 9.090362658911696, ""val_me12"": 5.85690839314751, ""mape_2021"": 63.60702896118164, ""mae_2021"": 11.142247200012207, ""mae12_2021"": 9.553979873657227, ""me_2021"": 10.095156382796677, ""me12_2021"": 9.264144872331567, ""epochs_trained"": 137}",2026-07-02T05:15:02.082796,completed
1,MAPE,48,0,leaky_relu,1,256,0.3,3.682859182357788,0.704697847366333,1.1089247465133667,0.06385418293370443,0.1639175831633351,3.682859182357788,0.7646159529685974,1.455229640007019,0.2481904164260199,-0.539353753423741,4.915683269500732,"{""loss"": 6.263134956359863, ""mape"": 6.263134956359863, ""mae"": 1.3444104194641113, ""val_loss"": 3.682859182357788, ""val_mape"": 3.682859182357788, ""val_mae"": 0.704697847366333, ""lr"": 1.0000000656873453e-05, ""val_mae12"": 1.1089247465133667, ""val_me"": 0.06385418293370443, ""val_me12"": 0.1639175831633351, ""mape_2021"": 4.915683269500732, ""mae_2021"": 0.7646159529685974, ""mae12_2021"": 1.455229640007019, ""me_2021"": 0.2481904164260199, ""me12_2021"": -0.539353753423741, ""epochs_trained"": 686}",2026-07-02T05:15:02.994993,completed
1,MAPE,48,0,leaky_relu,1,256,0.1,3.4593122005462646,0.6679013967514038,1.05544912815094,-0.021280974387554587,-0.009990239553023026,3.4593122005462646,0.7186480760574341,1.4405629634857178,0.19141296945516612,-0.8157050731876885,4.912964820861816,"{""loss"": 4.583358287811279, ""mape"": 4.583358287811279, ""mae"": 0.928174614906311, ""val_loss"": 3.4593122005462646, ""val_mape"": 3.4593122005462646, ""val_mae"": 0.6679013967514038, ""lr"": 1.0000000656873453e-05, ""val_mae12"": 1.05544912815094, ""val_me"": -0.021280974387554587, ""val_me12"": -0.009990239553023026, ""mape_2021"": 4.912964820861816, ""mae_2021"": 0.7186480760574341, ""mae12_2021"": 1.4405629634857178, ""me_2021"": 0.19141296945516612, ""me12_2021"": -0.8157050731876885, ""epochs_trained"": 739}",2026-07-02T05:15:06.829405,completed
1,MAPE,48,0,leaky_relu,2,32,0.0,47.6832389831543,9.184455871582031,10.575032234191895,6.757060933870717,10.426266388027795,47.6832389831543,10.391546249389648,14.49687671661377,7.912554289901405,14.432618157988957,64.93012237548828,"{""loss"": 47.84970474243164, ""mape"": 47.84970474243164, ""mae"": 9.393400192260742, ""val_loss"": 47.6832389831543, ""val_mape"": 47.6832389831543, ""val_mae"": 9.184455871582031, ""lr"": 0.00010000000474974513, ""val_mae12"": 10.575032234191895, ""val_me"": 6.757060933870717, ""val_me12"": 10.426266388027795, ""mape_2021"": 64.93012237548828, ""mae_2021"": 10.391546249389648, ""mae12_2021"": 14.49687671661377, ""me_2021"": 7.912554289901405, ""me12_2021"": 14.432618157988957, ""epochs_trained"": 73}",2026-07-02T05:15:07.803466,completed
1,MAPE,48,0,leaky_relu,2,32,0.05,47.00321578979492,9.187366485595703,8.668134689331055,7.2029042832891665,8.392931504621089,47.00321578979492,10.479232788085938,12.199857711791992,8.423456849437239,11.893079260139062,62.829307556152344,"{""loss"": 49.049774169921875, ""mape"": 49.049774169921875, ""mae"": 9.876774787902832, ""val_loss"": 47.00321578979492, ""val_mape"": 47.00321578979492, ""val_mae"": 9.187366485595703, ""lr"": 0.00010000000474974513, ""val_mae12"": 8.668134689331055, ""val_me"": 7.2029042832891665, ""val_me12"": 8.392931504621089, ""mape_2021"": 62.829307556152344, ""mae_2021"": 10.479232788085938, ""mae12_2021"": 12.199857711791992, ""me_2021"": 8.423456849437239, ""me12_2021"": 11.893079260139062, ""epochs_trained"": 81}",2026-07-02T05:15:14.183331,completed
1,MAPE,48,0,leaky_relu,1,128,0.3,3.6039998531341553,0.692651093006134,1.1705188751220703,0.18381406683324386,-0.08762221474975725,3.6039998531341553,0.7852925658226013,1.5158909559249878,0.37682252772078906,-0.7697589204448744,5.027462005615234,"{""loss"": 7.83060884475708, ""mape"": 7.83060884475708, ""mae"": 1.705833077430725, ""val_loss"": 3.6039998531341553, ""val_mape"": 3.6039998531341553, ""val_mae"": 0.692651093006134, ""lr"": 0.00010000000474974513, ""val_mae12"": 1.1705188751220703, ""val_me"": 0.18381406683324386, ""val_me12"": -0.08762221474975725, ""mape_2021"": 5.027462005615234, ""mae_2021"": 0.7852925658226013, ""mae12_2021"": 1.5158909559249878, ""me_2021"": 0.37682252772078906, ""me12_2021"": -0.7697589204448744, ""epochs_trained"": 802}",2026-07-02T05:15:15.205526,completed
1,MAPE,48,0,leaky_relu,2,32,0.1,44.90654373168945,9.161632537841797,9.506823539733887,6.533497090090078,8.868548773821358,44.90654373168945,10.025843620300293,12.265148162841797,7.796768529639729,11.246132960179947,59.20729064941406,"{""loss"": 47.407135009765625, ""mape"": 47.407135009765625, ""mae"": 9.859711647033691, ""val_loss"": 44.90654373168945, ""val_mape"": 44.90654373168945, ""val_mae"": 9.161632537841797, ""lr"": 0.00010000000474974513, ""val_mae12"": 9.506823539733887, ""val_me"": 6.533497090090078, ""val_me12"": 8.868548773821358, ""mape_2021"": 59.20729064941406, ""mae_2021"": 10.025843620300293, ""mae12_2021"": 12.265148162841797, ""me_2021"": 7.796768529639729, ""me12_2021"": 11.246132960179947, ""epochs_trained"": 113}",2026-07-02T05:15:16.939441,completed
1,MAPE,48,0,leaky_relu,2,32,0.3,45.14749526977539,9.305693626403809,8.249917984008789,7.217496748915596,7.967443861812103,45.14749526977539,10.270864486694336,11.335591316223145,8.437562105316566,10.871444973938504,60.577423095703125,"{""loss"": 53.54854202270508, ""mape"": 53.54854202270508, ""mae"": 11.315768241882324, ""val_loss"": 45.14749526977539, ""val_mape"": 45.14749526977539, ""val_mae"": 9.305693626403809, ""lr"": 0.00010000000474974513, ""val_mae12"": 8.249917984008789, ""val_me"": 7.217496748915596, ""val_me12"": 7.967443861812103, ""mape_2021"": 60.577423095703125, ""mae_2021"": 10.270864486694336, ""mae12_2021"": 11.335591316223145, ""me_2021"": 8.437562105316566, ""me12_2021"": 10.871444973938504, ""epochs_trained"": 121}",2026-07-02T05:15:17.904671,completed
1,MAPE,48,0,leaky_relu,1,128,0.1,3.276487350463867,0.6280640363693237,1.0403364896774292,0.04289498926122038,-0.1431316566983453,3.276487350463867,0.7114212512969971,1.4816153049468994,0.2455622450547271,-0.8368091207455103,4.7697601318359375,"{""loss"": 5.090819358825684, ""mape"": 5.090819358825684, ""mae"": 1.0553847551345825, ""val_loss"": 3.276487350463867, ""val_mape"": 3.276487350463867, ""val_mae"": 0.6280640363693237, ""lr"": 0.00010000000474974513, ""val_mae12"": 1.0403364896774292, ""val_me"": 0.04289498926122038, ""val_me12"": -0.1431316566983453, ""mape_2021"": 4.7697601318359375, ""mae_2021"": 0.7114212512969971, ""mae12_2021"": 1.4816153049468994, ""me_2021"": 0.2455622450547271, ""me12_2021"": -0.8368091207455103, ""epochs_trained"": 915}",2026-07-02T05:15:19.564412,completed
1,MAPE,48,0,leaky_relu,1,256,0.0,3.6907358169555664,0.7420787215232849,1.020212173461914,-0.0012696537596993077,-0.1097955620764331,3.6907358169555664,0.7623588442802429,1.2794549465179443,0.19426871765623308,-0.822630260157856,4.705130100250244,"{""loss"": 3.263890504837036, ""mape"": 3.263890504837036, ""mae"": 0.6726914048194885, ""val_loss"": 3.6907358169555664, ""val_mape"": 3.6907358169555664, ""val_mae"": 0.7420787215232849, ""lr"": 0.00010000000474974513, ""val_mae12"": 1.020212173461914, ""val_me"": -0.0012696537596993077, ""val_me12"": -0.1097955620764331, ""mape_2021"": 4.705130100250244, ""mae_2021"": 0.7623588442802429, ""mae12_2021"": 1.2794549465179443, ""me_2021"": 0.19426871765623308, ""me12_2021"": -0.822630260157856, ""epochs_trained"": 1270}",2026-07-02T05:15:34.454645,completed
1,MAPE,48,0,leaky_relu,2,128,0.1,45.96248245239258,9.166202545166016,8.089688301086426,6.561375230779435,7.94908444726554,45.96248245239258,10.440873146057129,11.42929744720459,7.93998577229977,11.24164141243647,61.95206832885742,"{""loss"": 46.29214096069336, ""mape"": 46.29214096069336, ""mae"": 9.30721378326416, ""val_loss"": 45.96248245239258, ""val_mape"": 45.96248245239258, ""val_mae"": 9.166202545166016, ""lr"": 0.00010000000474974513, ""val_mae12"": 8.089688301086426, ""val_me"": 6.561375230779435, ""val_me12"": 7.94908444726554, ""mape_2021"": 61.95206832885742, ""mae_2021"": 10.440873146057129, ""mae12_2021"": 11.42929744720459, ""me_2021"": 7.93998577229977, ""me12_2021"": 11.24164141243647, ""epochs_trained"": 49}",2026-07-02T05:15:53.939635,completed
1,MAPE,48,0,leaky_relu,2,128,0.3,45.35879898071289,9.118739128112793,6.600251197814941,7.281907307298493,6.354004911348329,45.35879898071289,10.562411308288574,10.009665489196777,8.591428733832066,9.705906917909287,61.48241424560547,"{""loss"": 47.92647933959961, ""mape"": 47.92647933959961, ""mae"": 9.807276725769043, ""val_loss"": 45.35879898071289, ""val_mape"": 45.35879898071289, ""val_mae"": 9.118739128112793, ""lr"": 0.00010000000474974513, ""val_mae12"": 6.600251197814941, ""val_me"": 7.281907307298493, ""val_me12"": 6.354004911348329, ""mape_2021"": 61.48241424560547, ""mae_2021"": 10.562411308288574, ""mae12_2021"": 10.009665489196777, ""me_2021"": 8.591428733832066, ""me12_2021"": 9.705906917909287, ""epochs_trained"": 47}",2026-07-02T05:15:54.258867,completed
1,MAPE,48,0,leaky_relu,2,128,0.05,45.24062728881836,9.145626068115234,6.2753095626831055,6.852059544026925,5.788409872833427,45.24062728881836,10.529446601867676,9.270609855651855,8.31323415957534,8.601357111482216,59.87510681152344,"{""loss"": 45.391883850097656, ""mape"": 45.391883850097656, ""mae"": 9.195704460144043, ""val_loss"": 45.24062728881836, ""val_mape"": 45.24062728881836, ""val_mae"": 9.145626068115234, ""lr"": 0.00010000000474974513, ""val_mae12"": 6.2753095626831055, ""val_me"": 6.852059544026925, ""val_me12"": 5.788409872833427, ""mape_2021"": 59.87510681152344, ""mae_2021"": 10.529446601867676, ""mae12_2021"": 9.270609855651855, ""me_2021"": 8.31323415957534, ""me12_2021"": 8.601357111482216, ""epochs_trained"": 51}",2026-07-02T05:15:54.334866,completed
1,MAPE,48,0,leaky_relu,2,128,0.0,46.07610321044922,9.280930519104004,6.394151210784912,7.108188370159227,5.7563899809968895,46.07610321044922,10.599729537963867,9.808260917663574,8.49606623434261,9.02772595510831,60.978206634521484,"{""loss"": 45.40924835205078, ""mape"": 45.40924835205078, ""mae"": 9.117929458618164, ""val_loss"": 46.07610321044922, ""val_mape"": 46.07610321044922, ""val_mae"": 9.280930519104004, ""lr"": 0.00010000000474974513, ""val_mae12"": 6.394151210784912, ""val_me"": 7.108188370159227, ""val_me12"": 5.7563899809968895, ""mape_2021"": 60.978206634521484, ""mae_2021"": 10.599729537963867, ""mae12_2021"": 9.808260917663574, ""me_2021"": 8.49606623434261, ""me12_2021"": 9.02772595510831, ""epochs_trained"": 49}",2026-07-02T05:15:54.334866,completed
1,MAPE,48,0,leaky_relu,2,64,0.1,47.030338287353516,9.1004056930542,8.080904960632324,7.064162665928889,8.033741621594029,47.030338287353516,10.489278793334961,11.553226470947266,8.339136756066745,11.484783059174877,62.68892288208008,"{""loss"": 48.22871017456055, ""mape"": 48.22871017456055, ""mae"": 9.582650184631348, ""val_loss"": 47.030338287353516, ""val_mape"": 47.030338287353516, ""val_mae"": 9.1004056930542, ""lr"": 0.00010000000474974513, ""val_mae12"": 8.080904960632324, ""val_me"": 7.064162665928889, ""val_me12"": 8.033741621594029, ""mape_2021"": 62.68892288208008, ""mae_2021"": 10.489278793334961, ""mae12_2021"": 11.553226470947266, ""me_2021"": 8.339136756066745, ""me12_2021"": 11.484783059174877, ""epochs_trained"": 60}",2026-07-02T05:15:54.903089,completed
1,MAPE,48,0,leaky_relu,2,64,0.05,45.80584716796875,9.017925262451172,7.571164131164551,7.183756278092544,7.430925402784972,45.80584716796875,10.438035011291504,10.746272087097168,8.471561333049419,10.5429151380874,61.290706634521484,"{""loss"": 46.60716247558594, ""mape"": 46.60716247558594, ""mae"": 9.386858940124512, ""val_loss"": 45.80584716796875, ""val_mape"": 45.80584716796875, ""val_mae"": 9.017925262451172, ""lr"": 0.00010000000474974513, ""val_mae12"": 7.571164131164551, ""val_me"": 7.183756278092544, ""val_me12"": 7.430925402784972, ""mape_2021"": 61.290706634521484, ""mae_2021"": 10.438035011291504, ""mae12_2021"": 10.746272087097168, ""me_2021"": 8.471561333049419, ""me12_2021"": 10.5429151380874, ""epochs_trained"": 65}",2026-07-02T05:15:55.492389,completed
1,MAPE,48,0,leaky_relu,2,256,0.0,43.86623001098633,8.580279350280762,8.182441711425781,7.204120808387898,7.988888896119119,43.86623001098633,9.742155075073242,10.397871971130371,8.249898120273235,9.859878044695272,56.20907211303711,"{""loss"": 42.656494140625, ""mape"": 42.656494140625, ""mae"": 8.52763557434082, ""val_loss"": 43.86623001098633, ""val_mape"": 43.86623001098633, ""val_mae"": 8.580279350280762, ""lr"": 1.0000000656873453e-05, ""val_mae12"": 8.182441711425781, ""val_me"": 7.204120808387898, ""val_me12"": 7.988888896119119, ""mape_2021"": 56.20907211303711, ""mae_2021"": 9.742155075073242, ""mae12_2021"": 10.397871971130371, ""me_2021"": 8.249898120273235, ""me12_2021"": 9.859878044695272, ""epochs_trained"": 71}",2026-07-02T05:16:19.990654,completed
1,MAPE,48,0,leaky_relu,2,256,0.1,44.019710540771484,8.638008117675781,7.766790390014648,7.407674933825428,7.5502765692920555,44.019710540771484,9.852109909057617,10.236966133117676,8.457063360269323,9.647621925488172,56.716434478759766,"{""loss"": 43.493194580078125, ""mape"": 43.493194580078125, ""mae"": 8.693259239196777, ""val_loss"": 44.019710540771484, ""val_mape"": 44.019710540771484, ""val_mae"": 8.638008117675781, ""lr"": 1.0000000656873453e-05, ""val_mae12"": 7.766790390014648, ""val_me"": 7.407674933825428, ""val_me12"": 7.5502765692920555, ""mape_2021"": 56.716434478759766, ""mae_2021"": 9.852109909057617, ""mae12_2021"": 10.236966133117676, ""me_2021"": 8.457063360269323, ""me12_2021"": 9.647621925488172, ""epochs_trained"": 71}",2026-07-02T05:16:21.935494,completed
1,MAPE,48,0,leaky_relu,3,16,0.05,45.5140495300293,9.033108711242676,8.816438674926758,7.0071434610053736,8.727095073560454,45.5140495300293,10.254194259643555,12.157557487487793,8.214335765127121,11.974637463394751,61.70106506347656,"{""loss"": 50.01395797729492, ""mape"": 50.01395797729492, ""mae"": 10.316150665283203, ""val_loss"": 45.5140495300293, ""val_mape"": 45.5140495300293, ""val_mae"": 9.033108711242676, ""lr"": 0.00010000000474974513, ""val_mae12"": 8.816438674926758, ""val_me"": 7.0071434610053736, ""val_me12"": 8.727095073560454, ""mape_2021"": 61.70106506347656, ""mae_2021"": 10.254194259643555, ""mae12_2021"": 12.157557487487793, ""me_2021"": 8.214335765127121, ""me12_2021"": 11.974637463394751, ""epochs_trained"": 102}",2026-07-02T05:16:32.252790,completed
1,MAPE,48,0,leaky_relu,3,16,0.3,49.44963455200195,10.74989128112793,6.0899658203125,8.886030250960149,5.644311281761266,49.44963455200195,10.994231224060059,9.339595794677734,9.933911030725364,8.782061737150567,62.196109771728516,"{""loss"": 59.81792449951172, ""mape"": 59.81792449951172, ""mae"": 13.17334270477295, ""val_loss"": 49.44963455200195, ""val_mape"": 49.44963455200195, ""val_mae"": 10.74989128112793, ""lr"": 0.00010000000474974513, ""val_mae12"": 6.0899658203125, ""val_me"": 8.886030250960149, ""val_me12"": 5.644311281761266, ""mape_2021"": 62.196109771728516, ""mae_2021"": 10.994231224060059, ""mae12_2021"": 9.339595794677734, ""me_2021"": 9.933911030725364, ""me12_2021"": 8.782061737150567, ""epochs_trained"": 100}",2026-07-02T05:16:54.153196,completed
1,MAPE,48,0,leaky_relu,3,16,0.1,45.694190979003906,9.373778343200684,9.134919166564941,7.290474094720306,8.988138675035932,45.694190979003906,10.25483226776123,12.652935028076172,8.397309480995908,12.428279621991354,62.136688232421875,"{""loss"": 51.67652130126953, ""mape"": 51.67652130126953, ""mae"": 10.802553176879883, ""val_loss"": 45.694190979003906, ""val_mape"": 45.694190979003906, ""val_mae"": 9.373778343200684, ""lr"": 0.00010000000474974513, ""val_mae12"": 9.134919166564941, ""val_me"": 7.290474094720306, ""val_me12"": 8.988138675035932, ""mape_2021"": 62.136688232421875, ""mae_2021"": 10.25483226776123, ""mae12_2021"": 12.652935028076172, ""me_2021"": 8.397309480995908, ""me12_2021"": 12.428279621991354, ""epochs_trained"": 122}",2026-07-02T05:16:55.567348,completed
1,MAPE,48,0,leaky_relu,2,256,0.3,3.7745659351348877,0.7075564861297607,1.0338937044143677,-7.845175055794621e-05,0.1777915240119883,3.7745659351348877,0.7243397831916809,1.4429043531417847,0.1946487130551613,-0.41575945943201637,4.672341346740723,"{""loss"": 6.691291332244873, ""mape"": 6.691291332244873, ""mae"": 1.448494553565979, ""val_loss"": 3.7745659351348877, ""val_mape"": 3.7745659351348877, ""val_mae"": 0.7075564861297607, ""lr"": 0.00010000000474974513, ""val_mae12"": 1.0338937044143677, ""val_me"": -7.845175055794621e-05, ""val_me12"": 0.1777915240119883, ""mape_2021"": 4.672341346740723, ""mae_2021"": 0.7243397831916809, ""mae12_2021"": 1.4429043531417847, ""me_2021"": 0.1946487130551613, ""me12_2021"": -0.41575945943201637, ""epochs_trained"": 428}",2026-07-02T05:17:11.035873,completed
1,MAPE,48,0,leaky_relu,2,64,0.3,3.9665873050689697,0.7567048668861389,1.305905818939209,0.3675007724172693,0.19814741708847164,3.9665873050689697,0.8679701089859009,1.3674050569534302,0.5634767785902743,-0.28917409205485883,5.112141132354736,"{""loss"": 11.424031257629395, ""mape"": 11.424031257629395, ""mae"": 2.5846595764160156, ""val_loss"": 3.9665873050689697, ""val_mape"": 3.9665873050689697, ""val_mae"": 0.7567048668861389, ""lr"": 9.999999747378752e-06, ""val_mae12"": 1.305905818939209, ""val_me"": 0.3675007724172693, ""val_me12"": 0.19814741708847164, ""mape_2021"": 5.112141132354736, ""mae_2021"": 0.8679701089859009, ""mae12_2021"": 1.3674050569534302, ""me_2021"": 0.5634767785902743, ""me12_2021"": -0.28917409205485883, ""epochs_trained"": 592}",2026-07-02T05:17:11.433984,completed
1,MAPE,48,0,leaky_relu,2,256,0.05,3.2169687747955322,0.610153079032898,1.0145854949951172,0.012580206198057184,-0.08827134920341038,3.2169687747955322,0.6689558625221252,1.34266996383667,0.20543886077184345,-0.7079844290434161,4.42301082611084,"{""loss"": 4.113301753997803, ""mape"": 4.113301753997803, ""mae"": 0.8349772691726685, ""val_loss"": 3.2169687747955322, ""val_mape"": 3.2169687747955322, ""val_mae"": 0.610153079032898, ""lr"": 1.0000000656873453e-05, ""val_mae12"": 1.0145854949951172, ""val_me"": 0.012580206198057184, ""val_me12"": -0.08827134920341038, ""mape_2021"": 4.42301082611084, ""mae_2021"": 0.6689558625221252, ""mae12_2021"": 1.34266996383667, ""me_2021"": 0.20543886077184345, ""me12_2021"": -0.7079844290434161, ""epochs_trained"": 472}",2026-07-02T05:17:13.067415,completed
1,MAPE,48,0,leaky_relu,2,64,0.0,3.348411798477173,0.6669949293136597,0.8773461580276489,-0.011777348354467178,0.09212873917518338,3.348411798477173,0.6684913635253906,1.04898202419281,0.18424809403332656,-0.5160377835001609,4.121543884277344,"{""loss"": 2.9596426486968994, ""mape"": 2.9596426486968994, ""mae"": 0.5976150631904602, ""val_loss"": 3.348411798477173, ""val_mape"": 3.348411798477173, ""val_mae"": 0.6669949293136597, ""lr"": 1.0000000656873453e-05, ""val_mae12"": 0.8773461580276489, ""val_me"": -0.011777348354467178, ""val_me12"": 0.09212873917518338, ""mape_2021"": 4.121543884277344, ""mae_2021"": 0.6684913635253906, ""mae12_2021"": 1.04898202419281, ""me_2021"": 0.18424809403332656, ""me12_2021"": -0.5160377835001609, ""epochs_trained"": 1297}",2026-07-02T05:17:37.439351,completed
1,MAPE,48,0,leaky_relu,3,16,0.0,3.4291481971740723,0.6967705488204956,0.7978110313415527,0.05047211161669382,-0.10704589809853346,3.4291481971740723,0.7325909733772278,0.971908450126648,0.20017382019119967,-0.5364683205788285,4.320568561553955,"{""loss"": 3.309232711791992, ""mape"": 3.309232711791992, ""mae"": 0.6679291725158691, ""val_loss"": 3.4291481971740723, ""val_mape"": 3.4291481971740723, ""val_mae"": 0.6967705488204956, ""lr"": 9.999999747378752e-06, ""val_mae12"": 0.7978110313415527, ""val_me"": 0.05047211161669382, ""val_me12"": -0.10704589809853346, ""mape_2021"": 4.320568561553955, ""mae_2021"": 0.7325909733772278, ""mae12_2021"": 0.971908450126648, ""me_2021"": 0.20017382019119967, ""me12_2021"": -0.5364683205788285, ""epochs_trained"": 6238}",2026-07-02T05:20:23.581970,completed
1,MAPE,48,0,leaky_relu,3,64,0.0,46.90890884399414,9.425922393798828,7.556402683258057,6.80867138254112,7.416755796045629,46.90890884399414,10.448304176330566,10.888195991516113,8.171563526880876,10.687984997733382,61.612064361572266,"{""loss"": 45.478878021240234, ""mape"": 45.478878021240234, ""mae"": 9.105578422546387, ""val_loss"": 46.90890884399414, ""val_mape"": 46.90890884399414, ""val_mae"": 9.425922393798828, ""lr"": 0.00010000000474974513, ""val_mae12"": 7.556402683258057, ""val_me"": 6.80867138254112, ""val_me12"": 7.416755796045629, ""mape_2021"": 61.612064361572266, ""mae_2021"": 10.448304176330566, ""mae12_2021"": 10.888195991516113, ""me_2021"": 8.171563526880876, ""me12_2021"": 10.687984997733382, ""epochs_trained"": 52}",2026-07-02T05:20:42.457486,completed
1,MAPE,48,0,leaky_relu,3,64,0.1,46.35801315307617,9.218579292297363,6.4853715896606445,7.45305130239906,6.189406104622088,46.35801315307617,10.610595703125,9.66268253326416,8.781822588403369,9.345368884485687,61.318153381347656,"{""loss"": 47.81397247314453, ""mape"": 47.81397247314453, ""mae"": 9.682884216308594, ""val_loss"": 46.35801315307617, ""val_mape"": 46.35801315307617, ""val_mae"": 9.218579292297363, ""lr"": 0.00010000000474974513, ""val_mae12"": 6.4853715896606445, ""val_me"": 7.45305130239906, ""val_me12"": 6.189406104622088, ""mape_2021"": 61.318153381347656, ""mae_2021"": 10.610595703125, ""mae12_2021"": 9.66268253326416, ""me_2021"": 8.781822588403369, ""me12_2021"": 9.345368884485687, ""epochs_trained"": 55}",2026-07-02T05:20:42.760920,completed
1,MAPE,48,0,leaky_relu,3,64,0.3,45.70962142944336,9.3446626663208,5.913863658905029,7.657778162339956,5.468758686570638,45.70962142944336,10.604008674621582,9.222081184387207,8.955019038433141,8.669368162457099,60.817378997802734,"{""loss"": 50.99808883666992, ""mape"": 50.99808883666992, ""mae"": 10.643799781799316, ""val_loss"": 45.70962142944336, ""val_mape"": 45.70962142944336, ""val_mae"": 9.3446626663208, ""lr"": 0.00010000000474974513, ""val_mae12"": 5.913863658905029, ""val_me"": 7.657778162339956, ""val_me12"": 5.468758686570638, ""mape_2021"": 60.817378997802734, ""mae_2021"": 10.604008674621582, ""mae12_2021"": 9.222081184387207, ""me_2021"": 8.955019038433141, ""me12_2021"": 8.669368162457099, ""epochs_trained"": 54}",2026-07-02T05:20:42.772434,completed
1,MAPE,48,0,leaky_relu,3,32,0.1,46.117637634277344,9.014914512634277,8.640510559082031,6.6561366495035275,8.620504857083285,46.117637634277344,10.401165962219238,12.17372989654541,7.9476211972782,12.17805229208376,62.884307861328125,"{""loss"": 49.461692810058594, ""mape"": 49.461692810058594, ""mae"": 10.068882942199707, ""val_loss"": 46.117637634277344, ""val_mape"": 46.117637634277344, ""val_mae"": 9.014914512634277, ""lr"": 0.00010000000474974513, ""val_mae12"": 8.640510559082031, ""val_me"": 6.6561366495035275, ""val_me12"": 8.620504857083285, ""mape_2021"": 62.884307861328125, ""mae_2021"": 10.401165962219238, ""mae12_2021"": 12.17372989654541, ""me_2021"": 7.9476211972782, ""me12_2021"": 12.17805229208376, ""epochs_trained"": 70}",2026-07-02T05:20:43.401375,completed
1,MAPE,48,0,leaky_relu,3,32,0.05,45.9459228515625,8.97534465789795,7.940999507904053,7.262598125605916,7.534702000110684,45.9459228515625,10.389567375183105,11.451269149780273,8.489924012485263,10.901642584396242,61.55904769897461,"{""loss"": 47.671634674072266, ""mape"": 47.671634674072266, ""mae"": 9.606683731079102, ""val_loss"": 45.9459228515625, ""val_mape"": 45.9459228515625, ""val_mae"": 8.97534465789795, ""lr"": 0.00010000000474974513, ""val_mae12"": 7.940999507904053, ""val_me"": 7.262598125605916, ""val_me12"": 7.534702000110684, ""mape_2021"": 61.55904769897461, ""mae_2021"": 10.389567375183105, ""mae12_2021"": 11.451269149780273, ""me_2021"": 8.489924012485263, ""me12_2021"": 10.901642584396242, ""epochs_trained"": 64}",2026-07-02T05:20:43.410372,completed
1,MAPE,48,0,leaky_relu,3,32,0.0,46.3612174987793,9.076669692993164,8.746538162231445,6.770946155666391,8.622725874243798,46.3612174987793,10.332234382629395,12.148914337158203,8.050349630106778,12.029903093127801,62.23221206665039,"{""loss"": 46.168487548828125, ""mape"": 46.168487548828125, ""mae"": 9.15877914428711, ""val_loss"": 46.3612174987793, ""val_mape"": 46.3612174987793, ""val_mae"": 9.076669692993164, ""lr"": 0.00010000000474974513, ""val_mae12"": 8.746538162231445, ""val_me"": 6.770946155666391, ""val_me12"": 8.622725874243798, ""mape_2021"": 62.23221206665039, ""mae_2021"": 10.332234382629395, ""mae12_2021"": 12.148914337158203, ""me_2021"": 8.050349630106778, ""me12_2021"": 12.029903093127801, ""epochs_trained"": 83}",2026-07-02T05:20:44.002850,completed
1,MAPE,48,0,leaky_relu,3,32,0.3,43.25838851928711,9.008378028869629,6.473156452178955,7.690758503948311,6.012730663706879,43.25838851928711,10.201319694519043,9.098081588745117,8.89354604457579,8.285073842421234,57.81755447387695,"{""loss"": 55.79493713378906, ""mape"": 55.79493713378906, ""mae"": 12.013509750366211, ""val_loss"": 43.25838851928711, ""val_mape"": 43.25838851928711, ""val_mae"": 9.008378028869629, ""lr"": 1.0000000656873453e-05, ""val_mae12"": 6.473156452178955, ""val_me"": 7.690758503948311, ""val_me12"": 6.012730663706879, ""mape_2021"": 57.81755447387695, ""mae_2021"": 10.201319694519043, ""mae12_2021"": 9.098081588745117, ""me_2021"": 8.89354604457579, ""me12_2021"": 8.285073842421234, ""epochs_trained"": 130}",2026-07-02T05:20:51.507345,completed
1,MAPE,48,0,leaky_relu,3,128,0.3,45.99806213378906,9.719356536865234,6.196354389190674,7.8158329583068555,5.992477688119327,45.99806213378906,10.518322944641113,9.245067596435547,9.04227699320718,8.94430319273202,60.44692611694336,"{""loss"": 48.05105972290039, ""mape"": 48.05105972290039, ""mae"": 10.0006685256958, ""val_loss"": 45.99806213378906, ""val_mape"": 45.99806213378906, ""val_mae"": 9.719356536865234, ""lr"": 0.00010000000474974513, ""val_mae12"": 6.196354389190674, ""val_me"": 7.8158329583068555, ""val_me12"": 5.992477688119327, ""mape_2021"": 60.44692611694336, ""mae_2021"": 10.518322944641113, ""mae12_2021"": 9.245067596435547, ""me_2021"": 9.04227699320718, ""me12_2021"": 8.94430319273202, ""epochs_trained"": 43}",2026-07-02T05:21:10.120535,completed
1,MAPE,48,0,leaky_relu,3,128,0.0,43.942840576171875,8.536884307861328,8.814434051513672,6.990708076268728,8.712431079451594,43.942840576171875,9.653489112854004,11.433422088623047,8.00948445888821,11.02339448226111,57.1491584777832,"{""loss"": 42.73871994018555, ""mape"": 42.73871994018555, ""mae"": 8.524527549743652, ""val_loss"": 43.942840576171875, ""val_mape"": 43.942840576171875, ""val_mae"": 8.536884307861328, ""lr"": 1.0000000656873453e-05, ""val_mae12"": 8.814434051513672, ""val_me"": 6.990708076268728, ""val_me12"": 8.712431079451594, ""mape_2021"": 57.1491584777832, ""mae_2021"": 9.653489112854004, ""mae12_2021"": 11.433422088623047, ""me_2021"": 8.00948445888821, ""me12_2021"": 11.02339448226111, ""epochs_trained"": 76}",2026-07-02T05:21:11.176855,completed
1,MAPE,48,0,leaky_relu,3,128,0.05,43.46947479248047,8.484750747680664,9.58617877960205,6.709344538064751,9.502308026268675,43.46947479248047,9.565511703491211,12.055925369262695,7.737286133904289,11.786154900693841,57.162559509277344,"{""loss"": 43.30479049682617, ""mape"": 43.30479049682617, ""mae"": 8.68528938293457, ""val_loss"": 43.46947479248047, ""val_mape"": 43.46947479248047, ""val_mae"": 8.484750747680664, ""lr"": 1.0000000656873453e-05, ""val_mae12"": 9.58617877960205, ""val_me"": 6.709344538064751, ""val_me12"": 9.502308026268675, ""mape_2021"": 57.162559509277344, ""mae_2021"": 9.565511703491211, ""mae12_2021"": 12.055925369262695, ""me_2021"": 7.737286133904289, ""me12_2021"": 11.786154900693841, ""epochs_trained"": 80}",2026-07-02T05:21:16.121483,completed
1,MAPE,48,0,leaky_relu,3,256,0.0,5.771702766418457,1.1742674112319946,1.3309242725372314,-0.12316085523518693,0.14439672593498112,5.771702766418457,1.2034977674484253,1.4141265153884888,0.21279039301821395,-0.3028450556004991,6.828739166259766,"{""loss"": 5.044050693511963, ""mape"": 5.044050693511963, ""mae"": 1.002125859260559, ""val_loss"": 5.771702766418457, ""val_mape"": 5.771702766418457, ""val_mae"": 1.1742674112319946, ""lr"": 1.0000000656873453e-05, ""val_mae12"": 1.3309242725372314, ""val_me"": -0.12316085523518693, ""val_me12"": 0.14439672593498112, ""mape_2021"": 6.828739166259766, ""mae_2021"": 1.2034977674484253, ""mae12_2021"": 1.4141265153884888, ""me_2021"": 0.21279039301821395, ""me12_2021"": -0.3028450556004991, ""epochs_trained"": 210}",2026-07-02T05:21:59.089068,completed
1,MAPE,48,0,leaky_relu,3,64,0.05,3.2974672317504883,0.6380658149719238,0.9382173418998718,0.07506371717132189,-0.11038979149795103,3.2974672317504883,0.6949197053909302,1.2958163022994995,0.2547099707903069,-0.5963804080436026,4.395363807678223,"{""loss"": 5.580278396606445, ""mape"": 5.580278396606445, ""mae"": 1.2177594900131226, ""val_loss"": 3.2974672317504883, ""val_mape"": 3.2974672317504883, ""val_mae"": 0.6380658149719238, ""lr"": 0.00010000000474974513, ""val_mae12"": 0.9382173418998718, ""val_me"": 0.07506371717132189, ""val_me12"": -0.11038979149795103, ""mape_2021"": 4.395363807678223, ""mae_2021"": 0.6949197053909302, ""mae12_2021"": 1.2958163022994995, ""me_2021"": 0.2547099707903069, ""me12_2021"": -0.5963804080436026, ""epochs_trained"": 465}",2026-07-02T05:22:16.771784,completed
1,MAPE,48,0,leaky_relu,3,256,0.05,3.263887882232666,0.6310154795646667,0.8911276459693909,0.04398637108086816,-0.014469384987145567,3.263887882232666,0.6843898892402649,1.2331039905548096,0.21488269844419441,-0.47339301095952097,4.23831844329834,"{""loss"": 4.36309814453125, ""mape"": 4.36309814453125, ""mae"": 0.9038498401641846, ""val_loss"": 3.263887882232666, ""val_mape"": 3.263887882232666, ""val_mae"": 0.6310154795646667, ""lr"": 1.0000000656873453e-05, ""val_mae12"": 0.8911276459693909, ""val_me"": 0.04398637108086816, ""val_me12"": -0.014469384987145567, ""mape_2021"": 4.23831844329834, ""mae_2021"": 0.6843898892402649, ""mae12_2021"": 1.2331039905548096, ""me_2021"": 0.21488269844419441, ""me12_2021"": -0.47339301095952097, ""epochs_trained"": 293}",2026-07-02T05:22:29.397815,completed
1,MAPE,48,0,leaky_relu,3,256,0.1,3.3736255168914795,0.649965763092041,0.989703893661499,0.10508517847789739,-0.14415834243259615,3.3736255168914795,0.6881155371665955,1.2314467430114746,0.284388400277926,-0.5663522032305549,4.322739601135254,"{""loss"": 4.953319072723389, ""mape"": 4.953319072723389, ""mae"": 1.0529029369354248, ""val_loss"": 3.3736255168914795, ""val_mape"": 3.3736255168914795, ""val_mae"": 0.649965763092041, ""lr"": 1.0000000656873453e-05, ""val_mae12"": 0.989703893661499, ""val_me"": 0.10508517847789739, ""val_me12"": -0.14415834243259615, ""mape_2021"": 4.322739601135254, ""mae_2021"": 0.6881155371665955, ""mae12_2021"": 1.2314467430114746, ""me_2021"": 0.284388400277926, ""me12_2021"": -0.5663522032305549, ""epochs_trained"": 299}",2026-07-02T05:22:38.697180,completed
1,MAPE,48,0,leaky_relu,3,256,0.3,3.7074058055877686,0.7928818464279175,0.8593465089797974,0.2633987528605108,-0.023867851478193765,3.7074058055877686,0.7360242605209351,1.3191981315612793,0.4248213828908138,-0.7050535501748826,4.459640979766846,"{""loss"": 7.064021110534668, ""mape"": 7.064021110534668, ""mae"": 1.5599480867385864, ""val_loss"": 3.7074058055877686, ""val_mape"": 3.7074058055877686, ""val_mae"": 0.7928818464279175, ""lr"": 0.00010000000474974513, ""val_mae12"": 0.8593465089797974, ""val_me"": 0.2633987528605108, ""val_me12"": -0.023867851478193765, ""mape_2021"": 4.459640979766846, ""mae_2021"": 0.7360242605209351, ""mae12_2021"": 1.3191981315612793, ""me_2021"": 0.4248213828908138, ""me12_2021"": -0.7050535501748826, ""epochs_trained"": 261}",2026-07-02T05:22:40.075365,completed
1,MAPE,48,0,leaky_relu,3,128,0.1,3.864649772644043,0.7568941712379456,1.0314775705337524,0.0454697374133087,-0.08325646867803621,3.864649772644043,0.8254228830337524,1.3149847984313965,0.2786208574501532,-0.5111328626784964,5.002584457397461,"{""loss"": 6.951555252075195, ""mape"": 6.951555252075195, ""mae"": 1.469448447227478, ""val_loss"": 3.864649772644043, ""val_mape"": 3.864649772644043, ""val_mae"": 0.7568941712379456, ""lr"": 1.0000000656873453e-05, ""val_mae12"": 1.0314775705337524, ""val_me"": 0.0454697374133087, ""val_me12"": -0.08325646867803621, ""mape_2021"": 5.002584457397461, ""mae_2021"": 0.8254228830337524, ""mae12_2021"": 1.3149847984313965, ""me_2021"": 0.2786208574501532, ""me12_2021"": -0.5111328626784964, ""epochs_trained"": 1328}",2026-07-02T05:23:29.959487,completed
1,MAPE,48,0,selu,1,32,0.05,95.4801025390625,24.203502655029297,2.6544582843780518,24.107419142432803,-0.6847366459161621,95.4801025390625,22.6423282623291,4.384979724884033,22.33987601902161,1.6575380897450829,97.50165557861328,"{""loss"": 92.54777526855469, ""mape"": 92.54777526855469, ""mae"": 23.00481414794922, ""val_loss"": 95.4801025390625, ""val_mape"": 95.4801025390625, ""val_mae"": 24.203502655029297, ""lr"": 0.00010000000474974513, ""val_mae12"": 2.6544582843780518, ""val_me"": 24.107419142432803, ""val_me12"": -0.6847366459161621, ""mape_2021"": 97.50165557861328, ""mae_2021"": 22.6423282623291, ""mae12_2021"": 4.384979724884033, ""me_2021"": 22.33987601902161, ""me12_2021"": 1.6575380897450829, ""epochs_trained"": 35}",2026-07-02T05:23:44.415542,completed
1,MAPE,48,0,selu,1,16,0.3,93.37801361083984,22.965726852416992,4.230390548706055,23.12858725754037,3.3256993018698506,93.37801361083984,22.002138137817383,7.129158020019531,21.330988095158357,6.191115963496052,98.32447814941406,"{""loss"": 90.75580596923828, ""mape"": 90.75580596923828, ""mae"": 22.259422302246094, ""val_loss"": 93.37801361083984, ""val_mape"": 93.37801361083984, ""val_mae"": 22.965726852416992, ""lr"": 0.00010000000474974513, ""val_mae12"": 4.230390548706055, ""val_me"": 23.12858725754037, ""val_me12"": 3.3256993018698506, ""mape_2021"": 98.32447814941406, ""mae_2021"": 22.002138137817383, ""mae12_2021"": 7.129158020019531, ""me_2021"": 21.330988095158357, ""me12_2021"": 6.191115963496052, ""epochs_trained"": 48}",2026-07-02T05:23:45.060564,completed
1,MAPE,48,0,selu,1,32,0.1,56.63706970214844,10.997408866882324,13.906707763671875,7.140415998584499,13.645808734337677,56.63706970214844,11.36972713470459,17.272319793701172,8.507148313155735,17.003811592562943,72.44995880126953,"{""loss"": 54.554893493652344, ""mape"": 54.554893493652344, ""mae"": 10.914352416992188, ""val_loss"": 56.63706970214844, ""val_mape"": 56.63706970214844, ""val_mae"": 10.997408866882324, ""lr"": 0.00010000000474974513, ""val_mae12"": 13.906707763671875, ""val_me"": 7.140415998584499, ""val_me12"": 13.645808734337677, ""mape_2021"": 72.44995880126953, ""mae_2021"": 11.36972713470459, ""mae12_2021"": 17.272319793701172, ""me_2021"": 8.507148313155735, ""me12_2021"": 17.003811592562943, ""epochs_trained"": 123}",2026-07-02T05:23:48.913293,completed
1,MAPE,48,0,selu,1,32,0.3,58.95143508911133,11.095820426940918,18.750797271728516,6.293966786163808,18.747722367944625,58.95143508911133,11.172770500183105,23.29726791381836,7.24543057743099,23.4328595568003,77.75534057617188,"{""loss"": 59.414554595947266, ""mape"": 59.414554595947266, ""mae"": 12.656893730163574, ""val_loss"": 58.95143508911133, ""val_mape"": 58.95143508911133, ""val_mae"": 11.095820426940918, ""lr"": 0.00010000000474974513, ""val_mae12"": 18.750797271728516, ""val_me"": 6.293966786163808, ""val_me12"": 18.747722367944625, ""mape_2021"": 77.75534057617188, ""mae_2021"": 11.172770500183105, ""mae12_2021"": 23.29726791381836, ""me_2021"": 7.24543057743099, ""me12_2021"": 23.4328595568003, ""epochs_trained"": 136}",2026-07-02T05:23:49.697428,completed
1,MAPE,48,0,selu,1,16,0.0,51.35751724243164,10.088019371032715,12.069231986999512,7.687698526044363,11.693170909748604,51.35751724243164,11.169083595275879,15.655692100524902,8.877493040342442,15.175086713757288,69.54064178466797,"{""loss"": 50.64250183105469, ""mape"": 50.64250183105469, ""mae"": 10.088213920593262, ""val_loss"": 51.35751724243164, ""val_mape"": 51.35751724243164, ""val_mae"": 10.088019371032715, ""lr"": 0.00010000000474974513, ""val_mae12"": 12.069231986999512, ""val_me"": 7.687698526044363, ""val_me12"": 11.693170909748604, ""mape_2021"": 69.54064178466797, ""mae_2021"": 11.169083595275879, ""mae12_2021"": 15.655692100524902, ""me_2021"": 8.877493040342442, ""me12_2021"": 15.175086713757288, ""epochs_trained"": 168}",2026-07-02T05:23:51.112049,completed
1,MAPE,48,0,selu,1,64,0.05,52.55843734741211,10.250432968139648,10.558897018432617,8.156545408796147,10.068673197479841,52.55843734741211,11.478033065795898,13.85739517211914,9.472029610162497,13.121472091844296,69.38253021240234,"{""loss"": 51.72270584106445, ""mape"": 51.72270584106445, ""mae"": 10.393712043762207, ""val_loss"": 52.55843734741211, ""val_mape"": 52.55843734741211, ""val_mae"": 10.250432968139648, ""lr"": 0.00010000000474974513, ""val_mae12"": 10.558897018432617, ""val_me"": 8.156545408796147, ""val_me12"": 10.068673197479841, ""mape_2021"": 69.38253021240234, ""mae_2021"": 11.478033065795898, ""mae12_2021"": 13.85739517211914, ""me_2021"": 9.472029610162497, ""me12_2021"": 13.121472091844296, ""epochs_trained"": 107}",2026-07-02T05:23:56.342435,completed
1,MAPE,48,0,selu,1,64,0.3,99.98338317871094,24.75286865234375,2.853203535079956,24.335977073433092,-1.3067624559202564,99.98338317871094,22.874300003051758,4.498335838317871,22.59923105760834,1.0061994710824602,98.54972839355469,"{""loss"": 93.02489471435547, ""mape"": 93.02489471435547, ""mae"": 23.08558464050293, ""val_loss"": 99.98338317871094, ""val_mape"": 99.98338317871094, ""val_mae"": 24.75286865234375, ""lr"": 0.00010000000474974513, ""val_mae12"": 2.853203535079956, ""val_me"": 24.335977073433092, ""val_me12"": -1.3067624559202564, ""mape_2021"": 98.54972839355469, ""mae_2021"": 22.874300003051758, ""mae12_2021"": 4.498335838317871, ""me_2021"": 22.59923105760834, ""me12_2021"": 1.0061994710824602, ""epochs_trained"": 29}",2026-07-02T05:23:56.860702,completed
1,MAPE,48,0,selu,1,16,0.1,43.56025314331055,8.282769203186035,12.111257553100586,5.285609762551917,12.12023496399688,43.56025314331055,9.087203979492188,12.737238883972168,6.655407135857185,12.54371285795454,55.716026306152344,"{""loss"": 46.79873275756836, ""mape"": 46.79873275756836, ""mae"": 9.580842018127441, ""val_loss"": 43.56025314331055, ""val_mape"": 43.56025314331055, ""val_mae"": 8.282769203186035, ""lr"": 0.00010000000474974513, ""val_mae12"": 12.111257553100586, ""val_me"": 5.285609762551917, ""val_me12"": 12.12023496399688, ""mape_2021"": 55.716026306152344, ""mae_2021"": 9.087203979492188, ""mae12_2021"": 12.737238883972168, ""me_2021"": 6.655407135857185, ""me12_2021"": 12.54371285795454, ""epochs_trained"": 329}",2026-07-02T05:24:00.693400,completed
1,MAPE,48,0,selu,1,64,0.1,55.41825866699219,10.717608451843262,12.470276832580566,7.292749227483112,12.124870617801879,55.41825866699219,10.885507583618164,14.960915565490723,8.711561657017096,14.215868157626915,67.54319763183594,"{""loss"": 51.791404724121094, ""mape"": 51.791404724121094, ""mae"": 10.243212699890137, ""val_loss"": 55.41825866699219, ""val_mape"": 55.41825866699219, ""val_mae"": 10.717608451843262, ""lr"": 0.00010000000474974513, ""val_mae12"": 12.470276832580566, ""val_me"": 7.292749227483112, ""val_me12"": 12.124870617801879, ""mape_2021"": 67.54319763183594, ""mae_2021"": 10.885507583618164, ""mae12_2021"": 14.960915565490723, ""me_2021"": 8.711561657017096, ""me12_2021"": 14.215868157626915, ""epochs_trained"": 128}",2026-07-02T05:24:02.514280,completed
1,MAPE,48,0,selu,1,128,0.3,99.33130645751953,24.813325881958008,2.908113956451416,24.285600588331693,-1.384903556904641,99.33130645751953,22.745960235595703,4.084778785705566,22.507996976277777,0.685400860434941,97.1886215209961,"{""loss"": 92.81177520751953, ""mape"": 92.81177520751953, ""mae"": 23.164356231689453, ""val_loss"": 99.33130645751953, ""val_mape"": 99.33130645751953, ""val_mae"": 24.813325881958008, ""lr"": 0.00010000000474974513, ""val_mae12"": 2.908113956451416, ""val_me"": 24.285600588331693, ""val_me12"": -1.384903556904641, ""mape_2021"": 97.1886215209961, ""mae_2021"": 22.745960235595703, ""mae12_2021"": 4.084778785705566, ""me_2021"": 22.507996976277777, ""me12_2021"": 0.685400860434941, ""epochs_trained"": 29}",2026-07-02T05:24:09.741385,completed
1,MAPE,48,0,selu,1,128,0.1,56.179054260253906,10.938892364501953,10.281811714172363,8.080532386018824,9.576372467370218,56.179054260253906,11.787951469421387,14.060330390930176,9.529836823160453,12.87805082040093,71.18955993652344,"{""loss"": 52.29964828491211, ""mape"": 52.29964828491211, ""mae"": 10.565056800842285, ""val_loss"": 56.179054260253906, ""val_mape"": 56.179054260253906, ""val_mae"": 10.938892364501953, ""lr"": 0.00010000000474974513, ""val_mae12"": 10.281811714172363, ""val_me"": 8.080532386018824, ""val_me12"": 9.576372467370218, ""mape_2021"": 71.18955993652344, ""mae_2021"": 11.787951469421387, ""mae12_2021"": 14.060330390930176, ""me_2021"": 9.529836823160453, ""me12_2021"": 12.87805082040093, ""epochs_trained"": 95}",2026-07-02T05:24:10.003587,completed
1,MAPE,48,0,selu,1,128,0.05,10.398225784301758,2.313844680786133,1.7794617414474487,-1.989070469741095,1.7283957754764676,10.398225784301758,1.915414810180664,1.3501083850860596,-1.3461837637807597,0.6624541093448294,8.843073844909668,"{""loss"": 9.85415267944336, ""mape"": 9.85415267944336, ""mae"": 1.7474472522735596, ""val_loss"": 10.398225784301758, ""val_mape"": 10.398225784301758, ""val_mae"": 2.313844680786133, ""lr"": 0.00010000000474974513, ""val_mae12"": 1.7794617414474487, ""val_me"": -1.989070469741095, ""val_me12"": 1.7283957754764676, ""mape_2021"": 8.843073844909668, ""mae_2021"": 1.915414810180664, ""mae12_2021"": 1.3501083850860596, ""me_2021"": -1.3461837637807597, ""me12_2021"": 0.6624541093448294, ""epochs_trained"": 451}",2026-07-02T05:24:29.749093,completed
1,MAPE,48,0,selu,1,32,0.0,3.5295138359069824,0.7156221866607666,0.8444710969924927,0.176499378597009,-0.23014182751775478,3.5295138359069824,0.7604717016220093,1.1585845947265625,0.3208203131680874,-0.7767239758167503,4.6219658851623535,"{""loss"": 3.4598097801208496, ""mape"": 3.4598097801208496, ""mae"": 0.6908779144287109, ""val_loss"": 3.5295138359069824, ""val_mape"": 3.5295138359069824, ""val_mae"": 0.7156221866607666, ""lr"": 0.00010000000474974513, ""val_mae12"": 0.8444710969924927, ""val_me"": 0.176499378597009, ""val_me12"": -0.23014182751775478, ""mape_2021"": 4.6219658851623535, ""mae_2021"": 0.7604717016220093, ""mae12_2021"": 1.1585845947265625, ""me_2021"": 0.3208203131680874, ""me12_2021"": -0.7767239758167503, ""epochs_trained"": 1003}",2026-07-02T05:24:37.198382,completed
1,MAPE,48,0,selu,1,16,0.05,7.019576072692871,1.5032601356506348,1.2324146032333374,-0.8219778889743471,0.9981100438776819,7.019576072692871,1.4462394714355469,1.0844138860702515,-0.4841660174617607,0.1801425891712357,7.179065704345703,"{""loss"": 9.691635131835938, ""mape"": 9.691635131835938, ""mae"": 2.1992342472076416, ""val_loss"": 7.019576072692871, ""val_mape"": 7.019576072692871, ""val_mae"": 1.5032601356506348, ""lr"": 0.00010000000474974513, ""val_mae12"": 1.2324146032333374, ""val_me"": -0.8219778889743471, ""val_me12"": 0.9981100438776819, ""mape_2021"": 7.179065704345703, ""mae_2021"": 1.4462394714355469, ""mae12_2021"": 1.0844138860702515, ""me_2021"": -0.4841660174617607, ""me12_2021"": 0.1801425891712357, ""epochs_trained"": 1023}",2026-07-02T05:24:37.595358,completed
1,MAPE,48,0,selu,1,64,0.0,3.531761884689331,0.7143138647079468,0.8000248074531555,0.020518519610899146,0.14382204724380712,3.531761884689331,0.789939820766449,1.0088587999343872,0.1836900417378698,-0.4882768903937003,4.648033142089844,"{""loss"": 3.676893472671509, ""mape"": 3.676893472671509, ""mae"": 0.7542046904563904, ""val_loss"": 3.531761884689331, ""val_mape"": 3.531761884689331, ""val_mae"": 0.7143138647079468, ""lr"": 1.0000000656873453e-05, ""val_mae12"": 0.8000248074531555, ""val_me"": 0.020518519610899146, ""val_me12"": 0.14382204724380712, ""mape_2021"": 4.648033142089844, ""mae_2021"": 0.789939820766449, ""mae12_2021"": 1.0088587999343872, ""me_2021"": 0.1836900417378698, ""me12_2021"": -0.4882768903937003, ""epochs_trained"": 964}",2026-07-02T05:24:40.819548,completed
1,MAPE,48,0,selu,1,128,0.0,3.4791715145111084,0.7227784991264343,0.7296406030654907,0.005874718677182442,0.0642190192718689,3.4791715145111084,0.778515100479126,0.805962324142456,0.2557161803361951,-0.38388233716448766,4.395735740661621,"{""loss"": 3.3035974502563477, ""mape"": 3.3035974502563477, ""mae"": 0.6898717284202576, ""val_loss"": 3.4791715145111084, ""val_mape"": 3.4791715145111084, ""val_mae"": 0.7227784991264343, ""lr"": 1.0000000656873453e-05, ""val_mae12"": 0.7296406030654907, ""val_me"": 0.005874718677182442, ""val_me12"": 0.0642190192718689, ""mape_2021"": 4.395735740661621, ""mae_2021"": 0.778515100479126, ""mae12_2021"": 0.805962324142456, ""me_2021"": 0.2557161803361951, ""me12_2021"": -0.38388233716448766, ""epochs_trained"": 910}",2026-07-02T05:24:43.824472,completed
1,MAPE,48,0,selu,1,256,0.1,48.08037567138672,9.269027709960938,8.673623085021973,7.626280310114073,8.257748081982392,48.08037567138672,10.769579887390137,10.596842765808105,9.140086301044795,9.493612102594147,62.6547737121582,"{""loss"": 45.27903747558594, ""mape"": 45.27903747558594, ""mae"": 9.061893463134766, ""val_loss"": 48.08037567138672, ""val_mape"": 48.08037567138672, ""val_mae"": 9.269027709960938, ""lr"": 0.00010000000474974513, ""val_mae12"": 8.673623085021973, ""val_me"": 7.626280310114073, ""val_me12"": 8.257748081982392, ""mape_2021"": 62.6547737121582, ""mae_2021"": 10.769579887390137, ""mae12_2021"": 10.596842765808105, ""me_2021"": 9.140086301044795, ""me12_2021"": 9.493612102594147, ""epochs_trained"": 97}",2026-07-02T05:25:13.090146,completed
1,MAPE,48,0,selu,2,16,0.1,55.73972702026367,11.00210189819336,15.8825044631958,5.961741662852362,15.840086283697259,55.73972702026367,10.235621452331543,20.68735694885254,6.863875813815165,20.814454307416582,70.23171997070312,"{""loss"": 52.72445297241211, ""mape"": 52.72445297241211, ""mae"": 10.950809478759766, ""val_loss"": 55.73972702026367, ""val_mape"": 55.73972702026367, ""val_mae"": 11.00210189819336, ""lr"": 0.00010000000474974513, ""val_mae12"": 15.8825044631958, ""val_me"": 5.961741662852362, ""val_me12"": 15.840086283697259, ""mape_2021"": 70.23171997070312, ""mae_2021"": 10.235621452331543, ""mae12_2021"": 20.68735694885254, ""me_2021"": 6.863875813815165, ""me12_2021"": 20.814454307416582, ""epochs_trained"": 115}",2026-07-02T05:25:16.947697,completed
1,MAPE,48,0,selu,2,16,0.3,65.1758041381836,11.674534797668457,28.909862518310547,2.31094251462686,28.922679684021013,65.1758041381836,9.923219680786133,34.59748077392578,2.4527320586530648,34.78613920480406,84.74769592285156,"{""loss"": 64.68616485595703, ""mape"": 64.68616485595703, ""mae"": 14.468023300170898, ""val_loss"": 65.1758041381836, ""val_mape"": 65.1758041381836, ""val_mae"": 11.674534797668457, ""lr"": 0.00010000000474974513, ""val_mae12"": 28.909862518310547, ""val_me"": 2.31094251462686, ""val_me12"": 28.922679684021013, ""mape_2021"": 84.74769592285156, ""mae_2021"": 9.923219680786133, ""mae12_2021"": 34.59748077392578, ""me_2021"": 2.4527320586530648, ""me12_2021"": 34.78613920480406, ""epochs_trained"": 134}",2026-07-02T05:25:18.799817,completed
1,MAPE,48,0,selu,2,16,0.05,41.816673278808594,8.371545791625977,11.882418632507324,4.948570066094472,11.891135395750306,41.816673278808594,8.703436851501465,14.888021469116211,5.955117524625929,14.993799756228432,56.04615783691406,"{""loss"": 43.47794723510742, ""mape"": 43.47794723510742, ""mae"": 9.085894584655762, ""val_loss"": 41.816673278808594, ""val_mape"": 41.816673278808594, ""val_mae"": 8.371545791625977, ""lr"": 0.00010000000474974513, ""val_mae12"": 11.882418632507324, ""val_me"": 4.948570066094472, ""val_me12"": 11.891135395750306, ""mape_2021"": 56.04615783691406, ""mae_2021"": 8.703436851501465, ""mae12_2021"": 14.888021469116211, ""me_2021"": 5.955117524625929, ""me12_2021"": 14.993799756228432, ""epochs_trained"": 140}",2026-07-02T05:25:19.446015,completed
1,MAPE,48,0,selu,1,256,0.05,9.822076797485352,2.375328302383423,0.98658287525177,-1.6417417164738917,0.3939942826968953,9.822076797485352,2.101001501083374,1.3143798112869263,-0.9206922997811025,-0.6214943922961702,9.732565879821777,"{""loss"": 12.008066177368164, ""mape"": 12.008066177368164, ""mae"": 2.328528642654419, ""val_loss"": 9.822076797485352, ""val_mape"": 9.822076797485352, ""val_mae"": 2.375328302383423, ""lr"": 0.00010000000474974513, ""val_mae12"": 0.98658287525177, ""val_me"": -1.6417417164738917, ""val_me12"": 0.3939942826968953, ""mape_2021"": 9.732565879821777, ""mae_2021"": 2.101001501083374, ""mae12_2021"": 1.3143798112869263, ""me_2021"": -0.9206922997811025, ""me12_2021"": -0.6214943922961702, ""epochs_trained"": 292}",2026-07-02T05:25:28.815975,completed
1,MAPE,48,0,selu,1,256,0.3,55.39687728881836,10.566008567810059,15.258831024169922,7.010735343435638,15.025280408238036,55.39687728881836,11.371503829956055,17.998580932617188,8.409513931365655,17.533261553262733,73.04533386230469,"{""loss"": 61.987945556640625, ""mape"": 61.987945556640625, ""mae"": 13.501343727111816, ""val_loss"": 55.39687728881836, ""val_mape"": 55.39687728881836, ""val_mae"": 10.566008567810059, ""lr"": 1.0000000656873453e-05, ""val_mae12"": 15.258831024169922, ""val_me"": 7.010735343435638, ""val_me12"": 15.025280408238036, ""mape_2021"": 73.04533386230469, ""mae_2021"": 11.371503829956055, ""mae12_2021"": 17.998580932617188, ""me_2021"": 8.409513931365655, ""me12_2021"": 17.533261553262733, ""epochs_trained"": 439}",2026-07-02T05:25:38.028592,completed
1,MAPE,48,0,selu,1,256,0.0,3.937175750732422,0.840997040271759,0.7181609869003296,-0.010177189053183542,0.053520623487471324,3.937175750732422,0.9204580783843994,0.7577018737792969,0.3119897727401915,-0.28692361286552476,4.946928024291992,"{""loss"": 3.7974424362182617, ""mape"": 3.7974424362182617, ""mae"": 0.8057141304016113, ""val_loss"": 3.937175750732422, ""val_mape"": 3.937175750732422, ""val_mae"": 0.840997040271759, ""lr"": 1.0000000656873453e-05, ""val_mae12"": 0.7181609869003296, ""val_me"": -0.010177189053183542, ""val_me12"": 0.053520623487471324, ""mape_2021"": 4.946928024291992, ""mae_2021"": 0.9204580783843994, ""mae12_2021"": 0.7577018737792969, ""me_2021"": 0.3119897727401915, ""me12_2021"": -0.28692361286552476, ""epochs_trained"": 565}",2026-07-02T05:25:44.295642,completed
1,MAPE,48,0,selu,2,16,0.0,2.992816925048828,0.5974776148796082,0.7655115127563477,0.008373133037759247,-0.052139374016440775,2.992816925048828,0.6634180545806885,0.8381187915802002,0.19452827943154904,-0.39308711308731586,3.9119341373443604,"{""loss"": 3.0814099311828613, ""mape"": 3.0814099311828613, ""mae"": 0.6169041395187378, ""val_loss"": 2.992816925048828, ""val_mape"": 2.992816925048828, ""val_mae"": 0.5974776148796082, ""lr"": 1.0000000656873453e-05, ""val_mae12"": 0.7655115127563477, ""val_me"": 0.008373133037759247, ""val_me12"": -0.052139374016440775, ""mape_2021"": 3.9119341373443604, ""mae_2021"": 0.6634180545806885, ""mae12_2021"": 0.8381187915802002, ""me_2021"": 0.19452827943154904, ""me12_2021"": -0.39308711308731586, ""epochs_trained"": 1196}",2026-07-02T05:26:04.122443,completed
2,MAPE,48,0,leaky_relu,1,128,0.05,46.975215911865234,9.228900909423828,8.988374710083008,7.330715580372279,8.810973063423827,46.975215911865234,10.522549629211426,12.34360122680664,8.532588758070197,12.162259904580596,63.2923698425293,"{""loss"": 47.61133575439453, ""mape"": 47.61133575439453, ""mae"": 9.577303886413574, ""val_loss"": 46.975215911865234, ""val_mape"": 46.975215911865234, ""val_mae"": 9.228900909423828, ""lr"": 0.00010000000474974513, ""val_mae12"": 8.988374710083008, ""val_me"": 7.330715580372279, ""val_me12"": 8.810973063423827, ""mape_2021"": 63.2923698425293, ""mae_2021"": 10.522549629211426, ""mae12_2021"": 12.34360122680664, ""me_2021"": 8.532588758070197, ""me12_2021"": 12.162259904580596, ""epochs_trained"": 69}",2026-07-03T04:10:23.840812,completed
2,MAPE,48,0,leaky_relu,1,256,0.05,3.379791736602783,0.662006676197052,1.048946499824524,-0.040258721715489144,-0.026794750782762687,3.379791736602783,0.7026967406272888,1.3507180213928223,0.16860220483315586,-0.8573583882069649,4.751749515533447,"{""loss"": 4.083846092224121, ""mape"": 4.083846092224121, ""mae"": 0.8159027099609375, ""val_loss"": 3.379791736602783, ""val_mape"": 3.379791736602783, ""val_mae"": 0.662006676197052, ""lr"": 1.0000000656873453e-05, ""val_mae12"": 1.048946499824524, ""val_me"": -0.040258721715489144, ""val_me12"": -0.026794750782762687, ""mape_2021"": 4.751749515533447, ""mae_2021"": 0.7026967406272888, ""mae12_2021"": 1.3507180213928223, ""me_2021"": 0.16860220483315586, ""me12_2021"": -0.8573583882069649, ""epochs_trained"": 776}",2026-07-03T04:11:34.688950,completed
2,MAPE,48,0,leaky_relu,1,128,0.1,3.8166961669921875,0.7340415120124817,1.1633988618850708,0.01876559936793623,0.01682585717595609,3.8166961669921875,0.7929325103759766,1.6003162860870361,0.2366011670922824,-0.8766645024263698,5.364481449127197,"{""loss"": 5.416518688201904, ""mape"": 5.416518688201904, ""mae"": 1.1238347291946411, ""val_loss"": 3.8166961669921875, ""val_mape"": 3.8166961669921875, ""val_mae"": 0.7340415120124817, ""lr"": 0.00010000000474974513, ""val_mae12"": 1.1633988618850708, ""val_me"": 0.01876559936793623, ""val_me12"": 0.01682585717595609, ""mape_2021"": 5.364481449127197, ""mae_2021"": 0.7929325103759766, ""mae12_2021"": 1.6003162860870361, ""me_2021"": 0.2366011670922824, ""me12_2021"": -0.8766645024263698, ""epochs_trained"": 848}",2026-07-03T04:11:43.108964,completed
2,MAPE,48,0,leaky_relu,1,128,0.3,3.5712521076202393,0.681408703327179,1.122697114944458,0.1616268301299016,-0.078403198111532,3.5712521076202393,0.7552727460861206,1.5475537776947021,0.3709197754734176,-0.861165955473919,4.897749900817871,"{""loss"": 7.516745567321777, ""mape"": 7.516745567321777, ""mae"": 1.6663309335708618, ""val_loss"": 3.5712521076202393, ""val_mape"": 3.5712521076202393, ""val_mae"": 0.681408703327179, ""lr"": 0.00010000000474974513, ""val_mae12"": 1.122697114944458, ""val_me"": 0.1616268301299016, ""val_me12"": -0.078403198111532, ""mape_2021"": 4.897749900817871, ""mae_2021"": 0.7552727460861206, ""mae12_2021"": 1.5475537776947021, ""me_2021"": 0.3709197754734176, ""me12_2021"": -0.861165955473919, ""epochs_trained"": 872}",2026-07-03T04:11:44.091184,completed
2,MAPE,48,0,leaky_relu,1,256,0.1,3.30549693107605,0.638386070728302,1.0074712038040161,-0.01561394887260596,-0.12139813753804529,3.30549693107605,0.6798487305641174,1.3962249755859375,0.1869167550300797,-0.8243636232464904,4.588034629821777,"{""loss"": 4.38256311416626, ""mape"": 4.38256311416626, ""mae"": 0.8955402374267578, ""val_loss"": 3.30549693107605, ""val_mape"": 3.30549693107605, ""val_mae"": 0.638386070728302, ""lr"": 1.0000000656873453e-05, ""val_mae12"": 1.0074712038040161, ""val_me"": -0.01561394887260596, ""val_me12"": -0.12139813753804529, ""mape_2021"": 4.588034629821777, ""mae_2021"": 0.6798487305641174, ""mae12_2021"": 1.3962249755859375, ""me_2021"": 0.1869167550300797, ""me12_2021"": -0.8243636232464904, ""epochs_trained"": 777}",2026-07-03T04:11:46.879455,completed
2,MAPE,48,0,leaky_relu,2,16,0.05,47.81169509887695,9.256063461303711,8.259273529052734,7.540970526966366,8.06353460415766,47.81169509887695,10.61680793762207,11.685098648071289,8.751195951070436,11.626295541429469,63.44038772583008,"{""loss"": 51.16305160522461, ""mape"": 51.16305160522461, ""mae"": 10.209382057189941, ""val_loss"": 47.81169509887695, ""val_mape"": 47.81169509887695, ""val_mae"": 9.256063461303711, ""lr"": 0.00010000000474974513, ""val_mae12"": 8.259273529052734, ""val_me"": 7.540970526966366, ""val_me12"": 8.06353460415766, ""mape_2021"": 63.44038772583008, ""mae_2021"": 10.61680793762207, ""mae12_2021"": 11.685098648071289, ""me_2021"": 8.751195951070436, ""me12_2021"": 11.626295541429469, ""epochs_trained"": 97}",2026-07-03T04:11:57.363507,completed
2,MAPE,48,0,leaky_relu,2,16,0.0,47.49150466918945,9.14539623260498,9.157513618469238,7.260284732185639,8.99718927864863,47.49150466918945,10.412973403930664,12.767091751098633,8.415292573906676,12.574717188580781,63.233638763427734,"{""loss"": 47.65379333496094, ""mape"": 47.65379333496094, ""mae"": 9.383031845092773, ""val_loss"": 47.49150466918945, ""val_mape"": 47.49150466918945, ""val_mae"": 9.14539623260498, ""lr"": 0.00010000000474974513, ""val_mae12"": 9.157513618469238, ""val_me"": 7.260284732185639, ""val_me12"": 8.99718927864863, ""mape_2021"": 63.233638763427734, ""mae_2021"": 10.412973403930664, ""mae12_2021"": 12.767091751098633, ""me_2021"": 8.415292573906676, ""me12_2021"": 12.574717188580781, ""epochs_trained"": 117}",2026-07-03T04:11:57.666016,completed
2,MAPE,48,0,leaky_relu,2,16,0.1,47.69187545776367,9.463624000549316,10.799179077148438,7.445848581892809,10.69136138922246,47.69187545776367,10.422523498535156,14.571367263793945,8.436435937550323,14.5464355208626,64.93285369873047,"{""loss"": 52.77987289428711, ""mape"": 52.77987289428711, ""mae"": 10.887627601623535, ""val_loss"": 47.69187545776367, ""val_mape"": 47.69187545776367, ""val_mae"": 9.463624000549316, ""lr"": 0.00010000000474974513, ""val_mae12"": 10.799179077148438, ""val_me"": 7.445848581892809, ""val_me12"": 10.69136138922246, ""mape_2021"": 64.93285369873047, ""mae_2021"": 10.422523498535156, ""mae12_2021"": 14.571367263793945, ""me_2021"": 8.436435937550323, ""me12_2021"": 14.5464355208626, ""epochs_trained"": 168}",2026-07-03T04:12:04.986876,completed
2,MAPE,48,0,leaky_relu,1,256,0.3,44.176002502441406,8.868866920471191,9.557318687438965,6.804617356570413,9.302972827101378,44.176002502441406,9.81503963470459,11.139113426208496,8.034194903550578,10.070278260148845,56.766937255859375,"{""loss"": 44.59561538696289, ""mape"": 44.59561538696289, ""mae"": 9.218017578125, ""val_loss"": 44.176002502441406, ""val_mape"": 44.176002502441406, ""val_mae"": 8.868866920471191, ""lr"": 9.999999747378752e-06, ""val_mae12"": 9.557318687438965, ""val_me"": 6.804617356570413, ""val_me12"": 9.302972827101378, ""mape_2021"": 56.766937255859375, ""mae_2021"": 9.81503963470459, ""mae12_2021"": 11.139113426208496, ""me_2021"": 8.034194903550578, ""me12_2021"": 10.070278260148845, ""epochs_trained"": 372}",2026-07-03T04:12:07.482459,completed
2,MAPE,48,0,leaky_relu,2,16,0.3,48.210636138916016,10.020968437194824,7.58856201171875,8.613922935335648,7.27790797871255,48.210636138916016,10.95098876953125,11.243464469909668,9.628028863369295,10.988191391840637,64.3623275756836,"{""loss"": 60.968994140625, ""mape"": 60.968994140625, ""mae"": 13.208706855773926, ""val_loss"": 48.210636138916016, ""val_mape"": 48.210636138916016, ""val_mae"": 10.020968437194824, ""lr"": 0.00010000000474974513, ""val_mae12"": 7.58856201171875, ""val_me"": 8.613922935335648, ""val_me12"": 7.27790797871255, ""mape_2021"": 64.3623275756836, ""mae_2021"": 10.95098876953125, ""mae12_2021"": 11.243464469909668, ""me_2021"": 9.628028863369295, ""me12_2021"": 10.988191391840637, ""epochs_trained"": 111}",2026-07-03T04:12:08.992107,completed
2,MAPE,48,0,leaky_relu,1,128,0.0,4.283071994781494,0.8876955509185791,1.048113226890564,0.22451658119737924,-0.3142328919838992,4.283071994781494,0.9421698451042175,1.3235634565353394,0.3666867239404851,-0.9497019203078365,5.432157039642334,"{""loss"": 3.905898094177246, ""mape"": 3.905898094177246, ""mae"": 0.8321489095687866, ""val_loss"": 4.283071994781494, ""val_mape"": 4.283071994781494, ""val_mae"": 0.8876955509185791, ""lr"": 0.00010000000474974513, ""val_mae12"": 1.048113226890564, ""val_me"": 0.22451658119737924, ""val_me12"": -0.3142328919838992, ""mape_2021"": 5.432157039642334, ""mae_2021"": 0.9421698451042175, ""mae12_2021"": 1.3235634565353394, ""me_2021"": 0.3666867239404851, ""me12_2021"": -0.9497019203078365, ""epochs_trained"": 1346}",2026-07-03T04:12:11.603179,completed
2,MAPE,48,0,leaky_relu,1,256,0.0,3.8487353324890137,0.7950934767723083,0.9074422121047974,0.09460629863997788,-0.09539287879884728,3.8487353324890137,0.8463778495788574,1.2638369798660278,0.2866578906221888,-0.8646076682584656,5.075068950653076,"{""loss"": 3.5327391624450684, ""mape"": 3.5327391624450684, ""mae"": 0.7413118481636047, ""val_loss"": 3.8487353324890137, ""val_mape"": 3.8487353324890137, ""val_mae"": 0.7950934767723083, ""lr"": 1.0000000656873453e-05, ""val_mae12"": 0.9074422121047974, ""val_me"": 0.09460629863997788, ""val_me12"": -0.09539287879884728, ""mape_2021"": 5.075068950653076, ""mae_2021"": 0.8463778495788574, ""mae12_2021"": 1.2638369798660278, ""me_2021"": 0.2866578906221888, ""me12_2021"": -0.8646076682584656, ""epochs_trained"": 1370}",2026-07-03T04:12:12.814947,completed
2,MAPE,48,0,leaky_relu,2,64,0.0,47.19953536987305,9.168927192687988,9.10360050201416,6.712653066683943,8.949680573457393,47.19953536987305,10.479848861694336,12.539252281188965,8.012749622175065,12.502517475280005,63.354244232177734,"{""loss"": 46.74127197265625, ""mape"": 46.74127197265625, ""mae"": 9.215911865234375, ""val_loss"": 47.19953536987305, ""val_mape"": 47.19953536987305, ""val_mae"": 9.168927192687988, ""lr"": 0.00010000000474974513, ""val_mae12"": 9.10360050201416, ""val_me"": 6.712653066683943, ""val_me12"": 8.949680573457393, ""mape_2021"": 63.354244232177734, ""mae_2021"": 10.479848861694336, ""mae12_2021"": 12.539252281188965, ""me_2021"": 8.012749622175065, ""me12_2021"": 12.502517475280005, ""epochs_trained"": 56}",2026-07-03T04:12:26.909347,completed
2,MAPE,48,0,leaky_relu,2,32,0.0,47.58262252807617,9.174752235412598,9.828414916992188,7.09213102523046,9.609419460749518,47.58262252807617,10.444985389709473,13.413171768188477,8.261267395842598,13.344102005421624,63.97050094604492,"{""loss"": 47.74971389770508, ""mape"": 47.74971389770508, ""mae"": 9.400592803955078, ""val_loss"": 47.58262252807617, ""val_mape"": 47.58262252807617, ""val_mae"": 9.174752235412598, ""lr"": 0.00010000000474974513, ""val_mae12"": 9.828414916992188, ""val_me"": 7.09213102523046, ""val_me12"": 9.609419460749518, ""mape_2021"": 63.97050094604492, ""mae_2021"": 10.444985389709473, ""mae12_2021"": 13.413171768188477, ""me_2021"": 8.261267395842598, ""me12_2021"": 13.344102005421624, ""epochs_trained"": 75}",2026-07-03T04:12:27.656605,completed
2,MAPE,48,0,leaky_relu,2,32,0.05,47.00172424316406,9.115394592285156,8.203405380249023,7.319983769313371,8.062103822529574,47.00172424316406,10.469720840454102,11.425971031188965,8.553917810518124,11.342985432714837,62.306644439697266,"{""loss"": 48.840667724609375, ""mape"": 48.840667724609375, ""mae"": 9.787322998046875, ""val_loss"": 47.00172424316406, ""val_mape"": 47.00172424316406, ""val_mae"": 9.115394592285156, ""lr"": 0.00010000000474974513, ""val_mae12"": 8.203405380249023, ""val_me"": 7.319983769313371, ""val_me12"": 8.062103822529574, ""mape_2021"": 62.306644439697266, ""mae_2021"": 10.469720840454102, ""mae12_2021"": 11.425971031188965, ""me_2021"": 8.553917810518124, ""me12_2021"": 11.342985432714837, ""epochs_trained"": 82}",2026-07-03T04:12:28.020164,completed
2,MAPE,48,0,leaky_relu,2,32,0.1,47.65106964111328,9.289770126342773,9.892417907714844,7.035106450983605,9.798865503985374,47.65106964111328,10.494338035583496,13.77271556854248,8.205681266332617,13.753699268713653,64.88924407958984,"{""loss"": 50.85734176635742, ""mape"": 50.85734176635742, ""mae"": 10.239934921264648, ""val_loss"": 47.65106964111328, ""val_mape"": 47.65106964111328, ""val_mae"": 9.289770126342773, ""lr"": 0.00010000000474974513, ""val_mae12"": 9.892417907714844, ""val_me"": 7.035106450983605, ""val_me12"": 9.798865503985374, ""mape_2021"": 64.88924407958984, ""mae_2021"": 10.494338035583496, ""mae12_2021"": 13.77271556854248, ""me_2021"": 8.205681266332617, ""me12_2021"": 13.753699268713653, ""epochs_trained"": 83}",2026-07-03T04:12:28.023167,completed
2,MAPE,48,0,leaky_relu,2,32,0.3,45.2674674987793,9.516597747802734,8.355852127075195,7.164309382585001,7.974163065344455,45.2674674987793,10.079212188720703,11.007892608642578,8.355147439066798,10.348500479408495,58.690773010253906,"{""loss"": 51.55369567871094, ""mape"": 51.55369567871094, ""mae"": 11.00456428527832, ""val_loss"": 45.2674674987793, ""val_mape"": 45.2674674987793, ""val_mae"": 9.516597747802734, ""lr"": 0.00010000000474974513, ""val_mae12"": 8.355852127075195, ""val_me"": 7.164309382585001, ""val_me12"": 7.974163065344455, ""mape_2021"": 58.690773010253906, ""mae_2021"": 10.079212188720703, ""mae12_2021"": 11.007892608642578, ""me_2021"": 8.355147439066798, ""me12_2021"": 10.348500479408495, ""epochs_trained"": 112}",2026-07-03T04:12:29.368567,completed
2,MAPE,48,0,leaky_relu,2,128,0.0,47.16416931152344,9.311614036560059,10.619612693786621,6.746374225654398,10.575520272300972,47.16416931152344,10.32702922821045,14.435708045959473,7.880523397266363,14.487554940066465,64.6715316772461,"{""loss"": 46.074466705322266, ""mape"": 46.074466705322266, ""mae"": 9.126542091369629, ""val_loss"": 47.16416931152344, ""val_mape"": 47.16416931152344, ""val_mae"": 9.311614036560059, ""lr"": 0.00010000000474974513, ""val_mae12"": 10.619612693786621, ""val_me"": 6.746374225654398, ""val_me12"": 10.575520272300972, ""mape_2021"": 64.6715316772461, ""mae_2021"": 10.32702922821045, ""mae12_2021"": 14.435708045959473, ""me_2021"": 7.880523397266363, ""me12_2021"": 14.487554940066465, ""epochs_trained"": 48}",2026-07-03T04:12:37.696688,completed
2,MAPE,48,0,leaky_relu,2,128,0.05,45.415164947509766,9.138896942138672,5.562883377075195,7.795178656504591,5.174868361694875,45.415164947509766,10.623791694641113,8.628539085388184,9.100003625531304,8.038012965115744,60.293212890625,"{""loss"": 45.57548904418945, ""mape"": 45.57548904418945, ""mae"": 9.225739479064941, ""val_loss"": 45.415164947509766, ""val_mape"": 45.415164947509766, ""val_mae"": 9.138896942138672, ""lr"": 0.00010000000474974513, ""val_mae12"": 5.562883377075195, ""val_me"": 7.795178656504591, ""val_me12"": 5.174868361694875, ""mape_2021"": 60.293212890625, ""mae_2021"": 10.623791694641113, ""mae12_2021"": 8.628539085388184, ""me_2021"": 9.100003625531304, ""me12_2021"": 8.038012965115744, ""epochs_trained"": 51}",2026-07-03T04:12:38.130079,completed
2,MAPE,48,0,leaky_relu,2,128,0.1,45.54527282714844,9.147482872009277,7.186028480529785,7.011041168372734,6.92015517628361,45.54527282714844,10.512927055358887,10.68886947631836,8.338134417896155,10.328631509491197,61.64894104003906,"{""loss"": 46.207332611083984, ""mape"": 46.207332611083984, ""mae"": 9.324328422546387, ""val_loss"": 45.54527282714844, ""val_mape"": 45.54527282714844, ""val_mae"": 9.147482872009277, ""lr"": 0.00010000000474974513, ""val_mae12"": 7.186028480529785, ""val_me"": 7.011041168372734, ""val_me12"": 6.92015517628361, ""mape_2021"": 61.64894104003906, ""mae_2021"": 10.512927055358887, ""mae12_2021"": 10.68886947631836, ""me_2021"": 8.338134417896155, ""me12_2021"": 10.328631509491197, ""epochs_trained"": 45}",2026-07-03T04:12:39.514962,completed
2,MAPE,48,0,leaky_relu,2,64,0.05,3.762197256088257,0.7152688503265381,1.2313023805618286,0.070305877279969,-0.08192413642824181,3.762197256088257,0.7511009573936462,1.405388355255127,0.2779282432013621,-0.6455608659639906,4.810648441314697,"{""loss"": 5.825582027435303, ""mape"": 5.825582027435303, ""mae"": 1.2344130277633667, ""val_loss"": 3.762197256088257, ""val_mape"": 3.762197256088257, ""val_mae"": 0.7152688503265381, ""lr"": 1.0000000656873453e-05, ""val_mae12"": 1.2313023805618286, ""val_me"": 0.070305877279969, ""val_me12"": -0.08192413642824181, ""mape_2021"": 4.810648441314697, ""mae_2021"": 0.7511009573936462, ""mae12_2021"": 1.405388355255127, ""me_2021"": 0.2779282432013621, ""me12_2021"": -0.6455608659639906, ""epochs_trained"": 592}",2026-07-03T04:13:03.350683,completed
2,MAPE,48,0,leaky_relu,2,64,0.3,3.85335636138916,0.7402433753013611,1.1659585237503052,0.3279010604739819,0.2054582599865833,3.85335636138916,0.8568466901779175,1.405299186706543,0.549059400853295,-0.34736528832349023,5.157087326049805,"{""loss"": 11.054069519042969, ""mape"": 11.054069519042969, ""mae"": 2.5017056465148926, ""val_loss"": 3.85335636138916, ""val_mape"": 3.85335636138916, ""val_mae"": 0.7402433753013611, ""lr"": 1.0000000656873453e-05, ""val_mae12"": 1.1659585237503052, ""val_me"": 0.3279010604739819, ""val_me12"": 0.2054582599865833, ""mape_2021"": 5.157087326049805, ""mae_2021"": 0.8568466901779175, ""mae12_2021"": 1.405299186706543, ""me_2021"": 0.549059400853295, ""me12_2021"": -0.34736528832349023, ""epochs_trained"": 578}",2026-07-03T04:13:11.205360,completed
2,MAPE,48,0,leaky_relu,2,64,0.1,3.419869899749756,0.6597806811332703,1.0460814237594604,0.15941774288957886,-0.12241726589156787,3.419869899749756,0.7433143854141235,1.3910963535308838,0.35607630738124757,-0.759786385681558,4.738898754119873,"{""loss"": 6.899674892425537, ""mape"": 6.899674892425537, ""mae"": 1.5099751949310303, ""val_loss"": 3.419869899749756, ""val_mape"": 3.419869899749756, ""val_mae"": 0.6597806811332703, ""lr"": 1.0000000656873453e-05, ""val_mae12"": 1.0460814237594604, ""val_me"": 0.15941774288957886, ""val_me12"": -0.12241726589156787, ""mape_2021"": 4.738898754119873, ""mae_2021"": 0.7433143854141235, ""mae12_2021"": 1.3910963535308838, ""me_2021"": 0.35607630738124757, ""me12_2021"": -0.759786385681558, ""epochs_trained"": 632}",2026-07-03T04:13:12.920870,completed
2,MAPE,48,0,leaky_relu,2,128,0.3,16.335695266723633,3.1366689205169678,4.444820404052734,1.5129269838174015,2.6436981425373354,16.335695266723633,3.8921761512756348,4.425522327423096,2.3042674392134006,0.5828184125487502,20.384910583496094,"{""loss"": 21.69617462158203, ""mape"": 21.69617462158203, ""mae"": 4.3999505043029785, ""val_loss"": 16.335695266723633, ""val_mape"": 16.335695266723633, ""val_mae"": 3.1366689205169678, ""lr"": 1.0000000656873453e-05, ""val_mae12"": 4.444820404052734, ""val_me"": 1.5129269838174015, ""val_me12"": 2.6436981425373354, ""mape_2021"": 20.384910583496094, ""mae_2021"": 3.8921761512756348, ""mae12_2021"": 4.425522327423096, ""me_2021"": 2.3042674392134006, ""me12_2021"": 0.5828184125487502, ""epochs_trained"": 727}",2026-07-03T04:13:24.461815,completed
2,MAPE,48,0,leaky_relu,2,256,0.1,43.72657775878906,8.578542709350586,8.0021390914917,7.238200082924449,7.7690905736953875,43.72657775878906,9.744329452514648,10.508195877075195,8.252997427827749,10.042918074168048,56.47508239746094,"{""loss"": 43.272483825683594, ""mape"": 43.272483825683594, ""mae"": 8.675620079040527, ""val_loss"": 43.72657775878906, ""val_mape"": 43.72657775878906, ""val_mae"": 8.578542709350586, ""lr"": 1.0000000656873453e-05, ""val_mae12"": 8.0021390914917, ""val_me"": 7.238200082924449, ""val_me12"": 7.7690905736953875, ""mape_2021"": 56.47508239746094, ""mae_2021"": 9.744329452514648, ""mae12_2021"": 10.508195877075195, ""me_2021"": 8.252997427827749, ""me12_2021"": 10.042918074168048, ""epochs_trained"": 72}",2026-07-03T04:13:49.968441,completed
2,MAPE,48,0,leaky_relu,2,256,0.05,44.09470748901367,8.638132095336914,8.041183471679688,7.334231381919138,7.833279486155402,44.09470748901367,9.808545112609863,10.21468734741211,8.386788304882709,9.685322699981214,56.43311309814453,"{""loss"": 43.057186126708984, ""mape"": 43.057186126708984, ""mae"": 8.644411087036133, ""val_loss"": 44.09470748901367, ""val_mape"": 44.09470748901367, ""val_mae"": 8.638132095336914, ""lr"": 1.0000000656873453e-05, ""val_mae12"": 8.041183471679688, ""val_me"": 7.334231381919138, ""val_me12"": 7.833279486155402, ""mape_2021"": 56.43311309814453, ""mae_2021"": 9.808545112609863, ""mae12_2021"": 10.21468734741211, ""me_2021"": 8.386788304882709, ""me12_2021"": 9.685322699981214, ""epochs_trained"": 72}",2026-07-03T04:13:50.054493,completed
2,MAPE,48,0,leaky_relu,2,256,0.3,43.258018493652344,8.548439979553223,8.311126708984375,7.182094030448106,8.129641472842968,43.258018493652344,9.745701789855957,11.077465057373047,8.194124917067713,10.5879786105438,57.13102722167969,"{""loss"": 44.55249786376953, ""mape"": 44.55249786376953, ""mae"": 9.017156600952148, ""val_loss"": 43.258018493652344, ""val_mape"": 43.258018493652344, ""val_mae"": 8.548439979553223, ""lr"": 1.0000000656873453e-05, ""val_mae12"": 8.311126708984375, ""val_me"": 7.182094030448106, ""val_me12"": 8.129641472842968, ""mape_2021"": 57.13102722167969, ""mae_2021"": 9.745701789855957, ""mae12_2021"": 11.077465057373047, ""me_2021"": 8.194124917067713, ""me12_2021"": 10.5879786105438, ""epochs_trained"": 77}",2026-07-03T04:13:50.209863,completed
2,MAPE,48,0,leaky_relu,3,16,0.05,46.637725830078125,9.179315567016602,9.530488967895508,7.103713386584607,9.5148265184368,46.637725830078125,10.405193328857422,13.162455558776855,8.264335249261546,13.195421652919224,63.909671783447266,"{""loss"": 51.38066101074219, ""mape"": 51.38066101074219, ""mae"": 10.512920379638672, ""val_loss"": 46.637725830078125, ""val_mape"": 46.637725830078125, ""val_mae"": 9.179315567016602, ""lr"": 0.00010000000474974513, ""val_mae12"": 9.530488967895508, ""val_me"": 7.103713386584607, ""val_me12"": 9.5148265184368, ""mape_2021"": 63.909671783447266, ""mae_2021"": 10.405193328857422, ""mae12_2021"": 13.162455558776855, ""me_2021"": 8.264335249261546, ""me12_2021"": 13.195421652919224, ""epochs_trained"": 103}",2026-07-03T04:13:51.636160,completed
2,MAPE,48,0,leaky_relu,3,32,0.0,46.18952178955078,8.976840019226074,8.919742584228516,7.173419662106918,8.79010335918707,46.18952178955078,10.312786102294922,12.41891098022461,8.31834234933805,12.34318707743569,62.451725006103516,"{""loss"": 46.172096252441406, ""mape"": 46.172096252441406, ""mae"": 9.127824783325195, ""val_loss"": 46.18952178955078, ""val_mape"": 46.18952178955078, ""val_mae"": 8.976840019226074, ""lr"": 0.00010000000474974513, ""val_mae12"": 8.919742584228516, ""val_me"": 7.173419662106918, ""val_me12"": 8.79010335918707, ""mape_2021"": 62.451725006103516, ""mae_2021"": 10.312786102294922, ""mae12_2021"": 12.41891098022461, ""me_2021"": 8.31834234933805, ""me12_2021"": 12.34318707743569, ""epochs_trained"": 73}",2026-07-03T04:14:00.341107,completed
2,MAPE,48,0,leaky_relu,3,32,0.05,46.732948303222656,9.09189224243164,9.576851844787598,6.673881254468194,9.332926764176216,46.732948303222656,10.408369064331055,13.241229057312012,7.9288904459253855,13.118697634707507,63.67981719970703,"{""loss"": 48.85834503173828, ""mape"": 48.85834503173828, ""mae"": 9.776416778564453, ""val_loss"": 46.732948303222656, ""val_mape"": 46.732948303222656, ""val_mae"": 9.09189224243164, ""lr"": 0.00010000000474974513, ""val_mae12"": 9.576851844787598, ""val_me"": 6.673881254468194, ""val_me12"": 9.332926764176216, ""mape_2021"": 63.67981719970703, ""mae_2021"": 10.408369064331055, ""mae12_2021"": 13.241229057312012, ""me_2021"": 7.9288904459253855, ""me12_2021"": 13.118697634707507, ""epochs_trained"": 67}",2026-07-03T04:14:01.729840,completed
2,MAPE,48,0,leaky_relu,3,16,0.1,48.1706657409668,9.822639465332031,8.920843124389648,7.168388397786738,8.820973381000629,48.1706657409668,10.45630931854248,12.786673545837402,8.347415148864306,12.67673963223735,63.81343460083008,"{""loss"": 53.52835464477539, ""mape"": 53.52835464477539, ""mae"": 11.102119445800781, ""val_loss"": 48.1706657409668, ""val_mape"": 48.1706657409668, ""val_mae"": 9.822639465332031, ""lr"": 0.00010000000474974513, ""val_mae12"": 8.920843124389648, ""val_me"": 7.168388397786738, ""val_me12"": 8.820973381000629, ""mape_2021"": 63.81343460083008, ""mae_2021"": 10.45630931854248, ""mae12_2021"": 12.786673545837402, ""me_2021"": 8.347415148864306, ""me12_2021"": 12.67673963223735, ""epochs_trained"": 101}",2026-07-03T04:14:01.897750,completed
2,MAPE,48,0,leaky_relu,3,16,0.3,47.96418380737305,10.40293025970459,5.775502681732178,8.342058496191814,5.33438951098192,47.96418380737305,10.680173873901367,8.8927001953125,9.501986526396566,8.349802930303806,60.57464599609375,"{""loss"": 58.18605422973633, ""mape"": 58.18605422973633, ""mae"": 12.772302627563477, ""val_loss"": 47.96418380737305, ""val_mape"": 47.96418380737305, ""val_mae"": 10.40293025970459, ""lr"": 0.00010000000474974513, ""val_mae12"": 5.775502681732178, ""val_me"": 8.342058496191814, ""val_me12"": 5.33438951098192, ""mape_2021"": 60.57464599609375, ""mae_2021"": 10.680173873901367, ""mae12_2021"": 8.8927001953125, ""me_2021"": 9.501986526396566, ""me12_2021"": 8.349802930303806, ""epochs_trained"": 100}",2026-07-03T04:14:05.226858,completed
2,MAPE,48,0,leaky_relu,3,32,0.3,44.466278076171875,9.515304565429688,7.199735164642334,7.435771483916514,6.769846402904333,44.466278076171875,10.198697090148926,10.116477012634277,8.63541375956811,9.438908949200261,58.95109939575195,"{""loss"": 52.110321044921875, ""mape"": 52.110321044921875, ""mae"": 11.230240821838379, ""val_loss"": 44.466278076171875, ""val_mape"": 44.466278076171875, ""val_mae"": 9.515304565429688, ""lr"": 0.00010000000474974513, ""val_mae12"": 7.199735164642334, ""val_me"": 7.435771483916514, ""val_me12"": 6.769846402904333, ""mape_2021"": 58.95109939575195, ""mae_2021"": 10.198697090148926, ""mae12_2021"": 10.116477012634277, ""me_2021"": 8.63541375956811, ""me12_2021"": 9.438908949200261, ""epochs_trained"": 84}",2026-07-03T04:14:12.205728,completed
2,MAPE,48,0,leaky_relu,2,256,0.0,3.344862461090088,0.66826331615448,0.8889291286468506,-0.019023220448733915,-0.2160582561162824,3.344862461090088,0.6906655430793762,1.0787299871444702,0.16313052707410655,-0.5940385253039726,4.27708625793457,"{""loss"": 2.853632926940918, ""mape"": 2.853632926940918, ""mae"": 0.5804098844528198, ""val_loss"": 3.344862461090088, ""val_mape"": 3.344862461090088, ""val_mae"": 0.66826331615448, ""lr"": 1.0000000656873453e-05, ""val_mae12"": 0.8889291286468506, ""val_me"": -0.019023220448733915, ""val_me12"": -0.2160582561162824, ""mape_2021"": 4.27708625793457, ""mae_2021"": 0.6906655430793762, ""mae12_2021"": 1.0787299871444702, ""me_2021"": 0.16313052707410655, ""me12_2021"": -0.5940385253039726, ""epochs_trained"": 617}",2026-07-03T04:14:24.485849,completed
2,MAPE,48,0,leaky_relu,3,32,0.1,4.01932430267334,0.8080288767814636,1.2120269536972046,0.3702366721545765,-0.3108720309933164,4.01932430267334,0.8776143789291382,1.3740397691726685,0.5885037054659422,-0.8080662995827369,5.1946282386779785,"{""loss"": 9.575510025024414, ""mape"": 9.575510025024414, ""mae"": 2.173114061355591, ""val_loss"": 4.01932430267334, ""val_mape"": 4.01932430267334, ""val_mae"": 0.8080288767814636, ""lr"": 0.00010000000474974513, ""val_mae12"": 1.2120269536972046, ""val_me"": 0.3702366721545765, ""val_me12"": -0.3108720309933164, ""mape_2021"": 5.1946282386779785, ""mae_2021"": 0.8776143789291382, ""mae12_2021"": 1.3740397691726685, ""me_2021"": 0.5885037054659422, ""me12_2021"": -0.8080662995827369, ""epochs_trained"": 562}",2026-07-03T04:14:32.179160,completed
2,MAPE,48,0,leaky_relu,3,16,0.0,3.546934127807617,0.7086230516433716,0.9203162789344788,0.009806631714947974,-0.054685374415721105,3.546934127807617,0.7202102541923523,0.9523206353187561,0.2020117910169994,-0.4528481516202793,4.267459869384766,"{""loss"": 3.386215925216675, ""mape"": 3.386215925216675, ""mae"": 0.660130500793457, ""val_loss"": 3.546934127807617, ""val_mape"": 3.546934127807617, ""val_mae"": 0.7086230516433716, ""lr"": 0.00010000000474974513, ""val_mae12"": 0.9203162789344788, ""val_me"": 0.009806631714947974, ""val_me12"": -0.054685374415721105, ""mape_2021"": 4.267459869384766, ""mae_2021"": 0.7202102541923523, ""mae12_2021"": 0.9523206353187561, ""me_2021"": 0.2020117910169994, ""me12_2021"": -0.4528481516202793, ""epochs_trained"": 1099}",2026-07-03T04:14:36.651227,completed
2,MAPE,48,0,leaky_relu,3,64,0.0,48.04305648803711,9.589327812194824,8.487622261047363,6.9499960529741855,8.275703016968366,48.04305648803711,10.4345121383667,12.210833549499512,8.200139702098165,12.000954322498766,62.87400436401367,"{""loss"": 46.69470977783203, ""mape"": 46.69470977783203, ""mae"": 9.251206398010254, ""val_loss"": 48.04305648803711, ""val_mape"": 48.04305648803711, ""val_mae"": 9.589327812194824, ""lr"": 0.00010000000474974513, ""val_mae12"": 8.487622261047363, ""val_me"": 6.9499960529741855, ""val_me12"": 8.275703016968366, ""mape_2021"": 62.87400436401367, ""mae_2021"": 10.4345121383667, ""mae12_2021"": 12.210833549499512, ""me_2021"": 8.200139702098165, ""me12_2021"": 12.000954322498766, ""epochs_trained"": 59}",2026-07-03T04:14:56.252035,completed
2,MAPE,48,0,leaky_relu,3,64,0.3,44.28017807006836,9.170110702514648,4.658378601074219,7.498352159468692,4.083879641865355,44.28017807006836,10.598227500915527,7.591918468475342,8.927714911483864,6.765891853563823,59.01009750366211,"{""loss"": 49.504913330078125, ""mape"": 49.504913330078125, ""mae"": 10.431809425354004, ""val_loss"": 44.28017807006836, ""val_mape"": 44.28017807006836, ""val_mae"": 9.170110702514648, ""lr"": 0.00010000000474974513, ""val_mae12"": 4.658378601074219, ""val_me"": 7.498352159468692, ""val_me12"": 4.083879641865355, ""mape_2021"": 59.01009750366211, ""mae_2021"": 10.598227500915527, ""mae12_2021"": 7.591918468475342, ""me_2021"": 8.927714911483864, ""me12_2021"": 6.765891853563823, ""epochs_trained"": 58}",2026-07-03T04:14:56.602477,completed
2,MAPE,48,0,leaky_relu,3,128,0.0,43.8727912902832,8.522915840148926,9.882464408874512,6.712384124674649,9.813216467519316,43.8727912902832,9.592761039733887,12.412254333496094,7.737255735743014,12.098483609086445,57.64438247680664,"{""loss"": 42.8034782409668, ""mape"": 42.8034782409668, ""mae"": 8.52234172821045, ""val_loss"": 43.8727912902832, ""val_mape"": 43.8727912902832, ""val_mae"": 8.522915840148926, ""lr"": 1.0000000656873453e-05, ""val_mae12"": 9.882464408874512, ""val_me"": 6.712384124674649, ""val_me12"": 9.813216467519316, ""mape_2021"": 57.64438247680664, ""mae_2021"": 9.592761039733887, ""mae12_2021"": 12.412254333496094, ""me_2021"": 7.737255735743014, ""me12_2021"": 12.098483609086445, ""epochs_trained"": 76}",2026-07-03T04:14:57.959259,completed
2,MAPE,48,0,leaky_relu,3,128,0.1,46.44448471069336,9.60300064086914,9.23584270477295,7.074847479560667,9.060398714694202,46.44448471069336,10.319501876831055,13.04100227355957,8.206172836281866,12.867946065392267,63.096778869628906,"{""loss"": 46.481380462646484, ""mape"": 46.481380462646484, ""mae"": 9.491654396057129, ""val_loss"": 46.44448471069336, ""val_mape"": 46.44448471069336, ""val_mae"": 9.60300064086914, ""lr"": 0.00010000000474974513, ""val_mae12"": 9.23584270477295, ""val_me"": 7.074847479560667, ""val_me12"": 9.060398714694202, ""mape_2021"": 63.096778869628906, ""mae_2021"": 10.319501876831055, ""mae12_2021"": 13.04100227355957, ""me_2021"": 8.206172836281866, ""me12_2021"": 12.867946065392267, ""epochs_trained"": 42}",2026-07-03T04:15:13.250979,completed
2,MAPE,48,0,leaky_relu,3,128,0.3,43.62994384765625,9.42575740814209,4.212094306945801,8.265935831055476,3.494762463127441,43.62994384765625,10.682562828063965,6.995092391967773,9.57915819248045,5.9043786771138,58.53361892700195,"{""loss"": 46.746986389160156, ""mape"": 46.746986389160156, ""mae"": 9.887341499328613, ""val_loss"": 43.62994384765625, ""val_mape"": 43.62994384765625, ""val_mae"": 9.42575740814209, ""lr"": 0.00010000000474974513, ""val_mae12"": 4.212094306945801, ""val_me"": 8.265935831055476, ""val_me12"": 3.494762463127441, ""mape_2021"": 58.53361892700195, ""mae_2021"": 10.682562828063965, ""mae12_2021"": 6.995092391967773, ""me_2021"": 9.57915819248045, ""me12_2021"": 5.9043786771138, ""epochs_trained"": 43}",2026-07-03T04:15:13.378533,completed
2,MAPE,48,0,leaky_relu,3,64,0.05,4.145935535430908,0.821716845035553,1.1727991104125977,0.1559654054757172,0.11245116210762274,4.145935535430908,0.8567432165145874,1.3263384103775024,0.34565005189489983,-0.47173797754937363,5.147585868835449,"{""loss"": 6.810466289520264, ""mape"": 6.810466289520264, ""mae"": 1.440502643585205, ""val_loss"": 4.145935535430908, ""val_mape"": 4.145935535430908, ""val_mae"": 0.821716845035553, ""lr"": 1.0000000656873453e-05, ""val_mae12"": 1.1727991104125977, ""val_me"": 0.1559654054757172, ""val_me12"": 0.11245116210762274, ""mape_2021"": 5.147585868835449, ""mae_2021"": 0.8567432165145874, ""mae12_2021"": 1.3263384103775024, ""me_2021"": 0.34565005189489983, ""me12_2021"": -0.47173797754937363, ""epochs_trained"": 365}",2026-07-03T04:15:44.496347,completed
2,MAPE,48,0,leaky_relu,3,64,0.1,3.461881637573242,0.6793832182884216,0.993776261806488,0.2112936526902664,-0.17766736660673632,3.461881637573242,0.7230548858642578,1.190833568572998,0.3953160206895716,-0.6771108630570777,4.398455619812012,"{""loss"": 6.74111270904541, ""mape"": 6.74111270904541, ""mae"": 1.4978084564208984, ""val_loss"": 3.461881637573242, ""val_mape"": 3.461881637573242, ""val_mae"": 0.6793832182884216, ""lr"": 0.00010000000474974513, ""val_mae12"": 0.993776261806488, ""val_me"": 0.2112936526902664, ""val_me12"": -0.17766736660673632, ""mape_2021"": 4.398455619812012, ""mae_2021"": 0.7230548858642578, ""mae12_2021"": 1.190833568572998, ""me_2021"": 0.3953160206895716, ""me12_2021"": -0.6771108630570777, ""epochs_trained"": 485}",2026-07-03T04:16:12.212624,completed
2,MAPE,48,0,leaky_relu,3,256,0.0,3.4425368309020996,0.6640421748161316,0.9275994896888733,0.024646512226414542,-0.1358864806238974,3.4425368309020996,0.7041200995445251,0.9715367555618286,0.19200068769235973,-0.3451337500794845,4.213181018829346,"{""loss"": 2.7726311683654785, ""mape"": 2.7726311683654785, ""mae"": 0.5633770823478699, ""val_loss"": 3.4425368309020996, ""val_mape"": 3.4425368309020996, ""val_mae"": 0.6640421748161316, ""lr"": 1.0000000656873453e-05, ""val_mae12"": 0.9275994896888733, ""val_me"": 0.024646512226414542, ""val_me12"": -0.1358864806238974, ""mape_2021"": 4.213181018829346, ""mae_2021"": 0.7041200995445251, ""mae12_2021"": 0.9715367555618286, ""me_2021"": 0.19200068769235973, ""me12_2021"": -0.3451337500794845, ""epochs_trained"": 403}",2026-07-03T04:16:47.419266,completed
2,MAPE,48,0,leaky_relu,3,256,0.05,3.3703231811523438,0.633530855178833,1.0125223398208618,0.05114115838661752,-0.1287123044631046,3.3703231811523438,0.7039076089859009,1.3112452030181885,0.24699266368723233,-0.687670891570764,4.3957133293151855,"{""loss"": 4.336679458618164, ""mape"": 4.336679458618164, ""mae"": 0.8953090310096741, ""val_loss"": 3.3703231811523438, ""val_mape"": 3.3703231811523438, ""val_mae"": 0.633530855178833, ""lr"": 1.0000000656873453e-05, ""val_mae12"": 1.0125223398208618, ""val_me"": 0.05114115838661752, ""val_me12"": -0.1287123044631046, ""mape_2021"": 4.3957133293151855, ""mae_2021"": 0.7039076089859009, ""mae12_2021"": 1.3112452030181885, ""me_2021"": 0.24699266368723233, ""me12_2021"": -0.687670891570764, ""epochs_trained"": 296}",2026-07-03T04:16:52.157158,completed
2,MAPE,48,0,leaky_relu,3,256,0.1,3.3178417682647705,0.6504765748977661,0.9328931570053101,0.09969882585650804,-0.21681095455566246,3.3178417682647705,0.6887170672416687,1.2538639307022095,0.2862677748976961,-0.7482176332191687,4.287032604217529,"{""loss"": 4.86524772644043, ""mape"": 4.86524772644043, ""mae"": 1.0342973470687866, ""val_loss"": 3.3178417682647705, ""val_mape"": 3.3178417682647705, ""val_mae"": 0.6504765748977661, ""lr"": 1.0000000656873453e-05, ""val_mae12"": 0.9328931570053101, ""val_me"": 0.09969882585650804, ""val_me12"": -0.21681095455566246, ""mape_2021"": 4.287032604217529, ""mae_2021"": 0.6887170672416687, ""mae12_2021"": 1.2538639307022095, ""me_2021"": 0.2862677748976961, ""me12_2021"": -0.7482176332191687, ""epochs_trained"": 296}",2026-07-03T04:16:52.607972,completed
2,MAPE,48,0,leaky_relu,3,256,0.3,3.795386791229248,0.8087222576141357,0.9358543157577515,0.4039963147184877,-0.3692261642184546,3.795386791229248,0.833430826663971,1.5293725728988647,0.5901693227536893,-1.0265115767691926,5.191071510314941,"{""loss"": 7.230571269989014, ""mape"": 7.230571269989014, ""mae"": 1.595304250717163, ""val_loss"": 3.795386791229248, ""val_mape"": 3.795386791229248, ""val_mae"": 0.8087222576141357, ""lr"": 0.00010000000474974513, ""val_mae12"": 0.9358543157577515, ""val_me"": 0.4039963147184877, ""val_me12"": -0.3692261642184546, ""mape_2021"": 5.191071510314941, ""mae_2021"": 0.833430826663971, ""mae12_2021"": 1.5293725728988647, ""me_2021"": 0.5901693227536893, ""me12_2021"": -1.0265115767691926, ""epochs_trained"": 246}",2026-07-03T04:16:59.966896,completed
2,MAPE,48,0,leaky_relu,3,128,0.05,3.594775676727295,0.6949558258056641,0.9263073801994324,0.024035434074513147,0.07542479501776851,3.594775676727295,0.7726602554321289,1.2435399293899536,0.24090507813001252,-0.515939481333114,4.673586368560791,"{""loss"": 5.396539688110352, ""mape"": 5.396539688110352, ""mae"": 1.1345967054367065, ""val_loss"": 3.594775676727295, ""val_mape"": 3.594775676727295, ""val_mae"": 0.6949558258056641, ""lr"": 1.0000000656873453e-05, ""val_mae12"": 0.9263073801994324, ""val_me"": 0.024035434074513147, ""val_me12"": 0.07542479501776851, ""mape_2021"": 4.673586368560791, ""mae_2021"": 0.7726602554321289, ""mae12_2021"": 1.2435399293899536, ""me_2021"": 0.24090507813001252, ""me12_2021"": -0.515939481333114, ""epochs_trained"": 1464}",2026-07-03T04:17:36.828708,completed
2,MAPE,48,0,selu,1,32,0.05,51.77531051635742,10.075790405273438,11.29914379119873,7.81526683584086,11.008055187489447,51.77531051635742,11.224543571472168,14.574097633361816,9.101921411234924,14.158272157370552,68.82015228271484,"{""loss"": 51.99912643432617, ""mape"": 51.99912643432617, ""mae"": 10.454362869262695, ""val_loss"": 51.77531051635742, ""val_mape"": 51.77531051635742, ""val_mae"": 10.075790405273438, ""lr"": 0.00010000000474974513, ""val_mae12"": 11.29914379119873, ""val_me"": 7.81526683584086, ""val_me12"": 11.008055187489447, ""mape_2021"": 68.82015228271484, ""mae_2021"": 11.224543571472168, ""mae12_2021"": 14.574097633361816, ""me_2021"": 9.101921411234924, ""me12_2021"": 14.158272157370552, ""epochs_trained"": 126}",2026-07-03T04:17:52.472320,completed
2,MAPE,48,0,selu,1,32,0.0,50.50141143798828,9.922649383544922,12.134294509887695,7.231302324785079,11.560205699800687,50.50141143798828,10.989758491516113,14.640007019042969,8.707805158597523,13.271880523593948,66.96221923828125,"{""loss"": 48.817874908447266, ""mape"": 48.817874908447266, ""mae"": 9.75571346282959, ""val_loss"": 50.50141143798828, ""val_mape"": 50.50141143798828, ""val_mae"": 9.922649383544922, ""lr"": 0.00010000000474974513, ""val_mae12"": 12.134294509887695, ""val_me"": 7.231302324785079, ""val_me12"": 11.560205699800687, ""mape_2021"": 66.96221923828125, ""mae_2021"": 10.989758491516113, ""mae12_2021"": 14.640007019042969, ""me_2021"": 8.707805158597523, ""me12_2021"": 13.271880523593948, ""epochs_trained"": 140}",2026-07-03T04:17:52.903570,completed
2,MAPE,48,0,selu,1,16,0.3,58.787818908691406,11.047897338867188,18.67354393005371,6.561376100257387,18.65203553026981,58.787818908691406,11.380694389343262,23.996845245361328,7.453112668672571,24.161156547548103,79.72464752197266,"{""loss"": 62.157989501953125, ""mape"": 62.157989501953125, ""mae"": 13.164251327514648, ""val_loss"": 58.787818908691406, ""val_mape"": 58.787818908691406, ""val_mae"": 11.047897338867188, ""lr"": 0.00010000000474974513, ""val_mae12"": 18.67354393005371, ""val_me"": 6.561376100257387, ""val_me12"": 18.65203553026981, ""mape_2021"": 79.72464752197266, ""mae_2021"": 11.380694389343262, ""mae12_2021"": 23.996845245361328, ""me_2021"": 7.453112668672571, ""me12_2021"": 24.161156547548103, ""epochs_trained"": 143}",2026-07-03T04:17:53.076556,completed
2,MAPE,48,0,selu,1,16,0.0,49.2177734375,9.665970802307129,11.561233520507812,7.255687407129287,11.113511852190005,49.2177734375,10.706604957580566,14.627252578735352,8.502796313004117,13.879489683700442,66.09724426269531,"{""loss"": 48.259647369384766, ""mape"": 48.259647369384766, ""mae"": 9.635418891906738, ""val_loss"": 49.2177734375, ""val_mape"": 49.2177734375, ""val_mae"": 9.665970802307129, ""lr"": 0.00010000000474974513, ""val_mae12"": 11.561233520507812, ""val_me"": 7.255687407129287, ""val_me12"": 11.113511852190005, ""mape_2021"": 66.09724426269531, ""mae_2021"": 10.706604957580566, ""mae12_2021"": 14.627252578735352, ""me_2021"": 8.502796313004117, ""me12_2021"": 13.879489683700442, ""epochs_trained"": 201}",2026-07-03T04:17:55.218919,completed
2,MAPE,48,0,selu,1,16,0.1,48.14476013183594,9.189301490783691,13.245810508728027,6.08420487018066,13.16838230305285,48.14476013183594,10.054366111755371,15.054591178894043,7.401062896392906,14.928661682245417,63.14945602416992,"{""loss"": 51.145477294921875, ""mape"": 51.145477294921875, ""mae"": 10.399277687072754, ""val_loss"": 48.14476013183594, ""val_mape"": 48.14476013183594, ""val_mae"": 9.189301490783691, ""lr"": 0.00010000000474974513, ""val_mae12"": 13.245810508728027, ""val_me"": 6.08420487018066, ""val_me12"": 13.16838230305285, ""mape_2021"": 63.14945602416992, ""mae_2021"": 10.054366111755371, ""mae12_2021"": 15.054591178894043, ""me_2021"": 7.401062896392906, ""me12_2021"": 14.928661682245417, ""epochs_trained"": 221}",2026-07-03T04:17:56.005533,completed
2,MAPE,48,0,selu,1,32,0.3,102.627685546875,25.17312240600586,2.8085196018218994,24.710418030918397,0.41857493875504054,102.627685546875,23.13610076904297,4.871065139770508,22.751183063440756,2.8120671182137444,100.1519546508789,"{""loss"": 93.53868103027344, ""mape"": 93.53868103027344, ""mae"": 23.177536010742188, ""val_loss"": 102.627685546875, ""val_mape"": 102.627685546875, ""val_mae"": 25.17312240600586, ""lr"": 0.00010000000474974513, ""val_mae12"": 2.8085196018218994, ""val_me"": 24.710418030918397, ""val_me12"": 0.41857493875504054, ""mape_2021"": 100.1519546508789, ""mae_2021"": 23.13610076904297, ""mae12_2021"": 4.871065139770508, ""me_2021"": 22.751183063440756, ""me12_2021"": 2.8120671182137444, ""epochs_trained"": 26}",2026-07-03T04:17:57.333556,completed
2,MAPE,48,0,selu,1,64,0.3,99.35125732421875,24.627273559570312,3.0971436500549316,24.302178806052897,-0.487285834980852,99.35125732421875,22.819026947021484,4.912934303283691,22.471409760254133,2.0325878623829445,98.80021667480469,"{""loss"": 93.04570007324219, ""mape"": 93.04570007324219, ""mae"": 23.061954498291016, ""val_loss"": 99.35125732421875, ""val_mape"": 99.35125732421875, ""val_mae"": 24.627273559570312, ""lr"": 0.00010000000474974513, ""val_mae12"": 3.0971436500549316, ""val_me"": 24.302178806052897, ""val_me12"": -0.487285834980852, ""mape_2021"": 98.80021667480469, ""mae_2021"": 22.819026947021484, ""mae12_2021"": 4.912934303283691, ""me_2021"": 22.471409760254133, ""me12_2021"": 2.0325878623829445, ""epochs_trained"": 29}",2026-07-03T04:18:03.247735,completed
2,MAPE,48,0,selu,1,64,0.05,51.12832260131836,9.912148475646973,11.511458396911621,7.739629864738694,11.032610602099389,51.12832260131836,11.245945930480957,14.873745918273926,9.098931188161075,13.978527524662852,69.21742248535156,"{""loss"": 50.737422943115234, ""mape"": 50.737422943115234, ""mae"": 10.185773849487305, ""val_loss"": 51.12832260131836, ""val_mape"": 51.12832260131836, ""val_mae"": 9.912148475646973, ""lr"": 0.00010000000474974513, ""val_mae12"": 11.511458396911621, ""val_me"": 7.739629864738694, ""val_me12"": 11.032610602099389, ""mape_2021"": 69.21742248535156, ""mae_2021"": 11.245945930480957, ""mae12_2021"": 14.873745918273926, ""me_2021"": 9.098931188161075, ""me12_2021"": 13.978527524662852, ""epochs_trained"": 118}",2026-07-03T04:18:04.667724,completed
2,MAPE,48,0,selu,1,64,0.1,54.56850051879883,10.591728210449219,12.083020210266113,7.359357609203156,11.614208714706962,54.56850051879883,10.989354133605957,14.972759246826172,8.715011924382514,14.18964395946215,67.97156524658203,"{""loss"": 51.63541793823242, ""mape"": 51.63541793823242, ""mae"": 10.31900405883789, ""val_loss"": 54.56850051879883, ""val_mape"": 54.56850051879883, ""val_mae"": 10.591728210449219, ""lr"": 0.00010000000474974513, ""val_mae12"": 12.083020210266113, ""val_me"": 7.359357609203156, ""val_me12"": 11.614208714706962, ""mape_2021"": 67.97156524658203, ""mae_2021"": 10.989354133605957, ""mae12_2021"": 14.972759246826172, ""me_2021"": 8.715011924382514, ""me12_2021"": 14.18964395946215, ""epochs_trained"": 120}",2026-07-03T04:18:05.446243,completed
2,MAPE,48,0,selu,1,16,0.05,7.33012056350708,1.552962303161621,1.3300046920776367,-0.8694939397829042,1.172068911767711,7.33012056350708,1.4931195974349976,1.2118492126464844,-0.496447774892326,0.2834773662284066,7.355081081390381,"{""loss"": 9.810505867004395, ""mape"": 9.810505867004395, ""mae"": 2.198350191116333, ""val_loss"": 7.33012056350708, ""val_mape"": 7.33012056350708, ""val_mae"": 1.552962303161621, ""lr"": 0.00010000000474974513, ""val_mae12"": 1.3300046920776367, ""val_me"": -0.8694939397829042, ""val_me12"": 1.172068911767711, ""mape_2021"": 7.355081081390381, ""mae_2021"": 1.4931195974349976, ""mae12_2021"": 1.2118492126464844, ""me_2021"": -0.496447774892326, ""me12_2021"": 0.2834773662284066, ""epochs_trained"": 1072}",2026-07-03T04:18:27.292420,completed
2,MAPE,48,0,selu,1,32,0.1,51.47561264038086,9.888018608093262,13.33099365234375,6.9304004784560655,13.166185758379592,51.47561264038086,10.925041198730469,16.034610748291016,8.274820042862167,15.737798910707848,68.56674194335938,"{""loss"": 54.031551361083984, ""mape"": 54.031551361083984, ""mae"": 11.063230514526367, ""val_loss"": 51.47561264038086, ""val_mape"": 51.47561264038086, ""val_mae"": 9.888018608093262, ""lr"": 1.0000000656873453e-05, ""val_mae12"": 13.33099365234375, ""val_me"": 6.9304004784560655, ""val_me12"": 13.166185758379592, ""mape_2021"": 68.56674194335938, ""mae_2021"": 10.925041198730469, ""mae12_2021"": 16.034610748291016, ""me_2021"": 8.274820042862167, ""me12_2021"": 15.737798910707848, ""epochs_trained"": 971}",2026-07-03T04:18:31.646772,completed
2,MAPE,48,0,selu,1,64,0.0,3.3882827758789062,0.6775704622268677,0.8363574147224426,0.10545204322785678,-0.08290855941791457,3.3882827758789062,0.7470470666885376,1.1700751781463623,0.27088476770754755,-0.7674016878190366,4.592874050140381,"{""loss"": 3.2681214809417725, ""mape"": 3.2681214809417725, ""mae"": 0.6610490679740906, ""val_loss"": 3.3882827758789062, ""val_mape"": 3.3882827758789062, ""val_mae"": 0.6775704622268677, ""lr"": 1.0000000656873453e-05, ""val_mae12"": 0.8363574147224426, ""val_me"": 0.10545204322785678, ""val_me12"": -0.08290855941791457, ""mape_2021"": 4.592874050140381, ""mae_2021"": 0.7470470666885376, ""mae12_2021"": 1.1700751781463623, ""me_2021"": 0.27088476770754755, ""me12_2021"": -0.7674016878190366, ""epochs_trained"": 1379}",2026-07-03T04:18:43.860395,completed
2,MAPE,48,0,selu,1,128,0.3,98.34739685058594,24.117523193359375,2.8089606761932373,24.025814440779985,-0.6953027124725784,98.34739685058594,22.672941207885742,4.538872718811035,22.363890144524934,1.6402895431094193,98.2503662109375,"{""loss"": 91.7294692993164, ""mape"": 91.7294692993164, ""mae"": 22.680143356323242, ""val_loss"": 98.34739685058594, ""val_mape"": 98.34739685058594, ""val_mae"": 24.117523193359375, ""lr"": 0.00010000000474974513, ""val_mae12"": 2.8089606761932373, ""val_me"": 24.025814440779985, ""val_me12"": -0.6953027124725784, ""mape_2021"": 98.2503662109375, ""mae_2021"": 22.672941207885742, ""mae12_2021"": 4.538872718811035, ""me_2021"": 22.363890144524934, ""me12_2021"": 1.6402895431094193, ""epochs_trained"": 28}",2026-07-03T04:18:59.952157,completed
2,MAPE,48,0,selu,1,128,0.05,51.99503707885742,10.05947494506836,10.20147705078125,8.194095382519778,9.575374350976267,51.99503707885742,11.609771728515625,13.493978500366211,9.642626012459667,12.32514805676049,69.96833038330078,"{""loss"": 50.44189453125, ""mape"": 50.44189453125, ""mae"": 10.115806579589844, ""val_loss"": 51.99503707885742, ""val_mape"": 51.99503707885742, ""val_mae"": 10.05947494506836, ""lr"": 0.00010000000474974513, ""val_mae12"": 10.20147705078125, ""val_me"": 8.194095382519778, ""val_me12"": 9.575374350976267, ""mape_2021"": 69.96833038330078, ""mae_2021"": 11.609771728515625, ""mae12_2021"": 13.493978500366211, ""me_2021"": 9.642626012459667, ""me12_2021"": 12.32514805676049, ""epochs_trained"": 99}",2026-07-03T04:19:06.200324,completed
2,MAPE,48,0,selu,1,128,0.1,54.520774841308594,10.57135009765625,10.134769439697266,7.927096379372549,9.618745319832362,54.520774841308594,11.266396522521973,12.949426651000977,9.383327160445381,11.816447003277974,67.45249938964844,"{""loss"": 50.42485046386719, ""mape"": 50.42485046386719, ""mae"": 10.102015495300293, ""val_loss"": 54.520774841308594, ""val_mape"": 54.520774841308594, ""val_mae"": 10.57135009765625, ""lr"": 0.00010000000474974513, ""val_mae12"": 10.134769439697266, ""val_me"": 7.927096379372549, ""val_me12"": 9.618745319832362, ""mape_2021"": 67.45249938964844, ""mae_2021"": 11.266396522521973, ""mae12_2021"": 12.949426651000977, ""me_2021"": 9.383327160445381, ""me12_2021"": 11.816447003277974, ""epochs_trained"": 104}",2026-07-03T04:19:06.387879,completed
2,MAPE,48,0,selu,1,256,0.1,47.71870803833008,9.276786804199219,9.234328269958496,6.940529262633866,8.934528630094372,47.71870803833008,10.746501922607422,11.102837562561035,8.590850065219682,10.106576313281009,63.15351867675781,"{""loss"": 45.63031005859375, ""mape"": 45.63031005859375, ""mae"": 9.175883293151855, ""val_loss"": 47.71870803833008, ""val_mape"": 47.71870803833008, ""val_mae"": 9.276786804199219, ""lr"": 0.00010000000474974513, ""val_mae12"": 9.234328269958496, ""val_me"": 6.940529262633866, ""val_me12"": 8.934528630094372, ""mape_2021"": 63.15351867675781, ""mae_2021"": 10.746501922607422, ""mae12_2021"": 11.102837562561035, ""me_2021"": 8.590850065219682, ""me12_2021"": 10.106576313281009, ""epochs_trained"": 98}",2026-07-03T04:19:18.081895,completed
2,MAPE,48,0,selu,1,256,0.05,10.749207496643066,2.4425716400146484,1.0856064558029175,-2.1996303185262764,0.8452298313249635,10.749207496643066,1.9723739624023438,1.0706384181976318,-1.5563158747852193,-0.1765420939264977,8.67264175415039,"{""loss"": 9.990601539611816, ""mape"": 9.990601539611816, ""mae"": 1.7997045516967773, ""val_loss"": 10.749207496643066, ""val_mape"": 10.749207496643066, ""val_mae"": 2.4425716400146484, ""lr"": 0.00010000000474974513, ""val_mae12"": 1.0856064558029175, ""val_me"": -2.1996303185262764, ""val_me12"": 0.8452298313249635, ""mape_2021"": 8.67264175415039, ""mae_2021"": 1.9723739624023438, ""mae12_2021"": 1.0706384181976318, ""me_2021"": -1.5563158747852193, ""me12_2021"": -0.1765420939264977, ""epochs_trained"": 335}",2026-07-03T04:19:27.683484,completed
2,MAPE,48,0,selu,2,16,0.05,52.24913787841797,10.221138954162598,11.115604400634766,7.041430909180296,10.921361160926498,52.24913787841797,10.505508422851562,15.277094841003418,8.147978653599289,15.288079853668869,66.68183135986328,"{""loss"": 53.142398834228516, ""mape"": 53.142398834228516, ""mae"": 10.715925216674805, ""val_loss"": 52.24913787841797, ""val_mape"": 52.24913787841797, ""val_mae"": 10.221138954162598, ""lr"": 0.00010000000474974513, ""val_mae12"": 11.115604400634766, ""val_me"": 7.041430909180296, ""val_me12"": 10.921361160926498, ""mape_2021"": 66.68183135986328, ""mae_2021"": 10.505508422851562, ""mae12_2021"": 15.277094841003418, ""me_2021"": 8.147978653599289, ""me12_2021"": 15.288079853668869, ""epochs_trained"": 95}",2026-07-03T04:19:34.101234,completed
2,MAPE,48,0,selu,2,16,0.3,93.7751693725586,22.53681182861328,4.002593040466309,22.768277853713318,3.5870568753888312,93.7751693725586,21.440288543701172,6.282123565673828,20.829381272255883,5.844397869632813,93.99161529541016,"{""loss"": 90.21758270263672, ""mape"": 90.21758270263672, ""mae"": 22.323381423950195, ""val_loss"": 93.7751693725586, ""val_mape"": 93.7751693725586, ""val_mae"": 22.53681182861328, ""lr"": 0.00010000000474974513, ""val_mae12"": 4.002593040466309, ""val_me"": 22.768277853713318, ""val_me12"": 3.5870568753888312, ""mape_2021"": 93.99161529541016, ""mae_2021"": 21.440288543701172, ""mae12_2021"": 6.282123565673828, ""me_2021"": 20.829381272255883, ""me12_2021"": 5.844397869632813, ""epochs_trained"": 45}",2026-07-03T04:19:44.599009,completed
2,MAPE,48,0,selu,2,16,0.1,42.374691009521484,8.422863006591797,12.187509536743164,4.197370600674519,12.196667890252973,42.374691009521484,8.11308479309082,15.106417655944824,5.237247195993909,15.212758778679763,53.84954833984375,"{""loss"": 44.762779235839844, ""mape"": 44.762779235839844, ""mae"": 9.451294898986816, ""val_loss"": 42.374691009521484, ""val_mape"": 42.374691009521484, ""val_mae"": 8.422863006591797, ""lr"": 0.00010000000474974513, ""val_mae12"": 12.187509536743164, ""val_me"": 4.197370600674519, ""val_me12"": 12.196667890252973, ""mape_2021"": 53.84954833984375, ""mae_2021"": 8.11308479309082, ""mae12_2021"": 15.106417655944824, ""me_2021"": 5.237247195993909, ""me12_2021"": 15.212758778679763, ""epochs_trained"": 145}",2026-07-03T04:19:45.738913,completed
2,MAPE,48,0,selu,1,128,0.0,3.527493715286255,0.7074891924858093,0.8322670459747314,0.0083082012141359,0.09812045723632458,3.527493715286255,0.7477731108665466,0.8720752596855164,0.1895144849601382,-0.3126408602809967,4.284721374511719,"{""loss"": 3.53098464012146, ""mape"": 3.53098464012146, ""mae"": 0.7159901261329651, ""val_loss"": 3.527493715286255, ""val_mape"": 3.527493715286255, ""val_mae"": 0.7074891924858093, ""lr"": 0.00010000000474974513, ""val_mae12"": 0.8322670459747314, ""val_me"": 0.0083082012141359, ""val_me12"": 0.09812045723632458, ""mape_2021"": 4.284721374511719, ""mae_2021"": 0.7477731108665466, ""mae12_2021"": 0.8720752596855164, ""me_2021"": 0.1895144849601382, ""me12_2021"": -0.3126408602809967, ""epochs_trained"": 642}",2026-07-03T04:19:49.643598,completed
2,MAPE,48,0,selu,1,256,0.3,53.83466720581055,10.445566177368164,14.282472610473633,6.538327415107273,14.08484912260121,53.83466720581055,11.145076751708984,16.44410514831543,8.050914086014103,15.968679586752206,70.10624694824219,"{""loss"": 60.84716796875, ""mape"": 60.84716796875, ""mae"": 13.220375061035156, ""val_loss"": 53.83466720581055, ""val_mape"": 53.83466720581055, ""val_mae"": 10.445566177368164, ""lr"": 1.0000000656873453e-05, ""val_mae12"": 14.282472610473633, ""val_me"": 6.538327415107273, ""val_me12"": 14.08484912260121, ""mape_2021"": 70.10624694824219, ""mae_2021"": 11.145076751708984, ""mae12_2021"": 16.44410514831543, ""me_2021"": 8.050914086014103, ""me12_2021"": 15.968679586752206, ""epochs_trained"": 456}",2026-07-03T04:19:50.176829,completed
2,MAPE,48,0,selu,1,256,0.0,3.2797842025756836,0.6563770174980164,0.7757814526557922,0.03683870694180373,0.14305450012786927,3.2797842025756836,0.7178205847740173,0.83705073595047,0.254903215586845,-0.34197391047129533,4.181454181671143,"{""loss"": 3.2161598205566406, ""mape"": 3.2161598205566406, ""mae"": 0.6481375694274902, ""val_loss"": 3.2797842025756836, ""val_mape"": 3.2797842025756836, ""val_mae"": 0.6563770174980164, ""lr"": 1.0000000656873453e-05, ""val_mae12"": 0.7757814526557922, ""val_me"": 0.03683870694180373, ""val_me12"": 0.14305450012786927, ""mape_2021"": 4.181454181671143, ""mae_2021"": 0.7178205847740173, ""mae12_2021"": 0.83705073595047, ""me_2021"": 0.254903215586845, ""me12_2021"": -0.34197391047129533, ""epochs_trained"": 690}",2026-07-03T04:19:51.660129,completed
2,MAPE,48,0,selu,2,16,0.0,3.1586482524871826,0.6215264201164246,0.8444971442222595,0.02057529097687627,-0.11246496890871474,3.1586482524871826,0.6856984496116638,0.8584191799163818,0.15290303228737578,-0.26918334667488997,3.9215688705444336,"{""loss"": 3.2659482955932617, ""mape"": 3.2659482955932617, ""mae"": 0.6484454870223999, ""val_loss"": 3.1586482524871826, ""val_mape"": 3.1586482524871826, ""val_mae"": 0.6215264201164246, ""lr"": 0.00010000000474974513, ""val_mae12"": 0.8444971442222595, ""val_me"": 0.02057529097687627, ""val_me12"": -0.11246496890871474, ""mape_2021"": 3.9215688705444336, ""mae_2021"": 0.6856984496116638, ""mae12_2021"": 0.8584191799163818, ""me_2021"": 0.15290303228737578, ""me12_2021"": -0.26918334667488997, ""epochs_trained"": 925}",2026-07-03T04:20:03.567009,completed
3,MAPE,48,0,leaky_relu,1,128,0.1,46.53422927856445,9.207498550415039,9.364448547363281,7.377356686032611,9.100173181394316,46.53422927856445,10.465267181396484,12.754070281982422,8.532159158695213,12.3756559869024,63.085750579833984,"{""loss"": 47.579673767089844, ""mape"": 47.579673767089844, ""mae"": 9.662086486816406, ""val_loss"": 46.53422927856445, ""val_mape"": 46.53422927856445, ""val_mae"": 9.207498550415039, ""lr"": 0.00010000000474974513, ""val_mae12"": 9.364448547363281, ""val_me"": 7.377356686032611, ""val_me12"": 9.100173181394316, ""mape_2021"": 63.085750579833984, ""mae_2021"": 10.465267181396484, ""mae12_2021"": 12.754070281982422, ""me_2021"": 8.532159158695213, ""me12_2021"": 12.3756559869024, ""epochs_trained"": 75}",2026-07-03T04:20:21.771642,completed
3,MAPE,48,0,leaky_relu,1,256,0.05,46.593406677246094,9.394148826599121,10.762248992919922,6.207696128095597,10.52596841753267,46.593406677246094,10.161330223083496,13.776561737060547,7.487137462923987,13.431178804054916,62.17179489135742,"{""loss"": 45.6627197265625, ""mape"": 45.6627197265625, ""mae"": 9.2902193069458, ""val_loss"": 46.593406677246094, ""val_mape"": 46.593406677246094, ""val_mae"": 9.394148826599121, ""lr"": 0.00010000000474974513, ""val_mae12"": 10.762248992919922, ""val_me"": 6.207696128095597, ""val_me12"": 10.52596841753267, ""mape_2021"": 62.17179489135742, ""mae_2021"": 10.161330223083496, ""mae12_2021"": 13.776561737060547, ""me_2021"": 7.487137462923987, ""me12_2021"": 13.431178804054916, ""epochs_trained"": 80}",2026-07-03T04:20:21.913667,completed
3,MAPE,48,0,leaky_relu,1,128,0.0,46.5322265625,9.310481071472168,10.945266723632812,6.347213447900635,10.721015817229306,46.5322265625,10.15323257446289,13.887335777282715,7.596960742933437,13.519326989555308,62.25604248046875,"{""loss"": 45.42191696166992, ""mape"": 45.42191696166992, ""mae"": 9.209953308105469, ""val_loss"": 46.5322265625, ""val_mape"": 46.5322265625, ""val_mae"": 9.310481071472168, ""lr"": 0.00010000000474974513, ""val_mae12"": 10.945266723632812, ""val_me"": 6.347213447900635, ""val_me12"": 10.721015817229306, ""mape_2021"": 62.25604248046875, ""mae_2021"": 10.15323257446289, ""mae12_2021"": 13.887335777282715, ""me_2021"": 7.596960742933437, ""me12_2021"": 13.519326989555308, ""epochs_trained"": 99}",2026-07-03T04:20:22.810362,completed
3,MAPE,48,0,leaky_relu,1,128,0.05,46.57040023803711,9.16401195526123,10.780777931213379,6.2182527973320445,10.627427906059623,46.57040023803711,10.174854278564453,13.757225036621094,7.49313947121063,13.574846075898579,62.40644073486328,"{""loss"": 47.0811653137207, ""mape"": 47.0811653137207, ""mae"": 9.515236854553223, ""val_loss"": 46.57040023803711, ""val_mape"": 46.57040023803711, ""val_mae"": 9.16401195526123, ""lr"": 1.0000000656873453e-05, ""val_mae12"": 10.780777931213379, ""val_me"": 6.2182527973320445, ""val_me12"": 10.627427906059623, ""mape_2021"": 62.40644073486328, ""mae_2021"": 10.174854278564453, ""mae12_2021"": 13.757225036621094, ""me_2021"": 7.49313947121063, ""me12_2021"": 13.574846075898579, ""epochs_trained"": 104}",2026-07-03T04:20:23.215058,completed
3,MAPE,48,0,leaky_relu,2,16,0.0,47.22907257080078,9.13858413696289,9.127338409423828,7.277767814156119,9.09368523574654,47.22907257080078,10.363672256469727,12.576244354248047,8.42338213220256,12.500314371711186,62.845821380615234,"{""loss"": 47.25425338745117, ""mape"": 47.25425338745117, ""mae"": 9.375306129455566, ""val_loss"": 47.22907257080078, ""val_mape"": 47.22907257080078, ""val_mae"": 9.13858413696289, ""lr"": 0.00010000000474974513, ""val_mae12"": 9.127338409423828, ""val_me"": 7.277767814156119, ""val_me12"": 9.09368523574654, ""mape_2021"": 62.845821380615234, ""mae_2021"": 10.363672256469727, ""mae12_2021"": 12.576244354248047, ""me_2021"": 8.42338213220256, ""me12_2021"": 12.500314371711186, ""epochs_trained"": 112}",2026-07-03T04:20:39.871607,completed
3,MAPE,48,0,leaky_relu,1,256,0.3,45.10749816894531,9.033122062683105,9.584210395812988,7.088692829207236,9.226899311564129,45.10749816894531,10.04413890838623,11.5487699508667,8.293554849940906,10.572872882897716,58.621822357177734,"{""loss"": 46.308692932128906, ""mape"": 46.308692932128906, ""mae"": 9.490180969238281, ""val_loss"": 45.10749816894531, ""val_mape"": 45.10749816894531, ""val_mae"": 9.033122062683105, ""lr"": 1.0000000656873453e-05, ""val_mae12"": 9.584210395812988, ""val_me"": 7.088692829207236, ""val_me12"": 9.226899311564129, ""mape_2021"": 58.621822357177734, ""mae_2021"": 10.04413890838623, ""mae12_2021"": 11.5487699508667, ""me_2021"": 8.293554849940906, ""me12_2021"": 10.572872882897716, ""epochs_trained"": 146}",2026-07-03T04:20:40.582555,completed
3,MAPE,48,0,leaky_relu,2,16,0.05,46.12324523925781,9.36774730682373,9.354636192321777,6.989596808894061,9.186324149835286,46.12324523925781,10.15762710571289,12.348119735717773,8.174257846148171,12.055577407538399,60.978084564208984,"{""loss"": 48.95302963256836, ""mape"": 48.95302963256836, ""mae"": 10.002176284790039, ""val_loss"": 46.12324523925781, ""val_mape"": 46.12324523925781, ""val_mae"": 9.36774730682373, ""lr"": 0.00010000000474974513, ""val_mae12"": 9.354636192321777, ""val_me"": 6.989596808894061, ""val_me12"": 9.186324149835286, ""mape_2021"": 60.978084564208984, ""mae_2021"": 10.15762710571289, ""mae12_2021"": 12.348119735717773, ""me_2021"": 8.174257846148171, ""me12_2021"": 12.055577407538399, ""epochs_trained"": 147}",2026-07-03T04:20:43.036103,completed
3,MAPE,48,0,leaky_relu,2,16,0.1,46.48424530029297,9.45553207397461,9.481253623962402,7.1743534667625335,9.07881114360543,46.48424530029297,10.165373802185059,12.606245040893555,8.280200198950096,11.940214233523777,61.11001205444336,"{""loss"": 48.978641510009766, ""mape"": 48.978641510009766, ""mae"": 10.136472702026367, ""val_loss"": 46.48424530029297, ""val_mape"": 46.48424530029297, ""val_mae"": 9.45553207397461, ""lr"": 0.00010000000474974513, ""val_mae12"": 9.481253623962402, ""val_me"": 7.1743534667625335, ""val_me12"": 9.07881114360543, ""mape_2021"": 61.11001205444336, ""mae_2021"": 10.165373802185059, ""mae12_2021"": 12.606245040893555, ""me_2021"": 8.280200198950096, ""me12_2021"": 11.940214233523777, ""epochs_trained"": 121}",2026-07-03T04:20:54.914163,completed
3,MAPE,48,0,leaky_relu,1,128,0.3,3.841458797454834,0.7262922525405884,1.2627640962600708,0.17162136366718314,0.20060776296863503,3.841458797454834,0.7983776926994324,1.5512579679489136,0.3564942448709465,-0.6423642020854082,5.145198345184326,"{""loss"": 8.028266906738281, ""mape"": 8.028266906738281, ""mae"": 1.7540850639343262, ""val_loss"": 3.841458797454834, ""val_mape"": 3.841458797454834, ""val_mae"": 0.7262922525405884, ""lr"": 1.0000000656873453e-05, ""val_mae12"": 1.2627640962600708, ""val_me"": 0.17162136366718314, ""val_me12"": 0.20060776296863503, ""mape_2021"": 5.145198345184326, ""mae_2021"": 0.7983776926994324, ""mae12_2021"": 1.5512579679489136, ""me_2021"": 0.3564942448709465, ""me12_2021"": -0.6423642020854082, ""epochs_trained"": 829}",2026-07-03T04:21:15.923540,completed
3,MAPE,48,0,leaky_relu,1,256,0.1,3.2065353393554688,0.6143558025360107,0.9619032740592957,-0.017718566761142668,0.03958449810972517,3.2065353393554688,0.6549862027168274,1.2551838159561157,0.1869381344896966,-0.5970796840101984,4.300729274749756,"{""loss"": 4.151589393615723, ""mape"": 4.151589393615723, ""mae"": 0.8615262508392334, ""val_loss"": 3.2065353393554688, ""val_mape"": 3.2065353393554688, ""val_mae"": 0.6143558025360107, ""lr"": 0.00010000000474974513, ""val_mae12"": 0.9619032740592957, ""val_me"": -0.017718566761142668, ""val_me12"": 0.03958449810972517, ""mape_2021"": 4.300729274749756, ""mae_2021"": 0.6549862027168274, ""mae12_2021"": 1.2551838159561157, ""me_2021"": 0.1869381344896966, ""me12_2021"": -0.5970796840101984, ""epochs_trained"": 876}",2026-07-03T04:21:28.016511,completed
3,MAPE,48,0,leaky_relu,2,16,0.3,6.853121757507324,1.5154694318771362,1.2400847673416138,1.3360620630416613,-0.3305439646361496,6.853121757507324,1.6027618646621704,1.2160065174102783,1.5321747677156177,-0.5484470265788564,8.261215209960938,"{""loss"": 20.003767013549805, ""mape"": 20.003767013549805, ""mae"": 4.653632164001465, ""val_loss"": 6.853121757507324, ""val_mape"": 6.853121757507324, ""val_mae"": 1.5154694318771362, ""lr"": 0.00010000000474974513, ""val_mae12"": 1.2400847673416138, ""val_me"": 1.3360620630416613, ""val_me12"": -0.3305439646361496, ""mape_2021"": 8.261215209960938, ""mae_2021"": 1.6027618646621704, ""mae12_2021"": 1.2160065174102783, ""me_2021"": 1.5321747677156177, ""me12_2021"": -0.5484470265788564, ""epochs_trained"": 745}",2026-07-03T04:21:30.988633,completed
3,MAPE,48,0,leaky_relu,1,256,0.0,4.18474817276001,0.8688355088233948,0.997735857963562,0.20248650278759417,-0.21464738081212212,4.18474817276001,0.9503482580184937,1.3565125465393066,0.3874952744743156,-1.051962118476017,5.597664833068848,"{""loss"": 3.833937644958496, ""mape"": 3.833937644958496, ""mae"": 0.8222145438194275, ""val_loss"": 4.18474817276001, ""val_mape"": 4.18474817276001, ""val_mae"": 0.8688355088233948, ""lr"": 0.00010000000474974513, ""val_mae12"": 0.997735857963562, ""val_me"": 0.20248650278759417, ""val_me12"": -0.21464738081212212, ""mape_2021"": 5.597664833068848, ""mae_2021"": 0.9503482580184937, ""mae12_2021"": 1.3565125465393066, ""me_2021"": 0.3874952744743156, ""me12_2021"": -1.051962118476017, ""epochs_trained"": 1374}",2026-07-03T04:21:40.563862,completed
3,MAPE,48,0,leaky_relu,2,64,0.0,46.839691162109375,9.053705215454102,8.129063606262207,7.262848042152882,7.790055218976974,46.839691162109375,10.476061820983887,11.81524658203125,8.471174964312285,11.504074868486496,62.652000427246094,"{""loss"": 46.736328125, ""mape"": 46.736328125, ""mae"": 9.180906295776367, ""val_loss"": 46.839691162109375, ""val_mape"": 46.839691162109375, ""val_mae"": 9.053705215454102, ""lr"": 0.00010000000474974513, ""val_mae12"": 8.129063606262207, ""val_me"": 7.262848042152882, ""val_me12"": 7.790055218976974, ""mape_2021"": 62.652000427246094, ""mae_2021"": 10.476061820983887, ""mae12_2021"": 11.81524658203125, ""me_2021"": 8.471174964312285, ""me12_2021"": 11.504074868486496, ""epochs_trained"": 62}",2026-07-03T04:21:54.907198,completed
3,MAPE,48,0,leaky_relu,2,64,0.05,46.02024841308594,9.063043594360352,7.541271209716797,7.539527162268599,7.07327208111845,46.02024841308594,10.526928901672363,10.801872253417969,8.780291783545108,10.178452990931001,61.48661422729492,"{""loss"": 46.99501419067383, ""mape"": 46.99501419067383, ""mae"": 9.487138748168945, ""val_loss"": 46.02024841308594, ""val_mape"": 46.02024841308594, ""val_mae"": 9.063043594360352, ""lr"": 0.00010000000474974513, ""val_mae12"": 7.541271209716797, ""val_me"": 7.539527162268599, ""val_me12"": 7.07327208111845, ""mape_2021"": 61.48661422729492, ""mae_2021"": 10.526928901672363, ""mae12_2021"": 10.801872253417969, ""me_2021"": 8.780291783545108, ""me12_2021"": 10.178452990931001, ""epochs_trained"": 65}",2026-07-03T04:21:55.189757,completed
3,MAPE,48,0,leaky_relu,2,32,0.3,45.036949157714844,9.322466850280762,8.038993835449219,7.325733493110222,7.6682935088132975,45.036949157714844,10.202211380004883,10.833683967590332,8.527103417968323,10.198984166244172,59.42031478881836,"{""loss"": 51.64194869995117, ""mape"": 51.64194869995117, ""mae"": 10.999090194702148, ""val_loss"": 45.036949157714844, ""val_mape"": 45.036949157714844, ""val_mae"": 9.322466850280762, ""lr"": 0.00010000000474974513, ""val_mae12"": 8.038993835449219, ""val_me"": 7.325733493110222, ""val_me12"": 7.6682935088132975, ""mape_2021"": 59.42031478881836, ""mae_2021"": 10.202211380004883, ""mae12_2021"": 10.833683967590332, ""me_2021"": 8.527103417968323, ""me12_2021"": 10.198984166244172, ""epochs_trained"": 106}",2026-07-03T04:21:56.925725,completed
3,MAPE,48,0,leaky_relu,2,64,0.3,45.259891510009766,8.999724388122559,6.658605098724365,7.768450347883889,6.411838473880304,45.259891510009766,10.51135540008545,9.529450416564941,9.000130249320405,9.167804656463147,60.42704391479492,"{""loss"": 50.172218322753906, ""mape"": 50.172218322753906, ""mae"": 10.417257308959961, ""val_loss"": 45.259891510009766, ""val_mape"": 45.259891510009766, ""val_mae"": 8.999724388122559, ""lr"": 0.00010000000474974513, ""val_mae12"": 6.658605098724365, ""val_me"": 7.768450347883889, ""val_me12"": 6.411838473880304, ""mape_2021"": 60.42704391479492, ""mae_2021"": 10.51135540008545, ""mae12_2021"": 9.529450416564941, ""me_2021"": 9.000130249320405, ""me12_2021"": 9.167804656463147, ""epochs_trained"": 63}",2026-07-03T04:22:03.883490,completed
3,MAPE,48,0,leaky_relu,2,128,0.0,45.187686920166016,9.169212341308594,6.168431282043457,7.242494399460933,5.732371410978993,45.187686920166016,10.483254432678223,9.0227632522583,8.640016211419779,8.333608655171874,59.467247009277344,"{""loss"": 44.500240325927734, ""mape"": 44.500240325927734, ""mae"": 9.015557289123535, ""val_loss"": 45.187686920166016, ""val_mape"": 45.187686920166016, ""val_mae"": 9.169212341308594, ""lr"": 0.00010000000474974513, ""val_mae12"": 6.168431282043457, ""val_me"": 7.242494399460933, ""val_me12"": 5.732371410978993, ""mape_2021"": 59.467247009277344, ""mae_2021"": 10.483254432678223, ""mae12_2021"": 9.0227632522583, ""me_2021"": 8.640016211419779, ""me12_2021"": 8.333608655171874, ""epochs_trained"": 50}",2026-07-03T04:22:05.103442,completed
3,MAPE,48,0,leaky_relu,2,128,0.05,45.971717834472656,9.27487850189209,6.153019905090332,7.105332236780446,6.011726206233124,45.971717834472656,10.64298152923584,9.307662010192871,8.523718052792967,9.054492856875122,61.32187271118164,"{""loss"": 46.03778076171875, ""mape"": 46.03778076171875, ""mae"": 9.295736312866211, ""val_loss"": 45.971717834472656, ""val_mape"": 45.971717834472656, ""val_mae"": 9.27487850189209, ""lr"": 0.00010000000474974513, ""val_mae12"": 6.153019905090332, ""val_me"": 7.105332236780446, ""val_me12"": 6.011726206233124, ""mape_2021"": 61.32187271118164, ""mae_2021"": 10.64298152923584, ""mae12_2021"": 9.307662010192871, ""me_2021"": 8.523718052792967, ""me12_2021"": 9.054492856875122, ""epochs_trained"": 47}",2026-07-03T04:22:12.775718,completed
3,MAPE,48,0,leaky_relu,2,128,0.1,45.87099838256836,9.201874732971191,6.987200736999512,7.246160757539809,6.6074257720424585,45.87099838256836,10.530677795410156,10.559090614318848,8.527287896474865,10.053765055463883,61.69727325439453,"{""loss"": 46.50605010986328, ""mape"": 46.50605010986328, ""mae"": 9.373531341552734, ""val_loss"": 45.87099838256836, ""val_mape"": 45.87099838256836, ""val_mae"": 9.201874732971191, ""lr"": 0.00010000000474974513, ""val_mae12"": 6.987200736999512, ""val_me"": 7.246160757539809, ""val_me12"": 6.6074257720424585, ""mape_2021"": 61.69727325439453, ""mae_2021"": 10.530677795410156, ""mae12_2021"": 10.559090614318848, ""me_2021"": 8.527287896474865, ""me12_2021"": 10.053765055463883, ""epochs_trained"": 47}",2026-07-03T04:22:14.055139,completed
3,MAPE,48,0,leaky_relu,2,128,0.3,44.74424362182617,8.948851585388184,6.023626804351807,7.608508039940476,5.509736205283747,44.74424362182617,10.555339813232422,9.104455947875977,8.917470963471464,8.409958903694102,60.01922607421875,"{""loss"": 47.165618896484375, ""mape"": 47.165618896484375, ""mae"": 9.70215129852295, ""val_loss"": 44.74424362182617, ""val_mape"": 44.74424362182617, ""val_mae"": 8.948851585388184, ""lr"": 0.00010000000474974513, ""val_mae12"": 6.023626804351807, ""val_me"": 7.608508039940476, ""val_me12"": 5.509736205283747, ""mape_2021"": 60.01922607421875, ""mae_2021"": 10.555339813232422, ""mae12_2021"": 9.104455947875977, ""me_2021"": 8.917470963471464, ""me12_2021"": 8.409958903694102, ""epochs_trained"": 49}",2026-07-03T04:22:20.645686,completed
3,MAPE,48,0,leaky_relu,2,32,0.1,4.533280849456787,0.8887397050857544,1.5123977661132812,0.35960647135404084,-0.455889721619337,4.533280849456787,0.9830225706100464,1.5455389022827148,0.5825679369587331,-0.787802726186476,5.820687294006348,"{""loss"": 9.890107154846191, ""mape"": 9.890107154846191, ""mae"": 2.1667370796203613, ""val_loss"": 4.533280849456787, ""val_mape"": 4.533280849456787, ""val_mae"": 0.8887397050857544, ""lr"": 0.00010000000474974513, ""val_mae12"": 1.5123977661132812, ""val_me"": 0.35960647135404084, ""val_me12"": -0.455889721619337, ""mape_2021"": 5.820687294006348, ""mae_2021"": 0.9830225706100464, ""mae12_2021"": 1.5455389022827148, ""me_2021"": 0.5825679369587331, ""me12_2021"": -0.787802726186476, ""epochs_trained"": 584}",2026-07-03T04:22:24.053273,completed
3,MAPE,48,0,leaky_relu,2,32,0.05,3.5678298473358154,0.6994483470916748,1.0835838317871094,0.2506857250752342,-0.23733412023569825,3.5678298473358154,0.7752047181129456,1.3123772144317627,0.4410265821897388,-0.7248863976078403,4.763761520385742,"{""loss"": 6.620045185089111, ""mape"": 6.620045185089111, ""mae"": 1.449863076210022, ""val_loss"": 3.5678298473358154, ""val_mape"": 3.5678298473358154, ""val_mae"": 0.6994483470916748, ""lr"": 0.00010000000474974513, ""val_mae12"": 1.0835838317871094, ""val_me"": 0.2506857250752342, ""val_me12"": -0.23733412023569825, ""mape_2021"": 4.763761520385742, ""mae_2021"": 0.7752047181129456, ""mae12_2021"": 1.3123772144317627, ""me_2021"": 0.4410265821897388, ""me12_2021"": -0.7248863976078403, ""epochs_trained"": 806}",2026-07-03T04:22:33.279180,completed
3,MAPE,48,0,leaky_relu,2,32,0.0,4.014036178588867,0.8320364952087402,0.9547768831253052,0.10454243304465732,-0.09247356210018055,4.014036178588867,0.8220630288124084,1.119023323059082,0.2569327186739901,-0.6481141855914787,4.898608207702637,"{""loss"": 3.7773895263671875, ""mape"": 3.7773895263671875, ""mae"": 0.7741304039955139, ""val_loss"": 4.014036178588867, ""val_mape"": 4.014036178588867, ""val_mae"": 0.8320364952087402, ""lr"": 1.0000000656873453e-05, ""val_mae12"": 0.9547768831253052, ""val_me"": 0.10454243304465732, ""val_me12"": -0.09247356210018055, ""mape_2021"": 4.898608207702637, ""mae_2021"": 0.8220630288124084, ""mae12_2021"": 1.119023323059082, ""me_2021"": 0.2569327186739901, ""me12_2021"": -0.6481141855914787, ""epochs_trained"": 1036}",2026-07-03T04:22:41.191650,completed
3,MAPE,48,0,leaky_relu,2,64,0.1,15.29989242553711,2.958709716796875,4.139599323272705,1.1761462776764293,2.3928827197450553,15.29989242553711,3.4530582427978516,3.437230110168457,1.803832234002118,0.7562528567000171,17.942338943481445,"{""loss"": 18.637386322021484, ""mape"": 18.637386322021484, ""mae"": 3.7706797122955322, ""val_loss"": 15.29989242553711, ""val_mape"": 15.29989242553711, ""val_mae"": 2.958709716796875, ""lr"": 9.999999747378752e-06, ""val_mae12"": 4.139599323272705, ""val_me"": 1.1761462776764293, ""val_me12"": 2.3928827197450553, ""mape_2021"": 17.942338943481445, ""mae_2021"": 3.4530582427978516, ""mae12_2021"": 3.437230110168457, ""me_2021"": 1.803832234002118, ""me12_2021"": 0.7562528567000171, ""epochs_trained"": 1278}",2026-07-03T04:22:56.353244,completed
3,MAPE,48,0,leaky_relu,2,256,0.1,43.39617919921875,8.507343292236328,7.7960591316223145,7.197990915882673,7.654041098406346,43.39617919921875,9.66799545288086,10.009588241577148,8.235032283220347,9.616773466526968,55.63236618041992,"{""loss"": 42.7785758972168, ""mape"": 42.7785758972168, ""mae"": 8.560955047607422, ""val_loss"": 43.39617919921875, ""val_mape"": 43.39617919921875, ""val_mae"": 8.507343292236328, ""lr"": 1.0000000656873453e-05, ""val_mae12"": 7.7960591316223145, ""val_me"": 7.197990915882673, ""val_me12"": 7.654041098406346, ""mape_2021"": 55.63236618041992, ""mae_2021"": 9.66799545288086, ""mae12_2021"": 10.009588241577148, ""me_2021"": 8.235032283220347, ""me12_2021"": 9.616773466526968, ""epochs_trained"": 72}",2026-07-03T04:23:23.163065,completed
3,MAPE,48,0,leaky_relu,2,256,0.05,43.71864318847656,8.575536727905273,7.534033298492432,7.394239134862407,7.206634368665851,43.71864318847656,9.806453704833984,10.017851829528809,8.43624541629947,9.14968668115752,56.060218811035156,"{""loss"": 42.78275680541992, ""mape"": 42.78275680541992, ""mae"": 8.542085647583008, ""val_loss"": 43.71864318847656, ""val_mape"": 43.71864318847656, ""val_mae"": 8.575536727905273, ""lr"": 1.0000000656873453e-05, ""val_mae12"": 7.534033298492432, ""val_me"": 7.394239134862407, ""val_me12"": 7.206634368665851, ""mape_2021"": 56.060218811035156, ""mae_2021"": 9.806453704833984, ""mae12_2021"": 10.017851829528809, ""me_2021"": 8.43624541629947, ""me12_2021"": 9.14968668115752, ""epochs_trained"": 71}",2026-07-03T04:23:23.163065,completed
3,MAPE,48,0,leaky_relu,3,16,0.05,45.43583297729492,8.96867847442627,7.931431770324707,7.070039304116229,7.6677788957366095,45.43583297729492,10.32492733001709,11.450533866882324,8.293645402827256,11.154318455450571,61.46440124511719,"{""loss"": 49.68827819824219, ""mape"": 49.68827819824219, ""mae"": 10.15841293334961, ""val_loss"": 45.43583297729492, ""val_mape"": 45.43583297729492, ""val_mae"": 8.96867847442627, ""lr"": 0.00010000000474974513, ""val_mae12"": 7.931431770324707, ""val_me"": 7.070039304116229, ""val_me12"": 7.6677788957366095, ""mape_2021"": 61.46440124511719, ""mae_2021"": 10.32492733001709, ""mae12_2021"": 11.450533866882324, ""me_2021"": 8.293645402827256, ""me12_2021"": 11.154318455450571, ""epochs_trained"": 86}",2026-07-03T04:23:24.329108,completed
3,MAPE,48,0,leaky_relu,3,16,0.0,48.54722213745117,9.29057502746582,5.331767559051514,7.797832898675241,4.963548143729062,48.54722213745117,10.93503475189209,8.664337158203125,9.19116645375285,8.255634394214722,62.22264862060547,"{""loss"": 48.65704345703125, ""mape"": 48.65704345703125, ""mae"": 9.457796096801758, ""val_loss"": 48.54722213745117, ""val_mape"": 48.54722213745117, ""val_mae"": 9.29057502746582, ""lr"": 0.00010000000474974513, ""val_mae12"": 5.331767559051514, ""val_me"": 7.797832898675241, ""val_me12"": 4.963548143729062, ""mape_2021"": 62.22264862060547, ""mae_2021"": 10.93503475189209, ""mae12_2021"": 8.664337158203125, ""me_2021"": 9.19116645375285, ""me12_2021"": 8.255634394214722, ""epochs_trained"": 92}",2026-07-03T04:23:24.348625,completed
3,MAPE,48,0,leaky_relu,3,32,0.0,46.852752685546875,9.128661155700684,9.416908264160156,6.390013949326957,9.293374927537489,46.852752685546875,10.392167091369629,13.072927474975586,7.68400720114884,13.053706995020923,63.44373321533203,"{""loss"": 46.38405990600586, ""mape"": 46.38405990600586, ""mae"": 9.150129318237305, ""val_loss"": 46.852752685546875, ""val_mape"": 46.852752685546875, ""val_mae"": 9.128661155700684, ""lr"": 0.00010000000474974513, ""val_mae12"": 9.416908264160156, ""val_me"": 6.390013949326957, ""val_me12"": 9.293374927537489, ""mape_2021"": 63.44373321533203, ""mae_2021"": 10.392167091369629, ""mae12_2021"": 13.072927474975586, ""me_2021"": 7.68400720114884, ""me12_2021"": 13.053706995020923, ""epochs_trained"": 61}",2026-07-03T04:23:40.146940,completed
3,MAPE,48,0,leaky_relu,3,32,0.05,46.573341369628906,9.071417808532715,8.51972770690918,6.89588787456306,8.256541425617536,46.573341369628906,10.492332458496094,12.344754219055176,8.165792941353605,12.135929175254985,63.224361419677734,"{""loss"": 49.021358489990234, ""mape"": 49.021358489990234, ""mae"": 9.812504768371582, ""val_loss"": 46.573341369628906, ""val_mape"": 46.573341369628906, ""val_mae"": 9.071417808532715, ""lr"": 0.00010000000474974513, ""val_mae12"": 8.51972770690918, ""val_me"": 6.89588787456306, ""val_me12"": 8.256541425617536, ""mape_2021"": 63.224361419677734, ""mae_2021"": 10.492332458496094, ""mae12_2021"": 12.344754219055176, ""me_2021"": 8.165792941353605, ""me12_2021"": 12.135929175254985, ""epochs_trained"": 70}",2026-07-03T04:23:41.602923,completed
3,MAPE,48,0,leaky_relu,3,16,0.1,49.44626235961914,10.121683120727539,9.706785202026367,7.107110139132306,9.590645409441292,49.44626235961914,10.43319034576416,13.484333992004395,8.257731322644151,13.438966211603256,64.19696807861328,"{""loss"": 54.22120666503906, ""mape"": 54.22120666503906, ""mae"": 11.311662673950195, ""val_loss"": 49.44626235961914, ""val_mape"": 49.44626235961914, ""val_mae"": 10.121683120727539, ""lr"": 0.00010000000474974513, ""val_mae12"": 9.706785202026367, ""val_me"": 7.107110139132306, ""val_me12"": 9.590645409441292, ""mape_2021"": 64.19696807861328, ""mae_2021"": 10.43319034576416, ""mae12_2021"": 13.484333992004395, ""me_2021"": 8.257731322644151, ""me12_2021"": 13.438966211603256, ""epochs_trained"": 107}",2026-07-03T04:23:43.505231,completed
3,MAPE,48,0,leaky_relu,3,16,0.3,45.6948356628418,9.903470039367676,5.998749256134033,7.933197830314573,5.210536698999313,45.6948356628418,10.354574203491211,8.791848182678223,9.14536779509067,7.485852108215352,57.81199645996094,"{""loss"": 58.62797164916992, ""mape"": 58.62797164916992, ""mae"": 13.068029403686523, ""val_loss"": 45.6948356628418, ""val_mape"": 45.6948356628418, ""val_mae"": 9.903470039367676, ""lr"": 0.00010000000474974513, ""val_mae12"": 5.998749256134033, ""val_me"": 7.933197830314573, ""val_me12"": 5.210536698999313, ""mape_2021"": 57.81199645996094, ""mae_2021"": 10.354574203491211, ""mae12_2021"": 8.791848182678223, ""me_2021"": 9.14536779509067, ""me12_2021"": 7.485852108215352, ""epochs_trained"": 118}",2026-07-03T04:23:44.523151,completed
3,MAPE,48,0,leaky_relu,3,32,0.1,45.631656646728516,9.007692337036133,7.907539367675781,7.434921062181522,7.783887581773641,45.631656646728516,10.439340591430664,11.275294303894043,8.633117306555988,11.13903282222213,62.12237548828125,"{""loss"": 49.91716766357422, ""mape"": 49.91716766357422, ""mae"": 10.270771980285645, ""val_loss"": 45.631656646728516, ""val_mape"": 45.631656646728516, ""val_mae"": 9.007692337036133, ""lr"": 0.00010000000474974513, ""val_mae12"": 7.907539367675781, ""val_me"": 7.434921062181522, ""val_me12"": 7.783887581773641, ""mape_2021"": 62.12237548828125, ""mae_2021"": 10.439340591430664, ""mae12_2021"": 11.275294303894043, ""me_2021"": 8.633117306555988, ""me12_2021"": 11.13903282222213, ""epochs_trained"": 82}",2026-07-03T04:23:56.450561,completed
3,MAPE,48,0,leaky_relu,3,32,0.3,45.4088020324707,9.780318260192871,7.422427177429199,7.341457098028379,7.159566123490909,45.4088020324707,10.150492668151855,10.202587127685547,8.53774525535821,9.832218663817814,59.25568389892578,"{""loss"": 51.81513595581055, ""mape"": 51.81513595581055, ""mae"": 11.131364822387695, ""val_loss"": 45.4088020324707, ""val_mape"": 45.4088020324707, ""val_mae"": 9.780318260192871, ""lr"": 0.00010000000474974513, ""val_mae12"": 7.422427177429199, ""val_me"": 7.341457098028379, ""val_me12"": 7.159566123490909, ""mape_2021"": 59.25568389892578, ""mae_2021"": 10.150492668151855, ""mae12_2021"": 10.202587127685547, ""me_2021"": 8.53774525535821, ""me12_2021"": 9.832218663817814, ""epochs_trained"": 81}",2026-07-03T04:23:58.243469,completed
3,MAPE,48,0,leaky_relu,2,256,0.3,3.3928415775299072,0.6373198628425598,1.1017403602600098,0.07920959568080474,0.10525065981614838,3.3928415775299072,0.7188752889633179,1.4452794790267944,0.2648466508488321,-0.5107460203589615,4.689417362213135,"{""loss"": 6.59181022644043, ""mape"": 6.59181022644043, ""mae"": 1.443003535270691, ""val_loss"": 3.3928415775299072, ""val_mape"": 3.3928415775299072, ""val_mae"": 0.6373198628425598, ""lr"": 1.0000000656873453e-05, ""val_mae12"": 1.1017403602600098, ""val_me"": 0.07920959568080474, ""val_me12"": 0.10525065981614838, ""mape_2021"": 4.689417362213135, ""mae_2021"": 0.7188752889633179, ""mae12_2021"": 1.4452794790267944, ""me_2021"": 0.2648466508488321, ""me12_2021"": -0.5107460203589615, ""epochs_trained"": 470}",2026-07-03T04:24:02.916540,completed
3,MAPE,48,0,leaky_relu,2,256,0.0,3.2980732917785645,0.6542449593544006,0.8290234208106995,-0.00885176139058173,-0.10119069379623714,3.2980732917785645,0.692794919013977,1.023327350616455,0.16698219520170116,-0.5158276076920557,4.198612213134766,"{""loss"": 2.7958343029022217, ""mape"": 2.7958343029022217, ""mae"": 0.5779650211334229, ""val_loss"": 3.2980732917785645, ""val_mape"": 3.2980732917785645, ""val_mae"": 0.6542449593544006, ""lr"": 1.0000000656873453e-05, ""val_mae12"": 0.8290234208106995, ""val_me"": -0.00885176139058173, ""val_me12"": -0.10119069379623714, ""mape_2021"": 4.198612213134766, ""mae_2021"": 0.692794919013977, ""mae12_2021"": 1.023327350616455, ""me_2021"": 0.16698219520170116, ""me12_2021"": -0.5158276076920557, ""epochs_trained"": 556}",2026-07-03T04:24:05.752336,completed
3,MAPE,48,0,leaky_relu,3,64,0.05,46.517024993896484,9.392727851867676,7.6192145347595215,7.090346665907704,7.435458763627524,46.517024993896484,10.391617774963379,10.965845108032227,8.361102571108022,10.683957350732612,61.328250885009766,"{""loss"": 46.268733978271484, ""mape"": 46.268733978271484, ""mae"": 9.364487648010254, ""val_loss"": 46.517024993896484, ""val_mape"": 46.517024993896484, ""val_mae"": 9.392727851867676, ""lr"": 0.00010000000474974513, ""val_mae12"": 7.6192145347595215, ""val_me"": 7.090346665907704, ""val_me12"": 7.435458763627524, ""mape_2021"": 61.328250885009766, ""mae_2021"": 10.391617774963379, ""mae12_2021"": 10.965845108032227, ""me_2021"": 8.361102571108022, ""me12_2021"": 10.683957350732612, ""epochs_trained"": 52}",2026-07-03T04:24:25.713801,completed
3,MAPE,48,0,leaky_relu,3,64,0.0,47.4029655456543,9.50603199005127,8.299477577209473,6.755977434171901,8.139931724499979,47.4029655456543,10.436607360839844,11.726759910583496,8.066189774127198,11.602762974228632,62.41470718383789,"{""loss"": 46.08446502685547, ""mape"": 46.08446502685547, ""mae"": 9.200922966003418, ""val_loss"": 47.4029655456543, ""val_mape"": 47.4029655456543, ""val_mae"": 9.50603199005127, ""lr"": 0.00010000000474974513, ""val_mae12"": 8.299477577209473, ""val_me"": 6.755977434171901, ""val_me12"": 8.139931724499979, ""mape_2021"": 62.41470718383789, ""mae_2021"": 10.436607360839844, ""mae12_2021"": 11.726759910583496, ""me_2021"": 8.066189774127198, ""me12_2021"": 11.602762974228632, ""epochs_trained"": 57}",2026-07-03T04:24:26.065111,completed
3,MAPE,48,0,leaky_relu,3,128,0.1,43.266910552978516,8.548922538757324,9.023669242858887,6.8721355927400145,8.855511010463381,43.266910552978516,9.675699234008789,11.611882209777832,7.905977482850806,11.209000758808578,57.15260314941406,"{""loss"": 43.91966247558594, ""mape"": 43.91966247558594, ""mae"": 8.884199142456055, ""val_loss"": 43.266910552978516, ""val_mape"": 43.266910552978516, ""val_mae"": 8.548922538757324, ""lr"": 1.0000000656873453e-05, ""val_mae12"": 9.023669242858887, ""val_me"": 6.8721355927400145, ""val_me12"": 8.855511010463381, ""mape_2021"": 57.15260314941406, ""mae_2021"": 9.675699234008789, ""mae12_2021"": 11.611882209777832, ""me_2021"": 7.905977482850806, ""me12_2021"": 11.209000758808578, ""epochs_trained"": 77}",2026-07-03T04:24:50.331739,completed
3,MAPE,48,0,leaky_relu,3,64,0.3,3.999786853790283,0.830647349357605,0.927607536315918,0.4695731038473339,0.12814832970271461,3.999786853790283,0.9388311505317688,1.1962534189224243,0.6776743516958146,-0.44437790360323315,5.266075134277344,"{""loss"": 11.618914604187012, ""mape"": 11.618914604187012, ""mae"": 2.6596591472625732, ""val_loss"": 3.999786853790283, ""val_mape"": 3.999786853790283, ""val_mae"": 0.830647349357605, ""lr"": 0.00010000000474974513, ""val_mae12"": 0.927607536315918, ""val_me"": 0.4695731038473339, ""val_me12"": 0.12814832970271461, ""mape_2021"": 5.266075134277344, ""mae_2021"": 0.9388311505317688, ""mae12_2021"": 1.1962534189224243, ""me_2021"": 0.6776743516958146, ""me12_2021"": -0.44437790360323315, ""epochs_trained"": 377}",2026-07-03T04:25:11.203080,completed
3,MAPE,48,0,leaky_relu,3,64,0.1,3.872438430786133,0.7468673586845398,1.149269938468933,0.12321233983562074,0.08691874966000256,3.872438430786133,0.779292643070221,1.339820384979248,0.3293946028984671,-0.5878604202264387,4.806994438171387,"{""loss"": 7.728013515472412, ""mape"": 7.728013515472412, ""mae"": 1.6931829452514648, ""val_loss"": 3.872438430786133, ""val_mape"": 3.872438430786133, ""val_mae"": 0.7468673586845398, ""lr"": 0.00010000000474974513, ""val_mae12"": 1.149269938468933, ""val_me"": 0.12321233983562074, ""val_me12"": 0.08691874966000256, ""mape_2021"": 4.806994438171387, ""mae_2021"": 0.779292643070221, ""mae12_2021"": 1.339820384979248, ""me_2021"": 0.3293946028984671, ""me12_2021"": -0.5878604202264387, ""epochs_trained"": 396}",2026-07-03T04:25:14.094955,completed
3,MAPE,48,0,leaky_relu,3,128,0.3,4.060303211212158,0.8477430939674377,0.9866313338279724,0.3739323985766721,-0.002104471814863086,4.060303211212158,0.919609546661377,1.4341211318969727,0.5893164293768961,-0.636910705603875,5.27655553817749,"{""loss"": 9.598494529724121, ""mape"": 9.598494529724121, ""mae"": 2.136538505554199, ""val_loss"": 4.060303211212158, ""val_mape"": 4.060303211212158, ""val_mae"": 0.8477430939674377, ""lr"": 0.00010000000474974513, ""val_mae12"": 0.9866313338279724, ""val_me"": 0.3739323985766721, ""val_me12"": -0.002104471814863086, ""mape_2021"": 5.27655553817749, ""mae_2021"": 0.919609546661377, ""mae12_2021"": 1.4341211318969727, ""me_2021"": 0.5893164293768961, ""me12_2021"": -0.636910705603875, ""epochs_trained"": 286}",2026-07-03T04:25:18.460619,completed
3,MAPE,48,0,leaky_relu,3,128,0.0,3.771639108657837,0.7671611905097961,0.9044232368469238,-0.09683019940001596,-0.10283624580975156,3.771639108657837,0.7456765174865723,1.0089740753173828,0.1281547633295168,-0.5652578008818632,4.4555535316467285,"{""loss"": 3.0943238735198975, ""mape"": 3.0943238735198975, ""mae"": 0.6353907585144043, ""val_loss"": 3.771639108657837, ""val_mape"": 3.771639108657837, ""val_mae"": 0.7671611905097961, ""lr"": 1.0000000656873453e-05, ""val_mae12"": 0.9044232368469238, ""val_me"": -0.09683019940001596, ""val_me12"": -0.10283624580975156, ""mape_2021"": 4.4555535316467285, ""mae_2021"": 0.7456765174865723, ""mae12_2021"": 1.0089740753173828, ""me_2021"": 0.1281547633295168, ""me12_2021"": -0.5652578008818632, ""epochs_trained"": 455}",2026-07-03T04:25:19.455486,completed
3,MAPE,48,0,leaky_relu,3,256,0.0,5.045565128326416,1.040802001953125,1.1199344396591187,-0.10195752982900351,-0.018242409044917873,5.045565128326416,1.025418996810913,1.280173897743225,0.21557554330899484,-0.590396210707388,5.758103370666504,"{""loss"": 4.270902633666992, ""mape"": 4.270902633666992, ""mae"": 0.8661232590675354, ""val_loss"": 5.045565128326416, ""val_mape"": 5.045565128326416, ""val_mae"": 1.040802001953125, ""lr"": 1.0000000656873453e-05, ""val_mae12"": 1.1199344396591187, ""val_me"": -0.10195752982900351, ""val_me12"": -0.018242409044917873, ""mape_2021"": 5.758103370666504, ""mae_2021"": 1.025418996810913, ""mae12_2021"": 1.280173897743225, ""me_2021"": 0.21557554330899484, ""me12_2021"": -0.590396210707388, ""epochs_trained"": 235}",2026-07-03T04:25:55.093721,completed
3,MAPE,48,0,leaky_relu,3,256,0.3,3.7429358959198,0.7830784320831299,1.0112452507019043,0.2938975297266579,-0.2901840098509882,3.7429358959198,0.813163161277771,1.5421392917633057,0.4972663217180181,-0.932769480127781,4.868929386138916,"{""loss"": 7.712843894958496, ""mape"": 7.712843894958496, ""mae"": 1.691338062286377, ""val_loss"": 3.7429358959198, ""val_mape"": 3.7429358959198, ""val_mae"": 0.7830784320831299, ""lr"": 0.00010000000474974513, ""val_mae12"": 1.0112452507019043, ""val_me"": 0.2938975297266579, ""val_me12"": -0.2901840098509882, ""mape_2021"": 4.868929386138916, ""mae_2021"": 0.813163161277771, ""mae12_2021"": 1.5421392917633057, ""me_2021"": 0.4972663217180181, ""me12_2021"": -0.932769480127781, ""epochs_trained"": 225}",2026-07-03T04:26:38.953698,completed
3,MAPE,48,0,leaky_relu,3,256,0.1,3.2636053562164307,0.6304512619972229,0.9697765707969666,0.08359942090809609,-0.29687540669769436,3.2636053562164307,0.6740460395812988,1.3232909440994263,0.2763578377383881,-0.8670453618082686,4.354063034057617,"{""loss"": 4.750488758087158, ""mape"": 4.750488758087158, ""mae"": 1.0097299814224243, ""val_loss"": 3.2636053562164307, ""val_mape"": 3.2636053562164307, ""val_mae"": 0.6304512619972229, ""lr"": 0.00010000000474974513, ""val_mae12"": 0.9697765707969666, ""val_me"": 0.08359942090809609, ""val_me12"": -0.29687540669769436, ""mape_2021"": 4.354063034057617, ""mae_2021"": 0.6740460395812988, ""mae12_2021"": 1.3232909440994263, ""me_2021"": 0.2763578377383881, ""me12_2021"": -0.8670453618082686, ""epochs_trained"": 303}",2026-07-03T04:26:42.535054,completed
3,MAPE,48,0,leaky_relu,3,256,0.05,3.2950994968414307,0.6160416603088379,1.0066003799438477,0.12730456719446515,-0.19035331202320963,3.2950994968414307,0.6891725063323975,1.2765920162200928,0.3089579159196939,-0.7512499399285301,4.309432029724121,"{""loss"": 4.06304407119751, ""mape"": 4.06304407119751, ""mae"": 0.8495018482208252, ""val_loss"": 3.2950994968414307, ""val_mape"": 3.2950994968414307, ""val_mae"": 0.6160416603088379, ""lr"": 1.0000000656873453e-05, ""val_mae12"": 1.0066003799438477, ""val_me"": 0.12730456719446515, ""val_me12"": -0.19035331202320963, ""mape_2021"": 4.309432029724121, ""mae_2021"": 0.6891725063323975, ""mae12_2021"": 1.2765920162200928, ""me_2021"": 0.3089579159196939, ""me12_2021"": -0.7512499399285301, ""epochs_trained"": 336}",2026-07-03T04:26:43.799572,completed
3,MAPE,48,0,leaky_relu,3,128,0.05,4.240164279937744,0.824105441570282,1.0581471920013428,-0.00039434884868120505,0.14620725058578915,4.240164279937744,0.8722013235092163,1.212815284729004,0.24401253293894842,-0.4084416012012799,5.0559797286987305,"{""loss"": 5.896212100982666, ""mape"": 5.896212100982666, ""mae"": 1.2308611869812012, ""val_loss"": 4.240164279937744, ""val_mape"": 4.240164279937744, ""val_mae"": 0.824105441570282, ""lr"": 1.0000000656873453e-05, ""val_mae12"": 1.0581471920013428, ""val_me"": -0.00039434884868120505, ""val_me12"": 0.14620725058578915, ""mape_2021"": 5.0559797286987305, ""mae_2021"": 0.8722013235092163, ""mae12_2021"": 1.212815284729004, ""me_2021"": 0.24401253293894842, ""me12_2021"": -0.4084416012012799, ""epochs_trained"": 1279}",2026-07-03T04:27:04.329812,completed
3,MAPE,48,0,selu,1,16,0.1,96.85526275634766,24.740833282470703,2.672245740890503,24.431459169146994,-0.7641002450814698,96.85526275634766,22.824687957763672,4.021894931793213,22.553491537541333,1.3996989740636108,97.33073425292969,"{""loss"": 94.0787353515625, ""mape"": 94.0787353515625, ""mae"": 23.501022338867188, ""val_loss"": 96.85526275634766, ""val_mape"": 96.85526275634766, ""val_mae"": 24.740833282470703, ""lr"": 0.00010000000474974513, ""val_mae12"": 2.672245740890503, ""val_me"": 24.431459169146994, ""val_me12"": -0.7641002450814698, ""mape_2021"": 97.33073425292969, ""mae_2021"": 22.824687957763672, ""mae12_2021"": 4.021894931793213, ""me_2021"": 22.553491537541333, ""me12_2021"": 1.3996989740636108, ""epochs_trained"": 34}",2026-07-03T04:27:16.007615,completed
3,MAPE,48,0,selu,1,16,0.3,93.21585083007812,22.929445266723633,3.1836330890655518,23.261763090987408,0.6855064054370059,93.21585083007812,22.16008186340332,5.319077968597412,21.721704338868985,3.420827216830026,98.04978942871094,"{""loss"": 91.2861099243164, ""mape"": 91.2861099243164, ""mae"": 22.330703735351562, ""val_loss"": 93.21585083007812, ""val_mape"": 93.21585083007812, ""val_mae"": 22.929445266723633, ""lr"": 0.00010000000474974513, ""val_mae12"": 3.1836330890655518, ""val_me"": 23.261763090987408, ""val_me12"": 0.6855064054370059, ""mape_2021"": 98.04978942871094, ""mae_2021"": 22.16008186340332, ""mae12_2021"": 5.319077968597412, ""me_2021"": 21.721704338868985, ""me12_2021"": 3.420827216830026, ""epochs_trained"": 37}",2026-07-03T04:27:16.138749,completed
3,MAPE,48,0,selu,1,32,0.0,51.084922790527344,10.053426742553711,11.821174621582031,7.557990600503026,11.374721897500015,51.084922790527344,11.130836486816406,15.355210304260254,8.79201346958066,14.702024226093242,68.9791488647461,"{""loss"": 50.1326789855957, ""mape"": 50.1326789855957, ""mae"": 9.992979049682617, ""val_loss"": 51.084922790527344, ""val_mape"": 51.084922790527344, ""val_mae"": 10.053426742553711, ""lr"": 0.00010000000474974513, ""val_mae12"": 11.821174621582031, ""val_me"": 7.557990600503026, ""val_me12"": 11.374721897500015, ""mape_2021"": 68.9791488647461, ""mae_2021"": 11.130836486816406, ""mae12_2021"": 15.355210304260254, ""me_2021"": 8.79201346958066, ""me12_2021"": 14.702024226093242, ""epochs_trained"": 152}",2026-07-03T04:27:20.601798,completed
3,MAPE,48,0,selu,1,32,0.3,101.49144744873047,25.151626586914062,3.0016019344329834,24.290036396824554,-1.3403690901253682,101.49144744873047,22.850967407226562,4.587280750274658,22.565806395330437,1.1216375173612372,98.93364715576172,"{""loss"": 93.9061050415039, ""mape"": 93.9061050415039, ""mae"": 23.31417465209961, ""val_loss"": 101.49144744873047, ""val_mape"": 101.49144744873047, ""val_mae"": 25.151626586914062, ""lr"": 0.00010000000474974513, ""val_mae12"": 3.0016019344329834, ""val_me"": 24.290036396824554, ""val_me12"": -1.3403690901253682, ""mape_2021"": 98.93364715576172, ""mae_2021"": 22.850967407226562, ""mae12_2021"": 4.587280750274658, ""me_2021"": 22.565806395330437, ""me12_2021"": 1.1216375173612372, ""epochs_trained"": 30}",2026-07-03T04:27:20.719889,completed
3,MAPE,48,0,selu,1,32,0.1,94.63249969482422,23.743608474731445,2.9343502521514893,23.801081627591394,-0.20975130190493999,94.63249969482422,22.458534240722656,4.731515884399414,22.113879154256384,2.1514106836954245,97.58300018310547,"{""loss"": 91.51187133789062, ""mape"": 91.51187133789062, ""mae"": 22.62053680419922, ""val_loss"": 94.63249969482422, ""val_mape"": 94.63249969482422, ""val_mae"": 23.743608474731445, ""lr"": 0.00010000000474974513, ""val_mae12"": 2.9343502521514893, ""val_me"": 23.801081627591394, ""val_me12"": -0.20975130190493999, ""mape_2021"": 97.58300018310547, ""mae_2021"": 22.458534240722656, ""mae12_2021"": 4.731515884399414, ""me_2021"": 22.113879154256384, ""me12_2021"": 2.1514106836954245, ""epochs_trained"": 36}",2026-07-03T04:27:20.834446,completed
3,MAPE,48,0,selu,1,32,0.05,50.54801559448242,9.823912620544434,12.723336219787598,6.858328743766291,12.345388212461575,50.54801559448242,10.744654655456543,15.281424522399902,8.231830835539677,14.588691767976853,66.79950714111328,"{""loss"": 50.5335578918457, ""mape"": 50.5335578918457, ""mae"": 10.152756690979004, ""val_loss"": 50.54801559448242, ""val_mape"": 50.54801559448242, ""val_mae"": 9.823912620544434, ""lr"": 0.00010000000474974513, ""val_mae12"": 12.723336219787598, ""val_me"": 6.858328743766291, ""val_me12"": 12.345388212461575, ""mape_2021"": 66.79950714111328, ""mae_2021"": 10.744654655456543, ""mae12_2021"": 15.281424522399902, ""me_2021"": 8.231830835539677, ""me12_2021"": 14.588691767976853, ""epochs_trained"": 158}",2026-07-03T04:27:20.923478,completed
3,MAPE,48,0,selu,1,16,0.05,46.70637893676758,9.00650691986084,12.027435302734375,6.012158397547974,11.780927948737363,46.70637893676758,9.994672775268555,14.230149269104004,7.383421405731369,13.772374374152946,62.15092849731445,"{""loss"": 47.89387130737305, ""mape"": 47.89387130737305, ""mae"": 9.662530899047852, ""val_loss"": 46.70637893676758, ""val_mape"": 46.70637893676758, ""val_mae"": 9.00650691986084, ""lr"": 0.00010000000474974513, ""val_mae12"": 12.027435302734375, ""val_me"": 6.012158397547974, ""val_me12"": 11.780927948737363, ""mape_2021"": 62.15092849731445, ""mae_2021"": 9.994672775268555, ""mae12_2021"": 14.230149269104004, ""me_2021"": 7.383421405731369, ""me12_2021"": 13.772374374152946, ""epochs_trained"": 258}",2026-07-03T04:27:25.446698,completed
3,MAPE,48,0,selu,1,64,0.3,99.63959503173828,24.645851135253906,2.807164430618286,24.219208626921148,-0.6871360628299205,99.63959503173828,22.73842430114746,4.201313018798828,22.446685055799186,1.6320642147169666,97.69017791748047,"{""loss"": 92.790283203125, ""mape"": 92.790283203125, ""mae"": 23.032779693603516, ""val_loss"": 99.63959503173828, ""val_mape"": 99.63959503173828, ""val_mae"": 24.645851135253906, ""lr"": 0.00010000000474974513, ""val_mae12"": 2.807164430618286, ""val_me"": 24.219208626921148, ""val_me12"": -0.6871360628299205, ""mape_2021"": 97.69017791748047, ""mae_2021"": 22.73842430114746, ""mae12_2021"": 4.201313018798828, ""me_2021"": 22.446685055799186, ""me12_2021"": 1.6320642147169666, ""epochs_trained"": 30}",2026-07-03T04:27:26.414056,completed
3,MAPE,48,0,selu,1,64,0.05,51.5388298034668,10.007219314575195,9.388986587524414,8.167286023300894,8.805122050162115,51.5388298034668,11.374210357666016,12.416698455810547,9.59765383709994,11.239327564541448,67.14893341064453,"{""loss"": 50.69677734375, ""mape"": 50.69677734375, ""mae"": 10.170104026794434, ""val_loss"": 51.5388298034668, ""val_mape"": 51.5388298034668, ""val_mae"": 10.007219314575195, ""lr"": 0.00010000000474974513, ""val_mae12"": 9.388986587524414, ""val_me"": 8.167286023300894, ""val_me12"": 8.805122050162115, ""mape_2021"": 67.14893341064453, ""mae_2021"": 11.374210357666016, ""mae12_2021"": 12.416698455810547, ""me_2021"": 9.59765383709994, ""me12_2021"": 11.239327564541448, ""epochs_trained"": 115}",2026-07-03T04:27:29.129926,completed
3,MAPE,48,0,selu,1,64,0.1,51.501739501953125,9.97231674194336,11.243806838989258,7.190306283475813,10.794130007721513,51.501739501953125,10.721086502075195,13.949479103088379,8.572281777684124,13.150260033688673,65.69007110595703,"{""loss"": 50.49457550048828, ""mape"": 50.49457550048828, ""mae"": 10.113059997558594, ""val_loss"": 51.501739501953125, ""val_mape"": 51.501739501953125, ""val_mae"": 9.97231674194336, ""lr"": 0.00010000000474974513, ""val_mae12"": 11.243806838989258, ""val_me"": 7.190306283475813, ""val_me12"": 10.794130007721513, ""mape_2021"": 65.69007110595703, ""mae_2021"": 10.721086502075195, ""mae12_2021"": 13.949479103088379, ""me_2021"": 8.572281777684124, ""me12_2021"": 13.150260033688673, ""epochs_trained"": 130}",2026-07-03T04:27:29.699402,completed
3,MAPE,48,0,selu,1,64,0.0,3.752091407775879,0.7705565094947815,0.8207011818885803,-0.0019854298850697366,0.13233869287061734,3.752091407775879,0.8471692800521851,0.953571617603302,0.23341221589899933,-0.46552600547830875,4.722299098968506,"{""loss"": 3.80983304977417, ""mape"": 3.80983304977417, ""mae"": 0.7920593619346619, ""val_loss"": 3.752091407775879, ""val_mape"": 3.752091407775879, ""val_mae"": 0.7705565094947815, ""lr"": 1.0000000656873453e-05, ""val_mae12"": 0.8207011818885803, ""val_me"": -0.0019854298850697366, ""val_me12"": 0.13233869287061734, ""mape_2021"": 4.722299098968506, ""mae_2021"": 0.8471692800521851, ""mae12_2021"": 0.953571617603302, ""me_2021"": 0.23341221589899933, ""me12_2021"": -0.46552600547830875, ""epochs_trained"": 767}",2026-07-03T04:27:49.178106,completed
3,MAPE,48,0,selu,1,16,0.0,3.5791594982147217,0.7297555208206177,0.8122633695602417,0.1810941836488372,0.09182296694062798,3.5791594982147217,0.804185152053833,1.0240734815597534,0.38162474517940226,-0.49527700605927305,4.689883708953857,"{""loss"": 3.5429537296295166, ""mape"": 3.5429537296295166, ""mae"": 0.7202089428901672, ""val_loss"": 3.5791594982147217, ""val_mape"": 3.5791594982147217, ""val_mae"": 0.7297555208206177, ""lr"": 9.999999747378752e-06, ""val_mae12"": 0.8122633695602417, ""val_me"": 0.1810941836488372, ""val_me12"": 0.09182296694062798, ""mape_2021"": 4.689883708953857, ""mae_2021"": 0.804185152053833, ""mae12_2021"": 1.0240734815597534, ""me_2021"": 0.38162474517940226, ""me12_2021"": -0.49527700605927305, ""epochs_trained"": 2789}",2026-07-03T04:28:39.046257,completed
3,MAPE,48,0,selu,1,128,0.3,97.55830383300781,24.416433334350586,2.8345940113067627,24.232138219806725,-1.7303578363778513,97.55830383300781,22.705556869506836,3.810978412628174,22.51197407599915,0.08150356813001867,96.44538116455078,"{""loss"": 92.08080291748047, ""mape"": 92.08080291748047, ""mae"": 22.963064193725586, ""val_loss"": 97.55830383300781, ""val_mape"": 97.55830383300781, ""val_mae"": 24.416433334350586, ""lr"": 0.00010000000474974513, ""val_mae12"": 2.8345940113067627, ""val_me"": 24.232138219806725, ""val_me12"": -1.7303578363778513, ""mape_2021"": 96.44538116455078, ""mae_2021"": 22.705556869506836, ""mae12_2021"": 3.810978412628174, ""me_2021"": 22.51197407599915, ""me12_2021"": 0.08150356813001867, ""epochs_trained"": 28}",2026-07-03T04:28:55.006621,completed
3,MAPE,48,0,selu,1,128,0.1,53.842994689941406,10.429120063781738,11.228997230529785,7.281076414897069,10.677159011727362,53.842994689941406,11.062485694885254,14.105274200439453,8.800010493018137,13.001180704526938,67.56190490722656,"{""loss"": 49.9630241394043, ""mape"": 49.9630241394043, ""mae"": 9.9656343460083, ""val_loss"": 53.842994689941406, ""val_mape"": 53.842994689941406, ""val_mae"": 10.429120063781738, ""lr"": 0.00010000000474974513, ""val_mae12"": 11.228997230529785, ""val_me"": 7.281076414897069, ""val_me12"": 10.677159011727362, ""mape_2021"": 67.56190490722656, ""mae_2021"": 11.062485694885254, ""mae12_2021"": 14.105274200439453, ""me_2021"": 8.800010493018137, ""me12_2021"": 13.001180704526938, ""epochs_trained"": 105}",2026-07-03T04:29:01.360808,completed
3,MAPE,48,0,selu,1,128,0.05,48.33442687988281,9.339554786682129,8.786588668823242,7.978492137544329,8.187303315410489,48.33442687988281,11.025330543518066,11.294886589050293,9.411687393266918,10.130606781811135,64.58992004394531,"{""loss"": 47.164794921875, ""mape"": 47.164794921875, ""mae"": 9.446600914001465, ""val_loss"": 48.33442687988281, ""val_mape"": 48.33442687988281, ""val_mae"": 9.339554786682129, ""lr"": 0.00010000000474974513, ""val_mae12"": 8.786588668823242, ""val_me"": 7.978492137544329, ""val_me12"": 8.187303315410489, ""mape_2021"": 64.58992004394531, ""mae_2021"": 11.025330543518066, ""mae12_2021"": 11.294886589050293, ""me_2021"": 9.411687393266918, ""me12_2021"": 10.130606781811135, ""epochs_trained"": 108}",2026-07-03T04:29:01.816979,completed
3,MAPE,48,0,selu,1,256,0.1,48.65201187133789,9.500247955322266,8.245498657226562,7.904567245638954,7.580626149081181,48.65201187133789,11.182097434997559,10.4539213180542,9.457177793962435,9.012311842550341,64.39856719970703,"{""loss"": 46.398712158203125, ""mape"": 46.398712158203125, ""mae"": 9.400269508361816, ""val_loss"": 48.65201187133789, ""val_mape"": 48.65201187133789, ""val_mae"": 9.500247955322266, ""lr"": 0.00010000000474974513, ""val_mae12"": 8.245498657226562, ""val_me"": 7.904567245638954, ""val_me12"": 7.580626149081181, ""mape_2021"": 64.39856719970703, ""mae_2021"": 11.182097434997559, ""mae12_2021"": 10.4539213180542, ""me_2021"": 9.457177793962435, ""me12_2021"": 9.012311842550341, ""epochs_trained"": 91}",2026-07-03T04:29:12.394069,completed
3,MAPE,48,0,selu,1,256,0.3,71.3635025024414,14.212841033935547,15.35102367401123,6.731279728575401,14.941109315280267,71.3635025024414,11.067817687988281,18.045583724975586,8.020121632755167,17.44837557357059,71.44496154785156,"{""loss"": 52.02777862548828, ""mape"": 52.02777862548828, ""mae"": 10.453433990478516, ""val_loss"": 71.3635025024414, ""val_mape"": 71.3635025024414, ""val_mae"": 14.212841033935547, ""lr"": 0.00010000000474974513, ""val_mae12"": 15.35102367401123, ""val_me"": 6.731279728575401, ""val_me12"": 14.941109315280267, ""mape_2021"": 71.44496154785156, ""mae_2021"": 11.067817687988281, ""mae12_2021"": 18.045583724975586, ""me_2021"": 8.020121632755167, ""me12_2021"": 17.44837557357059, ""epochs_trained"": 90}",2026-07-03T04:29:17.015342,completed
3,MAPE,48,0,selu,1,256,0.05,10.00014591217041,2.4117913246154785,1.0733402967453003,-1.7084999626640924,-0.0033571152991674685,10.00014591217041,2.1435530185699463,1.6114414930343628,-1.0226345078046941,-1.1335854711261562,10.486186027526855,"{""loss"": 11.770895957946777, ""mape"": 11.770895957946777, ""mae"": 2.303044080734253, ""val_loss"": 10.00014591217041, ""val_mape"": 10.00014591217041, ""val_mae"": 2.4117913246154785, ""lr"": 0.00010000000474974513, ""val_mae12"": 1.0733402967453003, ""val_me"": -1.7084999626640924, ""val_me12"": -0.0033571152991674685, ""mape_2021"": 10.486186027526855, ""mae_2021"": 2.1435530185699463, ""mae12_2021"": 1.6114414930343628, ""me_2021"": -1.0226345078046941, ""me12_2021"": -1.1335854711261562, ""epochs_trained"": 299}",2026-07-03T04:29:17.230470,completed
3,MAPE,48,0,selu,2,16,0.3,89.04955291748047,20.220670700073242,11.727709770202637,19.41163088845378,11.731075592168416,89.04955291748047,19.316789627075195,14.884896278381348,17.441928557728225,14.989624146215954,93.15217590332031,"{""loss"": 86.89405059814453, ""mape"": 86.89405059814453, ""mae"": 21.369211196899414, ""val_loss"": 89.04955291748047, ""val_mape"": 89.04955291748047, ""val_mae"": 20.220670700073242, ""lr"": 0.00010000000474974513, ""val_mae12"": 11.727709770202637, ""val_me"": 19.41163088845378, ""val_me12"": 11.731075592168416, ""mape_2021"": 93.15217590332031, ""mae_2021"": 19.316789627075195, ""mae12_2021"": 14.884896278381348, ""me_2021"": 17.441928557728225, ""me12_2021"": 14.989624146215954, ""epochs_trained"": 57}",2026-07-03T04:29:25.269582,completed
3,MAPE,48,0,selu,2,16,0.05,39.09899139404297,7.820125579833984,10.560266494750977,4.561656658562252,10.568134118425615,39.09899139404297,8.163291931152344,13.29201602935791,5.583228131057267,13.388172623441788,51.82324981689453,"{""loss"": 41.5277214050293, ""mape"": 41.5277214050293, ""mae"": 8.673707962036133, ""val_loss"": 39.09899139404297, ""val_mape"": 39.09899139404297, ""val_mae"": 7.820125579833984, ""lr"": 0.00010000000474974513, ""val_mae12"": 10.560266494750977, ""val_me"": 4.561656658562252, ""val_me12"": 10.568134118425615, ""mape_2021"": 51.82324981689453, ""mae_2021"": 8.163291931152344, ""mae12_2021"": 13.29201602935791, ""me_2021"": 5.583228131057267, ""me12_2021"": 13.388172623441788, ""epochs_trained"": 149}",2026-07-03T04:29:26.187451,completed
3,MAPE,48,0,selu,2,16,0.1,47.438350677490234,9.474767684936523,12.78657341003418,5.117487722245114,12.79379527576675,47.438350677490234,9.023494720458984,16.03670310974121,6.186501743832665,16.135113640221793,59.386714935302734,"{""loss"": 48.01325225830078, ""mape"": 48.01325225830078, ""mae"": 10.006060600280762, ""val_loss"": 47.438350677490234, ""val_mape"": 47.438350677490234, ""val_mae"": 9.474767684936523, ""lr"": 0.00010000000474974513, ""val_mae12"": 12.78657341003418, ""val_me"": 5.117487722245114, ""val_me12"": 12.79379527576675, ""mape_2021"": 59.386714935302734, ""mae_2021"": 9.023494720458984, ""mae12_2021"": 16.03670310974121, ""me_2021"": 6.186501743832665, ""me12_2021"": 16.135113640221793, ""epochs_trained"": 153}",2026-07-03T04:29:29.229266,completed
3,MAPE,48,0,selu,1,256,0.0,4.062743663787842,0.876032829284668,0.7126381397247314,-0.03822392600311825,0.11597553064112494,4.062743663787842,0.9419064521789551,0.7504063248634338,0.28397725849435623,-0.19858020904599025,4.982326507568359,"{""loss"": 3.9228367805480957, ""mape"": 3.9228367805480957, ""mae"": 0.8340395092964172, ""val_loss"": 4.062743663787842, ""val_mape"": 4.062743663787842, ""val_mae"": 0.876032829284668, ""lr"": 0.00010000000474974513, ""val_mae12"": 0.7126381397247314, ""val_me"": -0.03822392600311825, ""val_me12"": 0.11597553064112494, ""mape_2021"": 4.982326507568359, ""mae_2021"": 0.9419064521789551, ""mae12_2021"": 0.7504063248634338, ""me_2021"": 0.28397725849435623, ""me12_2021"": -0.19858020904599025, ""epochs_trained"": 630}",2026-07-03T04:29:33.895727,completed
3,MAPE,48,0,selu,1,128,0.0,3.296778440475464,0.6631587743759155,0.7793931365013123,0.015879998723355663,0.025323034306489165,3.296778440475464,0.7071210145950317,0.8776347637176514,0.19213342581015644,-0.40274717018995637,4.187868595123291,"{""loss"": 3.2830657958984375, ""mape"": 3.2830657958984375, ""mae"": 0.6723963022232056, ""val_loss"": 3.296778440475464, ""val_mape"": 3.296778440475464, ""val_mae"": 0.6631587743759155, ""lr"": 1.0000000656873453e-05, ""val_mae12"": 0.7793931365013123, ""val_me"": 0.015879998723355663, ""val_me12"": 0.025323034306489165, ""mape_2021"": 4.187868595123291, ""mae_2021"": 0.7071210145950317, ""mae12_2021"": 0.8776347637176514, ""me_2021"": 0.19213342581015644, ""me12_2021"": -0.40274717018995637, ""epochs_trained"": 810}",2026-07-03T04:29:39.221029,completed
3,MAPE,48,0,selu,2,16,0.0,3.1966419219970703,0.6476628184318542,0.7418003082275391,0.08931485003234864,-0.05903815556177386,3.1966419219970703,0.7916004657745361,1.015117883682251,0.3564527892212811,-0.6573986086348093,4.60205078125,"{""loss"": 3.2985966205596924, ""mape"": 3.2985966205596924, ""mae"": 0.6710126399993896, ""val_loss"": 3.1966419219970703, ""val_mape"": 3.1966419219970703, ""val_mae"": 0.6476628184318542, ""lr"": 9.999999747378752e-06, ""val_mae12"": 0.7418003082275391, ""val_me"": 0.08931485003234864, ""val_me12"": -0.05903815556177386, ""mape_2021"": 4.60205078125, ""mae_2021"": 0.7916004657745361, ""mae12_2021"": 1.015117883682251, ""me_2021"": 0.3564527892212811, ""me12_2021"": -0.6573986086348093, ""epochs_trained"": 2979}",2026-07-03T04:30:46.230123,completed
