run_num,model_type,lead_time,cycle,activation,num_layers,neurons,dropout,loss_value,val_mae,val_mae12,val_me,val_me12,val_mape,mae_2021,mae12_2021,me_2021,me12_2021,mape_2021,metrics,timestamp,status,duration_sec
1,MAPE,96,2,selu,2,64,0.3,99.5721664428711,20.827945709228516,6.656816005706787,22.646812080547875,6.33593268249769,99.5721664428711,22.067441940307617,9.6654691696167,21.037426758648106,9.593604517461584,98.60601043701172,"{""loss"": 85.820068359375, ""mape"": 85.820068359375, ""mae"": 21.73117446899414, ""val_loss"": 99.5721664428711, ""val_mape"": 99.5721664428711, ""val_mae"": 20.827945709228516, ""lr"": 0.00010000000474974513, ""val_mae12"": 6.656816005706787, ""val_me"": 22.646812080547875, ""val_me12"": 6.33593268249769, ""mape_2021"": 98.60601043701172, ""mae_2021"": 22.067441940307617, ""mae12_2021"": 9.6654691696167, ""me_2021"": 21.037426758648106, ""me12_2021"": 9.593604517461584, ""epochs_trained"": 29}",2026-07-02T08:21:56.629144,completed,
1,MAPE,96,2,selu,2,32,0.3,94.56048583984375,21.342256546020508,6.0244317054748535,21.923765946786055,5.629176987634782,94.56048583984375,21.339508056640625,8.70848560333252,20.41512010912705,8.616558389789036,95.306396484375,"{""loss"": 87.80059814453125, ""mape"": 87.80059814453125, ""mae"": 22.34530258178711, ""val_loss"": 94.56048583984375, ""val_mape"": 94.56048583984375, ""val_mae"": 21.342256546020508, ""lr"": 0.00010000000474974513, ""val_mae12"": 6.0244317054748535, ""val_me"": 21.923765946786055, ""val_me12"": 5.629176987634782, ""mape_2021"": 95.306396484375, ""mae_2021"": 21.339508056640625, ""mae12_2021"": 8.70848560333252, ""me_2021"": 20.41512010912705, ""me12_2021"": 8.616558389789036, ""epochs_trained"": 38}",2026-07-02T08:21:57.138319,completed,
1,MAPE,96,2,selu,2,64,0.05,51.819175720214844,11.93083381652832,6.622927665710449,8.824658603854123,6.37101668894032,51.819175720214844,10.33341121673584,9.917156219482422,9.10342647610001,9.806547095636033,58.67383575439453,"{""loss"": 39.2104377746582, ""mape"": 39.2104377746582, ""mae"": 8.679840087890625, ""val_loss"": 51.819175720214844, ""val_mape"": 51.819175720214844, ""val_mae"": 11.93083381652832, ""lr"": 0.00010000000474974513, ""val_mae12"": 6.622927665710449, ""val_me"": 8.824658603854123, ""val_me12"": 6.37101668894032, ""mape_2021"": 58.67383575439453, ""mae_2021"": 10.33341121673584, ""mae12_2021"": 9.917156219482422, ""me_2021"": 9.10342647610001, ""me12_2021"": 9.806547095636033, ""epochs_trained"": 59}",2026-07-02T08:21:58.120392,completed,
1,MAPE,96,2,selu,2,64,0.1,61.47066116333008,14.1997652053833,9.88525676727295,7.1579366891476655,9.905082723340264,61.47066116333008,9.20376968383789,13.516749382019043,7.125160651566126,13.593588620682066,56.592384338378906,"{""loss"": 40.599727630615234, ""mape"": 40.599727630615234, ""mae"": 8.819786071777344, ""val_loss"": 61.47066116333008, ""val_mape"": 61.47066116333008, ""val_mae"": 14.1997652053833, ""lr"": 0.00010000000474974513, ""val_mae12"": 9.88525676727295, ""val_me"": 7.1579366891476655, ""val_me12"": 9.905082723340264, ""mape_2021"": 56.592384338378906, ""mae_2021"": 9.20376968383789, ""mae12_2021"": 13.516749382019043, ""me_2021"": 7.125160651566126, ""me12_2021"": 13.593588620682066, ""epochs_trained"": 65}",2026-07-02T08:21:58.365395,completed,
1,MAPE,96,2,selu,2,32,0.05,54.193641662597656,12.098884582519531,5.924655437469482,8.567107101380213,5.56259329092462,54.193641662597656,9.957796096801758,8.871984481811523,8.830282225561806,8.635444067400423,55.46048355102539,"{""loss"": 42.082763671875, ""mape"": 42.082763671875, ""mae"": 9.131805419921875, ""val_loss"": 54.193641662597656, ""val_mape"": 54.193641662597656, ""val_mae"": 12.098884582519531, ""lr"": 0.00010000000474974513, ""val_mae12"": 5.924655437469482, ""val_me"": 8.567107101380213, ""val_me12"": 5.56259329092462, ""mape_2021"": 55.46048355102539, ""mae_2021"": 9.957796096801758, ""mae12_2021"": 8.871984481811523, ""me_2021"": 8.830282225561806, ""me12_2021"": 8.635444067400423, ""epochs_trained"": 79}",2026-07-02T08:21:58.926065,completed,
1,MAPE,96,2,selu,2,32,0.1,51.168701171875,11.741424560546875,8.653185844421387,6.547225930433522,8.679046943993947,51.168701171875,8.157832145690918,11.524961471557617,6.4564631011433855,11.597901714326667,49.0648078918457,"{""loss"": 38.37079620361328, ""mape"": 38.37079620361328, ""mae"": 8.472558975219727, ""val_loss"": 51.168701171875, ""val_mape"": 51.168701171875, ""val_mae"": 11.741424560546875, ""lr"": 0.00010000000474974513, ""val_mae12"": 8.653185844421387, ""val_me"": 6.547225930433522, ""val_me12"": 8.679046943993947, ""mape_2021"": 49.0648078918457, ""mae_2021"": 8.157832145690918, ""mae12_2021"": 11.524961471557617, ""me_2021"": 6.4564631011433855, ""me12_2021"": 11.597901714326667, ""epochs_trained"": 94}",2026-07-02T08:21:59.212850,completed,
1,MAPE,96,2,selu,2,128,0.1,55.486392974853516,12.514276504516602,9.552017211914062,8.840897217673172,9.425413719820897,55.486392974853516,10.691838264465332,13.705012321472168,8.980845246195708,13.687196381923838,64.44300079345703,"{""loss"": 39.18177032470703, ""mape"": 39.18177032470703, ""mae"": 8.340561866760254, ""val_loss"": 55.486392974853516, ""val_mape"": 55.486392974853516, ""val_mae"": 12.514276504516602, ""lr"": 0.00010000000474974513, ""val_mae12"": 9.552017211914062, ""val_me"": 8.840897217673172, ""val_me12"": 9.425413719820897, ""mape_2021"": 64.44300079345703, ""mae_2021"": 10.691838264465332, ""mae12_2021"": 13.705012321472168, ""me_2021"": 8.980845246195708, ""me12_2021"": 13.687196381923838, ""epochs_trained"": 46}",2026-07-02T08:22:17.640671,completed,
1,MAPE,96,2,selu,2,128,0.3,135.39889526367188,30.522851943969727,32.1979866027832,3.0823099399703318,32.267151680880744,135.39889526367188,11.469621658325195,39.28976058959961,2.385867574810037,39.4612503352359,95.3480224609375,"{""loss"": 45.08646011352539, ""mape"": 45.08646011352539, ""mae"": 9.566107749938965, ""val_loss"": 135.39889526367188, ""val_mape"": 135.39889526367188, ""val_mae"": 30.522851943969727, ""lr"": 0.00010000000474974513, ""val_mae12"": 32.1979866027832, ""val_me"": 3.0823099399703318, ""val_me12"": 32.267151680880744, ""mape_2021"": 95.3480224609375, ""mae_2021"": 11.469621658325195, ""mae12_2021"": 39.28976058959961, ""me_2021"": 2.385867574810037, ""me12_2021"": 39.4612503352359, ""epochs_trained"": 55}",2026-07-02T08:22:19.179900,completed,
1,MAPE,96,2,selu,2,256,0.05,30.829086303710938,6.847006797790527,3.564103126525879,3.1455097615917094,-0.6355399913066618,30.829086303710938,5.99485445022583,5.304642677307129,3.3160776277973825,-3.8485022515447005,31.942716598510742,"{""loss"": 20.464162826538086, ""mape"": 20.464162826538086, ""mae"": 4.333846092224121, ""val_loss"": 30.829086303710938, ""val_mape"": 30.829086303710938, ""val_mae"": 6.847006797790527, ""lr"": 0.00010000000474974513, ""val_mae12"": 3.564103126525879, ""val_me"": 3.1455097615917094, ""val_me12"": -0.6355399913066618, ""mape_2021"": 31.942716598510742, ""mae_2021"": 5.99485445022583, ""mae12_2021"": 5.304642677307129, ""me_2021"": 3.3160776277973825, ""me12_2021"": -3.8485022515447005, ""epochs_trained"": 52}",2026-07-02T08:22:22.263076,completed,
1,MAPE,96,2,selu,2,256,0.1,52.37063980102539,12.147727012634277,4.569127082824707,-0.9625402774183267,2.4190439545697053,52.37063980102539,7.261176109313965,4.407464504241943,-0.9406373440633188,-0.7217334546589006,35.52384567260742,"{""loss"": 23.48227882385254, ""mape"": 23.48227882385254, ""mae"": 4.895524978637695, ""val_loss"": 52.37063980102539, ""val_mape"": 52.37063980102539, ""val_mae"": 12.147727012634277, ""lr"": 0.00010000000474974513, ""val_mae12"": 4.569127082824707, ""val_me"": -0.9625402774183267, ""val_me12"": 2.4190439545697053, ""mape_2021"": 35.52384567260742, ""mae_2021"": 7.261176109313965, ""mae12_2021"": 4.407464504241943, ""me_2021"": -0.9406373440633188, ""me12_2021"": -0.7217334546589006, ""epochs_trained"": 56}",2026-07-02T08:22:41.926821,completed,
1,MAPE,96,2,selu,2,128,0.05,21.4271183013916,4.796106338500977,3.1630754470825195,-4.263781735547223,3.1419941096599135,21.4271183013916,4.719288349151611,3.2340087890625,-4.535923518763699,3.2219429184259694,23.117074966430664,"{""loss"": 7.539992809295654, ""mape"": 7.539992809295654, ""mae"": 1.7188749313354492, ""val_loss"": 21.4271183013916, ""val_mape"": 21.4271183013916, ""val_mae"": 4.796106338500977, ""lr"": 0.00010000000474974513, ""val_mae12"": 3.1630754470825195, ""val_me"": -4.263781735547223, ""val_me12"": 3.1419941096599135, ""mape_2021"": 23.117074966430664, ""mae_2021"": 4.719288349151611, ""mae12_2021"": 3.2340087890625, ""me_2021"": -4.535923518763699, ""me12_2021"": 3.2219429184259694, ""epochs_trained"": 261}",2026-07-02T08:22:42.175825,completed,
1,MAPE,96,2,selu,2,256,0.3,164.4111328125,38.35403823852539,26.30523109436035,3.941284051618133,26.362069026255092,164.4111328125,10.958075523376465,31.992612838745117,3.5970222272163554,32.133099820032776,83.786865234375,"{""loss"": 41.74894332885742, ""mape"": 41.74894332885742, ""mae"": 9.034721374511719, ""val_loss"": 164.4111328125, ""val_mape"": 164.4111328125, ""val_mae"": 38.35403823852539, ""lr"": 0.00010000000474974513, ""val_mae12"": 26.30523109436035, ""val_me"": 3.941284051618133, ""val_me12"": 26.362069026255092, ""mape_2021"": 83.786865234375, ""mae_2021"": 10.958075523376465, ""mae12_2021"": 31.992612838745117, ""me_2021"": 3.5970222272163554, ""me12_2021"": 32.133099820032776, ""epochs_trained"": 45}",2026-07-02T08:22:42.479343,completed,
1,MAPE,96,2,selu,2,256,0.0,3.6858162879943848,0.7279003858566284,0.8878666162490845,0.14015051606843382,0.330136055230416,3.6858162879943848,0.7173784971237183,0.7766590118408203,0.16602547853733748,-0.2944435614032277,4.030245304107666,"{""loss"": 2.9157652854919434, ""mape"": 2.9157652854919434, ""mae"": 0.5934640169143677, ""val_loss"": 3.6858162879943848, ""val_mape"": 3.6858162879943848, ""val_mae"": 0.7279003858566284, ""lr"": 1.0000000656873453e-05, ""val_mae12"": 0.8878666162490845, ""val_me"": 0.14015051606843382, ""val_me12"": 0.330136055230416, ""mape_2021"": 4.030245304107666, ""mae_2021"": 0.7173784971237183, ""mae12_2021"": 0.7766590118408203, ""me_2021"": 0.16602547853733748, ""me12_2021"": -0.2944435614032277, ""epochs_trained"": 419}",2026-07-02T08:22:57.517447,completed,
1,MAPE,96,2,selu,2,128,0.0,4.0413594245910645,0.8102422952651978,0.9120681285858154,0.17225577850799387,0.3500705561581992,4.0413594245910645,0.7740878462791443,0.7517884969711304,0.194648458094667,-0.23689002067769074,4.20345401763916,"{""loss"": 3.0890307426452637, ""mape"": 3.0890307426452637, ""mae"": 0.633567214012146, ""val_loss"": 4.0413594245910645, ""val_mape"": 4.0413594245910645, ""val_mae"": 0.8102422952651978, ""lr"": 1.0000000656873453e-05, ""val_mae12"": 0.9120681285858154, ""val_me"": 0.17225577850799387, ""val_me12"": 0.3500705561581992, ""mape_2021"": 4.20345401763916, ""mae_2021"": 0.7740878462791443, ""mae12_2021"": 0.7517884969711304, ""me_2021"": 0.194648458094667, ""me12_2021"": -0.23689002067769074, ""epochs_trained"": 520}",2026-07-02T08:22:59.171163,completed,
1,MAPE,96,2,selu,2,64,0.0,3.9830474853515625,0.788327693939209,0.899595320224762,0.14087570674104338,0.3916037551586124,3.9830474853515625,0.7240231037139893,0.777328372001648,0.14690392245204045,-0.24974609250983215,4.092282772064209,"{""loss"": 2.981846809387207, ""mape"": 2.981846809387207, ""mae"": 0.599660336971283, ""val_loss"": 3.9830474853515625, ""val_mape"": 3.9830474853515625, ""val_mae"": 0.788327693939209, ""lr"": 1.0000000656873453e-05, ""val_mae12"": 0.899595320224762, ""val_me"": 0.14087570674104338, ""val_me12"": 0.3916037551586124, ""mape_2021"": 4.092282772064209, ""mae_2021"": 0.7240231037139893, ""mae12_2021"": 0.777328372001648, ""me_2021"": 0.14690392245204045, ""me12_2021"": -0.24974609250983215, ""epochs_trained"": 1005}",2026-07-02T08:23:12.217781,completed,
1,MAPE,96,2,selu,2,32,0.0,4.582210063934326,0.9152588844299316,0.8930820226669312,0.35900864711728986,0.3307634605410752,4.582210063934326,0.85774827003479,0.9398746490478516,0.31673050341898257,-0.4493330174341748,4.803646564483643,"{""loss"": 3.4340977668762207, ""mape"": 3.4340977668762207, ""mae"": 0.7041173577308655, ""val_loss"": 4.582210063934326, ""val_mape"": 4.582210063934326, ""val_mae"": 0.9152588844299316, ""lr"": 0.00010000000474974513, ""val_mae12"": 0.8930820226669312, ""val_me"": 0.35900864711728986, ""val_me12"": 0.3307634605410752, ""mape_2021"": 4.803646564483643, ""mae_2021"": 0.85774827003479, ""mae12_2021"": 0.9398746490478516, ""me_2021"": 0.31673050341898257, ""me12_2021"": -0.4493330174341748, ""epochs_trained"": 1346}",2026-07-02T08:23:23.109938,completed,
1,MAPE,96,2,selu,3,32,0.3,82.60124969482422,12.474018096923828,17.295856475830078,13.312603574787062,17.334958295771816,82.60124969482422,15.912920951843262,21.70680809020996,12.383786611059989,21.834128458448642,88.19062042236328,"{""loss"": 73.72815704345703, ""mape"": 73.72815704345703, ""mae"": 18.18754005432129, ""val_loss"": 82.60124969482422, ""val_mape"": 82.60124969482422, ""val_mae"": 12.474018096923828, ""lr"": 0.00010000000474974513, ""val_mae12"": 17.295856475830078, ""val_me"": 13.312603574787062, ""val_me12"": 17.334958295771816, ""mape_2021"": 88.19062042236328, ""mae_2021"": 15.912920951843262, ""mae12_2021"": 21.70680809020996, ""me_2021"": 12.383786611059989, ""me12_2021"": 21.834128458448642, ""epochs_trained"": 53}",2026-07-02T08:23:40.587166,completed,
1,MAPE,96,2,selu,3,32,0.05,52.59342575073242,12.126739501953125,9.744102478027344,6.424721940076056,9.770410892318399,52.59342575073242,8.314749717712402,12.916192054748535,6.494744786341951,13.004994771252688,51.68915939331055,"{""loss"": 37.162410736083984, ""mape"": 37.162410736083984, ""mae"": 8.198690414428711, ""val_loss"": 52.59342575073242, ""val_mape"": 52.59342575073242, ""val_mae"": 12.126739501953125, ""lr"": 0.00010000000474974513, ""val_mae12"": 9.744102478027344, ""val_me"": 6.424721940076056, ""val_me12"": 9.770410892318399, ""mape_2021"": 51.68915939331055, ""mae_2021"": 8.314749717712402, ""mae12_2021"": 12.916192054748535, ""me_2021"": 6.494744786341951, ""me12_2021"": 13.004994771252688, ""epochs_trained"": 64}",2026-07-02T08:23:40.785791,completed,
1,MAPE,96,2,selu,3,16,0.3,87.095458984375,17.411785125732422,10.714963912963867,17.6249287597434,10.744650289694698,87.095458984375,18.205196380615234,14.11322021484375,16.42632734587221,14.213790290039507,87.60860443115234,"{""loss"": 84.25283813476562, ""mape"": 84.25283813476562, ""mae"": 21.150592803955078, ""val_loss"": 87.095458984375, ""val_mape"": 87.095458984375, ""val_mae"": 17.411785125732422, ""lr"": 0.00010000000474974513, ""val_mae12"": 10.714963912963867, ""val_me"": 17.6249287597434, ""val_me12"": 10.744650289694698, ""mape_2021"": 87.60860443115234, ""mae_2021"": 18.205196380615234, ""mae12_2021"": 14.11322021484375, ""me_2021"": 16.42632734587221, ""me12_2021"": 14.213790290039507, ""epochs_trained"": 58}",2026-07-02T08:23:40.962301,completed,
1,MAPE,96,2,selu,3,32,0.1,64.57984924316406,15.287282943725586,13.465343475341797,4.970918334439751,13.496534946552815,64.57984924316406,7.4610419273376465,16.746883392333984,4.516883602278803,16.83764149439948,52.0994987487793,"{""loss"": 37.56967544555664, ""mape"": 37.56967544555664, ""mae"": 8.328105926513672, ""val_loss"": 64.57984924316406, ""val_mape"": 64.57984924316406, ""val_mae"": 15.287282943725586, ""lr"": 0.00010000000474974513, ""val_mae12"": 13.465343475341797, ""val_me"": 4.970918334439751, ""val_me12"": 13.496534946552815, ""mape_2021"": 52.0994987487793, ""mae_2021"": 7.4610419273376465, ""mae12_2021"": 16.746883392333984, ""me_2021"": 4.516883602278803, ""me12_2021"": 16.83764149439948, ""epochs_trained"": 82}",2026-07-02T08:23:41.659780,completed,
1,MAPE,96,2,selu,3,16,0.1,53.553466796875,11.875969886779785,12.4492769241333,5.14524002426122,12.480004521173393,53.553466796875,7.349143028259277,15.964067459106445,4.872091994958312,16.061541419596093,51.12600326538086,"{""loss"": 41.12586212158203, ""mape"": 41.12586212158203, ""mae"": 9.178754806518555, ""val_loss"": 53.553466796875, ""val_mape"": 53.553466796875, ""val_mae"": 11.875969886779785, ""lr"": 0.00010000000474974513, ""val_mae12"": 12.4492769241333, ""val_me"": 5.14524002426122, ""val_me12"": 12.480004521173393, ""mape_2021"": 51.12600326538086, ""mae_2021"": 7.349143028259277, ""mae12_2021"": 15.964067459106445, ""me_2021"": 4.872091994958312, ""me12_2021"": 16.061541419596093, ""epochs_trained"": 106}",2026-07-02T08:23:43.159612,completed,
1,MAPE,96,2,selu,3,16,0.05,37.68562698364258,9.19814395904541,6.159230709075928,4.622966162734053,6.180732806676998,37.68562698364258,6.426272392272949,8.020711898803711,4.992364466750701,8.06241768734715,36.66933059692383,"{""loss"": 31.498559951782227, ""mape"": 31.498559951782227, ""mae"": 7.314034461975098, ""val_loss"": 37.68562698364258, ""val_mape"": 37.68562698364258, ""val_mae"": 9.19814395904541, ""lr"": 0.00010000000474974513, ""val_mae12"": 6.159230709075928, ""val_me"": 4.622966162734053, ""val_me12"": 6.180732806676998, ""mape_2021"": 36.66933059692383, ""mae_2021"": 6.426272392272949, ""mae12_2021"": 8.020711898803711, ""me_2021"": 4.992364466750701, ""me12_2021"": 8.06241768734715, ""epochs_trained"": 152}",2026-07-02T08:23:47.737876,completed,
1,MAPE,96,2,selu,3,64,0.3,113.28846740722656,19.624629974365234,7.477772235870361,21.273864478296893,7.4808166916079895,113.28846740722656,20.973121643066406,10.27080249786377,19.834404295549003,10.340324200119746,94.02374267578125,"{""loss"": 82.62892150878906, ""mape"": 82.62892150878906, ""mae"": 20.85971450805664, ""val_loss"": 113.28846740722656, ""val_mape"": 113.28846740722656, ""val_mae"": 19.624629974365234, ""lr"": 0.00010000000474974513, ""val_mae12"": 7.477772235870361, ""val_me"": 21.273864478296893, ""val_me12"": 7.4808166916079895, ""mape_2021"": 94.02374267578125, ""mae_2021"": 20.973121643066406, ""mae12_2021"": 10.27080249786377, ""me_2021"": 19.834404295549003, ""me12_2021"": 10.340324200119746, ""epochs_trained"": 32}",2026-07-02T08:23:52.287909,completed,
1,MAPE,96,2,selu,3,64,0.1,72.56324005126953,17.4871826171875,14.141127586364746,5.435110880917413,14.175861278959356,72.56324005126953,8.183670997619629,17.74512481689453,5.069134533990811,17.84574114970979,56.21974182128906,"{""loss"": 36.63064193725586, ""mape"": 36.63064193725586, ""mae"": 8.167251586914062, ""val_loss"": 72.56324005126953, ""val_mape"": 72.56324005126953, ""val_mae"": 17.4871826171875, ""lr"": 0.00010000000474974513, ""val_mae12"": 14.141127586364746, ""val_me"": 5.435110880917413, ""val_me12"": 14.175861278959356, ""mape_2021"": 56.21974182128906, ""mae_2021"": 8.183670997619629, ""mae12_2021"": 17.74512481689453, ""me_2021"": 5.069134533990811, ""me12_2021"": 17.84574114970979, ""epochs_trained"": 56}",2026-07-02T08:23:53.059747,completed,
1,MAPE,96,2,selu,3,64,0.05,26.52052879333496,6.48065710067749,2.1917247772216797,-0.5297935664403783,-0.00918914308932245,26.52052879333496,5.310684680938721,2.7903835773468018,-0.087794174102971,-1.5609263890535416,24.503738403320312,"{""loss"": 18.5112361907959, ""mape"": 18.5112361907959, ""mae"": 4.013849258422852, ""val_loss"": 26.52052879333496, ""val_mape"": 26.52052879333496, ""val_mae"": 6.48065710067749, ""lr"": 0.00010000000474974513, ""val_mae12"": 2.1917247772216797, ""val_me"": -0.5297935664403783, ""val_me12"": -0.00918914308932245, ""mape_2021"": 24.503738403320312, ""mae_2021"": 5.310684680938721, ""mae12_2021"": 2.7903835773468018, ""me_2021"": -0.087794174102971, ""me12_2021"": -1.5609263890535416, ""epochs_trained"": 79}",2026-07-02T08:23:55.008387,completed,
1,MAPE,96,2,selu,3,128,0.3,102.90116119384766,18.371896743774414,3.567253589630127,23.200981905140214,2.6981455706610324,102.90116119384766,22.234838485717773,5.480121612548828,21.701589151222976,4.977813977040134,95.39752960205078,"{""loss"": 82.56298828125, ""mape"": 82.56298828125, ""mae"": 20.877098083496094, ""val_loss"": 102.90116119384766, ""val_mape"": 102.90116119384766, ""val_mae"": 18.371896743774414, ""lr"": 0.00010000000474974513, ""val_mae12"": 3.567253589630127, ""val_me"": 23.200981905140214, ""val_me12"": 2.6981455706610324, ""mape_2021"": 95.39752960205078, ""mae_2021"": 22.234838485717773, ""mae12_2021"": 5.480121612548828, ""me_2021"": 21.701589151222976, ""me12_2021"": 4.977813977040134, ""epochs_trained"": 27}",2026-07-02T08:24:08.716583,completed,
1,MAPE,96,2,selu,3,128,0.1,57.851661682128906,13.889823913574219,16.433517456054688,5.875983555324117,16.46865732443292,57.851661682128906,9.279274940490723,19.796106338500977,5.522954348889048,19.89248556476341,62.59648895263672,"{""loss"": 27.68817710876465, ""mape"": 27.68817710876465, ""mae"": 6.189209461212158, ""val_loss"": 57.851661682128906, ""val_mape"": 57.851661682128906, ""val_mae"": 13.889823913574219, ""lr"": 0.00010000000474974513, ""val_mae12"": 16.433517456054688, ""val_me"": 5.875983555324117, ""val_me12"": 16.46865732443292, ""mape_2021"": 62.59648895263672, ""mae_2021"": 9.279274940490723, ""mae12_2021"": 19.796106338500977, ""me_2021"": 5.522954348889048, ""me12_2021"": 19.89248556476341, ""epochs_trained"": 42}",2026-07-02T08:24:08.829580,completed,
1,MAPE,96,2,selu,3,128,0.05,25.22742462158203,5.864067077636719,2.0053951740264893,-3.6882013256864328,1.984110621046287,25.22742462158203,5.405037879943848,1.566707968711853,-4.0077492324868516,0.876940041486372,23.47507095336914,"{""loss"": 11.557782173156738, ""mape"": 11.557782173156738, ""mae"": 2.5685629844665527, ""val_loss"": 25.22742462158203, ""val_mape"": 25.22742462158203, ""val_mae"": 5.864067077636719, ""lr"": 0.00010000000474974513, ""val_mae12"": 2.0053951740264893, ""val_me"": -3.6882013256864328, ""val_me12"": 1.984110621046287, ""mape_2021"": 23.47507095336914, ""mae_2021"": 5.405037879943848, ""mae12_2021"": 1.566707968711853, ""me_2021"": -4.0077492324868516, ""me12_2021"": 0.876940041486372, ""epochs_trained"": 104}",2026-07-02T08:24:09.288156,completed,
1,MAPE,96,2,selu,3,64,0.0,4.766899585723877,0.9818938970565796,0.8722463250160217,0.36220560118218886,0.3516484419583492,4.766899585723877,0.829615592956543,0.8047449588775635,0.2821330974447369,-0.33847591813951244,4.494388103485107,"{""loss"": 3.358290433883667, ""mape"": 3.358290433883667, ""mae"": 0.6938108205795288, ""val_loss"": 4.766899585723877, ""val_mape"": 4.766899585723877, ""val_mae"": 0.9818938970565796, ""lr"": 1.0000000656873453e-05, ""val_mae12"": 0.8722463250160217, ""val_me"": 0.36220560118218886, ""val_me12"": 0.3516484419583492, ""mape_2021"": 4.494388103485107, ""mae_2021"": 0.829615592956543, ""mae12_2021"": 0.8047449588775635, ""me_2021"": 0.2821330974447369, ""me12_2021"": -0.33847591813951244, ""epochs_trained"": 478}",2026-07-02T08:24:23.886220,completed,
1,MAPE,96,2,selu,3,16,0.0,3.740720272064209,0.7547573447227478,0.9258871078491211,0.07676755875839747,0.3791207844102173,3.740720272064209,0.7059646844863892,0.9765601754188538,0.14930233334736487,-0.4197544368096475,4.158024311065674,"{""loss"": 3.045228958129883, ""mape"": 3.045228958129883, ""mae"": 0.614272952079773, ""val_loss"": 3.740720272064209, ""val_mape"": 3.740720272064209, ""val_mae"": 0.7547573447227478, ""lr"": 0.00010000000474974513, ""val_mae12"": 0.9258871078491211, ""val_me"": 0.07676755875839747, ""val_me12"": 0.3791207844102173, ""mape_2021"": 4.158024311065674, ""mae_2021"": 0.7059646844863892, ""mae12_2021"": 0.9765601754188538, ""me_2021"": 0.14930233334736487, ""me12_2021"": -0.4197544368096475, ""epochs_trained"": 779}",2026-07-02T08:24:29.850299,completed,
1,MAPE,96,2,selu,3,32,0.0,3.9376144409179688,0.7751834392547607,0.9474895596504211,0.177204920657195,0.4105172746229262,3.9376144409179688,0.7307785153388977,0.8595886826515198,0.1619999101941659,-0.2453877529379897,4.128890037536621,"{""loss"": 2.941479206085205, ""mape"": 2.941479206085205, ""mae"": 0.5955682396888733, ""val_loss"": 3.9376144409179688, ""val_mape"": 3.9376144409179688, ""val_mae"": 0.7751834392547607, ""lr"": 1.0000000656873453e-05, ""val_mae12"": 0.9474895596504211, ""val_me"": 0.177204920657195, ""val_me12"": 0.4105172746229262, ""mape_2021"": 4.128890037536621, ""mae_2021"": 0.7307785153388977, ""mae12_2021"": 0.8595886826515198, ""me_2021"": 0.1619999101941659, ""me12_2021"": -0.2453877529379897, ""epochs_trained"": 890}",2026-07-02T08:24:34.549185,completed,
1,MAPE,96,2,selu,3,128,0.0,3.910100221633911,0.7709144353866577,0.952048659324646,0.17236240964459668,0.4323037412388956,3.910100221633911,0.7142629027366638,0.8847835659980774,0.14982542996843637,-0.28624056102108686,4.147633075714111,"{""loss"": 2.9188766479492188, ""mape"": 2.9188766479492188, ""mae"": 0.5940256118774414, ""val_loss"": 3.910100221633911, ""val_mape"": 3.910100221633911, ""val_mae"": 0.7709144353866577, ""lr"": 1.0000000656873453e-05, ""val_mae12"": 0.952048659324646, ""val_me"": 0.17236240964459668, ""val_me12"": 0.4323037412388956, ""mape_2021"": 4.147633075714111, ""mae_2021"": 0.7142629027366638, ""mae12_2021"": 0.8847835659980774, ""me_2021"": 0.14982542996843637, ""me12_2021"": -0.28624056102108686, ""epochs_trained"": 1027}",2026-07-02T08:24:54.629202,completed,
1,MAPE,96,2,selu,3,256,0.3,107.6854476928711,16.66837501525879,4.597282886505127,23.621681918034696,4.349670280279642,107.6854476928711,22.600147247314453,6.659265041351318,21.922239935296666,6.608931624484895,96.94637298583984,"{""loss"": 70.61064910888672, ""mape"": 70.61064910888672, ""mae"": 17.43075180053711, ""val_loss"": 107.6854476928711, ""val_mape"": 107.6854476928711, ""val_mae"": 16.66837501525879, ""lr"": 0.00010000000474974513, ""val_mae12"": 4.597282886505127, ""val_me"": 23.621681918034696, ""val_me12"": 4.349670280279642, ""mape_2021"": 96.94637298583984, ""mae_2021"": 22.600147247314453, ""mae12_2021"": 6.659265041351318, ""me_2021"": 21.922239935296666, ""me12_2021"": 6.608931624484895, ""epochs_trained"": 26}",2026-07-02T08:25:24.566097,completed,
1,MAPE,96,2,selu,3,256,0.1,55.236778259277344,12.869937896728516,3.3726375102996826,-4.659933324899592,0.6447067448682351,55.236778259277344,8.089778900146484,3.884481430053711,-4.1393928284177575,-1.738220327185441,35.02573013305664,"{""loss"": 17.83217430114746, ""mape"": 17.83217430114746, ""mae"": 3.8089191913604736, ""val_loss"": 55.236778259277344, ""val_mape"": 55.236778259277344, ""val_mae"": 12.869937896728516, ""lr"": 0.00010000000474974513, ""val_mae12"": 3.3726375102996826, ""val_me"": -4.659933324899592, ""val_me12"": 0.6447067448682351, ""mape_2021"": 35.02573013305664, ""mae_2021"": 8.089778900146484, ""mae12_2021"": 3.884481430053711, ""me_2021"": -4.1393928284177575, ""me12_2021"": -1.738220327185441, ""epochs_trained"": 47}",2026-07-02T08:25:26.660229,completed,
1,MAPE,96,2,selu,3,256,0.05,26.464481353759766,6.149542331695557,2.7989721298217773,-2.1284255168124844,2.330577974705596,26.464481353759766,4.797181606292725,3.20870304107666,-2.591096539152913,0.31866022148423956,23.753353118896484,"{""loss"": 13.257838249206543, ""mape"": 13.257838249206543, ""mae"": 2.8599655628204346, ""val_loss"": 26.464481353759766, ""val_mape"": 26.464481353759766, ""val_mae"": 6.149542331695557, ""lr"": 0.00010000000474974513, ""val_mae12"": 2.7989721298217773, ""val_me"": -2.1284255168124844, ""val_me12"": 2.330577974705596, ""mape_2021"": 23.753353118896484, ""mae_2021"": 4.797181606292725, ""mae12_2021"": 3.20870304107666, ""me_2021"": -2.591096539152913, ""me12_2021"": 0.31866022148423956, ""epochs_trained"": 60}",2026-07-02T08:25:27.664812,completed,
1,MAPE,96,2,selu,3,256,0.0,3.6983985900878906,0.7352496981620789,0.835396945476532,0.1369458865533776,0.30972979977024867,3.6983985900878906,0.7055550217628479,0.8585957884788513,0.14387141926444702,-0.36298883145903604,4.071243762969971,"{""loss"": 3.015882730484009, ""mape"": 3.015882730484009, ""mae"": 0.6123843789100647, ""val_loss"": 3.6983985900878906, ""val_mape"": 3.6983985900878906, ""val_mae"": 0.7352496981620789, ""lr"": 1.0000000656873453e-05, ""val_mae12"": 0.835396945476532, ""val_me"": 0.1369458865533776, ""val_me12"": 0.30972979977024867, ""mape_2021"": 4.071243762969971, ""mae_2021"": 0.7055550217628479, ""mae12_2021"": 0.8585957884788513, ""me_2021"": 0.14387141926444702, ""me12_2021"": -0.36298883145903604, ""epochs_trained"": 224}",2026-07-02T08:25:42.584514,completed,
1,MAPE,96,3,relu,1,32,0.1,3.4892477989196777,0.6746631264686584,1.0599966049194336,0.10039026122433606,0.444113365793789,3.4892477989196777,0.884617269039154,1.0085798501968384,0.49473623040444714,-0.12193316347228772,4.8528361320495605,"{""loss"": 8.520193099975586, ""mape"": 8.520193099975586, ""mae"": 1.9029359817504883, ""val_loss"": 3.4892477989196777, ""val_mape"": 3.4892477989196777, ""val_mae"": 0.6746631264686584, ""lr"": 0.00010000000474974513, ""val_mae12"": 1.0599966049194336, ""val_me"": 0.10039026122433606, ""val_me12"": 0.444113365793789, ""mape_2021"": 4.8528361320495605, ""mae_2021"": 0.884617269039154, ""mae12_2021"": 1.0085798501968384, ""me_2021"": 0.49473623040444714, ""me12_2021"": -0.12193316347228772, ""epochs_trained"": 1507}",2026-07-02T08:27:04.436016,completed,
1,MAPE,96,3,relu,1,16,0.1,5.570328235626221,1.1108741760253906,1.3555407524108887,0.8265306953961308,0.34456725119011056,5.570328235626221,1.534925103187561,1.2296539545059204,1.2761735090659188,-0.38251703303328877,7.7189435958862305,"{""loss"": 11.708673477172852, ""mape"": 11.708673477172852, ""mae"": 2.6423308849334717, ""val_loss"": 5.570328235626221, ""val_mape"": 5.570328235626221, ""val_mae"": 1.1108741760253906, ""lr"": 1.0000000656873453e-05, ""val_mae12"": 1.3555407524108887, ""val_me"": 0.8265306953961308, ""val_me12"": 0.34456725119011056, ""mape_2021"": 7.7189435958862305, ""mae_2021"": 1.534925103187561, ""mae12_2021"": 1.2296539545059204, ""me_2021"": 1.2761735090659188, ""me12_2021"": -0.38251703303328877, ""epochs_trained"": 1837}",2026-07-02T08:27:11.588100,completed,
1,MAPE,96,3,relu,1,32,0.3,4.75412654876709,0.8777344822883606,1.5781738758087158,0.3846116418981735,1.124424488354678,4.75412654876709,1.1816446781158447,1.0249354839324951,0.9353547453141454,-0.16727918305490364,6.166414737701416,"{""loss"": 14.090888023376465, ""mape"": 14.090888023376465, ""mae"": 3.2575886249542236, ""val_loss"": 4.75412654876709, ""val_mape"": 4.75412654876709, ""val_mae"": 0.8777344822883606, ""lr"": 0.00010000000474974513, ""val_mae12"": 1.5781738758087158, ""val_me"": 0.3846116418981735, ""val_me12"": 1.124424488354678, ""mape_2021"": 6.166414737701416, ""mae_2021"": 1.1816446781158447, ""mae12_2021"": 1.0249354839324951, ""me_2021"": 0.9353547453141454, ""me12_2021"": -0.16727918305490364, ""epochs_trained"": 1505}",2026-07-02T08:27:15.501046,completed,
1,MAPE,96,3,relu,1,16,0.05,3.787816286087036,0.7665575742721558,1.0557308197021484,0.4248070380251962,0.2799326867438707,3.787816286087036,1.0579582452774048,1.4273899793624878,0.8418717977225123,-0.15973270479335333,7.2217793464660645,"{""loss"": 7.450313091278076, ""mape"": 7.450313091278076, ""mae"": 1.6417559385299683, ""val_loss"": 3.787816286087036, ""val_mape"": 3.787816286087036, ""val_mae"": 0.7665575742721558, ""lr"": 0.00010000000474974513, ""val_mae12"": 1.0557308197021484, ""val_me"": 0.4248070380251962, ""val_me12"": 0.2799326867438707, ""mape_2021"": 7.2217793464660645, ""mae_2021"": 1.0579582452774048, ""mae12_2021"": 1.4273899793624878, ""me_2021"": 0.8418717977225123, ""me12_2021"": -0.15973270479335333, ""epochs_trained"": 1938}",2026-07-02T08:27:16.800095,completed,
1,MAPE,96,3,relu,1,32,0.05,3.170334815979004,0.6219558119773865,0.8647934794425964,0.014254315581141798,-0.0024186883668795797,3.170334815979004,0.7714021801948547,1.0393552780151367,0.3838684385759553,-0.4154148398631652,4.531557083129883,"{""loss"": 6.3856282234191895, ""mape"": 6.3856282234191895, ""mae"": 1.4111448526382446, ""val_loss"": 3.170334815979004, ""val_mape"": 3.170334815979004, ""val_mae"": 0.6219558119773865, ""lr"": 0.00010000000474974513, ""val_mae12"": 0.8647934794425964, ""val_me"": 0.014254315581141798, ""val_me12"": -0.0024186883668795797, ""mape_2021"": 4.531557083129883, ""mae_2021"": 0.7714021801948547, ""mae12_2021"": 1.0393552780151367, ""me_2021"": 0.3838684385759553, ""me12_2021"": -0.4154148398631652, ""epochs_trained"": 1815}",2026-07-02T08:27:21.304912,completed,
1,MAPE,96,3,relu,1,16,0.3,5.020655155181885,1.0430011749267578,1.155103087425232,0.8810849585001626,0.4619557821500386,5.020655155181885,1.366281509399414,0.9997293949127197,1.296122496885961,-0.6958407345926824,6.7885894775390625,"{""loss"": 16.548938751220703, ""mape"": 16.548938751220703, ""mae"": 3.9195330142974854, ""val_loss"": 5.020655155181885, ""val_mape"": 5.020655155181885, ""val_mae"": 1.0430011749267578, ""lr"": 1.0000000656873453e-05, ""val_mae12"": 1.155103087425232, ""val_me"": 0.8810849585001626, ""val_me12"": 0.4619557821500386, ""mape_2021"": 6.7885894775390625, ""mae_2021"": 1.366281509399414, ""mae12_2021"": 0.9997293949127197, ""me_2021"": 1.296122496885961, ""me12_2021"": -0.6958407345926824, ""epochs_trained"": 2009}",2026-07-02T08:27:21.446424,completed,
1,MAPE,96,3,relu,1,64,0.1,45.29560089111328,9.257745742797852,9.35339069366455,7.13183766373723,8.913047730228937,45.29560089111328,10.368785858154297,10.497095108032227,8.568397391536086,10.062041655992527,58.94525146484375,"{""loss"": 46.36977767944336, ""mape"": 46.36977767944336, ""mae"": 10.092379570007324, ""val_loss"": 45.29560089111328, ""val_mape"": 45.29560089111328, ""val_mae"": 9.257745742797852, ""lr"": 0.00010000000474974513, ""val_mae12"": 9.35339069366455, ""val_me"": 7.13183766373723, ""val_me12"": 8.913047730228937, ""mape_2021"": 58.94525146484375, ""mae_2021"": 10.368785858154297, ""mae12_2021"": 10.497095108032227, ""me_2021"": 8.568397391536086, ""me12_2021"": 10.062041655992527, ""epochs_trained"": 77}",2026-07-02T08:27:25.480656,completed,
1,MAPE,96,3,relu,1,16,0.0,4.161659240722656,0.849687397480011,1.136230230331421,-0.31036157200781966,0.48625637242869496,4.161659240722656,0.9537348747253418,1.1690276861190796,0.045819382813911166,-0.6993379949049215,5.452401638031006,"{""loss"": 3.9752964973449707, ""mape"": 3.9752964973449707, ""mae"": 0.8281344771385193, ""val_loss"": 4.161659240722656, ""val_mape"": 4.161659240722656, ""val_mae"": 0.849687397480011, ""lr"": 0.00010000000474974513, ""val_mae12"": 1.136230230331421, ""val_me"": -0.31036157200781966, ""val_me12"": 0.48625637242869496, ""mape_2021"": 5.452401638031006, ""mae_2021"": 0.9537348747253418, ""mae12_2021"": 1.1690276861190796, ""me_2021"": 0.045819382813911166, ""me12_2021"": -0.6993379949049215, ""epochs_trained"": 2474}",2026-07-02T08:27:42.946563,completed,
1,MAPE,96,3,relu,1,32,0.0,5.668055534362793,1.2524510622024536,1.3527672290802002,0.1925322593357122,0.8518672365329893,5.668055534362793,1.518812656402588,0.9550204277038574,0.7636977257201301,-0.49045401399493826,7.369843006134033,"{""loss"": 5.926792621612549, ""mape"": 5.926792621612549, ""mae"": 1.370800495147705, ""val_loss"": 5.668055534362793, ""val_mape"": 5.668055534362793, ""val_mae"": 1.2524510622024536, ""lr"": 0.00010000000474974513, ""val_mae12"": 1.3527672290802002, ""val_me"": 0.1925322593357122, ""val_me12"": 0.8518672365329893, ""mape_2021"": 7.369843006134033, ""mae_2021"": 1.518812656402588, ""mae12_2021"": 0.9550204277038574, ""me_2021"": 0.7636977257201301, ""me12_2021"": -0.49045401399493826, ""epochs_trained"": 2411}",2026-07-02T08:27:47.800012,completed,
1,MAPE,96,3,relu,1,64,0.05,4.13522481918335,0.7938384413719177,1.1049613952636719,-0.23295756946660962,0.29828486479799793,4.13522481918335,0.8998945355415344,1.34358811378479,0.21519720466081727,-0.34788497028687,5.634487152099609,"{""loss"": 6.774317741394043, ""mape"": 6.774317741394043, ""mae"": 1.429426908493042, ""val_loss"": 4.13522481918335, ""val_mape"": 4.13522481918335, ""val_mae"": 0.7938384413719177, ""lr"": 9.999999747378752e-06, ""val_mae12"": 1.1049613952636719, ""val_me"": -0.23295756946660962, ""val_me12"": 0.29828486479799793, ""mape_2021"": 5.634487152099609, ""mae_2021"": 0.8998945355415344, ""mae12_2021"": 1.34358811378479, ""me_2021"": 0.21519720466081727, ""me12_2021"": -0.34788497028687, ""epochs_trained"": 1304}",2026-07-02T08:28:17.387083,completed,
1,MAPE,96,3,relu,1,64,0.3,3.59818172454834,0.6834733486175537,1.2210564613342285,0.08218109736461557,0.7864396473103217,3.59818172454834,0.8566373586654663,0.8985863924026489,0.5348529123341978,-0.17710156105894242,4.653909206390381,"{""loss"": 11.104293823242188, ""mape"": 11.104293823242188, ""mae"": 2.533353090286255, ""val_loss"": 3.59818172454834, ""val_mape"": 3.59818172454834, ""val_mae"": 0.6834733486175537, ""lr"": 1.0000000656873453e-05, ""val_mae12"": 1.2210564613342285, ""val_me"": 0.08218109736461557, ""val_me12"": 0.7864396473103217, ""mape_2021"": 4.653909206390381, ""mae_2021"": 0.8566373586654663, ""mae12_2021"": 0.8985863924026489, ""me_2021"": 0.5348529123341978, ""me12_2021"": -0.17710156105894242, ""epochs_trained"": 1226}",2026-07-02T08:28:17.964306,completed,
1,MAPE,96,3,relu,1,64,0.0,3.8846311569213867,0.7601583003997803,1.2674052715301514,-0.24018719426943602,0.985257432503602,3.8846311569213867,0.8774551153182983,1.2014638185501099,0.05472923716660227,-0.4737976875199714,5.288674831390381,"{""loss"": 3.443959951400757, ""mape"": 3.443959951400757, ""mae"": 0.7173600792884827, ""val_loss"": 3.8846311569213867, ""val_mape"": 3.8846311569213867, ""val_mae"": 0.7601583003997803, ""lr"": 0.00010000000474974513, ""val_mae12"": 1.2674052715301514, ""val_me"": -0.24018719426943602, ""val_me12"": 0.985257432503602, ""mape_2021"": 5.288674831390381, ""mae_2021"": 0.8774551153182983, ""mae12_2021"": 1.2014638185501099, ""me_2021"": 0.05472923716660227, ""me12_2021"": -0.4737976875199714, ""epochs_trained"": 2002}",2026-07-02T08:28:35.081324,completed,
1,MAPE,96,3,relu,1,256,0.1,44.34378433227539,9.13724136352539,10.421589851379395,6.947990862131196,10.149972525829394,44.34378433227539,10.255683898925781,11.771208763122559,8.350071212183865,11.464391288087935,59.599422454833984,"{""loss"": 45.547916412353516, ""mape"": 45.547916412353516, ""mae"": 9.904400825500488, ""val_loss"": 44.34378433227539, ""val_mape"": 44.34378433227539, ""val_mae"": 9.13724136352539, ""lr"": 0.00010000000474974513, ""val_mae12"": 10.421589851379395, ""val_me"": 6.947990862131196, ""val_me12"": 10.149972525829394, ""mape_2021"": 59.599422454833984, ""mae_2021"": 10.255683898925781, ""mae12_2021"": 11.771208763122559, ""me_2021"": 8.350071212183865, ""me12_2021"": 11.464391288087935, ""epochs_trained"": 56}",2026-07-02T08:28:58.647566,completed,
1,MAPE,96,3,relu,1,128,0.3,45.33502197265625,9.28972053527832,9.915250778198242,6.951078452866331,9.591388779717905,45.33502197265625,10.346611976623535,11.392102241516113,8.390788423292742,10.952217861715901,59.67930603027344,"{""loss"": 47.46208190917969, ""mape"": 47.46208190917969, ""mae"": 10.35482120513916, ""val_loss"": 45.33502197265625, ""val_mape"": 45.33502197265625, ""val_mae"": 9.28972053527832, ""lr"": 0.00010000000474974513, ""val_mae12"": 9.915250778198242, ""val_me"": 6.951078452866331, ""val_me12"": 9.591388779717905, ""mape_2021"": 59.67930603027344, ""mae_2021"": 10.346611976623535, ""mae12_2021"": 11.392102241516113, ""me_2021"": 8.390788423292742, ""me12_2021"": 10.952217861715901, ""epochs_trained"": 67}",2026-07-02T08:28:59.930086,completed,
1,MAPE,96,3,relu,1,128,0.05,45.256744384765625,9.284584999084473,9.472633361816406,7.205537892819458,9.073768357711282,45.256744384765625,10.392620086669922,10.810929298400879,8.6324645118574,10.300749585842151,59.21486282348633,"{""loss"": 46.0680046081543, ""mape"": 46.0680046081543, ""mae"": 10.006001472473145, ""val_loss"": 45.256744384765625, ""val_mape"": 45.256744384765625, ""val_mae"": 9.284584999084473, ""lr"": 0.00010000000474974513, ""val_mae12"": 9.472633361816406, ""val_me"": 7.205537892819458, ""val_me12"": 9.073768357711282, ""mape_2021"": 59.21486282348633, ""mae_2021"": 10.392620086669922, ""mae12_2021"": 10.810929298400879, ""me_2021"": 8.6324645118574, ""me12_2021"": 10.300749585842151, ""epochs_trained"": 69}",2026-07-02T08:29:00.412990,completed,
1,MAPE,96,3,relu,2,16,0.0,46.064208984375,9.26367473602295,10.148039817810059,7.225179348411287,9.858562168827076,46.064208984375,10.39038372039795,11.940418243408203,8.54382163512352,11.785620511939738,61.91191864013672,"{""loss"": 46.15510559082031, ""mape"": 46.15510559082031, ""mae"": 9.881467819213867, ""val_loss"": 46.064208984375, ""val_mape"": 46.064208984375, ""val_mae"": 9.26367473602295, ""lr"": 0.00010000000474974513, ""val_mae12"": 10.148039817810059, ""val_me"": 7.225179348411287, ""val_me12"": 9.858562168827076, ""mape_2021"": 61.91191864013672, ""mae_2021"": 10.39038372039795, ""mae12_2021"": 11.940418243408203, ""me_2021"": 8.54382163512352, ""me12_2021"": 11.785620511939738, ""epochs_trained"": 118}",2026-07-02T08:29:23.975257,completed,
1,MAPE,96,3,relu,1,256,0.05,3.863168478012085,0.7623111009597778,1.2845873832702637,-0.31339970201357087,0.8752362037908534,3.863168478012085,0.8095312118530273,0.9261901378631592,0.007467657053661654,0.0072195381434476515,4.807798862457275,"{""loss"": 4.727218151092529, ""mape"": 4.727218151092529, ""mae"": 0.975898027420044, ""val_loss"": 3.863168478012085, ""val_mape"": 3.863168478012085, ""val_mae"": 0.7623111009597778, ""lr"": 1.0000000656873453e-05, ""val_mae12"": 1.2845873832702637, ""val_me"": -0.31339970201357087, ""val_me12"": 0.8752362037908534, ""mape_2021"": 4.807798862457275, ""mae_2021"": 0.8095312118530273, ""mae12_2021"": 0.9261901378631592, ""me_2021"": 0.007467657053661654, ""me12_2021"": 0.0072195381434476515, ""epochs_trained"": 760}",2026-07-02T08:30:15.991579,completed,
1,MAPE,96,3,relu,2,32,0.0,46.73491287231445,9.473748207092285,11.58864688873291,7.140177946470106,11.609454769219983,46.73491287231445,10.350995063781738,13.571368217468262,8.403846885433692,13.555196911354368,63.130611419677734,"{""loss"": 46.54497146606445, ""mape"": 46.54497146606445, ""mae"": 10.032722473144531, ""val_loss"": 46.73491287231445, ""val_mape"": 46.73491287231445, ""val_mae"": 9.473748207092285, ""lr"": 0.00010000000474974513, ""val_mae12"": 11.58864688873291, ""val_me"": 7.140177946470106, ""val_me12"": 11.609454769219983, ""mape_2021"": 63.130611419677734, ""mae_2021"": 10.350995063781738, ""mae12_2021"": 13.571368217468262, ""me_2021"": 8.403846885433692, ""me12_2021"": 13.555196911354368, ""epochs_trained"": 78}",2026-07-02T08:30:33.779914,completed,
1,MAPE,96,3,relu,2,16,0.05,3.870487689971924,0.7192007303237915,1.2921218872070312,0.26882078530364917,0.9024768484163852,3.870487689971924,0.9144253730773926,0.8949582576751709,0.6651121607914339,-0.20986704723310204,5.1954803466796875,"{""loss"": 8.639375686645508, ""mape"": 8.639375686645508, ""mae"": 1.9499435424804688, ""val_loss"": 3.870487689971924, ""val_mape"": 3.870487689971924, ""val_mae"": 0.7192007303237915, ""lr"": 1.0000000656873453e-05, ""val_mae12"": 1.2921218872070312, ""val_me"": 0.26882078530364917, ""val_me12"": 0.9024768484163852, ""mape_2021"": 5.1954803466796875, ""mae_2021"": 0.9144253730773926, ""mae12_2021"": 0.8949582576751709, ""me_2021"": 0.6651121607914339, ""me12_2021"": -0.20986704723310204, ""epochs_trained"": 891}",2026-07-02T08:30:47.117767,completed,
1,MAPE,96,3,relu,1,256,0.0,4.280477046966553,0.8561285138130188,1.3361643552780151,-0.1619899928461784,0.9142579768578005,4.280477046966553,0.9602290391921997,1.1155627965927124,0.06860616725394182,-0.6118166266811618,5.407378673553467,"{""loss"": 3.9908158779144287, ""mape"": 3.9908158779144287, ""mae"": 0.8551286458969116, ""val_loss"": 4.280477046966553, ""val_mape"": 4.280477046966553, ""val_mae"": 0.8561285138130188, ""lr"": 1.0000000656873453e-05, ""val_mae12"": 1.3361643552780151, ""val_me"": -0.1619899928461784, ""val_me12"": 0.9142579768578005, ""mape_2021"": 5.407378673553467, ""mae_2021"": 0.9602290391921997, ""mae12_2021"": 1.1155627965927124, ""me_2021"": 0.06860616725394182, ""me12_2021"": -0.6118166266811618, ""epochs_trained"": 1079}",2026-07-02T08:30:48.839367,completed,
1,MAPE,96,3,relu,2,32,0.05,46.65559005737305,9.470895767211914,11.753018379211426,6.932199896022897,11.738695712384343,46.65559005737305,10.29690933227539,13.778253555297852,8.224454024045704,13.763071503058136,62.998966217041016,"{""loss"": 47.438232421875, ""mape"": 47.438232421875, ""mae"": 10.307563781738281, ""val_loss"": 46.65559005737305, ""val_mape"": 46.65559005737305, ""val_mae"": 9.470895767211914, ""lr"": 0.00010000000474974513, ""val_mae12"": 11.753018379211426, ""val_me"": 6.932199896022897, ""val_me12"": 11.738695712384343, ""mape_2021"": 62.998966217041016, ""mae_2021"": 10.29690933227539, ""mae12_2021"": 13.778253555297852, ""me_2021"": 8.224454024045704, ""me12_2021"": 13.763071503058136, ""epochs_trained"": 79}",2026-07-02T08:30:51.323991,completed,
1,MAPE,96,3,relu,2,16,0.3,6.743384838104248,1.3910611867904663,1.4487446546554565,1.19854173547983,0.9699234126875834,6.743384838104248,1.7086063623428345,1.2201467752456665,1.6207572763776923,0.023381470787916452,9.488701820373535,"{""loss"": 19.972618103027344, ""mape"": 19.972618103027344, ""mae"": 4.723088264465332, ""val_loss"": 6.743384838104248, ""val_mape"": 6.743384838104248, ""val_mae"": 1.3910611867904663, ""lr"": 0.00010000000474974513, ""val_mae12"": 1.4487446546554565, ""val_me"": 1.19854173547983, ""val_me12"": 0.9699234126875834, ""mape_2021"": 9.488701820373535, ""mae_2021"": 1.7086063623428345, ""mae12_2021"": 1.2201467752456665, ""me_2021"": 1.6207572763776923, ""me12_2021"": 0.023381470787916452, ""epochs_trained"": 784}",2026-07-02T08:30:57.016918,completed,
1,MAPE,96,3,relu,2,16,0.1,5.561291694641113,1.178114891052246,1.5116586685180664,0.8698544871772014,1.013272223224658,5.561291694641113,1.3557190895080566,1.3126214742660522,1.1662428408223757,0.17477319167008498,7.6501922607421875,"{""loss"": 12.160513877868652, ""mape"": 12.160513877868652, ""mae"": 2.819668769836426, ""val_loss"": 5.561291694641113, ""val_mape"": 5.561291694641113, ""val_mae"": 1.178114891052246, ""lr"": 0.00010000000474974513, ""val_mae12"": 1.5116586685180664, ""val_me"": 0.8698544871772014, ""val_me12"": 1.013272223224658, ""mape_2021"": 7.6501922607421875, ""mae_2021"": 1.3557190895080566, ""mae12_2021"": 1.3126214742660522, ""me_2021"": 1.1662428408223757, ""me12_2021"": 0.17477319167008498, ""epochs_trained"": 1045}",2026-07-02T08:31:00.968441,completed,
1,MAPE,96,3,relu,2,32,0.3,47.87503433227539,9.802520751953125,11.461305618286133,6.991600841095779,11.517406577777262,47.87503433227539,10.35131549835205,13.615307807922363,8.277683893479235,13.640333746576259,63.369747161865234,"{""loss"": 53.23759841918945, ""mape"": 53.23759841918945, ""mae"": 11.815082550048828, ""val_loss"": 47.87503433227539, ""val_mape"": 47.87503433227539, ""val_mae"": 9.802520751953125, ""lr"": 0.00010000000474974513, ""val_mae12"": 11.461305618286133, ""val_me"": 6.991600841095779, ""val_me12"": 11.517406577777262, ""mape_2021"": 63.369747161865234, ""mae_2021"": 10.35131549835205, ""mae12_2021"": 13.615307807922363, ""me_2021"": 8.277683893479235, ""me12_2021"": 13.640333746576259, ""epochs_trained"": 75}",2026-07-02T08:31:03.326950,completed,
1,MAPE,96,3,relu,1,128,0.0,4.09760856628418,0.8447858691215515,1.1700471639633179,-0.2590766380480313,0.6382883775371639,4.09760856628418,0.9429909586906433,1.181824803352356,0.05872649077420882,-0.7507123276772825,5.421674728393555,"{""loss"": 4.027153491973877, ""mape"": 4.027153491973877, ""mae"": 0.8574407696723938, ""val_loss"": 4.09760856628418, ""val_mape"": 4.09760856628418, ""val_mae"": 0.8447858691215515, ""lr"": 1.0000000656873453e-05, ""val_mae12"": 1.1700471639633179, ""val_me"": -0.2590766380480313, ""val_me12"": 0.6382883775371639, ""mape_2021"": 5.421674728393555, ""mae_2021"": 0.9429909586906433, ""mae12_2021"": 1.181824803352356, ""me_2021"": 0.05872649077420882, ""me12_2021"": -0.7507123276772825, ""epochs_trained"": 1336}",2026-07-02T08:31:07.541525,completed,
1,MAPE,96,3,relu,1,256,0.3,11.29228687286377,2.325526237487793,2.907672882080078,0.36747556805920245,2.257960718612534,11.29228687286377,2.75978684425354,2.419738292694092,0.9771499168709102,1.453187942762678,16.017845153808594,"{""loss"": 14.365675926208496, ""mape"": 14.365675926208496, ""mae"": 3.0947976112365723, ""val_loss"": 11.29228687286377, ""val_mape"": 11.29228687286377, ""val_mae"": 2.325526237487793, ""lr"": 1.0000000656873453e-05, ""val_mae12"": 2.907672882080078, ""val_me"": 0.36747556805920245, ""val_me12"": 2.257960718612534, ""mape_2021"": 16.017845153808594, ""mae_2021"": 2.75978684425354, ""mae12_2021"": 2.419738292694092, ""me_2021"": 0.9771499168709102, ""me12_2021"": 1.453187942762678, ""epochs_trained"": 3052}",2026-07-02T08:32:54.035854,completed,
1,MAPE,96,3,relu,2,32,0.1,16.3087158203125,3.1220946311950684,5.291717529296875,0.8957235208506648,4.132247763711436,16.3087158203125,3.332392930984497,3.70595645904541,1.5730282228535102,2.3908606880611347,20.021076202392578,"{""loss"": 18.722877502441406, ""mape"": 18.722877502441406, ""mae"": 3.990853786468506, ""val_loss"": 16.3087158203125, ""val_mape"": 16.3087158203125, ""val_mae"": 3.1220946311950684, ""lr"": 1.0000000656873453e-05, ""val_mae12"": 5.291717529296875, ""val_me"": 0.8957235208506648, ""val_me12"": 4.132247763711436, ""mape_2021"": 20.021076202392578, ""mae_2021"": 3.332392930984497, ""mae12_2021"": 3.70595645904541, ""me_2021"": 1.5730282228535102, ""me12_2021"": 2.3908606880611347, ""epochs_trained"": 2126}",2026-07-02T08:33:03.538286,completed,
1,MAPE,96,3,relu,1,128,0.1,7.843111515045166,1.590330958366394,1.8865197896957397,0.03146617951905246,1.5310402127632075,7.843111515045166,1.8996425867080688,1.9316033124923706,0.4913238280174073,1.436611372269474,11.525351524353027,"{""loss"": 9.948485374450684, ""mape"": 9.948485374450684, ""mae"": 2.136540651321411, ""val_loss"": 7.843111515045166, ""val_mape"": 7.843111515045166, ""val_mae"": 1.590330958366394, ""lr"": 1.0000000656873453e-05, ""val_mae12"": 1.8865197896957397, ""val_me"": 0.03146617951905246, ""val_me12"": 1.5310402127632075, ""mape_2021"": 11.525351524353027, ""mae_2021"": 1.8996425867080688, ""mae12_2021"": 1.9316033124923706, ""me_2021"": 0.4913238280174073, ""me12_2021"": 1.436611372269474, ""epochs_trained"": 5031}",2026-07-02T08:34:14.668913,completed,
1,MAPE,96,3,relu,2,128,0.0,43.74209976196289,8.68631649017334,14.927302360534668,6.511357797212892,15.057339960757483,43.74209976196289,10.08829116821289,17.068771362304688,7.683780480422159,17.19389747605672,64.98468780517578,"{""loss"": 43.695335388183594, ""mape"": 43.695335388183594, ""mae"": 9.310879707336426, ""val_loss"": 43.74209976196289, ""val_mape"": 43.74209976196289, ""val_mae"": 8.68631649017334, ""lr"": 0.00010000000474974513, ""val_mae12"": 14.927302360534668, ""val_me"": 6.511357797212892, ""val_me12"": 15.057339960757483, ""mape_2021"": 64.98468780517578, ""mae_2021"": 10.08829116821289, ""mae12_2021"": 17.068771362304688, ""me_2021"": 7.683780480422159, ""me12_2021"": 17.19389747605672, ""epochs_trained"": 44}",2026-07-02T08:34:37.511909,completed,
1,MAPE,96,3,relu,2,64,0.0,44.829681396484375,9.014530181884766,14.311559677124023,6.614143900285481,14.425043185342792,44.829681396484375,10.110591888427734,16.54313087463379,7.780671726139319,16.650322798483412,64.77822875976562,"{""loss"": 44.293785095214844, ""mape"": 44.293785095214844, ""mae"": 9.55889892578125, ""val_loss"": 44.829681396484375, ""val_mape"": 44.829681396484375, ""val_mae"": 9.014530181884766, ""lr"": 0.00010000000474974513, ""val_mae12"": 14.311559677124023, ""val_me"": 6.614143900285481, ""val_me12"": 14.425043185342792, ""mape_2021"": 64.77822875976562, ""mae_2021"": 10.110591888427734, ""mae12_2021"": 16.54313087463379, ""me_2021"": 7.780671726139319, ""me12_2021"": 16.650322798483412, ""epochs_trained"": 51}",2026-07-02T08:34:38.030076,completed,
1,MAPE,96,3,relu,2,64,0.1,46.23211669921875,9.361452102661133,11.124556541442871,7.324017606401611,11.125482533796221,46.23211669921875,10.382585525512695,12.96221923828125,8.625624391362342,12.9667748138127,62.70397186279297,"{""loss"": 47.26261520385742, ""mape"": 47.26261520385742, ""mae"": 10.226300239562988, ""val_loss"": 46.23211669921875, ""val_mape"": 46.23211669921875, ""val_mae"": 9.361452102661133, ""lr"": 0.00010000000474974513, ""val_mae12"": 11.124556541442871, ""val_me"": 7.324017606401611, ""val_me12"": 11.125482533796221, ""mape_2021"": 62.70397186279297, ""mae_2021"": 10.382585525512695, ""mae12_2021"": 12.96221923828125, ""me_2021"": 8.625624391362342, ""me12_2021"": 12.9667748138127, ""epochs_trained"": 62}",2026-07-02T08:34:39.545105,completed,
1,MAPE,96,3,relu,2,128,0.3,4.810919284820557,0.8321571946144104,2.5861196517944336,-0.05041968451553153,2.4035540710466456,4.810919284820557,0.88177090883255,1.7801382541656494,0.2881829219242814,1.0440570124139992,5.839968681335449,"{""loss"": 10.010576248168945, ""mape"": 10.010576248168945, ""mae"": 2.230870008468628, ""val_loss"": 4.810919284820557, ""val_mape"": 4.810919284820557, ""val_mae"": 0.8321571946144104, ""lr"": 1.0000000656873453e-05, ""val_mae12"": 2.5861196517944336, ""val_me"": -0.05041968451553153, ""val_me12"": 2.4035540710466456, ""mape_2021"": 5.839968681335449, ""mae_2021"": 0.88177090883255, ""mae12_2021"": 1.7801382541656494, ""me_2021"": 0.2881829219242814, ""me12_2021"": 1.0440570124139992, ""epochs_trained"": 436}",2026-07-02T08:35:18.404450,completed,
1,MAPE,96,3,relu,2,128,0.05,4.2258710861206055,0.7686297297477722,2.208038091659546,-0.26612248943033356,1.9180995417650917,4.2258710861206055,0.765907347202301,1.6340641975402832,0.03280486291780523,0.7830983195962228,4.8537397384643555,"{""loss"": 5.2943549156188965, ""mape"": 5.2943549156188965, ""mae"": 1.113774061203003, ""val_loss"": 4.2258710861206055, ""val_mape"": 4.2258710861206055, ""val_mae"": 0.7686297297477722, ""lr"": 1.0000000656873453e-05, ""val_mae12"": 2.208038091659546, ""val_me"": -0.26612248943033356, ""val_me12"": 1.9180995417650917, ""mape_2021"": 4.8537397384643555, ""mae_2021"": 0.765907347202301, ""mae12_2021"": 1.6340641975402832, ""me_2021"": 0.03280486291780523, ""me12_2021"": 0.7830983195962228, ""epochs_trained"": 492}",2026-07-02T08:35:21.510928,completed,
1,MAPE,96,3,relu,2,128,0.1,4.136432647705078,0.7299661636352539,2.1881823539733887,-0.2236648835470884,1.9744347428734503,4.136432647705078,0.7524849772453308,1.6632148027420044,0.10101305487486366,0.8574562260216636,5.044289588928223,"{""loss"": 6.22794771194458, ""mape"": 6.22794771194458, ""mae"": 1.3481520414352417, ""val_loss"": 4.136432647705078, ""val_mape"": 4.136432647705078, ""val_mae"": 0.7299661636352539, ""lr"": 1.0000000656873453e-05, ""val_mae12"": 2.1881823539733887, ""val_me"": -0.2236648835470884, ""val_me12"": 1.9744347428734503, ""mape_2021"": 5.044289588928223, ""mae_2021"": 0.7524849772453308, ""mae12_2021"": 1.6632148027420044, ""me_2021"": 0.10101305487486366, ""me12_2021"": 0.8574562260216636, ""epochs_trained"": 528}",2026-07-02T08:35:23.246681,completed,
1,MAPE,96,3,relu,2,64,0.3,15.947216987609863,3.1186635494232178,4.65690279006958,1.0187958146999774,3.4046721931242154,15.947216987609863,3.358943223953247,3.593999147415161,1.6621631301533843,1.835823883870746,19.598434448242188,"{""loss"": 21.08446502685547, ""mape"": 21.08446502685547, ""mae"": 4.590224742889404, ""val_loss"": 15.947216987609863, ""val_mape"": 15.947216987609863, ""val_mae"": 3.1186635494232178, ""lr"": 1.0000000656873453e-05, ""val_mae12"": 4.65690279006958, ""val_me"": 1.0187958146999774, ""val_me12"": 3.4046721931242154, ""mape_2021"": 19.598434448242188, ""mae_2021"": 3.358943223953247, ""mae12_2021"": 3.593999147415161, ""me_2021"": 1.6621631301533843, ""me12_2021"": 1.835823883870746, ""epochs_trained"": 1406}",2026-07-02T08:36:04.506989,completed,
1,MAPE,96,3,relu,2,64,0.05,15.76389217376709,3.0212161540985107,5.285299777984619,0.7593934332562864,4.0309294237200595,15.76389217376709,3.1395087242126465,4.395303726196289,1.1123589358067811,2.6036077171934475,18.864839553833008,"{""loss"": 15.111598014831543, ""mape"": 15.111598014831543, ""mae"": 3.1430649757385254, ""val_loss"": 15.76389217376709, ""val_mape"": 15.76389217376709, ""val_mae"": 3.0212161540985107, ""lr"": 1.0000000656873453e-05, ""val_mae12"": 5.285299777984619, ""val_me"": 0.7593934332562864, ""val_me12"": 4.0309294237200595, ""mape_2021"": 18.864839553833008, ""mae_2021"": 3.1395087242126465, ""mae12_2021"": 4.395303726196289, ""me_2021"": 1.1123589358067811, ""me12_2021"": 2.6036077171934475, ""epochs_trained"": 1624}",2026-07-02T08:36:12.578600,completed,
2,MAPE,96,2,selu,2,32,0.3,94.6639175415039,21.254257202148438,7.5606770515441895,21.348637097301946,7.449421877145087,94.6639175415039,20.98914337158203,10.451549530029297,19.825553836376592,10.484212719989657,94.62074279785156,"{""loss"": 86.66650390625, ""mape"": 86.66650390625, ""mae"": 22.13692855834961, ""val_loss"": 94.6639175415039, ""val_mape"": 94.6639175415039, ""val_mae"": 21.254257202148438, ""lr"": 0.00010000000474974513, ""val_mae12"": 7.5606770515441895, ""val_me"": 21.348637097301946, ""val_me12"": 7.449421877145087, ""mape_2021"": 94.62074279785156, ""mae_2021"": 20.98914337158203, ""mae12_2021"": 10.451549530029297, ""me_2021"": 19.825553836376592, ""me12_2021"": 10.484212719989657, ""epochs_trained"": 38}",2026-07-03T10:16:55.585339,completed,
2,MAPE,96,2,selu,2,64,0.05,55.74924087524414,12.454914093017578,8.627740859985352,8.408997540299652,8.381730373144562,55.74924087524414,10.407064437866211,12.59464168548584,8.648161119234464,12.548600350522944,62.696685791015625,"{""loss"": 41.97551345825195, ""mape"": 41.97551345825195, ""mae"": 9.050912857055664, ""val_loss"": 55.74924087524414, ""val_mape"": 55.74924087524414, ""val_mae"": 12.454914093017578, ""lr"": 0.00010000000474974513, ""val_mae12"": 8.627740859985352, ""val_me"": 8.408997540299652, ""val_me12"": 8.381730373144562, ""mape_2021"": 62.696685791015625, ""mae_2021"": 10.407064437866211, ""mae12_2021"": 12.59464168548584, ""me_2021"": 8.648161119234464, ""me12_2021"": 12.548600350522944, ""epochs_trained"": 58}",2026-07-03T10:16:56.376013,completed,
2,MAPE,96,2,selu,2,32,0.1,64.56510162353516,14.7794189453125,10.27911376953125,7.820999488589362,10.27221926832513,64.56510162353516,9.888580322265625,14.333581924438477,7.993026979421278,14.430304636815693,60.55350875854492,"{""loss"": 44.979732513427734, ""mape"": 44.979732513427734, ""mae"": 9.801016807556152, ""val_loss"": 64.56510162353516, ""val_mape"": 64.56510162353516, ""val_mae"": 14.7794189453125, ""lr"": 0.00010000000474974513, ""val_mae12"": 10.27911376953125, ""val_me"": 7.820999488589362, ""val_me12"": 10.27221926832513, ""mape_2021"": 60.55350875854492, ""mae_2021"": 9.888580322265625, ""mae12_2021"": 14.333581924438477, ""me_2021"": 7.993026979421278, ""me12_2021"": 14.430304636815693, ""epochs_trained"": 77}",2026-07-03T10:16:56.982206,completed,
2,MAPE,96,2,selu,2,32,0.05,55.18292999267578,12.740636825561523,6.734808921813965,8.013275175915453,6.71036432970457,55.18292999267578,9.978654861450195,9.768620491027832,8.578535771911755,9.775398339644132,55.76633071899414,"{""loss"": 41.927555084228516, ""mape"": 41.927555084228516, ""mae"": 9.325689315795898, ""val_loss"": 55.18292999267578, ""val_mape"": 55.18292999267578, ""val_mae"": 12.740636825561523, ""lr"": 0.00010000000474974513, ""val_mae12"": 6.734808921813965, ""val_me"": 8.013275175915453, ""val_me12"": 6.71036432970457, ""mape_2021"": 55.76633071899414, ""mae_2021"": 9.978654861450195, ""mae12_2021"": 9.768620491027832, ""me_2021"": 8.578535771911755, ""me12_2021"": 9.775398339644132, ""epochs_trained"": 78}",2026-07-03T10:16:57.080205,completed,
2,MAPE,96,2,selu,2,64,0.3,103.33367156982422,22.43398666381836,4.116805076599121,23.51329656265943,3.0725816523443674,103.33367156982422,22.578092575073242,6.44659423828125,21.94302371143412,5.773640505951373,97.88532257080078,"{""loss"": 87.54239654541016, ""mape"": 87.54239654541016, ""mae"": 22.37456512451172, ""val_loss"": 103.33367156982422, ""val_mape"": 103.33367156982422, ""val_mae"": 22.43398666381836, ""lr"": 0.00010000000474974513, ""val_mae12"": 4.116805076599121, ""val_me"": 23.51329656265943, ""val_me12"": 3.0725816523443674, ""mape_2021"": 97.88532257080078, ""mae_2021"": 22.578092575073242, ""mae12_2021"": 6.44659423828125, ""me_2021"": 21.94302371143412, ""me12_2021"": 5.773640505951373, ""epochs_trained"": 28}",2026-07-03T10:17:04.742585,completed,
2,MAPE,96,2,selu,2,64,0.1,63.06239700317383,14.564262390136719,11.164863586425781,7.493996695209183,11.202732659012423,63.06239700317383,9.561695098876953,15.224509239196777,7.441678535947288,15.334283686604273,60.348480224609375,"{""loss"": 42.128108978271484, ""mape"": 42.128108978271484, ""mae"": 9.1485013961792, ""val_loss"": 63.06239700317383, ""val_mape"": 63.06239700317383, ""val_mae"": 14.564262390136719, ""lr"": 0.00010000000474974513, ""val_mae12"": 11.164863586425781, ""val_me"": 7.493996695209183, ""val_me12"": 11.202732659012423, ""mape_2021"": 60.348480224609375, ""mae_2021"": 9.561695098876953, ""mae12_2021"": 15.224509239196777, ""me_2021"": 7.441678535947288, ""me12_2021"": 15.334283686604273, ""epochs_trained"": 61}",2026-07-03T10:17:04.890096,completed,
2,MAPE,96,2,selu,2,128,0.1,57.92825698852539,13.622672080993652,12.836605072021484,7.543548828289681,12.874452393413822,57.92825698852539,10.018095016479492,17.013452529907227,7.588569430474741,17.116782591556568,64.16631317138672,"{""loss"": 38.21809005737305, ""mape"": 38.21809005737305, ""mae"": 8.352818489074707, ""val_loss"": 57.92825698852539, ""val_mape"": 57.92825698852539, ""val_mae"": 13.622672080993652, ""lr"": 0.00010000000474974513, ""val_mae12"": 12.836605072021484, ""val_me"": 7.543548828289681, ""val_me12"": 12.874452393413822, ""mape_2021"": 64.16631317138672, ""mae_2021"": 10.018095016479492, ""mae12_2021"": 17.013452529907227, ""me_2021"": 7.588569430474741, ""me12_2021"": 17.116782591556568, ""epochs_trained"": 49}",2026-07-03T10:17:18.119541,completed,
2,MAPE,96,2,selu,2,128,0.3,152.747802734375,34.46383285522461,33.22800064086914,3.019798071994826,33.29373181054344,152.747802734375,11.616286277770996,41.14280700683594,2.332635111824939,41.32888626526192,98.35671997070312,"{""loss"": 47.153297424316406, ""mape"": 47.153297424316406, ""mae"": 9.910067558288574, ""val_loss"": 152.747802734375, ""val_mape"": 152.747802734375, ""val_mae"": 34.46383285522461, ""lr"": 0.00010000000474974513, ""val_mae12"": 33.22800064086914, ""val_me"": 3.019798071994826, ""val_me12"": 33.29373181054344, ""mape_2021"": 98.35671997070312, ""mae_2021"": 11.616286277770996, ""mae12_2021"": 41.14280700683594, ""me_2021"": 2.332635111824939, ""me12_2021"": 41.32888626526192, ""epochs_trained"": 54}",2026-07-03T10:17:18.542084,completed,
2,MAPE,96,2,selu,2,128,0.05,20.901126861572266,4.749521732330322,3.3802359104156494,-3.966361587437275,3.3711497232339784,20.901126861572266,4.550590991973877,3.165127992630005,-4.233077743263338,3.1493565950499143,22.34906768798828,"{""loss"": 7.417644500732422, ""mape"": 7.417644500732422, ""mae"": 1.6754541397094727, ""val_loss"": 20.901126861572266, ""val_mape"": 20.901126861572266, ""val_mae"": 4.749521732330322, ""lr"": 0.00010000000474974513, ""val_mae12"": 3.3802359104156494, ""val_me"": -3.966361587437275, ""val_me12"": 3.3711497232339784, ""mape_2021"": 22.34906768798828, ""mae_2021"": 4.550590991973877, ""mae12_2021"": 3.165127992630005, ""me_2021"": -4.233077743263338, ""me12_2021"": 3.1493565950499143, ""epochs_trained"": 253}",2026-07-03T10:17:23.030884,completed,
2,MAPE,96,2,selu,2,128,0.0,3.70453143119812,0.726714551448822,0.907574474811554,0.12157452159120599,0.4187028129519568,3.70453143119812,0.7079348564147949,0.7684357166290283,0.16002055501893017,-0.18520359779557205,4.0035319328308105,"{""loss"": 2.889540672302246, ""mape"": 2.889540672302246, ""mae"": 0.5880017876625061, ""val_loss"": 3.70453143119812, ""val_mape"": 3.70453143119812, ""val_mae"": 0.726714551448822, ""lr"": 1.0000000656873453e-05, ""val_mae12"": 0.907574474811554, ""val_me"": 0.12157452159120599, ""val_me12"": 0.4187028129519568, ""mape_2021"": 4.0035319328308105, ""mae_2021"": 0.7079348564147949, ""mae12_2021"": 0.7684357166290283, ""me_2021"": 0.16002055501893017, ""me12_2021"": -0.18520359779557205, ""epochs_trained"": 626}",2026-07-03T10:17:40.140830,completed,
2,MAPE,96,2,selu,2,64,0.0,3.664719820022583,0.7097703814506531,0.9309988021850586,0.12224458689429761,0.39967035562427783,3.664719820022583,0.7031548023223877,0.8099121451377869,0.14560344924640106,-0.23463313021201287,3.989109754562378,"{""loss"": 2.9181790351867676, ""mape"": 2.9181790351867676, ""mae"": 0.5920928716659546, ""val_loss"": 3.664719820022583, ""val_mape"": 3.664719820022583, ""val_mae"": 0.7097703814506531, ""lr"": 1.0000000656873453e-05, ""val_mae12"": 0.9309988021850586, ""val_me"": 0.12224458689429761, ""val_me12"": 0.39967035562427783, ""mape_2021"": 3.989109754562378, ""mae_2021"": 0.7031548023223877, ""mae12_2021"": 0.8099121451377869, ""me_2021"": 0.14560344924640106, ""me12_2021"": -0.23463313021201287, ""epochs_trained"": 994}",2026-07-03T10:17:45.936535,completed,
2,MAPE,96,2,selu,2,32,0.0,4.105414867401123,0.8179441094398499,0.8307238817214966,0.2756891667450419,0.3077163960610465,4.105414867401123,0.7598532438278198,0.9077129364013672,0.2422455318688584,-0.4876933925863169,4.356700420379639,"{""loss"": 3.204087018966675, ""mape"": 3.204087018966675, ""mae"": 0.6509589552879333, ""val_loss"": 4.105414867401123, ""val_mape"": 4.105414867401123, ""val_mae"": 0.8179441094398499, ""lr"": 0.00010000000474974513, ""val_mae12"": 0.8307238817214966, ""val_me"": 0.2756891667450419, ""val_me12"": 0.3077163960610465, ""mape_2021"": 4.356700420379639, ""mae_2021"": 0.7598532438278198, ""mae12_2021"": 0.9077129364013672, ""me_2021"": 0.2422455318688584, ""me12_2021"": -0.4876933925863169, ""epochs_trained"": 1351}",2026-07-03T10:17:55.675563,completed,
2,MAPE,96,2,selu,2,256,0.3,165.43556213378906,38.74109649658203,23.18572425842285,4.445637186003099,23.234610951436604,165.43556213378906,10.48436450958252,27.779727935791016,4.092545972013153,27.899808145489466,76.85743713378906,"{""loss"": 40.20758819580078, ""mape"": 40.20758819580078, ""mae"": 8.737072944641113, ""val_loss"": 165.43556213378906, ""val_mape"": 165.43556213378906, ""val_mae"": 38.74109649658203, ""lr"": 0.00010000000474974513, ""val_mae12"": 23.18572425842285, ""val_me"": 4.445637186003099, ""val_me12"": 23.234610951436604, ""mape_2021"": 76.85743713378906, ""mae_2021"": 10.48436450958252, ""mae12_2021"": 27.779727935791016, ""me_2021"": 4.092545972013153, ""me12_2021"": 27.899808145489466, ""epochs_trained"": 46}",2026-07-03T10:18:20.743448,completed,
2,MAPE,96,2,selu,2,256,0.1,52.56939697265625,12.183675765991211,4.942714214324951,-1.5572999942508887,1.7776331378190178,52.56939697265625,7.810873031616211,5.78369665145874,-1.3731591585251581,-2.1324930127063784,40.0523681640625,"{""loss"": 23.3778076171875, ""mape"": 23.3778076171875, ""mae"": 4.993098258972168, ""val_loss"": 52.56939697265625, ""val_mape"": 52.56939697265625, ""val_mae"": 12.183675765991211, ""lr"": 0.00010000000474974513, ""val_mae12"": 4.942714214324951, ""val_me"": -1.5572999942508887, ""val_me12"": 1.7776331378190178, ""mape_2021"": 40.0523681640625, ""mae_2021"": 7.810873031616211, ""mae12_2021"": 5.78369665145874, ""me_2021"": -1.3731591585251581, ""me12_2021"": -2.1324930127063784, ""epochs_trained"": 56}",2026-07-03T10:18:21.133989,completed,
2,MAPE,96,2,selu,3,16,0.0,42.731361389160156,9.140786170959473,5.773749828338623,7.45522182137075,5.693204213033145,42.731361389160156,8.541940689086914,8.454365730285645,7.466651770710518,8.45949878872937,49.54909133911133,"{""loss"": 33.49037170410156, ""mape"": 33.49037170410156, ""mae"": 7.107425689697266, ""val_loss"": 42.731361389160156, ""val_mape"": 42.731361389160156, ""val_mae"": 9.140786170959473, ""lr"": 0.00010000000474974513, ""val_mae12"": 5.773749828338623, ""val_me"": 7.45522182137075, ""val_me12"": 5.693204213033145, ""mape_2021"": 49.54909133911133, ""mae_2021"": 8.541940689086914, ""mae12_2021"": 8.454365730285645, ""me_2021"": 7.466651770710518, ""me12_2021"": 8.45949878872937, ""epochs_trained"": 94}",2026-07-03T10:18:22.424442,completed,
2,MAPE,96,2,selu,2,256,0.05,25.413957595825195,5.818871021270752,2.6224045753479004,-1.2984298503625773,1.8257228094859073,25.413957595825195,5.187585353851318,3.1880991458892822,-1.9603994892960028,-0.7165527079711859,25.832204818725586,"{""loss"": 15.596023559570312, ""mape"": 15.596023559570312, ""mae"": 3.4059457778930664, ""val_loss"": 25.413957595825195, ""val_mape"": 25.413957595825195, ""val_mae"": 5.818871021270752, ""lr"": 0.00010000000474974513, ""val_mae12"": 2.6224045753479004, ""val_me"": -1.2984298503625773, ""val_me12"": 1.8257228094859073, ""mape_2021"": 25.832204818725586, ""mae_2021"": 5.187585353851318, ""mae12_2021"": 3.1880991458892822, ""me_2021"": -1.9603994892960028, ""me12_2021"": -0.7165527079711859, ""epochs_trained"": 87}",2026-07-03T10:18:22.589445,completed,
2,MAPE,96,2,selu,3,16,0.05,53.162506103515625,12.342253684997559,9.342318534851074,6.801348442955503,9.373195686355475,53.162506103515625,8.841009140014648,12.25574779510498,7.207464649661742,12.347805998097476,53.459678649902344,"{""loss"": 41.44730758666992, ""mape"": 41.44730758666992, ""mae"": 9.391206741333008, ""val_loss"": 53.162506103515625, ""val_mape"": 53.162506103515625, ""val_mae"": 12.342253684997559, ""lr"": 0.00010000000474974513, ""val_mae12"": 9.342318534851074, ""val_me"": 6.801348442955503, ""val_me12"": 9.373195686355475, ""mape_2021"": 53.459678649902344, ""mae_2021"": 8.841009140014648, ""mae12_2021"": 12.25574779510498, ""me_2021"": 7.207464649661742, ""me12_2021"": 12.347805998097476, ""epochs_trained"": 104}",2026-07-03T10:18:23.066930,completed,
2,MAPE,96,2,selu,3,16,0.3,91.75714111328125,18.484222412109375,11.219354629516602,17.560450288251086,11.251223294602791,91.75714111328125,18.161773681640625,14.745091438293457,16.21871271170061,14.843148142357176,87.83050537109375,"{""loss"": 85.94059753417969, ""mape"": 85.94059753417969, ""mae"": 21.641613006591797, ""val_loss"": 91.75714111328125, ""val_mape"": 91.75714111328125, ""val_mae"": 18.484222412109375, ""lr"": 0.00010000000474974513, ""val_mae12"": 11.219354629516602, ""val_me"": 17.560450288251086, ""val_me12"": 11.251223294602791, ""mape_2021"": 87.83050537109375, ""mae_2021"": 18.161773681640625, ""mae12_2021"": 14.745091438293457, ""me_2021"": 16.21871271170061, ""me12_2021"": 14.843148142357176, ""epochs_trained"": 50}",2026-07-03T10:18:31.428746,completed,
2,MAPE,96,2,selu,3,32,0.05,51.927940368652344,12.385031700134277,9.43079948425293,6.480968474778252,9.460164435639673,51.927940368652344,8.6984224319458,12.222702980041504,6.708829529753752,12.301575165361779,51.728153228759766,"{""loss"": 36.876007080078125, ""mape"": 36.876007080078125, ""mae"": 8.377937316894531, ""val_loss"": 51.927940368652344, ""val_mape"": 51.927940368652344, ""val_mae"": 12.385031700134277, ""lr"": 0.00010000000474974513, ""val_mae12"": 9.43079948425293, ""val_me"": 6.480968474778252, ""val_me12"": 9.460164435639673, ""mape_2021"": 51.728153228759766, ""mae_2021"": 8.6984224319458, ""mae12_2021"": 12.222702980041504, ""me_2021"": 6.708829529753752, ""me12_2021"": 12.301575165361779, ""epochs_trained"": 68}",2026-07-03T10:18:33.724075,completed,
2,MAPE,96,2,selu,3,16,0.1,57.51900863647461,13.33525562286377,12.431441307067871,5.1555709904141604,12.460173143100825,57.51900863647461,7.614190101623535,15.532280921936035,5.092717233003829,15.62321551335471,50.92317581176758,"{""loss"": 40.77147674560547, ""mape"": 40.77147674560547, ""mae"": 9.112189292907715, ""val_loss"": 57.51900863647461, ""val_mape"": 57.51900863647461, ""val_mae"": 13.33525562286377, ""lr"": 0.00010000000474974513, ""val_mae12"": 12.431441307067871, ""val_me"": 5.1555709904141604, ""val_me12"": 12.460173143100825, ""mape_2021"": 50.92317581176758, ""mae_2021"": 7.614190101623535, ""mae12_2021"": 15.532280921936035, ""me_2021"": 5.092717233003829, ""me12_2021"": 15.62321551335471, ""epochs_trained"": 112}",2026-07-03T10:18:34.006551,completed,
2,MAPE,96,2,selu,3,32,0.1,77.76592254638672,17.910362243652344,14.968313217163086,6.301294385841436,15.003998041670032,77.76592254638672,8.815055847167969,19.22043800354004,5.930533045272247,19.339998624096925,61.36281204223633,"{""loss"": 42.76770782470703, ""mape"": 42.76770782470703, ""mae"": 9.308089256286621, ""val_loss"": 77.76592254638672, ""val_mape"": 77.76592254638672, ""val_mae"": 17.910362243652344, ""lr"": 0.00010000000474974513, ""val_mae12"": 14.968313217163086, ""val_me"": 6.301294385841436, ""val_me12"": 15.003998041670032, ""mape_2021"": 61.36281204223633, ""mae_2021"": 8.815055847167969, ""mae12_2021"": 19.22043800354004, ""me_2021"": 5.930533045272247, ""me12_2021"": 19.339998624096925, ""epochs_trained"": 69}",2026-07-03T10:18:34.327882,completed,
2,MAPE,96,2,selu,3,32,0.3,75.75492095947266,13.281865119934082,13.845556259155273,14.940381415033947,13.873548043918694,75.75492095947266,16.73371696472168,16.682178497314453,13.846512200001637,16.775356313954408,83.63383483886719,"{""loss"": 76.0763931274414, ""mape"": 76.0763931274414, ""mae"": 19.13806915283203, ""val_loss"": 75.75492095947266, ""val_mape"": 75.75492095947266, ""val_mae"": 13.281865119934082, ""lr"": 0.00010000000474974513, ""val_mae12"": 13.845556259155273, ""val_me"": 14.940381415033947, ""val_me12"": 13.873548043918694, ""mape_2021"": 83.63383483886719, ""mae_2021"": 16.73371696472168, ""mae12_2021"": 16.682178497314453, ""me_2021"": 13.846512200001637, ""me12_2021"": 16.775356313954408, ""epochs_trained"": 59}",2026-07-03T10:18:41.018979,completed,
2,MAPE,96,2,selu,2,256,0.0,3.5405383110046387,0.6881176233291626,0.8519883155822754,0.1101759160303911,0.2981057559585989,3.5405383110046387,0.705174446105957,0.690700352191925,0.15574159088864026,-0.2832009677301353,3.857088327407837,"{""loss"": 2.8966193199157715, ""mape"": 2.8966193199157715, ""mae"": 0.5873847007751465, ""val_loss"": 3.5405383110046387, ""val_mape"": 3.5405383110046387, ""val_mae"": 0.6881176233291626, ""lr"": 1.0000000656873453e-05, ""val_mae12"": 0.8519883155822754, ""val_me"": 0.1101759160303911, ""val_me12"": 0.2981057559585989, ""mape_2021"": 3.857088327407837, ""mae_2021"": 0.705174446105957, ""mae12_2021"": 0.690700352191925, ""me_2021"": 0.15574159088864026, ""me12_2021"": -0.2832009677301353, ""epochs_trained"": 382}",2026-07-03T10:18:41.933998,completed,
2,MAPE,96,2,selu,3,32,0.0,3.852790355682373,0.726105272769928,0.9235029220581055,0.11174424023202793,0.3491891603162996,3.852790355682373,0.6889105439186096,0.7159454822540283,0.1462026080900206,-0.11124867540702284,3.7997868061065674,"{""loss"": 2.99808669090271, ""mape"": 2.99808669090271, ""mae"": 0.5995873212814331, ""val_loss"": 3.852790355682373, ""val_mape"": 3.852790355682373, ""val_mae"": 0.726105272769928, ""lr"": 0.00010000000474974513, ""val_mae12"": 0.9235029220581055, ""val_me"": 0.11174424023202793, ""val_me12"": 0.3491891603162996, ""mape_2021"": 3.7997868061065674, ""mae_2021"": 0.6889105439186096, ""mae12_2021"": 0.7159454822540283, ""me_2021"": 0.1462026080900206, ""me12_2021"": -0.11124867540702284, ""epochs_trained"": 756}",2026-07-03T10:18:57.139223,completed,
2,MAPE,96,2,selu,3,64,0.3,110.37132263183594,20.000503540039062,7.723208427429199,21.08869551073595,7.7472965853425695,110.37132263183594,20.803922653198242,9.930171966552734,19.64889890684615,10.010786740022185,91.84606170654297,"{""loss"": 81.32997131347656, ""mape"": 81.32997131347656, ""mae"": 20.650663375854492, ""val_loss"": 110.37132263183594, ""val_mape"": 110.37132263183594, ""val_mae"": 20.000503540039062, ""lr"": 0.00010000000474974513, ""val_mae12"": 7.723208427429199, ""val_me"": 21.08869551073595, ""val_me12"": 7.7472965853425695, ""mape_2021"": 91.84606170654297, ""mae_2021"": 20.803922653198242, ""mae12_2021"": 9.930171966552734, ""me_2021"": 19.64889890684615, ""me12_2021"": 10.010786740022185, ""epochs_trained"": 33}",2026-07-03T10:19:15.119190,completed,
2,MAPE,96,2,selu,3,64,0.05,48.65753936767578,10.797698020935059,10.18901252746582,6.902238568380958,10.224007127458366,48.65753936767578,8.901652336120605,13.607782363891602,6.748998999648527,13.710118005930886,56.196266174316406,"{""loss"": 34.527225494384766, ""mape"": 34.527225494384766, ""mae"": 7.333787441253662, ""val_loss"": 48.65753936767578, ""val_mape"": 48.65753936767578, ""val_mae"": 10.797698020935059, ""lr"": 0.00010000000474974513, ""val_mae12"": 10.18901252746582, ""val_me"": 6.902238568380958, ""val_me12"": 10.224007127458366, ""mape_2021"": 56.196266174316406, ""mae_2021"": 8.901652336120605, ""mae12_2021"": 13.607782363891602, ""me_2021"": 6.748998999648527, ""me12_2021"": 13.710118005930886, ""epochs_trained"": 45}",2026-07-03T10:19:15.810088,completed,
2,MAPE,96,2,selu,3,64,0.1,77.1854019165039,18.12297821044922,15.065511703491211,6.03805132436617,15.110539334833899,77.1854019165039,8.730254173278809,19.895288467407227,5.579480404873393,20.019606258288086,61.60501480102539,"{""loss"": 39.57829284667969, ""mape"": 39.57829284667969, ""mae"": 8.538497924804688, ""val_loss"": 77.1854019165039, ""val_mape"": 77.1854019165039, ""val_mae"": 18.12297821044922, ""lr"": 0.00010000000474974513, ""val_mae12"": 15.065511703491211, ""val_me"": 6.03805132436617, ""val_me12"": 15.110539334833899, ""mape_2021"": 61.60501480102539, ""mae_2021"": 8.730254173278809, ""mae12_2021"": 19.895288467407227, ""me_2021"": 5.579480404873393, ""me12_2021"": 20.019606258288086, ""epochs_trained"": 51}",2026-07-03T10:19:16.085725,completed,
2,MAPE,96,2,selu,3,128,0.3,101.92416381835938,18.10464096069336,4.007439136505127,23.771373053236974,3.718290535180332,101.92416381835938,22.620073318481445,5.762413024902344,22.036907189454684,5.666070372124022,95.72547912597656,"{""loss"": 81.59445190429688, ""mape"": 81.59445190429688, ""mae"": 20.65049171447754, ""val_loss"": 101.92416381835938, ""val_mape"": 101.92416381835938, ""val_mae"": 18.10464096069336, ""lr"": 0.00010000000474974513, ""val_mae12"": 4.007439136505127, ""val_me"": 23.771373053236974, ""val_me12"": 3.718290535180332, ""mape_2021"": 95.72547912597656, ""mae_2021"": 22.620073318481445, ""mae12_2021"": 5.762413024902344, ""me_2021"": 22.036907189454684, ""me12_2021"": 5.666070372124022, ""epochs_trained"": 28}",2026-07-03T10:19:31.602498,completed,
2,MAPE,96,2,selu,3,128,0.05,19.577775955200195,4.652748107910156,1.765682339668274,-4.514089526730615,1.5211179168861337,19.577775955200195,4.476970672607422,1.5592591762542725,-4.433034955476817,1.27232199325998,20.04985809326172,"{""loss"": 5.9720635414123535, ""mape"": 5.9720635414123535, ""mae"": 1.2948273420333862, ""val_loss"": 19.577775955200195, ""val_mape"": 19.577775955200195, ""val_mae"": 4.652748107910156, ""lr"": 0.00010000000474974513, ""val_mae12"": 1.765682339668274, ""val_me"": -4.514089526730615, ""val_me12"": 1.5211179168861337, ""mape_2021"": 20.04985809326172, ""mae_2021"": 4.476970672607422, ""mae12_2021"": 1.5592591762542725, ""me_2021"": -4.433034955476817, ""me12_2021"": 1.27232199325998, ""epochs_trained"": 175}",2026-07-03T10:19:32.089372,completed,
2,MAPE,96,2,selu,3,128,0.1,47.19454574584961,11.868487358093262,5.84977912902832,-4.47787892535735,5.856217503246375,47.19454574584961,8.963613510131836,5.887509822845459,-3.3004390789395783,5.90721660105559,40.562618255615234,"{""loss"": 20.711158752441406, ""mape"": 20.711158752441406, ""mae"": 4.454981327056885, ""val_loss"": 47.19454574584961, ""val_mape"": 47.19454574584961, ""val_mae"": 11.868487358093262, ""lr"": 0.00010000000474974513, ""val_mae12"": 5.84977912902832, ""val_me"": -4.47787892535735, ""val_me12"": 5.856217503246375, ""mape_2021"": 40.562618255615234, ""mae_2021"": 8.963613510131836, ""mae12_2021"": 5.887509822845459, ""me_2021"": -3.3004390789395783, ""me12_2021"": 5.90721660105559, ""epochs_trained"": 58}",2026-07-03T10:19:33.237053,completed,
2,MAPE,96,2,selu,3,128,0.0,3.708181858062744,0.7280446887016296,0.9036397337913513,0.12021410440619965,0.34889000555893734,3.708181858062744,0.6889278292655945,0.8402244448661804,0.13190292600399242,-0.26069909446376954,3.903097152709961,"{""loss"": 2.9622931480407715, ""mape"": 2.9622931480407715, ""mae"": 0.6010450720787048, ""val_loss"": 3.708181858062744, ""val_mape"": 3.708181858062744, ""val_mae"": 0.7280446887016296, ""lr"": 1.0000000656873453e-05, ""val_mae12"": 0.9036397337913513, ""val_me"": 0.12021410440619965, ""val_me12"": 0.34889000555893734, ""mape_2021"": 3.903097152709961, ""mae_2021"": 0.6889278292655945, ""mae12_2021"": 0.8402244448661804, ""me_2021"": 0.13190292600399242, ""me12_2021"": -0.26069909446376954, ""epochs_trained"": 262}",2026-07-03T10:19:44.579646,completed,
2,MAPE,96,2,selu,3,256,0.3,113.06685638427734,18.17568016052246,2.486250162124634,23.702398234695124,0.9370862842685062,113.06685638427734,22.510393142700195,3.668701171875,22.1929104771765,2.5874384765642153,94.21550750732422,"{""loss"": 69.46004486083984, ""mape"": 69.46004486083984, ""mae"": 17.022672653198242, ""val_loss"": 113.06685638427734, ""val_mape"": 113.06685638427734, ""val_mae"": 18.17568016052246, ""lr"": 0.00010000000474974513, ""val_mae12"": 2.486250162124634, ""val_me"": 23.702398234695124, ""val_me12"": 0.9370862842685062, ""mape_2021"": 94.21550750732422, ""mae_2021"": 22.510393142700195, ""mae12_2021"": 3.668701171875, ""me_2021"": 22.1929104771765, ""me12_2021"": 2.5874384765642153, ""epochs_trained"": 26}",2026-07-03T10:19:53.632301,completed,
2,MAPE,96,2,selu,3,256,0.05,27.16695213317871,6.154131889343262,3.348792314529419,0.7912418142329662,1.0356022027170395,27.16695213317871,5.24153470993042,3.672410249710083,0.841181910045445,-1.4245376763141422,26.381399154663086,"{""loss"": 15.432013511657715, ""mape"": 15.432013511657715, ""mae"": 3.314558982849121, ""val_loss"": 27.16695213317871, ""val_mape"": 27.16695213317871, ""val_mae"": 6.154131889343262, ""lr"": 0.00010000000474974513, ""val_mae12"": 3.348792314529419, ""val_me"": 0.7912418142329662, ""val_me12"": 1.0356022027170395, ""mape_2021"": 26.381399154663086, ""mae_2021"": 5.24153470993042, ""mae12_2021"": 3.672410249710083, ""me_2021"": 0.841181910045445, ""me12_2021"": -1.4245376763141422, ""epochs_trained"": 44}",2026-07-03T10:19:53.729671,completed,
2,MAPE,96,2,selu,3,256,0.1,55.37794494628906,12.695039749145508,5.28743839263916,-5.080297915239532,4.760357929829742,55.37794494628906,8.531347274780273,4.055329322814941,-4.8914689754636544,2.424563191278312,38.86008071899414,"{""loss"": 18.692649841308594, ""mape"": 18.692649841308594, ""mae"": 3.9609429836273193, ""val_loss"": 55.37794494628906, ""val_mape"": 55.37794494628906, ""val_mae"": 12.695039749145508, ""lr"": 0.00010000000474974513, ""val_mae12"": 5.28743839263916, ""val_me"": -5.080297915239532, ""val_me12"": 4.760357929829742, ""mape_2021"": 38.86008071899414, ""mae_2021"": 8.531347274780273, ""mae12_2021"": 4.055329322814941, ""me_2021"": -4.8914689754636544, ""me12_2021"": 2.424563191278312, ""epochs_trained"": 47}",2026-07-03T10:19:54.389965,completed,
2,MAPE,96,2,selu,3,256,0.0,3.5208194255828857,0.6903284192085266,0.8982640504837036,0.0976800431001469,0.4145394517015574,3.5208194255828857,0.6665484309196472,0.7185002565383911,0.12373406112988114,-0.15437612403274747,3.7285282611846924,"{""loss"": 2.9478280544281006, ""mape"": 2.9478280544281006, ""mae"": 0.5977123975753784, ""val_loss"": 3.5208194255828857, ""val_mape"": 3.5208194255828857, ""val_mae"": 0.6903284192085266, ""lr"": 9.999999747378752e-06, ""val_mae12"": 0.8982640504837036, ""val_me"": 0.0976800431001469, ""val_me12"": 0.4145394517015574, ""mape_2021"": 3.7285282611846924, ""mae_2021"": 0.6665484309196472, ""mae12_2021"": 0.7185002565383911, ""me_2021"": 0.12373406112988114, ""me12_2021"": -0.15437612403274747, ""epochs_trained"": 260}",2026-07-03T10:20:00.044974,completed,
2,MAPE,96,2,selu,3,64,0.0,3.9767682552337646,0.790917158126831,0.9082325100898743,0.19186768079460287,0.42012821179383225,3.9767682552337646,0.7318089604377747,0.8475098609924316,0.1605447238834122,-0.26740818817466006,4.140656471252441,"{""loss"": 2.9797937870025635, ""mape"": 2.9797937870025635, ""mae"": 0.6059850454330444, ""val_loss"": 3.9767682552337646, ""val_mape"": 3.9767682552337646, ""val_mae"": 0.790917158126831, ""lr"": 1.0000000656873453e-05, ""val_mae12"": 0.9082325100898743, ""val_me"": 0.19186768079460287, ""val_me12"": 0.42012821179383225, ""mape_2021"": 4.140656471252441, ""mae_2021"": 0.7318089604377747, ""mae12_2021"": 0.8475098609924316, ""me_2021"": 0.1605447238834122, ""me12_2021"": -0.26740818817466006, ""epochs_trained"": 545}",2026-07-03T10:20:02.017256,completed,
2,MAPE,96,3,relu,1,16,0.0,10.828060150146484,2.5144309997558594,1.1265089511871338,0.6185900501485154,0.32431758495286095,10.828060150146484,3.184453010559082,1.245202660560608,2.2328920750654913,-0.8823289327780907,14.449647903442383,"{""loss"": 11.683591842651367, ""mape"": 11.683591842651367, ""mae"": 2.8533339500427246, ""val_loss"": 10.828060150146484, ""val_mape"": 10.828060150146484, ""val_mae"": 2.5144309997558594, ""lr"": 0.00010000000474974513, ""val_mae12"": 1.1265089511871338, ""val_me"": 0.6185900501485154, ""val_me12"": 0.32431758495286095, ""mape_2021"": 14.449647903442383, ""mae_2021"": 3.184453010559082, ""mae12_2021"": 1.245202660560608, ""me_2021"": 2.2328920750654913, ""me12_2021"": -0.8823289327780907, ""epochs_trained"": 1521}",2026-07-03T10:21:17.902520,completed,
2,MAPE,96,3,relu,1,32,0.1,45.89120101928711,9.287392616271973,9.542452812194824,7.072460351649736,9.228179322785653,45.89120101928711,10.436413764953613,10.808527946472168,8.54726578336749,10.54156468668862,60.040409088134766,"{""loss"": 47.400718688964844, ""mape"": 47.400718688964844, ""mae"": 10.252128601074219, ""val_loss"": 45.89120101928711, ""val_mape"": 45.89120101928711, ""val_mae"": 9.287392616271973, ""lr"": 0.00010000000474974513, ""val_mae12"": 9.542452812194824, ""val_me"": 7.072460351649736, ""val_me12"": 9.228179322785653, ""mape_2021"": 60.040409088134766, ""mae_2021"": 10.436413764953613, ""mae12_2021"": 10.808527946472168, ""me_2021"": 8.54726578336749, ""me12_2021"": 10.54156468668862, ""epochs_trained"": 86}",2026-07-03T10:21:25.701780,completed,
2,MAPE,96,3,relu,1,32,0.05,3.2551093101501465,0.6114117503166199,1.0062648057937622,-0.050975328494183195,-0.00907410617361351,3.2551093101501465,0.7537442445755005,1.1302541494369507,0.31639419833711724,-0.4178486775650421,4.407695770263672,"{""loss"": 6.143150806427002, ""mape"": 6.143150806427002, ""mae"": 1.3437931537628174, ""val_loss"": 3.2551093101501465, ""val_mape"": 3.2551093101501465, ""val_mae"": 0.6114117503166199, ""lr"": 1.0000000656873453e-05, ""val_mae12"": 1.0062648057937622, ""val_me"": -0.050975328494183195, ""val_me12"": -0.00907410617361351, ""mape_2021"": 4.407695770263672, ""mae_2021"": 0.7537442445755005, ""mae12_2021"": 1.1302541494369507, ""me_2021"": 0.31639419833711724, ""me12_2021"": -0.4178486775650421, ""epochs_trained"": 1716}",2026-07-03T10:21:26.976623,completed,
2,MAPE,96,3,relu,1,16,0.1,5.141448497772217,1.0503181219100952,1.1407040357589722,0.8210706570690167,0.29447382619146273,5.141448497772217,1.4483726024627686,1.1605952978134155,1.2485925039353394,-0.4045571945789186,7.391010284423828,"{""loss"": 11.377043724060059, ""mape"": 11.377043724060059, ""mae"": 2.5526063442230225, ""val_loss"": 5.141448497772217, ""val_mape"": 5.141448497772217, ""val_mae"": 1.0503181219100952, ""lr"": 0.00010000000474974513, ""val_mae12"": 1.1407040357589722, ""val_me"": 0.8210706570690167, ""val_me12"": 0.29447382619146273, ""mape_2021"": 7.391010284423828, ""mae_2021"": 1.4483726024627686, ""mae12_2021"": 1.1605952978134155, ""me_2021"": 1.2485925039353394, ""me12_2021"": -0.4045571945789186, ""epochs_trained"": 1864}",2026-07-03T10:21:33.205483,completed,
2,MAPE,96,3,relu,1,16,0.05,3.3204805850982666,0.6472762227058411,1.1416147947311401,0.21952445033989296,-0.06757540500825139,3.3204805850982666,0.8643290400505066,1.3382675647735596,0.5825217633340285,-0.5621807180802529,5.2103190422058105,"{""loss"": 6.950066089630127, ""mape"": 6.950066089630127, ""mae"": 1.531998634338379, ""val_loss"": 3.3204805850982666, ""val_mape"": 3.3204805850982666, ""val_mae"": 0.6472762227058411, ""lr"": 0.00010000000474974513, ""val_mae12"": 1.1416147947311401, ""val_me"": 0.21952445033989296, ""val_me12"": -0.06757540500825139, ""mape_2021"": 5.2103190422058105, ""mae_2021"": 0.8643290400505066, ""mae12_2021"": 1.3382675647735596, ""me_2021"": 0.5825217633340285, ""me12_2021"": -0.5621807180802529, ""epochs_trained"": 2036}",2026-07-03T10:21:40.626382,completed,
2,MAPE,96,3,relu,1,32,0.0,4.10766077041626,0.8394298553466797,1.167596697807312,-0.22174046645279785,0.5934571292188873,4.10766077041626,0.9462894201278687,1.102958083152771,0.12836023691016987,-0.7960334580435194,5.340127944946289,"{""loss"": 4.056568145751953, ""mape"": 4.056568145751953, ""mae"": 0.8450674414634705, ""val_loss"": 4.10766077041626, ""val_mape"": 4.10766077041626, ""val_mae"": 0.8394298553466797, ""lr"": 0.00010000000474974513, ""val_mae12"": 1.167596697807312, ""val_me"": -0.22174046645279785, ""val_me12"": 0.5934571292188873, ""mape_2021"": 5.340127944946289, ""mae_2021"": 0.9462894201278687, ""mae12_2021"": 1.102958083152771, ""me_2021"": 0.12836023691016987, ""me12_2021"": -0.7960334580435194, ""epochs_trained"": 2233}",2026-07-03T10:21:49.227635,completed,
2,MAPE,96,3,relu,1,16,0.3,8.241840362548828,1.824807047843933,1.1653220653533936,1.6896899765298556,0.21508821266858424,8.241840362548828,2.2680304050445557,1.1235851049423218,2.2363047450752176,-0.7536407503722393,10.82435417175293,"{""loss"": 20.896472930908203, ""mape"": 20.896472930908203, ""mae"": 4.983226299285889, ""val_loss"": 8.241840362548828, ""val_mape"": 8.241840362548828, ""val_mae"": 1.824807047843933, ""lr"": 0.00010000000474974513, ""val_mae12"": 1.1653220653533936, ""val_me"": 1.6896899765298556, ""val_me12"": 0.21508821266858424, ""mape_2021"": 10.82435417175293, ""mae_2021"": 2.2680304050445557, ""mae12_2021"": 1.1235851049423218, ""me_2021"": 2.2363047450752176, ""me12_2021"": -0.7536407503722393, ""epochs_trained"": 2263}",2026-07-03T10:21:51.991729,completed,
2,MAPE,96,3,relu,1,64,0.3,45.008453369140625,9.161091804504395,9.766329765319824,6.858347853573327,9.358002563593036,45.008453369140625,10.318731307983398,11.019883155822754,8.317528891045766,10.544635844709203,59.076534271240234,"{""loss"": 48.494415283203125, ""mape"": 48.494415283203125, ""mae"": 10.624643325805664, ""val_loss"": 45.008453369140625, ""val_mape"": 45.008453369140625, ""val_mae"": 9.161091804504395, ""lr"": 0.00010000000474974513, ""val_mae12"": 9.766329765319824, ""val_me"": 6.858347853573327, ""val_me12"": 9.358002563593036, ""mape_2021"": 59.076534271240234, ""mae_2021"": 10.318731307983398, ""mae12_2021"": 11.019883155822754, ""me_2021"": 8.317528891045766, ""me12_2021"": 10.544635844709203, ""epochs_trained"": 85}",2026-07-03T10:21:57.714167,completed,
2,MAPE,96,3,relu,1,64,0.05,3.7916202545166016,0.7358797788619995,1.191628336906433,-0.21603406052695906,0.29918712162794975,3.7916202545166016,0.8149678707122803,1.182410478591919,0.1614758900404389,-0.1266231600514668,4.8099045753479,"{""loss"": 6.1715168952941895, ""mape"": 6.1715168952941895, ""mae"": 1.2990095615386963, ""val_loss"": 3.7916202545166016, ""val_mape"": 3.7916202545166016, ""val_mae"": 0.7358797788619995, ""lr"": 1.0000000656873453e-05, ""val_mae12"": 1.191628336906433, ""val_me"": -0.21603406052695906, ""val_me12"": 0.29918712162794975, ""mape_2021"": 4.8099045753479, ""mae_2021"": 0.8149678707122803, ""mae12_2021"": 1.182410478591919, ""me_2021"": 0.1614758900404389, ""me12_2021"": -0.1266231600514668, ""epochs_trained"": 1294}",2026-07-03T10:22:35.746249,completed,
2,MAPE,96,3,relu,1,64,0.1,3.363941192626953,0.6621949076652527,0.8901245594024658,-0.14726087854695283,0.08722740100087062,3.363941192626953,0.7734062075614929,1.2030255794525146,0.252379366048751,-0.2011968569528676,4.930170059204102,"{""loss"": 6.9518842697143555, ""mape"": 6.9518842697143555, ""mae"": 1.5265281200408936, ""val_loss"": 3.363941192626953, ""val_mape"": 3.363941192626953, ""val_mae"": 0.6621949076652527, ""lr"": 1.0000000656873453e-05, ""val_mae12"": 0.8901245594024658, ""val_me"": -0.14726087854695283, ""val_me12"": 0.08722740100087062, ""mape_2021"": 4.930170059204102, ""mae_2021"": 0.7734062075614929, ""mae12_2021"": 1.2030255794525146, ""me_2021"": 0.252379366048751, ""me12_2021"": -0.2011968569528676, ""epochs_trained"": 1312}",2026-07-03T10:22:42.343903,completed,
2,MAPE,96,3,relu,1,32,0.3,3.6198601722717285,0.714599072933197,1.0892285108566284,0.4013921579053335,0.548137292420165,3.6198601722717285,0.9667056202888489,0.8651994466781616,0.8202476845060181,-0.6043175155547433,5.059789657592773,"{""loss"": 13.507987976074219, ""mape"": 13.507987976074219, ""mae"": 3.1825642585754395, ""val_loss"": 3.6198601722717285, ""val_mape"": 3.6198601722717285, ""val_mae"": 0.714599072933197, ""lr"": 0.00010000000474974513, ""val_mae12"": 1.0892285108566284, ""val_me"": 0.4013921579053335, ""val_me12"": 0.548137292420165, ""mape_2021"": 5.059789657592773, ""mae_2021"": 0.9667056202888489, ""mae12_2021"": 0.8651994466781616, ""me_2021"": 0.8202476845060181, ""me12_2021"": -0.6043175155547433, ""epochs_trained"": 1742}",2026-07-03T10:22:44.711814,completed,
2,MAPE,96,3,relu,1,64,0.0,5.108707904815674,1.0540844202041626,1.596048355102539,-0.0134295177043502,1.2326707527736132,5.108707904815674,1.1936235427856445,1.082839846611023,0.2920898832618827,0.04682119933935721,6.452541828155518,"{""loss"": 4.629417896270752, ""mape"": 4.629417896270752, ""mae"": 1.0413389205932617, ""val_loss"": 5.108707904815674, ""val_mape"": 5.108707904815674, ""val_mae"": 1.0540844202041626, ""lr"": 1.0000000656873453e-05, ""val_mae12"": 1.596048355102539, ""val_me"": -0.0134295177043502, ""val_me12"": 1.2326707527736132, ""mape_2021"": 6.452541828155518, ""mae_2021"": 1.1936235427856445, ""mae12_2021"": 1.082839846611023, ""me_2021"": 0.2920898832618827, ""me12_2021"": 0.04682119933935721, ""epochs_trained"": 9054}",2026-07-03T10:26:26.559463,completed,
2,MAPE,96,3,relu,1,128,0.3,45.577518463134766,9.374568939208984,9.499656677246094,7.07830972821566,9.161839072088089,45.577518463134766,10.410741806030273,10.874510765075684,8.503052668078126,10.537267325358869,59.796600341796875,"{""loss"": 47.47392272949219, ""mape"": 47.47392272949219, ""mae"": 10.330830574035645, ""val_loss"": 45.577518463134766, ""val_mape"": 45.577518463134766, ""val_mae"": 9.374568939208984, ""lr"": 0.00010000000474974513, ""val_mae12"": 9.499656677246094, ""val_me"": 7.07830972821566, ""val_me12"": 9.161839072088089, ""mape_2021"": 59.796600341796875, ""mae_2021"": 10.410741806030273, ""mae12_2021"": 10.874510765075684, ""me_2021"": 8.503052668078126, ""me12_2021"": 10.537267325358869, ""epochs_trained"": 64}",2026-07-03T10:26:44.320597,completed,
2,MAPE,96,3,relu,1,128,0.1,45.62074279785156,9.35284423828125,9.927401542663574,6.904104502056712,9.585919397424082,45.62074279785156,10.399839401245117,11.518285751342773,8.352152620191069,11.211556745054054,60.626258850097656,"{""loss"": 46.52646255493164, ""mape"": 46.52646255493164, ""mae"": 10.10826301574707, ""val_loss"": 45.62074279785156, ""val_mape"": 45.62074279785156, ""val_mae"": 9.35284423828125, ""lr"": 0.00010000000474974513, ""val_mae12"": 9.927401542663574, ""val_me"": 6.904104502056712, ""val_me12"": 9.585919397424082, ""mape_2021"": 60.626258850097656, ""mae_2021"": 10.399839401245117, ""mae12_2021"": 11.518285751342773, ""me_2021"": 8.352152620191069, ""me12_2021"": 11.211556745054054, ""epochs_trained"": 66}",2026-07-03T10:26:44.523601,completed,
2,MAPE,96,3,relu,1,256,0.05,3.925297975540161,0.7812755703926086,1.0726900100708008,-0.3199373596815163,0.7182716836620916,3.925297975540161,0.8410849571228027,1.0036342144012451,-0.0020936613909059644,-0.07262146516138265,5.158985614776611,"{""loss"": 4.8477253913879395, ""mape"": 4.8477253913879395, ""mae"": 1.0044968128204346, ""val_loss"": 3.925297975540161, ""val_mape"": 3.925297975540161, ""val_mae"": 0.7812755703926086, ""lr"": 1.0000000656873453e-05, ""val_mae12"": 1.0726900100708008, ""val_me"": -0.3199373596815163, ""val_me12"": 0.7182716836620916, ""mape_2021"": 5.158985614776611, ""mae_2021"": 0.8410849571228027, ""mae12_2021"": 1.0036342144012451, ""me_2021"": -0.0020936613909059644, ""me12_2021"": -0.07262146516138265, ""epochs_trained"": 774}",2026-07-03T10:27:59.739624,completed,
2,MAPE,96,3,relu,1,256,0.1,3.889312982559204,0.7672737836837769,0.9695104360580444,-0.3354955002626306,0.47862166048470417,3.889312982559204,0.8386668562889099,0.9883396029472351,0.004361639252317282,0.018078106264885326,5.03839635848999,"{""loss"": 5.470815181732178, ""mape"": 5.470815181732178, ""mae"": 1.1393661499023438, ""val_loss"": 3.889312982559204, ""val_mape"": 3.889312982559204, ""val_mae"": 0.7672737836837769, ""lr"": 1.0000000656873453e-05, ""val_mae12"": 0.9695104360580444, ""val_me"": -0.3354955002626306, ""val_me12"": 0.47862166048470417, ""mape_2021"": 5.03839635848999, ""mae_2021"": 0.8386668562889099, ""mae12_2021"": 0.9883396029472351, ""me_2021"": 0.004361639252317282, ""me12_2021"": 0.018078106264885326, ""epochs_trained"": 718}",2026-07-03T10:28:08.478608,completed,
2,MAPE,96,3,relu,2,16,0.0,46.840003967285156,9.421077728271484,10.796204566955566,7.0921281217217835,10.811514580912881,46.840003967285156,10.396214485168457,12.788652420043945,8.367697221497536,12.756427227604782,62.70858383178711,"{""loss"": 46.601200103759766, ""mape"": 46.601200103759766, ""mae"": 9.985307693481445, ""val_loss"": 46.840003967285156, ""val_mape"": 46.840003967285156, ""val_mae"": 9.421077728271484, ""lr"": 0.00010000000474974513, ""val_mae12"": 10.796204566955566, ""val_me"": 7.0921281217217835, ""val_me12"": 10.811514580912881, ""mape_2021"": 62.70858383178711, ""mae_2021"": 10.396214485168457, ""mae12_2021"": 12.788652420043945, ""me_2021"": 8.367697221497536, ""me12_2021"": 12.756427227604782, ""epochs_trained"": 114}",2026-07-03T10:28:16.631541,completed,
2,MAPE,96,3,relu,1,128,0.05,3.5948526859283447,0.6915609240531921,0.975571870803833,-0.2841343657959283,0.31723077974104164,3.5948526859283447,0.767722487449646,0.9559971690177917,0.0452898033253806,-0.2765660317865186,4.580988883972168,"{""loss"": 4.789999961853027, ""mape"": 4.789999961853027, ""mae"": 1.0037109851837158, ""val_loss"": 3.5948526859283447, ""val_mape"": 3.5948526859283447, ""val_mae"": 0.6915609240531921, ""lr"": 0.00010000000474974513, ""val_mae12"": 0.975571870803833, ""val_me"": -0.2841343657959283, ""val_me12"": 0.31723077974104164, ""mape_2021"": 4.580988883972168, ""mae_2021"": 0.767722487449646, ""mae12_2021"": 0.9559971690177917, ""me_2021"": 0.0452898033253806, ""me12_2021"": -0.2765660317865186, ""epochs_trained"": 1012}",2026-07-03T10:28:19.051298,completed,
2,MAPE,96,3,relu,2,16,0.05,46.39666748046875,9.275015830993652,10.70191478729248,7.112553312670532,10.707802254770034,46.39666748046875,10.384218215942383,12.687129020690918,8.397776601665077,12.698317557831114,62.83832550048828,"{""loss"": 49.36013412475586, ""mape"": 49.36013412475586, ""mae"": 10.71721076965332, ""val_loss"": 46.39666748046875, ""val_mape"": 46.39666748046875, ""val_mae"": 9.275015830993652, ""lr"": 0.00010000000474974513, ""val_mae12"": 10.70191478729248, ""val_me"": 7.112553312670532, ""val_me12"": 10.707802254770034, ""mape_2021"": 62.83832550048828, ""mae_2021"": 10.384218215942383, ""mae12_2021"": 12.687129020690918, ""me_2021"": 8.397776601665077, ""me12_2021"": 12.698317557831114, ""epochs_trained"": 130}",2026-07-03T10:28:24.584056,completed,
2,MAPE,96,3,relu,1,256,0.0,4.0662841796875,0.80157071352005,1.1525020599365234,-0.15196453413825448,0.7051375540138054,4.0662841796875,0.8496982455253601,1.0383256673812866,0.20539980418610104,-0.5204973778420526,4.899629592895508,"{""loss"": 3.9038610458374023, ""mape"": 3.9038610458374023, ""mae"": 0.8234823942184448, ""val_loss"": 4.0662841796875, ""val_mape"": 4.0662841796875, ""val_mae"": 0.80157071352005, ""lr"": 0.00010000000474974513, ""val_mae12"": 1.1525020599365234, ""val_me"": -0.15196453413825448, ""val_me12"": 0.7051375540138054, ""mape_2021"": 4.899629592895508, ""mae_2021"": 0.8496982455253601, ""mae12_2021"": 1.0383256673812866, ""me_2021"": 0.20539980418610104, ""me12_2021"": -0.5204973778420526, ""epochs_trained"": 1108}",2026-07-03T10:28:25.973942,completed,
2,MAPE,96,3,relu,2,16,0.1,46.17581558227539,9.426681518554688,9.788857460021973,7.18763764538263,9.504200099720393,46.17581558227539,10.333742141723633,11.265124320983887,8.539916043419353,11.097455887036801,60.44398498535156,"{""loss"": 50.231590270996094, ""mape"": 50.231590270996094, ""mae"": 11.091686248779297, ""val_loss"": 46.17581558227539, ""val_mape"": 46.17581558227539, ""val_mae"": 9.426681518554688, ""lr"": 0.00010000000474974513, ""val_mae12"": 9.788857460021973, ""val_me"": 7.18763764538263, ""val_me12"": 9.504200099720393, ""mape_2021"": 60.44398498535156, ""mae_2021"": 10.333742141723633, ""mae12_2021"": 11.265124320983887, ""me_2021"": 8.539916043419353, ""me12_2021"": 11.097455887036801, ""epochs_trained"": 96}",2026-07-03T10:28:28.598303,completed,
2,MAPE,96,3,relu,2,16,0.3,5.388258934020996,1.0334171056747437,1.5697999000549316,0.766659175061577,1.2855561358988563,5.388258934020996,1.3235619068145752,1.2821815013885498,1.1921577318216485,0.38278467261521293,8.413847923278809,"{""loss"": 18.837928771972656, ""mape"": 18.837928771972656, ""mae"": 4.43890380859375, ""val_loss"": 5.388258934020996, ""val_mape"": 5.388258934020996, ""val_mae"": 1.0334171056747437, ""lr"": 0.00010000000474974513, ""val_mae12"": 1.5697999000549316, ""val_me"": 0.766659175061577, ""val_me12"": 1.2855561358988563, ""mape_2021"": 8.413847923278809, ""mae_2021"": 1.3235619068145752, ""mae12_2021"": 1.2821815013885498, ""me_2021"": 1.1921577318216485, ""me12_2021"": 0.38278467261521293, ""epochs_trained"": 788}",2026-07-03T10:29:05.187328,completed,
2,MAPE,96,3,relu,1,256,0.3,13.290129661560059,2.694826364517212,3.7040765285491943,0.5631558164443033,2.912185732702103,13.290129661560059,3.1787686347961426,2.5369553565979004,1.3254876410688274,1.2858519609146146,17.7773494720459,"{""loss"": 16.298675537109375, ""mape"": 16.298675537109375, ""mae"": 3.502782106399536, ""val_loss"": 13.290129661560059, ""val_mape"": 13.290129661560059, ""val_mae"": 2.694826364517212, ""lr"": 9.999999747378752e-06, ""val_mae12"": 3.7040765285491943, ""val_me"": 0.5631558164443033, ""val_me12"": 2.912185732702103, ""mape_2021"": 17.7773494720459, ""mae_2021"": 3.1787686347961426, ""mae12_2021"": 2.5369553565979004, ""me_2021"": 1.3254876410688274, ""me12_2021"": 1.2858519609146146, ""epochs_trained"": 2642}",2026-07-03T10:29:54.853412,completed,
2,MAPE,96,3,relu,1,128,0.0,4.596785068511963,0.9300414323806763,1.5581003427505493,-0.10716576416647389,1.2238318782358428,4.596785068511963,1.0419154167175293,1.1254079341888428,0.15351549923230973,0.04764646276120172,5.703586578369141,"{""loss"": 4.0423407554626465, ""mape"": 4.0423407554626465, ""mae"": 0.9048979878425598, ""val_loss"": 4.596785068511963, ""val_mape"": 4.596785068511963, ""val_mae"": 0.9300414323806763, ""lr"": 1.0000000656873453e-05, ""val_mae12"": 1.5581003427505493, ""val_me"": -0.10716576416647389, ""val_me12"": 1.2238318782358428, ""mape_2021"": 5.703586578369141, ""mae_2021"": 1.0419154167175293, ""mae12_2021"": 1.1254079341888428, ""me_2021"": 0.15351549923230973, ""me12_2021"": 0.04764646276120172, ""epochs_trained"": 7774}",2026-07-03T10:32:32.184869,completed,
2,MAPE,96,3,relu,2,32,0.1,46.29743194580078,9.499700546264648,10.499988555908203,7.379397022737704,10.242303167692219,46.29743194580078,10.395538330078125,12.27186393737793,8.695314971468148,12.055710997000395,61.69296646118164,"{""loss"": 47.452205657958984, ""mape"": 47.452205657958984, ""mae"": 10.416804313659668, ""val_loss"": 46.29743194580078, ""val_mape"": 46.29743194580078, ""val_mae"": 9.499700546264648, ""lr"": 0.00010000000474974513, ""val_mae12"": 10.499988555908203, ""val_me"": 7.379397022737704, ""val_me12"": 10.242303167692219, ""mape_2021"": 61.69296646118164, ""mae_2021"": 10.395538330078125, ""mae12_2021"": 12.27186393737793, ""me_2021"": 8.695314971468148, ""me12_2021"": 12.055710997000395, ""epochs_trained"": 61}",2026-07-03T10:32:46.987097,completed,
2,MAPE,96,3,relu,2,32,0.05,47.77086639404297,9.703123092651367,12.893986701965332,6.678254447059906,12.981804248554125,47.77086639404297,10.3325834274292,15.274675369262695,7.945743624053799,15.333662537770751,65.07958984375,"{""loss"": 47.790958404541016, ""mape"": 47.790958404541016, ""mae"": 10.365135192871094, ""val_loss"": 47.77086639404297, ""val_mape"": 47.77086639404297, ""val_mae"": 9.703123092651367, ""lr"": 0.00010000000474974513, ""val_mae12"": 12.893986701965332, ""val_me"": 6.678254447059906, ""val_me12"": 12.981804248554125, ""mape_2021"": 65.07958984375, ""mae_2021"": 10.3325834274292, ""mae12_2021"": 15.274675369262695, ""me_2021"": 7.945743624053799, ""me12_2021"": 15.333662537770751, ""epochs_trained"": 62}",2026-07-03T10:32:47.019108,completed,
2,MAPE,96,3,relu,2,64,0.1,45.815364837646484,9.250097274780273,12.978063583374023,6.603537005229903,13.072773353631108,45.815364837646484,10.145072937011719,14.90414810180664,7.894581639901308,14.993873420946636,63.366172790527344,"{""loss"": 46.4455451965332, ""mape"": 46.4455451965332, ""mae"": 10.078962326049805, ""val_loss"": 45.815364837646484, ""val_mape"": 45.815364837646484, ""val_mae"": 9.250097274780273, ""lr"": 0.00010000000474974513, ""val_mae12"": 12.978063583374023, ""val_me"": 6.603537005229903, ""val_me12"": 13.072773353631108, ""mape_2021"": 63.366172790527344, ""mae_2021"": 10.145072937011719, ""mae12_2021"": 14.90414810180664, ""me_2021"": 7.894581639901308, ""me12_2021"": 14.993873420946636, ""epochs_trained"": 55}",2026-07-03T10:32:55.993036,completed,
2,MAPE,96,3,relu,2,64,0.0,4.186059474945068,0.7642253041267395,1.7998327016830444,-0.2783964416439045,1.579778529555021,4.186059474945068,0.8268757462501526,1.2408055067062378,0.017749787964077394,0.19960361386179315,4.9352874755859375,"{""loss"": 3.5543086528778076, ""mape"": 3.5543086528778076, ""mae"": 0.7118778824806213, ""val_loss"": 4.186059474945068, ""val_mape"": 4.186059474945068, ""val_mae"": 0.7642253041267395, ""lr"": 0.00010000000474974513, ""val_mae12"": 1.7998327016830444, ""val_me"": -0.2783964416439045, ""val_me12"": 1.579778529555021, ""mape_2021"": 4.9352874755859375, ""mae_2021"": 0.8268757462501526, ""mae12_2021"": 1.2408055067062378, ""me_2021"": 0.017749787964077394, ""me12_2021"": 0.19960361386179315, ""epochs_trained"": 667}",2026-07-03T10:33:25.839182,completed,
2,MAPE,96,3,relu,2,64,0.05,3.945632219314575,0.7134920954704285,1.898396611213684,-0.25277990722500765,1.6509204703464535,3.945632219314575,0.7399063110351562,1.3899970054626465,0.0929792430597028,0.5888513743143992,4.665985584259033,"{""loss"": 6.030880928039551, ""mape"": 6.030880928039551, ""mae"": 1.3084444999694824, ""val_loss"": 3.945632219314575, ""val_mape"": 3.945632219314575, ""val_mae"": 0.7134920954704285, ""lr"": 1.0000000656873453e-05, ""val_mae12"": 1.898396611213684, ""val_me"": -0.25277990722500765, ""val_me12"": 1.6509204703464535, ""mape_2021"": 4.665985584259033, ""mae_2021"": 0.7399063110351562, ""mae12_2021"": 1.3899970054626465, ""me_2021"": 0.0929792430597028, ""me12_2021"": 0.5888513743143992, ""epochs_trained"": 662}",2026-07-03T10:33:26.986333,completed,
2,MAPE,96,3,relu,2,32,0.3,4.5923871994018555,0.8506706953048706,1.8106359243392944,0.4817400863569227,1.5621426268168375,4.5923871994018555,1.1059379577636719,1.0806716680526733,0.8769118820620411,-0.07851322190236776,5.897986888885498,"{""loss"": 15.3510160446167, ""mape"": 15.3510160446167, ""mae"": 3.6038451194763184, ""val_loss"": 4.5923871994018555, ""val_mape"": 4.5923871994018555, ""val_mae"": 0.8506706953048706, ""lr"": 0.00010000000474974513, ""val_mae12"": 1.8106359243392944, ""val_me"": 0.4817400863569227, ""val_me12"": 1.5621426268168375, ""mape_2021"": 5.897986888885498, ""mae_2021"": 1.1059379577636719, ""mae12_2021"": 1.0806716680526733, ""me_2021"": 0.8769118820620411, ""me12_2021"": -0.07851322190236776, ""epochs_trained"": 688}",2026-07-03T10:33:27.349949,completed,
2,MAPE,96,3,relu,2,64,0.3,4.348779678344727,0.7704338431358337,1.9725536108016968,0.11320049524947058,1.6859387787223625,4.348779678344727,0.9161158800125122,1.1393462419509888,0.5269913883919524,0.14103746660722014,5.463545322418213,"{""loss"": 12.572744369506836, ""mape"": 12.572744369506836, ""mae"": 2.8927109241485596, ""val_loss"": 4.348779678344727, ""val_mape"": 4.348779678344727, ""val_mae"": 0.7704338431358337, ""lr"": 9.999999747378752e-06, ""val_mae12"": 1.9725536108016968, ""val_me"": 0.11320049524947058, ""val_me12"": 1.6859387787223625, ""mape_2021"": 5.463545322418213, ""mae_2021"": 0.9161158800125122, ""mae12_2021"": 1.1393462419509888, ""me_2021"": 0.5269913883919524, ""me12_2021"": 0.14103746660722014, ""epochs_trained"": 596}",2026-07-03T10:33:32.917891,completed,
2,MAPE,96,3,relu,2,128,0.0,4.145402431488037,0.788206160068512,1.7951791286468506,-0.3674747034455352,1.4838809364056962,4.145402431488037,0.7992136478424072,1.4925322532653809,-0.04382331300193274,0.6856468413533486,4.985294818878174,"{""loss"": 3.2222390174865723, ""mape"": 3.2222390174865723, ""mae"": 0.6584618091583252, ""val_loss"": 4.145402431488037, ""val_mape"": 4.145402431488037, ""val_mae"": 0.788206160068512, ""lr"": 1.0000000656873453e-05, ""val_mae12"": 1.7951791286468506, ""val_me"": -0.3674747034455352, ""val_me12"": 1.4838809364056962, ""mape_2021"": 4.985294818878174, ""mae_2021"": 0.7992136478424072, ""mae12_2021"": 1.4925322532653809, ""me_2021"": -0.04382331300193274, ""me12_2021"": 0.6856468413533486, ""epochs_trained"": 516}",2026-07-03T10:33:39.272148,completed,
2,MAPE,96,3,relu,2,32,0.0,3.9964914321899414,0.7884582877159119,1.3543596267700195,-0.38014390911112367,0.9211437506251012,3.9964914321899414,0.7592390775680542,0.8839688897132874,-0.03542303093863158,0.2938992855543941,4.476899147033691,"{""loss"": 3.280181646347046, ""mape"": 3.280181646347046, ""mae"": 0.6644708514213562, ""val_loss"": 3.9964914321899414, ""val_mape"": 3.9964914321899414, ""val_mae"": 0.7884582877159119, ""lr"": 1.0000000656873453e-05, ""val_mae12"": 1.3543596267700195, ""val_me"": -0.38014390911112367, ""val_me12"": 0.9211437506251012, ""mape_2021"": 4.476899147033691, ""mae_2021"": 0.7592390775680542, ""mae12_2021"": 0.8839688897132874, ""me_2021"": -0.03542303093863158, ""me12_2021"": 0.2938992855543941, ""epochs_trained"": 933}",2026-07-03T10:33:45.567097,completed,
2,MAPE,96,3,relu,2,128,0.05,4.618364334106445,0.8236932158470154,2.666428327560425,-0.2866919699525211,2.407942923863902,4.618364334106445,0.8213748335838318,1.9832500219345093,-0.025097366013792356,1.1420203033239251,5.436554431915283,"{""loss"": 5.4318366050720215, ""mape"": 5.4318366050720215, ""mae"": 1.1343201398849487, ""val_loss"": 4.618364334106445, ""val_mape"": 4.618364334106445, ""val_mae"": 0.8236932158470154, ""lr"": 1.0000000656873453e-05, ""val_mae12"": 2.666428327560425, ""val_me"": -0.2866919699525211, ""val_me12"": 2.407942923863902, ""mape_2021"": 5.436554431915283, ""mae_2021"": 0.8213748335838318, ""mae12_2021"": 1.9832500219345093, ""me_2021"": -0.025097366013792356, ""me12_2021"": 1.1420203033239251, ""epochs_trained"": 455}",2026-07-03T10:34:07.357973,completed,
2,MAPE,96,3,relu,2,128,0.1,3.9223732948303223,0.7177956104278564,1.8610082864761353,-0.21692244856331977,1.564288989106018,3.9223732948303223,0.7202473878860474,1.3910433053970337,0.13960081933487511,0.5396212452358168,4.493087291717529,"{""loss"": 5.946045398712158, ""mape"": 5.946045398712158, ""mae"": 1.3165106773376465, ""val_loss"": 3.9223732948303223, ""val_mape"": 3.9223732948303223, ""val_mae"": 0.7177956104278564, ""lr"": 0.00010000000474974513, ""val_mae12"": 1.8610082864761353, ""val_me"": -0.21692244856331977, ""val_me12"": 1.564288989106018, ""mape_2021"": 4.493087291717529, ""mae_2021"": 0.7202473878860474, ""mae12_2021"": 1.3910433053970337, ""me_2021"": 0.13960081933487511, ""me12_2021"": 0.5396212452358168, ""epochs_trained"": 580}",2026-07-03T10:34:16.195149,completed,
2,MAPE,96,3,relu,2,128,0.3,3.7232799530029297,0.6685503721237183,1.760312557220459,-0.11547714505409978,1.6347990431283341,3.7232799530029297,0.734462320804596,1.1837655305862427,0.26045167613244913,0.3746666866690521,4.448709487915039,"{""loss"": 8.801412582397461, ""mape"": 8.801412582397461, ""mae"": 1.9968643188476562, ""val_loss"": 3.7232799530029297, ""val_mape"": 3.7232799530029297, ""val_mae"": 0.6685503721237183, ""lr"": 1.0000000656873453e-05, ""val_mae12"": 1.760312557220459, ""val_me"": -0.11547714505409978, ""val_me12"": 1.6347990431283341, ""mape_2021"": 4.448709487915039, ""mae_2021"": 0.734462320804596, ""mae12_2021"": 1.1837655305862427, ""me_2021"": 0.26045167613244913, ""me12_2021"": 0.3746666866690521, ""epochs_trained"": 590}",2026-07-03T10:34:16.511670,completed,
3,MAPE,96,2,selu,2,32,0.3,94.8665771484375,19.383230209350586,10.766241073608398,19.9830502748748,10.795606913199828,94.8665771484375,20.363357543945312,14.5355863571167,18.63176416821796,14.64775493987573,97.24890899658203,"{""loss"": 84.83961486816406, ""mape"": 84.83961486816406, ""mae"": 21.315418243408203, ""val_loss"": 94.8665771484375, ""val_mape"": 94.8665771484375, ""val_mae"": 19.383230209350586, ""lr"": 0.00010000000474974513, ""val_mae12"": 10.766241073608398, ""val_me"": 19.9830502748748, ""val_me12"": 10.795606913199828, ""mape_2021"": 97.24890899658203, ""mae_2021"": 20.363357543945312, ""mae12_2021"": 14.5355863571167, ""me_2021"": 18.63176416821796, ""me12_2021"": 14.64775493987573, ""epochs_trained"": 40}",2026-07-03T10:34:30.197665,completed,
3,MAPE,96,2,selu,2,64,0.05,48.58469772338867,11.329792976379395,6.907244682312012,8.26281851034145,6.807479148024418,48.58469772338867,9.760292053222656,9.792713165283203,8.542436951801525,9.780648367530276,54.86929702758789,"{""loss"": 36.86692810058594, ""mape"": 36.86692810058594, ""mae"": 8.184078216552734, ""val_loss"": 48.58469772338867, ""val_mape"": 48.58469772338867, ""val_mae"": 11.329792976379395, ""lr"": 0.00010000000474974513, ""val_mae12"": 6.907244682312012, ""val_me"": 8.26281851034145, ""val_me12"": 6.807479148024418, ""mape_2021"": 54.86929702758789, ""mae_2021"": 9.760292053222656, ""mae12_2021"": 9.792713165283203, ""me_2021"": 8.542436951801525, ""me12_2021"": 9.780648367530276, ""epochs_trained"": 62}",2026-07-03T10:34:30.984076,completed,
3,MAPE,96,2,selu,2,32,0.05,57.9312744140625,12.711409568786621,7.064900875091553,8.948271748038534,6.704830109635401,57.9312744140625,10.37159538269043,10.704167366027832,9.100755728372546,10.514473172507413,60.52897262573242,"{""loss"": 44.78819274902344, ""mape"": 44.78819274902344, ""mae"": 9.54532241821289, ""val_loss"": 57.9312744140625, ""val_mape"": 57.9312744140625, ""val_mae"": 12.711409568786621, ""lr"": 0.00010000000474974513, ""val_mae12"": 7.064900875091553, ""val_me"": 8.948271748038534, ""val_me12"": 6.704830109635401, ""mape_2021"": 60.52897262573242, ""mae_2021"": 10.37159538269043, ""mae12_2021"": 10.704167366027832, ""me_2021"": 9.100755728372546, ""me12_2021"": 10.514473172507413, ""epochs_trained"": 74}",2026-07-03T10:34:31.343077,completed,
3,MAPE,96,2,selu,2,32,0.1,67.0899887084961,15.1000337600708,11.168475151062012,8.042422325537032,11.195412193854697,67.0899887084961,10.295517921447754,15.646668434143066,8.226732595958035,15.75518683507879,64.3018798828125,"{""loss"": 46.98978042602539, ""mape"": 46.98978042602539, ""mae"": 10.147783279418945, ""val_loss"": 67.0899887084961, ""val_mape"": 67.0899887084961, ""val_mae"": 15.1000337600708, ""lr"": 0.00010000000474974513, ""val_mae12"": 11.168475151062012, ""val_me"": 8.042422325537032, ""val_me12"": 11.195412193854697, ""mape_2021"": 64.3018798828125, ""mae_2021"": 10.295517921447754, ""mae12_2021"": 15.646668434143066, ""me_2021"": 8.226732595958035, ""me12_2021"": 15.75518683507879, ""epochs_trained"": 75}",2026-07-03T10:34:31.460076,completed,
3,MAPE,96,2,selu,2,64,0.3,100.58740234375,22.72966194152832,3.7930216789245605,23.250212232136864,2.842343970866038,100.58740234375,22.18022346496582,5.716013431549072,21.62581800375416,5.137214599090101,94.9644546508789,"{""loss"": 87.98787689208984, ""mape"": 87.98787689208984, ""mae"": 22.654552459716797, ""val_loss"": 100.58740234375, ""val_mape"": 100.58740234375, ""val_mae"": 22.72966194152832, ""lr"": 0.00010000000474974513, ""val_mae12"": 3.7930216789245605, ""val_me"": 23.250212232136864, ""val_me12"": 2.842343970866038, ""mape_2021"": 94.9644546508789, ""mae_2021"": 22.18022346496582, ""mae12_2021"": 5.716013431549072, ""me_2021"": 21.62581800375416, ""me12_2021"": 5.137214599090101, ""epochs_trained"": 31}",2026-07-03T10:34:39.213385,completed,
3,MAPE,96,2,selu,2,64,0.1,66.13072967529297,15.041046142578125,10.809295654296875,8.218540761824602,10.789114051851449,66.13072967529297,10.147759437561035,14.872432708740234,8.239533670433516,14.964670458583429,62.786624908447266,"{""loss"": 43.95299530029297, ""mape"": 43.95299530029297, ""mae"": 9.376145362854004, ""val_loss"": 66.13072967529297, ""val_mape"": 66.13072967529297, ""val_mae"": 15.041046142578125, ""lr"": 0.00010000000474974513, ""val_mae12"": 10.809295654296875, ""val_me"": 8.218540761824602, ""val_me12"": 10.789114051851449, ""mape_2021"": 62.786624908447266, ""mae_2021"": 10.147759437561035, ""mae12_2021"": 14.872432708740234, ""me_2021"": 8.239533670433516, ""me12_2021"": 14.964670458583429, ""epochs_trained"": 62}",2026-07-03T10:34:39.868391,completed,
3,MAPE,96,2,selu,2,128,0.1,54.76569747924805,12.738691329956055,9.176024436950684,8.021808482649623,8.957146497257106,54.76569747924805,10.108126640319824,12.936535835266113,8.216696863545314,12.918610311474573,60.84563446044922,"{""loss"": 37.62217330932617, ""mape"": 37.62217330932617, ""mae"": 8.177682876586914, ""val_loss"": 54.76569747924805, ""val_mape"": 54.76569747924805, ""val_mae"": 12.738691329956055, ""lr"": 0.00010000000474974513, ""val_mae12"": 9.176024436950684, ""val_me"": 8.021808482649623, ""val_me12"": 8.957146497257106, ""mape_2021"": 60.84563446044922, ""mae_2021"": 10.108126640319824, ""mae12_2021"": 12.936535835266113, ""me_2021"": 8.216696863545314, ""me12_2021"": 12.918610311474573, ""epochs_trained"": 50}",2026-07-03T10:34:52.316872,completed,
3,MAPE,96,2,selu,2,128,0.3,144.26356506347656,33.23585891723633,30.366342544555664,4.009444907317533,30.42330294394534,144.26356506347656,11.706086158752441,36.816993713378906,3.4259815741765656,36.97280462498307,93.08736419677734,"{""loss"": 46.08597946166992, ""mape"": 46.08597946166992, ""mae"": 9.862051963806152, ""val_loss"": 144.26356506347656, ""val_mape"": 144.26356506347656, ""val_mae"": 33.23585891723633, ""lr"": 0.00010000000474974513, ""val_mae12"": 30.366342544555664, ""val_me"": 4.009444907317533, ""val_me12"": 30.42330294394534, ""mape_2021"": 93.08736419677734, ""mae_2021"": 11.706086158752441, ""mae12_2021"": 36.816993713378906, ""me_2021"": 3.4259815741765656, ""me12_2021"": 36.97280462498307, ""epochs_trained"": 53}",2026-07-03T10:34:56.141801,completed,
3,MAPE,96,2,selu,2,128,0.05,21.877803802490234,4.850505828857422,2.7642109394073486,-4.329288692853026,2.747596247489587,21.877803802490234,4.638389587402344,2.104853391647339,-4.463226178951816,2.082541499682659,21.14844512939453,"{""loss"": 8.220980644226074, ""mape"": 8.220980644226074, ""mae"": 1.8652111291885376, ""val_loss"": 21.877803802490234, ""val_mape"": 21.877803802490234, ""val_mae"": 4.850505828857422, ""lr"": 0.00010000000474974513, ""val_mae12"": 2.7642109394073486, ""val_me"": -4.329288692853026, ""val_me12"": 2.747596247489587, ""mape_2021"": 21.14844512939453, ""mae_2021"": 4.638389587402344, ""mae12_2021"": 2.104853391647339, ""me_2021"": -4.463226178951816, ""me12_2021"": 2.082541499682659, ""epochs_trained"": 249}",2026-07-03T10:34:56.950140,completed,
3,MAPE,96,2,selu,2,128,0.0,3.849820137023926,0.75650954246521,0.932437539100647,0.16172953562818812,0.4714039975760767,3.849820137023926,0.7229990363121033,0.7686083912849426,0.15717318085906076,-0.16693767750105432,4.0093092918396,"{""loss"": 2.9896774291992188, ""mape"": 2.9896774291992188, ""mae"": 0.6111494302749634, ""val_loss"": 3.849820137023926, ""val_mape"": 3.849820137023926, ""val_mae"": 0.75650954246521, ""lr"": 9.999999747378752e-06, ""val_mae12"": 0.932437539100647, ""val_me"": 0.16172953562818812, ""val_me12"": 0.4714039975760767, ""mape_2021"": 4.0093092918396, ""mae_2021"": 0.7229990363121033, ""mae12_2021"": 0.7686083912849426, ""me_2021"": 0.15717318085906076, ""me12_2021"": -0.16693767750105432, ""epochs_trained"": 508}",2026-07-03T10:35:08.723800,completed,
3,MAPE,96,2,selu,2,64,0.0,3.8369927406311035,0.7354939579963684,0.9335967898368835,0.15479484611854025,0.31263355911337626,3.8369927406311035,0.7324773073196411,0.8652940988540649,0.179146578989757,-0.30810262954505013,4.152829170227051,"{""loss"": 2.965996265411377, ""mape"": 2.965996265411377, ""mae"": 0.5939782857894897, ""val_loss"": 3.8369927406311035, ""val_mape"": 3.8369927406311035, ""val_mae"": 0.7354939579963684, ""lr"": 0.00010000000474974513, ""val_mae12"": 0.9335967898368835, ""val_me"": 0.15479484611854025, ""val_me12"": 0.31263355911337626, ""mape_2021"": 4.152829170227051, ""mae_2021"": 0.7324773073196411, ""mae12_2021"": 0.8652940988540649, ""me_2021"": 0.179146578989757, ""me12_2021"": -0.30810262954505013, ""epochs_trained"": 859}",2026-07-03T10:35:14.216773,completed,
3,MAPE,96,2,selu,2,32,0.0,4.08353328704834,0.8129099607467651,0.9032801389694214,0.24049676517584323,0.4679384675930275,4.08353328704834,0.7522244453430176,0.7642853260040283,0.2197975480974882,-0.18164627380000833,4.156618118286133,"{""loss"": 3.137955665588379, ""mape"": 3.137955665588379, ""mae"": 0.6438543200492859, ""val_loss"": 4.08353328704834, ""val_mape"": 4.08353328704834, ""val_mae"": 0.8129099607467651, ""lr"": 1.0000000656873453e-05, ""val_mae12"": 0.9032801389694214, ""val_me"": 0.24049676517584323, ""val_me12"": 0.4679384675930275, ""mape_2021"": 4.156618118286133, ""mae_2021"": 0.7522244453430176, ""mae12_2021"": 0.7642853260040283, ""me_2021"": 0.2197975480974882, ""me12_2021"": -0.18164627380000833, ""epochs_trained"": 1733}",2026-07-03T10:35:39.565030,completed,
3,MAPE,96,2,selu,2,256,0.3,154.5358428955078,36.13261795043945,25.221895217895508,3.136887170083131,25.27968088819329,154.5358428955078,10.791221618652344,30.899036407470703,2.976018513425238,31.046122011468984,81.66960144042969,"{""loss"": 40.36193084716797, ""mape"": 40.36193084716797, ""mae"": 8.642525672912598, ""val_loss"": 154.5358428955078, ""val_mape"": 154.5358428955078, ""val_mae"": 36.13261795043945, ""lr"": 0.00010000000474974513, ""val_mae12"": 25.221895217895508, ""val_me"": 3.136887170083131, ""val_me12"": 25.27968088819329, ""mape_2021"": 81.66960144042969, ""mae_2021"": 10.791221618652344, ""mae12_2021"": 30.899036407470703, ""me_2021"": 2.976018513425238, ""me12_2021"": 31.046122011468984, ""epochs_trained"": 45}",2026-07-03T10:36:04.350643,completed,
3,MAPE,96,2,selu,2,256,0.1,48.27577590942383,11.278061866760254,4.240268230438232,0.649678654991798,4.058415040788583,48.27577590942383,7.186717510223389,3.014786958694458,1.0630098111071897,2.914410330337015,31.712242126464844,"{""loss"": 23.816905975341797, ""mape"": 23.816905975341797, ""mae"": 5.214996814727783, ""val_loss"": 48.27577590942383, ""val_mape"": 48.27577590942383, ""val_mae"": 11.278061866760254, ""lr"": 0.00010000000474974513, ""val_mae12"": 4.240268230438232, ""val_me"": 0.649678654991798, ""val_me12"": 4.058415040788583, ""mape_2021"": 31.712242126464844, ""mae_2021"": 7.186717510223389, ""mae12_2021"": 3.014786958694458, ""me_2021"": 1.0630098111071897, ""me12_2021"": 2.914410330337015, ""epochs_trained"": 55}",2026-07-03T10:36:05.161348,completed,
3,MAPE,96,2,selu,3,16,0.05,45.92160415649414,10.367411613464355,8.925947189331055,6.001465733699854,8.951489737676404,45.92160415649414,7.647890090942383,11.507694244384766,5.998992077157675,11.58692665368711,47.25221633911133,"{""loss"": 37.31834030151367, ""mape"": 37.31834030151367, ""mae"": 8.346534729003906, ""val_loss"": 45.92160415649414, ""val_mape"": 45.92160415649414, ""val_mae"": 10.367411613464355, ""lr"": 0.00010000000474974513, ""val_mae12"": 8.925947189331055, ""val_me"": 6.001465733699854, ""val_me12"": 8.951489737676404, ""mape_2021"": 47.25221633911133, ""mae_2021"": 7.647890090942383, ""mae12_2021"": 11.507694244384766, ""me_2021"": 5.998992077157675, ""me12_2021"": 11.58692665368711, ""epochs_trained"": 109}",2026-07-03T10:36:09.279897,completed,
3,MAPE,96,2,selu,3,16,0.0,47.297874450683594,10.217977523803711,6.939713001251221,8.070199832418941,6.89052247343552,47.297874450683594,9.537919998168945,10.039895057678223,8.314934606204808,10.086222842041602,55.52415084838867,"{""loss"": 37.87270736694336, ""mape"": 37.87270736694336, ""mae"": 8.128451347351074, ""val_loss"": 47.297874450683594, ""val_mape"": 47.297874450683594, ""val_mae"": 10.217977523803711, ""lr"": 0.00010000000474974513, ""val_mae12"": 6.939713001251221, ""val_me"": 8.070199832418941, ""val_me12"": 6.89052247343552, ""mape_2021"": 55.52415084838867, ""mae_2021"": 9.537919998168945, ""mae12_2021"": 10.039895057678223, ""me_2021"": 8.314934606204808, ""me12_2021"": 10.086222842041602, ""epochs_trained"": 72}",2026-07-03T10:36:11.307684,completed,
3,MAPE,96,2,selu,2,256,0.05,23.164152145385742,5.255367279052734,2.1607537269592285,-3.1351399733215066,2.1215278125451724,23.164152145385742,5.055331707000732,1.905174970626831,-3.440511342794236,0.691335157395504,22.422338485717773,"{""loss"": 11.937105178833008, ""mape"": 11.937105178833008, ""mae"": 2.6161720752716064, ""val_loss"": 23.164152145385742, ""val_mape"": 23.164152145385742, ""val_mae"": 5.255367279052734, ""lr"": 0.00010000000474974513, ""val_mae12"": 2.1607537269592285, ""val_me"": -3.1351399733215066, ""val_me12"": 2.1215278125451724, ""mape_2021"": 22.422338485717773, ""mae_2021"": 5.055331707000732, ""mae12_2021"": 1.905174970626831, ""me_2021"": -3.440511342794236, ""me12_2021"": 0.691335157395504, ""epochs_trained"": 130}",2026-07-03T10:36:11.505754,completed,
3,MAPE,96,2,selu,3,16,0.3,91.94947052001953,16.850154876708984,23.717491149902344,2.924409903287965,23.7525612058289,91.94947052001953,10.757065773010254,27.553667068481445,2.833821847984762,27.659665623454643,77.96651458740234,"{""loss"": 69.80137634277344, ""mape"": 69.80137634277344, ""mae"": 17.16363525390625, ""val_loss"": 91.94947052001953, ""val_mape"": 91.94947052001953, ""val_mae"": 16.850154876708984, ""lr"": 0.00010000000474974513, ""val_mae12"": 23.717491149902344, ""val_me"": 2.924409903287965, ""val_me12"": 23.7525612058289, ""mape_2021"": 77.96651458740234, ""mae_2021"": 10.757065773010254, ""mae12_2021"": 27.553667068481445, ""me_2021"": 2.833821847984762, ""me12_2021"": 27.659665623454643, ""epochs_trained"": 98}",2026-07-03T10:36:18.943775,completed,
3,MAPE,96,2,selu,3,16,0.1,60.52767562866211,13.643214225769043,13.797748565673828,5.787947241636416,13.833950545721116,60.52767562866211,8.578720092773438,17.774776458740234,5.743981648543683,17.882707795868928,57.978057861328125,"{""loss"": 44.77883529663086, ""mape"": 44.77883529663086, ""mae"": 9.979098320007324, ""val_loss"": 60.52767562866211, ""val_mape"": 60.52767562866211, ""val_mae"": 13.643214225769043, ""lr"": 0.00010000000474974513, ""val_mae12"": 13.797748565673828, ""val_me"": 5.787947241636416, ""val_me12"": 13.833950545721116, ""mape_2021"": 57.978057861328125, ""mae_2021"": 8.578720092773438, ""mae12_2021"": 17.774776458740234, ""me_2021"": 5.743981648543683, ""me12_2021"": 17.882707795868928, ""epochs_trained"": 107}",2026-07-03T10:36:18.999761,completed,
3,MAPE,96,2,selu,3,32,0.05,51.62171173095703,11.905074119567871,8.37500286102295,6.757173301201926,8.397420214268791,51.62171173095703,8.185314178466797,11.305697441101074,6.618302801989489,11.3848509912508,50.27817916870117,"{""loss"": 36.80216979980469, ""mape"": 36.80216979980469, ""mae"": 8.10339069366455, ""val_loss"": 51.62171173095703, ""val_mape"": 51.62171173095703, ""val_mae"": 11.905074119567871, ""lr"": 0.00010000000474974513, ""val_mae12"": 8.37500286102295, ""val_me"": 6.757173301201926, ""val_me12"": 8.397420214268791, ""mape_2021"": 50.27817916870117, ""mae_2021"": 8.185314178466797, ""mae12_2021"": 11.305697441101074, ""me_2021"": 6.618302801989489, ""me12_2021"": 11.3848509912508, ""epochs_trained"": 70}",2026-07-03T10:36:22.435860,completed,
3,MAPE,96,2,selu,3,32,0.1,70.91580963134766,16.9061279296875,14.640077590942383,5.095167319321807,14.673852877948462,70.91580963134766,7.898316383361816,18.4907283782959,4.698747521207717,18.59664599457665,56.17407989501953,"{""loss"": 39.86778259277344, ""mape"": 39.86778259277344, ""mae"": 8.761988639831543, ""val_loss"": 70.91580963134766, ""val_mape"": 70.91580963134766, ""val_mae"": 16.9061279296875, ""lr"": 0.00010000000474974513, ""val_mae12"": 14.640077590942383, ""val_me"": 5.095167319321807, ""val_me12"": 14.673852877948462, ""mape_2021"": 56.17407989501953, ""mae_2021"": 7.898316383361816, ""mae12_2021"": 18.4907283782959, ""me_2021"": 4.698747521207717, ""me12_2021"": 18.59664599457665, ""epochs_trained"": 72}",2026-07-03T10:36:22.647859,completed,
3,MAPE,96,2,selu,3,32,0.3,98.51597595214844,18.922367095947266,10.713615417480469,18.950288684486353,10.743290937163877,98.51597595214844,19.408849716186523,13.790643692016602,17.62699516017321,13.889560579407608,91.22306060791016,"{""loss"": 83.00606536865234, ""mape"": 83.00606536865234, ""mae"": 20.958181381225586, ""val_loss"": 98.51597595214844, ""val_mape"": 98.51597595214844, ""val_mae"": 18.922367095947266, ""lr"": 0.00010000000474974513, ""val_mae12"": 10.713615417480469, ""val_me"": 18.950288684486353, ""val_me12"": 10.743290937163877, ""mape_2021"": 91.22306060791016, ""mae_2021"": 19.408849716186523, ""mae12_2021"": 13.790643692016602, ""me_2021"": 17.62699516017321, ""me12_2021"": 13.889560579407608, ""epochs_trained"": 45}",2026-07-03T10:36:26.743691,completed,
3,MAPE,96,2,selu,2,256,0.0,3.6729655265808105,0.7260434031486511,0.8812106847763062,0.13732426834541955,0.36220638754589146,3.6729655265808105,0.7128934860229492,0.8677704334259033,0.1854101462817014,-0.35776750345080593,4.070282459259033,"{""loss"": 2.917703151702881, ""mape"": 2.917703151702881, ""mae"": 0.5917804837226868, ""val_loss"": 3.6729655265808105, ""val_mape"": 3.6729655265808105, ""val_mae"": 0.7260434031486511, ""lr"": 1.0000000656873453e-05, ""val_mae12"": 0.8812106847763062, ""val_me"": 0.13732426834541955, ""val_me12"": 0.36220638754589146, ""mape_2021"": 4.070282459259033, ""mae_2021"": 0.7128934860229492, ""mae12_2021"": 0.8677704334259033, ""me_2021"": 0.1854101462817014, ""me12_2021"": -0.35776750345080593, ""epochs_trained"": 481}",2026-07-03T10:36:33.006570,completed,
3,MAPE,96,2,selu,3,32,0.0,3.577784776687622,0.6889026165008545,0.9516069889068604,0.13165445250708266,0.41198982032963377,3.577784776687622,0.6767438650131226,0.8862473964691162,0.15240284159872186,-0.3208393959717017,3.869105100631714,"{""loss"": 2.8876938819885254, ""mape"": 2.8876938819885254, ""mae"": 0.5833919048309326, ""val_loss"": 3.577784776687622, ""val_mape"": 3.577784776687622, ""val_mae"": 0.6889026165008545, ""lr"": 0.00010000000474974513, ""val_mae12"": 0.9516069889068604, ""val_me"": 0.13165445250708266, ""val_me12"": 0.41198982032963377, ""mape_2021"": 3.869105100631714, ""mae_2021"": 0.6767438650131226, ""mae12_2021"": 0.8862473964691162, ""me_2021"": 0.15240284159872186, ""me12_2021"": -0.3208393959717017, ""epochs_trained"": 542}",2026-07-03T10:36:38.985584,completed,
3,MAPE,96,2,selu,3,64,0.3,112.4618148803711,19.13003921508789,8.716070175170898,20.706782379251017,8.745150735202454,112.4618148803711,20.5538272857666,11.540948867797852,19.190111391087118,11.627918578114283,92.9705581665039,"{""loss"": 80.80389404296875, ""mape"": 80.80389404296875, ""mae"": 20.398744583129883, ""val_loss"": 112.4618148803711, ""val_mape"": 112.4618148803711, ""val_mae"": 19.13003921508789, ""lr"": 0.00010000000474974513, ""val_mae12"": 8.716070175170898, ""val_me"": 20.706782379251017, ""val_me12"": 8.745150735202454, ""mape_2021"": 92.9705581665039, ""mae_2021"": 20.5538272857666, ""mae12_2021"": 11.540948867797852, ""me_2021"": 19.190111391087118, ""me12_2021"": 11.627918578114283, ""epochs_trained"": 33}",2026-07-03T10:36:57.609277,completed,
3,MAPE,96,2,selu,3,64,0.1,70.21585083007812,17.067790985107422,14.837297439575195,5.003214263086009,14.876572060065497,70.21585083007812,8.320174217224121,18.543609619140625,4.629168799310093,18.649228923004596,57.82102584838867,"{""loss"": 36.02925109863281, ""mape"": 36.02925109863281, ""mae"": 8.061779975891113, ""val_loss"": 70.21585083007812, ""val_mape"": 70.21585083007812, ""val_mae"": 17.067790985107422, ""lr"": 0.00010000000474974513, ""val_mae12"": 14.837297439575195, ""val_me"": 5.003214263086009, ""val_me12"": 14.876572060065497, ""mape_2021"": 57.82102584838867, ""mae_2021"": 8.320174217224121, ""mae12_2021"": 18.543609619140625, ""me_2021"": 4.629168799310093, ""me12_2021"": 18.649228923004596, ""epochs_trained"": 48}",2026-07-03T10:36:59.435626,completed,
3,MAPE,96,2,selu,3,128,0.05,25.24799346923828,5.807561874389648,3.006169080734253,-4.846976643384667,3.0002735517378296,25.24799346923828,5.4643025398254395,2.7483484745025635,-4.98895805837767,2.7343183918502096,25.52604103088379,"{""loss"": 8.443822860717773, ""mape"": 8.443822860717773, ""mae"": 1.881668210029602, ""val_loss"": 25.24799346923828, ""val_mape"": 25.24799346923828, ""val_mae"": 5.807561874389648, ""lr"": 0.00010000000474974513, ""val_mae12"": 3.006169080734253, ""val_me"": -4.846976643384667, ""val_me12"": 3.0002735517378296, ""mape_2021"": 25.52604103088379, ""mae_2021"": 5.4643025398254395, ""mae12_2021"": 2.7483484745025635, ""me_2021"": -4.98895805837767, ""me12_2021"": 2.7343183918502096, ""epochs_trained"": 146}",2026-07-03T10:37:10.952938,completed,
3,MAPE,96,2,selu,3,128,0.1,55.544677734375,13.160825729370117,15.26285171508789,6.1219168699999615,15.298502578314032,55.544677734375,8.899109840393066,18.965288162231445,5.697909225537416,19.06408118454787,61.0297966003418,"{""loss"": 29.005605697631836, ""mape"": 29.005605697631836, ""mae"": 6.410713195800781, ""val_loss"": 55.544677734375, ""val_mape"": 55.544677734375, ""val_mae"": 13.160825729370117, ""lr"": 0.00010000000474974513, ""val_mae12"": 15.26285171508789, ""val_me"": 6.1219168699999615, ""val_me12"": 15.298502578314032, ""mape_2021"": 61.0297966003418, ""mae_2021"": 8.899109840393066, ""mae12_2021"": 18.965288162231445, ""me_2021"": 5.697909225537416, ""me12_2021"": 19.06408118454787, ""epochs_trained"": 40}",2026-07-03T10:37:14.200407,completed,
3,MAPE,96,2,selu,3,128,0.3,92.74810028076172,14.656885147094727,42.95866775512695,-0.439590081393606,43.014354058723846,92.74810028076172,13.748083114624023,49.489173889160156,-1.7241716415695192,49.65646866872747,118.85813903808594,"{""loss"": 71.5400619506836, ""mape"": 71.5400619506836, ""mae"": 17.571613311767578, ""val_loss"": 92.74810028076172, ""val_mape"": 92.74810028076172, ""val_mae"": 14.656885147094727, ""lr"": 1.0000000656873453e-05, ""val_mae12"": 42.95866775512695, ""val_me"": -0.439590081393606, ""val_me12"": 43.014354058723846, ""mape_2021"": 118.85813903808594, ""mae_2021"": 13.748083114624023, ""mae12_2021"": 49.489173889160156, ""me_2021"": -1.7241716415695192, ""me12_2021"": 49.65646866872747, ""epochs_trained"": 63}",2026-07-03T10:37:17.096047,completed,
3,MAPE,96,2,selu,3,64,0.05,17.44194221496582,4.200623989105225,1.6056240797042847,-4.110704477929467,1.3882467817375026,17.44194221496582,4.047671318054199,1.4608967304229736,-4.007973828518639,1.154825979066728,17.91295623779297,"{""loss"": 5.997775077819824, ""mape"": 5.997775077819824, ""mae"": 1.305268406867981, ""val_loss"": 17.44194221496582, ""val_mape"": 17.44194221496582, ""val_mae"": 4.200623989105225, ""lr"": 0.00010000000474974513, ""val_mae12"": 1.6056240797042847, ""val_me"": -4.110704477929467, ""val_me12"": 1.3882467817375026, ""mape_2021"": 17.91295623779297, ""mae_2021"": 4.047671318054199, ""mae12_2021"": 1.4608967304229736, ""me_2021"": -4.007973828518639, ""me12_2021"": 1.154825979066728, ""epochs_trained"": 322}",2026-07-03T10:37:30.674850,completed,
3,MAPE,96,2,selu,3,128,0.0,3.703747034072876,0.7289159893989563,0.8623353838920593,0.10941100018658641,0.26013386764993196,3.703747034072876,0.6968390345573425,0.8120003342628479,0.13474251698511408,-0.42072996523114875,3.9722349643707275,"{""loss"": 2.9923393726348877, ""mape"": 2.9923393726348877, ""mae"": 0.605229377746582, ""val_loss"": 3.703747034072876, ""val_mape"": 3.703747034072876, ""val_mae"": 0.7289159893989563, ""lr"": 1.0000000656873453e-05, ""val_mae12"": 0.8623353838920593, ""val_me"": 0.10941100018658641, ""val_me12"": 0.26013386764993196, ""mape_2021"": 3.9722349643707275, ""mae_2021"": 0.6968390345573425, ""mae12_2021"": 0.8120003342628479, ""me_2021"": 0.13474251698511408, ""me12_2021"": -0.42072996523114875, ""epochs_trained"": 319}",2026-07-03T10:37:31.302684,completed,
3,MAPE,96,2,selu,3,256,0.05,29.683820724487305,6.8946075439453125,2.585848808288574,1.8529142166500725,-0.40113996812680397,29.683820724487305,5.108709812164307,3.788816213607788,1.8731830377876577,-2.640422089422958,25.61896324157715,"{""loss"": 16.522300720214844, ""mape"": 16.522300720214844, ""mae"": 3.481492280960083, ""val_loss"": 29.683820724487305, ""val_mape"": 29.683820724487305, ""val_mae"": 6.8946075439453125, ""lr"": 0.00010000000474974513, ""val_mae12"": 2.585848808288574, ""val_me"": 1.8529142166500725, ""val_me12"": -0.40113996812680397, ""mape_2021"": 25.61896324157715, ""mae_2021"": 5.108709812164307, ""mae12_2021"": 3.788816213607788, ""me_2021"": 1.8731830377876577, ""me12_2021"": -2.640422089422958, ""epochs_trained"": 44}",2026-07-03T10:37:36.142626,completed,
3,MAPE,96,2,selu,3,256,0.1,54.77104949951172,12.538480758666992,5.840272426605225,-7.205141536856544,0.07822179522080937,54.77104949951172,10.351161003112793,8.404401779174805,-6.811021236628486,-5.177339673784813,52.906280517578125,"{""loss"": 18.049724578857422, ""mape"": 18.049724578857422, ""mae"": 3.7907967567443848, ""val_loss"": 54.77104949951172, ""val_mape"": 54.77104949951172, ""val_mae"": 12.538480758666992, ""lr"": 0.00010000000474974513, ""val_mae12"": 5.840272426605225, ""val_me"": -7.205141536856544, ""val_me12"": 0.07822179522080937, ""mape_2021"": 52.906280517578125, ""mae_2021"": 10.351161003112793, ""mae12_2021"": 8.404401779174805, ""me_2021"": -6.811021236628486, ""me12_2021"": -5.177339673784813, ""epochs_trained"": 48}",2026-07-03T10:37:40.816373,completed,
3,MAPE,96,2,selu,3,256,0.3,104.84050750732422,16.026262283325195,3.9163899421691895,23.710250483641037,3.532698080222043,104.84050750732422,22.566852569580078,5.753409385681152,21.984314600408094,5.555521346058618,95.56671905517578,"{""loss"": 71.66556549072266, ""mape"": 71.66556549072266, ""mae"": 17.755245208740234, ""val_loss"": 104.84050750732422, ""val_mape"": 104.84050750732422, ""val_mae"": 16.026262283325195, ""lr"": 0.00010000000474974513, ""val_mae12"": 3.9163899421691895, ""val_me"": 23.710250483641037, ""val_me12"": 3.532698080222043, ""mape_2021"": 95.56671905517578, ""mae_2021"": 22.566852569580078, ""mae12_2021"": 5.753409385681152, ""me_2021"": 21.984314600408094, ""me12_2021"": 5.555521346058618, ""epochs_trained"": 26}",2026-07-03T10:37:43.833865,completed,
3,MAPE,96,2,selu,3,256,0.0,3.612407684326172,0.7158689498901367,0.8492695093154907,0.12430672585075171,0.3549056527531429,3.612407684326172,0.7011256814002991,0.7768853306770325,0.13786092821988286,-0.21001471318740045,3.9814724922180176,"{""loss"": 3.0346004962921143, ""mape"": 3.0346004962921143, ""mae"": 0.6193575263023376, ""val_loss"": 3.612407684326172, ""val_mape"": 3.612407684326172, ""val_mae"": 0.7158689498901367, ""lr"": 1.0000000656873453e-05, ""val_mae12"": 0.8492695093154907, ""val_me"": 0.12430672585075171, ""val_me12"": 0.3549056527531429, ""mape_2021"": 3.9814724922180176, ""mae_2021"": 0.7011256814002991, ""mae12_2021"": 0.7768853306770325, ""me_2021"": 0.13786092821988286, ""me12_2021"": -0.21001471318740045, ""epochs_trained"": 202}",2026-07-03T10:37:46.046783,completed,
3,MAPE,96,2,selu,3,64,0.0,4.258749485015869,0.8563576936721802,0.8992516994476318,0.26345316169101396,0.35603871877338394,4.258749485015869,0.7697312831878662,0.844933271408081,0.2152789717174518,-0.2697195016305155,4.254209041595459,"{""loss"": 3.0165083408355713, ""mape"": 3.0165083408355713, ""mae"": 0.6115245819091797, ""val_loss"": 4.258749485015869, ""val_mape"": 4.258749485015869, ""val_mae"": 0.8563576936721802, ""lr"": 1.0000000656873453e-05, ""val_mae12"": 0.8992516994476318, ""val_me"": 0.26345316169101396, ""val_me12"": 0.35603871877338394, ""mape_2021"": 4.254209041595459, ""mae_2021"": 0.7697312831878662, ""mae12_2021"": 0.844933271408081, ""me_2021"": 0.2152789717174518, ""me12_2021"": -0.2697195016305155, ""epochs_trained"": 596}",2026-07-03T10:37:48.259150,completed,
3,MAPE,96,3,relu,1,16,0.3,18.79688262939453,3.5478060245513916,5.7335357666015625,2.1853503174231568,4.30917899277557,18.79688262939453,4.15408182144165,3.3737680912017822,3.180683595197751,1.429643307828853,22.860897064208984,"{""loss"": 27.452709197998047, ""mape"": 27.452709197998047, ""mae"": 6.029095649719238, ""val_loss"": 18.79688262939453, ""val_mape"": 18.79688262939453, ""val_mae"": 3.5478060245513916, ""lr"": 9.999999747378752e-06, ""val_mae12"": 5.7335357666015625, ""val_me"": 2.1853503174231568, ""val_me12"": 4.30917899277557, ""mape_2021"": 22.860897064208984, ""mae_2021"": 4.15408182144165, ""mae12_2021"": 3.3737680912017822, ""me_2021"": 3.180683595197751, ""me12_2021"": 1.429643307828853, ""epochs_trained"": 1063}",2026-07-03T10:38:44.820648,completed,
3,MAPE,96,3,relu,1,16,0.0,14.273200988769531,3.424910545349121,1.1744542121887207,1.5543318934963601,0.5936829765484379,14.273200988769531,4.435516834259033,1.0791422128677368,3.6799273434851223,-0.6661223752812605,18.717266082763672,"{""loss"": 15.519676208496094, ""mape"": 15.519676208496094, ""mae"": 3.9195072650909424, ""val_loss"": 14.273200988769531, ""val_mape"": 14.273200988769531, ""val_mae"": 3.424910545349121, ""lr"": 1.0000000656873453e-05, ""val_mae12"": 1.1744542121887207, ""val_me"": 1.5543318934963601, ""val_me12"": 0.5936829765484379, ""mape_2021"": 18.717266082763672, ""mae_2021"": 4.435516834259033, ""mae12_2021"": 1.0791422128677368, ""me_2021"": 3.6799273434851223, ""me12_2021"": -0.6661223752812605, ""epochs_trained"": 1497}",2026-07-03T10:39:02.721823,completed,
3,MAPE,96,3,relu,1,32,0.05,3.1601858139038086,0.6063691973686218,0.8021268248558044,-0.014788789410326346,0.2640023287565521,3.1601858139038086,0.7626344561576843,0.912125289440155,0.3789390609879794,-0.4290126075252842,4.331640243530273,"{""loss"": 6.271080493927002, ""mape"": 6.271080493927002, ""mae"": 1.3725000619888306, ""val_loss"": 3.1601858139038086, ""val_mape"": 3.1601858139038086, ""val_mae"": 0.6063691973686218, ""lr"": 0.00010000000474974513, ""val_mae12"": 0.8021268248558044, ""val_me"": -0.014788789410326346, ""val_me12"": 0.2640023287565521, ""mape_2021"": 4.331640243530273, ""mae_2021"": 0.7626344561576843, ""mae12_2021"": 0.912125289440155, ""me_2021"": 0.3789390609879794, ""me12_2021"": -0.4290126075252842, ""epochs_trained"": 1708}",2026-07-03T10:39:13.777851,completed,
3,MAPE,96,3,relu,1,16,0.1,4.026957988739014,0.8106306195259094,1.0573667287826538,0.47548530439405073,0.4882894165963454,4.026957988739014,1.1507128477096558,1.0769126415252686,0.9338469238795639,-0.46349796489040673,5.952384948730469,"{""loss"": 10.264604568481445, ""mape"": 10.264604568481445, ""mae"": 2.3452672958374023, ""val_loss"": 4.026957988739014, ""val_mape"": 4.026957988739014, ""val_mae"": 0.8106306195259094, ""lr"": 1.0000000656873453e-05, ""val_mae12"": 1.0573667287826538, ""val_me"": 0.47548530439405073, ""val_me12"": 0.4882894165963454, ""mape_2021"": 5.952384948730469, ""mae_2021"": 1.1507128477096558, ""mae12_2021"": 1.0769126415252686, ""me_2021"": 0.9338469238795639, ""me12_2021"": -0.46349796489040673, ""epochs_trained"": 1790}",2026-07-03T10:39:16.194163,completed,
3,MAPE,96,3,relu,1,32,0.0,7.010448455810547,1.6168770790100098,1.1145048141479492,0.3072064010058001,0.4828078201962474,7.010448455810547,1.9431530237197876,1.1157121658325195,1.1541324282327796,-0.8010575685969608,9.139189720153809,"{""loss"": 7.330691337585449, ""mape"": 7.330691337585449, ""mae"": 1.7359617948532104, ""val_loss"": 7.010448455810547, ""val_mape"": 7.010448455810547, ""val_mae"": 1.6168770790100098, ""lr"": 0.00010000000474974513, ""val_mae12"": 1.1145048141479492, ""val_me"": 0.3072064010058001, ""val_me12"": 0.4828078201962474, ""mape_2021"": 9.139189720153809, ""mae_2021"": 1.9431530237197876, ""mae12_2021"": 1.1157121658325195, ""me_2021"": 1.1541324282327796, ""me12_2021"": -0.8010575685969608, ""epochs_trained"": 1902}",2026-07-03T10:39:20.706179,completed,
3,MAPE,96,3,relu,1,16,0.05,4.999342441558838,1.0288177728652954,1.365761637687683,0.5269274850244036,0.6125160569913782,4.999342441558838,1.2402499914169312,1.1392815113067627,0.9512257151209641,-0.6042471514437436,6.515373229980469,"{""loss"": 8.44294548034668, ""mape"": 8.44294548034668, ""mae"": 1.8526493310928345, ""val_loss"": 4.999342441558838, ""val_mape"": 4.999342441558838, ""val_mae"": 1.0288177728652954, ""lr"": 1.0000000656873453e-05, ""val_mae12"": 1.365761637687683, ""val_me"": 0.5269274850244036, ""val_me12"": 0.6125160569913782, ""mape_2021"": 6.515373229980469, ""mae_2021"": 1.2402499914169312, ""mae12_2021"": 1.1392815113067627, ""me_2021"": 0.9512257151209641, ""me12_2021"": -0.6042471514437436, ""epochs_trained"": 2323}",2026-07-03T10:39:42.536604,completed,
3,MAPE,96,3,relu,1,32,0.1,3.4593093395233154,0.6536234617233276,1.0064947605133057,0.12922499372997942,0.48801006416400144,3.4593093395233154,0.851932168006897,1.0100663900375366,0.5071542580178925,-0.002007278873352626,5.009433746337891,"{""loss"": 8.419878005981445, ""mape"": 8.419878005981445, ""mae"": 1.891010046005249, ""val_loss"": 3.4593093395233154, ""val_mape"": 3.4593093395233154, ""val_mae"": 0.6536234617233276, ""lr"": 0.00010000000474974513, ""val_mae12"": 1.0064947605133057, ""val_me"": 0.12922499372997942, ""val_me12"": 0.48801006416400144, ""mape_2021"": 5.009433746337891, ""mae_2021"": 0.851932168006897, ""mae12_2021"": 1.0100663900375366, ""me_2021"": 0.5071542580178925, ""me12_2021"": -0.002007278873352626, ""epochs_trained"": 1668}",2026-07-03T10:40:10.405752,completed,
3,MAPE,96,3,relu,1,64,0.05,3.55572772026062,0.7109940648078918,1.0278924703598022,-0.23664242604893596,0.418620363274414,3.55572772026062,0.7549221515655518,1.0356438159942627,0.1408663807098309,-0.24463844632268567,4.424602508544922,"{""loss"": 5.4576334953308105, ""mape"": 5.4576334953308105, ""mae"": 1.1650269031524658, ""val_loss"": 3.55572772026062, ""val_mape"": 3.55572772026062, ""val_mae"": 0.7109940648078918, ""lr"": 0.00010000000474974513, ""val_mae12"": 1.0278924703598022, ""val_me"": -0.23664242604893596, ""val_me12"": 0.418620363274414, ""mape_2021"": 4.424602508544922, ""mae_2021"": 0.7549221515655518, ""mae12_2021"": 1.0356438159942627, ""me_2021"": 0.1408663807098309, ""me12_2021"": -0.24463844632268567, ""epochs_trained"": 1217}",2026-07-03T10:40:23.295330,completed,
3,MAPE,96,3,relu,1,32,0.3,3.7637314796447754,0.7641928791999817,0.996280312538147,0.5078568568986016,0.38166279645875084,3.7637314796447754,1.0398083925247192,1.0412331819534302,0.9157801288595102,-0.7702541085210614,5.379194259643555,"{""loss"": 14.139180183410645, ""mape"": 14.139180183410645, ""mae"": 3.338114023208618, ""val_loss"": 3.7637314796447754, ""val_mape"": 3.7637314796447754, ""val_mae"": 0.7641928791999817, ""lr"": 0.00010000000474974513, ""val_mae12"": 0.996280312538147, ""val_me"": 0.5078568568986016, ""val_me12"": 0.38166279645875084, ""mape_2021"": 5.379194259643555, ""mae_2021"": 1.0398083925247192, ""mae12_2021"": 1.0412331819534302, ""me_2021"": 0.9157801288595102, ""me12_2021"": -0.7702541085210614, ""epochs_trained"": 1829}",2026-07-03T10:40:36.760783,completed,
3,MAPE,96,3,relu,1,64,0.0,4.378490924835205,0.9010749459266663,1.0020503997802734,-0.27296094328653503,0.3570938476548724,4.378490924835205,0.9685239195823669,1.3925930261611938,0.22813110437369608,-0.8393947420202422,6.008992671966553,"{""loss"": 4.362077713012695, ""mape"": 4.362077713012695, ""mae"": 0.9513593912124634, ""val_loss"": 4.378490924835205, ""val_mape"": 4.378490924835205, ""val_mae"": 0.9010749459266663, ""lr"": 0.00010000000474974513, ""val_mae12"": 1.0020503997802734, ""val_me"": -0.27296094328653503, ""val_me12"": 0.3570938476548724, ""mape_2021"": 6.008992671966553, ""mae_2021"": 0.9685239195823669, ""mae12_2021"": 1.3925930261611938, ""me_2021"": 0.22813110437369608, ""me12_2021"": -0.8393947420202422, ""epochs_trained"": 1678}",2026-07-03T10:40:39.806425,completed,
3,MAPE,96,3,relu,1,64,0.1,33.85826873779297,6.61122465133667,9.58749771118164,4.166260482526126,8.696409782533895,33.85826873779297,7.7348198890686035,5.965417385101318,6.201239210049133,4.489107851334804,39.23434829711914,"{""loss"": 34.57467269897461, ""mape"": 34.57467269897461, ""mae"": 7.539440631866455, ""val_loss"": 33.85826873779297, ""val_mape"": 33.85826873779297, ""val_mae"": 6.61122465133667, ""lr"": 9.999999747378752e-06, ""val_mae12"": 9.58749771118164, ""val_me"": 4.166260482526126, ""val_me12"": 8.696409782533895, ""mape_2021"": 39.23434829711914, ""mae_2021"": 7.7348198890686035, ""mae12_2021"": 5.965417385101318, ""me_2021"": 6.201239210049133, ""me12_2021"": 4.489107851334804, ""epochs_trained"": 1553}",2026-07-03T10:40:41.436891,completed,
3,MAPE,96,3,relu,1,64,0.3,3.362090826034546,0.6363484859466553,1.1828327178955078,0.01940334376515284,0.7165322350139335,3.362090826034546,0.7764921188354492,0.9015277624130249,0.42733235178705686,-0.2716456889183936,4.520082950592041,"{""loss"": 10.42474365234375, ""mape"": 10.42474365234375, ""mae"": 2.382033586502075, ""val_loss"": 3.362090826034546, ""val_mape"": 3.362090826034546, ""val_mae"": 0.6363484859466553, ""lr"": 9.999999747378752e-06, ""val_mae12"": 1.1828327178955078, ""val_me"": 0.01940334376515284, ""val_me12"": 0.7165322350139335, ""mape_2021"": 4.520082950592041, ""mae_2021"": 0.7764921188354492, ""mae12_2021"": 0.9015277624130249, ""me_2021"": 0.42733235178705686, ""me12_2021"": -0.2716456889183936, ""epochs_trained"": 1272}",2026-07-03T10:40:45.957196,completed,
3,MAPE,96,3,relu,1,128,0.3,45.0668830871582,9.26516342163086,9.506779670715332,7.1708323771106155,8.958239950575653,45.0668830871582,10.355202674865723,10.739675521850586,8.626628679057488,10.137987121645558,58.88410568237305,"{""loss"": 47.248985290527344, ""mape"": 47.248985290527344, ""mae"": 10.321483612060547, ""val_loss"": 45.0668830871582, ""val_mape"": 45.0668830871582, ""val_mae"": 9.26516342163086, ""lr"": 0.00010000000474974513, ""val_mae12"": 9.506779670715332, ""val_me"": 7.1708323771106155, ""val_me12"": 8.958239950575653, ""mape_2021"": 58.88410568237305, ""mae_2021"": 10.355202674865723, ""mae12_2021"": 10.739675521850586, ""me_2021"": 8.626628679057488, ""me12_2021"": 10.137987121645558, ""epochs_trained"": 66}",2026-07-03T10:41:04.919759,completed,
3,MAPE,96,3,relu,1,256,0.1,44.67399597167969,9.227684020996094,9.465865135192871,7.275438038451779,9.02034033971509,44.67399597167969,10.356830596923828,10.86972427368164,8.681961598889687,10.24682180002172,58.993953704833984,"{""loss"": 45.539642333984375, ""mape"": 45.539642333984375, ""mae"": 9.941630363464355, ""val_loss"": 44.67399597167969, ""val_mape"": 44.67399597167969, ""val_mae"": 9.227684020996094, ""lr"": 0.00010000000474974513, ""val_mae12"": 9.465865135192871, ""val_me"": 7.275438038451779, ""val_me12"": 9.02034033971509, ""mape_2021"": 58.993953704833984, ""mae_2021"": 10.356830596923828, ""mae12_2021"": 10.86972427368164, ""me_2021"": 8.681961598889687, ""me12_2021"": 10.24682180002172, ""epochs_trained"": 55}",2026-07-03T10:41:18.848270,completed,
3,MAPE,96,3,relu,1,256,0.3,45.00897979736328,9.285713195800781,10.386961936950684,6.930729890947901,10.170116197562974,45.00897979736328,10.314946174621582,11.876326560974121,8.336253799003694,11.642234291449247,60.34651565551758,"{""loss"": 46.56471252441406, ""mape"": 46.56471252441406, ""mae"": 10.135603904724121, ""val_loss"": 45.00897979736328, ""val_mape"": 45.00897979736328, ""val_mae"": 9.285713195800781, ""lr"": 0.00010000000474974513, ""val_mae12"": 10.386961936950684, ""val_me"": 6.930729890947901, ""val_me12"": 10.170116197562974, ""mape_2021"": 60.34651565551758, ""mae_2021"": 10.314946174621582, ""mae12_2021"": 11.876326560974121, ""me_2021"": 8.336253799003694, ""me12_2021"": 11.642234291449247, ""epochs_trained"": 52}",2026-07-03T10:41:32.541390,completed,
3,MAPE,96,3,relu,1,128,0.05,3.884453535079956,0.7756291031837463,1.0408120155334473,-0.28352944159957666,0.45140686682974285,3.884453535079956,0.8433181643486023,1.1519485712051392,0.073696727769197,-0.296162824406056,5.217935085296631,"{""loss"": 5.331164836883545, ""mape"": 5.331164836883545, ""mae"": 1.1075780391693115, ""val_loss"": 3.884453535079956, ""val_mape"": 3.884453535079956, ""val_mae"": 0.7756291031837463, ""lr"": 0.00010000000474974513, ""val_mae12"": 1.0408120155334473, ""val_me"": -0.28352944159957666, ""val_me12"": 0.45140686682974285, ""mape_2021"": 5.217935085296631, ""mae_2021"": 0.8433181643486023, ""mae12_2021"": 1.1519485712051392, ""me_2021"": 0.073696727769197, ""me12_2021"": -0.296162824406056, ""epochs_trained"": 930}",2026-07-03T10:42:21.677552,completed,
3,MAPE,96,3,relu,2,16,0.05,45.97934341430664,9.354491233825684,9.608752250671387,7.129402339339242,9.187336677249059,45.97934341430664,10.363937377929688,10.981021881103516,8.547898302755524,10.599727989604686,60.20991134643555,"{""loss"": 47.3189697265625, ""mape"": 47.3189697265625, ""mae"": 10.319138526916504, ""val_loss"": 45.97934341430664, ""val_mape"": 45.97934341430664, ""val_mae"": 9.354491233825684, ""lr"": 0.00010000000474974513, ""val_mae12"": 9.608752250671387, ""val_me"": 7.129402339339242, ""val_me12"": 9.187336677249059, ""mape_2021"": 60.20991134643555, ""mae_2021"": 10.363937377929688, ""mae12_2021"": 10.981021881103516, ""me_2021"": 8.547898302755524, ""me12_2021"": 10.599727989604686, ""epochs_trained"": 95}",2026-07-03T10:42:36.949608,completed,
3,MAPE,96,3,relu,2,16,0.1,46.7015266418457,9.337010383605957,10.503680229187012,7.080909268139712,10.354035809548094,46.7015266418457,10.437827110290527,12.409006118774414,8.418066631028497,12.264515986302998,62.56116485595703,"{""loss"": 51.487464904785156, ""mape"": 51.487464904785156, ""mae"": 11.204646110534668, ""val_loss"": 46.7015266418457, ""val_mape"": 46.7015266418457, ""val_mae"": 9.337010383605957, ""lr"": 0.00010000000474974513, ""val_mae12"": 10.503680229187012, ""val_me"": 7.080909268139712, ""val_me12"": 10.354035809548094, ""mape_2021"": 62.56116485595703, ""mae_2021"": 10.437827110290527, ""mae12_2021"": 12.409006118774414, ""me_2021"": 8.418066631028497, ""me12_2021"": 12.264515986302998, ""epochs_trained"": 100}",2026-07-03T10:42:52.770292,completed,
3,MAPE,96,3,relu,1,256,0.0,3.641814708709717,0.7297297716140747,1.0651298761367798,-0.256645941123614,0.7446853734460097,3.641814708709717,0.7699240446090698,1.0200484991073608,0.09493770591486912,-0.4772582964256357,4.556423187255859,"{""loss"": 3.345334768295288, ""mape"": 3.345334768295288, ""mae"": 0.7143638134002686, ""val_loss"": 3.641814708709717, ""val_mape"": 3.641814708709717, ""val_mae"": 0.7297297716140747, ""lr"": 0.00010000000474974513, ""val_mae12"": 1.0651298761367798, ""val_me"": -0.256645941123614, ""val_me12"": 0.7446853734460097, ""mape_2021"": 4.556423187255859, ""mae_2021"": 0.7699240446090698, ""mae12_2021"": 1.0200484991073608, ""me_2021"": 0.09493770591486912, ""me12_2021"": -0.4772582964256357, ""epochs_trained"": 1501}",2026-07-03T10:43:07.253501,completed,
3,MAPE,96,3,relu,1,128,0.0,4.155515193939209,0.8199673891067505,1.2987112998962402,-0.19652157535423911,0.9007303034233647,4.155515193939209,0.9292634129524231,1.0777233839035034,0.15167308100569216,-0.34438874022435867,5.325943946838379,"{""loss"": 3.769381284713745, ""mape"": 3.769381284713745, ""mae"": 0.8213348984718323, ""val_loss"": 4.155515193939209, ""val_mape"": 4.155515193939209, ""val_mae"": 0.8199673891067505, ""lr"": 1.0000000656873453e-05, ""val_mae12"": 1.2987112998962402, ""val_me"": -0.19652157535423911, ""val_me12"": 0.9007303034233647, ""mape_2021"": 5.325943946838379, ""mae_2021"": 0.9292634129524231, ""mae12_2021"": 1.0777233839035034, ""me_2021"": 0.15167308100569216, ""me12_2021"": -0.34438874022435867, ""epochs_trained"": 1788}",2026-07-03T10:43:23.533322,completed,
3,MAPE,96,3,relu,2,16,0.3,5.573540210723877,1.0859534740447998,1.4904882907867432,0.857011707887769,1.0730263525724204,5.573540210723877,1.3875480890274048,1.1492351293563843,1.2797239800467284,0.017958234011635165,8.153200149536133,"{""loss"": 19.72258758544922, ""mape"": 19.72258758544922, ""mae"": 4.657196998596191, ""val_loss"": 5.573540210723877, ""val_mape"": 5.573540210723877, ""val_mae"": 1.0859534740447998, ""lr"": 0.00010000000474974513, ""val_mae12"": 1.4904882907867432, ""val_me"": 0.857011707887769, ""val_me12"": 1.0730263525724204, ""mape_2021"": 8.153200149536133, ""mae_2021"": 1.3875480890274048, ""mae12_2021"": 1.1492351293563843, ""me_2021"": 1.2797239800467284, ""me12_2021"": 0.017958234011635165, ""epochs_trained"": 764}",2026-07-03T10:43:48.314680,completed,
3,MAPE,96,3,relu,1,128,0.1,14.851675987243652,2.929569721221924,4.7390456199646,0.7518808609668924,3.782161481772185,14.851675987243652,3.3554322719573975,2.7584245204925537,1.54706060415395,1.082430793989096,18.141891479492188,"{""loss"": 16.28646469116211, ""mape"": 16.28646469116211, ""mae"": 3.4514029026031494, ""val_loss"": 14.851675987243652, ""val_mape"": 14.851675987243652, ""val_mae"": 2.929569721221924, ""lr"": 1.0000000656873453e-05, ""val_mae12"": 4.7390456199646, ""val_me"": 0.7518808609668924, ""val_me12"": 3.782161481772185, ""mape_2021"": 18.141891479492188, ""mae_2021"": 3.3554322719573975, ""mae12_2021"": 2.7584245204925537, ""me_2021"": 1.54706060415395, ""me12_2021"": 1.082430793989096, ""epochs_trained"": 2974}",2026-07-03T10:44:34.029793,completed,
3,MAPE,96,3,relu,1,256,0.05,7.397216320037842,1.543458104133606,1.5539692640304565,0.005004564282430255,1.04906949937264,7.397216320037842,1.7952134609222412,1.3093552589416504,0.5301726838056008,0.12987869134496147,9.494439125061035,"{""loss"": 8.445569038391113, ""mape"": 8.445569038391113, ""mae"": 1.8444550037384033, ""val_loss"": 7.397216320037842, ""val_mape"": 7.397216320037842, ""val_mae"": 1.543458104133606, ""lr"": 1.0000000656873453e-05, ""val_mae12"": 1.5539692640304565, ""val_me"": 0.005004564282430255, ""val_me12"": 1.04906949937264, ""mape_2021"": 9.494439125061035, ""mae_2021"": 1.7952134609222412, ""mae12_2021"": 1.3093552589416504, ""me_2021"": 0.5301726838056008, ""me12_2021"": 0.12987869134496147, ""epochs_trained"": 4001}",2026-07-03T10:45:25.725452,completed,
3,MAPE,96,3,relu,2,16,0.0,3.941298007965088,0.7676907181739807,1.4033700227737427,-0.3497668267289109,1.0453532534732846,3.941298007965088,0.7580208778381348,1.000966191291809,0.026504324748210614,-0.2816291838651957,4.4421210289001465,"{""loss"": 3.5777487754821777, ""mape"": 3.5777487754821777, ""mae"": 0.7271886467933655, ""val_loss"": 3.941298007965088, ""val_mape"": 3.941298007965088, ""val_mae"": 0.7676907181739807, ""lr"": 1.0000000656873453e-05, ""val_mae12"": 1.4033700227737427, ""val_me"": -0.3497668267289109, ""val_me12"": 1.0453532534732846, ""mape_2021"": 4.4421210289001465, ""mae_2021"": 0.7580208778381348, ""mae12_2021"": 1.000966191291809, ""me_2021"": 0.026504324748210614, ""me12_2021"": -0.2816291838651957, ""epochs_trained"": 5991}",2026-07-03T10:46:27.627889,completed,
3,MAPE,96,3,relu,2,32,0.1,47.50408172607422,9.720520973205566,11.940308570861816,6.978690985759938,11.984016342651728,47.50408172607422,10.351581573486328,14.110360145568848,8.255524234411538,14.124631752828266,63.72433090209961,"{""loss"": 49.03328323364258, ""mape"": 49.03328323364258, ""mae"": 10.750295639038086, ""val_loss"": 47.50408172607422, ""val_mape"": 47.50408172607422, ""val_mae"": 9.720520973205566, ""lr"": 0.00010000000474974513, ""val_mae12"": 11.940308570861816, ""val_me"": 6.978690985759938, ""val_me12"": 11.984016342651728, ""mape_2021"": 63.72433090209961, ""mae_2021"": 10.351581573486328, ""mae12_2021"": 14.110360145568848, ""me_2021"": 8.255524234411538, ""me12_2021"": 14.124631752828266, ""epochs_trained"": 69}",2026-07-03T10:46:42.517640,completed,
3,MAPE,96,3,relu,2,32,0.05,44.567604064941406,9.036873817443848,9.966984748840332,6.815623113283009,9.645887047085509,44.567604064941406,10.136592864990234,11.33761215209961,8.210975129616653,11.063670349599647,59.22628402709961,"{""loss"": 45.50971603393555, ""mape"": 45.50971603393555, ""mae"": 9.937968254089355, ""val_loss"": 44.567604064941406, ""val_mape"": 44.567604064941406, ""val_mae"": 9.036873817443848, ""lr"": 0.00010000000474974513, ""val_mae12"": 9.966984748840332, ""val_me"": 6.815623113283009, ""val_me12"": 9.645887047085509, ""mape_2021"": 59.22628402709961, ""mae_2021"": 10.136592864990234, ""mae12_2021"": 11.33761215209961, ""me_2021"": 8.210975129616653, ""me12_2021"": 11.063670349599647, ""epochs_trained"": 79}",2026-07-03T10:46:43.255977,completed,
3,MAPE,96,3,relu,2,64,0.1,46.183685302734375,9.336322784423828,13.052838325500488,6.943129626799611,13.08565543898158,46.183685302734375,10.2921142578125,15.355245590209961,8.14134906150209,15.374831501238384,64.58524322509766,"{""loss"": 46.85029602050781, ""mape"": 46.85029602050781, ""mae"": 10.14244270324707, ""val_loss"": 46.183685302734375, ""val_mape"": 46.183685302734375, ""val_mae"": 9.336322784423828, ""lr"": 0.00010000000474974513, ""val_mae12"": 13.052838325500488, ""val_me"": 6.943129626799611, ""val_me12"": 13.08565543898158, ""mape_2021"": 64.58524322509766, ""mae_2021"": 10.2921142578125, ""mae12_2021"": 15.355245590209961, ""me_2021"": 8.14134906150209, ""me12_2021"": 15.374831501238384, ""epochs_trained"": 55}",2026-07-03T10:46:51.468995,completed,
3,MAPE,96,3,relu,2,64,0.05,3.9511122703552246,0.6939622163772583,1.9765520095825195,-0.17814011824228695,1.6741886805559356,3.9511122703552246,0.7645519375801086,1.5747580528259277,0.14421469738483636,0.6783103873702714,4.923918724060059,"{""loss"": 6.090483665466309, ""mape"": 6.090483665466309, ""mae"": 1.319076657295227, ""val_loss"": 3.9511122703552246, ""val_mape"": 3.9511122703552246, ""val_mae"": 0.6939622163772583, ""lr"": 0.00010000000474974513, ""val_mae12"": 1.9765520095825195, ""val_me"": -0.17814011824228695, ""val_me12"": 1.6741886805559356, ""mape_2021"": 4.923918724060059, ""mae_2021"": 0.7645519375801086, ""mae12_2021"": 1.5747580528259277, ""me_2021"": 0.14421469738483636, ""me12_2021"": 0.6783103873702714, ""epochs_trained"": 689}",2026-07-03T10:47:24.154340,completed,
3,MAPE,96,3,relu,2,64,0.0,3.9241387844085693,0.7537679672241211,1.5679271221160889,-0.39590200697086464,1.1064272283385232,3.9241387844085693,0.7500696778297424,1.0692071914672852,-0.04263500593542381,0.45401269719948867,4.520044803619385,"{""loss"": 3.0329654216766357, ""mape"": 3.0329654216766357, ""mae"": 0.6245984435081482, ""val_loss"": 3.9241387844085693, ""val_mape"": 3.9241387844085693, ""val_mae"": 0.7537679672241211, ""lr"": 1.0000000656873453e-05, ""val_mae12"": 1.5679271221160889, ""val_me"": -0.39590200697086464, ""val_me12"": 1.1064272283385232, ""mape_2021"": 4.520044803619385, ""mae_2021"": 0.7500696778297424, ""mae12_2021"": 1.0692071914672852, ""me_2021"": -0.04263500593542381, ""me12_2021"": 0.45401269719948867, ""epochs_trained"": 815}",2026-07-03T10:47:29.420938,completed,
3,MAPE,96,3,relu,2,128,0.0,4.066106796264648,0.7863284945487976,1.5637199878692627,-0.28511223987329637,1.287980671611432,4.066106796264648,0.8161561489105225,1.1386699676513672,0.025695354663607176,0.38434799017156107,4.798075199127197,"{""loss"": 3.3041272163391113, ""mape"": 3.3041272163391113, ""mae"": 0.6695904731750488, ""val_loss"": 4.066106796264648, ""val_mape"": 4.066106796264648, ""val_mae"": 0.7863284945487976, ""lr"": 0.00010000000474974513, ""val_mae12"": 1.5637199878692627, ""val_me"": -0.28511223987329637, ""val_me12"": 1.287980671611432, ""mape_2021"": 4.798075199127197, ""mae_2021"": 0.8161561489105225, ""mae12_2021"": 1.1386699676513672, ""me_2021"": 0.025695354663607176, ""me12_2021"": 0.38434799017156107, ""epochs_trained"": 491}",2026-07-03T10:47:30.962030,completed,
3,MAPE,96,3,relu,2,64,0.3,3.8685500621795654,0.6892963647842407,1.6564253568649292,0.04314643917300866,1.459143378661104,3.8685500621795654,0.8083151578903198,0.9950445890426636,0.4797039297215038,-0.12156462064103454,4.633903503417969,"{""loss"": 11.150979995727539, ""mape"": 11.150979995727539, ""mae"": 2.584057569503784, ""val_loss"": 3.8685500621795654, ""val_mape"": 3.8685500621795654, ""val_mae"": 0.6892963647842407, ""lr"": 0.00010000000474974513, ""val_mae12"": 1.6564253568649292, ""val_me"": 0.04314643917300866, ""val_me12"": 1.459143378661104, ""mape_2021"": 4.633903503417969, ""mae_2021"": 0.8083151578903198, ""mae12_2021"": 0.9950445890426636, ""me_2021"": 0.4797039297215038, ""me12_2021"": -0.12156462064103454, ""epochs_trained"": 679}",2026-07-03T10:47:33.374242,completed,
3,MAPE,96,3,relu,2,32,0.0,3.808128833770752,0.7614709734916687,1.0283098220825195,-0.3437344430695913,0.20852509968084887,3.808128833770752,0.7908263206481934,1.069272756576538,-0.018136000537106164,-0.6763050339055785,4.6634955406188965,"{""loss"": 3.4527885913848877, ""mape"": 3.4527885913848877, ""mae"": 0.7108498215675354, ""val_loss"": 3.808128833770752, ""val_mape"": 3.808128833770752, ""val_mae"": 0.7614709734916687, ""lr"": 0.00010000000474974513, ""val_mae12"": 1.0283098220825195, ""val_me"": -0.3437344430695913, ""val_me12"": 0.20852509968084887, ""mape_2021"": 4.6634955406188965, ""mae_2021"": 0.7908263206481934, ""mae12_2021"": 1.069272756576538, ""me_2021"": -0.018136000537106164, ""me12_2021"": -0.6763050339055785, ""epochs_trained"": 954}",2026-07-03T10:47:40.856513,completed,
3,MAPE,96,3,relu,2,128,0.05,3.917875051498413,0.7085045576095581,2.0946924686431885,-0.24886944513592518,1.8075037746741314,3.917875051498413,0.7364661693572998,1.5300623178482056,0.05351313360798861,0.6956281596268267,4.738185405731201,"{""loss"": 5.047294616699219, ""mape"": 5.047294616699219, ""mae"": 1.0695379972457886, ""val_loss"": 3.917875051498413, ""val_mape"": 3.917875051498413, ""val_mae"": 0.7085045576095581, ""lr"": 1.0000000656873453e-05, ""val_mae12"": 2.0946924686431885, ""val_me"": -0.24886944513592518, ""val_me12"": 1.8075037746741314, ""mape_2021"": 4.738185405731201, ""mae_2021"": 0.7364661693572998, ""mae12_2021"": 1.5300623178482056, ""me_2021"": 0.05351313360798861, ""me12_2021"": 0.6956281596268267, ""epochs_trained"": 554}",2026-07-03T10:48:15.056686,completed,
3,MAPE,96,3,relu,2,128,0.1,4.288754940032959,0.7790268063545227,2.30355167388916,-0.23000941715763046,2.099274421885904,4.288754940032959,0.8329697251319885,1.9579986333847046,0.032323670317580516,1.2241652500116766,5.566576957702637,"{""loss"": 6.6874494552612305, ""mape"": 6.6874494552612305, ""mae"": 1.4284722805023193, ""val_loss"": 4.288754940032959, ""val_mape"": 4.288754940032959, ""val_mae"": 0.7790268063545227, ""lr"": 1.0000000656873453e-05, ""val_mae12"": 2.30355167388916, ""val_me"": -0.23000941715763046, ""val_me12"": 2.099274421885904, ""mape_2021"": 5.566576957702637, ""mae_2021"": 0.8329697251319885, ""mae12_2021"": 1.9579986333847046, ""me_2021"": 0.032323670317580516, ""me12_2021"": 1.2241652500116766, ""epochs_trained"": 479}",2026-07-03T10:48:15.138685,completed,
3,MAPE,96,3,relu,2,128,0.3,4.154458522796631,0.726698637008667,2.130054473876953,-0.05344941673317054,1.9805659179611699,4.154458522796631,0.8010503053665161,1.3674306869506836,0.3267153942849459,0.4302629746867048,4.756686210632324,"{""loss"": 9.824193000793457, ""mape"": 9.824193000793457, ""mae"": 2.2216217517852783, ""val_loss"": 4.154458522796631, ""val_mape"": 4.154458522796631, ""val_mae"": 0.726698637008667, ""lr"": 1.0000000656873453e-05, ""val_mae12"": 2.130054473876953, ""val_me"": -0.05344941673317054, ""val_me12"": 1.9805659179611699, ""mape_2021"": 4.756686210632324, ""mae_2021"": 0.8010503053665161, ""mae12_2021"": 1.3674306869506836, ""me_2021"": 0.3267153942849459, ""me12_2021"": 0.4302629746867048, ""epochs_trained"": 503}",2026-07-03T10:48:17.075884,completed,
3,MAPE,96,3,relu,2,32,0.3,18.111560821533203,3.499077558517456,5.723477363586426,1.6091973591377118,4.659235188422337,18.111560821533203,3.879310131072998,3.959930419921875,2.480913972955646,2.1927931874257047,22.53580665588379,"{""loss"": 25.0806827545166, ""mape"": 25.0806827545166, ""mae"": 5.561713218688965, ""val_loss"": 18.111560821533203, ""val_mape"": 18.111560821533203, ""val_mae"": 3.499077558517456, ""lr"": 1.0000000656873453e-05, ""val_mae12"": 5.723477363586426, ""val_me"": 1.6091973591377118, ""val_me12"": 4.659235188422337, ""mape_2021"": 22.53580665588379, ""mae_2021"": 3.879310131072998, ""mae12_2021"": 3.959930419921875, ""me_2021"": 2.480913972955646, ""me12_2021"": 2.1927931874257047, ""epochs_trained"": 1786}",2026-07-03T10:48:29.025869,completed,
4,MAPE,96,2,selu,2,64,0.05,49.517574310302734,11.390241622924805,7.130518436431885,8.184800380609351,6.87036414001722,49.517574310302734,10.01533317565918,10.117935180664062,8.546316757165187,10.03064247770834,57.37295150756836,"{""loss"": 38.09613800048828, ""mape"": 38.09613800048828, ""mae"": 8.424701690673828, ""val_loss"": 49.517574310302734, ""val_mape"": 49.517574310302734, ""val_mae"": 11.390241622924805, ""lr"": 0.00010000000474974513, ""val_mae12"": 7.130518436431885, ""val_me"": 8.184800380609351, ""val_me12"": 6.87036414001722, ""mape_2021"": 57.37295150756836, ""mae_2021"": 10.01533317565918, ""mae12_2021"": 10.117935180664062, ""me_2021"": 8.546316757165187, ""me12_2021"": 10.03064247770834, ""epochs_trained"": 57}",2026-07-05T15:39:50.732631,completed,15.4
4,MAPE,96,2,selu,2,32,0.1,68.80410766601562,15.52452278137207,11.430810928344727,7.973567163194004,11.442294503757422,68.80410766601562,10.02138900756836,15.911599159240723,8.007861449092482,16.015984273876917,63.39485168457031,"{""loss"": 46.10800552368164, ""mape"": 46.10800552368164, ""mae"": 9.944727897644043, ""val_loss"": 68.80410766601562, ""val_mape"": 68.80410766601562, ""val_mae"": 15.52452278137207, ""lr"": 0.00010000000474974513, ""val_mae12"": 11.430810928344727, ""val_me"": 7.973567163194004, ""val_me12"": 11.442294503757422, ""mape_2021"": 63.39485168457031, ""mae_2021"": 10.02138900756836, ""mae12_2021"": 15.911599159240723, ""me_2021"": 8.007861449092482, ""me12_2021"": 16.015984273876917, ""epochs_trained"": 70}",2026-07-05T15:39:51.225219,completed,15.9
4,MAPE,96,2,selu,2,32,0.05,54.15357971191406,12.157051086425781,7.9589385986328125,8.210985985835057,7.958875903792869,54.15357971191406,9.651294708251953,11.141732215881348,8.292703736517675,11.218766255768973,56.543331146240234,"{""loss"": 41.20158767700195, ""mape"": 41.20158767700195, ""mae"": 8.990279197692871, ""val_loss"": 54.15357971191406, ""val_mape"": 54.15357971191406, ""val_mae"": 12.157051086425781, ""lr"": 0.00010000000474974513, ""val_mae12"": 7.9589385986328125, ""val_me"": 8.210985985835057, ""val_me12"": 7.958875903792869, ""mape_2021"": 56.543331146240234, ""mae_2021"": 9.651294708251953, ""mae12_2021"": 11.141732215881348, ""me_2021"": 8.292703736517675, ""me12_2021"": 11.218766255768973, ""epochs_trained"": 74}",2026-07-05T15:39:51.435571,completed,16.1
4,MAPE,96,2,selu,2,32,0.3,75.40266418457031,15.6037015914917,24.721738815307617,4.242806622048366,24.767724505249785,75.40266418457031,10.346179962158203,30.370851516723633,3.904421329588128,30.509881769323304,79.9214859008789,"{""loss"": 57.70314407348633, ""mape"": 57.70314407348633, ""mae"": 13.509851455688477, ""val_loss"": 75.40266418457031, ""val_mape"": 75.40266418457031, ""val_mae"": 15.6037015914917, ""lr"": 0.00010000000474974513, ""val_mae12"": 24.721738815307617, ""val_me"": 4.242806622048366, ""val_me12"": 24.767724505249785, ""mape_2021"": 79.9214859008789, ""mae_2021"": 10.346179962158203, ""mae12_2021"": 30.370851516723633, ""me_2021"": 3.904421329588128, ""me12_2021"": 30.509881769323304, ""epochs_trained"": 80}",2026-07-05T15:39:51.649094,completed,16.3
4,MAPE,96,2,selu,2,64,0.3,98.79238891601562,20.935148239135742,5.5956926345825195,22.716973717662732,4.561763417501338,98.79238891601562,22.099353790283203,8.526734352111816,21.241648164977548,8.012676436849826,99.30564880371094,"{""loss"": 86.40524291992188, ""mape"": 86.40524291992188, ""mae"": 21.86928939819336, ""val_loss"": 98.79238891601562, ""val_mape"": 98.79238891601562, ""val_mae"": 20.935148239135742, ""lr"": 0.00010000000474974513, ""val_mae12"": 5.5956926345825195, ""val_me"": 22.716973717662732, ""val_me12"": 4.561763417501338, ""mape_2021"": 99.30564880371094, ""mae_2021"": 22.099353790283203, ""mae12_2021"": 8.526734352111816, ""me_2021"": 21.241648164977548, ""me12_2021"": 8.012676436849826, ""epochs_trained"": 30}",2026-07-05T15:40:00.633452,completed,9.4
4,MAPE,96,2,selu,2,64,0.1,63.795066833496094,14.764627456665039,9.802762031555176,7.5193235228898745,9.832244579496184,63.795066833496094,9.409626007080078,13.413827896118164,7.552261109667294,13.506987857855641,57.666133880615234,"{""loss"": 42.08159255981445, ""mape"": 42.08159255981445, ""mae"": 9.11760425567627, ""val_loss"": 63.795066833496094, ""val_mape"": 63.795066833496094, ""val_mae"": 14.764627456665039, ""lr"": 0.00010000000474974513, ""val_mae12"": 9.802762031555176, ""val_me"": 7.5193235228898745, ""val_me12"": 9.832244579496184, ""mape_2021"": 57.666133880615234, ""mae_2021"": 9.409626007080078, ""mae12_2021"": 13.413827896118164, ""me_2021"": 7.552261109667294, ""me12_2021"": 13.506987857855641, ""epochs_trained"": 63}",2026-07-05T15:40:02.134781,completed,11.4
4,MAPE,96,2,selu,2,128,0.1,57.889766693115234,13.405146598815918,11.25928020477295,8.696730048456482,11.234189787471733,57.889766693115234,10.891291618347168,15.592741012573242,8.858825588071445,15.687825877615207,66.63372802734375,"{""loss"": 39.9393424987793, ""mape"": 39.9393424987793, ""mae"": 8.685750961303711, ""val_loss"": 57.889766693115234, ""val_mape"": 57.889766693115234, ""val_mae"": 13.405146598815918, ""lr"": 0.00010000000474974513, ""val_mae12"": 11.25928020477295, ""val_me"": 8.696730048456482, ""val_me12"": 11.234189787471733, ""mape_2021"": 66.63372802734375, ""mae_2021"": 10.891291618347168, ""mae12_2021"": 15.592741012573242, ""me_2021"": 8.858825588071445, ""me12_2021"": 15.687825877615207, ""epochs_trained"": 46}",2026-07-05T15:40:13.940184,completed,13.3
4,MAPE,96,2,selu,2,128,0.3,137.485595703125,30.951995849609375,30.661203384399414,4.183587396443658,30.72413609390551,137.485595703125,11.458949089050293,37.99097442626953,3.523049233995516,38.17790029582443,93.7948226928711,"{""loss"": 46.083744049072266, ""mape"": 46.083744049072266, ""mae"": 9.690923690795898, ""val_loss"": 137.485595703125, ""val_mape"": 137.485595703125, ""val_mae"": 30.951995849609375, ""lr"": 0.00010000000474974513, ""val_mae12"": 30.661203384399414, ""val_me"": 4.183587396443658, ""val_me12"": 30.72413609390551, ""mape_2021"": 93.7948226928711, ""mae_2021"": 11.458949089050293, ""mae12_2021"": 37.99097442626953, ""me_2021"": 3.523049233995516, ""me12_2021"": 38.17790029582443, ""epochs_trained"": 51}",2026-07-05T15:40:14.964771,completed,12.8
4,MAPE,96,2,selu,2,128,0.05,23.398395538330078,5.279305934906006,2.2289652824401855,-2.716505106646766,2.0976079290179186,23.398395538330078,5.181356430053711,2.4105381965637207,-3.128964411180084,0.291238012601992,24.20611000061035,"{""loss"": 12.770895004272461, ""mape"": 12.770895004272461, ""mae"": 2.8811261653900146, ""val_loss"": 23.398395538330078, ""val_mape"": 23.398395538330078, ""val_mae"": 5.279305934906006, ""lr"": 0.00010000000474974513, ""val_mae12"": 2.2289652824401855, ""val_me"": -2.716505106646766, ""val_me12"": 2.0976079290179186, ""mape_2021"": 24.20611000061035, ""mae_2021"": 5.181356430053711, ""mae12_2021"": 2.4105381965637207, ""me_2021"": -3.128964411180084, ""me12_2021"": 0.291238012601992, ""epochs_trained"": 199}",2026-07-05T15:40:15.126307,completed,23.5
4,MAPE,96,2,selu,2,128,0.0,3.8791675567626953,0.7600004076957703,0.9163166284561157,0.1328703350788417,0.4089342101748293,3.8791675567626953,0.7415168285369873,0.7563185095787048,0.17675410915713996,-0.25112550576411524,4.144970417022705,"{""loss"": 2.983489513397217, ""mape"": 2.983489513397217, ""mae"": 0.6119337677955627, ""val_loss"": 3.8791675567626953, ""val_mape"": 3.8791675567626953, ""val_mae"": 0.7600004076957703, ""lr"": 1.0000000656873453e-05, ""val_mae12"": 0.9163166284561157, ""val_me"": 0.1328703350788417, ""val_me12"": 0.4089342101748293, ""mape_2021"": 4.144970417022705, ""mae_2021"": 0.7415168285369873, ""mae12_2021"": 0.7563185095787048, ""me_2021"": 0.17675410915713996, ""me12_2021"": -0.25112550576411524, ""epochs_trained"": 504}",2026-07-05T15:40:29.776855,completed,38.3
4,MAPE,96,2,selu,2,64,0.0,4.001129150390625,0.7979171276092529,0.8876320123672485,0.19341438614322698,0.39183688651929277,4.001129150390625,0.7351546883583069,0.7958938479423523,0.17406590315164616,-0.29817049703823806,4.1311821937561035,"{""loss"": 3.039113998413086, ""mape"": 3.039113998413086, ""mae"": 0.6170915961265564, ""val_loss"": 4.001129150390625, ""val_mape"": 4.001129150390625, ""val_mae"": 0.7979171276092529, ""lr"": 1.0000000656873453e-05, ""val_mae12"": 0.8876320123672485, ""val_me"": 0.19341438614322698, ""val_me12"": 0.39183688651929277, ""mape_2021"": 4.1311821937561035, ""mae_2021"": 0.7351546883583069, ""mae12_2021"": 0.7958938479423523, ""me_2021"": 0.17406590315164616, ""me12_2021"": -0.29817049703823806, ""epochs_trained"": 814}",2026-07-05T15:40:33.853767,completed,58.5
4,MAPE,96,2,selu,2,32,0.0,3.8141837120056152,0.7485236525535583,0.9124341011047363,0.1506088540807318,0.3908863187369584,3.8141837120056152,0.708888053894043,0.8837348222732544,0.16104372931668523,-0.38966821163500415,4.1117262840271,"{""loss"": 3.082310199737549, ""mape"": 3.082310199737549, ""mae"": 0.6203343868255615, ""val_loss"": 3.8141837120056152, ""val_mape"": 3.8141837120056152, ""val_mae"": 0.7485236525535583, ""lr"": 0.00010000000474974513, ""val_mae12"": 0.9124341011047363, ""val_me"": 0.1506088540807318, ""val_me12"": 0.3908863187369584, ""mape_2021"": 4.1117262840271, ""mae_2021"": 0.708888053894043, ""mae12_2021"": 0.8837348222732544, ""me_2021"": 0.16104372931668523, ""me12_2021"": -0.38966821163500415, ""epochs_trained"": 1465}",2026-07-05T15:40:53.768105,completed,78.5
4,MAPE,96,2,selu,2,256,0.3,158.26795959472656,37.15875244140625,22.59059715270996,5.081303126831677,22.647317392028306,158.26795959472656,10.463521003723145,27.934885025024414,4.779966535053884,28.07419225820077,77.14613342285156,"{""loss"": 41.05302429199219, ""mape"": 41.05302429199219, ""mae"": 8.856003761291504, ""val_loss"": 158.26795959472656, ""val_mape"": 158.26795959472656, ""val_mae"": 37.15875244140625, ""lr"": 0.00010000000474974513, ""val_mae12"": 22.59059715270996, ""val_me"": 5.081303126831677, ""val_me12"": 22.647317392028306, ""mape_2021"": 77.14613342285156, ""mae_2021"": 10.463521003723145, ""mae12_2021"": 27.934885025024414, ""me_2021"": 4.779966535053884, ""me12_2021"": 28.07419225820077, ""epochs_trained"": 47}",2026-07-05T15:41:19.226788,completed,24.6
4,MAPE,96,2,selu,2,256,0.05,29.41279411315918,6.5097832679748535,3.0115387439727783,4.136997286808945,1.4734591657279321,29.41279411315918,5.735322952270508,2.4406282901763916,4.122336577972796,-0.4099021317032425,26.787111282348633,"{""loss"": 20.268848419189453, ""mape"": 20.268848419189453, ""mae"": 4.325655460357666, ""val_loss"": 29.41279411315918, ""val_mape"": 29.41279411315918, ""val_mae"": 6.5097832679748535, ""lr"": 0.00010000000474974513, ""val_mae12"": 3.0115387439727783, ""val_me"": 4.136997286808945, ""val_me12"": 1.4734591657279321, ""mape_2021"": 26.787111282348633, ""mae_2021"": 5.735322952270508, ""mae12_2021"": 2.4406282901763916, ""me_2021"": 4.122336577972796, ""me12_2021"": -0.4099021317032425, ""epochs_trained"": 52}",2026-07-05T15:41:19.537974,completed,25.0
4,MAPE,96,2,selu,2,256,0.1,53.98686981201172,12.572422981262207,5.352311134338379,-1.4665552936949315,2.5125809981196268,53.98686981201172,8.00067138671875,5.659399032592773,-1.1417021307751694,-1.3707261303690246,40.42206573486328,"{""loss"": 24.26530647277832, ""mape"": 24.26530647277832, ""mae"": 5.126255512237549, ""val_loss"": 53.98686981201172, ""val_mape"": 53.98686981201172, ""val_mae"": 12.572422981262207, ""lr"": 0.00010000000474974513, ""val_mae12"": 5.352311134338379, ""val_me"": -1.4665552936949315, ""val_me12"": 2.5125809981196268, ""mape_2021"": 40.42206573486328, ""mae_2021"": 8.00067138671875, ""mae12_2021"": 5.659399032592773, ""me_2021"": -1.1417021307751694, ""me12_2021"": -1.3707261303690246, ""epochs_trained"": 54}",2026-07-05T15:41:19.626762,completed,25.1
4,MAPE,96,2,selu,3,16,0.05,53.62936019897461,12.387201309204102,11.464226722717285,5.959513332153644,11.49432468084108,53.62936019897461,8.461676597595215,14.743871688842773,6.231127813302521,14.836204541208076,54.08078384399414,"{""loss"": 40.54385757446289, ""mape"": 40.54385757446289, ""mae"": 9.073366165161133, ""val_loss"": 53.62936019897461, ""val_mape"": 53.62936019897461, ""val_mae"": 12.387201309204102, ""lr"": 0.00010000000474974513, ""val_mae12"": 11.464226722717285, ""val_me"": 5.959513332153644, ""val_me12"": 11.49432468084108, ""mape_2021"": 54.08078384399414, ""mae_2021"": 8.461676597595215, ""mae12_2021"": 14.743871688842773, ""me_2021"": 6.231127813302521, ""me12_2021"": 14.836204541208076, ""epochs_trained"": 96}",2026-07-05T15:41:22.001668,completed,27.4
4,MAPE,96,2,selu,3,16,0.3,94.90576171875,21.068119049072266,7.994491100311279,20.191828289620474,8.015074026092378,94.90576171875,20.015989303588867,11.253279685974121,18.77048538573659,11.347225261213111,92.04325103759766,"{""loss"": 89.55846405029297, ""mape"": 89.55846405029297, ""mae"": 22.522762298583984, ""val_loss"": 94.90576171875, ""val_mape"": 94.90576171875, ""val_mae"": 21.068119049072266, ""lr"": 0.00010000000474974513, ""val_mae12"": 7.994491100311279, ""val_me"": 20.191828289620474, ""val_me12"": 8.015074026092378, ""mape_2021"": 92.04325103759766, ""mae_2021"": 20.015989303588867, ""mae12_2021"": 11.253279685974121, ""me_2021"": 18.77048538573659, ""me12_2021"": 11.347225261213111, ""epochs_trained"": 47}",2026-07-05T15:41:30.068655,completed,10.5
4,MAPE,96,2,selu,3,16,0.1,56.886661529541016,12.768411636352539,12.335254669189453,6.190277136226297,12.367327577706472,56.886661529541016,8.506729125976562,16.024070739746094,6.212856264484922,16.129753145060665,55.75265884399414,"{""loss"": 44.95314025878906, ""mape"": 44.95314025878906, ""mae"": 10.056828498840332, ""val_loss"": 56.886661529541016, ""val_mape"": 56.886661529541016, ""val_mae"": 12.768411636352539, ""lr"": 0.00010000000474974513, ""val_mae12"": 12.335254669189453, ""val_me"": 6.190277136226297, ""val_me12"": 12.367327577706472, ""mape_2021"": 55.75265884399414, ""mae_2021"": 8.506729125976562, ""mae12_2021"": 16.024070739746094, ""me_2021"": 6.212856264484922, ""me12_2021"": 16.129753145060665, ""epochs_trained"": 108}",2026-07-05T15:41:33.680675,completed,14.4
4,MAPE,96,2,selu,3,32,0.05,53.52555465698242,12.318890571594238,10.644363403320312,6.00687134319493,10.680276714663076,53.52555465698242,8.123448371887207,14.344727516174316,5.847545749168151,14.443568127280644,52.9559211730957,"{""loss"": 38.274776458740234, ""mape"": 38.274776458740234, ""mae"": 8.360404968261719, ""val_loss"": 53.52555465698242, ""val_mape"": 53.52555465698242, ""val_mae"": 12.318890571594238, ""lr"": 0.00010000000474974513, ""val_mae12"": 10.644363403320312, ""val_me"": 6.00687134319493, ""val_me12"": 10.680276714663076, ""mape_2021"": 52.9559211730957, ""mae_2021"": 8.123448371887207, ""mae12_2021"": 14.344727516174316, ""me_2021"": 5.847545749168151, ""me12_2021"": 14.443568127280644, ""epochs_trained"": 68}",2026-07-05T15:41:34.455522,completed,12.5
4,MAPE,96,2,selu,3,32,0.1,67.82763671875,15.691761016845703,12.654267311096191,5.563342627081408,12.691184623262023,67.82763671875,7.51849889755249,16.60569953918457,4.993807736322631,16.713090522679526,52.76751708984375,"{""loss"": 39.57783126831055, ""mape"": 39.57783126831055, ""mae"": 8.483229637145996, ""val_loss"": 67.82763671875, ""val_mape"": 67.82763671875, ""val_mae"": 15.691761016845703, ""lr"": 0.00010000000474974513, ""val_mae12"": 12.654267311096191, ""val_me"": 5.563342627081408, ""val_me12"": 12.691184623262023, ""mape_2021"": 52.76751708984375, ""mae_2021"": 7.51849889755249, ""mae12_2021"": 16.60569953918457, ""me_2021"": 4.993807736322631, ""me12_2021"": 16.713090522679526, ""epochs_trained"": 75}",2026-07-05T15:41:42.614728,completed,12.5
4,MAPE,96,2,selu,3,32,0.3,88.65164947509766,16.616344451904297,12.008557319641113,18.11346413598792,12.036669169163954,88.65164947509766,18.94424819946289,14.93289852142334,16.76861908670028,15.022958211582628,90.0773696899414,"{""loss"": 80.56641387939453, ""mape"": 80.56641387939453, ""mae"": 20.35094451904297, ""val_loss"": 88.65164947509766, ""val_mape"": 88.65164947509766, ""val_mae"": 16.616344451904297, ""lr"": 0.00010000000474974513, ""val_mae12"": 12.008557319641113, ""val_me"": 18.11346413598792, ""val_me12"": 12.036669169163954, ""mape_2021"": 90.0773696899414, ""mae_2021"": 18.94424819946289, ""mae12_2021"": 14.93289852142334, ""me_2021"": 16.76861908670028, ""me12_2021"": 15.022958211582628, ""epochs_trained"": 45}",2026-07-05T15:41:43.882106,completed,10.2
4,MAPE,96,2,selu,2,256,0.0,3.6256887912750244,0.7089657783508301,0.9239426255226135,0.10317507616838441,0.4369745142387616,3.6256887912750244,0.6998130679130554,0.7660270929336548,0.1516513627775252,-0.07058932744402086,3.863307476043701,"{""loss"": 2.888319969177246, ""mape"": 2.888319969177246, ""mae"": 0.5825912952423096, ""val_loss"": 3.6256887912750244, ""val_mape"": 3.6256887912750244, ""val_mae"": 0.7089657783508301, ""lr"": 1.0000000656873453e-05, ""val_mae12"": 0.9239426255226135, ""val_me"": 0.10317507616838441, ""val_me12"": 0.4369745142387616, ""mape_2021"": 3.863307476043701, ""mae_2021"": 0.6998130679130554, ""mae12_2021"": 0.7660270929336548, ""me_2021"": 0.1516513627775252, ""me12_2021"": -0.07058932744402086, ""epochs_trained"": 484}",2026-07-05T15:41:50.172722,completed,55.6
4,MAPE,96,2,selu,3,32,0.0,3.6524291038513184,0.7210046648979187,0.9612471461296082,0.14769940693836037,0.41360316721075824,3.6524291038513184,0.7085117697715759,0.956556499004364,0.1487935902492606,-0.38748451086127705,4.225148677825928,"{""loss"": 2.926569938659668, ""mape"": 2.926569938659668, ""mae"": 0.5939204692840576, ""val_loss"": 3.6524291038513184, ""val_mape"": 3.6524291038513184, ""val_mae"": 0.7210046648979187, ""lr"": 1.0000000656873453e-05, ""val_mae12"": 0.9612471461296082, ""val_me"": 0.14769940693836037, ""val_me12"": 0.41360316721075824, ""mape_2021"": 4.225148677825928, ""mae_2021"": 0.7085117697715759, ""mae12_2021"": 0.956556499004364, ""me_2021"": 0.1487935902492606, ""me12_2021"": -0.38748451086127705, ""epochs_trained"": 748}",2026-07-05T15:42:02.519135,completed,42.9
4,MAPE,96,2,selu,3,16,0.0,3.800962448120117,0.729163408279419,0.9895337820053101,0.12171204377318492,0.44328158995529965,3.800962448120117,0.740675687789917,1.3846849203109741,0.11292548557474645,0.7684296167929466,5.0190629959106445,"{""loss"": 3.0220682621002197, ""mape"": 3.0220682621002197, ""mae"": 0.6090426445007324, ""val_loss"": 3.800962448120117, ""val_mape"": 3.800962448120117, ""val_mae"": 0.729163408279419, ""lr"": 0.00010000000474974513, ""val_mae12"": 0.9895337820053101, ""val_me"": 0.12171204377318492, ""val_me12"": 0.44328158995529965, ""mape_2021"": 5.0190629959106445, ""mae_2021"": 0.740675687789917, ""mae12_2021"": 1.3846849203109741, ""me_2021"": 0.11292548557474645, ""me12_2021"": 0.7684296167929466, ""epochs_trained"": 991}",2026-07-05T15:42:04.672696,completed,70.1
4,MAPE,96,2,selu,3,64,0.3,114.6052474975586,21.50521469116211,5.288447380065918,22.583076202191176,5.289444079905275,114.6052474975586,21.75260353088379,7.341353893280029,20.973447555390962,7.381394915264575,93.06097412109375,"{""loss"": 83.69229125976562, ""mape"": 83.69229125976562, ""mae"": 21.356786727905273, ""val_loss"": 114.6052474975586, ""val_mape"": 114.6052474975586, ""val_mae"": 21.50521469116211, ""lr"": 0.00010000000474974513, ""val_mae12"": 5.288447380065918, ""val_me"": 22.583076202191176, ""val_me12"": 5.289444079905275, ""mape_2021"": 93.06097412109375, ""mae_2021"": 21.75260353088379, ""mae12_2021"": 7.341353893280029, ""me_2021"": 20.973447555390962, ""me12_2021"": 7.381394915264575, ""epochs_trained"": 33}",2026-07-05T15:42:24.493889,completed,19.0
4,MAPE,96,2,selu,3,64,0.1,69.09786224365234,16.636266708374023,16.350704193115234,5.034251256145667,16.387592087592772,69.09786224365234,8.539443969726562,20.349809646606445,4.664747188345257,20.45785401842501,60.84147644042969,"{""loss"": 36.00694274902344, ""mape"": 36.00694274902344, ""mae"": 7.940187454223633, ""val_loss"": 69.09786224365234, ""val_mape"": 69.09786224365234, ""val_mae"": 16.636266708374023, ""lr"": 0.00010000000474974513, ""val_mae12"": 16.350704193115234, ""val_me"": 5.034251256145667, ""val_me12"": 16.387592087592772, ""mape_2021"": 60.84147644042969, ""mae_2021"": 8.539443969726562, ""mae12_2021"": 20.349809646606445, ""me_2021"": 4.664747188345257, ""me12_2021"": 20.45785401842501, ""epochs_trained"": 54}",2026-07-05T15:42:26.255593,completed,20.8
4,MAPE,96,2,selu,3,128,0.05,21.39853858947754,5.104196548461914,1.6671758890151978,-3.5092216798755493,1.611100959531097,21.39853858947754,4.702201843261719,1.3091113567352295,-3.755355252156811,0.5945563077469165,20.36397361755371,"{""loss"": 9.557544708251953, ""mape"": 9.557544708251953, ""mae"": 2.1232118606567383, ""val_loss"": 21.39853858947754, ""val_mape"": 21.39853858947754, ""val_mae"": 5.104196548461914, ""lr"": 0.00010000000474974513, ""val_mae12"": 1.6671758890151978, ""val_me"": -3.5092216798755493, ""val_me12"": 1.611100959531097, ""mape_2021"": 20.36397361755371, ""mae_2021"": 4.702201843261719, ""mae12_2021"": 1.3091113567352295, ""me_2021"": -3.755355252156811, ""me12_2021"": 0.5945563077469165, ""epochs_trained"": 119}",2026-07-05T15:42:32.711537,completed,27.2
4,MAPE,96,2,selu,3,128,0.3,108.68386840820312,20.06345558166504,2.8224661350250244,23.685173035859815,1.8719104421753943,108.68386840820312,22.533740997314453,4.359548568725586,22.120021056523644,3.7760809761876915,94.88091278076172,"{""loss"": 82.66741943359375, ""mape"": 82.66741943359375, ""mae"": 20.992509841918945, ""val_loss"": 108.68386840820312, ""val_mape"": 108.68386840820312, ""val_mae"": 20.06345558166504, ""lr"": 0.00010000000474974513, ""val_mae12"": 2.8224661350250244, ""val_me"": 23.685173035859815, ""val_me12"": 1.8719104421753943, ""mape_2021"": 94.88091278076172, ""mae_2021"": 22.533740997314453, ""mae12_2021"": 4.359548568725586, ""me_2021"": 22.120021056523644, ""me12_2021"": 3.7760809761876915, ""epochs_trained"": 27}",2026-07-05T15:42:40.147111,completed,13.9
4,MAPE,96,2,selu,3,128,0.1,55.68839645385742,13.661469459533691,8.078230857849121,-4.293954904265797,8.092757933171312,55.68839645385742,8.96959400177002,8.667546272277832,-3.452131803808159,8.69186377882246,44.33216094970703,"{""loss"": 22.077503204345703, ""mape"": 22.077503204345703, ""mae"": 4.785271167755127, ""val_loss"": 55.68839645385742, ""val_mape"": 55.68839645385742, ""val_mae"": 13.661469459533691, ""lr"": 0.00010000000474974513, ""val_mae12"": 8.078230857849121, ""val_me"": -4.293954904265797, ""val_me12"": 8.092757933171312, ""mape_2021"": 44.33216094970703, ""mae_2021"": 8.96959400177002, ""mae12_2021"": 8.667546272277832, ""me_2021"": -3.452131803808159, ""me12_2021"": 8.69186377882246, ""epochs_trained"": 58}",2026-07-05T15:42:41.380036,completed,16.9
4,MAPE,96,2,selu,3,64,0.05,16.276527404785156,3.863953113555908,1.626870036125183,-3.7088521031296415,1.2463093736612316,16.276527404785156,3.8242087364196777,1.727501630783081,-3.7223893384777313,1.2353173811497007,17.60396957397461,"{""loss"": 6.713819980621338, ""mape"": 6.713819980621338, ""mae"": 1.463323950767517, ""val_loss"": 16.276527404785156, ""val_mape"": 16.276527404785156, ""val_mae"": 3.863953113555908, ""lr"": 0.00010000000474974513, ""val_mae12"": 1.626870036125183, ""val_me"": -3.7088521031296415, ""val_me12"": 1.2463093736612316, ""mape_2021"": 17.60396957397461, ""mae_2021"": 3.8242087364196777, ""mae12_2021"": 1.727501630783081, ""me_2021"": -3.7223893384777313, ""me12_2021"": 1.2353173811497007, ""epochs_trained"": 235}",2026-07-05T15:42:43.522739,completed,38.1
4,MAPE,96,2,selu,3,256,0.1,63.0987548828125,15.45222282409668,11.10261344909668,6.5981164269456425,11.123734016957355,63.0987548828125,8.603893280029297,13.473630905151367,6.2438383242514135,13.524648703064692,53.283016204833984,"{""loss"": 21.955839157104492, ""mape"": 21.955839157104492, ""mae"": 4.725156307220459, ""val_loss"": 63.0987548828125, ""val_mape"": 63.0987548828125, ""val_mae"": 15.45222282409668, ""lr"": 0.00010000000474974513, ""val_mae12"": 11.10261344909668, ""val_me"": 6.5981164269456425, ""val_me12"": 11.123734016957355, ""mape_2021"": 53.283016204833984, ""mae_2021"": 8.603893280029297, ""mae12_2021"": 13.473630905151367, ""me_2021"": 6.2438383242514135, ""me12_2021"": 13.524648703064692, ""epochs_trained"": 37}",2026-07-05T15:43:05.435236,completed,24.0
4,MAPE,96,2,selu,3,256,0.05,27.373767852783203,6.275146484375,3.2755274772644043,1.4727079454800722,0.22551628617912003,27.373767852783203,5.01534366607666,4.098288059234619,1.5938968072215567,-2.2218172666712026,25.203176498413086,"{""loss"": 15.978190422058105, ""mape"": 15.978190422058105, ""mae"": 3.3636016845703125, ""val_loss"": 27.373767852783203, ""val_mape"": 27.373767852783203, ""val_mae"": 6.275146484375, ""lr"": 0.00010000000474974513, ""val_mae12"": 3.2755274772644043, ""val_me"": 1.4727079454800722, ""val_me12"": 0.22551628617912003, ""mape_2021"": 25.203176498413086, ""mae_2021"": 5.01534366607666, ""mae12_2021"": 4.098288059234619, ""me_2021"": 1.5938968072215567, ""me12_2021"": -2.2218172666712026, ""epochs_trained"": 45}",2026-07-05T15:43:05.526236,completed,25.4
4,MAPE,96,2,selu,3,256,0.3,109.88042449951172,17.56825065612793,2.997842311859131,23.849150414340816,2.470149224599797,109.88042449951172,22.604217529296875,4.44129753112793,22.16467641021097,4.186631243795769,94.20081329345703,"{""loss"": 68.7613296508789, ""mape"": 68.7613296508789, ""mae"": 16.86946678161621, ""val_loss"": 109.88042449951172, ""val_mape"": 109.88042449951172, ""val_mae"": 17.56825065612793, ""lr"": 0.00010000000474974513, ""val_mae12"": 2.997842311859131, ""val_me"": 23.849150414340816, ""val_me12"": 2.470149224599797, ""mape_2021"": 94.20081329345703, ""mae_2021"": 22.604217529296875, ""mae12_2021"": 4.44129753112793, ""me_2021"": 22.16467641021097, ""me12_2021"": 4.186631243795769, ""epochs_trained"": 26}",2026-07-05T15:43:06.932315,completed,23.4
4,MAPE,96,2,selu,3,128,0.0,3.6781868934631348,0.7266178131103516,0.8797193169593811,0.10458849086468489,0.3756190840918394,3.6781868934631348,0.695735514163971,0.8161836266517639,0.1337927621105192,-0.3214170078031669,3.9292995929718018,"{""loss"": 2.9033727645874023, ""mape"": 2.9033727645874023, ""mae"": 0.5876279473304749, ""val_loss"": 3.6781868934631348, ""val_mape"": 3.6781868934631348, ""val_mae"": 0.7266178131103516, ""lr"": 1.0000000656873453e-05, ""val_mae12"": 0.8797193169593811, ""val_me"": 0.10458849086468489, ""val_me12"": 0.3756190840918394, ""mape_2021"": 3.9292995929718018, ""mae_2021"": 0.695735514163971, ""mae12_2021"": 0.8161836266517639, ""me_2021"": 0.1337927621105192, ""me12_2021"": -0.3214170078031669, ""epochs_trained"": 439}",2026-07-05T15:43:10.387625,completed,64.9
4,MAPE,96,2,selu,3,256,0.0,3.628034830093384,0.7227683663368225,0.8485664129257202,0.15469301009282538,0.37011037208273245,3.628034830093384,0.6822628378868103,0.8159255981445312,0.14862461050934447,-0.30089058176946365,3.9157555103302,"{""loss"": 3.0455164909362793, ""mape"": 3.0455164909362793, ""mae"": 0.6177318692207336, ""val_loss"": 3.628034830093384, ""val_mape"": 3.628034830093384, ""val_mae"": 0.7227683663368225, ""lr"": 1.0000000656873453e-05, ""val_mae12"": 0.8485664129257202, ""val_me"": 0.15469301009282538, ""val_me12"": 0.37011037208273245, ""mape_2021"": 3.9157555103302, ""mae_2021"": 0.6822628378868103, ""mae12_2021"": 0.8159255981445312, ""me_2021"": 0.14862461050934447, ""me12_2021"": -0.30089058176946365, ""epochs_trained"": 205}",2026-07-05T15:43:11.541198,completed,38.8
4,MAPE,96,2,selu,3,64,0.0,3.7922139167785645,0.7477104663848877,0.9261704087257385,0.14453309346895044,0.40752875392865623,3.7922139167785645,0.6921765208244324,0.8196179270744324,0.1358794611553188,-0.30307011701326186,3.9197607040405273,"{""loss"": 2.9129815101623535, ""mape"": 2.9129815101623535, ""mae"": 0.5886978507041931, ""val_loss"": 3.7922139167785645, ""val_mape"": 3.7922139167785645, ""val_mae"": 0.7477104663848877, ""lr"": 1.0000000656873453e-05, ""val_mae12"": 0.9261704087257385, ""val_me"": 0.14453309346895044, ""val_me12"": 0.40752875392865623, ""mape_2021"": 3.9197607040405273, ""mae_2021"": 0.6921765208244324, ""mae12_2021"": 0.8196179270744324, ""me_2021"": 0.1358794611553188, ""me12_2021"": -0.30307011701326186, ""epochs_trained"": 580}",2026-07-05T15:43:14.981486,completed,69.5
4,MAPE,96,3,relu,1,16,0.0,12.597532272338867,3.0059309005737305,1.4322658777236938,1.3254439539579281,0.8670804992770554,12.597532272338867,3.8292341232299805,1.0861130952835083,3.0424705246385093,-0.7357661798777906,16.418107986450195,"{""loss"": 13.571258544921875, ""mape"": 13.571258544921875, ""mae"": 3.36199688911438, ""val_loss"": 12.597532272338867, ""val_mape"": 12.597532272338867, ""val_mae"": 3.0059309005737305, ""lr"": 1.0000000656873453e-05, ""val_mae12"": 1.4322658777236938, ""val_me"": 1.3254439539579281, ""val_me12"": 0.8670804992770554, ""mape_2021"": 16.418107986450195, ""mae_2021"": 3.8292341232299805, ""mae12_2021"": 1.0861130952835083, ""me_2021"": 3.0424705246385093, ""me12_2021"": -0.7357661798777906, ""epochs_trained"": 1696}",2026-07-05T15:44:43.684479,completed,87.8
4,MAPE,96,3,relu,1,32,0.05,3.340014934539795,0.6213072538375854,1.0809787511825562,0.04148188194278926,0.0806573094237904,3.340014934539795,0.7963511943817139,1.1202483177185059,0.4298416971799304,-0.38942739659045095,4.709161758422852,"{""loss"": 6.469126224517822, ""mape"": 6.469126224517822, ""mae"": 1.4322017431259155, ""val_loss"": 3.340014934539795, ""val_mape"": 3.340014934539795, ""val_mae"": 0.6213072538375854, ""lr"": 0.00010000000474974513, ""val_mae12"": 1.0809787511825562, ""val_me"": 0.04148188194278926, ""val_me12"": 0.0806573094237904, ""mape_2021"": 4.709161758422852, ""mae_2021"": 0.7963511943817139, ""mae12_2021"": 1.1202483177185059, ""me_2021"": 0.4298416971799304, ""me12_2021"": -0.38942739659045095, ""epochs_trained"": 1783}",2026-07-05T15:44:48.890894,completed,93.0
4,MAPE,96,3,relu,1,16,0.3,7.164587020874023,1.435168981552124,1.9448705911636353,1.1856651503951843,1.3280580797662374,7.164587020874023,1.9182312488555908,1.2620314359664917,1.7302008786441037,0.2859694427732565,9.509161949157715,"{""loss"": 19.00920867919922, ""mape"": 19.00920867919922, ""mae"": 4.458178520202637, ""val_loss"": 7.164587020874023, ""val_mape"": 7.164587020874023, ""val_mae"": 1.435168981552124, ""lr"": 0.00010000000474974513, ""val_mae12"": 1.9448705911636353, ""val_me"": 1.1856651503951843, ""val_me12"": 1.3280580797662374, ""mape_2021"": 9.509161949157715, ""mae_2021"": 1.9182312488555908, ""mae12_2021"": 1.2620314359664917, ""me_2021"": 1.7302008786441037, ""me12_2021"": 0.2859694427732565, ""epochs_trained"": 1850}",2026-07-05T15:44:51.383992,completed,95.5
4,MAPE,96,3,relu,1,16,0.1,4.144489765167236,0.8002718687057495,1.1297619342803955,0.44143834565079065,0.18618927959909157,4.144489765167236,1.1001189947128296,1.3585724830627441,0.8489310948095036,-0.6828951597119322,5.978499889373779,"{""loss"": 10.335235595703125, ""mape"": 10.335235595703125, ""mae"": 2.3768246173858643, ""val_loss"": 4.144489765167236, ""val_mape"": 4.144489765167236, ""val_mae"": 0.8002718687057495, ""lr"": 1.0000000656873453e-05, ""val_mae12"": 1.1297619342803955, ""val_me"": 0.44143834565079065, ""val_me12"": 0.18618927959909157, ""mape_2021"": 5.978499889373779, ""mae_2021"": 1.1001189947128296, ""mae12_2021"": 1.3585724830627441, ""me_2021"": 0.8489310948095036, ""me12_2021"": -0.6828951597119322, ""epochs_trained"": 1912}",2026-07-05T15:44:53.360889,completed,97.5
4,MAPE,96,3,relu,1,16,0.05,3.928734302520752,0.7876774668693542,1.0516897439956665,0.4072656613250547,0.45723451519805114,3.928734302520752,1.1010407209396362,1.1583216190338135,0.9256333303224841,-0.675867885645281,6.033310890197754,"{""loss"": 7.775071620941162, ""mape"": 7.775071620941162, ""mae"": 1.6931358575820923, ""val_loss"": 3.928734302520752, ""val_mape"": 3.928734302520752, ""val_mae"": 0.7876774668693542, ""lr"": 0.00010000000474974513, ""val_mae12"": 1.0516897439956665, ""val_me"": 0.4072656613250547, ""val_me12"": 0.45723451519805114, ""mape_2021"": 6.033310890197754, ""mae_2021"": 1.1010407209396362, ""mae12_2021"": 1.1583216190338135, ""me_2021"": 0.9256333303224841, ""me12_2021"": -0.675867885645281, ""epochs_trained"": 2080}",2026-07-05T15:45:01.752028,completed,105.9
4,MAPE,96,3,relu,1,32,0.0,3.843512773513794,0.7735834717750549,1.2441065311431885,-0.30285920058831994,0.7075653074080176,3.843512773513794,0.7901970148086548,1.0912810564041138,0.059423166689338607,-0.4444261445948874,4.604640483856201,"{""loss"": 3.6378371715545654, ""mape"": 3.6378371715545654, ""mae"": 0.7658470869064331, ""val_loss"": 3.843512773513794, ""val_mape"": 3.843512773513794, ""val_mae"": 0.7735834717750549, ""lr"": 1.0000000656873453e-05, ""val_mae12"": 1.2441065311431885, ""val_me"": -0.30285920058831994, ""val_me12"": 0.7075653074080176, ""mape_2021"": 4.604640483856201, ""mae_2021"": 0.7901970148086548, ""mae12_2021"": 1.0912810564041138, ""me_2021"": 0.059423166689338607, ""me12_2021"": -0.4444261445948874, ""epochs_trained"": 2101}",2026-07-05T15:45:01.917571,completed,106.1
4,MAPE,96,3,relu,1,64,0.1,46.29407501220703,9.414484977722168,9.775074005126953,6.951435300373091,9.492164218119663,46.29407501220703,10.45919132232666,11.33073616027832,8.402882134835265,11.132554018092987,61.07944107055664,"{""loss"": 47.11136245727539, ""mape"": 47.11136245727539, ""mae"": 10.185718536376953, ""val_loss"": 46.29407501220703, ""val_mape"": 46.29407501220703, ""val_mae"": 9.414484977722168, ""lr"": 0.00010000000474974513, ""val_mae12"": 9.775074005126953, ""val_me"": 6.951435300373091, ""val_me12"": 9.492164218119663, ""mape_2021"": 61.07944107055664, ""mae_2021"": 10.45919132232666, ""mae12_2021"": 11.33073616027832, ""me_2021"": 8.402882134835265, ""me12_2021"": 11.132554018092987, ""epochs_trained"": 74}",2026-07-05T15:45:10.521575,completed,8.8
4,MAPE,96,3,relu,1,64,0.3,45.30060577392578,9.238485336303711,9.818066596984863,7.053434613942791,9.552311239963798,45.30060577392578,10.363593101501465,11.243692398071289,8.484669434946527,10.940691216382222,59.99993896484375,"{""loss"": 48.399688720703125, ""mape"": 48.399688720703125, ""mae"": 10.59271240234375, ""val_loss"": 45.30060577392578, ""val_mape"": 45.30060577392578, ""val_mae"": 9.238485336303711, ""lr"": 0.00010000000474974513, ""val_mae12"": 9.818066596984863, ""val_me"": 7.053434613942791, ""val_me12"": 9.552311239963798, ""mape_2021"": 59.99993896484375, ""mae_2021"": 10.363593101501465, ""mae12_2021"": 11.243692398071289, ""me_2021"": 8.484669434946527, ""me12_2021"": 10.940691216382222, ""epochs_trained"": 77}",2026-07-05T15:45:10.831183,completed,8.9
4,MAPE,96,3,relu,1,32,0.1,3.652237892150879,0.6773492097854614,1.0321928262710571,-0.005921221731758561,0.6199777986791839,3.652237892150879,0.8463927507400513,1.0890618562698364,0.39767389882155146,-0.00871052843160715,5.46931266784668,"{""loss"": 8.115246772766113, ""mape"": 8.115246772766113, ""mae"": 1.8156510591506958, ""val_loss"": 3.652237892150879, ""val_mape"": 3.652237892150879, ""val_mae"": 0.6773492097854614, ""lr"": 1.0000000656873453e-05, ""val_mae12"": 1.0321928262710571, ""val_me"": -0.005921221731758561, ""val_me12"": 0.6199777986791839, ""mape_2021"": 5.46931266784668, ""mae_2021"": 0.8463927507400513, ""mae12_2021"": 1.0890618562698364, ""me_2021"": 0.39767389882155146, ""me12_2021"": -0.00871052843160715, ""epochs_trained"": 1547}",2026-07-05T15:45:57.643797,completed,74.0
4,MAPE,96,3,relu,1,64,0.05,36.46546936035156,7.266359806060791,9.78193473815918,5.039855048288613,8.71890528588196,36.46546936035156,8.61426830291748,7.364889144897461,6.880895170789044,5.790261367938644,43.66611862182617,"{""loss"": 36.813026428222656, ""mape"": 36.813026428222656, ""mae"": 8.080723762512207, ""val_loss"": 36.46546936035156, ""val_mape"": 36.46546936035156, ""val_mae"": 7.266359806060791, ""lr"": 1.0000000656873453e-05, ""val_mae12"": 9.78193473815918, ""val_me"": 5.039855048288613, ""val_me12"": 8.71890528588196, ""mape_2021"": 43.66611862182617, ""mae_2021"": 8.61426830291748, ""mae12_2021"": 7.364889144897461, ""me_2021"": 6.880895170789044, ""me12_2021"": 5.790261367938644, ""epochs_trained"": 1389}",2026-07-05T15:46:00.393422,completed,67.0
4,MAPE,96,3,relu,1,32,0.3,3.425912380218506,0.6454617977142334,1.1721439361572266,0.19366899057858158,0.7202379129613112,3.425912380218506,0.8416827917098999,1.067441701889038,0.6310393255844763,-0.7054883337036831,4.7065815925598145,"{""loss"": 11.770121574401855, ""mape"": 11.770121574401855, ""mae"": 2.734928846359253, ""val_loss"": 3.425912380218506, ""val_mape"": 3.425912380218506, ""val_mae"": 0.6454617977142334, ""lr"": 0.00010000000474974513, ""val_mae12"": 1.1721439361572266, ""val_me"": 0.19366899057858158, ""val_me12"": 0.7202379129613112, ""mape_2021"": 4.7065815925598145, ""mae_2021"": 0.8416827917098999, ""mae12_2021"": 1.067441701889038, ""me_2021"": 0.6310393255844763, ""me12_2021"": -0.7054883337036831, ""epochs_trained"": 1533}",2026-07-05T15:46:01.061677,completed,72.2
4,MAPE,96,3,relu,1,64,0.0,4.458831310272217,0.8629247546195984,1.486207127571106,-0.17829661970344107,0.9647184443514315,4.458831310272217,0.9793602228164673,1.2327263355255127,0.16808837574431348,-0.3363191318638298,5.866061210632324,"{""loss"": 3.975590944290161, ""mape"": 3.975590944290161, ""mae"": 0.8592109680175781, ""val_loss"": 4.458831310272217, ""val_mape"": 4.458831310272217, ""val_mae"": 0.8629247546195984, ""lr"": 0.00010000000474974513, ""val_mae12"": 1.486207127571106, ""val_me"": -0.17829661970344107, ""val_me12"": 0.9647184443514315, ""mape_2021"": 5.866061210632324, ""mae_2021"": 0.9793602228164673, ""mae12_2021"": 1.2327263355255127, ""me_2021"": 0.16808837574431348, ""me12_2021"": -0.3363191318638298, ""epochs_trained"": 1913}",2026-07-05T15:46:13.704170,completed,82.3
4,MAPE,96,3,relu,1,128,0.3,43.866729736328125,9.010435104370117,9.807732582092285,6.751076642924668,9.157131662004534,43.866729736328125,10.156227111816406,10.837754249572754,8.257622710919419,10.020084410059841,57.31121063232422,"{""loss"": 46.20720672607422, ""mape"": 46.20720672607422, ""mae"": 10.156490325927734, ""val_loss"": 43.866729736328125, ""val_mape"": 43.866729736328125, ""val_mae"": 9.010435104370117, ""lr"": 0.00010000000474974513, ""val_mae12"": 9.807732582092285, ""val_me"": 6.751076642924668, ""val_me12"": 9.157131662004534, ""mape_2021"": 57.31121063232422, ""mae_2021"": 10.156227111816406, ""mae12_2021"": 10.837754249572754, ""me_2021"": 8.257622710919419, ""me12_2021"": 10.020084410059841, ""epochs_trained"": 76}",2026-07-05T15:46:34.524539,completed,20.1
4,MAPE,96,3,relu,1,128,0.1,43.92399215698242,9.005891799926758,9.492683410644531,7.031578461768884,8.76338416365509,43.92399215698242,10.220190048217773,10.472137451171875,8.491564563570087,9.518024002218194,57.12735366821289,"{""loss"": 45.08200454711914, ""mape"": 45.08200454711914, ""mae"": 9.83884048461914, ""val_loss"": 43.92399215698242, ""val_mape"": 43.92399215698242, ""val_mae"": 9.005891799926758, ""lr"": 0.00010000000474974513, ""val_mae12"": 9.492683410644531, ""val_me"": 7.031578461768884, ""val_me12"": 8.76338416365509, ""mape_2021"": 57.12735366821289, ""mae_2021"": 10.220190048217773, ""mae12_2021"": 10.472137451171875, ""me_2021"": 8.491564563570087, ""me12_2021"": 9.518024002218194, ""epochs_trained"": 79}",2026-07-05T15:46:36.705004,completed,22.2
4,MAPE,96,3,relu,1,256,0.0,3.834731340408325,0.7824276685714722,0.8263106942176819,-0.18027107694713415,0.40282941425154717,3.834731340408325,0.8528228998184204,1.0575828552246094,0.17137640333214768,-0.6009846055302859,5.024338245391846,"{""loss"": 3.6854119300842285, ""mape"": 3.6854119300842285, ""mae"": 0.7955684065818787, ""val_loss"": 3.834731340408325, ""val_mape"": 3.834731340408325, ""val_mae"": 0.7824276685714722, ""lr"": 1.0000000656873453e-05, ""val_mae12"": 0.8263106942176819, ""val_me"": -0.18027107694713415, ""val_me12"": 0.40282941425154717, ""mape_2021"": 5.024338245391846, ""mae_2021"": 0.8528228998184204, ""mae12_2021"": 1.0575828552246094, ""me_2021"": 0.17137640333214768, ""me12_2021"": -0.6009846055302859, ""epochs_trained"": 1214}",2026-07-05T15:48:51.246626,completed,156.8
4,MAPE,96,3,relu,1,256,0.3,11.579391479492188,2.3558309078216553,3.3031086921691895,0.3950351439462501,2.6360357445276645,11.579391479492188,2.791982412338257,2.524493455886841,0.9768960999891161,1.5430038182090329,16.174585342407227,"{""loss"": 14.450427055358887, ""mape"": 14.450427055358887, ""mae"": 3.0962579250335693, ""val_loss"": 11.579391479492188, ""val_mape"": 11.579391479492188, ""val_mae"": 2.3558309078216553, ""lr"": 1.0000000656873453e-05, ""val_mae12"": 3.3031086921691895, ""val_me"": 0.3950351439462501, ""val_me12"": 2.6360357445276645, ""mape_2021"": 16.174585342407227, ""mae_2021"": 2.791982412338257, ""mae12_2021"": 2.524493455886841, ""me_2021"": 0.9768960999891161, ""me12_2021"": 1.5430038182090329, ""epochs_trained"": 2993}",2026-07-05T15:52:26.907960,completed,350.2
4,MAPE,96,3,relu,2,16,0.05,6.1863179206848145,1.2512904405593872,1.9110809564590454,0.823921388723197,1.6002340004542772,6.1863179206848145,1.3230310678482056,1.9135010242462158,0.9908176890227245,1.2762452256166876,8.816020965576172,"{""loss"": 9.565009117126465, ""mape"": 9.565009117126465, ""mae"": 2.143144130706787, ""val_loss"": 6.1863179206848145, ""val_mape"": 6.1863179206848145, ""val_mae"": 1.2512904405593872, ""lr"": 0.00010000000474974513, ""val_mae12"": 1.9110809564590454, ""val_me"": 0.823921388723197, ""val_me12"": 1.6002340004542772, ""mape_2021"": 8.816020965576172, ""mae_2021"": 1.3230310678482056, ""mae12_2021"": 1.9135010242462158, ""me_2021"": 0.9908176890227245, ""me12_2021"": 1.2762452256166876, ""epochs_trained"": 900}",2026-07-05T15:54:04.333204,completed,97.4
4,MAPE,96,3,relu,1,256,0.05,5.083909034729004,1.0617533922195435,1.1215826272964478,-0.2832424014671219,0.7295906057049382,5.083909034729004,1.1510863304138184,0.9089857339859009,0.1239270803390744,0.2771969652656653,6.559008598327637,"{""loss"": 6.0348896980285645, ""mape"": 6.0348896980285645, ""mae"": 1.2959398031234741, ""val_loss"": 5.083909034729004, ""val_mape"": 5.083909034729004, ""val_mae"": 1.0617533922195435, ""lr"": 9.999999747378752e-06, ""val_mae12"": 1.1215826272964478, ""val_me"": -0.2832424014671219, ""val_me12"": 0.7295906057049382, ""mape_2021"": 6.559008598327637, ""mae_2021"": 1.1510863304138184, ""mae12_2021"": 0.9089857339859009, ""me_2021"": 0.1239270803390744, ""me12_2021"": 0.2771969652656653, ""epochs_trained"": 4378}",2026-07-05T15:54:14.576240,completed,480.1
4,MAPE,96,3,relu,1,256,0.1,5.247459888458252,1.091583013534546,1.0920881032943726,-0.29701706506229336,0.7622385769202251,5.247459888458252,1.199586272239685,1.0610833168029785,0.13668557457415026,0.4789683437828162,6.917820453643799,"{""loss"": 6.700786590576172, ""mape"": 6.700786590576172, ""mae"": 1.4281585216522217, ""val_loss"": 5.247459888458252, ""val_mape"": 5.247459888458252, ""val_mae"": 1.091583013534546, ""lr"": 9.999999747378752e-06, ""val_mae12"": 1.0920881032943726, ""val_me"": -0.29701706506229336, ""val_me12"": 0.7622385769202251, ""mape_2021"": 6.917820453643799, ""mae_2021"": 1.199586272239685, ""mae12_2021"": 1.0610833168029785, ""me_2021"": 0.13668557457415026, ""me12_2021"": 0.4789683437828162, ""epochs_trained"": 4264}",2026-07-05T15:54:19.033879,completed,464.5
4,MAPE,96,3,relu,1,128,0.05,8.815276145935059,1.8056968450546265,2.0773000717163086,0.2033811971859616,1.6120938690543938,8.815276145935059,2.1824700832366943,1.6892143487930298,0.7225310313591075,0.9117286693537174,12.181534767150879,"{""loss"": 10.240789413452148, ""mape"": 10.240789413452148, ""mae"": 2.223752498626709, ""val_loss"": 8.815276145935059, ""val_mape"": 8.815276145935059, ""val_mae"": 1.8056968450546265, ""lr"": 1.0000000656873453e-05, ""val_mae12"": 2.0773000717163086, ""val_me"": 0.2033811971859616, ""val_me12"": 1.6120938690543938, ""mape_2021"": 12.181534767150879, ""mae_2021"": 2.1824700832366943, ""mae12_2021"": 1.6892143487930298, ""me_2021"": 0.7225310313591075, ""me12_2021"": 0.9117286693537174, ""epochs_trained"": 4766}",2026-07-05T15:54:41.095253,completed,506.6
4,MAPE,96,3,relu,2,16,0.1,4.516260623931885,0.9214844703674316,1.4184246063232422,0.6186629777247584,0.8332803324801928,4.516260623931885,1.2063887119293213,1.0008344650268555,1.0282132477728965,-0.19369880470572304,6.58683443069458,"{""loss"": 11.926666259765625, ""mape"": 11.926666259765625, ""mae"": 2.785609245300293, ""val_loss"": 4.516260623931885, ""val_mape"": 4.516260623931885, ""val_mae"": 0.9214844703674316, ""lr"": 0.00010000000474974513, ""val_mae12"": 1.4184246063232422, ""val_me"": 0.6186629777247584, ""val_me12"": 0.8332803324801928, ""mape_2021"": 6.58683443069458, ""mae_2021"": 1.2063887119293213, ""mae12_2021"": 1.0008344650268555, ""me_2021"": 1.0282132477728965, ""me12_2021"": -0.19369880470572304, ""epochs_trained"": 952}",2026-07-05T15:54:58.298659,completed,54.0
4,MAPE,96,3,relu,2,16,0.3,6.33160924911499,1.2361317873001099,1.7375831604003906,0.9660166955168256,1.4259393891514596,6.33160924911499,1.5852208137512207,1.243132472038269,1.438013052271766,0.34757894192973166,9.220354080200195,"{""loss"": 19.88125228881836, ""mape"": 19.88125228881836, ""mae"": 4.687778949737549, ""val_loss"": 6.33160924911499, ""val_mape"": 6.33160924911499, ""val_mae"": 1.2361317873001099, ""lr"": 0.00010000000474974513, ""val_mae12"": 1.7375831604003906, ""val_me"": 0.9660166955168256, ""val_me12"": 1.4259393891514596, ""mape_2021"": 9.220354080200195, ""mae_2021"": 1.5852208137512207, ""mae12_2021"": 1.243132472038269, ""me_2021"": 1.438013052271766, ""me12_2021"": 0.34757894192973166, ""epochs_trained"": 838}",2026-07-05T15:54:58.354205,completed,43.8
4,MAPE,96,3,relu,1,128,0.0,6.439599990844727,1.339911699295044,2.0434060096740723,0.06940582171130658,1.6937392831664537,6.439599990844727,1.4564318656921387,1.209397315979004,0.46837893469370806,-0.09721183806265456,7.353384017944336,"{""loss"": 5.735747337341309, ""mape"": 5.735747337341309, ""mae"": 1.3184452056884766, ""val_loss"": 6.439599990844727, ""val_mape"": 6.439599990844727, ""val_mae"": 1.339911699295044, ""lr"": 1.0000000656873453e-05, ""val_mae12"": 2.0434060096740723, ""val_me"": 0.06940582171130658, ""val_me12"": 1.6937392831664537, ""mape_2021"": 7.353384017944336, ""mae_2021"": 1.4564318656921387, ""mae12_2021"": 1.209397315979004, ""me_2021"": 0.46837893469370806, ""me12_2021"": -0.09721183806265456, ""epochs_trained"": 6879}",2026-07-05T15:55:57.532050,completed,583.1
4,MAPE,96,3,relu,2,16,0.0,4.031301498413086,0.7930148243904114,1.4953354597091675,-0.3510488317725924,1.306712206577071,4.031301498413086,0.8223217725753784,0.9842133522033691,0.023661483276168117,0.05051069042589315,4.635837078094482,"{""loss"": 3.5279412269592285, ""mape"": 3.5279412269592285, ""mae"": 0.7325395941734314, ""val_loss"": 4.031301498413086, ""val_mape"": 4.031301498413086, ""val_mae"": 0.7930148243904114, ""lr"": 1.0000000656873453e-05, ""val_mae12"": 1.4953354597091675, ""val_me"": -0.3510488317725924, ""val_me12"": 1.306712206577071, ""mape_2021"": 4.635837078094482, ""mae_2021"": 0.8223217725753784, ""mae12_2021"": 0.9842133522033691, ""me_2021"": 0.023661483276168117, ""me12_2021"": 0.05051069042589315, ""epochs_trained"": 7069}",2026-07-05T15:56:39.747967,completed,468.5
4,MAPE,96,3,relu,2,32,0.05,47.474281311035156,9.665428161621094,12.936056137084961,6.481359069086301,13.047198433007825,47.474281311035156,10.241613388061523,15.118412017822266,7.800304270360457,15.200127190167766,64.08917236328125,"{""loss"": 47.97075653076172, ""mape"": 47.97075653076172, ""mae"": 10.424985885620117, ""val_loss"": 47.474281311035156, ""val_mape"": 47.474281311035156, ""val_mae"": 9.665428161621094, ""lr"": 0.00010000000474974513, ""val_mae12"": 12.936056137084961, ""val_me"": 6.481359069086301, ""val_me12"": 13.047198433007825, ""mape_2021"": 64.08917236328125, ""mae_2021"": 10.241613388061523, ""mae12_2021"": 15.118412017822266, ""me_2021"": 7.800304270360457, ""me12_2021"": 15.200127190167766, ""epochs_trained"": 63}",2026-07-05T15:56:55.584939,completed,15.1
4,MAPE,96,3,relu,2,64,0.05,3.9452340602874756,0.6987271308898926,1.927312970161438,-0.12477078148333261,1.5474982647238502,3.9452340602874756,0.7618952989578247,1.431406021118164,0.21706263459376612,0.375669782549203,4.626562118530273,"{""loss"": 5.967679023742676, ""mape"": 5.967679023742676, ""mae"": 1.2923368215560913, ""val_loss"": 3.9452340602874756, ""val_mape"": 3.9452340602874756, ""val_mae"": 0.6987271308898926, ""lr"": 0.00010000000474974513, ""val_mae12"": 1.927312970161438, ""val_me"": -0.12477078148333261, ""val_me12"": 1.5474982647238502, ""mape_2021"": 4.626562118530273, ""mae_2021"": 0.7618952989578247, ""mae12_2021"": 1.431406021118164, ""me_2021"": 0.21706263459376612, ""me12_2021"": 0.375669782549203, ""epochs_trained"": 655}",2026-07-05T15:57:35.937632,completed,55.4
4,MAPE,96,3,relu,2,32,0.3,4.6012139320373535,0.8204606771469116,1.890415072441101,0.44184038642350165,1.621544643906247,4.6012139320373535,1.128264307975769,1.1947702169418335,0.9072846482852093,0.5279930451772328,6.9606781005859375,"{""loss"": 16.62941551208496, ""mape"": 16.62941551208496, ""mae"": 3.8914129734039307, ""val_loss"": 4.6012139320373535, ""val_mape"": 4.6012139320373535, ""val_mae"": 0.8204606771469116, ""lr"": 0.00010000000474974513, ""val_mae12"": 1.890415072441101, ""val_me"": 0.44184038642350165, ""val_me12"": 1.621544643906247, ""mape_2021"": 6.9606781005859375, ""mae_2021"": 1.128264307975769, ""mae12_2021"": 1.1947702169418335, ""me_2021"": 0.9072846482852093, ""me12_2021"": 0.5279930451772328, ""epochs_trained"": 736}",2026-07-05T15:57:39.848133,completed,59.3
4,MAPE,96,3,relu,2,64,0.1,3.7740478515625,0.6516931653022766,1.8209717273712158,-0.0816040125802255,1.6058263834745696,3.7740478515625,0.7441362738609314,1.2980581521987915,0.29684322213130193,0.5133708000553476,4.713689804077148,"{""loss"": 7.418604373931885, ""mape"": 7.418604373931885, ""mae"": 1.6551371812820435, ""val_loss"": 3.7740478515625, ""val_mape"": 3.7740478515625, ""val_mae"": 0.6516931653022766, ""lr"": 0.00010000000474974513, ""val_mae12"": 1.8209717273712158, ""val_me"": -0.0816040125802255, ""val_me12"": 1.6058263834745696, ""mape_2021"": 4.713689804077148, ""mae_2021"": 0.7441362738609314, ""mae12_2021"": 1.2980581521987915, ""me_2021"": 0.29684322213130193, ""me12_2021"": 0.5133708000553476, ""epochs_trained"": 682}",2026-07-05T15:57:47.363283,completed,51.8
4,MAPE,96,3,relu,2,64,0.0,3.9443211555480957,0.7362934350967407,1.2343157529830933,-0.39182695537853707,0.7858989837539668,3.9443211555480957,0.7448977828025818,0.9853326082229614,-0.030006143196828497,-0.14197802310900062,4.421799659729004,"{""loss"": 2.787107229232788, ""mape"": 2.787107229232788, ""mae"": 0.5693318247795105, ""val_loss"": 3.9443211555480957, ""val_mape"": 3.9443211555480957, ""val_mae"": 0.7362934350967407, ""lr"": 0.00010000000474974513, ""val_mae12"": 1.2343157529830933, ""val_me"": -0.39182695537853707, ""val_me12"": 0.7858989837539668, ""mape_2021"": 4.421799659729004, ""mae_2021"": 0.7448977828025818, ""mae12_2021"": 0.9853326082229614, ""me_2021"": -0.030006143196828497, ""me12_2021"": -0.14197802310900062, ""epochs_trained"": 961}",2026-07-05T15:57:53.105615,completed,72.6
4,MAPE,96,3,relu,2,128,0.0,4.482138633728027,0.8808242678642273,2.0081000328063965,-0.2888141429162173,1.6363141776916252,4.482138633728027,0.8662526607513428,1.656882882118225,0.015682692558275778,0.9453388573765253,5.335470199584961,"{""loss"": 3.469200849533081, ""mape"": 3.469200849533081, ""mae"": 0.7106829881668091, ""val_loss"": 4.482138633728027, ""val_mape"": 4.482138633728027, ""val_mae"": 0.8808242678642273, ""lr"": 0.00010000000474974513, ""val_mae12"": 2.0081000328063965, ""val_me"": -0.2888141429162173, ""val_me12"": 1.6363141776916252, ""mape_2021"": 5.335470199584961, ""mae_2021"": 0.8662526607513428, ""mae12_2021"": 1.656882882118225, ""me_2021"": 0.015682692558275778, ""me12_2021"": 0.9453388573765253, ""epochs_trained"": 461}",2026-07-05T15:58:28.767297,completed,48.9
4,MAPE,96,3,relu,2,64,0.3,3.9818835258483887,0.7136103510856628,2.0190720558166504,0.01789822007129568,1.8386115366697104,3.9818835258483887,0.8298863172531128,1.0538437366485596,0.4510746775108368,0.33522131099033625,4.896243095397949,"{""loss"": 11.368810653686523, ""mape"": 11.368810653686523, ""mae"": 2.6261680126190186, ""val_loss"": 3.9818835258483887, ""val_mape"": 3.9818835258483887, ""val_mae"": 0.7136103510856628, ""lr"": 1.0000000656873453e-05, ""val_mae12"": 2.0190720558166504, ""val_me"": 0.01789822007129568, ""val_me12"": 1.8386115366697104, ""mape_2021"": 4.896243095397949, ""mae_2021"": 0.8298863172531128, ""mae12_2021"": 1.0538437366485596, ""me_2021"": 0.4510746775108368, ""me12_2021"": 0.33522131099033625, ""epochs_trained"": 626}",2026-07-05T15:58:37.151894,completed,61.2
4,MAPE,96,3,relu,2,128,0.05,4.251900672912598,0.7615789175033569,2.293245553970337,-0.2221546925778396,1.9926944998068332,4.251900672912598,0.7888253927230835,1.925301194190979,0.012968012830406887,1.274895542179605,5.424507141113281,"{""loss"": 5.3562703132629395, ""mape"": 5.3562703132629395, ""mae"": 1.1305400133132935, ""val_loss"": 4.251900672912598, ""val_mape"": 4.251900672912598, ""val_mae"": 0.7615789175033569, ""lr"": 1.0000000656873453e-05, ""val_mae12"": 2.293245553970337, ""val_me"": -0.2221546925778396, ""val_me12"": 1.9926944998068332, ""mape_2021"": 5.424507141113281, ""mae_2021"": 0.7888253927230835, ""mae12_2021"": 1.925301194190979, ""me_2021"": 0.012968012830406887, ""me12_2021"": 1.274895542179605, ""epochs_trained"": 493}",2026-07-05T15:58:40.566332,completed,53.2
4,MAPE,96,3,relu,2,128,0.1,3.984774112701416,0.6960456371307373,2.080554723739624,-0.23359643981528022,1.8430731333214856,3.984774112701416,0.7372688055038452,1.5096194744110107,0.08659658327364547,0.8231884376136844,4.966727256774902,"{""loss"": 6.22100830078125, ""mape"": 6.22100830078125, ""mae"": 1.3650813102722168, ""val_loss"": 3.984774112701416, ""val_mape"": 3.984774112701416, ""val_mae"": 0.6960456371307373, ""lr"": 0.00010000000474974513, ""val_mae12"": 2.080554723739624, ""val_me"": -0.23359643981528022, ""val_me12"": 1.8430731333214856, ""mape_2021"": 4.966727256774902, ""mae_2021"": 0.7372688055038452, ""mae12_2021"": 1.5096194744110107, ""me_2021"": 0.08659658327364547, ""me12_2021"": 0.8231884376136844, ""epochs_trained"": 543}",2026-07-05T15:58:49.732270,completed,56.6
4,MAPE,96,3,relu,2,128,0.3,4.114120960235596,0.7226254940032959,2.1781907081604004,0.014454145615134506,2.051920839232331,4.114120960235596,0.8382018208503723,1.2811110019683838,0.3877570560471324,0.443666095516808,4.8112616539001465,"{""loss"": 9.573183059692383, ""mape"": 9.573183059692383, ""mae"": 2.164684534072876, ""val_loss"": 4.114120960235596, ""val_mape"": 4.114120960235596, ""val_mae"": 0.7226254940032959, ""lr"": 0.00010000000474974513, ""val_mae12"": 2.1781907081604004, ""val_me"": 0.014454145615134506, ""val_me12"": 2.051920839232331, ""mape_2021"": 4.8112616539001465, ""mae_2021"": 0.8382018208503723, ""mae12_2021"": 1.2811110019683838, ""me_2021"": 0.3877570560471324, ""me12_2021"": 0.443666095516808, ""epochs_trained"": 453}",2026-07-05T15:59:05.263960,completed,36.5
4,MAPE,96,3,relu,2,32,0.1,16.539262771606445,3.165310859680176,5.337932586669922,0.9792184456781806,3.9509795621005295,16.539262771606445,3.349797487258911,4.3040361404418945,1.5621818290547111,2.515441825250293,19.902387619018555,"{""loss"": 18.750919342041016, ""mape"": 18.750919342041016, ""mae"": 4.009937763214111, ""val_loss"": 16.539262771606445, ""val_mape"": 16.539262771606445, ""val_mae"": 3.165310859680176, ""lr"": 1.0000000656873453e-05, ""val_mae12"": 5.337932586669922, ""val_me"": 0.9792184456781806, ""val_me12"": 3.9509795621005295, ""mape_2021"": 19.902387619018555, ""mae_2021"": 3.349797487258911, ""mae12_2021"": 4.3040361404418945, ""me_2021"": 1.5621818290547111, ""me12_2021"": 2.515441825250293, ""epochs_trained"": 2067}",2026-07-05T15:59:12.820211,completed,152.3
4,MAPE,96,3,relu,2,32,0.0,4.9704108238220215,0.9324410557746887,2.1008245944976807,-0.3326107088605755,1.8816861513031002,4.9704108238220215,0.9332076907157898,1.4373631477355957,-0.024556976772695915,0.6806940590712258,5.653719902038574,"{""loss"": 3.659281015396118, ""mape"": 3.659281015396118, ""mae"": 0.7520591616630554, ""val_loss"": 4.9704108238220215, ""val_mape"": 4.9704108238220215, ""val_mae"": 0.9324410557746887, ""lr"": 1.0000000656873453e-05, ""val_mae12"": 2.1008245944976807, ""val_me"": -0.3326107088605755, ""val_me12"": 1.8816861513031002, ""mape_2021"": 5.653719902038574, ""mae_2021"": 0.9332076907157898, ""mae12_2021"": 1.4373631477355957, ""me_2021"": -0.024556976772695915, ""me12_2021"": 0.6806940590712258, ""epochs_trained"": 4666}",2026-07-05T16:00:28.597596,completed,228.1
5,MAPE,96,2,selu,2,32,0.3,92.66912841796875,19.872957229614258,8.894659996032715,20.697816903012388,8.90929349660751,92.66912841796875,20.674022674560547,12.248750686645508,19.26843095407657,12.33585941486177,95.63179779052734,"{""loss"": 84.94574737548828, ""mape"": 84.94574737548828, ""mae"": 21.464275360107422, ""val_loss"": 92.66912841796875, ""val_mape"": 92.66912841796875, ""val_mae"": 19.872957229614258, ""lr"": 0.00010000000474974513, ""val_mae12"": 8.894659996032715, ""val_me"": 20.697816903012388, ""val_me12"": 8.90929349660751, ""mape_2021"": 95.63179779052734, ""mae_2021"": 20.674022674560547, ""mae12_2021"": 12.248750686645508, ""me_2021"": 19.26843095407657, ""me12_2021"": 12.33585941486177, ""epochs_trained"": 36}",2026-07-05T16:00:43.101444,completed,13.7
5,MAPE,96,2,selu,2,64,0.05,53.68050765991211,12.117030143737793,7.766231536865234,8.427272687859704,7.581298399270401,53.68050765991211,10.259439468383789,11.154830932617188,8.685391271324615,11.152111083526915,60.36045837402344,"{""loss"": 40.79875564575195, ""mape"": 40.79875564575195, ""mae"": 8.906728744506836, ""val_loss"": 53.68050765991211, ""val_mape"": 53.68050765991211, ""val_mae"": 12.117030143737793, ""lr"": 0.00010000000474974513, ""val_mae12"": 7.766231536865234, ""val_me"": 8.427272687859704, ""val_me12"": 7.581298399270401, ""mape_2021"": 60.36045837402344, ""mae_2021"": 10.259439468383789, ""mae12_2021"": 11.154830932617188, ""me_2021"": 8.685391271324615, ""me12_2021"": 11.152111083526915, ""epochs_trained"": 58}",2026-07-05T16:00:44.057766,completed,14.7
5,MAPE,96,2,selu,2,32,0.05,57.15267562866211,12.627082824707031,7.859889507293701,8.45311071468318,7.7219274300174545,57.15267562866211,9.98576831817627,11.410846710205078,8.546744745628963,11.408533570097061,59.025604248046875,"{""loss"": 43.292362213134766, ""mape"": 43.292362213134766, ""mae"": 9.272261619567871, ""val_loss"": 57.15267562866211, ""val_mape"": 57.15267562866211, ""val_mae"": 12.627082824707031, ""lr"": 0.00010000000474974513, ""val_mae12"": 7.859889507293701, ""val_me"": 8.45311071468318, ""val_me12"": 7.7219274300174545, ""mape_2021"": 59.025604248046875, ""mae_2021"": 9.98576831817627, ""mae12_2021"": 11.410846710205078, ""me_2021"": 8.546744745628963, ""me12_2021"": 11.408533570097061, ""epochs_trained"": 71}",2026-07-05T16:00:44.575527,completed,15.2
5,MAPE,96,2,selu,2,32,0.1,53.7653694152832,12.138520240783691,10.054588317871094,6.77564454776648,10.084270247031542,53.7653694152832,8.5519437789917,13.105278968811035,6.68070363672606,13.198188434302315,52.876766204833984,"{""loss"": 40.589595794677734, ""mape"": 40.589595794677734, ""mae"": 8.869292259216309, ""val_loss"": 53.7653694152832, ""val_mape"": 53.7653694152832, ""val_mae"": 12.138520240783691, ""lr"": 0.00010000000474974513, ""val_mae12"": 10.054588317871094, ""val_me"": 6.77564454776648, ""val_me12"": 10.084270247031542, ""mape_2021"": 52.876766204833984, ""mae_2021"": 8.5519437789917, ""mae12_2021"": 13.105278968811035, ""me_2021"": 6.68070363672606, ""me12_2021"": 13.198188434302315, ""epochs_trained"": 91}",2026-07-05T16:00:45.409986,completed,16.0
5,MAPE,96,2,selu,2,64,0.3,94.51297760009766,20.103288650512695,5.640027046203613,22.652014371145643,4.6591109116223395,94.51297760009766,22.00711441040039,8.466649055480957,21.147685212892014,7.924151373388098,98.24111938476562,"{""loss"": 85.7425765991211, ""mape"": 85.7425765991211, ""mae"": 21.6866512298584, ""val_loss"": 94.51297760009766, ""val_mape"": 94.51297760009766, ""val_mae"": 20.103288650512695, ""lr"": 0.00010000000474974513, ""val_mae12"": 5.640027046203613, ""val_me"": 22.652014371145643, ""val_me12"": 4.6591109116223395, ""mape_2021"": 98.24111938476562, ""mae_2021"": 22.00711441040039, ""mae12_2021"": 8.466649055480957, ""me_2021"": 21.147685212892014, ""me12_2021"": 7.924151373388098, ""epochs_trained"": 30}",2026-07-05T16:00:52.377526,completed,8.3
5,MAPE,96,2,selu,2,64,0.1,65.28849792480469,14.854479789733887,12.789785385131836,7.577618249620441,12.828765422827457,65.28849792480469,9.795832633972168,17.124380111694336,7.4683276952877815,17.243826132387536,63.79805374145508,"{""loss"": 42.326229095458984, ""mape"": 42.326229095458984, ""mae"": 9.110451698303223, ""val_loss"": 65.28849792480469, ""val_mape"": 65.28849792480469, ""val_mae"": 14.854479789733887, ""lr"": 0.00010000000474974513, ""val_mae12"": 12.789785385131836, ""val_me"": 7.577618249620441, ""val_me12"": 12.828765422827457, ""mape_2021"": 63.79805374145508, ""mae_2021"": 9.795832633972168, ""mae12_2021"": 17.124380111694336, ""me_2021"": 7.4683276952877815, ""me12_2021"": 17.243826132387536, ""epochs_trained"": 62}",2026-07-05T16:00:53.193560,completed,10.1
5,MAPE,96,2,selu,2,128,0.1,56.95820236206055,13.158403396606445,10.259482383728027,8.035148789007122,10.265745334247569,56.95820236206055,9.99669361114502,14.104708671569824,8.099137614317467,14.201520194867756,61.417049407958984,"{""loss"": 37.19334411621094, ""mape"": 37.19334411621094, ""mae"": 8.060470581054688, ""val_loss"": 56.95820236206055, ""val_mape"": 56.95820236206055, ""val_mae"": 13.158403396606445, ""lr"": 0.00010000000474974513, ""val_mae12"": 10.259482383728027, ""val_me"": 8.035148789007122, ""val_me12"": 10.265745334247569, ""mape_2021"": 61.417049407958984, ""mae_2021"": 9.99669361114502, ""mae12_2021"": 14.104708671569824, ""me_2021"": 8.099137614317467, ""me12_2021"": 14.201520194867756, ""epochs_trained"": 49}",2026-07-05T16:01:07.118427,completed,14.7
5,MAPE,96,2,selu,2,128,0.3,137.2613983154297,31.503990173339844,28.990371704101562,3.5598732480268263,29.047115652156233,137.2613983154297,11.091547966003418,35.21055603027344,2.989790368090083,35.36133961681256,88.8991470336914,"{""loss"": 44.717464447021484, ""mape"": 44.717464447021484, ""mae"": 9.552114486694336, ""val_loss"": 137.2613983154297, ""val_mape"": 137.2613983154297, ""val_mae"": 31.503990173339844, ""lr"": 0.00010000000474974513, ""val_mae12"": 28.990371704101562, ""val_me"": 3.5598732480268263, ""val_me12"": 29.047115652156233, ""mape_2021"": 88.8991470336914, ""mae_2021"": 11.091547966003418, ""mae12_2021"": 35.21055603027344, ""me_2021"": 2.989790368090083, ""me12_2021"": 35.36133961681256, ""epochs_trained"": 55}",2026-07-05T16:01:08.667420,completed,15.5
5,MAPE,96,2,selu,2,128,0.05,20.461509704589844,4.6084208488464355,2.8152053356170654,-3.8235208448966946,2.788242211848024,20.461509704589844,4.505550384521484,2.6979193687438965,-4.134092049772493,2.68316860136451,21.610074996948242,"{""loss"": 7.460700511932373, ""mape"": 7.460700511932373, ""mae"": 1.6802645921707153, ""val_loss"": 20.461509704589844, ""val_mape"": 20.461509704589844, ""val_mae"": 4.6084208488464355, ""lr"": 0.00010000000474974513, ""val_mae12"": 2.8152053356170654, ""val_me"": -3.8235208448966946, ""val_me12"": 2.788242211848024, ""mape_2021"": 21.610074996948242, ""mae_2021"": 4.505550384521484, ""mae12_2021"": 2.6979193687438965, ""me_2021"": -4.134092049772493, ""me12_2021"": 2.68316860136451, ""epochs_trained"": 255}",2026-07-05T16:01:13.606573,completed,28.2
5,MAPE,96,2,selu,2,128,0.0,3.934873342514038,0.7808552980422974,0.9183281064033508,0.15254714665804261,0.4143020986407281,3.934873342514038,0.7376508116722107,0.7979623079299927,0.1848109653268507,-0.1844863040830201,4.093305587768555,"{""loss"": 3.0401036739349365, ""mape"": 3.0401036739349365, ""mae"": 0.6158868670463562, ""val_loss"": 3.934873342514038, ""val_mape"": 3.934873342514038, ""val_mae"": 0.7808552980422974, ""lr"": 1.0000000656873453e-05, ""val_mae12"": 0.9183281064033508, ""val_me"": 0.15254714665804261, ""val_me12"": 0.4143020986407281, ""mape_2021"": 4.093305587768555, ""mae_2021"": 0.7376508116722107, ""mae12_2021"": 0.7979623079299927, ""me_2021"": 0.1848109653268507, ""me12_2021"": -0.1844863040830201, ""epochs_trained"": 537}",2026-07-05T16:01:26.570353,completed,42.0
5,MAPE,96,2,selu,2,64,0.0,3.5643813610076904,0.702565610408783,0.9067867398262024,0.13103607043286786,0.4234193298569842,3.5643813610076904,0.6850998401641846,0.841484546661377,0.1421764932963074,-0.30330988883855775,3.9678053855895996,"{""loss"": 2.850008249282837, ""mape"": 2.850008249282837, ""mae"": 0.574483335018158, ""val_loss"": 3.5643813610076904, ""val_mape"": 3.5643813610076904, ""val_mae"": 0.702565610408783, ""lr"": 1.0000000656873453e-05, ""val_mae12"": 0.9067867398262024, ""val_me"": 0.13103607043286786, ""val_me12"": 0.4234193298569842, ""mape_2021"": 3.9678053855895996, ""mae_2021"": 0.6850998401641846, ""mae12_2021"": 0.841484546661377, ""me_2021"": 0.1421764932963074, ""me12_2021"": -0.30330988883855775, ""epochs_trained"": 856}",2026-07-05T16:01:30.818233,completed,61.4
5,MAPE,96,2,selu,2,32,0.0,4.094686985015869,0.8218121528625488,0.8931688070297241,0.17724859437395646,0.3509993299181765,4.094686985015869,0.7820972204208374,0.9377519488334656,0.1924386263505179,-0.4170394481375765,4.505591869354248,"{""loss"": 3.2439281940460205, ""mape"": 3.2439281940460205, ""mae"": 0.6589712500572205, ""val_loss"": 4.094686985015869, ""val_mape"": 4.094686985015869, ""val_mae"": 0.8218121528625488, ""lr"": 0.00010000000474974513, ""val_mae12"": 0.8931688070297241, ""val_me"": 0.17724859437395646, ""val_me12"": 0.3509993299181765, ""mape_2021"": 4.505591869354248, ""mae_2021"": 0.7820972204208374, ""mae12_2021"": 0.9377519488334656, ""me_2021"": 0.1924386263505179, ""me12_2021"": -0.4170394481375765, ""epochs_trained"": 945}",2026-07-05T16:01:33.356265,completed,64.0
5,MAPE,96,2,selu,2,256,0.05,29.78641128540039,6.596876621246338,3.5983879566192627,3.4682889297798503,1.019115952222111,29.78641128540039,5.765042304992676,3.7208452224731445,3.4494442555039484,-1.5221299783085664,28.529380798339844,"{""loss"": 20.010831832885742, ""mape"": 20.010831832885742, ""mae"": 4.269863128662109, ""val_loss"": 29.78641128540039, ""val_mape"": 29.78641128540039, ""val_mae"": 6.596876621246338, ""lr"": 0.00010000000474974513, ""val_mae12"": 3.5983879566192627, ""val_me"": 3.4682889297798503, ""val_me12"": 1.019115952222111, ""mape_2021"": 28.529380798339844, ""mae_2021"": 5.765042304992676, ""mae12_2021"": 3.7208452224731445, ""me_2021"": 3.4494442555039484, ""me12_2021"": -1.5221299783085664, ""epochs_trained"": 51}",2026-07-05T16:01:58.103642,completed,23.9
5,MAPE,96,2,selu,2,256,0.3,154.48973083496094,36.32090377807617,22.802711486816406,4.846389225456657,22.85525652470128,154.48973083496094,10.496718406677246,28.22039031982422,4.585625449883119,28.351745335298066,78.01326751708984,"{""loss"": 41.949039459228516, ""mape"": 41.949039459228516, ""mae"": 8.975780487060547, ""val_loss"": 154.48973083496094, ""val_mape"": 154.48973083496094, ""val_mae"": 36.32090377807617, ""lr"": 0.00010000000474974513, ""val_mae12"": 22.802711486816406, ""val_me"": 4.846389225456657, ""val_me12"": 22.85525652470128, ""mape_2021"": 78.01326751708984, ""mae_2021"": 10.496718406677246, ""mae12_2021"": 28.22039031982422, ""me_2021"": 4.585625449883119, ""me12_2021"": 28.351745335298066, ""epochs_trained"": 45}",2026-07-05T16:01:58.236294,completed,24.0
5,MAPE,96,2,selu,2,256,0.1,52.000675201416016,12.131583213806152,4.461594104766846,-0.8052480519796732,2.9957960279079305,52.000675201416016,7.515960693359375,3.7430880069732666,-0.5319986274267878,0.3102641279662148,35.202781677246094,"{""loss"": 23.09325408935547, ""mape"": 23.09325408935547, ""mae"": 4.981776237487793, ""val_loss"": 52.000675201416016, ""val_mape"": 52.000675201416016, ""val_mae"": 12.131583213806152, ""lr"": 0.00010000000474974513, ""val_mae12"": 4.461594104766846, ""val_me"": -0.8052480519796732, ""val_me12"": 2.9957960279079305, ""mape_2021"": 35.202781677246094, ""mae_2021"": 7.515960693359375, ""mae12_2021"": 3.7430880069732666, ""me_2021"": -0.5319986274267878, ""me12_2021"": 0.3102641279662148, ""epochs_trained"": 57}",2026-07-05T16:01:58.497448,completed,24.3
5,MAPE,96,2,selu,3,16,0.0,50.73749542236328,10.676045417785645,7.722251892089844,8.447405053198725,7.33291942192038,50.73749542236328,9.851720809936523,11.46812915802002,8.44374930790982,11.347656408099725,59.933013916015625,"{""loss"": 40.283809661865234, ""mape"": 40.283809661865234, ""mae"": 8.441431045532227, ""val_loss"": 50.73749542236328, ""val_mape"": 50.73749542236328, ""val_mae"": 10.676045417785645, ""lr"": 0.00010000000474974513, ""val_mae12"": 7.722251892089844, ""val_me"": 8.447405053198725, ""val_me12"": 7.33291942192038, ""mape_2021"": 59.933013916015625, ""mae_2021"": 9.851720809936523, ""mae12_2021"": 11.46812915802002, ""me_2021"": 8.44374930790982, ""me12_2021"": 11.347656408099725, ""epochs_trained"": 76}",2026-07-05T16:01:59.347826,completed,25.1
5,MAPE,96,2,selu,3,16,0.05,52.30145263671875,11.725147247314453,8.933009147644043,6.7184416372074525,8.930819385901607,52.30145263671875,8.40201187133789,12.71886920928955,6.6657916670084365,12.802852232404941,52.706722259521484,"{""loss"": 40.85145950317383, ""mape"": 40.85145950317383, ""mae"": 8.964381217956543, ""val_loss"": 52.30145263671875, ""val_mape"": 52.30145263671875, ""val_mae"": 11.725147247314453, ""lr"": 0.00010000000474974513, ""val_mae12"": 8.933009147644043, ""val_me"": 6.7184416372074525, ""val_me12"": 8.930819385901607, ""mape_2021"": 52.706722259521484, ""mae_2021"": 8.40201187133789, ""mae12_2021"": 12.71886920928955, ""me_2021"": 6.6657916670084365, ""me12_2021"": 12.802852232404941, ""epochs_trained"": 97}",2026-07-05T16:02:00.693321,completed,26.5
5,MAPE,96,2,selu,3,16,0.3,90.99349212646484,20.084768295288086,9.170170783996582,19.352905586000556,9.198265170586057,90.99349212646484,19.41404914855957,12.343350410461426,17.942215479453157,12.438258874453389,90.07067108154297,"{""loss"": 88.1718521118164, ""mape"": 88.1718521118164, ""mae"": 22.211002349853516, ""val_loss"": 90.99349212646484, ""val_mape"": 90.99349212646484, ""val_mae"": 20.084768295288086, ""lr"": 0.00010000000474974513, ""val_mae12"": 9.170170783996582, ""val_me"": 19.352905586000556, ""val_me12"": 9.198265170586057, ""mape_2021"": 90.07067108154297, ""mae_2021"": 19.41404914855957, ""mae12_2021"": 12.343350410461426, ""me_2021"": 17.942215479453157, ""me12_2021"": 12.438258874453389, ""epochs_trained"": 55}",2026-07-05T16:02:09.138377,completed,10.9
5,MAPE,96,2,selu,3,16,0.1,62.67002487182617,14.443785667419434,13.08379077911377,5.675072787292466,13.119217718737488,62.67002487182617,8.510631561279297,17.18951988220215,5.773164040974092,17.299158722420042,57.07387161254883,"{""loss"": 44.859100341796875, ""mape"": 44.859100341796875, ""mae"": 10.047857284545898, ""val_loss"": 62.67002487182617, ""val_mape"": 62.67002487182617, ""val_mae"": 14.443785667419434, ""lr"": 0.00010000000474974513, ""val_mae12"": 13.08379077911377, ""val_me"": 5.675072787292466, ""val_me12"": 13.119217718737488, ""mape_2021"": 57.07387161254883, ""mae_2021"": 8.510631561279297, ""mae12_2021"": 17.18951988220215, ""me_2021"": 5.773164040974092, ""me12_2021"": 17.299158722420042, ""epochs_trained"": 90}",2026-07-05T16:02:11.025923,completed,12.9
5,MAPE,96,2,selu,3,32,0.05,51.6343879699707,12.135883331298828,9.93283748626709,6.335707806157699,9.963303097842626,51.6343879699707,8.158245086669922,12.937182426452637,6.209586147650304,13.015985412987906,50.259918212890625,"{""loss"": 35.72959899902344, ""mape"": 35.72959899902344, ""mae"": 7.960954666137695, ""val_loss"": 51.6343879699707, ""val_mape"": 51.6343879699707, ""val_mae"": 12.135883331298828, ""lr"": 0.00010000000474974513, ""val_mae12"": 9.93283748626709, ""val_me"": 6.335707806157699, ""val_me12"": 9.963303097842626, ""mape_2021"": 50.259918212890625, ""mae_2021"": 8.158245086669922, ""mae12_2021"": 12.937182426452637, ""me_2021"": 6.209586147650304, ""me12_2021"": 13.015985412987906, ""epochs_trained"": 66}",2026-07-05T16:02:11.158403,completed,11.8
5,MAPE,96,2,selu,3,32,0.1,67.49518585205078,16.25995635986328,13.47694206237793,5.361230423356209,13.508161633155304,67.49518585205078,7.73376989364624,16.941320419311523,4.968593766374484,17.038672653871064,53.755252838134766,"{""loss"": 38.565879821777344, ""mape"": 38.565879821777344, ""mae"": 8.523528099060059, ""val_loss"": 67.49518585205078, ""val_mape"": 67.49518585205078, ""val_mae"": 16.25995635986328, ""lr"": 0.00010000000474974513, ""val_mae12"": 13.47694206237793, ""val_me"": 5.361230423356209, ""val_me12"": 13.508161633155304, ""mape_2021"": 53.755252838134766, ""mae_2021"": 7.73376989364624, ""mae12_2021"": 16.941320419311523, ""me_2021"": 4.968593766374484, ""me12_2021"": 17.038672653871064, ""epochs_trained"": 74}",2026-07-05T16:02:13.139458,completed,12.4
5,MAPE,96,2,selu,3,32,0.3,100.63473510742188,19.91495132446289,9.273453712463379,19.538731401862517,9.284595645509407,100.63473510742188,19.748544692993164,12.542548179626465,18.264903488757078,12.6344818067038,92.23060607910156,"{""loss"": 83.56562805175781, ""mape"": 83.56562805175781, ""mae"": 21.167509078979492, ""val_loss"": 100.63473510742188, ""val_mape"": 100.63473510742188, ""val_mae"": 19.91495132446289, ""lr"": 0.00010000000474974513, ""val_mae12"": 9.273453712463379, ""val_me"": 19.538731401862517, ""val_me12"": 9.284595645509407, ""mape_2021"": 92.23060607910156, ""mae_2021"": 19.748544692993164, ""mae12_2021"": 12.542548179626465, ""me_2021"": 18.264903488757078, ""me12_2021"": 12.6344818067038, ""epochs_trained"": 41}",2026-07-05T16:02:17.154342,completed,8.0
5,MAPE,96,2,selu,2,256,0.0,3.506178855895996,0.6814513206481934,0.8838812112808228,0.08690481936704851,0.3988964131810062,3.506178855895996,0.6974388957023621,0.7939214110374451,0.15240966936885325,-0.2917184457019474,3.9744977951049805,"{""loss"": 2.7975807189941406, ""mape"": 2.7975807189941406, ""mae"": 0.5708247423171997, ""val_loss"": 3.506178855895996, ""val_mape"": 3.506178855895996, ""val_mae"": 0.6814513206481934, ""lr"": 1.0000000656873453e-05, ""val_mae12"": 0.8838812112808228, ""val_me"": 0.08690481936704851, ""val_me12"": 0.3988964131810062, ""mape_2021"": 3.9744977951049805, ""mae_2021"": 0.6974388957023621, ""mae12_2021"": 0.7939214110374451, ""me_2021"": 0.15240966936885325, ""me12_2021"": -0.2917184457019474, ""epochs_trained"": 515}",2026-07-05T16:02:27.844538,completed,53.6
5,MAPE,96,2,selu,3,32,0.0,3.4886634349823,0.6957833170890808,0.8587955236434937,0.13015696136150717,0.2775819814165651,3.4886634349823,0.6913243532180786,1.0065041780471802,0.15991821522569347,-0.5927414249258411,4.2852783203125,"{""loss"": 2.8965210914611816, ""mape"": 2.8965210914611816, ""mae"": 0.5833105444908142, ""val_loss"": 3.4886634349823, ""val_mape"": 3.4886634349823, ""val_mae"": 0.6957833170890808, ""lr"": 0.00010000000474974513, ""val_mae12"": 0.8587955236434937, ""val_me"": 0.13015696136150717, ""val_me12"": 0.2775819814165651, ""mape_2021"": 4.2852783203125, ""mae_2021"": 0.6913243532180786, ""mae12_2021"": 1.0065041780471802, ""me_2021"": 0.15991821522569347, ""me12_2021"": -0.5927414249258411, ""epochs_trained"": 707}",2026-07-05T16:02:36.153553,completed,37.7
5,MAPE,96,2,selu,3,64,0.3,115.31966400146484,21.417713165283203,6.881165981292725,21.96237338696696,6.905395936610091,115.31966400146484,21.396291732788086,9.27614688873291,20.384149672680188,9.353935841314831,93.86982727050781,"{""loss"": 83.8231201171875, ""mape"": 83.8231201171875, ""mae"": 21.31055450439453, ""val_loss"": 115.31966400146484, ""val_mape"": 115.31966400146484, ""val_mae"": 21.417713165283203, ""lr"": 0.00010000000474974513, ""val_mae12"": 6.881165981292725, ""val_me"": 21.96237338696696, ""val_me12"": 6.905395936610091, ""mape_2021"": 93.86982727050781, ""mae_2021"": 21.396291732788086, ""mae12_2021"": 9.27614688873291, ""me_2021"": 20.384149672680188, ""me12_2021"": 9.353935841314831, ""epochs_trained"": 32}",2026-07-05T16:02:56.075510,completed,19.1
5,MAPE,96,2,selu,3,64,0.1,69.87359619140625,16.569141387939453,14.40009880065918,6.228675453329053,14.438967260642105,69.87359619140625,8.607687950134277,18.342674255371094,5.634392114745323,18.438057128183882,59.0486946105957,"{""loss"": 37.877342224121094, ""mape"": 37.877342224121094, ""mae"": 8.194854736328125, ""val_loss"": 69.87359619140625, ""val_mape"": 69.87359619140625, ""val_mae"": 16.569141387939453, ""lr"": 0.00010000000474974513, ""val_mae12"": 14.40009880065918, ""val_me"": 6.228675453329053, ""val_me12"": 14.438967260642105, ""mape_2021"": 59.0486946105957, ""mae_2021"": 8.607687950134277, ""mae12_2021"": 18.342674255371094, ""me_2021"": 5.634392114745323, ""me12_2021"": 18.438057128183882, ""epochs_trained"": 51}",2026-07-05T16:02:58.383422,completed,21.4
5,MAPE,96,2,selu,3,128,0.1,54.68257522583008,12.899893760681152,12.31279468536377,7.1872831313167955,12.346787517047721,54.68257522583008,9.426756858825684,15.087761878967285,7.067278287965221,15.182003541382986,58.60163116455078,"{""loss"": 30.515443801879883, ""mape"": 30.515443801879883, ""mae"": 6.920175075531006, ""val_loss"": 54.68257522583008, ""val_mape"": 54.68257522583008, ""val_mae"": 12.899893760681152, ""lr"": 0.00010000000474974513, ""val_mae12"": 12.31279468536377, ""val_me"": 7.1872831313167955, ""val_me12"": 12.346787517047721, ""mape_2021"": 58.60163116455078, ""mae_2021"": 9.426756858825684, ""mae12_2021"": 15.087761878967285, ""me_2021"": 7.067278287965221, ""me12_2021"": 15.182003541382986, ""epochs_trained"": 40}",2026-07-05T16:03:09.930957,completed,13.8
5,MAPE,96,2,selu,3,128,0.05,24.620513916015625,5.6891679763793945,2.6787068843841553,-3.924836199152447,2.673802109521781,24.620513916015625,5.255329608917236,2.009554147720337,-4.24103209589146,1.9330580118448142,23.57199478149414,"{""loss"": 10.218687057495117, ""mape"": 10.218687057495117, ""mae"": 2.2760772705078125, ""val_loss"": 24.620513916015625, ""val_mape"": 24.620513916015625, ""val_mae"": 5.6891679763793945, ""lr"": 0.00010000000474974513, ""val_mae12"": 2.6787068843841553, ""val_me"": -3.924836199152447, ""val_me12"": 2.673802109521781, ""mape_2021"": 23.57199478149414, ""mae_2021"": 5.255329608917236, ""mae12_2021"": 2.009554147720337, ""me_2021"": -4.24103209589146, ""me12_2021"": 1.9330580118448142, ""epochs_trained"": 116}",2026-07-05T16:03:10.068988,completed,33.1
5,MAPE,96,2,selu,3,128,0.3,103.16307830810547,18.88605499267578,2.694171905517578,23.69562849211473,0.08272099655757877,103.16307830810547,22.555654525756836,3.728746175765991,22.2630736938855,2.0380126792342073,95.37512969970703,"{""loss"": 82.28752899169922, ""mape"": 82.28752899169922, ""mae"": 20.93962860107422, ""val_loss"": 103.16307830810547, ""val_mape"": 103.16307830810547, ""val_mae"": 18.88605499267578, ""lr"": 0.00010000000474974513, ""val_mae12"": 2.694171905517578, ""val_me"": 23.69562849211473, ""val_me12"": 0.08272099655757877, ""mape_2021"": 95.37512969970703, ""mae_2021"": 22.555654525756836, ""mae12_2021"": 3.728746175765991, ""me_2021"": 22.2630736938855, ""me12_2021"": 2.0380126792342073, ""epochs_trained"": 27}",2026-07-05T16:03:10.593591,completed,12.2
5,MAPE,96,2,selu,3,64,0.05,21.348434448242188,4.98628568649292,2.351221799850464,-4.524324370297629,2.216544969648058,21.348434448242188,4.765637397766113,2.6591060161590576,-4.564554429969146,2.535231502225614,23.090696334838867,"{""loss"": 7.856720924377441, ""mape"": 7.856720924377441, ""mae"": 1.729164719581604, ""val_loss"": 21.348434448242188, ""val_mape"": 21.348434448242188, ""val_mae"": 4.98628568649292, ""lr"": 0.00010000000474974513, ""val_mae12"": 2.351221799850464, ""val_me"": -4.524324370297629, ""val_me12"": 2.216544969648058, ""mape_2021"": 23.090696334838867, ""mae_2021"": 4.765637397766113, ""mae12_2021"": 2.6591060161590576, ""me_2021"": -4.564554429969146, ""me12_2021"": 2.535231502225614, ""epochs_trained"": 237}",2026-07-05T16:03:13.130675,completed,36.2
5,MAPE,96,2,selu,3,128,0.0,3.59722900390625,0.698601245880127,0.8920806646347046,0.11044506924786572,0.31790942619144597,3.59722900390625,0.7115996479988098,0.8135088086128235,0.15614371684658468,-0.28492635745576744,3.981835126876831,"{""loss"": 2.9600374698638916, ""mape"": 2.9600374698638916, ""mae"": 0.5986294150352478, ""val_loss"": 3.59722900390625, ""val_mape"": 3.59722900390625, ""val_mae"": 0.698601245880127, ""lr"": 1.0000000656873453e-05, ""val_mae12"": 0.8920806646347046, ""val_me"": 0.11044506924786572, ""val_me12"": 0.31790942619144597, ""mape_2021"": 3.981835126876831, ""mae_2021"": 0.7115996479988098, ""mae12_2021"": 0.8135088086128235, ""me_2021"": 0.15614371684658468, ""me12_2021"": -0.28492635745576744, ""epochs_trained"": 273}",2026-07-05T16:03:21.156561,completed,44.2
5,MAPE,96,2,selu,3,256,0.1,55.19524383544922,13.137764930725098,3.9112801551818848,-5.294641726053138,-0.39248935310825234,55.19524383544922,8.70437240600586,5.506947994232178,-4.5430298447174104,-3.6906814651779776,41.16164016723633,"{""loss"": 19.236412048339844, ""mape"": 19.236412048339844, ""mae"": 4.078128814697266, ""val_loss"": 55.19524383544922, ""val_mape"": 55.19524383544922, ""val_mae"": 13.137764930725098, ""lr"": 0.00010000000474974513, ""val_mae12"": 3.9112801551818848, ""val_me"": -5.294641726053138, ""val_me12"": -0.39248935310825234, ""mape_2021"": 41.16164016723633, ""mae_2021"": 8.70437240600586, ""mae12_2021"": 5.506947994232178, ""me_2021"": -4.5430298447174104, ""me12_2021"": -3.6906814651779776, ""epochs_trained"": 47}",2026-07-05T16:03:35.200331,completed,24.6
5,MAPE,96,2,selu,3,256,0.05,29.052749633789062,6.7221479415893555,2.5171711444854736,-3.7030748311408743,2.2004231893485726,29.052749633789062,5.949678897857666,3.1484298706054688,-4.073823181451424,0.07308596563952319,27.7565860748291,"{""loss"": 15.106705665588379, ""mape"": 15.106705665588379, ""mae"": 3.272979259490967, ""val_loss"": 29.052749633789062, ""val_mape"": 29.052749633789062, ""val_mae"": 6.7221479415893555, ""lr"": 1.0000000656873453e-05, ""val_mae12"": 2.5171711444854736, ""val_me"": -3.7030748311408743, ""val_me12"": 2.2004231893485726, ""mape_2021"": 27.7565860748291, ""mae_2021"": 5.949678897857666, ""mae12_2021"": 3.1484298706054688, ""me_2021"": -4.073823181451424, ""me12_2021"": 0.07308596563952319, ""epochs_trained"": 64}",2026-07-05T16:03:35.809417,completed,25.7
5,MAPE,96,2,selu,3,256,0.3,271.3626403808594,63.76983642578125,33.105289459228516,7.69109664887698,33.16101598736773,271.3626403808594,17.010875701904297,38.21915054321289,6.2809229426248345,38.350226410267034,113.16637420654297,"{""loss"": 36.30710983276367, ""mape"": 36.30710983276367, ""mae"": 7.878664016723633, ""val_loss"": 271.3626403808594, ""val_mape"": 271.3626403808594, ""val_mae"": 63.76983642578125, ""lr"": 0.00010000000474974513, ""val_mae12"": 33.105289459228516, ""val_me"": 7.69109664887698, ""val_me12"": 33.16101598736773, ""mape_2021"": 113.16637420654297, ""mae_2021"": 17.010875701904297, ""mae12_2021"": 38.21915054321289, ""me_2021"": 6.2809229426248345, ""me12_2021"": 38.350226410267034, ""epochs_trained"": 37}",2026-07-05T16:03:37.017509,completed,23.9
5,MAPE,96,2,selu,3,64,0.0,3.5616042613983154,0.6955623626708984,0.9708625078201294,0.15578138751227064,0.3824983848574814,3.5616042613983154,0.6930649280548096,0.9163709282875061,0.1845408496899782,-0.3761033667088058,4.035890579223633,"{""loss"": 2.8938260078430176, ""mape"": 2.8938260078430176, ""mae"": 0.5853506922721863, ""val_loss"": 3.5616042613983154, ""val_mape"": 3.5616042613983154, ""val_mae"": 0.6955623626708984, ""lr"": 1.0000000656873453e-05, ""val_mae12"": 0.9708625078201294, ""val_me"": 0.15578138751227064, ""val_me12"": 0.3824983848574814, ""mape_2021"": 4.035890579223633, ""mae_2021"": 0.6930649280548096, ""mae12_2021"": 0.9163709282875061, ""me_2021"": 0.1845408496899782, ""me12_2021"": -0.3761033667088058, ""epochs_trained"": 550}",2026-07-05T16:03:45.199826,completed,68.3
5,MAPE,96,2,selu,3,256,0.0,3.6087536811828613,0.7180720567703247,0.8570793867111206,0.1364611765046314,0.3270253643824561,3.6087536811828613,0.6823952198028564,0.7355493903160095,0.14523827780788878,-0.24117191572315774,3.822490930557251,"{""loss"": 2.9826629161834717, ""mape"": 2.9826629161834717, ""mae"": 0.6033247113227844, ""val_loss"": 3.6087536811828613, ""val_mape"": 3.6087536811828613, ""val_mae"": 0.7180720567703247, ""lr"": 1.0000000656873453e-05, ""val_mae12"": 0.8570793867111206, ""val_me"": 0.1364611765046314, ""val_me12"": 0.3270253643824561, ""mape_2021"": 3.822490930557251, ""mae_2021"": 0.6823952198028564, ""mae12_2021"": 0.7355493903160095, ""me_2021"": 0.14523827780788878, ""me12_2021"": -0.24117191572315774, ""epochs_trained"": 247}",2026-07-05T16:03:46.839074,completed,36.9
5,MAPE,96,3,relu,1,16,0.0,14.193716049194336,3.419630527496338,1.1805047988891602,1.5619430497768212,0.5787283107363874,14.193716049194336,4.478481769561768,1.1405683755874634,3.7432014310428516,-0.743829746507324,18.9273738861084,"{""loss"": 15.936896324157715, ""mape"": 15.936896324157715, ""mae"": 4.020166873931885, ""val_loss"": 14.193716049194336, ""val_mape"": 14.193716049194336, ""val_mae"": 3.419630527496338, ""lr"": 0.00010000000474974513, ""val_mae12"": 1.1805047988891602, ""val_me"": 1.5619430497768212, ""val_me12"": 0.5787283107363874, ""mape_2021"": 18.9273738861084, ""mae_2021"": 4.478481769561768, ""mae12_2021"": 1.1405683755874634, ""me_2021"": 3.7432014310428516, ""me12_2021"": -0.743829746507324, ""epochs_trained"": 1483}",2026-07-05T16:05:03.154887,completed,75.6
5,MAPE,96,3,relu,1,32,0.05,37.57553482055664,7.550876617431641,9.407806396484375,5.430036364549209,8.415773094945012,37.57553482055664,8.973628044128418,7.59087610244751,7.244626623878653,6.231405997975617,45.82709503173828,"{""loss"": 39.21395492553711, ""mape"": 39.21395492553711, ""mae"": 8.5900239944458, ""val_loss"": 37.57553482055664, ""val_mape"": 37.57553482055664, ""val_mae"": 7.550876617431641, ""lr"": 1.0000000656873453e-05, ""val_mae12"": 9.407806396484375, ""val_me"": 5.430036364549209, ""val_me12"": 8.415773094945012, ""mape_2021"": 45.82709503173828, ""mae_2021"": 8.973628044128418, ""mae12_2021"": 7.59087610244751, ""me_2021"": 7.244626623878653, ""me12_2021"": 6.231405997975617, ""epochs_trained"": 1551}",2026-07-05T16:05:08.328601,completed,80.7
5,MAPE,96,3,relu,1,16,0.05,3.567699909210205,0.6632867455482483,1.1715755462646484,0.18356453227073594,0.5142954101254094,3.567699909210205,0.8978469371795654,1.3440301418304443,0.563676434056637,-0.4200656916437828,5.640789031982422,"{""loss"": 7.117864608764648, ""mape"": 7.117864608764648, ""mae"": 1.5647789239883423, ""val_loss"": 3.567699909210205, ""val_mape"": 3.567699909210205, ""val_mae"": 0.6632867455482483, ""lr"": 0.00010000000474974513, ""val_mae12"": 1.1715755462646484, ""val_me"": 0.18356453227073594, ""val_me12"": 0.5142954101254094, ""mape_2021"": 5.640789031982422, ""mae_2021"": 0.8978469371795654, ""mae12_2021"": 1.3440301418304443, ""me_2021"": 0.563676434056637, ""me12_2021"": -0.4200656916437828, ""epochs_trained"": 1808}",2026-07-05T16:05:18.822697,completed,91.2
5,MAPE,96,3,relu,1,16,0.1,3.856539487838745,0.7591177225112915,1.1758027076721191,0.35844971377963236,0.653877489725922,3.856539487838745,1.0694037675857544,0.9635986685752869,0.8276903299958448,-0.24761797075629843,5.642197608947754,"{""loss"": 9.789847373962402, ""mape"": 9.789847373962402, ""mae"": 2.2255685329437256, ""val_loss"": 3.856539487838745, ""val_mape"": 3.856539487838745, ""val_mae"": 0.7591177225112915, ""lr"": 1.0000000656873453e-05, ""val_mae12"": 1.1758027076721191, ""val_me"": 0.35844971377963236, ""val_me12"": 0.653877489725922, ""mape_2021"": 5.642197608947754, ""mae_2021"": 1.0694037675857544, ""mae12_2021"": 0.9635986685752869, ""me_2021"": 0.8276903299958448, ""me12_2021"": -0.24761797075629843, ""epochs_trained"": 1876}",2026-07-05T16:05:21.765833,completed,94.2
5,MAPE,96,3,relu,1,16,0.3,4.294231414794922,0.919765830039978,0.9642308354377747,0.7191756670602829,0.22521472150153127,4.294231414794922,1.2036092281341553,0.979188084602356,1.1298649054066727,-0.8249463560586124,6.148838520050049,"{""loss"": 16.078739166259766, ""mape"": 16.078739166259766, ""mae"": 3.819915533065796, ""val_loss"": 4.294231414794922, ""val_mape"": 4.294231414794922, ""val_mae"": 0.919765830039978, ""lr"": 0.00010000000474974513, ""val_mae12"": 0.9642308354377747, ""val_me"": 0.7191756670602829, ""val_me12"": 0.22521472150153127, ""mape_2021"": 6.148838520050049, ""mae_2021"": 1.2036092281341553, ""mae12_2021"": 0.979188084602356, ""me_2021"": 1.1298649054066727, ""me12_2021"": -0.8249463560586124, ""epochs_trained"": 1898}",2026-07-05T16:05:23.006131,completed,95.4
5,MAPE,96,3,relu,1,32,0.0,6.341005802154541,1.4519907236099243,1.2278918027877808,0.338049304529144,0.5765046683600072,6.341005802154541,1.7803329229354858,1.2390316724777222,1.1087620432187386,-0.9202607812334492,8.676369667053223,"{""loss"": 6.72737455368042, ""mape"": 6.72737455368042, ""mae"": 1.5890249013900757, ""val_loss"": 6.341005802154541, ""val_mape"": 6.341005802154541, ""val_mae"": 1.4519907236099243, ""lr"": 0.00010000000474974513, ""val_mae12"": 1.2278918027877808, ""val_me"": 0.338049304529144, ""val_me12"": 0.5765046683600072, ""mape_2021"": 8.676369667053223, ""mae_2021"": 1.7803329229354858, ""mae12_2021"": 1.2390316724777222, ""me_2021"": 1.1087620432187386, ""me12_2021"": -0.9202607812334492, ""epochs_trained"": 2180}",2026-07-05T16:05:36.869985,completed,109.3
5,MAPE,96,3,relu,1,64,0.1,4.178941249847412,0.804007887840271,1.3101670742034912,-0.13491739161257535,0.7318875826317883,4.178941249847412,0.9475792646408081,1.1770484447479248,0.2631315803317925,0.18526464947236296,5.880725860595703,"{""loss"": 7.768630504608154, ""mape"": 7.768630504608154, ""mae"": 1.6736152172088623, ""val_loss"": 4.178941249847412, ""val_mape"": 4.178941249847412, ""val_mae"": 0.804007887840271, ""lr"": 1.0000000656873453e-05, ""val_mae12"": 1.3101670742034912, ""val_me"": -0.13491739161257535, ""val_me12"": 0.7318875826317883, ""mape_2021"": 5.880725860595703, ""mae_2021"": 0.9475792646408081, ""mae12_2021"": 1.1770484447479248, ""me_2021"": 0.2631315803317925, ""me12_2021"": 0.18526464947236296, ""epochs_trained"": 1139}",2026-07-05T16:06:34.534002,completed,71.5
5,MAPE,96,3,relu,1,32,0.3,5.523685932159424,1.087538480758667,1.5806297063827515,0.586919627410677,1.1126402847012646,5.523685932159424,1.5475573539733887,0.9976526498794556,1.230594190426143,-0.0825229528783047,7.79929256439209,"{""loss"": 15.60063648223877, ""mape"": 15.60063648223877, ""mae"": 3.575815200805664, ""val_loss"": 5.523685932159424, ""val_mape"": 5.523685932159424, ""val_mae"": 1.087538480758667, ""lr"": 0.00010000000474974513, ""val_mae12"": 1.5806297063827515, ""val_me"": 0.586919627410677, ""val_me12"": 1.1126402847012646, ""mape_2021"": 7.79929256439209, ""mae_2021"": 1.5475573539733887, ""mae12_2021"": 0.9976526498794556, ""me_2021"": 1.230594190426143, ""me12_2021"": -0.0825229528783047, ""epochs_trained"": 1502}",2026-07-05T16:06:36.334945,completed,88.0
5,MAPE,96,3,relu,1,64,0.05,3.5529708862304688,0.6923211812973022,1.0083473920822144,-0.15328753253780403,0.3111101793895685,3.5529708862304688,0.7908288836479187,1.1224086284637451,0.2161489314537028,-0.16713179691129876,4.808953762054443,"{""loss"": 6.065425872802734, ""mape"": 6.065425872802734, ""mae"": 1.2860193252563477, ""val_loss"": 3.5529708862304688, ""val_mape"": 3.5529708862304688, ""val_mae"": 0.6923211812973022, ""lr"": 0.00010000000474974513, ""val_mae12"": 1.0083473920822144, ""val_me"": -0.15328753253780403, ""val_me12"": 0.3111101793895685, ""mape_2021"": 4.808953762054443, ""mae_2021"": 0.7908288836479187, ""mae12_2021"": 1.1224086284637451, ""me_2021"": 0.2161489314537028, ""me12_2021"": -0.16713179691129876, ""epochs_trained"": 1320}",2026-07-05T16:06:41.337883,completed,79.6
5,MAPE,96,3,relu,1,32,0.1,3.125506639480591,0.6108260750770569,0.8818821310997009,0.07942234477212284,0.21647298557407366,3.125506639480591,0.7827130556106567,1.0139997005462646,0.46288421195470425,-0.38413009766786804,4.451208114624023,"{""loss"": 8.187962532043457, ""mape"": 8.187962532043457, ""mae"": 1.8648316860198975, ""val_loss"": 3.125506639480591, ""val_mape"": 3.125506639480591, ""val_mae"": 0.6108260750770569, ""lr"": 0.00010000000474974513, ""val_mae12"": 0.8818821310997009, ""val_me"": 0.07942234477212284, ""val_me12"": 0.21647298557407366, ""mape_2021"": 4.451208114624023, ""mae_2021"": 0.7827130556106567, ""mae12_2021"": 1.0139997005462646, ""me_2021"": 0.46288421195470425, ""me12_2021"": -0.38413009766786804, ""epochs_trained"": 1881}",2026-07-05T16:06:46.896845,completed,103.7
5,MAPE,96,3,relu,1,64,0.3,4.137909889221191,0.7759431004524231,1.379132866859436,0.17704532400151984,1.062074464301926,4.137909889221191,1.0334665775299072,0.9783546328544617,0.6521174065693672,-0.043367088825002384,5.444025993347168,"{""loss"": 12.079435348510742, ""mape"": 12.079435348510742, ""mae"": 2.7519092559814453, ""val_loss"": 4.137909889221191, ""val_mape"": 4.137909889221191, ""val_mae"": 0.7759431004524231, ""lr"": 0.00010000000474974513, ""val_mae12"": 1.379132866859436, ""val_me"": 0.17704532400151984, ""val_me12"": 1.062074464301926, ""mape_2021"": 5.444025993347168, ""mae_2021"": 1.0334665775299072, ""mae12_2021"": 0.9783546328544617, ""me_2021"": 0.6521174065693672, ""me12_2021"": -0.043367088825002384, ""epochs_trained"": 1226}",2026-07-05T16:06:48.670814,completed,71.8
5,MAPE,96,3,relu,1,64,0.0,4.284014701843262,0.8625963926315308,1.1935759782791138,-0.1995955450605129,0.7617734232415792,4.284014701843262,0.8947159051895142,1.061720848083496,0.18370990056053393,-0.667751116351337,5.080392837524414,"{""loss"": 4.092669486999512, ""mape"": 4.092669486999512, ""mae"": 0.8780850768089294, ""val_loss"": 4.284014701843262, ""val_mape"": 4.284014701843262, ""val_mae"": 0.8625963926315308, ""lr"": 0.00010000000474974513, ""val_mae12"": 1.1935759782791138, ""val_me"": -0.1995955450605129, ""val_me12"": 0.7617734232415792, ""mape_2021"": 5.080392837524414, ""mae_2021"": 0.8947159051895142, ""mae12_2021"": 1.061720848083496, ""me_2021"": 0.18370990056053393, ""me12_2021"": -0.667751116351337, ""epochs_trained"": 1617}",2026-07-05T16:06:48.936472,completed,90.1
5,MAPE,96,3,relu,1,128,0.3,45.245330810546875,9.286819458007812,9.766754150390625,7.004779588301577,9.362208501870242,45.245330810546875,10.347100257873535,11.227395057678223,8.460872791100309,10.776895833493993,59.91356658935547,"{""loss"": 47.2408561706543, ""mape"": 47.2408561706543, ""mae"": 10.285478591918945, ""val_loss"": 45.245330810546875, ""val_mape"": 45.245330810546875, ""val_mae"": 9.286819458007812, ""lr"": 0.00010000000474974513, ""val_mae12"": 9.766754150390625, ""val_me"": 7.004779588301577, ""val_me12"": 9.362208501870242, ""mape_2021"": 59.91356658935547, ""mae_2021"": 10.347100257873535, ""mae12_2021"": 11.227395057678223, ""me_2021"": 8.460872791100309, ""me12_2021"": 10.776895833493993, ""epochs_trained"": 66}",2026-07-05T16:07:08.775298,completed,19.0
5,MAPE,96,3,relu,1,128,0.1,45.92372131347656,9.412156105041504,9.384617805480957,7.202390208491541,9.037997584792828,45.92372131347656,10.468717575073242,10.846887588500977,8.615112385552159,10.572142084697388,60.30893325805664,"{""loss"": 46.77640151977539, ""mape"": 46.77640151977539, ""mae"": 10.155158996582031, ""val_loss"": 45.92372131347656, ""val_mape"": 45.92372131347656, ""val_mae"": 9.412156105041504, ""lr"": 0.00010000000474974513, ""val_mae12"": 9.384617805480957, ""val_me"": 7.202390208491541, ""val_me12"": 9.037997584792828, ""mape_2021"": 60.30893325805664, ""mae_2021"": 10.468717575073242, ""mae12_2021"": 10.846887588500977, ""me_2021"": 8.615112385552159, ""me12_2021"": 10.572142084697388, ""epochs_trained"": 66}",2026-07-05T16:07:08.879822,completed,19.1
5,MAPE,96,3,relu,1,256,0.3,44.68320083618164,9.21658992767334,9.263954162597656,7.008484462453559,8.737427470920704,44.68320083618164,10.312536239624023,10.596879959106445,8.487455417302906,9.893103704666157,58.58677291870117,"{""loss"": 46.09315490722656, ""mape"": 46.09315490722656, ""mae"": 10.065685272216797, ""val_loss"": 44.68320083618164, ""val_mape"": 44.68320083618164, ""val_mae"": 9.21658992767334, ""lr"": 0.00010000000474974513, ""val_mae12"": 9.263954162597656, ""val_me"": 7.008484462453559, ""val_me12"": 8.737427470920704, ""mape_2021"": 58.58677291870117, ""mae_2021"": 10.312536239624023, ""mae12_2021"": 10.596879959106445, ""me_2021"": 8.487455417302906, ""me12_2021"": 9.893103704666157, ""epochs_trained"": 57}",2026-07-05T16:07:24.457237,completed,15.6
5,MAPE,96,3,relu,2,16,0.0,46.17979431152344,9.333967208862305,10.057701110839844,7.07983939436451,9.935788881278794,46.17979431152344,10.368240356445312,11.720014572143555,8.480426869826188,11.598891734230907,61.241539001464844,"{""loss"": 46.02519607543945, ""mape"": 46.02519607543945, ""mae"": 9.918007850646973, ""val_loss"": 46.17979431152344, ""val_mape"": 46.17979431152344, ""val_mae"": 9.333967208862305, ""lr"": 0.00010000000474974513, ""val_mae12"": 10.057701110839844, ""val_me"": 7.07983939436451, ""val_me12"": 9.935788881278794, ""mape_2021"": 61.241539001464844, ""mae_2021"": 10.368240356445312, ""mae12_2021"": 11.720014572143555, ""me_2021"": 8.480426869826188, ""me12_2021"": 11.598891734230907, ""epochs_trained"": 84}",2026-07-05T16:07:43.004360,completed,18.5
5,MAPE,96,3,relu,1,128,0.05,3.4215896129608154,0.6662356853485107,1.1355000734329224,-0.3289887160807848,0.6930294984571127,3.4215896129608154,0.705974817276001,1.0045450925827026,0.028358696126953964,-0.11206885691201858,4.44628381729126,"{""loss"": 4.544121265411377, ""mape"": 4.544121265411377, ""mae"": 0.9559398293495178, ""val_loss"": 3.4215896129608154, ""val_mape"": 3.4215896129608154, ""val_mae"": 0.6662356853485107, ""lr"": 1.0000000656873453e-05, ""val_mae12"": 1.1355000734329224, ""val_me"": -0.3289887160807848, ""val_me12"": 0.6930294984571127, ""mape_2021"": 4.44628381729126, ""mae_2021"": 0.705974817276001, ""mae12_2021"": 1.0045450925827026, ""me_2021"": 0.028358696126953964, ""me12_2021"": -0.11206885691201858, ""epochs_trained"": 1049}",2026-07-05T16:08:49.233545,completed,119.4
5,MAPE,96,3,relu,2,16,0.05,6.173595905303955,1.270031213760376,2.0250535011291504,0.9040405931563175,1.3403548998407995,6.173595905303955,1.4995485544204712,1.7136688232421875,1.173714016289872,0.2260458317438259,8.15377140045166,"{""loss"": 10.303579330444336, ""mape"": 10.303579330444336, ""mae"": 2.3057572841644287, ""val_loss"": 6.173595905303955, ""val_mape"": 6.173595905303955, ""val_mae"": 1.270031213760376, ""lr"": 0.00010000000474974513, ""val_mae12"": 2.0250535011291504, ""val_me"": 0.9040405931563175, ""val_me12"": 1.3403548998407995, ""mape_2021"": 8.15377140045166, ""mae_2021"": 1.4995485544204712, ""mae12_2021"": 1.7136688232421875, ""me_2021"": 1.173714016289872, ""me12_2021"": 0.2260458317438259, ""epochs_trained"": 795}",2026-07-05T16:09:13.247718,completed,90.2
5,MAPE,96,3,relu,1,128,0.0,3.92154598236084,0.7905683517456055,1.233754277229309,-0.25369060081368716,0.7716200969899367,3.92154598236084,0.87776118516922,0.9285337924957275,0.006404030362489089,-0.38169890657778754,4.954988956451416,"{""loss"": 3.518714189529419, ""mape"": 3.518714189529419, ""mae"": 0.7303608059883118, ""val_loss"": 3.92154598236084, ""val_mape"": 3.92154598236084, ""val_mae"": 0.7905683517456055, ""lr"": 0.00010000000474974513, ""val_mae12"": 1.233754277229309, ""val_me"": -0.25369060081368716, ""val_me12"": 0.7716200969899367, ""mape_2021"": 4.954988956451416, ""mae_2021"": 0.87776118516922, ""mae12_2021"": 0.9285337924957275, ""me_2021"": 0.006404030362489089, ""me12_2021"": -0.38169890657778754, ""epochs_trained"": 1439}",2026-07-05T16:09:25.395404,completed,155.6
5,MAPE,96,3,relu,2,16,0.1,5.227880954742432,1.0574928522109985,1.5659847259521484,0.7510408532584392,1.0153662788036186,5.227880954742432,1.363265872001648,1.2242741584777832,1.1721895594151308,-0.07629771504848708,7.094130039215088,"{""loss"": 13.301587104797363, ""mape"": 13.301587104797363, ""mae"": 3.080432176589966, ""val_loss"": 5.227880954742432, ""val_mape"": 5.227880954742432, ""val_mae"": 1.0574928522109985, ""lr"": 0.00010000000474974513, ""val_mae12"": 1.5659847259521484, ""val_me"": 0.7510408532584392, ""val_me12"": 1.0153662788036186, ""mape_2021"": 7.094130039215088, ""mae_2021"": 1.363265872001648, ""mae12_2021"": 1.2242741584777832, ""me_2021"": 1.1721895594151308, ""me12_2021"": -0.07629771504848708, ""epochs_trained"": 807}",2026-07-05T16:10:09.309676,completed,80.1
5,MAPE,96,3,relu,2,16,0.3,6.3021674156188965,1.239090085029602,1.4415805339813232,1.0587074136577843,1.0021623283713608,6.3021674156188965,1.6253730058670044,1.1646175384521484,1.5379961473170203,0.08251337456874769,9.317131996154785,"{""loss"": 21.033161163330078, ""mape"": 21.033161163330078, ""mae"": 4.973520755767822, ""val_loss"": 6.3021674156188965, ""val_mape"": 6.3021674156188965, ""val_mae"": 1.239090085029602, ""lr"": 0.00010000000474974513, ""val_mae12"": 1.4415805339813232, ""val_me"": 1.0587074136577843, ""val_me12"": 1.0021623283713608, ""mape_2021"": 9.317131996154785, ""mae_2021"": 1.6253730058670044, ""mae12_2021"": 1.1646175384521484, ""me_2021"": 1.5379961473170203, ""me12_2021"": 0.08251337456874769, ""epochs_trained"": 826}",2026-07-05T16:10:31.966247,completed,78.7
5,MAPE,96,3,relu,1,256,0.1,6.822272300720215,1.3894038200378418,1.6287257671356201,-0.09619714698653632,1.2529931628453816,6.822272300720215,1.6159719228744507,1.3810638189315796,0.3663887718782016,0.5742160023732918,8.880927085876465,"{""loss"": 8.216670989990234, ""mape"": 8.216670989990234, ""mae"": 1.7691822052001953, ""val_loss"": 6.822272300720215, ""val_mape"": 6.822272300720215, ""val_mae"": 1.3894038200378418, ""lr"": 1.0000000656873453e-05, ""val_mae12"": 1.6287257671356201, ""val_me"": -0.09619714698653632, ""val_me12"": 1.2529931628453816, ""mape_2021"": 8.880927085876465, ""mae_2021"": 1.6159719228744507, ""mae12_2021"": 1.3810638189315796, ""me_2021"": 0.3663887718782016, ""me12_2021"": 0.5742160023732918, ""epochs_trained"": 3887}",2026-07-05T16:12:45.898705,completed,337.1
5,MAPE,96,3,relu,1,256,0.05,4.791759490966797,0.9759100079536438,1.2067192792892456,-0.24346106777251422,0.8094287255761863,4.791759490966797,1.085706353187561,0.9731664657592773,0.11532658791819049,0.004686252644276677,5.9919209480285645,"{""loss"": 5.637922286987305, ""mape"": 5.637922286987305, ""mae"": 1.2003118991851807, ""val_loss"": 4.791759490966797, ""val_mape"": 4.791759490966797, ""val_mae"": 0.9759100079536438, ""lr"": 1.0000000656873453e-05, ""val_mae12"": 1.2067192792892456, ""val_me"": -0.24346106777251422, ""val_me12"": 0.8094287255761863, ""mape_2021"": 5.9919209480285645, ""mae_2021"": 1.085706353187561, ""mae12_2021"": 0.9731664657592773, ""me_2021"": 0.11532658791819049, ""me12_2021"": 0.004686252644276677, ""epochs_trained"": 4540}",2026-07-05T16:13:12.808492,completed,383.0
5,MAPE,96,3,relu,1,256,0.0,4.318997383117676,0.8478164076805115,1.6023284196853638,-0.21050174913268502,1.2537724523856182,4.318997383117676,0.9304559826850891,1.1298638582229614,0.09118377719382709,-0.17086985957450948,5.242969512939453,"{""loss"": 3.7298741340637207, ""mape"": 3.7298741340637207, ""mae"": 0.8221339583396912, ""val_loss"": 4.318997383117676, ""val_mape"": 4.318997383117676, ""val_mae"": 0.8478164076805115, ""lr"": 1.0000000656873453e-05, ""val_mae12"": 1.6023284196853638, ""val_me"": -0.21050174913268502, ""val_me12"": 1.2537724523856182, ""mape_2021"": 5.242969512939453, ""mae_2021"": 0.9304559826850891, ""mae12_2021"": 1.1298638582229614, ""me_2021"": 0.09118377719382709, ""me12_2021"": -0.17086985957450948, ""epochs_trained"": 5991}",2026-07-05T16:14:13.630749,completed,443.8
5,MAPE,96,3,relu,2,32,0.05,47.65163040161133,9.705731391906738,12.683798789978027,7.00571680096949,12.796850206196966,47.65163040161133,10.352499008178711,15.020695686340332,8.181834010190842,15.102915283964249,64.8615493774414,"{""loss"": 48.138179779052734, ""mape"": 48.138179779052734, ""mae"": 10.466623306274414, ""val_loss"": 47.65163040161133, ""val_mape"": 47.65163040161133, ""val_mae"": 9.705731391906738, ""lr"": 0.00010000000474974513, ""val_mae12"": 12.683798789978027, ""val_me"": 7.00571680096949, ""val_me12"": 12.796850206196966, ""mape_2021"": 64.8615493774414, ""mae_2021"": 10.352499008178711, ""mae12_2021"": 15.020695686340332, ""me_2021"": 8.181834010190842, ""me12_2021"": 15.102915283964249, ""epochs_trained"": 69}",2026-07-05T16:14:30.930771,completed,16.5
5,MAPE,96,3,relu,2,32,0.1,46.511009216308594,9.534425735473633,9.48936939239502,7.238528539160351,9.040036521097683,46.511009216308594,10.367544174194336,10.828014373779297,8.635842262480036,10.53052686677327,60.136985778808594,"{""loss"": 47.96278381347656, ""mape"": 47.96278381347656, ""mae"": 10.5409574508667, ""val_loss"": 46.511009216308594, ""val_mape"": 46.511009216308594, ""val_mae"": 9.534425735473633, ""lr"": 0.00010000000474974513, ""val_mae12"": 9.48936939239502, ""val_me"": 7.238528539160351, ""val_me12"": 9.040036521097683, ""mape_2021"": 60.136985778808594, ""mae_2021"": 10.367544174194336, ""mae12_2021"": 10.828014373779297, ""me_2021"": 8.635842262480036, ""me12_2021"": 10.53052686677327, ""epochs_trained"": 89}",2026-07-05T16:14:32.180995,completed,17.7
5,MAPE,96,3,relu,2,64,0.1,46.11839294433594,9.311657905578613,12.582097053527832,7.029429601405094,12.655689047394903,46.11839294433594,10.276104927062988,14.715167045593262,8.236229649260927,14.730853179244592,63.87974548339844,"{""loss"": 46.629825592041016, ""mape"": 46.629825592041016, ""mae"": 10.116541862487793, ""val_loss"": 46.11839294433594, ""val_mape"": 46.11839294433594, ""val_mae"": 9.311657905578613, ""lr"": 0.00010000000474974513, ""val_mae12"": 12.582097053527832, ""val_me"": 7.029429601405094, ""val_me12"": 12.655689047394903, ""mape_2021"": 63.87974548339844, ""mae_2021"": 10.276104927062988, ""mae12_2021"": 14.715167045593262, ""me_2021"": 8.236229649260927, ""me12_2021"": 14.730853179244592, ""epochs_trained"": 55}",2026-07-05T16:14:40.894645,completed,10.0
5,MAPE,96,3,relu,2,32,0.3,4.626609802246094,0.8000731468200684,2.1906960010528564,0.3163994094669572,2.0703664211569555,4.626609802246094,1.0308362245559692,1.2733306884765625,0.7254512665797622,0.8942634256168146,6.746166706085205,"{""loss"": 15.591673851013184, ""mape"": 15.591673851013184, ""mae"": 3.6075000762939453, ""val_loss"": 4.626609802246094, ""val_mape"": 4.626609802246094, ""val_mae"": 0.8000731468200684, ""lr"": 0.00010000000474974513, ""val_mae12"": 2.1906960010528564, ""val_me"": 0.3163994094669572, ""val_me12"": 2.0703664211569555, ""mape_2021"": 6.746166706085205, ""mae_2021"": 1.0308362245559692, ""mae12_2021"": 1.2733306884765625, ""me_2021"": 0.7254512665797622, ""me12_2021"": 0.8942634256168146, ""epochs_trained"": 665}",2026-07-05T16:15:11.509785,completed,57.0
5,MAPE,96,3,relu,2,64,0.05,3.846249580383301,0.6723937392234802,1.87055242061615,-0.16086609085641682,1.6191857275770725,3.846249580383301,0.7350271344184875,1.3031500577926636,0.19412999752849838,0.15290454614609975,4.522250175476074,"{""loss"": 5.7007269859313965, ""mape"": 5.7007269859313965, ""mae"": 1.2264177799224854, ""val_loss"": 3.846249580383301, ""val_mape"": 3.846249580383301, ""val_mae"": 0.6723937392234802, ""lr"": 0.00010000000474974513, ""val_mae12"": 1.87055242061615, ""val_me"": -0.16086609085641682, ""val_me12"": 1.6191857275770725, ""mape_2021"": 4.522250175476074, ""mae_2021"": 0.7350271344184875, ""mae12_2021"": 1.3031500577926636, ""me_2021"": 0.19412999752849838, ""me12_2021"": 0.15290454614609975, ""epochs_trained"": 701}",2026-07-05T16:15:13.676624,completed,59.2
5,MAPE,96,3,relu,2,64,0.0,3.9268033504486084,0.7619619965553284,1.2434427738189697,-0.3748788109943889,0.9674319298133411,3.9268033504486084,0.7352156043052673,0.9389639496803284,0.02390959938194553,-0.10663633795407697,4.437449932098389,"{""loss"": 3.2076950073242188, ""mape"": 3.2076950073242188, ""mae"": 0.6506728529930115, ""val_loss"": 3.9268033504486084, ""val_mape"": 3.9268033504486084, ""val_mae"": 0.7619619965553284, ""lr"": 0.00010000000474974513, ""val_mae12"": 1.2434427738189697, ""val_me"": -0.3748788109943889, ""val_me12"": 0.9674319298133411, ""mape_2021"": 4.437449932098389, ""mae_2021"": 0.7352156043052673, ""mae12_2021"": 0.9389639496803284, ""me_2021"": 0.02390959938194553, ""me12_2021"": -0.10663633795407697, ""epochs_trained"": 744}",2026-07-05T16:15:13.854646,completed,59.4
5,MAPE,96,3,relu,2,64,0.3,4.376138687133789,0.7628676891326904,2.210197925567627,0.05257383637790705,1.9637662296219365,4.376138687133789,0.9076713919639587,1.2875138521194458,0.4767402502502231,0.4610917476962611,5.635202407836914,"{""loss"": 11.938603401184082, ""mape"": 11.938603401184082, ""mae"": 2.735381603240967, ""val_loss"": 4.376138687133789, ""val_mape"": 4.376138687133789, ""val_mae"": 0.7628676891326904, ""lr"": 0.00010000000474974513, ""val_mae12"": 2.210197925567627, ""val_me"": 0.05257383637790705, ""val_me12"": 1.9637662296219365, ""mape_2021"": 5.635202407836914, ""mae_2021"": 0.9076713919639587, ""mae12_2021"": 1.2875138521194458, ""me_2021"": 0.4767402502502231, ""me12_2021"": 0.4610917476962611, ""epochs_trained"": 533}",2026-07-05T16:15:14.520432,completed,42.3
5,MAPE,96,3,relu,2,128,0.0,3.9935202598571777,0.7614126205444336,1.6670680046081543,-0.3892688530305828,1.3525990817451659,3.9935202598571777,0.7501324415206909,1.207228183746338,-0.055733116965910844,0.5986159591995505,4.5749711990356445,"{""loss"": 3.156733989715576, ""mape"": 3.156733989715576, ""mae"": 0.6415039300918579, ""val_loss"": 3.9935202598571777, ""val_mape"": 3.9935202598571777, ""val_mae"": 0.7614126205444336, ""lr"": 1.0000000656873453e-05, ""val_mae12"": 1.6670680046081543, ""val_me"": -0.3892688530305828, ""val_me12"": 1.3525990817451659, ""mape_2021"": 4.5749711990356445, ""mae_2021"": 0.7501324415206909, ""mae12_2021"": 1.207228183746338, ""me_2021"": -0.055733116965910844, ""me12_2021"": 0.5986159591995505, ""epochs_trained"": 555}",2026-07-05T16:15:28.433624,completed,47.5
5,MAPE,96,3,relu,2,128,0.1,4.58891487121582,0.807883620262146,2.6668317317962646,-0.17936351992217395,2.470994775648213,4.58891487121582,0.840314507484436,1.9252287149429321,0.08259623680138184,1.2733708683357798,5.801782608032227,"{""loss"": 6.621285438537598, ""mape"": 6.621285438537598, ""mae"": 1.417967677116394, ""val_loss"": 4.58891487121582, ""val_mape"": 4.58891487121582, ""val_mae"": 0.807883620262146, ""lr"": 0.00010000000474974513, ""val_mae12"": 2.6668317317962646, ""val_me"": -0.17936351992217395, ""val_me12"": 2.470994775648213, ""mape_2021"": 5.801782608032227, ""mae_2021"": 0.840314507484436, ""mae12_2021"": 1.9252287149429321, ""me_2021"": 0.08259623680138184, ""me12_2021"": 1.2733708683357798, ""epochs_trained"": 440}",2026-07-05T16:15:58.292055,completed,44.6
5,MAPE,96,3,relu,2,128,0.05,3.836225986480713,0.7224584817886353,1.7491366863250732,-0.1866012643856217,1.4468568600136853,3.836225986480713,0.7333893775939941,1.0496270656585693,0.13170438478636354,0.32244815923941844,4.360946178436279,"{""loss"": 5.129906177520752, ""mape"": 5.129906177520752, ""mae"": 1.0833576917648315, ""val_loss"": 3.836225986480713, ""val_mape"": 3.836225986480713, ""val_mae"": 0.7224584817886353, ""lr"": 0.00010000000474974513, ""val_mae12"": 1.7491366863250732, ""val_me"": -0.1866012643856217, ""val_me12"": 1.4468568600136853, ""mape_2021"": 4.360946178436279, ""mae_2021"": 0.7333893775939941, ""mae12_2021"": 1.0496270656585693, ""me_2021"": 0.13170438478636354, ""me12_2021"": 0.32244815923941844, ""epochs_trained"": 527}",2026-07-05T16:15:59.541916,completed,48.0
5,MAPE,96,3,relu,2,128,0.3,4.458868980407715,0.8448291420936584,2.3287878036499023,-0.04195860799350396,2.1096054962826734,4.458868980407715,0.8306620121002197,1.6860395669937134,0.32243939372432145,0.5129426521653981,5.026652812957764,"{""loss"": 9.432931900024414, ""mape"": 9.432931900024414, ""mae"": 2.1270999908447266, ""val_loss"": 4.458868980407715, ""val_mape"": 4.458868980407715, ""val_mae"": 0.8448291420936584, ""lr"": 0.00010000000474974513, ""val_mae12"": 2.3287878036499023, ""val_me"": -0.04195860799350396, ""val_me12"": 2.1096054962826734, ""mape_2021"": 5.026652812957764, ""mae_2021"": 0.8306620121002197, ""mae12_2021"": 1.6860395669937134, ""me_2021"": 0.32243939372432145, ""me12_2021"": 0.5129426521653981, ""epochs_trained"": 489}",2026-07-05T16:15:59.683122,completed,45.8
5,MAPE,96,3,relu,2,32,0.0,8.028745651245117,1.4596329927444458,3.5999269485473633,-0.12487107989564877,2.8085151657914524,8.028745651245117,1.5070353746414185,3.27128529548645,0.027996119781899368,2.1708300456361136,10.072259902954102,"{""loss"": 5.428400039672852, ""mape"": 5.428400039672852, ""mae"": 1.0893359184265137, ""val_loss"": 8.028745651245117, ""val_mape"": 8.028745651245117, ""val_mae"": 1.4596329927444458, ""lr"": 1.0000000656873453e-05, ""val_mae12"": 3.5999269485473633, ""val_me"": -0.12487107989564877, ""val_me12"": 2.8085151657914524, ""mape_2021"": 10.072259902954102, ""mae_2021"": 1.5070353746414185, ""mae12_2021"": 3.27128529548645, ""me_2021"": 0.027996119781899368, ""me12_2021"": 2.1708300456361136, ""epochs_trained"": 3493}",2026-07-05T16:17:04.681142,completed,170.2
6,MAPE,96,2,selu,2,32,0.3,94.8350830078125,20.03705406188965,10.281996726989746,20.409650207407054,10.31180850207274,94.8350830078125,20.572601318359375,13.44494342803955,18.95513145365553,13.551738281198734,95.97652435302734,"{""loss"": 85.25666809082031, ""mape"": 85.25666809082031, ""mae"": 21.49527931213379, ""val_loss"": 94.8350830078125, ""val_mape"": 94.8350830078125, ""val_mae"": 20.03705406188965, ""lr"": 0.00010000000474974513, ""val_mae12"": 10.281996726989746, ""val_me"": 20.409650207407054, ""val_me12"": 10.31180850207274, ""mape_2021"": 95.97652435302734, ""mae_2021"": 20.572601318359375, ""mae12_2021"": 13.44494342803955, ""me_2021"": 18.95513145365553, ""me12_2021"": 13.551738281198734, ""epochs_trained"": 36}",2026-07-05T16:17:18.894871,completed,13.4
6,MAPE,96,2,selu,2,64,0.05,52.9849967956543,12.19655990600586,8.235895156860352,8.324338912257605,8.131366196130317,52.9849967956543,10.0852689743042,11.580042839050293,8.623325321152306,11.602974299185314,58.84913635253906,"{""loss"": 39.65016174316406, ""mape"": 39.65016174316406, ""mae"": 8.786398887634277, ""val_loss"": 52.9849967956543, ""val_mape"": 52.9849967956543, ""val_mae"": 12.19655990600586, ""lr"": 0.00010000000474974513, ""val_mae12"": 8.235895156860352, ""val_me"": 8.324338912257605, ""val_me12"": 8.131366196130317, ""mape_2021"": 58.84913635253906, ""mae_2021"": 10.0852689743042, ""mae12_2021"": 11.580042839050293, ""me_2021"": 8.623325321152306, ""me12_2021"": 11.602974299185314, ""epochs_trained"": 57}",2026-07-05T16:17:19.813243,completed,14.4
6,MAPE,96,2,selu,2,32,0.05,54.24905776977539,12.047456741333008,6.963666915893555,8.379022698733447,6.5673881013266575,54.24905776977539,9.812392234802246,10.382591247558594,8.50262109562249,10.128146493030428,56.850364685058594,"{""loss"": 42.34839630126953, ""mape"": 42.34839630126953, ""mae"": 9.133371353149414, ""val_loss"": 54.24905776977539, ""val_mape"": 54.24905776977539, ""val_mae"": 12.047456741333008, ""lr"": 0.00010000000474974513, ""val_mae12"": 6.963666915893555, ""val_me"": 8.379022698733447, ""val_me12"": 6.5673881013266575, ""mape_2021"": 56.850364685058594, ""mae_2021"": 9.812392234802246, ""mae12_2021"": 10.382591247558594, ""me_2021"": 8.50262109562249, ""me12_2021"": 10.128146493030428, ""epochs_trained"": 85}",2026-07-05T16:17:20.972433,completed,15.5
6,MAPE,96,2,selu,2,32,0.1,61.72724151611328,13.772820472717285,11.698902130126953,7.250006099585521,11.736764334949124,61.72724151611328,9.659688949584961,15.78614330291748,7.45242089721837,15.90123817571176,61.19892883300781,"{""loss"": 45.1761360168457, ""mape"": 45.1761360168457, ""mae"": 9.808674812316895, ""val_loss"": 61.72724151611328, ""val_mape"": 61.72724151611328, ""val_mae"": 13.772820472717285, ""lr"": 0.00010000000474974513, ""val_mae12"": 11.698902130126953, ""val_me"": 7.250006099585521, ""val_me12"": 11.736764334949124, ""mape_2021"": 61.19892883300781, ""mae_2021"": 9.659688949584961, ""mae12_2021"": 15.78614330291748, ""me_2021"": 7.45242089721837, ""me12_2021"": 15.90123817571176, ""epochs_trained"": 86}",2026-07-05T16:17:21.074955,completed,15.6
6,MAPE,96,2,selu,2,64,0.3,99.47625732421875,21.021034240722656,6.632920265197754,22.49094917689486,6.374216185525983,99.47625732421875,21.976776123046875,9.817276000976562,20.924274382032976,9.745213792537708,98.70361328125,"{""loss"": 86.27401733398438, ""mape"": 86.27401733398438, ""mae"": 21.836214065551758, ""val_loss"": 99.47625732421875, ""val_mape"": 99.47625732421875, ""val_mae"": 21.021034240722656, ""lr"": 0.00010000000474974513, ""val_mae12"": 6.632920265197754, ""val_me"": 22.49094917689486, ""val_me12"": 6.374216185525983, ""mape_2021"": 98.70361328125, ""mae_2021"": 21.976776123046875, ""mae12_2021"": 9.817276000976562, ""me_2021"": 20.924274382032976, ""me12_2021"": 9.745213792537708, ""epochs_trained"": 30}",2026-07-05T16:17:27.386353,completed,7.6
6,MAPE,96,2,selu,2,64,0.1,66.83344268798828,15.459817886352539,11.320056915283203,7.866877417518594,11.356210157553587,66.83344268798828,10.004426002502441,15.250137329101562,7.9594925186309124,15.356061839652895,62.415863037109375,"{""loss"": 43.32724380493164, ""mape"": 43.32724380493164, ""mae"": 9.39256763458252, ""val_loss"": 66.83344268798828, ""val_mape"": 66.83344268798828, ""val_mae"": 15.459817886352539, ""lr"": 0.00010000000474974513, ""val_mae12"": 11.320056915283203, ""val_me"": 7.866877417518594, ""val_me12"": 11.356210157553587, ""mape_2021"": 62.415863037109375, ""mae_2021"": 10.004426002502441, ""mae12_2021"": 15.250137329101562, ""me_2021"": 7.9594925186309124, ""me12_2021"": 15.356061839652895, ""epochs_trained"": 57}",2026-07-05T16:17:27.963437,completed,9.1
6,MAPE,96,2,selu,2,128,0.1,47.96333312988281,11.665787696838379,9.15766716003418,5.675925104877541,9.187355422290434,47.96333312988281,8.090749740600586,11.176542282104492,5.613542118068521,11.234978694864505,47.86276626586914,"{""loss"": 30.401960372924805, ""mape"": 30.401960372924805, ""mae"": 6.692788124084473, ""val_loss"": 47.96333312988281, ""val_mape"": 47.96333312988281, ""val_mae"": 11.665787696838379, ""lr"": 0.00010000000474974513, ""val_mae12"": 9.15766716003418, ""val_me"": 5.675925104877541, ""val_me12"": 9.187355422290434, ""mape_2021"": 47.86276626586914, ""mae_2021"": 8.090749740600586, ""mae12_2021"": 11.176542282104492, ""me_2021"": 5.613542118068521, ""me12_2021"": 11.234978694864505, ""epochs_trained"": 58}",2026-07-05T16:17:41.483024,completed,14.1
6,MAPE,96,2,selu,2,128,0.3,149.02589416503906,34.62691879272461,30.578216552734375,3.579177804203713,30.63539027837526,149.02589416503906,11.420501708984375,37.307151794433594,3.0398651087206594,37.47261338237652,93.15089416503906,"{""loss"": 46.626529693603516, ""mape"": 46.626529693603516, ""mae"": 9.997172355651855, ""val_loss"": 149.02589416503906, ""val_mape"": 149.02589416503906, ""val_mae"": 34.62691879272461, ""lr"": 0.00010000000474974513, ""val_mae12"": 30.578216552734375, ""val_me"": 3.579177804203713, ""val_me12"": 30.63539027837526, ""mape_2021"": 93.15089416503906, ""mae_2021"": 11.420501708984375, ""mae12_2021"": 37.307151794433594, ""me_2021"": 3.0398651087206594, ""me12_2021"": 37.47261338237652, ""epochs_trained"": 55}",2026-07-05T16:17:41.703057,completed,13.7
6,MAPE,96,2,selu,2,128,0.05,20.759769439697266,4.700081825256348,1.9437024593353271,-2.713772062568813,1.8957856246741778,20.759769439697266,4.384908676147461,1.658057689666748,-3.0430212103743313,0.5367989014583654,19.668405532836914,"{""loss"": 10.44778823852539, ""mape"": 10.44778823852539, ""mae"": 2.374508857727051, ""val_loss"": 20.759769439697266, ""val_mape"": 20.759769439697266, ""val_mae"": 4.700081825256348, ""lr"": 0.00010000000474974513, ""val_mae12"": 1.9437024593353271, ""val_me"": -2.713772062568813, ""val_me12"": 1.8957856246741778, ""mape_2021"": 19.668405532836914, ""mae_2021"": 4.384908676147461, ""mae12_2021"": 1.658057689666748, ""me_2021"": -3.0430212103743313, ""me12_2021"": 0.5367989014583654, ""epochs_trained"": 181}",2026-07-05T16:17:42.876001,completed,21.8
6,MAPE,96,2,selu,2,128,0.0,3.9418678283691406,0.7830848693847656,0.920870840549469,0.1930108541437273,0.3853734024862711,3.9418678283691406,0.7582626342773438,0.7893096208572388,0.19307234022605793,-0.23575668569951758,4.160970211029053,"{""loss"": 3.0809195041656494, ""mape"": 3.0809195041656494, ""mae"": 0.629461407661438, ""val_loss"": 3.9418678283691406, ""val_mape"": 3.9418678283691406, ""val_mae"": 0.7830848693847656, ""lr"": 1.0000000656873453e-05, ""val_mae12"": 0.920870840549469, ""val_me"": 0.1930108541437273, ""val_me12"": 0.3853734024862711, ""mape_2021"": 4.160970211029053, ""mae_2021"": 0.7582626342773438, ""mae12_2021"": 0.7893096208572388, ""me_2021"": 0.19307234022605793, ""me12_2021"": -0.23575668569951758, ""epochs_trained"": 494}",2026-07-05T16:17:56.885261,completed,35.9
6,MAPE,96,2,selu,2,64,0.0,3.7654809951782227,0.7307738661766052,0.9406249523162842,0.11199687371866086,0.3877955404777857,3.7654809951782227,0.7155620455741882,0.8913978338241577,0.13678957651591678,-0.283286866819081,4.069768905639648,"{""loss"": 2.979199171066284, ""mape"": 2.979199171066284, ""mae"": 0.5981717109680176, ""val_loss"": 3.7654809951782227, ""val_mape"": 3.7654809951782227, ""val_mae"": 0.7307738661766052, ""lr"": 1.0000000656873453e-05, ""val_mae12"": 0.9406249523162842, ""val_me"": 0.11199687371866086, ""val_me12"": 0.3877955404777857, ""mape_2021"": 4.069768905639648, ""mae_2021"": 0.7155620455741882, ""mae12_2021"": 0.8913978338241577, ""me_2021"": 0.13678957651591678, ""me12_2021"": -0.283286866819081, ""epochs_trained"": 1041}",2026-07-05T16:18:08.615500,completed,63.2
6,MAPE,96,2,selu,2,32,0.0,4.490887641906738,0.9011839628219604,0.965688943862915,0.2801929608836721,0.379517726520519,4.490887641906738,0.7829580307006836,0.7952529191970825,0.21907473738924735,-0.21365977356438895,4.2491230964660645,"{""loss"": 3.2139463424682617, ""mape"": 3.2139463424682617, ""mae"": 0.6595909595489502, ""val_loss"": 4.490887641906738, ""val_mape"": 4.490887641906738, ""val_mae"": 0.9011839628219604, ""lr"": 1.0000000656873453e-05, ""val_mae12"": 0.965688943862915, ""val_me"": 0.2801929608836721, ""val_me12"": 0.379517726520519, ""mape_2021"": 4.2491230964660645, ""mae_2021"": 0.7829580307006836, ""mae12_2021"": 0.7952529191970825, ""me_2021"": 0.21907473738924735, ""me12_2021"": -0.21365977356438895, ""epochs_trained"": 1074}",2026-07-05T16:18:09.320008,completed,63.9
6,MAPE,96,2,selu,2,256,0.3,163.936279296875,38.26588439941406,23.235950469970703,4.603766965596816,23.289610571363564,163.936279296875,10.702264785766602,27.939573287963867,4.253375777231301,28.055689329608235,77.75834655761719,"{""loss"": 41.201141357421875, ""mape"": 41.201141357421875, ""mae"": 8.936426162719727, ""val_loss"": 163.936279296875, ""val_mape"": 163.936279296875, ""val_mae"": 38.26588439941406, ""lr"": 0.00010000000474974513, ""val_mae12"": 23.235950469970703, ""val_me"": 4.603766965596816, ""val_me12"": 23.289610571363564, ""mape_2021"": 77.75834655761719, ""mae_2021"": 10.702264785766602, ""mae12_2021"": 27.939573287963867, ""me_2021"": 4.253375777231301, ""me12_2021"": 28.055689329608235, ""epochs_trained"": 46}",2026-07-05T16:18:33.108847,completed,23.0
6,MAPE,96,2,selu,2,256,0.05,33.27047348022461,7.376554489135742,3.33664870262146,3.365823791636775,-1.056389710772941,33.27047348022461,6.007302761077881,5.2555131912231445,3.5859739518544713,-4.042026422953241,31.83803939819336,"{""loss"": 20.972949981689453, ""mape"": 20.972949981689453, ""mae"": 4.483994960784912, ""val_loss"": 33.27047348022461, ""val_mape"": 33.27047348022461, ""val_mae"": 7.376554489135742, ""lr"": 0.00010000000474974513, ""val_mae12"": 3.33664870262146, ""val_me"": 3.365823791636775, ""val_me12"": -1.056389710772941, ""mape_2021"": 31.83803939819336, ""mae_2021"": 6.007302761077881, ""mae12_2021"": 5.2555131912231445, ""me_2021"": 3.5859739518544713, ""me12_2021"": -4.042026422953241, ""epochs_trained"": 53}",2026-07-05T16:18:33.397353,completed,23.3
6,MAPE,96,2,selu,2,256,0.1,51.04384231567383,11.818777084350586,4.848571300506592,-0.7726631910553183,4.000463294190595,51.04384231567383,7.581057071685791,3.715273141860962,-0.48584778735567485,1.5756164300591353,34.67805862426758,"{""loss"": 23.307544708251953, ""mape"": 23.307544708251953, ""mae"": 5.036747932434082, ""val_loss"": 51.04384231567383, ""val_mape"": 51.04384231567383, ""val_mae"": 11.818777084350586, ""lr"": 0.00010000000474974513, ""val_mae12"": 4.848571300506592, ""val_me"": -0.7726631910553183, ""val_me12"": 4.000463294190595, ""mape_2021"": 34.67805862426758, ""mae_2021"": 7.581057071685791, ""mae12_2021"": 3.715273141860962, ""me_2021"": -0.48584778735567485, ""me12_2021"": 1.5756164300591353, ""epochs_trained"": 57}",2026-07-05T16:18:33.864733,completed,23.8
6,MAPE,96,2,selu,3,16,0.05,45.73252487182617,10.198478698730469,7.404956340789795,6.598605052113128,7.430872942243482,45.73252487182617,7.689144611358643,10.441141128540039,6.4059139180776015,10.529609237813899,47.396095275878906,"{""loss"": 36.94747543334961, ""mape"": 36.94747543334961, ""mae"": 8.11168098449707, ""val_loss"": 45.73252487182617, ""val_mape"": 45.73252487182617, ""val_mae"": 10.198478698730469, ""lr"": 0.00010000000474974513, ""val_mae12"": 7.404956340789795, ""val_me"": 6.598605052113128, ""val_me12"": 7.430872942243482, ""mape_2021"": 47.396095275878906, ""mae_2021"": 7.689144611358643, ""mae12_2021"": 10.441141128540039, ""me_2021"": 6.4059139180776015, ""me12_2021"": 10.529609237813899, ""epochs_trained"": 112}",2026-07-05T16:18:36.474284,completed,26.4
6,MAPE,96,2,selu,3,16,0.3,99.1575698852539,21.665700912475586,7.984755039215088,20.3988636204464,8.009995352456855,99.1575698852539,20.196077346801758,10.941476821899414,18.961774067652346,11.033004172680064,91.49340057373047,"{""loss"": 89.50128173828125, ""mape"": 89.50128173828125, ""mae"": 22.560001373291016, ""val_loss"": 99.1575698852539, ""val_mape"": 99.1575698852539, ""val_mae"": 21.665700912475586, ""lr"": 0.00010000000474974513, ""val_mae12"": 7.984755039215088, ""val_me"": 20.3988636204464, ""val_me12"": 8.009995352456855, ""mape_2021"": 91.49340057373047, ""mae_2021"": 20.196077346801758, ""mae12_2021"": 10.941476821899414, ""me_2021"": 18.961774067652346, ""me12_2021"": 11.033004172680064, ""epochs_trained"": 57}",2026-07-05T16:18:43.569134,completed,10.2
6,MAPE,96,2,selu,3,16,0.1,54.660865783691406,12.481937408447266,12.35117244720459,4.636520884114878,12.378078398468704,54.660865783691406,7.27009391784668,15.392313957214355,4.643252947139325,15.479850710799909,49.176551818847656,"{""loss"": 40.61695861816406, ""mape"": 40.61695861816406, ""mae"": 9.218375205993652, ""val_loss"": 54.660865783691406, ""val_mape"": 54.660865783691406, ""val_mae"": 12.481937408447266, ""lr"": 0.00010000000474974513, ""val_mae12"": 12.35117244720459, ""val_me"": 4.636520884114878, ""val_me12"": 12.378078398468704, ""mape_2021"": 49.176551818847656, ""mae_2021"": 7.27009391784668, ""mae12_2021"": 15.392313957214355, ""me_2021"": 4.643252947139325, ""me12_2021"": 15.479850710799909, ""epochs_trained"": 124}",2026-07-05T16:18:47.424479,completed,14.3
6,MAPE,96,2,selu,3,32,0.05,50.37375259399414,11.675161361694336,10.149237632751465,6.197360705173376,10.178827651276881,50.37375259399414,7.565202713012695,13.333738327026367,5.788612353818448,13.424947907785084,49.34518814086914,"{""loss"": 35.44053268432617, ""mape"": 35.44053268432617, ""mae"": 7.74560546875, ""val_loss"": 50.37375259399414, ""val_mape"": 50.37375259399414, ""val_mae"": 11.675161361694336, ""lr"": 0.00010000000474974513, ""val_mae12"": 10.149237632751465, ""val_me"": 6.197360705173376, ""val_me12"": 10.178827651276881, ""mape_2021"": 49.34518814086914, ""mae_2021"": 7.565202713012695, ""mae12_2021"": 13.333738327026367, ""me_2021"": 5.788612353818448, ""me12_2021"": 13.424947907785084, ""epochs_trained"": 71}",2026-07-05T16:18:48.337961,completed,11.9
6,MAPE,96,2,selu,3,32,0.1,72.35945892333984,17.487991333007812,14.127544403076172,5.432269722040889,14.16132111077328,72.35945892333984,8.478145599365234,17.548734664916992,5.333672159841914,17.645734402022487,56.63335418701172,"{""loss"": 40.779052734375, ""mape"": 40.779052734375, ""mae"": 9.122936248779297, ""val_loss"": 72.35945892333984, ""val_mape"": 72.35945892333984, ""val_mae"": 17.487991333007812, ""lr"": 0.00010000000474974513, ""val_mae12"": 14.127544403076172, ""val_me"": 5.432269722040889, ""val_me12"": 14.16132111077328, ""mape_2021"": 56.63335418701172, ""mae_2021"": 8.478145599365234, ""mae12_2021"": 17.548734664916992, ""me_2021"": 5.333672159841914, ""me12_2021"": 17.645734402022487, ""epochs_trained"": 70}",2026-07-05T16:18:54.674257,completed,11.1
6,MAPE,96,2,selu,3,32,0.3,96.62769317626953,20.477874755859375,9.825054168701172,20.481732872530433,9.851664435098456,96.62769317626953,20.611373901367188,12.44390869140625,18.953136102582594,12.525321615220832,93.09837341308594,"{""loss"": 85.82051849365234, ""mape"": 85.82051849365234, ""mae"": 21.906858444213867, ""val_loss"": 96.62769317626953, ""val_mape"": 96.62769317626953, ""val_mae"": 20.477874755859375, ""lr"": 0.00010000000474974513, ""val_mae12"": 9.825054168701172, ""val_me"": 20.481732872530433, ""val_me12"": 9.851664435098456, ""mape_2021"": 93.09837341308594, ""mae_2021"": 20.611373901367188, ""mae12_2021"": 12.44390869140625, ""me_2021"": 18.953136102582594, ""me12_2021"": 12.525321615220832, ""epochs_trained"": 38}",2026-07-05T16:18:56.085191,completed,8.7
6,MAPE,96,2,selu,2,256,0.0,3.797619104385376,0.746464729309082,0.8955776691436768,0.1639893730502941,0.3513204952932641,3.797619104385376,0.7320364117622375,0.7419072389602661,0.19374504921252647,-0.20779088744984242,4.058281898498535,"{""loss"": 2.975905179977417, ""mape"": 2.975905179977417, ""mae"": 0.6046961545944214, ""val_loss"": 3.797619104385376, ""val_mape"": 3.797619104385376, ""val_mae"": 0.746464729309082, ""lr"": 1.0000000656873453e-05, ""val_mae12"": 0.8955776691436768, ""val_me"": 0.1639893730502941, ""val_me12"": 0.3513204952932641, ""mape_2021"": 4.058281898498535, ""mae_2021"": 0.7320364117622375, ""mae12_2021"": 0.7419072389602661, ""me_2021"": 0.19374504921252647, ""me12_2021"": -0.20779088744984242, ""epochs_trained"": 411}",2026-07-05T16:18:57.792524,completed,47.7
6,MAPE,96,2,selu,3,32,0.0,3.5954511165618896,0.7045803070068359,0.913752555847168,0.09448690395327147,0.4264323978444568,3.5954511165618896,0.6869499683380127,0.8378189206123352,0.13608778335941987,-0.30891429620920013,3.9717612266540527,"{""loss"": 2.9502365589141846, ""mape"": 2.9502365589141846, ""mae"": 0.593062698841095, ""val_loss"": 3.5954511165618896, ""val_mape"": 3.5954511165618896, ""val_mae"": 0.7045803070068359, ""lr"": 1.0000000656873453e-05, ""val_mae12"": 0.913752555847168, ""val_me"": 0.09448690395327147, ""val_me12"": 0.4264323978444568, ""mape_2021"": 3.9717612266540527, ""mae_2021"": 0.6869499683380127, ""mae12_2021"": 0.8378189206123352, ""me_2021"": 0.13608778335941987, ""me12_2021"": -0.30891429620920013, ""epochs_trained"": 483}",2026-07-05T16:19:03.625479,completed,29.8
6,MAPE,96,2,selu,3,16,0.0,3.88224196434021,0.7674874663352966,0.8983795642852783,0.1386029435826072,0.2608208634202795,3.88224196434021,0.7390981316566467,1.0249483585357666,0.17431735474915766,-0.5677217733020534,4.413756847381592,"{""loss"": 3.1073529720306396, ""mape"": 3.1073529720306396, ""mae"": 0.6250743865966797, ""val_loss"": 3.88224196434021, ""val_mape"": 3.88224196434021, ""val_mae"": 0.7674874663352966, ""lr"": 0.00010000000474974513, ""val_mae12"": 0.8983795642852783, ""val_me"": 0.1386029435826072, ""val_me12"": 0.2608208634202795, ""mape_2021"": 4.413756847381592, ""mae_2021"": 0.7390981316566467, ""mae12_2021"": 1.0249483585357666, ""me_2021"": 0.17431735474915766, ""me12_2021"": -0.5677217733020534, ""epochs_trained"": 708}",2026-07-05T16:19:04.864305,completed,54.8
6,MAPE,96,2,selu,3,64,0.3,127.11365509033203,24.32343101501465,4.768771171569824,23.152961696986598,4.405211098378396,127.11365509033203,22.24455451965332,6.898993968963623,21.523614039075216,6.7166715498694165,95.06056213378906,"{""loss"": 85.64508819580078, ""mape"": 85.64508819580078, ""mae"": 21.887231826782227, ""val_loss"": 127.11365509033203, ""val_mape"": 127.11365509033203, ""val_mae"": 24.32343101501465, ""lr"": 0.00010000000474974513, ""val_mae12"": 4.768771171569824, ""val_me"": 23.152961696986598, ""val_me12"": 4.405211098378396, ""mape_2021"": 95.06056213378906, ""mae_2021"": 22.24455451965332, ""mae12_2021"": 6.898993968963623, ""me_2021"": 21.523614039075216, ""me12_2021"": 6.7166715498694165, ""epochs_trained"": 31}",2026-07-05T16:19:24.099188,completed,18.4
6,MAPE,96,2,selu,3,64,0.05,45.557373046875,10.465107917785645,8.832048416137695,7.368653325957704,8.85198821298468,45.557373046875,8.541058540344238,12.032493591308594,7.0016105762185274,12.120934512034118,52.897640228271484,"{""loss"": 32.95064926147461, ""mape"": 32.95064926147461, ""mae"": 7.1206536293029785, ""val_loss"": 45.557373046875, ""val_mape"": 45.557373046875, ""val_mae"": 10.465107917785645, ""lr"": 0.00010000000474974513, ""val_mae12"": 8.832048416137695, ""val_me"": 7.368653325957704, ""val_me12"": 8.85198821298468, ""mape_2021"": 52.897640228271484, ""mae_2021"": 8.541058540344238, ""mae12_2021"": 12.032493591308594, ""me_2021"": 7.0016105762185274, ""me12_2021"": 12.120934512034118, ""epochs_trained"": 51}",2026-07-05T16:19:25.586774,completed,19.9
6,MAPE,96,2,selu,3,64,0.1,66.67250061035156,16.172359466552734,13.415095329284668,5.389924266803742,13.450289995745475,66.67250061035156,7.889749050140381,16.65687370300293,4.954145192075592,16.74467382523037,53.32799530029297,"{""loss"": 34.957637786865234, ""mape"": 34.957637786865234, ""mae"": 7.706172466278076, ""val_loss"": 66.67250061035156, ""val_mape"": 66.67250061035156, ""val_mae"": 16.172359466552734, ""lr"": 0.00010000000474974513, ""val_mae12"": 13.415095329284668, ""val_me"": 5.389924266803742, ""val_me12"": 13.450289995745475, ""mape_2021"": 53.32799530029297, ""mae_2021"": 7.889749050140381, ""mae12_2021"": 16.65687370300293, ""me_2021"": 4.954145192075592, ""me12_2021"": 16.74467382523037, ""epochs_trained"": 56}",2026-07-05T16:19:26.050950,completed,20.4
6,MAPE,96,2,selu,3,128,0.05,28.21854019165039,6.34628438949585,3.22859525680542,-3.9485977976738247,3.225573335658362,28.21854019165039,5.800685405731201,2.3211758136749268,-4.440797550170855,2.142487578075853,26.285085678100586,"{""loss"": 12.050674438476562, ""mape"": 12.050674438476562, ""mae"": 2.653759717941284, ""val_loss"": 28.21854019165039, ""val_mape"": 28.21854019165039, ""val_mae"": 6.34628438949585, ""lr"": 0.00010000000474974513, ""val_mae12"": 3.22859525680542, ""val_me"": -3.9485977976738247, ""val_me12"": 3.225573335658362, ""mape_2021"": 26.285085678100586, ""mae_2021"": 5.800685405731201, ""mae12_2021"": 2.3211758136749268, ""me_2021"": -4.440797550170855, ""me12_2021"": 2.142487578075853, ""epochs_trained"": 106}",2026-07-05T16:19:29.394773,completed,23.7
6,MAPE,96,2,selu,3,128,0.3,107.0248794555664,17.31831932067871,4.663016319274902,23.496075301371175,4.084959334556657,107.0248794555664,22.536954879760742,6.877142429351807,21.84317245837751,6.602453882201463,97.25090026855469,"{""loss"": 80.45687103271484, ""mape"": 80.45687103271484, ""mae"": 20.152273178100586, ""val_loss"": 107.0248794555664, ""val_mape"": 107.0248794555664, ""val_mae"": 17.31831932067871, ""lr"": 0.00010000000474974513, ""val_mae12"": 4.663016319274902, ""val_me"": 23.496075301371175, ""val_me12"": 4.084959334556657, ""mape_2021"": 97.25090026855469, ""mae_2021"": 22.536954879760742, ""mae12_2021"": 6.877142429351807, ""me_2021"": 21.84317245837751, ""me12_2021"": 6.602453882201463, ""epochs_trained"": 28}",2026-07-05T16:19:39.784711,completed,14.2
6,MAPE,96,2,selu,3,128,0.1,47.33552551269531,11.733460426330566,6.988158226013184,-4.516133570573215,6.990857319617849,47.33552551269531,8.717206954956055,6.969277858734131,-3.5172975966421802,6.983712478074271,41.396419525146484,"{""loss"": 20.346519470214844, ""mape"": 20.346519470214844, ""mae"": 4.346678733825684, ""val_loss"": 47.33552551269531, ""val_mape"": 47.33552551269531, ""val_mae"": 11.733460426330566, ""lr"": 0.00010000000474974513, ""val_mae12"": 6.988158226013184, ""val_me"": -4.516133570573215, ""val_me12"": 6.990857319617849, ""mape_2021"": 41.396419525146484, ""mae_2021"": 8.717206954956055, ""mae12_2021"": 6.969277858734131, ""me_2021"": -3.5172975966421802, ""me12_2021"": 6.983712478074271, ""epochs_trained"": 58}",2026-07-05T16:19:42.862181,completed,18.7
6,MAPE,96,2,selu,3,128,0.0,3.971501588821411,0.8046813011169434,0.9081016182899475,0.13199314003404158,0.3935829736263073,3.971501588821411,0.7019762992858887,0.7891305685043335,0.15278945675799022,-0.2860330831165066,3.928941011428833,"{""loss"": 3.1504967212677, ""mape"": 3.1504967212677, ""mae"": 0.6389171481132507, ""val_loss"": 3.971501588821411, ""val_mape"": 3.971501588821411, ""val_mae"": 0.8046813011169434, ""lr"": 0.00010000000474974513, ""val_mae12"": 0.9081016182899475, ""val_me"": 0.13199314003404158, ""val_me12"": 0.3935829736263073, ""mape_2021"": 3.928941011428833, ""mae_2021"": 0.7019762992858887, ""mae12_2021"": 0.7891305685043335, ""me_2021"": 0.15278945675799022, ""me12_2021"": -0.2860330831165066, ""epochs_trained"": 347}",2026-07-05T16:20:07.312090,completed,61.7
6,MAPE,96,2,selu,3,256,0.0,3.944309711456299,0.7973541617393494,0.8499534726142883,0.09485303652170145,0.33983045418025515,3.944309711456299,0.7191070914268494,0.9345311522483826,0.1624692108194115,-0.4469734552946307,4.25889778137207,"{""loss"": 3.385948896408081, ""mape"": 3.385948896408081, ""mae"": 0.6902176141738892, ""val_loss"": 3.944309711456299, ""val_mape"": 3.944309711456299, ""val_mae"": 0.7973541617393494, ""lr"": 0.00010000000474974513, ""val_mae12"": 0.8499534726142883, ""val_me"": 0.09485303652170145, ""val_me12"": 0.33983045418025515, ""mape_2021"": 4.25889778137207, ""mae_2021"": 0.7191070914268494, ""mae12_2021"": 0.9345311522483826, ""me_2021"": 0.1624692108194115, ""me12_2021"": -0.4469734552946307, ""epochs_trained"": 162}",2026-07-05T16:20:07.511602,completed,41.5
6,MAPE,96,2,selu,3,256,0.1,57.83990478515625,13.87237548828125,5.453006744384766,-5.559939611469042,4.091315881582778,57.83990478515625,9.261870384216309,4.764007091522217,-5.1922056426715635,0.8967610389433579,43.537296295166016,"{""loss"": 19.062149047851562, ""mape"": 19.062149047851562, ""mae"": 3.9945738315582275, ""val_loss"": 57.83990478515625, ""val_mape"": 57.83990478515625, ""val_mae"": 13.87237548828125, ""lr"": 0.00010000000474974513, ""val_mae12"": 5.453006744384766, ""val_me"": -5.559939611469042, ""val_me12"": 4.091315881582778, ""mape_2021"": 43.537296295166016, ""mae_2021"": 9.261870384216309, ""mae12_2021"": 4.764007091522217, ""me_2021"": -5.1922056426715635, ""me12_2021"": 0.8967610389433579, ""epochs_trained"": 47}",2026-07-05T16:20:08.017774,completed,28.2
6,MAPE,96,2,selu,3,256,0.3,285.5330505371094,66.0748062133789,30.02544593811035,9.718503094339065,30.071188884113013,285.5330505371094,18.01591682434082,34.31304168701172,8.200857267289855,34.42847581178343,111.40689086914062,"{""loss"": 38.41315460205078, ""mape"": 38.41315460205078, ""mae"": 8.29118537902832, ""val_loss"": 285.5330505371094, ""val_mape"": 285.5330505371094, ""val_mae"": 66.0748062133789, ""lr"": 0.00010000000474974513, ""val_mae12"": 30.02544593811035, ""val_me"": 9.718503094339065, ""val_me12"": 30.071188884113013, ""mape_2021"": 111.40689086914062, ""mae_2021"": 18.01591682434082, ""mae12_2021"": 34.31304168701172, ""me_2021"": 8.200857267289855, ""me12_2021"": 34.42847581178343, ""epochs_trained"": 36}",2026-07-05T16:20:08.329449,completed,25.5
6,MAPE,96,2,selu,3,64,0.0,3.778714895248413,0.7508581876754761,0.8807742595672607,0.16619872837369706,0.2600441016909496,3.778714895248413,0.6998834013938904,0.7913984060287476,0.16102638603113797,-0.3857827538771436,3.9611008167266846,"{""loss"": 2.8686039447784424, ""mape"": 2.8686039447784424, ""mae"": 0.5842241048812866, ""val_loss"": 3.778714895248413, ""val_mape"": 3.778714895248413, ""val_mae"": 0.7508581876754761, ""lr"": 0.00010000000474974513, ""val_mae12"": 0.8807742595672607, ""val_me"": 0.16619872837369706, ""val_me12"": 0.2600441016909496, ""mape_2021"": 3.9611008167266846, ""mae_2021"": 0.6998834013938904, ""mae12_2021"": 0.7913984060287476, ""me_2021"": 0.16102638603113797, ""me12_2021"": -0.3857827538771436, ""epochs_trained"": 571}",2026-07-05T16:20:14.819917,completed,69.2
6,MAPE,96,2,selu,3,256,0.05,24.846914291381836,5.63963508605957,2.554464817047119,-4.239740927404887,2.55144241306152,24.846914291381836,4.933525085449219,1.9073549509048462,-4.341470382982405,1.4205783210185576,21.932161331176758,"{""loss"": 9.509910583496094, ""mape"": 9.509910583496094, ""mae"": 2.0364880561828613, ""val_loss"": 24.846914291381836, ""val_mape"": 24.846914291381836, ""val_mae"": 5.63963508605957, ""lr"": 0.00010000000474974513, ""val_mae12"": 2.554464817047119, ""val_me"": -4.239740927404887, ""val_me12"": 2.55144241306152, ""mape_2021"": 21.932161331176758, ""mae_2021"": 4.933525085449219, ""mae12_2021"": 1.9073549509048462, ""me_2021"": -4.341470382982405, ""me12_2021"": 1.4205783210185576, ""epochs_trained"": 85}",2026-07-05T16:20:20.146043,completed,50.7
6,MAPE,96,3,relu,1,16,0.0,13.962349891662598,3.3308448791503906,1.1659084558486938,1.4540892276900546,0.5282041917818142,13.962349891662598,4.307343006134033,1.205335021018982,3.522098426520229,-0.8282571062627164,18.356664657592773,"{""loss"": 15.116029739379883, ""mape"": 15.116029739379883, ""mae"": 3.8046445846557617, ""val_loss"": 13.962349891662598, ""val_mape"": 13.962349891662598, ""val_mae"": 3.3308448791503906, ""lr"": 0.00010000000474974513, ""val_mae12"": 1.1659084558486938, ""val_me"": 1.4540892276900546, ""val_me12"": 0.5282041917818142, ""mape_2021"": 18.356664657592773, ""mae_2021"": 4.307343006134033, ""mae12_2021"": 1.205335021018982, ""me_2021"": 3.522098426520229, ""me12_2021"": -0.8282571062627164, ""epochs_trained"": 1403}",2026-07-05T16:21:35.419187,completed,74.4
6,MAPE,96,3,relu,1,32,0.05,3.7459728717803955,0.7074809670448303,1.3698475360870361,-0.08222878271543577,0.9269961194140918,3.7459728717803955,0.8348926305770874,1.0991945266723633,0.28020364439197726,0.30341127816566105,5.318683624267578,"{""loss"": 6.627908706665039, ""mape"": 6.627908706665039, ""mae"": 1.4196003675460815, ""val_loss"": 3.7459728717803955, ""val_mape"": 3.7459728717803955, ""val_mae"": 0.7074809670448303, ""lr"": 1.0000000656873453e-05, ""val_mae12"": 1.3698475360870361, ""val_me"": -0.08222878271543577, ""val_me12"": 0.9269961194140918, ""mape_2021"": 5.318683624267578, ""mae_2021"": 0.8348926305770874, ""mae12_2021"": 1.0991945266723633, ""me_2021"": 0.28020364439197726, ""me12_2021"": 0.30341127816566105, ""epochs_trained"": 1531}",2026-07-05T16:21:43.346335,completed,82.3
6,MAPE,96,3,relu,1,32,0.0,7.3275065422058105,1.6776143312454224,1.224710464477539,0.6207433537430956,0.8727871477935166,7.3275065422058105,2.161949634552002,1.012913703918457,1.4260939877897176,-0.5788331349320385,9.899646759033203,"{""loss"": 7.573052406311035, ""mape"": 7.573052406311035, ""mae"": 1.811522126197815, ""val_loss"": 7.3275065422058105, ""val_mape"": 7.3275065422058105, ""val_mae"": 1.6776143312454224, ""lr"": 0.00010000000474974513, ""val_mae12"": 1.224710464477539, ""val_me"": 0.6207433537430956, ""val_me12"": 0.8727871477935166, ""mape_2021"": 9.899646759033203, ""mae_2021"": 2.161949634552002, ""mae12_2021"": 1.012913703918457, ""me_2021"": 1.4260939877897176, ""me12_2021"": -0.5788331349320385, ""epochs_trained"": 2071}",2026-07-05T16:22:07.617296,completed,106.6
6,MAPE,96,3,relu,1,16,0.05,3.765498399734497,0.718157947063446,1.2494412660598755,0.3195686343714719,-0.06269938937611824,3.765498399734497,0.9880579710006714,1.376711130142212,0.6541792746569177,-0.40340168555185263,5.9554572105407715,"{""loss"": 7.336149215698242, ""mape"": 7.336149215698242, ""mae"": 1.607675313949585, ""val_loss"": 3.765498399734497, ""val_mape"": 3.765498399734497, ""val_mae"": 0.718157947063446, ""lr"": 0.00010000000474974513, ""val_mae12"": 1.2494412660598755, ""val_me"": 0.3195686343714719, ""val_me12"": -0.06269938937611824, ""mape_2021"": 5.9554572105407715, ""mae_2021"": 0.9880579710006714, ""mae12_2021"": 1.376711130142212, ""me_2021"": 0.6541792746569177, ""me12_2021"": -0.40340168555185263, ""epochs_trained"": 2055}",2026-07-05T16:22:08.343462,completed,107.3
6,MAPE,96,3,relu,1,16,0.3,4.3379693031311035,0.9445362091064453,0.8687631487846375,0.7344187089939115,-0.07267046577157173,4.3379693031311035,1.2458208799362183,1.1881914138793945,1.1831535467481311,-0.9912236164746964,6.525824546813965,"{""loss"": 16.01351547241211, ""mape"": 16.01351547241211, ""mae"": 3.8064308166503906, ""val_loss"": 4.3379693031311035, ""val_mape"": 4.3379693031311035, ""val_mae"": 0.9445362091064453, ""lr"": 0.00010000000474974513, ""val_mae12"": 0.8687631487846375, ""val_me"": 0.7344187089939115, ""val_me12"": -0.07267046577157173, ""mape_2021"": 6.525824546813965, ""mae_2021"": 1.2458208799362183, ""mae12_2021"": 1.1881914138793945, ""me_2021"": 1.1831535467481311, ""me12_2021"": -0.9912236164746964, ""epochs_trained"": 2106}",2026-07-05T16:22:10.543181,completed,109.5
6,MAPE,96,3,relu,1,16,0.1,4.0788702964782715,0.8479809165000916,1.0698418617248535,0.6239376296184869,0.23810488013153022,4.0788702964782715,1.1174033880233765,0.888232409954071,1.0217609453923346,-0.5256862741283195,5.518123149871826,"{""loss"": 10.147303581237793, ""mape"": 10.147303581237793, ""mae"": 2.362147331237793, ""val_loss"": 4.0788702964782715, ""val_mape"": 4.0788702964782715, ""val_mae"": 0.8479809165000916, ""lr"": 0.00010000000474974513, ""val_mae12"": 1.0698418617248535, ""val_me"": 0.6239376296184869, ""val_me12"": 0.23810488013153022, ""mape_2021"": 5.518123149871826, ""mae_2021"": 1.1174033880233765, ""mae12_2021"": 0.888232409954071, ""me_2021"": 1.0217609453923346, ""me12_2021"": -0.5256862741283195, ""epochs_trained"": 2278}",2026-07-05T16:22:19.471749,completed,118.4
6,MAPE,96,3,relu,1,64,0.3,45.768638610839844,9.316522598266602,9.80946159362793,7.015437849687545,9.49996843355863,45.768638610839844,10.409707069396973,11.237915992736816,8.438256377203372,10.961377464216675,60.26041030883789,"{""loss"": 49.1448974609375, ""mape"": 49.1448974609375, ""mae"": 10.655322074890137, ""val_loss"": 45.768638610839844, ""val_mape"": 45.768638610839844, ""val_mae"": 9.316522598266602, ""lr"": 0.00010000000474974513, ""val_mae12"": 9.80946159362793, ""val_me"": 7.015437849687545, ""val_me12"": 9.49996843355863, ""mape_2021"": 60.26041030883789, ""mae_2021"": 10.409707069396973, ""mae12_2021"": 11.237915992736816, ""me_2021"": 8.438256377203372, ""me12_2021"": 10.961377464216675, ""epochs_trained"": 86}",2026-07-05T16:22:30.001746,completed,10.5
6,MAPE,96,3,relu,1,32,0.1,3.5545754432678223,0.6887707710266113,0.8490636348724365,0.05335261396293224,0.22390488762601476,3.5545754432678223,0.9041773080825806,0.9707974195480347,0.45823311691567337,-0.22667412599639272,5.012406826019287,"{""loss"": 8.332772254943848, ""mape"": 8.332772254943848, ""mae"": 1.863850474357605, ""val_loss"": 3.5545754432678223, ""val_mape"": 3.5545754432678223, ""val_mae"": 0.6887707710266113, ""lr"": 0.00010000000474974513, ""val_mae12"": 0.8490636348724365, ""val_me"": 0.05335261396293224, ""val_me12"": 0.22390488762601476, ""mape_2021"": 5.012406826019287, ""mae_2021"": 0.9041773080825806, ""mae12_2021"": 0.9707974195480347, ""me_2021"": 0.45823311691567337, ""me12_2021"": -0.22667412599639272, ""epochs_trained"": 1509}",2026-07-05T16:22:57.834569,completed,82.4
6,MAPE,96,3,relu,1,32,0.3,3.3902218341827393,0.6430089473724365,1.2125740051269531,0.2332905802202935,0.6454454096198845,3.3902218341827393,0.8593881726264954,0.9530158638954163,0.6688426471750051,-0.668782506984081,4.609572887420654,"{""loss"": 12.394749641418457, ""mape"": 12.394749641418457, ""mae"": 2.8993442058563232, ""val_loss"": 3.3902218341827393, ""val_mape"": 3.3902218341827393, ""val_mae"": 0.6430089473724365, ""lr"": 1.0000000656873453e-05, ""val_mae12"": 1.2125740051269531, ""val_me"": 0.2332905802202935, ""val_me12"": 0.6454454096198845, ""mape_2021"": 4.609572887420654, ""mae_2021"": 0.8593881726264954, ""mae12_2021"": 0.9530158638954163, ""me_2021"": 0.6688426471750051, ""me12_2021"": -0.668782506984081, ""epochs_trained"": 1599}",2026-07-05T16:23:10.563594,completed,87.2
6,MAPE,96,3,relu,1,64,0.1,3.5352883338928223,0.68373703956604,1.0731706619262695,-0.17489818876297897,0.4199130118709063,3.5352883338928223,0.7718461155891418,1.1083753108978271,0.22209042526799858,0.0577251018291871,4.76364803314209,"{""loss"": 7.0581464767456055, ""mape"": 7.0581464767456055, ""mae"": 1.5402203798294067, ""val_loss"": 3.5352883338928223, ""val_mape"": 3.5352883338928223, ""val_mae"": 0.68373703956604, ""lr"": 1.0000000656873453e-05, ""val_mae12"": 1.0731706619262695, ""val_me"": -0.17489818876297897, ""val_me12"": 0.4199130118709063, ""mape_2021"": 4.76364803314209, ""mae_2021"": 0.7718461155891418, ""mae12_2021"": 1.1083753108978271, ""me_2021"": 0.22209042526799858, ""me12_2021"": 0.0577251018291871, ""epochs_trained"": 1308}",2026-07-05T16:23:22.056143,completed,71.5
6,MAPE,96,3,relu,1,64,0.0,4.554293632507324,0.9335188269615173,1.133290410041809,-0.16557627091357963,0.7957547280693235,4.554293632507324,0.9961835145950317,1.1682472229003906,0.22744123168612312,-0.7762408000081176,5.675898551940918,"{""loss"": 4.442970275878906, ""mape"": 4.442970275878906, ""mae"": 0.9703856110572815, ""val_loss"": 4.554293632507324, ""val_mape"": 4.554293632507324, ""val_mae"": 0.9335188269615173, ""lr"": 0.00010000000474974513, ""val_mae12"": 1.133290410041809, ""val_me"": -0.16557627091357963, ""val_me12"": 0.7957547280693235, ""mape_2021"": 5.675898551940918, ""mae_2021"": 0.9961835145950317, ""mae12_2021"": 1.1682472229003906, ""me_2021"": 0.22744123168612312, ""me12_2021"": -0.7762408000081176, ""epochs_trained"": 2093}",2026-07-05T16:23:47.232307,completed,99.6
6,MAPE,96,3,relu,1,64,0.05,13.22300910949707,2.668353319168091,3.815962791442871,0.8155788534013545,3.1050708194904972,13.22300910949707,3.118769884109497,2.60026216506958,1.4130408805924293,1.0764124368446344,17.467519760131836,"{""loss"": 14.825967788696289, ""mape"": 14.825967788696289, ""mae"": 3.1360933780670166, ""val_loss"": 13.22300910949707, ""val_mape"": 13.22300910949707, ""val_mae"": 2.668353319168091, ""lr"": 1.0000000656873453e-05, ""val_mae12"": 3.815962791442871, ""val_me"": 0.8155788534013545, ""val_me12"": 3.1050708194904972, ""mape_2021"": 17.467519760131836, ""mae_2021"": 3.118769884109497, ""mae12_2021"": 2.60026216506958, ""me_2021"": 1.4130408805924293, ""me12_2021"": 1.0764124368446344, ""epochs_trained"": 4745}",2026-07-05T16:25:16.045956,completed,187.7
6,MAPE,96,3,relu,1,256,0.0,44.66489028930664,9.207230567932129,9.832042694091797,6.972722448828137,9.299401234595928,44.66489028930664,10.328913688659668,11.240583419799805,8.405142418661043,10.623223207872833,59.17592239379883,"{""loss"": 45.319664001464844, ""mape"": 45.319664001464844, ""mae"": 9.88475513458252, ""val_loss"": 44.66489028930664, ""val_mape"": 44.66489028930664, ""val_mae"": 9.207230567932129, ""lr"": 0.00010000000474974513, ""val_mae12"": 9.832042694091797, ""val_me"": 6.972722448828137, ""val_me12"": 9.299401234595928, ""mape_2021"": 59.17592239379883, ""mae_2021"": 10.328913688659668, ""mae12_2021"": 11.240583419799805, ""me_2021"": 8.405142418661043, ""me12_2021"": 10.623223207872833, ""epochs_trained"": 57}",2026-07-05T16:25:34.998984,completed,18.1
6,MAPE,96,3,relu,1,128,0.3,44.878482818603516,9.246947288513184,9.923977851867676,7.005680144485309,9.608510565742417,44.878482818603516,10.322366714477539,11.407604217529297,8.45457245963513,11.025717903324358,59.74810791015625,"{""loss"": 47.09587860107422, ""mape"": 47.09587860107422, ""mae"": 10.278008460998535, ""val_loss"": 44.878482818603516, ""val_mape"": 44.878482818603516, ""val_mae"": 9.246947288513184, ""lr"": 0.00010000000474974513, ""val_mae12"": 9.923977851867676, ""val_me"": 7.005680144485309, ""val_me12"": 9.608510565742417, ""mape_2021"": 59.74810791015625, ""mae_2021"": 10.322366714477539, ""mae12_2021"": 11.407604217529297, ""me_2021"": 8.45457245963513, ""me12_2021"": 11.025717903324358, ""epochs_trained"": 62}",2026-07-05T16:25:35.457332,completed,18.6
6,MAPE,96,3,relu,1,128,0.1,43.840946197509766,9.00024127960205,9.499208450317383,6.774936227049533,8.75145935991351,43.840946197509766,10.181777000427246,10.254448890686035,8.32070785239078,9.344865729669237,56.616390228271484,"{""loss"": 45.2879638671875, ""mape"": 45.2879638671875, ""mae"": 9.869657516479492, ""val_loss"": 43.840946197509766, ""val_mape"": 43.840946197509766, ""val_mae"": 9.00024127960205, ""lr"": 0.00010000000474974513, ""val_mae12"": 9.499208450317383, ""val_me"": 6.774936227049533, ""val_me12"": 8.75145935991351, ""mape_2021"": 56.616390228271484, ""mae_2021"": 10.181777000427246, ""mae12_2021"": 10.254448890686035, ""me_2021"": 8.32070785239078, ""me12_2021"": 9.344865729669237, ""epochs_trained"": 73}",2026-07-05T16:25:36.092487,completed,19.2
6,MAPE,96,3,relu,1,256,0.3,44.80306625366211,9.26012134552002,10.34035873413086,6.8924688830091645,10.15909189304121,44.80306625366211,10.30186939239502,11.773927688598633,8.318092053653327,11.537257238928426,59.95228958129883,"{""loss"": 46.51715087890625, ""mape"": 46.51715087890625, ""mae"": 10.118160247802734, ""val_loss"": 44.80306625366211, ""val_mape"": 44.80306625366211, ""val_mae"": 9.26012134552002, ""lr"": 0.00010000000474974513, ""val_mae12"": 10.34035873413086, ""val_me"": 6.8924688830091645, ""val_me12"": 10.15909189304121, ""mape_2021"": 59.95228958129883, ""mae_2021"": 10.30186939239502, ""mae12_2021"": 11.773927688598633, ""me_2021"": 8.318092053653327, ""me12_2021"": 11.537257238928426, ""epochs_trained"": 53}",2026-07-05T16:25:49.486268,completed,14.0
6,MAPE,96,3,relu,2,16,0.0,44.84294509887695,9.055928230285645,10.369620323181152,6.8393378024751925,10.20851676229944,44.84294509887695,10.169065475463867,11.727811813354492,8.204410975719787,11.614586397711385,59.98313522338867,"{""loss"": 44.933494567871094, ""mape"": 44.933494567871094, ""mae"": 9.680076599121094, ""val_loss"": 44.84294509887695, ""val_mape"": 44.84294509887695, ""val_mae"": 9.055928230285645, ""lr"": 0.00010000000474974513, ""val_mae12"": 10.369620323181152, ""val_me"": 6.8393378024751925, ""val_me12"": 10.20851676229944, ""mape_2021"": 59.98313522338867, ""mae_2021"": 10.169065475463867, ""mae12_2021"": 11.727811813354492, ""me_2021"": 8.204410975719787, ""me12_2021"": 11.614586397711385, ""epochs_trained"": 114}",2026-07-05T16:25:57.102075,completed,21.0
6,MAPE,96,3,relu,2,16,0.05,44.925106048583984,9.124028205871582,9.662972450256348,6.90652342472903,9.176429748325987,44.925106048583984,10.286927223205566,11.002031326293945,8.39969488660625,10.518012498521752,59.429779052734375,"{""loss"": 47.726409912109375, ""mape"": 47.726409912109375, ""mae"": 10.473791122436523, ""val_loss"": 44.925106048583984, ""val_mape"": 44.925106048583984, ""val_mae"": 9.124028205871582, ""lr"": 0.00010000000474974513, ""val_mae12"": 9.662972450256348, ""val_me"": 6.90652342472903, ""val_me12"": 9.176429748325987, ""mape_2021"": 59.429779052734375, ""mae_2021"": 10.286927223205566, ""mae12_2021"": 11.002031326293945, ""me_2021"": 8.39969488660625, ""me12_2021"": 10.518012498521752, ""epochs_trained"": 113}",2026-07-05T16:26:10.961736,completed,21.5
6,MAPE,96,3,relu,2,16,0.1,46.445682525634766,9.216842651367188,10.544548034667969,7.1491430252526955,10.434815947393266,46.445682525634766,10.443729400634766,12.455793380737305,8.485690200830767,12.411128573101488,62.780181884765625,"{""loss"": 52.06046676635742, ""mape"": 52.06046676635742, ""mae"": 11.3674955368042, ""val_loss"": 46.445682525634766, ""val_mape"": 46.445682525634766, ""val_mae"": 9.216842651367188, ""lr"": 0.00010000000474974513, ""val_mae12"": 10.544548034667969, ""val_me"": 7.1491430252526955, ""val_me12"": 10.434815947393266, ""mape_2021"": 62.780181884765625, ""mae_2021"": 10.443729400634766, ""mae12_2021"": 12.455793380737305, ""me_2021"": 8.485690200830767, ""me12_2021"": 12.411128573101488, ""epochs_trained"": 115}",2026-07-05T16:26:18.235391,completed,21.1
6,MAPE,96,3,relu,1,128,0.05,4.201177597045898,0.8367067575454712,1.0786716938018799,-0.30860755015959207,0.1849382532168003,4.201177597045898,0.9243704080581665,1.2712417840957642,0.08021205002733385,-0.2849475219337428,5.77869987487793,"{""loss"": 5.800756931304932, ""mape"": 5.800756931304932, ""mae"": 1.2131332159042358, ""val_loss"": 4.201177597045898, ""val_mape"": 4.201177597045898, ""val_mae"": 0.8367067575454712, ""lr"": 1.0000000656873453e-05, ""val_mae12"": 1.0786716938018799, ""val_me"": -0.30860755015959207, ""val_me12"": 0.1849382532168003, ""mape_2021"": 5.77869987487793, ""mae_2021"": 0.9243704080581665, ""mae12_2021"": 1.2712417840957642, ""me_2021"": 0.08021205002733385, ""me12_2021"": -0.2849475219337428, ""epochs_trained"": 939}",2026-07-05T16:26:56.392887,completed,99.5
6,MAPE,96,3,relu,2,16,0.3,7.225575923919678,1.4257110357284546,1.8279223442077637,1.2078176826209048,1.4102818692449426,7.225575923919678,1.8332104682922363,1.3352397680282593,1.6811262344166564,0.1718702374051616,9.98818588256836,"{""loss"": 21.41669273376465, ""mape"": 21.41669273376465, ""mae"": 5.028220176696777, ""val_loss"": 7.225575923919678, ""val_mape"": 7.225575923919678, ""val_mae"": 1.4257110357284546, ""lr"": 0.00010000000474974513, ""val_mae12"": 1.8279223442077637, ""val_me"": 1.2078176826209048, ""val_me12"": 1.4102818692449426, ""mape_2021"": 9.98818588256836, ""mae_2021"": 1.8332104682922363, ""mae12_2021"": 1.3352397680282593, ""me_2021"": 1.6811262344166564, ""me12_2021"": 0.1718702374051616, ""epochs_trained"": 716}",2026-07-05T16:27:19.612399,completed,68.6
6,MAPE,96,3,relu,1,256,0.05,5.274587154388428,1.0852073431015015,1.2363382577896118,-0.2277494854215852,0.8451456168649436,5.274587154388428,1.2252551317214966,1.0871819257736206,0.1842521011699231,0.1400557952165101,6.854443550109863,"{""loss"": 6.2267889976501465, ""mape"": 6.2267889976501465, ""mae"": 1.3238381147384644, ""val_loss"": 5.274587154388428, ""val_mape"": 5.274587154388428, ""val_mae"": 1.0852073431015015, ""lr"": 1.0000000656873453e-05, ""val_mae12"": 1.2363382577896118, ""val_me"": -0.2277494854215852, ""val_me12"": 0.8451456168649436, ""mape_2021"": 6.854443550109863, ""mae_2021"": 1.2252551317214966, ""mae12_2021"": 1.0871819257736206, ""me_2021"": 0.1842521011699231, ""me12_2021"": 0.1400557952165101, ""epochs_trained"": 4292}",2026-07-05T16:30:49.708148,completed,332.8
6,MAPE,96,3,relu,1,256,0.1,5.417364597320557,1.1120439767837524,1.25144362449646,-0.23784961625610304,0.9585633256417743,5.417364597320557,1.2331174612045288,1.0374212265014648,0.16381547938295415,0.489321561029172,6.919923782348633,"{""loss"": 6.870166778564453, ""mape"": 6.870166778564453, ""mae"": 1.4601142406463623, ""val_loss"": 5.417364597320557, ""val_mape"": 5.417364597320557, ""val_mae"": 1.1120439767837524, ""lr"": 9.999999747378752e-06, ""val_mae12"": 1.25144362449646, ""val_me"": -0.23784961625610304, ""val_me12"": 0.9585633256417743, ""mape_2021"": 6.919923782348633, ""mae_2021"": 1.2331174612045288, ""mae12_2021"": 1.0374212265014648, ""me_2021"": 0.16381547938295415, ""me12_2021"": 0.489321561029172, ""epochs_trained"": 4242}",2026-07-05T16:30:54.084165,completed,319.1
6,MAPE,96,3,relu,1,128,0.0,5.594343185424805,1.2030184268951416,1.5665547847747803,0.07699073582234095,1.2939833148554851,5.594343185424805,1.369230031967163,1.1358568668365479,0.40559228203360687,-0.01978815886868985,6.954111099243164,"{""loss"": 5.029726982116699, ""mape"": 5.029726982116699, ""mae"": 1.1682106256484985, ""val_loss"": 5.594343185424805, ""val_mape"": 5.594343185424805, ""val_mae"": 1.2030184268951416, ""lr"": 1.0000000656873453e-05, ""val_mae12"": 1.5665547847747803, ""val_me"": 0.07699073582234095, ""val_me12"": 1.2939833148554851, ""mape_2021"": 6.954111099243164, ""mae_2021"": 1.369230031967163, ""mae12_2021"": 1.1358568668365479, ""me_2021"": 0.40559228203360687, ""me12_2021"": -0.01978815886868985, ""epochs_trained"": 7802}",2026-07-05T16:32:43.964930,completed,447.1
6,MAPE,96,3,relu,2,64,0.0,45.556602478027344,9.131497383117676,11.491759300231934,7.033173345773517,11.508584621266795,45.556602478027344,10.296066284179688,13.456239700317383,8.310199308259929,13.4288573013782,62.916465759277344,"{""loss"": 45.55901336669922, ""mape"": 45.55901336669922, ""mae"": 9.751827239990234, ""val_loss"": 45.556602478027344, ""val_mape"": 45.556602478027344, ""val_mae"": 9.131497383117676, ""lr"": 0.00010000000474974513, ""val_mae12"": 11.491759300231934, ""val_me"": 7.033173345773517, ""val_me12"": 11.508584621266795, ""mape_2021"": 62.916465759277344, ""mae_2021"": 10.296066284179688, ""mae12_2021"": 13.456239700317383, ""me_2021"": 8.310199308259929, ""me12_2021"": 13.4288573013782, ""epochs_trained"": 61}",2026-07-05T16:32:58.855416,completed,14.1
6,MAPE,96,3,relu,2,32,0.0,45.92085647583008,9.351439476013184,9.495821952819824,7.36703169290936,9.47885483627802,45.92085647583008,10.420134544372559,11.144500732421875,8.713058825570213,11.102541547388451,61.02461624145508,"{""loss"": 45.8070182800293, ""mape"": 45.8070182800293, ""mae"": 9.91441535949707, ""val_loss"": 45.92085647583008, ""val_mape"": 45.92085647583008, ""val_mae"": 9.351439476013184, ""lr"": 0.00010000000474974513, ""val_mae12"": 9.495821952819824, ""val_me"": 7.36703169290936, ""val_me12"": 9.47885483627802, ""mape_2021"": 61.02461624145508, ""mae_2021"": 10.420134544372559, ""mae12_2021"": 11.144500732421875, ""me_2021"": 8.713058825570213, ""me12_2021"": 11.102541547388451, ""epochs_trained"": 76}",2026-07-05T16:32:59.404062,completed,14.7
6,MAPE,96,3,relu,2,32,0.3,47.42406463623047,9.663086891174316,9.136621475219727,7.604724286470978,8.740997029304678,47.42406463623047,10.547805786132812,10.730402946472168,8.938181069691229,10.47524193838079,61.45558547973633,"{""loss"": 52.86351776123047, ""mape"": 52.86351776123047, ""mae"": 11.670650482177734, ""val_loss"": 47.42406463623047, ""val_mape"": 47.42406463623047, ""val_mae"": 9.663086891174316, ""lr"": 0.00010000000474974513, ""val_mae12"": 9.136621475219727, ""val_me"": 7.604724286470978, ""val_me12"": 8.740997029304678, ""mape_2021"": 61.45558547973633, ""mae_2021"": 10.547805786132812, ""mae12_2021"": 10.730402946472168, ""me_2021"": 8.938181069691229, ""me12_2021"": 10.47524193838079, ""epochs_trained"": 71}",2026-07-05T16:32:59.405062,completed,14.7
6,MAPE,96,3,relu,2,32,0.1,47.42005920410156,9.69533634185791,9.907289505004883,7.551320119733721,9.731320348003221,47.42005920410156,10.493457794189453,11.699872016906738,8.846682979726696,11.580488630172892,62.1573600769043,"{""loss"": 48.83952331542969, ""mape"": 48.83952331542969, ""mae"": 10.671642303466797, ""val_loss"": 47.42005920410156, ""val_mape"": 47.42005920410156, ""val_mae"": 9.69533634185791, ""lr"": 0.00010000000474974513, ""val_mae12"": 9.907289505004883, ""val_me"": 7.551320119733721, ""val_me12"": 9.731320348003221, ""mape_2021"": 62.1573600769043, ""mae_2021"": 10.493457794189453, ""mae12_2021"": 11.699872016906738, ""me_2021"": 8.846682979726696, ""me12_2021"": 11.580488630172892, ""epochs_trained"": 72}",2026-07-05T16:32:59.431063,completed,14.7
6,MAPE,96,3,relu,2,128,0.05,43.57677459716797,8.663250923156738,14.554563522338867,5.99369489854372,14.67371923728123,43.57677459716797,9.978801727294922,16.65519905090332,7.249190410483203,16.764849743615205,63.96027374267578,"{""loss"": 44.006893157958984, ""mape"": 44.006893157958984, ""mae"": 9.388936042785645, ""val_loss"": 43.57677459716797, ""val_mape"": 43.57677459716797, ""val_mae"": 8.663250923156738, ""lr"": 0.00010000000474974513, ""val_mae12"": 14.554563522338867, ""val_me"": 5.99369489854372, ""val_me12"": 14.67371923728123, ""mape_2021"": 63.96027374267578, ""mae_2021"": 9.978801727294922, ""mae12_2021"": 16.65519905090332, ""me_2021"": 7.249190410483203, ""me12_2021"": 16.764849743615205, ""epochs_trained"": 45}",2026-07-05T16:33:08.600673,completed,9.2
6,MAPE,96,3,relu,2,64,0.1,45.72053146362305,9.198856353759766,11.326822280883789,6.859467787990898,11.383019569234325,45.72053146362305,10.261724472045898,13.242228507995605,8.18763436348425,13.283319554101046,62.534019470214844,"{""loss"": 46.6858024597168, ""mape"": 46.6858024597168, ""mae"": 10.1073637008667, ""val_loss"": 45.72053146362305, ""val_mape"": 45.72053146362305, ""val_mae"": 9.198856353759766, ""lr"": 0.00010000000474974513, ""val_mae12"": 11.326822280883789, ""val_me"": 6.859467787990898, ""val_me12"": 11.383019569234325, ""mape_2021"": 62.534019470214844, ""mae_2021"": 10.261724472045898, ""mae12_2021"": 13.242228507995605, ""me_2021"": 8.18763436348425, ""me12_2021"": 13.283319554101046, ""epochs_trained"": 61}",2026-07-05T16:33:08.709629,completed,9.9
6,MAPE,96,3,relu,2,64,0.3,46.31158447265625,9.427827835083008,11.09085750579834,6.81757093821653,10.997140141797434,46.31158447265625,10.29537582397461,12.980179786682129,8.237568395239377,12.879977090748984,62.33392333984375,"{""loss"": 49.61360549926758, ""mape"": 49.61360549926758, ""mae"": 10.919449806213379, ""val_loss"": 46.31158447265625, ""val_mape"": 46.31158447265625, ""val_mae"": 9.427827835083008, ""lr"": 0.00010000000474974513, ""val_mae12"": 11.09085750579834, ""val_me"": 6.81757093821653, ""val_me12"": 10.997140141797434, ""mape_2021"": 62.33392333984375, ""mae_2021"": 10.29537582397461, ""mae12_2021"": 12.980179786682129, ""me_2021"": 8.237568395239377, ""me12_2021"": 12.879977090748984, ""epochs_trained"": 56}",2026-07-05T16:33:09.164330,completed,9.8
6,MAPE,96,3,relu,2,64,0.05,3.874091863632202,0.6800647974014282,1.9358242750167847,-0.18613022192163753,1.5219479932864302,3.874091863632202,0.7330970168113708,1.4185206890106201,0.1512297027143791,0.7442261673052601,4.7630391120910645,"{""loss"": 5.992785453796387, ""mape"": 5.992785453796387, ""mae"": 1.3036701679229736, ""val_loss"": 3.874091863632202, ""val_mape"": 3.874091863632202, ""val_mae"": 0.6800647974014282, ""lr"": 0.00010000000474974513, ""val_mae12"": 1.9358242750167847, ""val_me"": -0.18613022192163753, ""val_me12"": 1.5219479932864302, ""mape_2021"": 4.7630391120910645, ""mae_2021"": 0.7330970168113708, ""mae12_2021"": 1.4185206890106201, ""me_2021"": 0.1512297027143791, ""me12_2021"": 0.7442261673052601, ""epochs_trained"": 640}",2026-07-05T16:33:44.820677,completed,60.1
6,MAPE,96,3,relu,2,128,0.1,4.1771979331970215,0.7551662921905518,2.3093440532684326,-0.2186690998816946,2.050592671355754,4.1771979331970215,0.8010258674621582,2.1027092933654785,0.08262593453752348,1.074344465835839,5.465159893035889,"{""loss"": 6.486629486083984, ""mape"": 6.486629486083984, ""mae"": 1.3951841592788696, ""val_loss"": 4.1771979331970215, ""val_mape"": 4.1771979331970215, ""val_mae"": 0.7551662921905518, ""lr"": 0.00010000000474974513, ""val_mae12"": 2.3093440532684326, ""val_me"": -0.2186690998816946, ""val_me12"": 2.050592671355754, ""mape_2021"": 5.465159893035889, ""mae_2021"": 0.8010258674621582, ""mae12_2021"": 2.1027092933654785, ""me_2021"": 0.08262593453752348, ""me12_2021"": 1.074344465835839, ""epochs_trained"": 471}",2026-07-05T16:33:53.923515,completed,45.3
6,MAPE,96,3,relu,2,128,0.3,3.9103691577911377,0.696543276309967,2.037597894668579,-0.0991128691953167,1.8901459015328503,3.9103691577911377,0.7593948245048523,1.2194994688034058,0.28723983581083695,0.43531410311499613,4.535125255584717,"{""loss"": 9.30098819732666, ""mape"": 9.30098819732666, ""mae"": 2.0913777351379395, ""val_loss"": 3.9103691577911377, ""val_mape"": 3.9103691577911377, ""val_mae"": 0.696543276309967, ""lr"": 0.00010000000474974513, ""val_mae12"": 2.037597894668579, ""val_me"": -0.0991128691953167, ""val_me12"": 1.8901459015328503, ""mape_2021"": 4.535125255584717, ""mae_2021"": 0.7593948245048523, ""mae12_2021"": 1.2194994688034058, ""me_2021"": 0.28723983581083695, ""me12_2021"": 0.43531410311499613, ""epochs_trained"": 560}",2026-07-05T16:33:58.653531,completed,49.9
6,MAPE,96,3,relu,2,128,0.0,3.879065752029419,0.7372429370880127,1.5815871953964233,-0.35501933668039226,1.3130676550440465,3.879065752029419,0.745234489440918,1.0427615642547607,-0.035037426515034296,0.23571624577437775,4.329768657684326,"{""loss"": 2.962134838104248, ""mape"": 2.962134838104248, ""mae"": 0.6087908744812012, ""val_loss"": 3.879065752029419, ""val_mape"": 3.879065752029419, ""val_mae"": 0.7372429370880127, ""lr"": 1.0000000656873453e-05, ""val_mae12"": 1.5815871953964233, ""val_me"": -0.35501933668039226, ""val_me12"": 1.3130676550440465, ""mape_2021"": 4.329768657684326, ""mae_2021"": 0.745234489440918, ""mae12_2021"": 1.0427615642547607, ""me_2021"": -0.035037426515034296, ""me12_2021"": 0.23571624577437775, ""epochs_trained"": 1241}",2026-07-05T16:34:20.109828,completed,80.7
6,MAPE,96,3,relu,2,32,0.05,16.514272689819336,3.1932108402252197,5.638079643249512,0.8430770820745938,4.020466786849963,16.514272689819336,3.2375600337982178,4.634876251220703,1.4223245880810604,2.435988818587589,19.32065200805664,"{""loss"": 16.865997314453125, ""mape"": 16.865997314453125, ""mae"": 3.568540573120117, ""val_loss"": 16.514272689819336, ""val_mape"": 16.514272689819336, ""val_mae"": 3.1932108402252197, ""lr"": 1.0000000656873453e-05, ""val_mae12"": 5.638079643249512, ""val_me"": 0.8430770820745938, ""val_me12"": 4.020466786849963, ""mape_2021"": 19.32065200805664, ""mae_2021"": 3.2375600337982178, ""mae12_2021"": 4.634876251220703, ""me_2021"": 1.4223245880810604, ""me12_2021"": 2.435988818587589, ""epochs_trained"": 2178}",2026-07-05T16:34:44.432530,completed,119.7
7,MAPE,96,2,selu,2,64,0.05,51.00284194946289,11.518362998962402,8.913979530334473,8.316079161637369,8.681687358286482,51.00284194946289,10.003787994384766,12.629714965820312,8.39367898359865,12.581015943634902,59.909637451171875,"{""loss"": 39.061790466308594, ""mape"": 39.061790466308594, ""mae"": 8.401784896850586, ""val_loss"": 51.00284194946289, ""val_mape"": 51.00284194946289, ""val_mae"": 11.518362998962402, ""lr"": 0.00010000000474974513, ""val_mae12"": 8.913979530334473, ""val_me"": 8.316079161637369, ""val_me12"": 8.681687358286482, ""mape_2021"": 59.909637451171875, ""mae_2021"": 10.003787994384766, ""mae12_2021"": 12.629714965820312, ""me_2021"": 8.39367898359865, ""me12_2021"": 12.581015943634902, ""epochs_trained"": 61}",2026-07-05T16:34:59.263139,completed,14.1
7,MAPE,96,2,selu,2,32,0.3,80.0879135131836,16.711088180541992,23.196090698242188,4.929857890897301,23.239438407179836,80.0879135131836,10.4343843460083,28.837581634521484,4.85642426849272,28.98165846669404,78.40321350097656,"{""loss"": 59.75762176513672, ""mape"": 59.75762176513672, ""mae"": 13.82065486907959, ""val_loss"": 80.0879135131836, ""val_mape"": 80.0879135131836, ""val_mae"": 16.711088180541992, ""lr"": 0.00010000000474974513, ""val_mae12"": 23.196090698242188, ""val_me"": 4.929857890897301, ""val_me12"": 23.239438407179836, ""mape_2021"": 78.40321350097656, ""mae_2021"": 10.4343843460083, ""mae12_2021"": 28.837581634521484, ""me_2021"": 4.85642426849272, ""me12_2021"": 28.98165846669404, ""epochs_trained"": 78}",2026-07-05T16:34:59.917927,completed,14.7
7,MAPE,96,2,selu,2,32,0.1,57.100425720214844,13.080411911010742,10.15389347076416,7.209943864245338,10.184817315210605,57.100425720214844,9.005496978759766,13.43484878540039,7.173918623197544,13.526389277901423,55.09694290161133,"{""loss"": 41.134552001953125, ""mape"": 41.134552001953125, ""mae"": 9.05072021484375, ""val_loss"": 57.100425720214844, ""val_mape"": 57.100425720214844, ""val_mae"": 13.080411911010742, ""lr"": 0.00010000000474974513, ""val_mae12"": 10.15389347076416, ""val_me"": 7.209943864245338, ""val_me12"": 10.184817315210605, ""mape_2021"": 55.09694290161133, ""mae_2021"": 9.005496978759766, ""mae12_2021"": 13.43484878540039, ""me_2021"": 7.173918623197544, ""me12_2021"": 13.526389277901423, ""epochs_trained"": 83}",2026-07-05T16:35:00.120971,completed,14.9
7,MAPE,96,2,selu,2,32,0.05,49.02540588378906,11.169774055480957,6.182657241821289,7.385258459015655,6.17572408734402,49.02540588378906,8.86946964263916,8.735555648803711,7.633522493027894,8.791925511132295,50.105613708496094,"{""loss"": 37.949832916259766, ""mape"": 37.949832916259766, ""mae"": 8.389575958251953, ""val_loss"": 49.02540588378906, ""val_mape"": 49.02540588378906, ""val_mae"": 11.169774055480957, ""lr"": 0.00010000000474974513, ""val_mae12"": 6.182657241821289, ""val_me"": 7.385258459015655, ""val_me12"": 6.17572408734402, ""mape_2021"": 50.105613708496094, ""mae_2021"": 8.86946964263916, ""mae12_2021"": 8.735555648803711, ""me_2021"": 7.633522493027894, ""me12_2021"": 8.791925511132295, ""epochs_trained"": 84}",2026-07-05T16:35:00.168001,completed,15.0
7,MAPE,96,2,selu,2,64,0.3,97.94442749023438,21.233539581298828,4.924284934997559,23.102004464349,3.9937886482233074,97.94442749023438,22.31005096435547,7.386388778686523,21.567499671977725,6.793844102967176,97.7508316040039,"{""loss"": 86.38831329345703, ""mape"": 86.38831329345703, ""mae"": 21.980363845825195, ""val_loss"": 97.94442749023438, ""val_mape"": 97.94442749023438, ""val_mae"": 21.233539581298828, ""lr"": 0.00010000000474974513, ""val_mae12"": 4.924284934997559, ""val_me"": 23.102004464349, ""val_me12"": 3.9937886482233074, ""mape_2021"": 97.7508316040039, ""mae_2021"": 22.31005096435547, ""mae12_2021"": 7.386388778686523, ""me_2021"": 21.567499671977725, ""me12_2021"": 6.793844102967176, ""epochs_trained"": 29}",2026-07-05T16:35:08.176072,completed,8.3
7,MAPE,96,2,selu,2,64,0.1,58.74482345581055,13.976469993591309,10.733057975769043,6.56231865798062,10.766958285768055,58.74482345581055,8.910839080810547,14.148431777954102,6.534068076125835,14.215639115741467,54.70276641845703,"{""loss"": 38.26030731201172, ""mape"": 38.26030731201172, ""mae"": 8.492415428161621, ""val_loss"": 58.74482345581055, ""val_mape"": 58.74482345581055, ""val_mae"": 13.976469993591309, ""lr"": 0.00010000000474974513, ""val_mae12"": 10.733057975769043, ""val_me"": 6.56231865798062, ""val_me12"": 10.766958285768055, ""mape_2021"": 54.70276641845703, ""mae_2021"": 8.910839080810547, ""mae12_2021"": 14.148431777954102, ""me_2021"": 6.534068076125835, ""me12_2021"": 14.215639115741467, ""epochs_trained"": 67}",2026-07-05T16:35:09.457207,completed,10.2
7,MAPE,96,2,selu,2,128,0.1,55.107139587402344,12.938810348510742,10.110624313354492,7.9165380734404796,10.140087250958183,55.107139587402344,10.066461563110352,13.65356731414795,8.130648295500546,13.74211078797618,60.62769317626953,"{""loss"": 36.813560485839844, ""mape"": 36.813560485839844, ""mae"": 8.154011726379395, ""val_loss"": 55.107139587402344, ""val_mape"": 55.107139587402344, ""val_mae"": 12.938810348510742, ""lr"": 0.00010000000474974513, ""val_mae12"": 10.110624313354492, ""val_me"": 7.9165380734404796, ""val_me12"": 10.140087250958183, ""mape_2021"": 60.62769317626953, ""mae_2021"": 10.066461563110352, ""mae12_2021"": 13.65356731414795, ""me_2021"": 8.130648295500546, ""me12_2021"": 13.74211078797618, ""epochs_trained"": 48}",2026-07-05T16:35:21.804211,completed,13.6
7,MAPE,96,2,selu,2,128,0.3,129.92303466796875,30.465356826782227,27.246646881103516,3.588221482495786,27.301858281078683,129.92303466796875,10.801240921020508,32.91951370239258,2.9677718209030552,33.04931694405339,84.75251007080078,"{""loss"": 43.02922821044922, ""mape"": 43.02922821044922, ""mae"": 9.305746078491211, ""val_loss"": 129.92303466796875, ""val_mape"": 129.92303466796875, ""val_mae"": 30.465356826782227, ""lr"": 0.00010000000474974513, ""val_mae12"": 27.246646881103516, ""val_me"": 3.588221482495786, ""val_me12"": 27.301858281078683, ""mape_2021"": 84.75251007080078, ""mae_2021"": 10.801240921020508, ""mae12_2021"": 32.91951370239258, ""me_2021"": 2.9677718209030552, ""me12_2021"": 33.04931694405339, ""epochs_trained"": 56}",2026-07-05T16:35:23.717461,completed,14.2
7,MAPE,96,2,selu,2,128,0.05,21.460756301879883,4.817286491394043,3.19915509223938,-3.584195007685218,3.188038740849744,21.460756301879883,4.595534801483154,2.301802396774292,-3.913800512805122,2.264843638278328,21.365537643432617,"{""loss"": 10.076436042785645, ""mape"": 10.076436042785645, ""mae"": 2.286534309387207, ""val_loss"": 21.460756301879883, ""val_mape"": 21.460756301879883, ""val_mae"": 4.817286491394043, ""lr"": 1.0000000656873453e-05, ""val_mae12"": 3.19915509223938, ""val_me"": -3.584195007685218, ""val_me12"": 3.188038740849744, ""mape_2021"": 21.365537643432617, ""mae_2021"": 4.595534801483154, ""mae12_2021"": 2.301802396774292, ""me_2021"": -3.913800512805122, ""me12_2021"": 2.264843638278328, ""epochs_trained"": 251}",2026-07-05T16:35:26.537950,completed,26.4
7,MAPE,96,2,selu,2,64,0.0,4.335906982421875,0.8882887959480286,0.8659902811050415,0.3048815919590721,0.32769392281307325,4.335906982421875,0.8167282938957214,0.8517264127731323,0.2716471293890801,-0.3769930729617074,4.488229274749756,"{""loss"": 3.3434505462646484, ""mape"": 3.3434505462646484, ""mae"": 0.6878390908241272, ""val_loss"": 4.335906982421875, ""val_mape"": 4.335906982421875, ""val_mae"": 0.8882887959480286, ""lr"": 1.0000000656873453e-05, ""val_mae12"": 0.8659902811050415, ""val_me"": 0.3048815919590721, ""val_me12"": 0.32769392281307325, ""mape_2021"": 4.488229274749756, ""mae_2021"": 0.8167282938957214, ""mae12_2021"": 0.8517264127731323, ""me_2021"": 0.2716471293890801, ""me12_2021"": -0.3769930729617074, ""epochs_trained"": 690}",2026-07-05T16:35:38.658179,completed,53.5
7,MAPE,96,2,selu,2,128,0.0,3.8405649662017822,0.7588992118835449,0.9172272682189941,0.16373430355494287,0.38326773105974693,3.8405649662017822,0.7505007982254028,0.8330196738243103,0.20537131427836913,-0.24771529010208176,4.19032621383667,"{""loss"": 3.015774726867676, ""mape"": 3.015774726867676, ""mae"": 0.6128106713294983, ""val_loss"": 3.8405649662017822, ""val_mape"": 3.8405649662017822, ""val_mae"": 0.7588992118835449, ""lr"": 1.0000000656873453e-05, ""val_mae12"": 0.9172272682189941, ""val_me"": 0.16373430355494287, ""val_me12"": 0.38326773105974693, ""mape_2021"": 4.19032621383667, ""mae_2021"": 0.7505007982254028, ""mae12_2021"": 0.8330196738243103, ""me_2021"": 0.20537131427836913, ""me12_2021"": -0.24771529010208176, ""epochs_trained"": 574}",2026-07-05T16:35:42.130230,completed,42.0
7,MAPE,96,2,selu,2,32,0.0,3.8721702098846436,0.7585636377334595,0.9491938352584839,0.14081263975627512,0.4208467262821048,3.8721702098846436,0.7448675632476807,0.8742538094520569,0.15076401648743568,-0.25497785515966853,4.199657440185547,"{""loss"": 3.125563383102417, ""mape"": 3.125563383102417, ""mae"": 0.6329030394554138, ""val_loss"": 3.8721702098846436, ""val_mape"": 3.8721702098846436, ""val_mae"": 0.7585636377334595, ""lr"": 1.0000000656873453e-05, ""val_mae12"": 0.9491938352584839, ""val_me"": 0.14081263975627512, ""val_me12"": 0.4208467262821048, ""mape_2021"": 4.199657440185547, ""mae_2021"": 0.7448675632476807, ""mae12_2021"": 0.8742538094520569, ""me_2021"": 0.15076401648743568, ""me12_2021"": -0.25497785515966853, ""epochs_trained"": 1308}",2026-07-05T16:35:57.921075,completed,72.7
7,MAPE,96,2,selu,2,256,0.3,162.0732879638672,37.41766357421875,20.7012882232666,4.976088788198876,20.75131537982351,162.0732879638672,10.107688903808594,25.07084846496582,4.788088051327816,25.188839770283472,72.31015014648438,"{""loss"": 41.292110443115234, ""mape"": 41.292110443115234, ""mae"": 8.838394165039062, ""val_loss"": 162.0732879638672, ""val_mape"": 162.0732879638672, ""val_mae"": 37.41766357421875, ""lr"": 0.00010000000474974513, ""val_mae12"": 20.7012882232666, ""val_me"": 4.976088788198876, ""val_me12"": 20.75131537982351, ""mape_2021"": 72.31015014648438, ""mae_2021"": 10.107688903808594, ""mae12_2021"": 25.07084846496582, ""me_2021"": 4.788088051327816, ""me12_2021"": 25.188839770283472, ""epochs_trained"": 46}",2026-07-05T16:36:23.505772,completed,24.8
7,MAPE,96,2,selu,2,256,0.05,31.048126220703125,6.842842102050781,3.0600228309631348,3.527362615550877,0.4823078684036228,31.048126220703125,6.026486396789551,3.4449706077575684,3.722599779504371,-1.8056124651261727,29.49677276611328,"{""loss"": 20.578693389892578, ""mape"": 20.578693389892578, ""mae"": 4.372121334075928, ""val_loss"": 31.048126220703125, ""val_mape"": 31.048126220703125, ""val_mae"": 6.842842102050781, ""lr"": 0.00010000000474974513, ""val_mae12"": 3.0600228309631348, ""val_me"": 3.527362615550877, ""val_me12"": 0.4823078684036228, ""mape_2021"": 29.49677276611328, ""mae_2021"": 6.026486396789551, ""mae12_2021"": 3.4449706077575684, ""me_2021"": 3.722599779504371, ""me12_2021"": -1.8056124651261727, ""epochs_trained"": 52}",2026-07-05T16:36:23.604356,completed,24.9
7,MAPE,96,2,selu,2,256,0.1,51.34660720825195,11.990189552307129,5.096232891082764,-1.5478986777136774,2.0460985672867444,51.34660720825195,7.70033597946167,5.322826385498047,-1.3650045259833548,-1.7010075174867505,38.94877624511719,"{""loss"": 23.17873191833496, ""mape"": 23.17873191833496, ""mae"": 4.8498382568359375, ""val_loss"": 51.34660720825195, ""val_mape"": 51.34660720825195, ""val_mae"": 11.990189552307129, ""lr"": 0.00010000000474974513, ""val_mae12"": 5.096232891082764, ""val_me"": -1.5478986777136774, ""val_me12"": 2.0460985672867444, ""mape_2021"": 38.94877624511719, ""mae_2021"": 7.70033597946167, ""mae12_2021"": 5.322826385498047, ""me_2021"": -1.3650045259833548, ""me12_2021"": -1.7010075174867505, ""epochs_trained"": 57}",2026-07-05T16:36:24.028186,completed,25.3
7,MAPE,96,2,selu,3,16,0.05,47.52309799194336,10.577025413513184,8.75545883178711,6.130546344635155,8.78273361059171,47.52309799194336,7.6967082023620605,11.575655937194824,6.128660829766616,11.661257153565746,48.07237243652344,"{""loss"": 37.527156829833984, ""mape"": 37.527156829833984, ""mae"": 8.276749610900879, ""val_loss"": 47.52309799194336, ""val_mape"": 47.52309799194336, ""val_mae"": 10.577025413513184, ""lr"": 0.00010000000474974513, ""val_mae12"": 8.75545883178711, ""val_me"": 6.130546344635155, ""val_me12"": 8.78273361059171, ""mape_2021"": 48.07237243652344, ""mae_2021"": 7.6967082023620605, ""mae12_2021"": 11.575655937194824, ""me_2021"": 6.128660829766616, ""me12_2021"": 11.661257153565746, ""epochs_trained"": 115}",2026-07-05T16:36:27.628511,completed,28.9
7,MAPE,96,2,selu,3,16,0.3,86.45001220703125,18.24298095703125,11.179888725280762,18.122546626226885,11.20737108210282,86.45001220703125,18.75468635559082,14.388256072998047,16.843966476244237,14.488452658866903,89.16417694091797,"{""loss"": 86.48065948486328, ""mape"": 86.48065948486328, ""mae"": 21.723365783691406, ""val_loss"": 86.45001220703125, ""val_mape"": 86.45001220703125, ""val_mae"": 18.24298095703125, ""lr"": 0.00010000000474974513, ""val_mae12"": 11.179888725280762, ""val_me"": 18.122546626226885, ""val_me12"": 11.20737108210282, ""mape_2021"": 89.16417694091797, ""mae_2021"": 18.75468635559082, ""mae12_2021"": 14.388256072998047, ""me_2021"": 16.843966476244237, ""me12_2021"": 14.488452658866903, ""epochs_trained"": 60}",2026-07-05T16:36:34.814384,completed,11.2
7,MAPE,96,2,selu,3,16,0.1,68.9393081665039,15.628121376037598,13.231765747070312,7.190598464535575,13.27457347120669,68.9393081665039,10.120574951171875,17.57416534423828,7.494317254316099,17.685088814666486,63.65645217895508,"{""loss"": 49.253204345703125, ""mape"": 49.253204345703125, ""mae"": 10.92808723449707, ""val_loss"": 68.9393081665039, ""val_mape"": 68.9393081665039, ""val_mae"": 15.628121376037598, ""lr"": 0.00010000000474974513, ""val_mae12"": 13.231765747070312, ""val_me"": 7.190598464535575, ""val_me12"": 13.27457347120669, ""mape_2021"": 63.65645217895508, ""mae_2021"": 10.120574951171875, ""mae12_2021"": 17.57416534423828, ""me_2021"": 7.494317254316099, ""me12_2021"": 17.685088814666486, ""epochs_trained"": 74}",2026-07-05T16:36:35.785096,completed,12.3
7,MAPE,96,2,selu,3,32,0.05,48.131858825683594,11.035627365112305,9.42194652557373,5.357107879344314,9.447719732164384,48.131858825683594,6.9313883781433105,12.272439956665039,4.9869296147591315,12.355522324899342,45.529720306396484,"{""loss"": 33.551788330078125, ""mape"": 33.551788330078125, ""mae"": 7.284339904785156, ""val_loss"": 48.131858825683594, ""val_mape"": 48.131858825683594, ""val_mae"": 11.035627365112305, ""lr"": 0.00010000000474974513, ""val_mae12"": 9.42194652557373, ""val_me"": 5.357107879344314, ""val_me12"": 9.447719732164384, ""mape_2021"": 45.529720306396484, ""mae_2021"": 6.9313883781433105, ""mae12_2021"": 12.272439956665039, ""me_2021"": 4.9869296147591315, ""me12_2021"": 12.355522324899342, ""epochs_trained"": 78}",2026-07-05T16:36:41.064152,completed,13.4
7,MAPE,96,2,selu,3,32,0.3,106.78925323486328,20.14872932434082,10.776057243347168,19.99234710814564,10.789242086447489,106.78925323486328,20.3549861907959,14.54166030883789,18.56829290672144,14.644932706304782,96.32801055908203,"{""loss"": 84.7725830078125, ""mape"": 84.7725830078125, ""mae"": 21.37090492248535, ""val_loss"": 106.78925323486328, ""val_mape"": 106.78925323486328, ""val_mae"": 20.14872932434082, ""lr"": 0.00010000000474974513, ""val_mae12"": 10.776057243347168, ""val_me"": 19.99234710814564, ""val_me12"": 10.789242086447489, ""mape_2021"": 96.32801055908203, ""mae_2021"": 20.3549861907959, ""mae12_2021"": 14.54166030883789, ""me_2021"": 18.56829290672144, ""me12_2021"": 14.644932706304782, ""epochs_trained"": 39}",2026-07-05T16:36:45.651710,completed,9.9
7,MAPE,96,2,selu,3,32,0.1,76.40645599365234,17.896860122680664,14.464879035949707,4.8741158321590285,14.499761477732143,76.40645599365234,8.040288925170898,18.00102424621582,4.741416992789713,18.10162339302517,55.36668014526367,"{""loss"": 40.921932220458984, ""mape"": 40.921932220458984, ""mae"": 9.048083305358887, ""val_loss"": 76.40645599365234, ""val_mape"": 76.40645599365234, ""val_mae"": 17.896860122680664, ""lr"": 0.00010000000474974513, ""val_mae12"": 14.464879035949707, ""val_me"": 4.8741158321590285, ""val_me12"": 14.499761477732143, ""mape_2021"": 55.36668014526367, ""mae_2021"": 8.040288925170898, ""mae12_2021"": 18.00102424621582, ""me_2021"": 4.741416992789713, ""me12_2021"": 18.10162339302517, ""epochs_trained"": 61}",2026-07-05T16:36:46.021156,completed,11.2
7,MAPE,96,2,selu,2,256,0.0,3.571772813796997,0.696333646774292,0.911438524723053,0.11739696603897062,0.3839201675933104,3.571772813796997,0.7007560133934021,0.7465966939926147,0.1490701432568609,-0.26667249865092674,3.92856502532959,"{""loss"": 2.8847742080688477, ""mape"": 2.8847742080688477, ""mae"": 0.5856315493583679, ""val_loss"": 3.571772813796997, ""val_mape"": 3.571772813796997, ""val_mae"": 0.696333646774292, ""lr"": 1.0000000656873453e-05, ""val_mae12"": 0.911438524723053, ""val_me"": 0.11739696603897062, ""val_me12"": 0.3839201675933104, ""mape_2021"": 3.92856502532959, ""mae_2021"": 0.7007560133934021, ""mae12_2021"": 0.7465966939926147, ""me_2021"": 0.1490701432568609, ""me12_2021"": -0.26667249865092674, ""epochs_trained"": 439}",2026-07-05T16:36:50.376529,completed,51.7
7,MAPE,96,2,selu,3,32,0.0,3.961693525314331,0.7959739565849304,0.9235343337059021,0.18317785089429398,0.3865469980282187,3.961693525314331,0.7166537642478943,0.9146636128425598,0.14189397473152723,-0.4664220983275059,4.263288974761963,"{""loss"": 2.9388232231140137, ""mape"": 2.9388232231140137, ""mae"": 0.6011757850646973, ""val_loss"": 3.961693525314331, ""val_mape"": 3.961693525314331, ""val_mae"": 0.7959739565849304, ""lr"": 1.0000000656873453e-05, ""val_mae12"": 0.9235343337059021, ""val_me"": 0.18317785089429398, ""val_me12"": 0.3865469980282187, ""mape_2021"": 4.263288974761963, ""mae_2021"": 0.7166537642478943, ""mae12_2021"": 0.9146636128425598, ""me_2021"": 0.14189397473152723, ""me12_2021"": -0.4664220983275059, ""epochs_trained"": 801}",2026-07-05T16:37:06.411830,completed,42.4
7,MAPE,96,2,selu,3,16,0.0,4.32188606262207,0.8593945503234863,0.9655044078826904,0.24778120106783796,0.3907755190217286,4.32188606262207,0.7395710945129395,0.8317499756813049,0.19395132052253247,-0.16168407269809593,4.107476711273193,"{""loss"": 3.0130724906921387, ""mape"": 3.0130724906921387, ""mae"": 0.6129980087280273, ""val_loss"": 4.32188606262207, ""val_mape"": 4.32188606262207, ""val_mae"": 0.8593945503234863, ""lr"": 0.00010000000474974513, ""val_mae12"": 0.9655044078826904, ""val_me"": 0.24778120106783796, ""val_me12"": 0.3907755190217286, ""mape_2021"": 4.107476711273193, ""mae_2021"": 0.7395710945129395, ""mae12_2021"": 0.8317499756813049, ""me_2021"": 0.19395132052253247, ""me12_2021"": -0.16168407269809593, ""epochs_trained"": 1218}",2026-07-05T16:37:13.964508,completed,75.3
7,MAPE,96,2,selu,3,64,0.3,126.87398529052734,24.430112838745117,4.152424335479736,22.865525948657393,3.665316492222406,126.87398529052734,22.011959075927734,6.298230171203613,21.378041163814682,6.0503219291386285,95.13141632080078,"{""loss"": 85.8487548828125, ""mape"": 85.8487548828125, ""mae"": 21.947460174560547, ""val_loss"": 126.87398529052734, ""val_mape"": 126.87398529052734, ""val_mae"": 24.430112838745117, ""lr"": 0.00010000000474974513, ""val_mae12"": 4.152424335479736, ""val_me"": 22.865525948657393, ""val_me12"": 3.665316492222406, ""mape_2021"": 95.13141632080078, ""mae_2021"": 22.011959075927734, ""mae12_2021"": 6.298230171203613, ""me_2021"": 21.378041163814682, ""me12_2021"": 6.0503219291386285, ""epochs_trained"": 29}",2026-07-05T16:37:32.503863,completed,17.7
7,MAPE,96,2,selu,3,64,0.1,69.86920928955078,16.49308204650879,13.901721954345703,5.409525720570746,13.936349631964072,69.86920928955078,8.188104629516602,17.648359298706055,5.021036942269351,17.75469644559043,56.9324951171875,"{""loss"": 35.901947021484375, ""mape"": 35.901947021484375, ""mae"": 7.894710063934326, ""val_loss"": 69.86920928955078, ""val_mape"": 69.86920928955078, ""val_mae"": 16.49308204650879, ""lr"": 0.00010000000474974513, ""val_mae12"": 13.901721954345703, ""val_me"": 5.409525720570746, ""val_me12"": 13.936349631964072, ""mape_2021"": 56.9324951171875, ""mae_2021"": 8.188104629516602, ""mae12_2021"": 17.648359298706055, ""me_2021"": 5.021036942269351, ""me12_2021"": 17.75469644559043, ""epochs_trained"": 52}",2026-07-05T16:37:34.074310,completed,19.3
7,MAPE,96,2,selu,3,128,0.05,28.521085739135742,6.784848690032959,2.822577714920044,0.9356721660296816,2.2024561349247667,28.521085739135742,5.604360580444336,1.9141641855239868,1.4204266705082191,1.0722411051211032,24.44496726989746,"{""loss"": 17.830961227416992, ""mape"": 17.830961227416992, ""mae"": 3.787555694580078, ""val_loss"": 28.521085739135742, ""val_mape"": 28.521085739135742, ""val_mae"": 6.784848690032959, ""lr"": 0.00010000000474974513, ""val_mae12"": 2.822577714920044, ""val_me"": 0.9356721660296816, ""val_me12"": 2.2024561349247667, ""mape_2021"": 24.44496726989746, ""mae_2021"": 5.604360580444336, ""mae12_2021"": 1.9141641855239868, ""me_2021"": 1.4204266705082191, ""me12_2021"": 1.0722411051211032, ""epochs_trained"": 55}",2026-07-05T16:37:34.323088,completed,19.5
7,MAPE,96,2,selu,3,64,0.05,22.822553634643555,5.374176025390625,2.234724283218384,-3.374630269157726,2.2258044740143066,22.822553634643555,4.857163906097412,2.413083076477051,-3.8215204911342413,2.37578071624433,23.201730728149414,"{""loss"": 11.324318885803223, ""mape"": 11.324318885803223, ""mae"": 2.530104637145996, ""val_loss"": 22.822553634643555, ""val_mape"": 22.822553634643555, ""val_mae"": 5.374176025390625, ""lr"": 1.0000000656873453e-05, ""val_mae12"": 2.234724283218384, ""val_me"": -3.374630269157726, ""val_me12"": 2.2258044740143066, ""mape_2021"": 23.201730728149414, ""mae_2021"": 4.857163906097412, ""mae12_2021"": 2.413083076477051, ""me_2021"": -3.8215204911342413, ""me12_2021"": 2.37578071624433, ""epochs_trained"": 165}",2026-07-05T16:37:48.176425,completed,33.4
7,MAPE,96,2,selu,3,128,0.1,56.287681579589844,13.908997535705566,7.099714279174805,-4.619673201803092,7.112417929204027,56.287681579589844,9.071671485900879,7.407959461212158,-3.8310968673517483,7.41376732812276,43.351585388183594,"{""loss"": 22.269132614135742, ""mape"": 22.269132614135742, ""mae"": 4.793851375579834, ""val_loss"": 56.287681579589844, ""val_mape"": 56.287681579589844, ""val_mae"": 13.908997535705566, ""lr"": 0.00010000000474974513, ""val_mae12"": 7.099714279174805, ""val_me"": -4.619673201803092, ""val_me12"": 7.112417929204027, ""mape_2021"": 43.351585388183594, ""mae_2021"": 9.071671485900879, ""mae12_2021"": 7.407959461212158, ""me_2021"": -3.8310968673517483, ""me12_2021"": 7.41376732812276, ""epochs_trained"": 57}",2026-07-05T16:37:48.735094,completed,16.2
7,MAPE,96,2,selu,3,128,0.3,94.74638366699219,14.779391288757324,5.771116256713867,22.583605211037383,5.480432723123778,94.74638366699219,21.92595863342285,8.280994415283203,21.041934426527998,8.184841486296778,95.9581069946289,"{""loss"": 79.35733795166016, ""mape"": 79.35733795166016, ""mae"": 19.851369857788086, ""val_loss"": 94.74638366699219, ""val_mape"": 94.74638366699219, ""val_mae"": 14.779391288757324, ""lr"": 0.00010000000474974513, ""val_mae12"": 5.771116256713867, ""val_me"": 22.583605211037383, ""val_me12"": 5.480432723123778, ""mape_2021"": 95.9581069946289, ""mae_2021"": 21.92595863342285, ""mae12_2021"": 8.280994415283203, ""me_2021"": 21.041934426527998, ""me12_2021"": 8.184841486296778, ""epochs_trained"": 27}",2026-07-05T16:37:53.168671,completed,19.1
7,MAPE,96,2,selu,3,256,0.05,28.185760498046875,6.498382091522217,2.7385239601135254,1.9979808280800597,-0.6833238792922696,28.185760498046875,5.088760852813721,3.5383245944976807,2.173260662831712,-2.6749918183010433,25.936317443847656,"{""loss"": 16.45107078552246, ""mape"": 16.45107078552246, ""mae"": 3.521394968032837, ""val_loss"": 28.185760498046875, ""val_mape"": 28.185760498046875, ""val_mae"": 6.498382091522217, ""lr"": 0.00010000000474974513, ""val_mae12"": 2.7385239601135254, ""val_me"": 1.9979808280800597, ""val_me12"": -0.6833238792922696, ""mape_2021"": 25.936317443847656, ""mae_2021"": 5.088760852813721, ""mae12_2021"": 3.5383245944976807, ""me_2021"": 2.173260662831712, ""me12_2021"": -2.6749918183010433, ""epochs_trained"": 43}",2026-07-05T16:38:13.108023,completed,24.9
7,MAPE,96,2,selu,3,256,0.1,58.727420806884766,13.935311317443848,6.352756977081299,-6.661728039873487,5.793107494308287,58.727420806884766,10.327123641967773,5.409801006317139,-6.354443525817228,2.4730358408901547,48.4593391418457,"{""loss"": 19.486034393310547, ""mape"": 19.486034393310547, ""mae"": 4.125309467315674, ""val_loss"": 58.727420806884766, ""val_mape"": 58.727420806884766, ""val_mae"": 13.935311317443848, ""lr"": 0.00010000000474974513, ""val_mae12"": 6.352756977081299, ""val_me"": -6.661728039873487, ""val_me12"": 5.793107494308287, ""mape_2021"": 48.4593391418457, ""mae_2021"": 10.327123641967773, ""mae12_2021"": 5.409801006317139, ""me_2021"": -6.354443525817228, ""me12_2021"": 2.4730358408901547, ""epochs_trained"": 45}",2026-07-05T16:38:13.831453,completed,25.1
7,MAPE,96,2,selu,3,128,0.0,3.649871587753296,0.7225211262702942,0.8499106168746948,0.12311593636533244,0.32579836144204904,3.649871587753296,0.693918764591217,0.8715311884880066,0.13610810007031907,-0.40759465224372626,4.056206703186035,"{""loss"": 2.888166666030884, ""mape"": 2.888166666030884, ""mae"": 0.5855910778045654, ""val_loss"": 3.649871587753296, ""val_mape"": 3.649871587753296, ""val_mae"": 0.7225211262702942, ""lr"": 1.0000000656873453e-05, ""val_mae12"": 0.8499106168746948, ""val_me"": 0.12311593636533244, ""val_me12"": 0.32579836144204904, ""mape_2021"": 4.056206703186035, ""mae_2021"": 0.693918764591217, ""mae12_2021"": 0.8715311884880066, ""me_2021"": 0.13610810007031907, ""me12_2021"": -0.40759465224372626, ""epochs_trained"": 377}",2026-07-05T16:38:14.762361,completed,59.9
7,MAPE,96,2,selu,3,256,0.3,112.41770935058594,17.350236892700195,4.781948089599609,23.769255249687077,4.454696128214391,112.41770935058594,22.763017654418945,6.9547600746154785,22.047848363390422,6.83853776061265,98.05184936523438,"{""loss"": 70.17320251464844, ""mape"": 70.17320251464844, ""mae"": 17.175947189331055, ""val_loss"": 112.41770935058594, ""val_mape"": 112.41770935058594, ""val_mae"": 17.350236892700195, ""lr"": 0.00010000000474974513, ""val_mae12"": 4.781948089599609, ""val_me"": 23.769255249687077, ""val_me12"": 4.454696128214391, ""mape_2021"": 98.05184936523438, ""mae_2021"": 22.763017654418945, ""mae12_2021"": 6.9547600746154785, ""me_2021"": 22.047848363390422, ""me12_2021"": 6.83853776061265, ""epochs_trained"": 26}",2026-07-05T16:38:15.621409,completed,22.5
7,MAPE,96,2,selu,3,256,0.0,3.522615432739258,0.6992186903953552,0.8604573011398315,0.10134396475989027,0.4072471717662924,3.522615432739258,0.6715192794799805,0.7983036637306213,0.12972632917289809,-0.2682625896444426,3.8878650665283203,"{""loss"": 2.961568832397461, ""mape"": 2.961568832397461, ""mae"": 0.6021443605422974, ""val_loss"": 3.522615432739258, ""val_mape"": 3.522615432739258, ""val_mae"": 0.6992186903953552, ""lr"": 0.00010000000474974513, ""val_mae12"": 0.8604573011398315, ""val_me"": 0.10134396475989027, ""val_me12"": 0.4072471717662924, ""mape_2021"": 3.8878650665283203, ""mae_2021"": 0.6715192794799805, ""mae12_2021"": 0.7983036637306213, ""me_2021"": 0.12972632917289809, ""me12_2021"": -0.2682625896444426, ""epochs_trained"": 251}",2026-07-05T16:38:18.590753,completed,44.3
7,MAPE,96,2,selu,3,64,0.0,3.7379517555236816,0.734097421169281,0.9083306789398193,0.12461755615356411,0.3697139774622342,3.7379517555236816,0.6840287446975708,0.7969445586204529,0.13248956644401358,-0.2188535759717453,3.883720874786377,"{""loss"": 2.8172109127044678, ""mape"": 2.8172109127044678, ""mae"": 0.5712822675704956, ""val_loss"": 3.7379517555236816, ""val_mape"": 3.7379517555236816, ""val_mae"": 0.734097421169281, ""lr"": 1.0000000656873453e-05, ""val_mae12"": 0.9083306789398193, ""val_me"": 0.12461755615356411, ""val_me12"": 0.3697139774622342, ""mape_2021"": 3.883720874786377, ""mae_2021"": 0.6840287446975708, ""mae12_2021"": 0.7969445586204529, ""me_2021"": 0.13248956644401358, ""me12_2021"": -0.2188535759717453, ""epochs_trained"": 624}",2026-07-05T16:38:23.368541,completed,68.6
7,MAPE,96,3,relu,1,16,0.0,11.406535148620605,2.7098617553710938,1.2040852308273315,1.0549178261558905,0.47558437206316645,11.406535148620605,3.3321661949157715,1.264479398727417,2.533167875466848,-0.9128132079116122,14.724089622497559,"{""loss"": 12.079023361206055, ""mape"": 12.079023361206055, ""mae"": 2.9837582111358643, ""val_loss"": 11.406535148620605, ""val_mape"": 11.406535148620605, ""val_mae"": 2.7098617553710938, ""lr"": 0.00010000000474974513, ""val_mae12"": 1.2040852308273315, ""val_me"": 1.0549178261558905, ""val_me12"": 0.47558437206316645, ""mape_2021"": 14.724089622497559, ""mae_2021"": 3.3321661949157715, ""mae12_2021"": 1.264479398727417, ""me_2021"": 2.533167875466848, ""me12_2021"": -0.9128132079116122, ""epochs_trained"": 1487}",2026-07-05T16:39:38.958481,completed,74.8
7,MAPE,96,3,relu,1,32,0.0,4.775821685791016,0.9778989553451538,1.15916109085083,-0.13737733282946868,0.7474804508823484,4.775821685791016,1.0876659154891968,1.0927484035491943,0.2915873584818394,-0.6404096263607846,5.861005783081055,"{""loss"": 4.65452766418457, ""mape"": 4.65452766418457, ""mae"": 1.0026766061782837, ""val_loss"": 4.775821685791016, ""val_mape"": 4.775821685791016, ""val_mae"": 0.9778989553451538, ""lr"": 0.00010000000474974513, ""val_mae12"": 1.15916109085083, ""val_me"": -0.13737733282946868, ""val_me12"": 0.7474804508823484, ""mape_2021"": 5.861005783081055, ""mae_2021"": 1.0876659154891968, ""mae12_2021"": 1.0927484035491943, ""me_2021"": 0.2915873584818394, ""me12_2021"": -0.6404096263607846, ""epochs_trained"": 1587}",2026-07-05T16:39:44.424744,completed,80.3
7,MAPE,96,3,relu,1,32,0.3,45.87104797363281,9.248893737792969,9.73458194732666,7.0588864156625135,9.422219235513442,45.87104797363281,10.439207077026367,11.358624458312988,8.509113224005457,11.104224569525492,61.03437805175781,"{""loss"": 50.229976654052734, ""mape"": 50.229976654052734, ""mae"": 11.000879287719727, ""val_loss"": 45.87104797363281, ""val_mape"": 45.87104797363281, ""val_mae"": 9.248893737792969, ""lr"": 0.00010000000474974513, ""val_mae12"": 9.73458194732666, ""val_me"": 7.0588864156625135, ""val_me12"": 9.422219235513442, ""mape_2021"": 61.03437805175781, ""mae_2021"": 10.439207077026367, ""mae12_2021"": 11.358624458312988, ""me_2021"": 8.509113224005457, ""me12_2021"": 11.104224569525492, ""epochs_trained"": 96}",2026-07-05T16:39:53.684237,completed,9.3
7,MAPE,96,3,relu,1,32,0.05,3.4086790084838867,0.6342875957489014,1.146169662475586,0.0672277261343607,0.10710205274304598,3.4086790084838867,0.8440601825714111,1.2824575901031494,0.42733166566545977,-0.11062722020286717,5.193719863891602,"{""loss"": 6.8811821937561035, ""mape"": 6.8811821937561035, ""mae"": 1.493499517440796, ""val_loss"": 3.4086790084838867, ""val_mape"": 3.4086790084838867, ""val_mae"": 0.6342875957489014, ""lr"": 1.0000000656873453e-05, ""val_mae12"": 1.146169662475586, ""val_me"": 0.0672277261343607, ""val_me12"": 0.10710205274304598, ""mape_2021"": 5.193719863891602, ""mae_2021"": 0.8440601825714111, ""mae12_2021"": 1.2824575901031494, ""me_2021"": 0.42733166566545977, ""me12_2021"": -0.11062722020286717, ""epochs_trained"": 1899}",2026-07-05T16:39:59.331436,completed,95.2
7,MAPE,96,3,relu,1,16,0.05,4.419025421142578,0.8841196298599243,1.58582603931427,0.2805953440599192,1.025042540934201,4.419025421142578,0.983852744102478,1.3190748691558838,0.584998906315289,0.1520397665694405,5.799726963043213,"{""loss"": 7.53809118270874, ""mape"": 7.53809118270874, ""mae"": 1.6554232835769653, ""val_loss"": 4.419025421142578, ""val_mape"": 4.419025421142578, ""val_mae"": 0.8841196298599243, ""lr"": 0.00010000000474974513, ""val_mae12"": 1.58582603931427, ""val_me"": 0.2805953440599192, ""val_me12"": 1.025042540934201, ""mape_2021"": 5.799726963043213, ""mae_2021"": 0.983852744102478, ""mae12_2021"": 1.3190748691558838, ""me_2021"": 0.584998906315289, ""me12_2021"": 0.1520397665694405, ""epochs_trained"": 1917}",2026-07-05T16:40:00.266409,completed,96.1
7,MAPE,96,3,relu,1,16,0.1,4.21570348739624,0.8218135237693787,1.1110581159591675,0.5210870297934899,0.4732110643621175,4.21570348739624,1.0920134782791138,1.209737777709961,0.872061070042717,-0.5996774239302184,6.053217887878418,"{""loss"": 9.860321044921875, ""mape"": 9.860321044921875, ""mae"": 2.251136302947998, ""val_loss"": 4.21570348739624, ""val_mape"": 4.21570348739624, ""val_mae"": 0.8218135237693787, ""lr"": 0.00010000000474974513, ""val_mae12"": 1.1110581159591675, ""val_me"": 0.5210870297934899, ""val_me12"": 0.4732110643621175, ""mape_2021"": 6.053217887878418, ""mae_2021"": 1.0920134782791138, ""mae12_2021"": 1.209737777709961, ""me_2021"": 0.872061070042717, ""me12_2021"": -0.5996774239302184, ""epochs_trained"": 1973}",2026-07-05T16:40:02.504881,completed,98.3
7,MAPE,96,3,relu,1,64,0.3,45.75183868408203,9.308445930480957,9.695515632629395,7.111299369593708,9.322142680276873,45.75183868408203,10.415220260620117,11.048625946044922,8.569378792711099,10.710408836860958,60.08915710449219,"{""loss"": 48.916690826416016, ""mape"": 48.916690826416016, ""mae"": 10.661138534545898, ""val_loss"": 45.75183868408203, ""val_mape"": 45.75183868408203, ""val_mae"": 9.308445930480957, ""lr"": 0.00010000000474974513, ""val_mae12"": 9.695515632629395, ""val_me"": 7.111299369593708, ""val_me12"": 9.322142680276873, ""mape_2021"": 60.08915710449219, ""mae_2021"": 10.415220260620117, ""mae12_2021"": 11.048625946044922, ""me_2021"": 8.569378792711099, ""me12_2021"": 10.710408836860958, ""epochs_trained"": 76}",2026-07-05T16:40:11.610776,completed,9.1
7,MAPE,96,3,relu,1,16,0.3,5.0074663162231445,1.0938146114349365,0.9869551062583923,0.9554399768949684,0.3257053342138642,5.0074663162231445,1.4318910837173462,0.9093493223190308,1.3786859091747974,-0.6005202589945059,7.123986721038818,"{""loss"": 17.395606994628906, ""mape"": 17.395606994628906, ""mae"": 4.148556232452393, ""val_loss"": 5.0074663162231445, ""val_mape"": 5.0074663162231445, ""val_mae"": 1.0938146114349365, ""lr"": 1.0000000656873453e-05, ""val_mae12"": 0.9869551062583923, ""val_me"": 0.9554399768949684, ""val_me12"": 0.3257053342138642, ""mape_2021"": 7.123986721038818, ""mae_2021"": 1.4318910837173462, ""mae12_2021"": 0.9093493223190308, ""me_2021"": 1.3786859091747974, ""me12_2021"": -0.6005202589945059, ""epochs_trained"": 2255}",2026-07-05T16:40:16.171838,completed,112.0
7,MAPE,96,3,relu,1,32,0.1,3.69358491897583,0.6946420669555664,0.9285398721694946,0.035851303582059985,0.32640571689623027,3.69358491897583,0.912691056728363,1.1389288902282715,0.46852901578187345,-0.2558745130802145,5.5525898933410645,"{""loss"": 8.397351264953613, ""mape"": 8.397351264953613, ""mae"": 1.8894201517105103, ""val_loss"": 3.69358491897583, ""val_mape"": 3.69358491897583, ""val_mae"": 0.6946420669555664, ""lr"": 0.00010000000474974513, ""val_mae12"": 0.9285398721694946, ""val_me"": 0.035851303582059985, ""val_me12"": 0.32640571689623027, ""mape_2021"": 5.5525898933410645, ""mae_2021"": 0.912691056728363, ""mae12_2021"": 1.1389288902282715, ""me_2021"": 0.46852901578187345, ""me12_2021"": -0.2558745130802145, ""epochs_trained"": 1479}",2026-07-05T16:40:50.956985,completed,72.0
7,MAPE,96,3,relu,1,64,0.1,3.792095899581909,0.7294182181358337,1.0452466011047363,-0.13211420564240636,0.4799110577205126,3.792095899581909,0.8411844968795776,1.2806836366653442,0.21483657906125064,0.24091353762321385,5.6845879554748535,"{""loss"": 7.248598098754883, ""mape"": 7.248598098754883, ""mae"": 1.5672696828842163, ""val_loss"": 3.792095899581909, ""val_mape"": 3.792095899581909, ""val_mae"": 0.7294182181358337, ""lr"": 1.0000000656873453e-05, ""val_mae12"": 1.0452466011047363, ""val_me"": -0.13211420564240636, ""val_me12"": 0.4799110577205126, ""mape_2021"": 5.6845879554748535, ""mae_2021"": 0.8411844968795776, ""mae12_2021"": 1.2806836366653442, ""me_2021"": 0.21483657906125064, ""me12_2021"": 0.24091353762321385, ""epochs_trained"": 1135}",2026-07-05T16:40:56.100168,completed,55.8
7,MAPE,96,3,relu,1,64,0.05,3.6124703884124756,0.7058196663856506,1.0231027603149414,-0.22559311722364833,0.569341316246578,3.6124703884124756,0.7744585275650024,0.9557312726974487,0.12181304980533293,0.052148546867408635,4.564579010009766,"{""loss"": 5.840385437011719, ""mape"": 5.840385437011719, ""mae"": 1.2172338962554932, ""val_loss"": 3.6124703884124756, ""val_mape"": 3.6124703884124756, ""val_mae"": 0.7058196663856506, ""lr"": 1.0000000656873453e-05, ""val_mae12"": 1.0231027603149414, ""val_me"": -0.22559311722364833, ""val_me12"": 0.569341316246578, ""mape_2021"": 4.564579010009766, ""mae_2021"": 0.7744585275650024, ""mae12_2021"": 0.9557312726974487, ""me_2021"": 0.12181304980533293, ""me12_2021"": 0.052148546867408635, ""epochs_trained"": 1177}",2026-07-05T16:40:56.589381,completed,57.3
7,MAPE,96,3,relu,1,64,0.0,4.95315408706665,1.0500849485397339,1.4986062049865723,-0.006021722895493078,0.8309221304375745,4.95315408706665,1.2346465587615967,1.0241882801055908,0.43368862887393755,-0.34727749368266436,6.394558906555176,"{""loss"": 5.080780506134033, ""mape"": 5.080780506134033, ""mae"": 1.139085292816162, ""val_loss"": 4.95315408706665, ""val_mape"": 4.95315408706665, ""val_mae"": 1.0500849485397339, ""lr"": 1.0000000656873453e-05, ""val_mae12"": 1.4986062049865723, ""val_me"": -0.006021722895493078, ""val_me12"": 0.8309221304375745, ""mape_2021"": 6.394558906555176, ""mae_2021"": 1.2346465587615967, ""mae12_2021"": 1.0241882801055908, ""me_2021"": 0.43368862887393755, ""me12_2021"": -0.34727749368266436, ""epochs_trained"": 1959}",2026-07-05T16:41:15.536616,completed,81.8
7,MAPE,96,3,relu,1,128,0.3,45.1273193359375,9.259885787963867,9.523187637329102,6.770624189617272,9.138349775167187,45.1273193359375,10.316181182861328,10.71079158782959,8.301598351985524,10.244117762461363,58.79037857055664,"{""loss"": 47.72431182861328, ""mape"": 47.72431182861328, ""mae"": 10.387588500976562, ""val_loss"": 45.1273193359375, ""val_mape"": 45.1273193359375, ""val_mae"": 9.259885787963867, ""lr"": 0.00010000000474974513, ""val_mae12"": 9.523187637329102, ""val_me"": 6.770624189617272, ""val_me12"": 9.138349775167187, ""mape_2021"": 58.79037857055664, ""mae_2021"": 10.316181182861328, ""mae12_2021"": 10.71079158782959, ""me_2021"": 8.301598351985524, ""me12_2021"": 10.244117762461363, ""epochs_trained"": 71}",2026-07-05T16:41:36.498576,completed,20.2
7,MAPE,96,3,relu,1,256,0.1,3.5344038009643555,0.6965813636779785,0.823140561580658,-0.32007085399745183,0.2613850645749342,3.5344038009643555,0.7449856400489807,1.103546142578125,0.004839872540351124,-0.2733686774874678,4.783903121948242,"{""loss"": 5.149628162384033, ""mape"": 5.149628162384033, ""mae"": 1.0742853879928589, ""val_loss"": 3.5344038009643555, ""val_mape"": 3.5344038009643555, ""val_mae"": 0.6965813636779785, ""lr"": 0.00010000000474974513, ""val_mae12"": 0.823140561580658, ""val_me"": -0.32007085399745183, ""val_me12"": 0.2613850645749342, ""mape_2021"": 4.783903121948242, ""mae_2021"": 0.7449856400489807, ""mae12_2021"": 1.103546142578125, ""me_2021"": 0.004839872540351124, ""me12_2021"": -0.2733686774874678, ""epochs_trained"": 797}",2026-07-05T16:43:13.225428,completed,96.7
7,MAPE,96,3,relu,1,256,0.3,45.02032470703125,9.277450561523438,10.240337371826172,6.811239137451301,9.84622928358111,45.02032470703125,10.349111557006836,11.677730560302734,8.263257800212752,11.412505057380766,60.373748779296875,"{""loss"": 46.63365936279297, ""mape"": 46.63365936279297, ""mae"": 10.137933731079102, ""val_loss"": 45.02032470703125, ""val_mape"": 45.02032470703125, ""val_mae"": 9.277450561523438, ""lr"": 0.00010000000474974513, ""val_mae12"": 10.240337371826172, ""val_me"": 6.811239137451301, ""val_me12"": 9.84622928358111, ""mape_2021"": 60.373748779296875, ""mae_2021"": 10.349111557006836, ""mae12_2021"": 11.677730560302734, ""me_2021"": 8.263257800212752, ""me12_2021"": 11.412505057380766, ""epochs_trained"": 55}",2026-07-05T16:43:28.841554,completed,15.6
7,MAPE,96,3,relu,1,256,0.0,3.7287673950195312,0.75441575050354,0.9352196455001831,-0.24477079706639734,0.471730508246246,3.7287673950195312,0.8059775829315186,0.9648897647857666,0.1321097856623583,-0.531141123028205,4.636370658874512,"{""loss"": 3.5917539596557617, ""mape"": 3.5917539596557617, ""mae"": 0.7697901129722595, ""val_loss"": 3.7287673950195312, ""val_mape"": 3.7287673950195312, ""val_mae"": 0.75441575050354, ""lr"": 1.0000000656873453e-05, ""val_mae12"": 0.9352196455001831, ""val_me"": -0.24477079706639734, ""val_me12"": 0.471730508246246, ""mape_2021"": 4.636370658874512, ""mae_2021"": 0.8059775829315186, ""mae12_2021"": 0.9648897647857666, ""me_2021"": 0.1321097856623583, ""me12_2021"": -0.531141123028205, ""epochs_trained"": 1309}",2026-07-05T16:43:49.135413,completed,152.8
7,MAPE,96,3,relu,2,16,0.05,47.123016357421875,9.496060371398926,11.207962989807129,6.937144439782145,11.1932342515575,47.123016357421875,10.379447937011719,13.389571189880371,8.251518467358963,13.36946171658299,63.46950149536133,"{""loss"": 48.94325256347656, ""mape"": 48.94325256347656, ""mae"": 10.589142799377441, ""val_loss"": 47.123016357421875, ""val_mape"": 47.123016357421875, ""val_mae"": 9.496060371398926, ""lr"": 0.00010000000474974513, ""val_mae12"": 11.207962989807129, ""val_me"": 6.937144439782145, ""val_me12"": 11.1932342515575, ""mape_2021"": 63.46950149536133, ""mae_2021"": 10.379447937011719, ""mae12_2021"": 13.389571189880371, ""me_2021"": 8.251518467358963, ""me12_2021"": 13.36946171658299, ""epochs_trained"": 91}",2026-07-05T16:44:04.858986,completed,15.7
7,MAPE,96,3,relu,2,16,0.1,4.5553693771362305,0.8971883058547974,1.6206203699111938,0.5376219268648826,1.1990762355697628,4.5553693771362305,1.1769508123397827,1.5623129606246948,0.9568954465075514,0.10123364280611771,6.376722812652588,"{""loss"": 11.951559066772461, ""mape"": 11.951559066772461, ""mae"": 2.7744953632354736, ""val_loss"": 4.5553693771362305, ""val_mape"": 4.5553693771362305, ""val_mae"": 0.8971883058547974, ""lr"": 0.00010000000474974513, ""val_mae12"": 1.6206203699111938, ""val_me"": 0.5376219268648826, ""val_me12"": 1.1990762355697628, ""mape_2021"": 6.376722812652588, ""mae_2021"": 1.1769508123397827, ""mae12_2021"": 1.5623129606246948, ""me_2021"": 0.9568954465075514, ""me12_2021"": 0.10123364280611771, ""epochs_trained"": 886}",2026-07-05T16:45:28.244364,completed,83.4
7,MAPE,96,3,relu,2,16,0.3,7.141120910644531,1.508950114250183,1.2432007789611816,1.306388814275188,0.552857199126316,7.141120910644531,1.846989393234253,1.2319719791412354,1.7672012527921772,-0.6308517414844097,9.42142105102539,"{""loss"": 21.509361267089844, ""mape"": 21.509361267089844, ""mae"": 5.087848663330078, ""val_loss"": 7.141120910644531, ""val_mape"": 7.141120910644531, ""val_mae"": 1.508950114250183, ""lr"": 0.00010000000474974513, ""val_mae12"": 1.2432007789611816, ""val_me"": 1.306388814275188, ""val_me12"": 0.552857199126316, ""mape_2021"": 9.42142105102539, ""mae_2021"": 1.846989393234253, ""mae12_2021"": 1.2319719791412354, ""me_2021"": 1.7672012527921772, ""me12_2021"": -0.6308517414844097, ""epochs_trained"": 763}",2026-07-05T16:46:42.782099,completed,74.5
7,MAPE,96,3,relu,1,256,0.05,6.22070837020874,1.2943311929702759,1.5325039625167847,-0.14560240615018238,1.1535671317327107,6.22070837020874,1.4809372425079346,1.1620970964431763,0.3171634050307797,0.43837872449287046,8.110873222351074,"{""loss"": 7.2536396980285645, ""mape"": 7.2536396980285645, ""mae"": 1.5625327825546265, ""val_loss"": 6.22070837020874, ""val_mape"": 6.22070837020874, ""val_mae"": 1.2943311929702759, ""lr"": 9.999999747378752e-06, ""val_mae12"": 1.5325039625167847, ""val_me"": -0.14560240615018238, ""val_me12"": 1.1535671317327107, ""mape_2021"": 8.110873222351074, ""mae_2021"": 1.4809372425079346, ""mae12_2021"": 1.1620970964431763, ""me_2021"": 0.3171634050307797, ""me12_2021"": 0.43837872449287046, ""epochs_trained"": 4088}",2026-07-05T16:47:34.214619,completed,377.9
7,MAPE,96,3,relu,1,128,0.1,11.759040832519531,2.3695414066314697,3.0721452236175537,0.5853914603850326,2.3207042118244816,11.759040832519531,2.89504337310791,2.2479681968688965,1.241826734063574,1.128524628967107,15.760189056396484,"{""loss"": 14.424057960510254, ""mape"": 14.424057960510254, ""mae"": 3.098689556121826, ""val_loss"": 11.759040832519531, ""val_mape"": 11.759040832519531, ""val_mae"": 2.3695414066314697, ""lr"": 1.0000000656873453e-05, ""val_mae12"": 3.0721452236175537, ""val_me"": 0.5853914603850326, ""val_me12"": 2.3207042118244816, ""mape_2021"": 15.760189056396484, ""mae_2021"": 2.89504337310791, ""mae12_2021"": 2.2479681968688965, ""me_2021"": 1.241826734063574, ""me12_2021"": 1.128524628967107, ""epochs_trained"": 4125}",2026-07-05T16:47:39.757505,completed,383.4
7,MAPE,96,3,relu,1,128,0.05,7.931493759155273,1.6234471797943115,1.9434739351272583,0.12618816467953145,1.4370640582032115,7.931493759155273,1.9287316799163818,1.645996332168579,0.6271679839448108,0.5812179437760451,10.775520324707031,"{""loss"": 9.240073204040527, ""mape"": 9.240073204040527, ""mae"": 1.975916862487793, ""val_loss"": 7.931493759155273, ""val_mape"": 7.931493759155273, ""val_mae"": 1.6234471797943115, ""lr"": 1.0000000656873453e-05, ""val_mae12"": 1.9434739351272583, ""val_me"": 0.12618816467953145, ""val_me12"": 1.4370640582032115, ""mape_2021"": 10.775520324707031, ""mae_2021"": 1.9287316799163818, ""mae12_2021"": 1.645996332168579, ""me_2021"": 0.6271679839448108, ""me12_2021"": 0.5812179437760451, ""epochs_trained"": 4841}",2026-07-05T16:48:12.900859,completed,416.6
7,MAPE,96,3,relu,1,128,0.0,6.5410943031311035,1.3716872930526733,1.8848353624343872,0.14579845667139926,1.5692049597183657,6.5410943031311035,1.5086804628372192,1.0990806818008423,0.4581886973780126,-0.073642634011469,7.61787748336792,"{""loss"": 5.832014560699463, ""mape"": 5.832014560699463, ""mae"": 1.3368887901306152, ""val_loss"": 6.5410943031311035, ""val_mape"": 6.5410943031311035, ""val_mae"": 1.3716872930526733, ""lr"": 1.0000000656873453e-05, ""val_mae12"": 1.8848353624343872, ""val_me"": 0.14579845667139926, ""val_me12"": 1.5692049597183657, ""mape_2021"": 7.61787748336792, ""mae_2021"": 1.5086804628372192, ""mae12_2021"": 1.0990806818008423, ""me_2021"": 0.4581886973780126, ""me12_2021"": -0.073642634011469, ""epochs_trained"": 6241}",2026-07-05T16:49:01.838278,completed,465.5
7,MAPE,96,3,relu,2,16,0.0,4.420083999633789,0.8630169630050659,1.5946543216705322,-0.39536544627505704,1.1051580889284889,4.420083999633789,0.8575659394264221,1.0031989812850952,0.020679654792267098,-0.024699512266390385,4.698984622955322,"{""loss"": 3.8064651489257812, ""mape"": 3.8064651489257812, ""mae"": 0.7934348583221436, ""val_loss"": 4.420083999633789, ""val_mape"": 4.420083999633789, ""val_mae"": 0.8630169630050659, ""lr"": 9.999999747378752e-06, ""val_mae12"": 1.5946543216705322, ""val_me"": -0.39536544627505704, ""val_me12"": 1.1051580889284889, ""mape_2021"": 4.698984622955322, ""mae_2021"": 0.8575659394264221, ""mae12_2021"": 1.0031989812850952, ""me_2021"": 0.020679654792267098, ""me12_2021"": -0.024699512266390385, ""epochs_trained"": 6385}",2026-07-05T16:49:37.224129,completed,368.4
7,MAPE,96,3,relu,2,32,0.1,44.36109924316406,9.098259925842285,9.942623138427734,7.005974139499987,9.441536288711285,44.36109924316406,10.16203784942627,11.147614479064941,8.404133683159284,10.614424976191644,58.707149505615234,"{""loss"": 46.47935104370117, ""mape"": 46.47935104370117, ""mae"": 10.248457908630371, ""val_loss"": 44.36109924316406, ""val_mape"": 44.36109924316406, ""val_mae"": 9.098259925842285, ""lr"": 0.00010000000474974513, ""val_mae12"": 9.942623138427734, ""val_me"": 7.005974139499987, ""val_me12"": 9.441536288711285, ""mape_2021"": 58.707149505615234, ""mae_2021"": 10.16203784942627, ""mae12_2021"": 11.147614479064941, ""me_2021"": 8.404133683159284, ""me12_2021"": 10.614424976191644, ""epochs_trained"": 84}",2026-07-05T16:49:54.697643,completed,16.6
7,MAPE,96,3,relu,2,32,0.0,45.49185562133789,8.99547290802002,11.66754150390625,6.728113242052117,11.691016896744259,45.49185562133789,10.3038330078125,13.826440811157227,8.120273023090503,13.812680058163133,63.450157165527344,"{""loss"": 45.75576400756836, ""mape"": 45.75576400756836, ""mae"": 9.688641548156738, ""val_loss"": 45.49185562133789, ""val_mape"": 45.49185562133789, ""val_mae"": 8.99547290802002, ""lr"": 0.00010000000474974513, ""val_mae12"": 11.66754150390625, ""val_me"": 6.728113242052117, ""val_me12"": 11.691016896744259, ""mape_2021"": 63.450157165527344, ""mae_2021"": 10.3038330078125, ""mae12_2021"": 13.826440811157227, ""me_2021"": 8.120273023090503, ""me12_2021"": 13.812680058163133, ""epochs_trained"": 90}",2026-07-05T16:49:54.863984,completed,16.8
7,MAPE,96,3,relu,2,64,0.1,45.61647415161133,9.193180084228516,12.60294246673584,6.7006737478329885,12.691153520281896,45.61647415161133,10.191014289855957,14.630254745483398,7.998696634411209,14.689120464008775,63.28432846069336,"{""loss"": 46.548683166503906, ""mape"": 46.548683166503906, ""mae"": 10.076494216918945, ""val_loss"": 45.61647415161133, ""val_mape"": 45.61647415161133, ""val_mae"": 9.193180084228516, ""lr"": 0.00010000000474974513, ""val_mae12"": 12.60294246673584, ""val_me"": 6.7006737478329885, ""val_me12"": 12.691153520281896, ""mape_2021"": 63.28432846069336, ""mae_2021"": 10.191014289855957, ""mae12_2021"": 14.630254745483398, ""me_2021"": 7.998696634411209, ""me12_2021"": 14.689120464008775, ""epochs_trained"": 60}",2026-07-05T16:50:04.968930,completed,10.3
7,MAPE,96,3,relu,2,64,0.05,3.9949774742126465,0.7309821844100952,1.8647056818008423,-0.17173925719673666,1.6820970199788283,3.9949774742126465,0.7575263381004333,1.3512557744979858,0.13686161526576818,0.7686812063428589,4.796424388885498,"{""loss"": 6.14625883102417, ""mape"": 6.14625883102417, ""mae"": 1.327121376991272, ""val_loss"": 3.9949774742126465, ""val_mape"": 3.9949774742126465, ""val_mae"": 0.7309821844100952, ""lr"": 0.00010000000474974513, ""val_mae12"": 1.8647056818008423, ""val_me"": -0.17173925719673666, ""val_me12"": 1.6820970199788283, ""mape_2021"": 4.796424388885498, ""mae_2021"": 0.7575263381004333, ""mae12_2021"": 1.3512557744979858, ""me_2021"": 0.13686161526576818, ""me12_2021"": 0.7686812063428589, ""epochs_trained"": 624}",2026-07-05T16:50:33.273389,completed,55.2
7,MAPE,96,3,relu,2,64,0.0,3.9249625205993652,0.7652106881141663,1.3347392082214355,-0.32942994546272464,1.089769257553398,3.9249625205993652,0.8051354885101318,0.9786705374717712,-0.025598934593720816,0.2389887671874126,4.567336559295654,"{""loss"": 3.486051321029663, ""mape"": 3.486051321029663, ""mae"": 0.7251197099685669, ""val_loss"": 3.9249625205993652, ""val_mape"": 3.9249625205993652, ""val_mae"": 0.7652106881141663, ""lr"": 1.0000000656873453e-05, ""val_mae12"": 1.3347392082214355, ""val_me"": -0.32942994546272464, ""val_me12"": 1.089769257553398, ""mape_2021"": 4.567336559295654, ""mae_2021"": 0.8051354885101318, ""mae12_2021"": 0.9786705374717712, ""me_2021"": -0.025598934593720816, ""me12_2021"": 0.2389887671874126, ""epochs_trained"": 656}",2026-07-05T16:50:34.689093,completed,56.6
7,MAPE,96,3,relu,2,32,0.3,4.511617183685303,0.7694274187088013,2.1923279762268066,0.25485839553136086,2.0462611804979396,4.511617183685303,1.0005468130111694,1.4162306785583496,0.672819971694312,1.067146165761191,6.984845161437988,"{""loss"": 14.747110366821289, ""mape"": 14.747110366821289, ""mae"": 3.4200408458709717, ""val_loss"": 4.511617183685303, ""val_mape"": 4.511617183685303, ""val_mae"": 0.7694274187088013, ""lr"": 1.0000000656873453e-05, ""val_mae12"": 2.1923279762268066, ""val_me"": 0.25485839553136086, ""val_me12"": 2.0462611804979396, ""mape_2021"": 6.984845161437988, ""mae_2021"": 1.0005468130111694, ""mae12_2021"": 1.4162306785583496, ""me_2021"": 0.672819971694312, ""me12_2021"": 1.067146165761191, ""epochs_trained"": 703}",2026-07-05T16:50:37.564694,completed,59.5
7,MAPE,96,3,relu,2,64,0.3,4.180930137634277,0.7472859621047974,2.0873425006866455,0.03167925638264517,1.9214401611314351,4.180930137634277,0.8596538305282593,1.1510405540466309,0.4545962522871989,0.45538829072046555,5.029201984405518,"{""loss"": 11.783312797546387, ""mape"": 11.783312797546387, ""mae"": 2.70617938041687, ""val_loss"": 4.180930137634277, ""val_mape"": 4.180930137634277, ""val_mae"": 0.7472859621047974, ""lr"": 1.0000000656873453e-05, ""val_mae12"": 2.0873425006866455, ""val_me"": 0.03167925638264517, ""val_me12"": 1.9214401611314351, ""mape_2021"": 5.029201984405518, ""mae_2021"": 0.8596538305282593, ""mae12_2021"": 1.1510405540466309, ""me_2021"": 0.4545962522871989, ""me12_2021"": 0.45538829072046555, ""epochs_trained"": 581}",2026-07-05T16:50:44.710528,completed,49.8
7,MAPE,96,3,relu,2,128,0.0,3.9271316528320312,0.7572280168533325,1.8519338369369507,-0.34849958675465476,1.5354977936126146,3.9271316528320312,0.8012927770614624,1.6149283647537231,-0.0403525568840306,0.8111625076262539,5.1198015213012695,"{""loss"": 3.1589694023132324, ""mape"": 3.1589694023132324, ""mae"": 0.6447051167488098, ""val_loss"": 3.9271316528320312, ""val_mape"": 3.9271316528320312, ""val_mae"": 0.7572280168533325, ""lr"": 1.0000000656873453e-05, ""val_mae12"": 1.8519338369369507, ""val_me"": -0.34849958675465476, ""val_me12"": 1.5354977936126146, ""mape_2021"": 5.1198015213012695, ""mae_2021"": 0.8012927770614624, ""mae12_2021"": 1.6149283647537231, ""me_2021"": -0.0403525568840306, ""me12_2021"": 0.8111625076262539, ""epochs_trained"": 509}",2026-07-05T16:50:52.514695,completed,47.5
7,MAPE,96,3,relu,2,32,0.05,3.598332643508911,0.6496090888977051,1.8947988748550415,-0.11443673029411254,1.6025939925746013,3.598332643508911,0.7352455854415894,1.5574995279312134,0.2625160190476703,0.588715532569482,4.749351501464844,"{""loss"": 6.720026016235352, ""mape"": 6.720026016235352, ""mae"": 1.4956501722335815, ""val_loss"": 3.598332643508911, ""val_mape"": 3.598332643508911, ""val_mae"": 0.6496090888977051, ""lr"": 1.0000000656873453e-05, ""val_mae12"": 1.8947988748550415, ""val_me"": -0.11443673029411254, ""val_me12"": 1.6025939925746013, ""mape_2021"": 4.749351501464844, ""mae_2021"": 0.7352455854415894, ""mae12_2021"": 1.5574995279312134, ""me_2021"": 0.2625160190476703, ""me12_2021"": 0.588715532569482, ""epochs_trained"": 923}",2026-07-05T16:50:59.251068,completed,81.2
7,MAPE,96,3,relu,2,128,0.05,3.9083468914031982,0.711982011795044,2.074983835220337,-0.204095425483799,1.818442746666562,3.9083468914031982,0.7520774006843567,1.4577652215957642,0.09156889374651515,0.7752357035417851,4.705495357513428,"{""loss"": 4.946798801422119, ""mape"": 4.946798801422119, ""mae"": 1.054498553276062, ""val_loss"": 3.9083468914031982, ""val_mape"": 3.9083468914031982, ""val_mae"": 0.711982011795044, ""lr"": 0.00010000000474974513, ""val_mae12"": 2.074983835220337, ""val_me"": -0.204095425483799, ""val_me12"": 1.818442746666562, ""mape_2021"": 4.705495357513428, ""mae_2021"": 0.7520774006843567, ""mae12_2021"": 1.4577652215957642, ""me_2021"": 0.09156889374651515, ""me12_2021"": 0.7752357035417851, ""epochs_trained"": 522}",2026-07-05T16:51:24.696625,completed,51.4
7,MAPE,96,3,relu,2,128,0.1,3.929142475128174,0.7140300869941711,1.9596610069274902,-0.2587564604436343,1.6674531085551063,3.929142475128174,0.7202464938163757,1.4173624515533447,0.07325029317783222,0.5777702466575685,4.589663982391357,"{""loss"": 5.857366561889648, ""mape"": 5.857366561889648, ""mae"": 1.2751355171203613, ""val_loss"": 3.929142475128174, ""val_mape"": 3.929142475128174, ""val_mae"": 0.7140300869941711, ""lr"": 1.0000000656873453e-05, ""val_mae12"": 1.9596610069274902, ""val_me"": -0.2587564604436343, ""val_me12"": 1.6674531085551063, ""mape_2021"": 4.589663982391357, ""mae_2021"": 0.7202464938163757, ""mae12_2021"": 1.4173624515533447, ""me_2021"": 0.07325029317783222, ""me12_2021"": 0.5777702466575685, ""epochs_trained"": 573}",2026-07-05T16:51:28.454820,completed,53.8
7,MAPE,96,3,relu,2,128,0.3,4.035007476806641,0.7203940749168396,2.3990323543548584,-0.07521456450327112,2.2912284511707455,4.035007476806641,0.7788020968437195,1.3303921222686768,0.28364490359220407,0.7197907842790137,5.000110149383545,"{""loss"": 9.660456657409668, ""mape"": 9.660456657409668, ""mae"": 2.209444284439087, ""val_loss"": 4.035007476806641, ""val_mape"": 4.035007476806641, ""val_mae"": 0.7203940749168396, ""lr"": 0.00010000000474974513, ""val_mae12"": 2.3990323543548584, ""val_me"": -0.07521456450327112, ""val_me12"": 2.2912284511707455, ""mape_2021"": 5.000110149383545, ""mae_2021"": 0.7788020968437195, ""mae12_2021"": 1.3303921222686768, ""me_2021"": 0.28364490359220407, ""me12_2021"": 0.7197907842790137, ""epochs_trained"": 554}",2026-07-05T16:51:29.402122,completed,51.8
8,MAPE,96,2,selu,2,32,0.3,102.2955551147461,23.2683048248291,3.525047779083252,22.963316490604203,1.7829805707755606,102.2955551147461,22.07518768310547,5.823637008666992,21.53353721395894,4.6839755952728614,95.50210571289062,"{""loss"": 89.64104461669922, ""mape"": 89.64104461669922, ""mae"": 22.919570922851562, ""val_loss"": 102.2955551147461, ""val_mape"": 102.2955551147461, ""val_mae"": 23.2683048248291, ""lr"": 0.00010000000474974513, ""val_mae12"": 3.525047779083252, ""val_me"": 22.963316490604203, ""val_me12"": 1.7829805707755606, ""mape_2021"": 95.50210571289062, ""mae_2021"": 22.07518768310547, ""mae12_2021"": 5.823637008666992, ""me_2021"": 21.53353721395894, ""me12_2021"": 4.6839755952728614, ""epochs_trained"": 31}",2026-07-05T16:51:43.315899,completed,13.1
8,MAPE,96,2,selu,2,64,0.05,55.246707916259766,12.359731674194336,8.308900833129883,9.174507646583859,8.127164955241595,55.246707916259766,10.801614761352539,12.138257026672363,9.350866770939154,12.127369961510714,63.78083419799805,"{""loss"": 42.14228820800781, ""mape"": 42.14228820800781, ""mae"": 9.073291778564453, ""val_loss"": 55.246707916259766, ""val_mape"": 55.246707916259766, ""val_mae"": 12.359731674194336, ""lr"": 0.00010000000474974513, ""val_mae12"": 8.308900833129883, ""val_me"": 9.174507646583859, ""val_me12"": 8.127164955241595, ""mape_2021"": 63.78083419799805, ""mae_2021"": 10.801614761352539, ""mae12_2021"": 12.138257026672363, ""me_2021"": 9.350866770939154, ""me12_2021"": 12.127369961510714, ""epochs_trained"": 54}",2026-07-05T16:51:44.330531,completed,14.1
8,MAPE,96,2,selu,2,32,0.05,53.09799575805664,12.131141662597656,6.828519344329834,8.195599136405392,6.736952204424814,53.09799575805664,9.9380464553833,9.689939498901367,8.541671007541664,9.705179909019066,56.171207427978516,"{""loss"": 41.273841857910156, ""mape"": 41.273841857910156, ""mae"": 9.068766593933105, ""val_loss"": 53.09799575805664, ""val_mape"": 53.09799575805664, ""val_mae"": 12.131141662597656, ""lr"": 0.00010000000474974513, ""val_mae12"": 6.828519344329834, ""val_me"": 8.195599136405392, ""val_me12"": 6.736952204424814, ""mape_2021"": 56.171207427978516, ""mae_2021"": 9.9380464553833, ""mae12_2021"": 9.689939498901367, ""me_2021"": 8.541671007541664, ""me12_2021"": 9.705179909019066, ""epochs_trained"": 65}",2026-07-05T16:51:44.685130,completed,14.5
8,MAPE,96,2,selu,2,32,0.1,52.80223083496094,11.61428451538086,10.863484382629395,6.2114432319201,10.89551958936726,52.80223083496094,8.410694122314453,14.638072967529297,6.169092807892741,14.73068519127982,54.058475494384766,"{""loss"": 40.45128631591797, ""mape"": 40.45128631591797, ""mae"": 8.764104843139648, ""val_loss"": 52.80223083496094, ""val_mape"": 52.80223083496094, ""val_mae"": 11.61428451538086, ""lr"": 0.00010000000474974513, ""val_mae12"": 10.863484382629395, ""val_me"": 6.2114432319201, ""val_me12"": 10.89551958936726, ""mape_2021"": 54.058475494384766, ""mae_2021"": 8.410694122314453, ""mae12_2021"": 14.638072967529297, ""me_2021"": 6.169092807892741, ""me12_2021"": 14.73068519127982, ""epochs_trained"": 96}",2026-07-05T16:51:46.099098,completed,15.9
8,MAPE,96,2,selu,2,64,0.3,102.92096710205078,22.300874710083008,4.172295570373535,23.421311232386927,2.9890262147369624,102.92096710205078,22.491926193237305,6.308498859405518,21.883192417961542,5.594889315447934,97.58326721191406,"{""loss"": 87.68559265136719, ""mape"": 87.68559265136719, ""mae"": 22.325881958007812, ""val_loss"": 102.92096710205078, ""val_mape"": 102.92096710205078, ""val_mae"": 22.300874710083008, ""lr"": 0.00010000000474974513, ""val_mae12"": 4.172295570373535, ""val_me"": 23.421311232386927, ""val_me12"": 2.9890262147369624, ""mape_2021"": 97.58326721191406, ""mae_2021"": 22.491926193237305, ""mae12_2021"": 6.308498859405518, ""me_2021"": 21.883192417961542, ""me12_2021"": 5.594889315447934, ""epochs_trained"": 30}",2026-07-05T16:51:52.078749,completed,7.7
8,MAPE,96,2,selu,2,64,0.1,68.19923400878906,15.555181503295898,10.532208442687988,8.187681823421727,10.531557169303062,68.19923400878906,10.084722518920898,14.71540641784668,8.1786493566005,14.808014054247135,62.446414947509766,"{""loss"": 44.1959114074707, ""mape"": 44.1959114074707, ""mae"": 9.533808708190918, ""val_loss"": 68.19923400878906, ""val_mape"": 68.19923400878906, ""val_mae"": 15.555181503295898, ""lr"": 0.00010000000474974513, ""val_mae12"": 10.532208442687988, ""val_me"": 8.187681823421727, ""val_me12"": 10.531557169303062, ""mape_2021"": 62.446414947509766, ""mae_2021"": 10.084722518920898, ""mae12_2021"": 14.71540641784668, ""me_2021"": 8.1786493566005, ""me12_2021"": 14.808014054247135, ""epochs_trained"": 62}",2026-07-05T16:51:52.710609,completed,9.4
8,MAPE,96,2,selu,2,128,0.1,54.841514587402344,12.620145797729492,9.034099578857422,7.8425296653023215,9.026254397479432,54.841514587402344,9.874221801757812,12.55044937133789,7.99873524649985,12.623445549754694,59.73383331298828,"{""loss"": 37.709861755371094, ""mape"": 37.709861755371094, ""mae"": 8.12164306640625, ""val_loss"": 54.841514587402344, ""val_mape"": 54.841514587402344, ""val_mae"": 12.620145797729492, ""lr"": 0.00010000000474974513, ""val_mae12"": 9.034099578857422, ""val_me"": 7.8425296653023215, ""val_me12"": 9.026254397479432, ""mape_2021"": 59.73383331298828, ""mae_2021"": 9.874221801757812, ""mae12_2021"": 12.55044937133789, ""me_2021"": 7.99873524649985, ""me12_2021"": 12.623445549754694, ""epochs_trained"": 52}",2026-07-05T16:52:06.709805,completed,14.6
8,MAPE,96,2,selu,2,128,0.3,148.24783325195312,34.50944137573242,27.846723556518555,4.02536644080903,27.90910364994891,148.24783325195312,11.021206855773926,34.493831634521484,3.5437756660841786,34.65938603793422,87.82847595214844,"{""loss"": 46.12428283691406, ""mape"": 46.12428283691406, ""mae"": 9.88336181640625, ""val_loss"": 148.24783325195312, ""val_mape"": 148.24783325195312, ""val_mae"": 34.50944137573242, ""lr"": 0.00010000000474974513, ""val_mae12"": 27.846723556518555, ""val_me"": 4.02536644080903, ""val_me12"": 27.90910364994891, ""mape_2021"": 87.82847595214844, ""mae_2021"": 11.021206855773926, ""mae12_2021"": 34.493831634521484, ""me_2021"": 3.5437756660841786, ""me12_2021"": 34.65938603793422, ""epochs_trained"": 57}",2026-07-05T16:52:07.740656,completed,15.0
8,MAPE,96,2,selu,2,128,0.05,22.347713470458984,5.0471272468566895,2.0995635986328125,-2.9154076945429095,1.9907328896706693,22.347713470458984,4.831120014190674,2.0452253818511963,-3.3372296335591116,0.3896199913031024,22.129501342773438,"{""loss"": 10.852932929992676, ""mape"": 10.852932929992676, ""mae"": 2.4487545490264893, ""val_loss"": 22.347713470458984, ""val_mape"": 22.347713470458984, ""val_mae"": 5.0471272468566895, ""lr"": 0.00010000000474974513, ""val_mae12"": 2.0995635986328125, ""val_me"": -2.9154076945429095, ""val_me12"": 1.9907328896706693, ""mape_2021"": 22.129501342773438, ""mae_2021"": 4.831120014190674, ""mae12_2021"": 2.0452253818511963, ""me_2021"": -3.3372296335591116, ""me12_2021"": 0.3896199913031024, ""epochs_trained"": 216}",2026-07-05T16:52:10.901273,completed,24.8
8,MAPE,96,2,selu,2,128,0.0,4.074718475341797,0.8134903907775879,0.8868331909179688,0.16251370771830348,0.3877754123847908,4.074718475341797,0.7574246525764465,0.7713494300842285,0.1825503784671379,-0.27538653289023984,4.183218002319336,"{""loss"": 3.0394694805145264, ""mape"": 3.0394694805145264, ""mae"": 0.6232734322547913, ""val_loss"": 4.074718475341797, ""val_mape"": 4.074718475341797, ""val_mae"": 0.8134903907775879, ""lr"": 1.0000000656873453e-05, ""val_mae12"": 0.8868331909179688, ""val_me"": 0.16251370771830348, ""val_me12"": 0.3877754123847908, ""mape_2021"": 4.183218002319336, ""mae_2021"": 0.7574246525764465, ""mae12_2021"": 0.7713494300842285, ""me_2021"": 0.1825503784671379, ""me12_2021"": -0.27538653289023984, ""epochs_trained"": 528}",2026-07-05T16:52:24.050378,completed,39.4
8,MAPE,96,2,selu,2,64,0.0,4.182117462158203,0.8496601581573486,0.8518989682197571,0.2237921484802008,0.3547069226837576,4.182117462158203,0.7775072455406189,0.8107386231422424,0.17976228072681275,-0.4015814022308097,4.331265449523926,"{""loss"": 3.3179214000701904, ""mape"": 3.3179214000701904, ""mae"": 0.6789634823799133, ""val_loss"": 4.182117462158203, ""val_mape"": 4.182117462158203, ""val_mae"": 0.8496601581573486, ""lr"": 1.0000000656873453e-05, ""val_mae12"": 0.8518989682197571, ""val_me"": 0.2237921484802008, ""val_me12"": 0.3547069226837576, ""mape_2021"": 4.331265449523926, ""mae_2021"": 0.7775072455406189, ""mae12_2021"": 0.8107386231422424, ""me_2021"": 0.17976228072681275, ""me12_2021"": -0.4015814022308097, ""epochs_trained"": 761}",2026-07-05T16:52:25.437190,completed,55.3
8,MAPE,96,2,selu,2,32,0.0,3.9627418518066406,0.7863991260528564,0.8833243250846863,0.21588850267170273,0.36953534247823744,3.9627418518066406,0.7388954162597656,0.9113545417785645,0.18443738734726267,-0.40627192348953256,4.294742584228516,"{""loss"": 3.1795756816864014, ""mape"": 3.1795756816864014, ""mae"": 0.6439765691757202, ""val_loss"": 3.9627418518066406, ""val_mape"": 3.9627418518066406, ""val_mae"": 0.7863991260528564, ""lr"": 1.0000000656873453e-05, ""val_mae12"": 0.8833243250846863, ""val_me"": 0.21588850267170273, ""val_me12"": 0.36953534247823744, ""mape_2021"": 4.294742584228516, ""mae_2021"": 0.7388954162597656, ""mae12_2021"": 0.9113545417785645, ""me_2021"": 0.18443738734726267, ""me12_2021"": -0.40627192348953256, ""epochs_trained"": 1459}",2026-07-05T16:52:46.268725,completed,76.1
8,MAPE,96,2,selu,2,256,0.3,162.35446166992188,37.81009292602539,29.54731559753418,4.05810857975501,29.60685526912641,162.35446166992188,11.605709075927734,35.63462448120117,3.581260378657127,35.7948465250527,91.13920593261719,"{""loss"": 42.16677474975586, ""mape"": 42.16677474975586, ""mae"": 9.068835258483887, ""val_loss"": 162.35446166992188, ""val_mape"": 162.35446166992188, ""val_mae"": 37.81009292602539, ""lr"": 0.00010000000474974513, ""val_mae12"": 29.54731559753418, ""val_me"": 4.05810857975501, ""val_me12"": 29.60685526912641, ""mape_2021"": 91.13920593261719, ""mae_2021"": 11.605709075927734, ""mae12_2021"": 35.63462448120117, ""me_2021"": 3.581260378657127, ""me12_2021"": 35.7948465250527, ""epochs_trained"": 44}",2026-07-05T16:53:12.447722,completed,25.4
8,MAPE,96,2,selu,2,256,0.1,51.001529693603516,11.914825439453125,4.27534294128418,-0.6550360470393719,2.958022163142196,51.001529693603516,7.385183811187744,3.6256349086761475,-0.44649043749622197,0.3991690864260049,34.25713348388672,"{""loss"": 23.576725006103516, ""mape"": 23.576725006103516, ""mae"": 5.000369071960449, ""val_loss"": 51.001529693603516, ""val_mape"": 51.001529693603516, ""val_mae"": 11.914825439453125, ""lr"": 0.00010000000474974513, ""val_mae12"": 4.27534294128418, ""val_me"": -0.6550360470393719, ""val_me12"": 2.958022163142196, ""mape_2021"": 34.25713348388672, ""mae_2021"": 7.385183811187744, ""mae12_2021"": 3.6256349086761475, ""me_2021"": -0.44649043749622197, ""me12_2021"": 0.3991690864260049, ""epochs_trained"": 55}",2026-07-05T16:53:13.784337,completed,26.7
8,MAPE,96,2,selu,3,16,0.05,50.233985900878906,11.131150245666504,10.151607513427734,6.39673648301675,10.182368657107626,50.233985900878906,7.968061447143555,13.508891105651855,6.194016603996515,13.606818719300467,51.19508361816406,"{""loss"": 38.553775787353516, ""mape"": 38.553775787353516, ""mae"": 8.427123069763184, ""val_loss"": 50.233985900878906, ""val_mape"": 50.233985900878906, ""val_mae"": 11.131150245666504, ""lr"": 0.00010000000474974513, ""val_mae12"": 10.151607513427734, ""val_me"": 6.39673648301675, ""val_me12"": 10.182368657107626, ""mape_2021"": 51.19508361816406, ""mae_2021"": 7.968061447143555, ""mae12_2021"": 13.508891105651855, ""me_2021"": 6.194016603996515, ""me12_2021"": 13.606818719300467, ""epochs_trained"": 118}",2026-07-05T16:53:20.487465,completed,33.4
8,MAPE,96,2,selu,2,256,0.05,22.18447494506836,4.933281898498535,2.915851354598999,-4.309701882880104,2.907355632578894,22.18447494506836,4.767651081085205,2.038227081298828,-4.489719403604203,1.8403113714617207,21.224483489990234,"{""loss"": 8.839568138122559, ""mape"": 8.839568138122559, ""mae"": 1.9935307502746582, ""val_loss"": 22.18447494506836, ""val_mape"": 22.18447494506836, ""val_mae"": 4.933281898498535, ""lr"": 0.00010000000474974513, ""val_mae12"": 2.915851354598999, ""val_me"": -4.309701882880104, ""val_me12"": 2.907355632578894, ""mape_2021"": 21.224483489990234, ""mae_2021"": 4.767651081085205, ""mae12_2021"": 2.038227081298828, ""me_2021"": -4.489719403604203, ""me12_2021"": 1.8403113714617207, ""epochs_trained"": 175}",2026-07-05T16:53:26.004024,completed,39.0
8,MAPE,96,2,selu,3,16,0.3,89.68002319335938,18.86487579345703,10.912732124328613,18.925573195963743,10.940639935558805,89.68002319335938,19.47562026977539,13.733878135681152,17.597697170858158,13.823412583087942,90.5307846069336,"{""loss"": 87.859619140625, ""mape"": 87.859619140625, ""mae"": 22.15521240234375, ""val_loss"": 89.68002319335938, ""val_mape"": 89.68002319335938, ""val_mae"": 18.86487579345703, ""lr"": 0.00010000000474974513, ""val_mae12"": 10.912732124328613, ""val_me"": 18.925573195963743, ""val_me12"": 10.940639935558805, ""mape_2021"": 90.5307846069336, ""mae_2021"": 19.47562026977539, ""mae12_2021"": 13.733878135681152, ""me_2021"": 17.597697170858158, ""me12_2021"": 13.823412583087942, ""epochs_trained"": 53}",2026-07-05T16:53:27.523160,completed,13.7
8,MAPE,96,2,selu,3,16,0.1,43.0019645690918,9.099771499633789,12.773571968078613,2.993477909965864,12.799532625139307,43.0019645690918,5.54652738571167,15.455995559692383,2.740116440955917,15.539183907192674,42.17962646484375,"{""loss"": 33.53707504272461, ""mape"": 33.53707504272461, ""mae"": 7.391726493835449, ""val_loss"": 43.0019645690918, ""val_mape"": 43.0019645690918, ""val_mae"": 9.099771499633789, ""lr"": 0.00010000000474974513, ""val_mae12"": 12.773571968078613, ""val_me"": 2.993477909965864, ""val_me12"": 12.799532625139307, ""mape_2021"": 42.17962646484375, ""mae_2021"": 5.54652738571167, ""mae12_2021"": 15.455995559692383, ""me_2021"": 2.740116440955917, ""me12_2021"": 15.539183907192674, ""epochs_trained"": 204}",2026-07-05T16:53:37.430556,completed,25.0
8,MAPE,96,2,selu,3,32,0.05,57.68619918823242,13.15895938873291,7.723763465881348,7.809539597598758,7.726248174809075,57.68619918823242,9.453840255737305,11.237427711486816,7.936762604633502,11.318541280907121,56.59965515136719,"{""loss"": 41.329490661621094, ""mape"": 41.329490661621094, ""mae"": 9.040592193603516, ""val_loss"": 57.68619918823242, ""val_mape"": 57.68619918823242, ""val_mae"": 13.15895938873291, ""lr"": 0.00010000000474974513, ""val_mae12"": 7.723763465881348, ""val_me"": 7.809539597598758, ""val_me12"": 7.726248174809075, ""mape_2021"": 56.59965515136719, ""mae_2021"": 9.453840255737305, ""mae12_2021"": 11.237427711486816, ""me_2021"": 7.936762604633502, ""me12_2021"": 11.318541280907121, ""epochs_trained"": 68}",2026-07-05T16:53:38.149918,completed,12.1
8,MAPE,96,2,selu,3,32,0.1,69.7066879272461,16.144079208374023,13.35361385345459,6.271436171919634,13.389863030560095,69.7066879272461,8.50078296661377,17.268049240112305,5.885261586243777,17.37484648187244,57.38360595703125,"{""loss"": 42.12392044067383, ""mape"": 42.12392044067383, ""mae"": 9.1696195602417, ""val_loss"": 69.7066879272461, ""val_mape"": 69.7066879272461, ""val_mae"": 16.144079208374023, ""lr"": 0.00010000000474974513, ""val_mae12"": 13.35361385345459, ""val_me"": 6.271436171919634, ""val_me12"": 13.389863030560095, ""mape_2021"": 57.38360595703125, ""mae_2021"": 8.50078296661377, ""mae12_2021"": 17.268049240112305, ""me_2021"": 5.885261586243777, ""me12_2021"": 17.37484648187244, ""epochs_trained"": 68}",2026-07-05T16:53:39.646327,completed,12.1
8,MAPE,96,2,selu,3,32,0.3,99.02459716796875,19.762468338012695,9.628425598144531,19.70686770386139,9.65585547450901,99.02459716796875,19.83315658569336,12.407830238342285,18.271213069682965,12.495404143282169,90.98782348632812,"{""loss"": 84.09938049316406, ""mape"": 84.09938049316406, ""mae"": 21.35744285583496, ""val_loss"": 99.02459716796875, ""val_mape"": 99.02459716796875, ""val_mae"": 19.762468338012695, ""lr"": 0.00010000000474974513, ""val_mae12"": 9.628425598144531, ""val_me"": 19.70686770386139, ""val_me12"": 9.65585547450901, ""mape_2021"": 90.98782348632812, ""mae_2021"": 19.83315658569336, ""mae12_2021"": 12.407830238342285, ""me_2021"": 18.271213069682965, ""me12_2021"": 12.495404143282169, ""epochs_trained"": 42}",2026-07-05T16:53:46.474886,completed,9.0
8,MAPE,96,2,selu,2,256,0.0,3.560096263885498,0.6881868839263916,0.9472237229347229,0.12204562202310743,0.4686069553709994,3.560096263885498,0.6931715607643127,0.7261067032814026,0.184133496667412,-0.12003606245771109,3.8690037727355957,"{""loss"": 2.8053345680236816, ""mape"": 2.8053345680236816, ""mae"": 0.5691570043563843, ""val_loss"": 3.560096263885498, ""val_mape"": 3.560096263885498, ""val_mae"": 0.6881868839263916, ""lr"": 1.0000000656873453e-05, ""val_mae12"": 0.9472237229347229, ""val_me"": 0.12204562202310743, ""val_me12"": 0.4686069553709994, ""mape_2021"": 3.8690037727355957, ""mae_2021"": 0.6931715607643127, ""mae12_2021"": 0.7261067032814026, ""me_2021"": 0.184133496667412, ""me12_2021"": -0.12003606245771109, ""epochs_trained"": 527}",2026-07-05T16:53:50.041970,completed,63.0
8,MAPE,96,2,selu,3,32,0.0,4.268468856811523,0.8467977046966553,0.929072380065918,0.292971262531088,0.3646015171315941,4.268468856811523,0.7781814336776733,1.009827971458435,0.2605792590192477,-0.4413809041432711,4.576192855834961,"{""loss"": 3.0126545429229736, ""mape"": 3.0126545429229736, ""mae"": 0.6061747074127197, ""val_loss"": 4.268468856811523, ""val_mape"": 4.268468856811523, ""val_mae"": 0.8467977046966553, ""lr"": 0.00010000000474974513, ""val_mae12"": 0.929072380065918, ""val_me"": 0.292971262531088, ""val_me12"": 0.3646015171315941, ""mape_2021"": 4.576192855834961, ""mae_2021"": 0.7781814336776733, ""mae12_2021"": 1.009827971458435, ""me_2021"": 0.2605792590192477, ""me12_2021"": -0.4413809041432711, ""epochs_trained"": 795}",2026-07-05T16:54:04.641809,completed,44.2
8,MAPE,96,2,selu,3,16,0.0,3.6320557594299316,0.7005555033683777,0.8673893809318542,0.10822252733502744,0.2613174222141745,3.6320557594299316,0.691348671913147,0.9793122410774231,0.1325273165698335,-0.5672690148336419,4.198753833770752,"{""loss"": 3.0826773643493652, ""mape"": 3.0826773643493652, ""mae"": 0.6252108812332153, ""val_loss"": 3.6320557594299316, ""val_mape"": 3.6320557594299316, ""val_mae"": 0.7005555033683777, ""lr"": 0.00010000000474974513, ""val_mae12"": 0.8673893809318542, ""val_me"": 0.10822252733502744, ""val_me12"": 0.2613174222141745, ""mape_2021"": 4.198753833770752, ""mae_2021"": 0.691348671913147, ""mae12_2021"": 0.9793122410774231, ""me_2021"": 0.1325273165698335, ""me12_2021"": -0.5672690148336419, ""epochs_trained"": 1267}",2026-07-05T16:54:11.219206,completed,84.2
8,MAPE,96,2,selu,3,64,0.3,114.6905288696289,20.872791290283203,6.526501178741455,22.696220431214133,6.54485329880472,114.6905288696289,22.034400939941406,8.885010719299316,21.080045514559966,8.956681548703108,95.92561340332031,"{""loss"": 83.38496398925781, ""mape"": 83.38496398925781, ""mae"": 21.165342330932617, ""val_loss"": 114.6905288696289, ""val_mape"": 114.6905288696289, ""val_mae"": 20.872791290283203, ""lr"": 0.00010000000474974513, ""val_mae12"": 6.526501178741455, ""val_me"": 22.696220431214133, ""val_me12"": 6.54485329880472, ""mape_2021"": 95.92561340332031, ""mae_2021"": 22.034400939941406, ""mae12_2021"": 8.885010719299316, ""me_2021"": 21.080045514559966, ""me12_2021"": 8.956681548703108, ""epochs_trained"": 33}",2026-07-05T16:54:30.471028,completed,18.5
8,MAPE,96,2,selu,3,64,0.1,73.84833526611328,17.76278305053711,13.292271614074707,6.373991037836652,13.324169404418164,73.84833526611328,8.848691940307617,16.605281829833984,6.154261388627767,16.706045697390543,57.826107025146484,"{""loss"": 37.587501525878906, ""mape"": 37.587501525878906, ""mae"": 8.325209617614746, ""val_loss"": 73.84833526611328, ""val_mape"": 73.84833526611328, ""val_mae"": 17.76278305053711, ""lr"": 0.00010000000474974513, ""val_mae12"": 13.292271614074707, ""val_me"": 6.373991037836652, ""val_me12"": 13.324169404418164, ""mape_2021"": 57.826107025146484, ""mae_2021"": 8.848691940307617, ""mae12_2021"": 16.605281829833984, ""me_2021"": 6.154261388627767, ""me12_2021"": 16.706045697390543, ""epochs_trained"": 49}",2026-07-05T16:54:31.770632,completed,19.8
8,MAPE,96,2,selu,3,128,0.05,28.889787673950195,7.004744529724121,2.7829651832580566,-0.30267021965960694,2.1424338091689643,28.889787673950195,5.798825263977051,2.078594923019409,0.10567080334577503,0.7847506398998664,25.3997745513916,"{""loss"": 16.91646385192871, ""mape"": 16.91646385192871, ""mae"": 3.6345016956329346, ""val_loss"": 28.889787673950195, ""val_mape"": 28.889787673950195, ""val_mae"": 7.004744529724121, ""lr"": 0.00010000000474974513, ""val_mae12"": 2.7829651832580566, ""val_me"": -0.30267021965960694, ""val_me12"": 2.1424338091689643, ""mape_2021"": 25.3997745513916, ""mae_2021"": 5.798825263977051, ""mae12_2021"": 2.078594923019409, ""me_2021"": 0.10567080334577503, ""me12_2021"": 0.7847506398998664, ""epochs_trained"": 56}",2026-07-05T16:54:32.013110,completed,20.0
8,MAPE,96,2,selu,3,128,0.3,101.92455291748047,17.57762908935547,5.460112571716309,23.464083150597453,5.274898663236978,101.92455291748047,22.537364959716797,7.56162691116333,21.75287820617429,7.538334642553281,97.21057891845703,"{""loss"": 80.87440490722656, ""mape"": 80.87440490722656, ""mae"": 20.35649299621582, ""val_loss"": 101.92455291748047, ""val_mape"": 101.92455291748047, ""val_mae"": 17.57762908935547, ""lr"": 0.00010000000474974513, ""val_mae12"": 5.460112571716309, ""val_me"": 23.464083150597453, ""val_me12"": 5.274898663236978, ""mape_2021"": 97.21057891845703, ""mae_2021"": 22.537364959716797, ""mae12_2021"": 7.56162691116333, ""me_2021"": 21.75287820617429, ""me12_2021"": 7.538334642553281, ""epochs_trained"": 27}",2026-07-05T16:54:48.532153,completed,16.8
8,MAPE,96,2,selu,3,128,0.1,54.90351486206055,13.183904647827148,7.716866493225098,-6.437839747265127,7.7178575255765836,54.90351486206055,10.05472469329834,6.154914379119873,-5.6970997611370375,6.12584425589945,46.480857849121094,"{""loss"": 20.930862426757812, ""mape"": 20.930862426757812, ""mae"": 4.470373153686523, ""val_loss"": 54.90351486206055, ""val_mape"": 54.90351486206055, ""val_mae"": 13.183904647827148, ""lr"": 0.00010000000474974513, ""val_mae12"": 7.716866493225098, ""val_me"": -6.437839747265127, ""val_me12"": 7.7178575255765836, ""mape_2021"": 46.480857849121094, ""mae_2021"": 10.05472469329834, ""mae12_2021"": 6.154914379119873, ""me_2021"": -5.6970997611370375, ""me12_2021"": 6.12584425589945, ""epochs_trained"": 60}",2026-07-05T16:54:49.772397,completed,19.3
8,MAPE,96,2,selu,3,256,0.05,28.47797393798828,6.526641845703125,3.743504524230957,1.3421680933465943,2.356362300523499,28.47797393798828,5.185251712799072,2.947195529937744,1.1998085803023508,0.428371956972017,25.220943450927734,"{""loss"": 16.130281448364258, ""mape"": 16.130281448364258, ""mae"": 3.3849713802337646, ""val_loss"": 28.47797393798828, ""val_mape"": 28.47797393798828, ""val_mae"": 6.526641845703125, ""lr"": 0.00010000000474974513, ""val_mae12"": 3.743504524230957, ""val_me"": 1.3421680933465943, ""val_me12"": 2.356362300523499, ""mape_2021"": 25.220943450927734, ""mae_2021"": 5.185251712799072, ""mae12_2021"": 2.947195529937744, ""me_2021"": 1.1998085803023508, ""me12_2021"": 0.428371956972017, ""epochs_trained"": 44}",2026-07-05T16:55:14.636308,completed,26.1
8,MAPE,96,2,selu,3,256,0.1,66.20062255859375,15.96479320526123,14.269021987915039,5.555632902816774,14.299591694024258,66.20062255859375,8.609809875488281,16.99047088623047,5.229160720062642,17.07017172622852,56.886749267578125,"{""loss"": 22.984779357910156, ""mape"": 22.984779357910156, ""mae"": 4.910507678985596, ""val_loss"": 66.20062255859375, ""val_mape"": 66.20062255859375, ""val_mae"": 15.96479320526123, ""lr"": 0.00010000000474974513, ""val_mae12"": 14.269021987915039, ""val_me"": 5.555632902816774, ""val_me12"": 14.299591694024258, ""mape_2021"": 56.886749267578125, ""mae_2021"": 8.609809875488281, ""mae12_2021"": 16.99047088623047, ""me_2021"": 5.229160720062642, ""me12_2021"": 17.07017172622852, ""epochs_trained"": 36}",2026-07-05T16:55:14.800831,completed,25.0
8,MAPE,96,2,selu,3,256,0.0,3.6701791286468506,0.7227984666824341,0.8810232281684875,0.09375662745915697,0.370692421123014,3.6701791286468506,0.6882402300834656,0.7404337525367737,0.11381686155407526,-0.23343212376611716,3.8652873039245605,"{""loss"": 3.0443477630615234, ""mape"": 3.0443477630615234, ""mae"": 0.621520459651947, ""val_loss"": 3.6701791286468506, ""val_mape"": 3.6701791286468506, ""val_mae"": 0.7227984666824341, ""lr"": 1.0000000656873453e-05, ""val_mae12"": 0.8810232281684875, ""val_me"": 0.09375662745915697, ""val_me12"": 0.370692421123014, ""mape_2021"": 3.8652873039245605, ""mae_2021"": 0.6882402300834656, ""mae12_2021"": 0.7404337525367737, ""me_2021"": 0.11381686155407526, ""me12_2021"": -0.23343212376611716, ""epochs_trained"": 214}",2026-07-05T16:55:16.606928,completed,44.6
8,MAPE,96,2,selu,3,64,0.05,28.11253547668457,6.693562030792236,2.369603395462036,-3.4335462978890217,2.280104912635531,28.11253547668457,5.901076793670654,2.192078113555908,-3.6403409172971846,0.8382805742279847,26.206838607788086,"{""loss"": 16.799800872802734, ""mape"": 16.799800872802734, ""mae"": 3.7278685569763184, ""val_loss"": 28.11253547668457, ""val_mape"": 28.11253547668457, ""val_mae"": 6.693562030792236, ""lr"": 1.0000000656873453e-05, ""val_mae12"": 2.369603395462036, ""val_me"": -3.4335462978890217, ""val_me12"": 2.280104912635531, ""mape_2021"": 26.206838607788086, ""mae_2021"": 5.901076793670654, ""mae12_2021"": 2.192078113555908, ""me_2021"": -3.6403409172971846, ""me12_2021"": 0.8382805742279847, ""epochs_trained"": 493}",2026-07-05T16:55:22.691518,completed,70.7
8,MAPE,96,2,selu,3,64,0.0,3.997246742248535,0.79494309425354,0.925025463104248,0.18480778008362278,0.3715259357490346,3.997246742248535,0.7192981839179993,0.8315151929855347,0.16793988303877,-0.2297766296788449,4.073951721191406,"{""loss"": 2.884772777557373, ""mape"": 2.884772777557373, ""mae"": 0.5897160172462463, ""val_loss"": 3.997246742248535, ""val_mape"": 3.997246742248535, ""val_mae"": 0.79494309425354, ""lr"": 1.0000000656873453e-05, ""val_mae12"": 0.925025463104248, ""val_me"": 0.18480778008362278, ""val_me12"": 0.3715259357490346, ""mape_2021"": 4.073951721191406, ""mae_2021"": 0.7192981839179993, ""mae12_2021"": 0.8315151929855347, ""me_2021"": 0.16793988303877, ""me12_2021"": -0.2297766296788449, ""epochs_trained"": 514}",2026-07-05T16:55:23.002314,completed,71.0
8,MAPE,96,2,selu,3,256,0.3,105.1375503540039,15.632638931274414,3.2271194458007812,23.65044130425708,2.243833274507281,105.1375503540039,22.543231964111328,4.777980804443359,22.082476228943445,4.2722942842747935,95.67496490478516,"{""loss"": 71.51148986816406, ""mape"": 71.51148986816406, ""mae"": 17.74251937866211, ""val_loss"": 105.1375503540039, ""val_mape"": 105.1375503540039, ""val_mae"": 15.632638931274414, ""lr"": 0.00010000000474974513, ""val_mae12"": 3.2271194458007812, ""val_me"": 23.65044130425708, ""val_me12"": 2.243833274507281, ""mape_2021"": 95.67496490478516, ""mae_2021"": 22.543231964111328, ""mae12_2021"": 4.777980804443359, ""me_2021"": 22.082476228943445, ""me12_2021"": 4.2722942842747935, ""epochs_trained"": 26}",2026-07-05T16:55:23.110657,completed,8.5
8,MAPE,96,2,selu,3,128,0.0,3.6189775466918945,0.7093060612678528,0.8799313306808472,0.15360018349018983,0.2813240777697425,3.6189775466918945,0.6979174017906189,0.9563590884208679,0.17367101067982518,-0.4881187159818583,4.07454252243042,"{""loss"": 2.9182028770446777, ""mape"": 2.9182028770446777, ""mae"": 0.5917274951934814, ""val_loss"": 3.6189775466918945, ""val_mape"": 3.6189775466918945, ""val_mae"": 0.7093060612678528, ""lr"": 1.0000000656873453e-05, ""val_mae12"": 0.8799313306808472, ""val_me"": 0.15360018349018983, ""val_me12"": 0.2813240777697425, ""mape_2021"": 4.07454252243042, ""mae_2021"": 0.6979174017906189, ""mae12_2021"": 0.9563590884208679, ""me_2021"": 0.17367101067982518, ""me12_2021"": -0.4881187159818583, ""epochs_trained"": 355}",2026-07-05T16:55:43.347182,completed,91.3
8,MAPE,96,3,relu,1,32,0.05,3.276643991470337,0.6240271329879761,1.0460619926452637,-0.024846168441881932,-0.004698944494803072,3.276643991470337,0.7892557382583618,1.237381100654602,0.36268387246935047,-0.43843028503043296,4.822003364562988,"{""loss"": 6.408974647521973, ""mape"": 6.408974647521973, ""mae"": 1.3876579999923706, ""val_loss"": 3.276643991470337, ""val_mape"": 3.276643991470337, ""val_mae"": 0.6240271329879761, ""lr"": 1.0000000656873453e-05, ""val_mae12"": 1.0460619926452637, ""val_me"": -0.024846168441881932, ""val_me12"": -0.004698944494803072, ""mape_2021"": 4.822003364562988, ""mae_2021"": 0.7892557382583618, ""mae12_2021"": 1.237381100654602, ""me_2021"": 0.36268387246935047, ""me12_2021"": -0.43843028503043296, ""epochs_trained"": 1608}",2026-07-05T16:57:07.691376,completed,83.5
8,MAPE,96,3,relu,1,16,0.1,4.537176609039307,0.909719705581665,1.0412906408309937,0.640547789661962,0.4424635916068095,4.537176609039307,1.3099626302719116,1.2995160818099976,1.1313927232165442,-0.9781557705296913,7.080034255981445,"{""loss"": 10.536307334899902, ""mape"": 10.536307334899902, ""mae"": 2.3905231952667236, ""val_loss"": 4.537176609039307, ""val_mape"": 4.537176609039307, ""val_mae"": 0.909719705581665, ""lr"": 0.00010000000474974513, ""val_mae12"": 1.0412906408309937, ""val_me"": 0.640547789661962, ""val_me12"": 0.4424635916068095, ""mape_2021"": 7.080034255981445, ""mae_2021"": 1.3099626302719116, ""mae12_2021"": 1.2995160818099976, ""me_2021"": 1.1313927232165442, ""me12_2021"": -0.9781557705296913, ""epochs_trained"": 1746}",2026-07-05T16:57:14.362348,completed,90.2
8,MAPE,96,3,relu,1,16,0.3,3.9714252948760986,0.8224029541015625,0.9689997434616089,0.572222348472322,0.2409553060533348,3.9714252948760986,1.1075221300125122,1.1640199422836304,1.0039236433814698,-0.93480457698465,5.759163856506348,"{""loss"": 14.81058120727539, ""mape"": 14.81058120727539, ""mae"": 3.507431745529175, ""val_loss"": 3.9714252948760986, ""val_mape"": 3.9714252948760986, ""val_mae"": 0.8224029541015625, ""lr"": 0.00010000000474974513, ""val_mae12"": 0.9689997434616089, ""val_me"": 0.572222348472322, ""val_me12"": 0.2409553060533348, ""mape_2021"": 5.759163856506348, ""mae_2021"": 1.1075221300125122, ""mae12_2021"": 1.1640199422836304, ""me_2021"": 1.0039236433814698, ""me12_2021"": -0.93480457698465, ""epochs_trained"": 1968}",2026-07-05T16:57:22.778713,completed,98.6
8,MAPE,96,3,relu,1,16,0.05,3.7130894660949707,0.7166852951049805,1.1832342147827148,0.3314892898358935,0.199272412385571,3.7130894660949707,0.9682796597480774,1.1300554275512695,0.6898119551615748,-0.32360520008697063,5.303890705108643,"{""loss"": 7.306862831115723, ""mape"": 7.306862831115723, ""mae"": 1.6144760847091675, ""val_loss"": 3.7130894660949707, ""val_mape"": 3.7130894660949707, ""val_mae"": 0.7166852951049805, ""lr"": 0.00010000000474974513, ""val_mae12"": 1.1832342147827148, ""val_me"": 0.3314892898358935, ""val_me12"": 0.199272412385571, ""mape_2021"": 5.303890705108643, ""mae_2021"": 0.9682796597480774, ""mae12_2021"": 1.1300554275512695, ""me_2021"": 0.6898119551615748, ""me12_2021"": -0.32360520008697063, ""epochs_trained"": 2199}",2026-07-05T16:57:32.781475,completed,108.6
8,MAPE,96,3,relu,1,16,0.0,5.731932640075684,1.2056896686553955,1.102888822555542,0.2820466030555556,0.43427184518195616,5.731932640075684,1.2561436891555786,1.1146432161331177,0.6801750892570754,-0.8018216929683482,6.690033435821533,"{""loss"": 5.927481651306152, ""mape"": 5.927481651306152, ""mae"": 1.28289794921875, ""val_loss"": 5.731932640075684, ""val_mape"": 5.731932640075684, ""val_mae"": 1.2056896686553955, ""lr"": 0.00010000000474974513, ""val_mae12"": 1.102888822555542, ""val_me"": 0.2820466030555556, ""val_me12"": 0.43427184518195616, ""mape_2021"": 6.690033435821533, ""mae_2021"": 1.2561436891555786, ""mae12_2021"": 1.1146432161331177, ""me_2021"": 0.6801750892570754, ""me12_2021"": -0.8018216929683482, ""epochs_trained"": 2227}",2026-07-05T16:57:34.071871,completed,109.9
8,MAPE,96,3,relu,1,64,0.05,46.83364486694336,9.499634742736816,9.359457969665527,7.337301296594202,9.070088624745054,46.83364486694336,10.588294982910156,11.087385177612305,8.7723030895071,10.849253532217118,61.89312744140625,"{""loss"": 47.24906539916992, ""mape"": 47.24906539916992, ""mae"": 10.212258338928223, ""val_loss"": 46.83364486694336, ""val_mape"": 46.83364486694336, ""val_mae"": 9.499634742736816, ""lr"": 0.00010000000474974513, ""val_mae12"": 9.359457969665527, ""val_me"": 7.337301296594202, ""val_me12"": 9.070088624745054, ""mape_2021"": 61.89312744140625, ""mae_2021"": 10.588294982910156, ""mae12_2021"": 11.087385177612305, ""me_2021"": 8.7723030895071, ""me12_2021"": 10.849253532217118, ""epochs_trained"": 73}",2026-07-05T16:57:40.902201,completed,8.1
8,MAPE,96,3,relu,1,32,0.0,5.929778575897217,1.2752846479415894,1.5448938608169556,0.22371504245406768,1.156638850316942,5.929778575897217,1.4557462930679321,1.1157419681549072,0.5895368375527992,-0.06581781530429426,7.196402549743652,"{""loss"": 5.499359130859375, ""mape"": 5.499359130859375, ""mae"": 1.2639473676681519, ""val_loss"": 5.929778575897217, ""val_mape"": 5.929778575897217, ""val_mae"": 1.2752846479415894, ""lr"": 0.00010000000474974513, ""val_mae12"": 1.5448938608169556, ""val_me"": 0.22371504245406768, ""val_me12"": 1.156638850316942, ""mape_2021"": 7.196402549743652, ""mae_2021"": 1.4557462930679321, ""mae12_2021"": 1.1157419681549072, ""me_2021"": 0.5895368375527992, ""me12_2021"": -0.06581781530429426, ""epochs_trained"": 2566}",2026-07-05T16:57:52.463105,completed,128.3
8,MAPE,96,3,relu,1,32,0.3,4.131117343902588,0.7898978590965271,1.4566854238510132,0.37369679058447064,0.9405474544387317,4.131117343902588,1.0761451721191406,1.0744822025299072,0.8456957442450648,-0.5120030760394705,5.760378360748291,"{""loss"": 13.418815612792969, ""mape"": 13.418815612792969, ""mae"": 3.1211562156677246, ""val_loss"": 4.131117343902588, ""val_mape"": 4.131117343902588, ""val_mae"": 0.7898978590965271, ""lr"": 0.00010000000474974513, ""val_mae12"": 1.4566854238510132, ""val_me"": 0.37369679058447064, ""val_me12"": 0.9405474544387317, ""mape_2021"": 5.760378360748291, ""mae_2021"": 1.0761451721191406, ""mae12_2021"": 1.0744822025299072, ""me_2021"": 0.8456957442450648, ""me12_2021"": -0.5120030760394705, ""epochs_trained"": 1484}",2026-07-05T16:58:30.455304,completed,76.1
8,MAPE,96,3,relu,1,32,0.1,3.3397600650787354,0.6438186764717102,0.9686812162399292,-0.03334680789085796,0.6162098052871698,3.3397600650787354,0.7722407579421997,1.0245652198791504,0.3767819930950449,-0.3209669501874685,4.571956157684326,"{""loss"": 7.956799030303955, ""mape"": 7.956799030303955, ""mae"": 1.7872287034988403, ""val_loss"": 3.3397600650787354, ""val_mape"": 3.3397600650787354, ""val_mae"": 0.6438186764717102, ""lr"": 1.0000000656873453e-05, ""val_mae12"": 0.9686812162399292, ""val_me"": -0.03334680789085796, ""val_me12"": 0.6162098052871698, ""mape_2021"": 4.571956157684326, ""mae_2021"": 0.7722407579421997, ""mae12_2021"": 1.0245652198791504, ""me_2021"": 0.3767819930950449, ""me12_2021"": -0.3209669501874685, ""epochs_trained"": 1547}",2026-07-05T16:58:33.399714,completed,85.7
8,MAPE,96,3,relu,1,64,0.3,3.706977367401123,0.7074630856513977,1.1909475326538086,0.07877528936558324,0.8573848026401423,3.706977367401123,0.8785744905471802,0.8733393549919128,0.5355719745966558,-0.20160381194225677,4.671005725860596,"{""loss"": 11.07104778289795, ""mape"": 11.07104778289795, ""mae"": 2.533480644226074, ""val_loss"": 3.706977367401123, ""val_mape"": 3.706977367401123, ""val_mae"": 0.7074630856513977, ""lr"": 1.0000000656873453e-05, ""val_mae12"": 1.1909475326538086, ""val_me"": 0.07877528936558324, ""val_me12"": 0.8573848026401423, ""mape_2021"": 4.671005725860596, ""mae_2021"": 0.8785744905471802, ""mae12_2021"": 0.8733393549919128, ""me_2021"": 0.5355719745966558, ""me12_2021"": -0.20160381194225677, ""epochs_trained"": 1232}",2026-07-05T16:58:43.878757,completed,63.0
8,MAPE,96,3,relu,1,64,0.1,14.767450332641602,2.9195570945739746,4.5444183349609375,0.92864804862258,3.4729429820535422,14.767450332641602,3.4423162937164307,2.918207883834839,1.7027416741043369,1.3108091144468546,19.925140380859375,"{""loss"": 17.301971435546875, ""mape"": 17.301971435546875, ""mae"": 3.688840866088867, ""val_loss"": 14.767450332641602, ""val_mape"": 14.767450332641602, ""val_mae"": 2.9195570945739746, ""lr"": 9.999999747378752e-06, ""val_mae12"": 4.5444183349609375, ""val_me"": 0.92864804862258, ""val_me12"": 3.4729429820535422, ""mape_2021"": 19.925140380859375, ""mae_2021"": 3.4423162937164307, ""mae12_2021"": 2.918207883834839, ""me_2021"": 1.7027416741043369, ""me12_2021"": 1.3108091144468546, ""epochs_trained"": 4167}",2026-07-05T17:00:24.861172,completed,170.8
8,MAPE,96,3,relu,1,64,0.0,9.382518768310547,2.097121000289917,1.5934962034225464,0.6287893203484962,1.1201685403267336,9.382518768310547,2.451723337173462,1.269146203994751,1.222075471806685,-0.33230646646292733,11.587939262390137,"{""loss"": 8.938698768615723, ""mape"": 8.938698768615723, ""mae"": 2.0968663692474365, ""val_loss"": 9.382518768310547, ""val_mape"": 9.382518768310547, ""val_mae"": 2.097121000289917, ""lr"": 1.0000000656873453e-05, ""val_mae12"": 1.5934962034225464, ""val_me"": 0.6287893203484962, ""val_me12"": 1.1201685403267336, ""mape_2021"": 11.587939262390137, ""mae_2021"": 2.451723337173462, ""mae12_2021"": 1.269146203994751, ""me_2021"": 1.222075471806685, ""me12_2021"": -0.33230646646292733, ""epochs_trained"": 7012}",2026-07-05T17:01:40.155907,completed,257.4
8,MAPE,96,3,relu,1,128,0.1,45.54364776611328,9.353734016418457,9.355801582336426,7.187441117002397,8.93734306415327,45.54364776611328,10.427628517150879,10.743711471557617,8.647699039856414,10.321634235463266,59.7891731262207,"{""loss"": 46.39268493652344, ""mape"": 46.39268493652344, ""mae"": 10.114622116088867, ""val_loss"": 45.54364776611328, ""val_mape"": 45.54364776611328, ""val_mae"": 9.353734016418457, ""lr"": 0.00010000000474974513, ""val_mae12"": 9.355801582336426, ""val_me"": 7.187441117002397, ""val_me12"": 8.93734306415327, ""mape_2021"": 59.7891731262207, ""mae_2021"": 10.427628517150879, ""mae12_2021"": 10.743711471557617, ""me_2021"": 8.647699039856414, ""me12_2021"": 10.321634235463266, ""epochs_trained"": 67}",2026-07-05T17:01:59.570979,completed,18.6
8,MAPE,96,3,relu,1,128,0.3,44.951759338378906,9.240293502807617,9.262395858764648,6.730640466112027,8.791449546604793,44.951759338378906,10.32512378692627,10.557000160217285,8.242492604843937,9.961610096730075,58.528934478759766,"{""loss"": 47.19013214111328, ""mape"": 47.19013214111328, ""mae"": 10.321744918823242, ""val_loss"": 44.951759338378906, ""val_mape"": 44.951759338378906, ""val_mae"": 9.240293502807617, ""lr"": 0.00010000000474974513, ""val_mae12"": 9.262395858764648, ""val_me"": 6.730640466112027, ""val_me12"": 8.791449546604793, ""mape_2021"": 58.528934478759766, ""mae_2021"": 10.32512378692627, ""mae12_2021"": 10.557000160217285, ""me_2021"": 8.242492604843937, ""me12_2021"": 9.961610096730075, ""epochs_trained"": 73}",2026-07-05T17:01:59.857713,completed,18.9
8,MAPE,96,3,relu,1,256,0.3,44.734779357910156,9.239795684814453,9.38598918914795,7.045841259377159,9.00993340168947,44.734779357910156,10.298643112182617,10.655876159667969,8.51168463878267,10.12284272603807,58.47383117675781,"{""loss"": 46.23350143432617, ""mape"": 46.23350143432617, ""mae"": 10.097853660583496, ""val_loss"": 44.734779357910156, ""val_mape"": 44.734779357910156, ""val_mae"": 9.239795684814453, ""lr"": 0.00010000000474974513, ""val_mae12"": 9.38598918914795, ""val_me"": 7.045841259377159, ""val_me12"": 9.00993340168947, ""mape_2021"": 58.47383117675781, ""mae_2021"": 10.298643112182617, ""mae12_2021"": 10.655876159667969, ""me_2021"": 8.51168463878267, ""me12_2021"": 10.12284272603807, ""epochs_trained"": 55}",2026-07-05T17:02:15.472071,completed,15.6
8,MAPE,96,3,relu,2,16,0.0,44.55270004272461,9.050400733947754,10.593629837036133,6.874006002812353,10.385567453609424,44.55270004272461,10.140594482421875,11.853745460510254,8.248149167344188,11.637902130941056,59.384883880615234,"{""loss"": 44.3473014831543, ""mape"": 44.3473014831543, ""mae"": 9.623615264892578, ""val_loss"": 44.55270004272461, ""val_mape"": 44.55270004272461, ""val_mae"": 9.050400733947754, ""lr"": 0.00010000000474974513, ""val_mae12"": 10.593629837036133, ""val_me"": 6.874006002812353, ""val_me12"": 10.385567453609424, ""mape_2021"": 59.384883880615234, ""mae_2021"": 10.140594482421875, ""mae12_2021"": 11.853745460510254, ""me_2021"": 8.248149167344188, ""me12_2021"": 11.637902130941056, ""epochs_trained"": 80}",2026-07-05T17:02:34.182089,completed,18.7
8,MAPE,96,3,relu,1,256,0.05,3.8768973350524902,0.7736525535583496,1.006583571434021,-0.2879130194504037,0.5064605734059274,3.8768973350524902,0.8463749289512634,1.0411428213119507,0.033176444696279485,-0.2702006035562418,5.095179557800293,"{""loss"": 4.957332134246826, ""mape"": 4.957332134246826, ""mae"": 1.0226484537124634, ""val_loss"": 3.8768973350524902, ""val_mape"": 3.8768973350524902, ""val_mae"": 0.7736525535583496, ""lr"": 1.0000000656873453e-05, ""val_mae12"": 1.006583571434021, ""val_me"": -0.2879130194504037, ""val_me12"": 0.5064605734059274, ""mape_2021"": 5.095179557800293, ""mae_2021"": 0.8463749289512634, ""mae12_2021"": 1.0411428213119507, ""me_2021"": 0.033176444696279485, ""me12_2021"": -0.2702006035562418, ""epochs_trained"": 774}",2026-07-05T17:03:09.908844,completed,89.0
8,MAPE,96,3,relu,2,16,0.1,46.36320877075195,9.325645446777344,9.782121658325195,7.118390849151976,9.558827650047105,46.36320877075195,10.420424461364746,11.51049518585205,8.49733797348823,11.331725126321178,61.64368438720703,"{""loss"": 50.38085174560547, ""mape"": 50.38085174560547, ""mae"": 11.034010887145996, ""val_loss"": 46.36320877075195, ""val_mape"": 46.36320877075195, ""val_mae"": 9.325645446777344, ""lr"": 0.00010000000474974513, ""val_mae12"": 9.782121658325195, ""val_me"": 7.118390849151976, ""val_me12"": 9.558827650047105, ""mape_2021"": 61.64368438720703, ""mae_2021"": 10.420424461364746, ""mae12_2021"": 11.51049518585205, ""me_2021"": 8.49733797348823, ""me12_2021"": 11.331725126321178, ""epochs_trained"": 105}",2026-07-05T17:03:27.913571,completed,18.0
8,MAPE,96,3,relu,1,256,0.0,4.105073928833008,0.8439062237739563,1.1012948751449585,-0.16165392903540543,0.6518737773431788,4.105073928833008,0.9150328636169434,0.9453170299530029,0.15843890332100902,-0.47727185130830774,5.115460395812988,"{""loss"": 4.051643371582031, ""mape"": 4.051643371582031, ""mae"": 0.8686880469322205, ""val_loss"": 4.105073928833008, ""val_mape"": 4.105073928833008, ""val_mae"": 0.8439062237739563, ""lr"": 0.00010000000474974513, ""val_mae12"": 1.1012948751449585, ""val_me"": -0.16165392903540543, ""val_me12"": 0.6518737773431788, ""mape_2021"": 5.115460395812988, ""mae_2021"": 0.9150328636169434, ""mae12_2021"": 0.9453170299530029, ""me_2021"": 0.15843890332100902, ""me12_2021"": -0.47727185130830774, ""epochs_trained"": 1045}",2026-07-05T17:03:33.310535,completed,112.4
8,MAPE,96,3,relu,2,16,0.05,5.956575870513916,1.2439037561416626,1.7407097816467285,0.8272567965095091,1.1378557970700018,5.956575870513916,1.4325215816497803,1.5601201057434082,1.1429101494786207,0.25421629375170157,8.244256019592285,"{""loss"": 10.55859375, ""mape"": 10.55859375, ""mae"": 2.370642900466919, ""val_loss"": 5.956575870513916, ""val_mape"": 5.956575870513916, ""val_mae"": 1.2439037561416626, ""lr"": 0.00010000000474974513, ""val_mae12"": 1.7407097816467285, ""val_me"": 0.8272567965095091, ""val_me12"": 1.1378557970700018, ""mape_2021"": 8.244256019592285, ""mae_2021"": 1.4325215816497803, ""mae12_2021"": 1.5601201057434082, ""me_2021"": 1.1429101494786207, ""me12_2021"": 0.25421629375170157, ""epochs_trained"": 855}",2026-07-05T17:03:55.560263,completed,81.4
8,MAPE,96,3,relu,1,128,0.0,3.709089994430542,0.7228823304176331,1.089081048965454,-0.27958462713298315,0.7685613794871254,3.709089994430542,0.8011125326156616,1.1045070886611938,-0.0018081837378283987,-0.5084330668785457,4.785217761993408,"{""loss"": 3.2171084880828857, ""mape"": 3.2171084880828857, ""mae"": 0.6722213625907898, ""val_loss"": 3.709089994430542, ""val_mape"": 3.709089994430542, ""val_mae"": 0.7228823304176331, ""lr"": 1.0000000656873453e-05, ""val_mae12"": 1.089081048965454, ""val_me"": -0.27958462713298315, ""val_me12"": 0.7685613794871254, ""mape_2021"": 4.785217761993408, ""mae_2021"": 0.8011125326156616, ""mae12_2021"": 1.1045070886611938, ""me_2021"": -0.0018081837378283987, ""me12_2021"": -0.5084330668785457, ""epochs_trained"": 1714}",2026-07-05T17:04:17.757331,completed,156.8
8,MAPE,96,3,relu,2,16,0.3,6.903059005737305,1.4168920516967773,1.4265021085739136,1.2005126893408218,0.9136071232122898,6.903059005737305,1.7960067987442017,1.1750928163528442,1.6827829098001803,-0.2977380545784429,9.231558799743652,"{""loss"": 20.63194465637207, ""mape"": 20.63194465637207, ""mae"": 4.87778377532959, ""val_loss"": 6.903059005737305, ""val_mape"": 6.903059005737305, ""val_mae"": 1.4168920516967773, ""lr"": 0.00010000000474974513, ""val_mae12"": 1.4265021085739136, ""val_me"": 1.2005126893408218, ""val_me12"": 0.9136071232122898, ""mape_2021"": 9.231558799743652, ""mae_2021"": 1.7960067987442017, ""mae12_2021"": 1.1750928163528442, ""me_2021"": 1.6827829098001803, ""me12_2021"": -0.2977380545784429, ""epochs_trained"": 710}",2026-07-05T17:04:23.181382,completed,55.3
8,MAPE,96,3,relu,1,256,0.1,5.782281398773193,1.1796778440475464,1.3456931114196777,-0.18510796244475475,0.9565987875637764,5.782281398773193,1.3514865636825562,1.149087905883789,0.24577496477493746,0.40962167882649375,7.4429931640625,"{""loss"": 7.241686820983887, ""mape"": 7.241686820983887, ""mae"": 1.5395193099975586, ""val_loss"": 5.782281398773193, ""val_mape"": 5.782281398773193, ""val_mae"": 1.1796778440475464, ""lr"": 1.0000000656873453e-05, ""val_mae12"": 1.3456931114196777, ""val_me"": -0.18510796244475475, ""val_me12"": 0.9565987875637764, ""mape_2021"": 7.4429931640625, ""mae_2021"": 1.3514865636825562, ""mae12_2021"": 1.149087905883789, ""me_2021"": 0.24577496477493746, ""me12_2021"": 0.40962167882649375, ""epochs_trained"": 3963}",2026-07-05T17:06:32.931765,completed,273.4
8,MAPE,96,3,relu,1,128,0.05,7.889117240905762,1.6038475036621094,1.9741945266723633,0.05255395580726384,1.5767921594916114,7.889117240905762,1.895531177520752,1.7677829265594482,0.5185381996814928,0.8701576135043241,10.860007286071777,"{""loss"": 9.25698184967041, ""mape"": 9.25698184967041, ""mae"": 1.9842778444290161, ""val_loss"": 7.889117240905762, ""val_mape"": 7.889117240905762, ""val_mae"": 1.6038475036621094, ""lr"": 9.999999747378752e-06, ""val_mae12"": 1.9741945266723633, ""val_me"": 0.05255395580726384, ""val_me12"": 1.5767921594916114, ""mape_2021"": 10.860007286071777, ""mae_2021"": 1.895531177520752, ""mae12_2021"": 1.7677829265594482, ""me_2021"": 0.5185381996814928, ""me12_2021"": 0.8701576135043241, ""epochs_trained"": 4971}",2026-07-05T17:07:03.226690,completed,322.3
8,MAPE,96,3,relu,2,64,0.0,46.37703323364258,9.371865272521973,14.317497253417969,6.107806971316757,14.444522591901194,46.37703323364258,10.131356239318848,16.719165802001953,7.350434463989119,16.8216512260984,65.15672302246094,"{""loss"": 45.97171401977539, ""mape"": 45.97171401977539, ""mae"": 9.917925834655762, ""val_loss"": 46.37703323364258, ""val_mape"": 46.37703323364258, ""val_mae"": 9.371865272521973, ""lr"": 0.00010000000474974513, ""val_mae12"": 14.317497253417969, ""val_me"": 6.107806971316757, ""val_me12"": 14.444522591901194, ""mape_2021"": 65.15672302246094, ""mae_2021"": 10.131356239318848, ""mae12_2021"": 16.719165802001953, ""me_2021"": 7.350434463989119, ""me12_2021"": 16.8216512260984, ""epochs_trained"": 60}",2026-07-05T17:07:18.295964,completed,14.3
8,MAPE,96,3,relu,2,32,0.0,46.09235382080078,9.397055625915527,10.777717590332031,7.23546708676658,10.694118168086714,46.09235382080078,10.345849990844727,12.429386138916016,8.519262024224929,12.391083517818048,61.65646743774414,"{""loss"": 45.86130142211914, ""mape"": 45.86130142211914, ""mae"": 9.939830780029297, ""val_loss"": 46.09235382080078, ""val_mape"": 46.09235382080078, ""val_mae"": 9.397055625915527, ""lr"": 0.00010000000474974513, ""val_mae12"": 10.777717590332031, ""val_me"": 7.23546708676658, ""val_me12"": 10.694118168086714, ""mape_2021"": 61.65646743774414, ""mae_2021"": 10.345849990844727, ""mae12_2021"": 12.429386138916016, ""me_2021"": 8.519262024224929, ""me12_2021"": 12.391083517818048, ""epochs_trained"": 63}",2026-07-05T17:07:18.391011,completed,14.4
8,MAPE,96,3,relu,2,32,0.05,44.85089874267578,9.103426933288574,11.284708976745605,6.422124361811431,10.763646933881422,44.85089874267578,10.143976211547852,12.62024211883545,7.921441117702115,12.259651434900091,60.45872497558594,"{""loss"": 45.769012451171875, ""mape"": 45.769012451171875, ""mae"": 9.99667739868164, ""val_loss"": 44.85089874267578, ""val_mape"": 44.85089874267578, ""val_mae"": 9.103426933288574, ""lr"": 0.00010000000474974513, ""val_mae12"": 11.284708976745605, ""val_me"": 6.422124361811431, ""val_me12"": 10.763646933881422, ""mape_2021"": 60.45872497558594, ""mae_2021"": 10.143976211547852, ""mae12_2021"": 12.62024211883545, ""me_2021"": 7.921441117702115, ""me12_2021"": 12.259651434900091, ""epochs_trained"": 79}",2026-07-05T17:07:19.167647,completed,15.2
8,MAPE,96,3,relu,2,32,0.1,46.98167037963867,9.559653282165527,10.147953033447266,7.39293303280938,9.84960093322244,46.98167037963867,10.448509216308594,11.843647956848145,8.697718949772435,11.634331797265954,61.833805084228516,"{""loss"": 49.3414421081543, ""mape"": 49.3414421081543, ""mae"": 10.797304153442383, ""val_loss"": 46.98167037963867, ""val_mape"": 46.98167037963867, ""val_mae"": 9.559653282165527, ""lr"": 0.00010000000474974513, ""val_mae12"": 10.147953033447266, ""val_me"": 7.39293303280938, ""val_me12"": 9.84960093322244, ""mape_2021"": 61.833805084228516, ""mae_2021"": 10.448509216308594, ""mae12_2021"": 11.843647956848145, ""me_2021"": 8.697718949772435, ""me12_2021"": 11.634331797265954, ""epochs_trained"": 85}",2026-07-05T17:07:19.450420,completed,15.4
8,MAPE,96,3,relu,2,32,0.3,45.573787689208984,9.284076690673828,9.20545768737793,7.280960605237581,8.563128771611519,45.573787689208984,10.347722053527832,10.598548889160156,8.688355171465231,10.028555568979353,59.517032623291016,"{""loss"": 52.89545822143555, ""mape"": 52.89545822143555, ""mae"": 11.948274612426758, ""val_loss"": 45.573787689208984, ""val_mape"": 45.573787689208984, ""val_mae"": 9.284076690673828, ""lr"": 0.00010000000474974513, ""val_mae12"": 9.20545768737793, ""val_me"": 7.280960605237581, ""val_me12"": 8.563128771611519, ""mape_2021"": 59.517032623291016, ""mae_2021"": 10.347722053527832, ""mae12_2021"": 10.598548889160156, ""me_2021"": 8.688355171465231, ""me12_2021"": 10.028555568979353, ""epochs_trained"": 91}",2026-07-05T17:07:19.624707,completed,15.6
8,MAPE,96,3,relu,2,64,0.05,4.199868202209473,0.7446679472923279,2.137241840362549,-0.2022765546076047,1.969177304035453,4.199868202209473,0.7691054344177246,1.2717646360397339,0.1502644010213685,0.7782181117640099,4.835280895233154,"{""loss"": 6.296654224395752, ""mape"": 6.296654224395752, ""mae"": 1.3540589809417725, ""val_loss"": 4.199868202209473, ""val_mape"": 4.199868202209473, ""val_mae"": 0.7446679472923279, ""lr"": 1.0000000656873453e-05, ""val_mae12"": 2.137241840362549, ""val_me"": -0.2022765546076047, ""val_me12"": 1.969177304035453, ""mape_2021"": 4.835280895233154, ""mae_2021"": 0.7691054344177246, ""mae12_2021"": 1.2717646360397339, ""me_2021"": 0.1502644010213685, ""me12_2021"": 0.7782181117640099, ""epochs_trained"": 605}",2026-07-05T17:08:13.954228,completed,69.9
8,MAPE,96,3,relu,2,128,0.0,4.309636116027832,0.8046233057975769,1.951481819152832,-0.3752896482266299,1.4708238653867018,4.309636116027832,0.8230062127113342,1.4582350254058838,-0.0486139033540123,0.6667121725872208,5.059054374694824,"{""loss"": 3.380596160888672, ""mape"": 3.380596160888672, ""mae"": 0.6866013407707214, ""val_loss"": 4.309636116027832, ""val_mape"": 4.309636116027832, ""val_mae"": 0.8046233057975769, ""lr"": 1.0000000656873453e-05, ""val_mae12"": 1.951481819152832, ""val_me"": -0.3752896482266299, ""val_me12"": 1.4708238653867018, ""mape_2021"": 5.059054374694824, ""mae_2021"": 0.8230062127113342, ""mae12_2021"": 1.4582350254058838, ""me_2021"": -0.0486139033540123, ""me12_2021"": 0.6667121725872208, ""epochs_trained"": 498}",2026-07-05T17:08:17.763630,completed,58.6
8,MAPE,96,3,relu,2,128,0.05,4.035212993621826,0.7127089500427246,2.0183446407318115,-0.22734824878873086,1.5972459464385051,4.035212993621826,0.7609006762504578,1.6183916330337524,0.10025325604217729,0.5788473109360697,4.702329635620117,"{""loss"": 5.002601623535156, ""mape"": 5.002601623535156, ""mae"": 1.0614409446716309, ""val_loss"": 4.035212993621826, ""val_mape"": 4.035212993621826, ""val_mae"": 0.7127089500427246, ""lr"": 0.00010000000474974513, ""val_mae12"": 2.0183446407318115, ""val_me"": -0.22734824878873086, ""val_me12"": 1.5972459464385051, ""mape_2021"": 4.702329635620117, ""mae_2021"": 0.7609006762504578, ""mae12_2021"": 1.6183916330337524, ""me_2021"": 0.10025325604217729, ""me12_2021"": 0.5788473109360697, ""epochs_trained"": 523}",2026-07-05T17:08:18.485043,completed,59.0
8,MAPE,96,3,relu,2,128,0.1,4.254539966583252,0.7932578921318054,2.3211510181427,-0.24406677036534982,2.0916821915775574,4.254539966583252,0.7411391139030457,1.6332650184631348,0.06458734126028802,1.0663294353237358,5.070132255554199,"{""loss"": 6.366589546203613, ""mape"": 6.366589546203613, ""mae"": 1.3861773014068604, ""val_loss"": 4.254539966583252, ""val_mape"": 4.254539966583252, ""val_mae"": 0.7932578921318054, ""lr"": 0.00010000000474974513, ""val_mae12"": 2.3211510181427, ""val_me"": -0.24406677036534982, ""val_me12"": 2.0916821915775574, ""mape_2021"": 5.070132255554199, ""mae_2021"": 0.7411391139030457, ""mae12_2021"": 1.6332650184631348, ""me_2021"": 0.06458734126028802, ""me12_2021"": 1.0663294353237358, ""epochs_trained"": 514}",2026-07-05T17:08:18.711492,completed,59.1
8,MAPE,96,3,relu,2,64,0.1,4.145699977874756,0.7400292754173279,2.282470703125,-0.06561001549707934,2.047158934027372,4.145699977874756,0.812221884727478,1.7048472166061401,0.2451934778548998,0.7199031815303195,5.310778617858887,"{""loss"": 8.197770118713379, ""mape"": 8.197770118713379, ""mae"": 1.8227322101593018, ""val_loss"": 4.145699977874756, ""val_mape"": 4.145699977874756, ""val_mae"": 0.7400292754173279, ""lr"": 1.0000000656873453e-05, ""val_mae12"": 2.282470703125, ""val_me"": -0.06561001549707934, ""val_me12"": 2.047158934027372, ""mape_2021"": 5.310778617858887, ""mae_2021"": 0.812221884727478, ""mae12_2021"": 1.7048472166061401, ""me_2021"": 0.2451934778548998, ""me12_2021"": 0.7199031815303195, ""epochs_trained"": 613}",2026-07-05T17:08:23.668698,completed,65.4
8,MAPE,96,3,relu,2,128,0.3,3.905435800552368,0.6784260869026184,1.8855611085891724,-0.04722781918846607,1.6793723937788423,3.905435800552368,0.7715404629707336,1.2385953664779663,0.36102349318085475,0.009330161311620311,4.504370212554932,"{""loss"": 9.157706260681152, ""mape"": 9.157706260681152, ""mae"": 2.0742480754852295, ""val_loss"": 3.905435800552368, ""val_mape"": 3.905435800552368, ""val_mae"": 0.6784260869026184, ""lr"": 0.00010000000474974513, ""val_mae12"": 1.8855611085891724, ""val_me"": -0.04722781918846607, ""val_me12"": 1.6793723937788423, ""mape_2021"": 4.504370212554932, ""mae_2021"": 0.7715404629707336, ""mae12_2021"": 1.2385953664779663, ""me_2021"": 0.36102349318085475, ""me12_2021"": 0.009330161311620311, ""epochs_trained"": 539}",2026-07-05T17:08:49.182025,completed,35.2
8,MAPE,96,3,relu,2,64,0.3,16.944740295410156,3.269512414932251,5.332005500793457,1.1246569749058697,4.096322505245537,16.944740295410156,3.4767141342163086,3.620116710662842,1.8427570399385556,2.1816728327379784,19.874162673950195,"{""loss"": 22.084104537963867, ""mape"": 22.084104537963867, ""mae"": 4.825395584106445, ""val_loss"": 16.944740295410156, ""val_mape"": 16.944740295410156, ""val_mae"": 3.269512414932251, ""lr"": 1.0000000656873453e-05, ""val_mae12"": 5.332005500793457, ""val_me"": 1.1246569749058697, ""val_me12"": 4.096322505245537, ""mape_2021"": 19.874162673950195, ""mae_2021"": 3.4767141342163086, ""mae12_2021"": 3.620116710662842, ""me_2021"": 1.8427570399385556, ""me12_2021"": 2.1816728327379784, ""epochs_trained"": 1459}",2026-07-05T17:09:02.812759,completed,104.4
9,MAPE,96,2,selu,2,32,0.3,91.5617446899414,19.9945068359375,8.90507698059082,21.78983917388637,8.894537372473316,91.5617446899414,21.50137710571289,12.200213432312012,20.101287812124948,12.286034702408706,98.26036834716797,"{""loss"": 85.4149398803711, ""mape"": 85.4149398803711, ""mae"": 21.577640533447266, ""val_loss"": 91.5617446899414, ""val_mape"": 91.5617446899414, ""val_mae"": 19.9945068359375, ""lr"": 0.00010000000474974513, ""val_mae12"": 8.90507698059082, ""val_me"": 21.78983917388637, ""val_me12"": 8.894537372473316, ""mape_2021"": 98.26036834716797, ""mae_2021"": 21.50137710571289, ""mae12_2021"": 12.200213432312012, ""me_2021"": 20.101287812124948, ""me12_2021"": 12.286034702408706, ""epochs_trained"": 40}",2026-07-05T17:09:18.436113,completed,14.7
9,MAPE,96,2,selu,2,64,0.05,48.46864318847656,11.224957466125488,6.315408706665039,7.6804626665392774,6.2197039285283084,48.46864318847656,9.376330375671387,8.896506309509277,7.907058297603646,8.90853227866309,52.5568962097168,"{""loss"": 37.19192123413086, ""mape"": 37.19192123413086, ""mae"": 8.203171730041504, ""val_loss"": 48.46864318847656, ""val_mape"": 48.46864318847656, ""val_mae"": 11.224957466125488, ""lr"": 0.00010000000474974513, ""val_mae12"": 6.315408706665039, ""val_me"": 7.6804626665392774, ""val_me12"": 6.2197039285283084, ""mape_2021"": 52.5568962097168, ""mae_2021"": 9.376330375671387, ""mae12_2021"": 8.896506309509277, ""me_2021"": 7.907058297603646, ""me12_2021"": 8.90853227866309, ""epochs_trained"": 60}",2026-07-05T17:09:19.306563,completed,15.6
9,MAPE,96,2,selu,2,32,0.1,62.4802360534668,14.074773788452148,11.07056713104248,7.276431413269507,11.107378585359191,62.4802360534668,9.539860725402832,15.134108543395996,7.363762646981063,15.243702214331048,60.10772705078125,"{""loss"": 44.2912483215332, ""mape"": 44.2912483215332, ""mae"": 9.595951080322266, ""val_loss"": 62.4802360534668, ""val_mape"": 62.4802360534668, ""val_mae"": 14.074773788452148, ""lr"": 0.00010000000474974513, ""val_mae12"": 11.07056713104248, ""val_me"": 7.276431413269507, ""val_me12"": 11.107378585359191, ""mape_2021"": 60.10772705078125, ""mae_2021"": 9.539860725402832, ""mae12_2021"": 15.134108543395996, ""me_2021"": 7.363762646981063, ""me12_2021"": 15.243702214331048, ""epochs_trained"": 75}",2026-07-05T17:09:19.930908,completed,16.2
9,MAPE,96,2,selu,2,32,0.05,49.96323776245117,11.134333610534668,6.129355430603027,7.71139711848399,5.829125844067106,49.96323776245117,8.990854263305664,9.164695739746094,7.7674700741348985,8.943884652227775,51.57398223876953,"{""loss"": 38.979888916015625, ""mape"": 38.979888916015625, ""mae"": 8.398001670837402, ""val_loss"": 49.96323776245117, ""val_mape"": 49.96323776245117, ""val_mae"": 11.134333610534668, ""lr"": 0.00010000000474974513, ""val_mae12"": 6.129355430603027, ""val_me"": 7.71139711848399, ""val_me12"": 5.829125844067106, ""mape_2021"": 51.57398223876953, ""mae_2021"": 8.990854263305664, ""mae12_2021"": 9.164695739746094, ""me_2021"": 7.7674700741348985, ""me12_2021"": 8.943884652227775, ""epochs_trained"": 89}",2026-07-05T17:09:20.423036,completed,16.7
9,MAPE,96,2,selu,2,64,0.3,106.35726928710938,23.525888442993164,4.057129383087158,23.431862666657082,3.7459516754127233,106.35726928710938,22.3975830078125,6.08615779876709,21.777820535832124,5.999661367506401,96.27818298339844,"{""loss"": 89.17815399169922, ""mape"": 89.17815399169922, ""mae"": 22.848556518554688, ""val_loss"": 106.35726928710938, ""val_mape"": 106.35726928710938, ""val_mae"": 23.525888442993164, ""lr"": 0.00010000000474974513, ""val_mae12"": 4.057129383087158, ""val_me"": 23.431862666657082, ""val_me12"": 3.7459516754127233, ""mape_2021"": 96.27818298339844, ""mae_2021"": 22.3975830078125, ""mae12_2021"": 6.08615779876709, ""me_2021"": 21.777820535832124, ""me12_2021"": 5.999661367506401, ""epochs_trained"": 29}",2026-07-05T17:09:27.363522,completed,8.1
9,MAPE,96,2,selu,2,64,0.1,63.11066818237305,14.655112266540527,12.177322387695312,7.117241546787158,12.214989521382197,63.11066818237305,9.464308738708496,16.364601135253906,7.0692113331673045,16.470904128676825,60.60759353637695,"{""loss"": 41.740760803222656, ""mape"": 41.740760803222656, ""mae"": 9.012106895446777, ""val_loss"": 63.11066818237305, ""val_mape"": 63.11066818237305, ""val_mae"": 14.655112266540527, ""lr"": 0.00010000000474974513, ""val_mae12"": 12.177322387695312, ""val_me"": 7.117241546787158, ""val_me12"": 12.214989521382197, ""mape_2021"": 60.60759353637695, ""mae_2021"": 9.464308738708496, ""mae12_2021"": 16.364601135253906, ""me_2021"": 7.0692113331673045, ""me12_2021"": 16.470904128676825, ""epochs_trained"": 65}",2026-07-05T17:09:28.545320,completed,10.1
9,MAPE,96,2,selu,2,128,0.05,27.978857040405273,6.329402446746826,2.597903251647949,-0.3320239376988244,0.013771728965459562,27.978857040405273,5.77207612991333,4.172058582305908,-0.39646410709462904,-2.998383347635821,30.01457405090332,"{""loss"": 19.319561004638672, ""mape"": 19.319561004638672, ""mae"": 4.1442155838012695, ""val_loss"": 27.978857040405273, ""val_mape"": 27.978857040405273, ""val_mae"": 6.329402446746826, ""lr"": 0.00010000000474974513, ""val_mae12"": 2.597903251647949, ""val_me"": -0.3320239376988244, ""val_me12"": 0.013771728965459562, ""mape_2021"": 30.01457405090332, ""mae_2021"": 5.77207612991333, ""mae12_2021"": 4.172058582305908, ""me_2021"": -0.39646410709462904, ""me12_2021"": -2.998383347635821, ""epochs_trained"": 91}",2026-07-05T17:09:34.780768,completed,14.4
9,MAPE,96,2,selu,2,128,0.1,55.129852294921875,12.897165298461914,10.797203063964844,8.267022507033449,10.793578334448132,55.129852294921875,10.457189559936523,14.765551567077637,8.434021530486595,14.860805077943045,64.30147552490234,"{""loss"": 38.8159065246582, ""mape"": 38.8159065246582, ""mae"": 8.518162727355957, ""val_loss"": 55.129852294921875, ""val_mape"": 55.129852294921875, ""val_mae"": 12.897165298461914, ""lr"": 0.00010000000474974513, ""val_mae12"": 10.797203063964844, ""val_me"": 8.267022507033449, ""val_me12"": 10.793578334448132, ""mape_2021"": 64.30147552490234, ""mae_2021"": 10.457189559936523, ""mae12_2021"": 14.765551567077637, ""me_2021"": 8.434021530486595, ""me12_2021"": 14.860805077943045, ""epochs_trained"": 47}",2026-07-05T17:09:38.317525,completed,11.0
9,MAPE,96,2,selu,2,128,0.3,148.8531036376953,33.532379150390625,32.39291763305664,4.754131257193828,32.46203069334868,148.8531036376953,12.276938438415527,40.81636428833008,4.085802632881722,41.011530424967475,100.4830093383789,"{""loss"": 48.63078689575195, ""mape"": 48.63078689575195, ""mae"": 10.1640625, ""val_loss"": 148.8531036376953, ""val_mape"": 148.8531036376953, ""val_mae"": 33.532379150390625, ""lr"": 0.00010000000474974513, ""val_mae12"": 32.39291763305664, ""val_me"": 4.754131257193828, ""val_me12"": 32.46203069334868, ""mape_2021"": 100.4830093383789, ""mae_2021"": 12.276938438415527, ""mae12_2021"": 40.81636428833008, ""me_2021"": 4.085802632881722, ""me12_2021"": 41.011530424967475, ""epochs_trained"": 52}",2026-07-05T17:09:39.192077,completed,10.6
9,MAPE,96,2,selu,2,128,0.0,4.501821517944336,0.9166679978370667,0.8695005178451538,0.3311262545093846,0.3582932220431469,4.501821517944336,0.8567851185798645,0.8604344725608826,0.31357312075701843,-0.3270181522506757,4.677074909210205,"{""loss"": 3.4673187732696533, ""mape"": 3.4673187732696533, ""mae"": 0.718309760093689, ""val_loss"": 4.501821517944336, ""val_mape"": 4.501821517944336, ""val_mae"": 0.9166679978370667, ""lr"": 1.0000000656873453e-05, ""val_mae12"": 0.8695005178451538, ""val_me"": 0.3311262545093846, ""val_me12"": 0.3582932220431469, ""mape_2021"": 4.677074909210205, ""mae_2021"": 0.8567851185798645, ""mae12_2021"": 0.8604344725608826, ""me_2021"": 0.31357312075701843, ""me12_2021"": -0.3270181522506757, ""epochs_trained"": 470}",2026-07-05T17:09:53.703266,completed,33.8
9,MAPE,96,2,selu,2,64,0.0,4.684745788574219,0.9521960020065308,0.9137455224990845,0.30204544136584427,0.4242118326683375,4.684745788574219,0.8747428059577942,0.9060136675834656,0.2641194575656277,-0.3298747304456604,4.79810905456543,"{""loss"": 3.456589460372925, ""mape"": 3.456589460372925, ""mae"": 0.7097596526145935, ""val_loss"": 4.684745788574219, ""val_mape"": 4.684745788574219, ""val_mae"": 0.9521960020065308, ""lr"": 1.0000000656873453e-05, ""val_mae12"": 0.9137455224990845, ""val_me"": 0.30204544136584427, ""val_me12"": 0.4242118326683375, ""mape_2021"": 4.79810905456543, ""mae_2021"": 0.8747428059577942, ""mae12_2021"": 0.9060136675834656, ""me_2021"": 0.2641194575656277, ""me12_2021"": -0.3298747304456604, ""epochs_trained"": 1074}",2026-07-05T17:10:07.636726,completed,64.0
9,MAPE,96,2,selu,2,32,0.0,3.827589750289917,0.7704491019248962,0.8046665787696838,0.20762871730321603,0.3363607791510854,3.827589750289917,0.7030463218688965,0.8340362906455994,0.1763103185204885,-0.41341639808642155,4.002063274383545,"{""loss"": 3.036324977874756, ""mape"": 3.036324977874756, ""mae"": 0.6229494214057922, ""val_loss"": 3.827589750289917, ""val_mape"": 3.827589750289917, ""val_mae"": 0.7704491019248962, ""lr"": 1.0000000656873453e-05, ""val_mae12"": 0.8046665787696838, ""val_me"": 0.20762871730321603, ""val_me12"": 0.3363607791510854, ""mape_2021"": 4.002063274383545, ""mae_2021"": 0.7030463218688965, ""mae12_2021"": 0.8340362906455994, ""me_2021"": 0.1763103185204885, ""me12_2021"": -0.41341639808642155, ""epochs_trained"": 1368}",2026-07-05T17:10:15.865362,completed,72.2
9,MAPE,96,2,selu,2,256,0.3,160.2670135498047,37.36143493652344,24.970325469970703,3.13929571821181,25.022222199182355,160.2670135498047,10.446097373962402,30.506000518798828,2.867289831670949,30.64540473093982,80.08161926269531,"{""loss"": 40.35236358642578, ""mape"": 40.35236358642578, ""mae"": 8.57764720916748, ""val_loss"": 160.2670135498047, ""val_mape"": 160.2670135498047, ""val_mae"": 37.36143493652344, ""lr"": 0.00010000000474974513, ""val_mae12"": 24.970325469970703, ""val_me"": 3.13929571821181, ""val_me12"": 25.022222199182355, ""mape_2021"": 80.08161926269531, ""mae_2021"": 10.446097373962402, ""mae12_2021"": 30.506000518798828, ""me_2021"": 2.867289831670949, ""me12_2021"": 30.64540473093982, ""epochs_trained"": 46}",2026-07-05T17:10:43.670773,completed,27.0
9,MAPE,96,2,selu,2,256,0.1,48.1984748840332,11.224126815795898,4.448328018188477,-0.2940839834172893,3.725876719208417,48.1984748840332,7.419300079345703,3.039335250854492,0.27132174247101976,1.8415947502590626,32.61377716064453,"{""loss"": 23.871355056762695, ""mape"": 23.871355056762695, ""mae"": 5.153696537017822, ""val_loss"": 48.1984748840332, ""val_mape"": 48.1984748840332, ""val_mae"": 11.224126815795898, ""lr"": 0.00010000000474974513, ""val_mae12"": 4.448328018188477, ""val_me"": -0.2940839834172893, ""val_me12"": 3.725876719208417, ""mape_2021"": 32.61377716064453, ""mae_2021"": 7.419300079345703, ""mae12_2021"": 3.039335250854492, ""me_2021"": 0.27132174247101976, ""me12_2021"": 1.8415947502590626, ""epochs_trained"": 56}",2026-07-05T17:10:44.845059,completed,28.2
9,MAPE,96,2,selu,3,16,0.05,45.03638458251953,10.278346061706543,7.464798927307129,6.247673583407102,7.486655238535505,45.03638458251953,7.707357406616211,10.025944709777832,6.20708337554375,10.081663943257103,45.564842224121094,"{""loss"": 38.23517608642578, ""mape"": 38.23517608642578, ""mae"": 8.559382438659668, ""val_loss"": 45.03638458251953, ""val_mape"": 45.03638458251953, ""val_mae"": 10.278346061706543, ""lr"": 0.00010000000474974513, ""val_mae12"": 7.464798927307129, ""val_me"": 6.247673583407102, ""val_me12"": 7.486655238535505, ""mape_2021"": 45.564842224121094, ""mae_2021"": 7.707357406616211, ""mae12_2021"": 10.025944709777832, ""me_2021"": 6.20708337554375, ""me12_2021"": 10.081663943257103, ""epochs_trained"": 111}",2026-07-05T17:10:49.881618,completed,33.2
9,MAPE,96,2,selu,2,256,0.05,22.700780868530273,5.142343997955322,3.1621193885803223,-3.958637962157036,3.1564445484408834,22.700780868530273,4.877460479736328,2.1660611629486084,-4.156918785674869,1.9678099133686107,22.002254486083984,"{""loss"": 9.971264839172363, ""mape"": 9.971264839172363, ""mae"": 2.2436811923980713, ""val_loss"": 22.700780868530273, ""val_mape"": 22.700780868530273, ""val_mae"": 5.142343997955322, ""lr"": 0.00010000000474974513, ""val_mae12"": 3.1621193885803223, ""val_me"": -3.958637962157036, ""val_me12"": 3.1564445484408834, ""mape_2021"": 22.002254486083984, ""mae_2021"": 4.877460479736328, ""mae12_2021"": 2.1660611629486084, ""me_2021"": -4.156918785674869, ""me12_2021"": 1.9678099133686107, ""epochs_trained"": 157}",2026-07-05T17:10:53.849794,completed,37.2
9,MAPE,96,2,selu,3,16,0.1,89.15373229980469,20.513687133789062,8.724491119384766,20.275522737079978,8.7177121131577,89.15373229980469,20.193681716918945,12.282706260681152,18.795666531787216,12.356840726659867,94.12776184082031,"{""loss"": 85.06333923339844, ""mape"": 85.06333923339844, ""mae"": 21.40204429626465, ""val_loss"": 89.15373229980469, ""val_mape"": 89.15373229980469, ""val_mae"": 20.513687133789062, ""lr"": 0.00010000000474974513, ""val_mae12"": 8.724491119384766, ""val_me"": 20.275522737079978, ""val_me12"": 8.7177121131577, ""mape_2021"": 94.12776184082031, ""mae_2021"": 20.193681716918945, ""mae12_2021"": 12.282706260681152, ""me_2021"": 18.795666531787216, ""me12_2021"": 12.356840726659867, ""epochs_trained"": 47}",2026-07-05T17:10:56.205575,completed,12.5
9,MAPE,96,2,selu,3,16,0.3,95.80269622802734,20.494611740112305,10.014375686645508,19.506651537154394,10.021912097902403,95.80269622802734,19.63052749633789,13.938048362731934,18.045695258044262,14.040722320734963,94.5606689453125,"{""loss"": 88.63709259033203, ""mape"": 88.63709259033203, ""mae"": 22.221895217895508, ""val_loss"": 95.80269622802734, ""val_mape"": 95.80269622802734, ""val_mae"": 20.494611740112305, ""lr"": 0.00010000000474974513, ""val_mae12"": 10.014375686645508, ""val_me"": 19.506651537154394, ""val_me12"": 10.021912097902403, ""mape_2021"": 94.5606689453125, ""mae_2021"": 19.63052749633789, ""mae12_2021"": 13.938048362731934, ""me_2021"": 18.045695258044262, ""me12_2021"": 14.040722320734963, ""epochs_trained"": 57}",2026-07-05T17:10:57.668197,completed,12.8
9,MAPE,96,2,selu,3,32,0.05,57.698638916015625,13.128844261169434,9.19565200805664,7.760008523131591,9.162646783542717,57.698638916015625,9.482364654541016,13.066287994384766,7.7817544593008785,13.156980098655438,58.2138786315918,"{""loss"": 40.87023162841797, ""mape"": 40.87023162841797, ""mae"": 8.898184776306152, ""val_loss"": 57.698638916015625, ""val_mape"": 57.698638916015625, ""val_mae"": 13.128844261169434, ""lr"": 0.00010000000474974513, ""val_mae12"": 9.19565200805664, ""val_me"": 7.760008523131591, ""val_me12"": 9.162646783542717, ""mape_2021"": 58.2138786315918, ""mae_2021"": 9.482364654541016, ""mae12_2021"": 13.066287994384766, ""me_2021"": 7.7817544593008785, ""me12_2021"": 13.156980098655438, ""epochs_trained"": 67}",2026-07-05T17:11:06.249616,completed,12.4
9,MAPE,96,2,selu,3,32,0.3,93.28094482421875,18.939167022705078,11.361696243286133,20.49159796017704,11.387785174998188,93.28094482421875,20.943401336669922,14.145661354064941,18.946167585598143,14.236577819048867,96.00407409667969,"{""loss"": 83.46971130371094, ""mape"": 83.46971130371094, ""mae"": 21.255788803100586, ""val_loss"": 93.28094482421875, ""val_mape"": 93.28094482421875, ""val_mae"": 18.939167022705078, ""lr"": 0.00010000000474974513, ""val_mae12"": 11.361696243286133, ""val_me"": 20.49159796017704, ""val_me12"": 11.387785174998188, ""mape_2021"": 96.00407409667969, ""mae_2021"": 20.943401336669922, ""mae12_2021"": 14.145661354064941, ""me_2021"": 18.946167585598143, ""me12_2021"": 14.236577819048867, ""epochs_trained"": 46}",2026-07-05T17:11:08.732439,completed,11.1
9,MAPE,96,2,selu,3,32,0.1,64.72774505615234,15.063324928283691,13.699288368225098,4.305375450623162,13.735774630511518,64.72774505615234,6.50044584274292,17.558387756347656,3.510406872064717,17.66008788262645,49.56288528442383,"{""loss"": 37.06637191772461, ""mape"": 37.06637191772461, ""mae"": 7.923400402069092, ""val_loss"": 64.72774505615234, ""val_mape"": 64.72774505615234, ""val_mae"": 15.063324928283691, ""lr"": 0.00010000000474974513, ""val_mae12"": 13.699288368225098, ""val_me"": 4.305375450623162, ""val_me12"": 13.735774630511518, ""mape_2021"": 49.56288528442383, ""mae_2021"": 6.50044584274292, ""mae12_2021"": 17.558387756347656, ""me_2021"": 3.510406872064717, ""me12_2021"": 17.66008788262645, ""epochs_trained"": 89}",2026-07-05T17:11:09.807476,completed,13.6
9,MAPE,96,2,selu,2,256,0.0,3.619863510131836,0.7072589993476868,0.9205374121665955,0.13156759529416828,0.37035524323971736,3.619863510131836,0.7028787732124329,0.7910599112510681,0.15424178355182822,-0.24629361629231722,3.9881110191345215,"{""loss"": 2.940382242202759, ""mape"": 2.940382242202759, ""mae"": 0.5948445796966553, ""val_loss"": 3.619863510131836, ""val_mape"": 3.619863510131836, ""val_mae"": 0.7072589993476868, ""lr"": 1.0000000656873453e-05, ""val_mae12"": 0.9205374121665955, ""val_me"": 0.13156759529416828, ""val_me12"": 0.37035524323971736, ""mape_2021"": 3.9881110191345215, ""mae_2021"": 0.7028787732124329, ""mae12_2021"": 0.7910599112510681, ""me_2021"": 0.15424178355182822, ""me12_2021"": -0.24629361629231722, ""epochs_trained"": 415}",2026-07-05T17:11:11.477343,completed,54.8
9,MAPE,96,2,selu,3,32,0.0,4.0092291831970215,0.7736231088638306,0.9385430216789246,0.17785865336319429,0.36579333287232346,4.0092291831970215,0.7289103269577026,0.9134692549705505,0.15883519485251685,0.3186441375519991,4.339529514312744,"{""loss"": 2.9490978717803955, ""mape"": 2.9490978717803955, ""mae"": 0.5998944044113159, ""val_loss"": 4.0092291831970215, ""val_mape"": 4.0092291831970215, ""val_mae"": 0.7736231088638306, ""lr"": 0.00010000000474974513, ""val_mae12"": 0.9385430216789246, ""val_me"": 0.17785865336319429, ""val_me12"": 0.36579333287232346, ""mape_2021"": 4.339529514312744, ""mae_2021"": 0.7289103269577026, ""mae12_2021"": 0.9134692549705505, ""me_2021"": 0.15883519485251685, ""me12_2021"": 0.3186441375519991, ""epochs_trained"": 1015}",2026-07-05T17:11:37.554582,completed,47.7
9,MAPE,96,2,selu,3,16,0.0,4.302639007568359,0.8621323108673096,0.924333393573761,0.20144460998966254,0.43234477378561326,4.302639007568359,0.7632237076759338,0.7739630937576294,0.1646422225402707,-0.07984983881474153,4.2781243324279785,"{""loss"": 3.0066158771514893, ""mape"": 3.0066158771514893, ""mae"": 0.6147199869155884, ""val_loss"": 4.302639007568359, ""val_mape"": 4.302639007568359, ""val_mae"": 0.8621323108673096, ""lr"": 1.0000000656873453e-05, ""val_mae12"": 0.924333393573761, ""val_me"": 0.20144460998966254, ""val_me12"": 0.43234477378561326, ""mape_2021"": 4.2781243324279785, ""mae_2021"": 0.7632237076759338, ""mae12_2021"": 0.7739630937576294, ""me_2021"": 0.1646422225402707, ""me12_2021"": -0.07984983881474153, ""epochs_trained"": 4594}",2026-07-05T17:13:21.477350,completed,184.8
9,MAPE,96,2,selu,3,64,0.3,119.3090591430664,23.418136596679688,5.608424186706543,23.492878400173602,5.494051519710224,119.3090591430664,22.542741775512695,7.690053462982178,21.738852747121264,7.698716290828867,97.22738647460938,"{""loss"": 85.98016357421875, ""mape"": 85.98016357421875, ""mae"": 21.965482711791992, ""val_loss"": 119.3090591430664, ""val_mape"": 119.3090591430664, ""val_mae"": 23.418136596679688, ""lr"": 0.00010000000474974513, ""val_mae12"": 5.608424186706543, ""val_me"": 23.492878400173602, ""val_me12"": 5.494051519710224, ""mape_2021"": 97.22738647460938, ""mae_2021"": 22.542741775512695, ""mae12_2021"": 7.690053462982178, ""me_2021"": 21.738852747121264, ""me12_2021"": 7.698716290828867, ""epochs_trained"": 30}",2026-07-05T17:13:40.970361,completed,18.7
9,MAPE,96,2,selu,3,64,0.1,66.7966079711914,15.76721477508545,12.995160102844238,5.724756381658535,13.029867184215473,66.7966079711914,8.41329574584961,16.28105354309082,5.444487082457188,16.375963501614063,55.888099670410156,"{""loss"": 36.63004684448242, ""mape"": 36.63004684448242, ""mae"": 7.993375778198242, ""val_loss"": 66.7966079711914, ""val_mape"": 66.7966079711914, ""val_mae"": 15.76721477508545, ""lr"": 0.00010000000474974513, ""val_mae12"": 12.995160102844238, ""val_me"": 5.724756381658535, ""val_me12"": 13.029867184215473, ""mape_2021"": 55.888099670410156, ""mae_2021"": 8.41329574584961, ""mae12_2021"": 16.28105354309082, ""me_2021"": 5.444487082457188, ""me12_2021"": 16.375963501614063, ""epochs_trained"": 54}",2026-07-05T17:13:43.232470,completed,21.0
9,MAPE,96,2,selu,3,128,0.1,59.36542510986328,14.156574249267578,8.743553161621094,-5.493981695726427,8.757122555885354,59.36542510986328,9.941634178161621,9.018661499023438,-4.827556927489805,9.027295191236728,48.1343994140625,"{""loss"": 29.521879196166992, ""mape"": 29.521879196166992, ""mae"": 6.354348182678223, ""val_loss"": 59.36542510986328, ""val_mape"": 59.36542510986328, ""val_mae"": 14.156574249267578, ""lr"": 1.0000000656873453e-05, ""val_mae12"": 8.743553161621094, ""val_me"": -5.493981695726427, ""val_me12"": 8.757122555885354, ""mape_2021"": 48.1343994140625, ""mae_2021"": 9.941634178161621, ""mae12_2021"": 9.018661499023438, ""me_2021"": -4.827556927489805, ""me12_2021"": 9.027295191236728, ""epochs_trained"": 56}",2026-07-05T17:14:01.996853,completed,21.0
9,MAPE,96,2,selu,3,128,0.3,103.73257446289062,18.217021942138672,3.1587564945220947,23.370071730863064,2.635351956816918,103.73257446289062,22.291000366210938,4.867138862609863,21.81213411417331,4.5356418548177295,94.23678588867188,"{""loss"": 81.23973846435547, ""mape"": 81.23973846435547, ""mae"": 20.457355499267578, ""val_loss"": 103.73257446289062, ""val_mape"": 103.73257446289062, ""val_mae"": 18.217021942138672, ""lr"": 0.00010000000474974513, ""val_mae12"": 3.1587564945220947, ""val_me"": 23.370071730863064, ""val_me12"": 2.635351956816918, ""mape_2021"": 94.23678588867188, ""mae_2021"": 22.291000366210938, ""mae12_2021"": 4.867138862609863, ""me_2021"": 21.81213411417331, ""me12_2021"": 4.5356418548177295, ""epochs_trained"": 27}",2026-07-05T17:14:05.728328,completed,22.5
9,MAPE,96,2,selu,3,128,0.05,16.248254776000977,3.902254581451416,1.4422801733016968,-3.882568989995513,1.057290421987702,16.248254776000977,3.7890796661376953,1.113190770149231,-3.7420615437582416,0.6137875790215801,16.218502044677734,"{""loss"": 4.523695468902588, ""mape"": 4.523695468902588, ""mae"": 0.9616373777389526, ""val_loss"": 16.248254776000977, ""val_mape"": 16.248254776000977, ""val_mae"": 3.902254581451416, ""lr"": 0.00010000000474974513, ""val_mae12"": 1.4422801733016968, ""val_me"": -3.882568989995513, ""val_me12"": 1.057290421987702, ""mape_2021"": 16.218502044677734, ""mae_2021"": 3.7890796661376953, ""mae12_2021"": 1.113190770149231, ""me_2021"": -3.7420615437582416, ""me12_2021"": 0.6137875790215801, ""epochs_trained"": 370}",2026-07-05T17:14:25.458925,completed,63.2
9,MAPE,96,2,selu,3,256,0.05,29.25391387939453,6.714354515075684,3.7373108863830566,1.5267253833154515,-1.9688198518301547,29.25391387939453,5.796365261077881,5.645811080932617,1.9501104125986066,-4.752862299638154,30.0689697265625,"{""loss"": 16.4744930267334, ""mape"": 16.4744930267334, ""mae"": 3.5753092765808105, ""val_loss"": 29.25391387939453, ""val_mape"": 29.25391387939453, ""val_mae"": 6.714354515075684, ""lr"": 0.00010000000474974513, ""val_mae12"": 3.7373108863830566, ""val_me"": 1.5267253833154515, ""val_me12"": -1.9688198518301547, ""mape_2021"": 30.0689697265625, ""mae_2021"": 5.796365261077881, ""mae12_2021"": 5.645811080932617, ""me_2021"": 1.9501104125986066, ""me12_2021"": -4.752862299638154, ""epochs_trained"": 43}",2026-07-05T17:14:28.872798,completed,23.1
9,MAPE,96,2,selu,3,128,0.0,3.679266929626465,0.7190821170806885,0.9025639295578003,0.10664771378806963,0.35774409795394296,3.679266929626465,0.6795227527618408,0.7714089751243591,0.11718560793797432,-0.29769557467924834,3.8794243335723877,"{""loss"": 2.8743345737457275, ""mape"": 2.8743345737457275, ""mae"": 0.5839160084724426, ""val_loss"": 3.679266929626465, ""val_mape"": 3.679266929626465, ""val_mae"": 0.7190821170806885, ""lr"": 1.0000000656873453e-05, ""val_mae12"": 0.9025639295578003, ""val_me"": 0.10664771378806963, ""val_me12"": 0.35774409795394296, ""mape_2021"": 3.8794243335723877, ""mae_2021"": 0.6795227527618408, ""mae12_2021"": 0.7714089751243591, ""me_2021"": 0.11718560793797432, ""me12_2021"": -0.29769557467924834, ""epochs_trained"": 414}",2026-07-05T17:14:28.963798,completed,66.7
9,MAPE,96,2,selu,3,256,0.1,56.577789306640625,13.48698902130127,5.971314430236816,-6.00267638086937,4.611776763676919,56.577789306640625,9.46534252166748,5.519813537597656,-5.827922255318796,1.0231863178165752,45.2180290222168,"{""loss"": 19.272884368896484, ""mape"": 19.272884368896484, ""mae"": 4.055569171905518, ""val_loss"": 56.577789306640625, ""val_mape"": 56.577789306640625, ""val_mae"": 13.48698902130127, ""lr"": 0.00010000000474974513, ""val_mae12"": 5.971314430236816, ""val_me"": -6.00267638086937, ""val_me12"": 4.611776763676919, ""mape_2021"": 45.2180290222168, ""mae_2021"": 9.46534252166748, ""mae12_2021"": 5.519813537597656, ""me_2021"": -5.827922255318796, ""me12_2021"": 1.0231863178165752, ""epochs_trained"": 46}",2026-07-05T17:14:45.113133,completed,19.6
9,MAPE,96,2,selu,3,256,0.3,288.8410949707031,66.2914047241211,32.061283111572266,8.849555244865494,32.10993286125598,288.8410949707031,17.966379165649414,36.77568435668945,7.294174165591616,36.89404509159542,114.68480682373047,"{""loss"": 37.99563980102539, ""mape"": 37.99563980102539, ""mae"": 8.149810791015625, ""val_loss"": 288.8410949707031, ""val_mape"": 288.8410949707031, ""val_mae"": 66.2914047241211, ""lr"": 0.00010000000474974513, ""val_mae12"": 32.061283111572266, ""val_me"": 8.849555244865494, ""val_me12"": 32.10993286125598, ""mape_2021"": 114.68480682373047, ""mae_2021"": 17.966379165649414, ""mae12_2021"": 36.77568435668945, ""me_2021"": 7.294174165591616, ""me12_2021"": 36.89404509159542, ""epochs_trained"": 36}",2026-07-05T17:14:46.548910,completed,17.7
9,MAPE,96,2,selu,3,64,0.0,3.8631274700164795,0.7687200307846069,0.9296853542327881,0.1499408821838273,0.36634802706331987,3.8631274700164795,0.7176852822303772,0.9525808095932007,0.15948228346040616,-0.3877024501743642,4.26422643661499,"{""loss"": 2.9597723484039307, ""mape"": 2.9597723484039307, ""mae"": 0.6004289984703064, ""val_loss"": 3.8631274700164795, ""val_mape"": 3.8631274700164795, ""val_mae"": 0.7687200307846069, ""lr"": 1.0000000656873453e-05, ""val_mae12"": 0.9296853542327881, ""val_me"": 0.1499408821838273, ""val_me12"": 0.36634802706331987, ""mape_2021"": 4.26422643661499, ""mae_2021"": 0.7176852822303772, ""mae12_2021"": 0.9525808095932007, ""me_2021"": 0.15948228346040616, ""me12_2021"": -0.3877024501743642, ""epochs_trained"": 587}",2026-07-05T17:14:46.662867,completed,84.4
9,MAPE,96,2,selu,3,64,0.05,19.865230560302734,4.8601837158203125,1.2786011695861816,-2.722957193442301,1.1936243753126377,19.865230560302734,4.337774276733398,1.0280718803405762,-2.972600254187046,0.742227529467868,18.64315414428711,"{""loss"": 12.095328330993652, ""mape"": 12.095328330993652, ""mae"": 2.7124927043914795, ""val_loss"": 19.865230560302734, ""val_mape"": 19.865230560302734, ""val_mae"": 4.8601837158203125, ""lr"": 1.0000000656873453e-05, ""val_mae12"": 1.2786011695861816, ""val_me"": -2.722957193442301, ""val_me12"": 1.1936243753126377, ""mape_2021"": 18.64315414428711, ""mae_2021"": 4.337774276733398, ""mae12_2021"": 1.0280718803405762, ""me_2021"": -2.972600254187046, ""me12_2021"": 0.742227529467868, ""epochs_trained"": 522}",2026-07-05T17:14:54.989118,completed,92.8
9,MAPE,96,2,selu,3,256,0.0,3.559722900390625,0.699168860912323,0.904723584651947,0.10861452406969954,0.4183021955401492,3.559722900390625,0.6870478987693787,0.8023455142974854,0.13387268989700948,-0.2511898493920714,3.9416918754577637,"{""loss"": 2.9149508476257324, ""mape"": 2.9149508476257324, ""mae"": 0.5929539799690247, ""val_loss"": 3.559722900390625, ""val_mape"": 3.559722900390625, ""val_mae"": 0.699168860912323, ""lr"": 1.0000000656873453e-05, ""val_mae12"": 0.904723584651947, ""val_me"": 0.10861452406969954, ""val_me12"": 0.4183021955401492, ""mape_2021"": 3.9416918754577637, ""mae_2021"": 0.6870478987693787, ""mae12_2021"": 0.8023455142974854, ""me_2021"": 0.13387268989700948, ""me12_2021"": -0.2511898493920714, ""epochs_trained"": 475}",2026-07-05T17:15:03.148590,completed,61.1
9,MAPE,96,3,relu,1,16,0.0,14.213754653930664,3.3798534870147705,1.5185601711273193,1.6163381951995754,0.9143936089230541,14.213754653930664,4.278013229370117,1.2581207752227783,3.394427981708849,-0.5975438784299576,18.245115280151367,"{""loss"": 14.72232437133789, ""mape"": 14.72232437133789, ""mae"": 3.6461191177368164, ""val_loss"": 14.213754653930664, ""val_mape"": 14.213754653930664, ""val_mae"": 3.3798534870147705, ""lr"": 0.00010000000474974513, ""val_mae12"": 1.5185601711273193, ""val_me"": 1.6163381951995754, ""val_me12"": 0.9143936089230541, ""mape_2021"": 18.245115280151367, ""mae_2021"": 4.278013229370117, ""mae12_2021"": 1.2581207752227783, ""me_2021"": 3.394427981708849, ""me12_2021"": -0.5975438784299576, ""epochs_trained"": 1425}",2026-07-05T17:16:20.006309,completed,76.0
9,MAPE,96,3,relu,1,32,0.05,3.636131763458252,0.6895999908447266,1.247025966644287,-0.0847408839954976,0.14366551849336034,3.636131763458252,0.7941302061080933,1.1829466819763184,0.30024885514767846,-0.02747568710694222,4.997518539428711,"{""loss"": 6.4275922775268555, ""mape"": 6.4275922775268555, ""mae"": 1.408366322517395, ""val_loss"": 3.636131763458252, ""val_mape"": 3.636131763458252, ""val_mae"": 0.6895999908447266, ""lr"": 1.0000000656873453e-05, ""val_mae12"": 1.247025966644287, ""val_me"": -0.0847408839954976, ""val_me12"": 0.14366551849336034, ""mape_2021"": 4.997518539428711, ""mae_2021"": 0.7941302061080933, ""mae12_2021"": 1.1829466819763184, ""me_2021"": 0.30024885514767846, ""me12_2021"": -0.02747568710694222, ""epochs_trained"": 1842}",2026-07-05T17:16:42.060605,completed,98.1
9,MAPE,96,3,relu,1,16,0.3,5.10811710357666,1.0713107585906982,1.1482101678848267,0.8677813055715761,0.35679860113517897,5.10811710357666,1.3920466899871826,1.2868571281433105,1.326605199870823,-0.9661664784963987,7.300658702850342,"{""loss"": 16.532718658447266, ""mape"": 16.532718658447266, ""mae"": 3.900970220565796, ""val_loss"": 5.10811710357666, ""val_mape"": 5.10811710357666, ""val_mae"": 1.0713107585906982, ""lr"": 0.00010000000474974513, ""val_mae12"": 1.1482101678848267, ""val_me"": 0.8677813055715761, ""val_me12"": 0.35679860113517897, ""mape_2021"": 7.300658702850342, ""mae_2021"": 1.3920466899871826, ""mae12_2021"": 1.2868571281433105, ""me_2021"": 1.326605199870823, ""me12_2021"": -0.9661664784963987, ""epochs_trained"": 1867}",2026-07-05T17:16:43.848660,completed,99.9
9,MAPE,96,3,relu,1,16,0.1,3.1563286781311035,0.6228846311569214,0.8755704164505005,0.17378818798352758,0.3016368623518156,3.1563286781311035,0.813889741897583,0.8939068913459778,0.5463566315430174,-0.42277832772604357,4.534566879272461,"{""loss"": 8.716997146606445, ""mape"": 8.716997146606445, ""mae"": 2.0100677013397217, ""val_loss"": 3.1563286781311035, ""val_mape"": 3.1563286781311035, ""val_mae"": 0.6228846311569214, ""lr"": 1.0000000656873453e-05, ""val_mae12"": 0.8755704164505005, ""val_me"": 0.17378818798352758, ""val_me12"": 0.3016368623518156, ""mape_2021"": 4.534566879272461, ""mae_2021"": 0.813889741897583, ""mae12_2021"": 0.8939068913459778, ""me_2021"": 0.5463566315430174, ""me12_2021"": -0.42277832772604357, ""epochs_trained"": 1953}",2026-07-05T17:16:46.332621,completed,102.4
9,MAPE,96,3,relu,1,32,0.0,7.398919105529785,1.7321432828903198,1.2876843214035034,0.6000644510910809,0.7743644402125779,7.398919105529785,2.05080246925354,0.9375638365745544,1.3001670680036,-0.4463628326482746,9.226720809936523,"{""loss"": 7.306488037109375, ""mape"": 7.306488037109375, ""mae"": 1.7507349252700806, ""val_loss"": 7.398919105529785, ""val_mape"": 7.398919105529785, ""val_mae"": 1.7321432828903198, ""lr"": 0.00010000000474974513, ""val_mae12"": 1.2876843214035034, ""val_me"": 0.6000644510910809, ""val_me12"": 0.7743644402125779, ""mape_2021"": 9.226720809936523, ""mae_2021"": 2.05080246925354, ""mae12_2021"": 0.9375638365745544, ""me_2021"": 1.3001670680036, ""me12_2021"": -0.4463628326482746, ""epochs_trained"": 2216}",2026-07-05T17:17:00.007918,completed,116.0
9,MAPE,96,3,relu,1,64,0.1,45.99922180175781,9.368551254272461,9.477397918701172,7.266318613998574,9.17044866548726,45.99922180175781,10.470601081848145,11.198830604553223,8.663453401203974,10.8643227387728,61.03002166748047,"{""loss"": 47.12622833251953, ""mape"": 47.12622833251953, ""mae"": 10.197903633117676, ""val_loss"": 45.99922180175781, ""val_mape"": 45.99922180175781, ""val_mae"": 9.368551254272461, ""lr"": 0.00010000000474974513, ""val_mae12"": 9.477397918701172, ""val_me"": 7.266318613998574, ""val_me12"": 9.17044866548726, ""mape_2021"": 61.03002166748047, ""mae_2021"": 10.470601081848145, ""mae12_2021"": 11.198830604553223, ""me_2021"": 8.663453401203974, ""me12_2021"": 10.8643227387728, ""epochs_trained"": 76}",2026-07-05T17:17:10.083407,completed,10.1
9,MAPE,96,3,relu,1,16,0.05,3.840061902999878,0.7880561947822571,1.010240912437439,0.44356815129745536,0.15208309334873057,3.840061902999878,1.043380618095398,1.608823537826538,0.8308732973271258,-0.3612723786703365,7.393880367279053,"{""loss"": 7.305790424346924, ""mape"": 7.305790424346924, ""mae"": 1.6194658279418945, ""val_loss"": 3.840061902999878, ""val_mape"": 3.840061902999878, ""val_mae"": 0.7880561947822571, ""lr"": 0.00010000000474974513, ""val_mae12"": 1.010240912437439, ""val_me"": 0.44356815129745536, ""val_me12"": 0.15208309334873057, ""mape_2021"": 7.393880367279053, ""mae_2021"": 1.043380618095398, ""mae12_2021"": 1.608823537826538, ""me_2021"": 0.8308732973271258, ""me12_2021"": -0.3612723786703365, ""epochs_trained"": 2457}",2026-07-05T17:17:14.053582,completed,130.1
9,MAPE,96,3,relu,1,64,0.3,45.0237922668457,9.152190208435059,9.69340991973877,6.963855964140562,9.309009464566472,45.0237922668457,10.322012901306152,10.922996520996094,8.408683515675596,10.467649088119526,58.98288345336914,"{""loss"": 49.11806106567383, ""mape"": 49.11806106567383, ""mae"": 10.734064102172852, ""val_loss"": 45.0237922668457, ""val_mape"": 45.0237922668457, ""val_mae"": 9.152190208435059, ""lr"": 0.00010000000474974513, ""val_mae12"": 9.69340991973877, ""val_me"": 6.963855964140562, ""val_me12"": 9.309009464566472, ""mape_2021"": 58.98288345336914, ""mae_2021"": 10.322012901306152, ""mae12_2021"": 10.922996520996094, ""me_2021"": 8.408683515675596, ""me12_2021"": 10.467649088119526, ""epochs_trained"": 94}",2026-07-05T17:17:19.937783,completed,9.8
9,MAPE,96,3,relu,1,32,0.1,3.453383684158325,0.6623250246047974,1.1250553131103516,0.024273678957384102,0.6752649160751275,3.453383684158325,0.8152973651885986,1.0128953456878662,0.44208107444123007,-0.19118918066383023,4.552206993103027,"{""loss"": 8.187456130981445, ""mape"": 8.187456130981445, ""mae"": 1.8209344148635864, ""val_loss"": 3.453383684158325, ""val_mape"": 3.453383684158325, ""val_mae"": 0.6623250246047974, ""lr"": 1.0000000656873453e-05, ""val_mae12"": 1.1250553131103516, ""val_me"": 0.024273678957384102, ""val_me12"": 0.6752649160751275, ""mape_2021"": 4.552206993103027, ""mae_2021"": 0.8152973651885986, ""mae12_2021"": 1.0128953456878662, ""me_2021"": 0.44208107444123007, ""me12_2021"": -0.19118918066383023, ""epochs_trained"": 1545}",2026-07-05T17:17:41.693864,completed,81.7
9,MAPE,96,3,relu,1,32,0.3,12.668678283691406,2.3983049392700195,4.111800193786621,1.353134200975629,3.1843809052058147,12.668678283691406,2.9508285522460938,2.5507216453552246,2.147565296940826,1.2662115663936344,15.12362289428711,"{""loss"": 21.20863914489746, ""mape"": 21.20863914489746, ""mae"": 4.689670085906982, ""val_loss"": 12.668678283691406, ""val_mape"": 12.668678283691406, ""val_mae"": 2.3983049392700195, ""lr"": 1.0000000656873453e-05, ""val_mae12"": 4.111800193786621, ""val_me"": 1.353134200975629, ""val_me12"": 3.1843809052058147, ""mape_2021"": 15.12362289428711, ""mae_2021"": 2.9508285522460938, ""mae12_2021"": 2.5507216453552246, ""me_2021"": 2.147565296940826, ""me12_2021"": 1.2662115663936344, ""epochs_trained"": 1170}",2026-07-05T17:17:44.593750,completed,62.5
9,MAPE,96,3,relu,1,64,0.0,5.8588738441467285,1.2852940559387207,1.2863316535949707,0.27328663208017123,0.8828870104427055,5.8588738441467285,1.4972214698791504,0.9487507939338684,0.6979827962639263,-0.1598375072815303,7.534682750701904,"{""loss"": 5.568877696990967, ""mape"": 5.568877696990967, ""mae"": 1.287771463394165, ""val_loss"": 5.8588738441467285, ""val_mape"": 5.8588738441467285, ""val_mae"": 1.2852940559387207, ""lr"": 0.00010000000474974513, ""val_mae12"": 1.2863316535949707, ""val_me"": 0.27328663208017123, ""val_me12"": 0.8828870104427055, ""mape_2021"": 7.534682750701904, ""mae_2021"": 1.4972214698791504, ""mae12_2021"": 0.9487507939338684, ""me_2021"": 0.6979827962639263, ""me12_2021"": -0.1598375072815303, ""epochs_trained"": 1735}",2026-07-05T17:18:06.993281,completed,83.1
9,MAPE,96,3,relu,1,64,0.05,11.970169067382812,2.447460889816284,2.8642771244049072,0.7766533664276862,2.0306060467155764,11.970169067382812,2.9771974086761475,2.268965482711792,1.3853660231594294,0.8639422293432936,16.200284957885742,"{""loss"": 14.161338806152344, ""mape"": 14.161338806152344, ""mae"": 3.0433778762817383, ""val_loss"": 11.970169067382812, ""val_mape"": 11.970169067382812, ""val_mae"": 2.447460889816284, ""lr"": 1.0000000656873453e-05, ""val_mae12"": 2.8642771244049072, ""val_me"": 0.7766533664276862, ""val_me12"": 2.0306060467155764, ""mape_2021"": 16.200284957885742, ""mae_2021"": 2.9771974086761475, ""mae12_2021"": 2.268965482711792, ""me_2021"": 1.3853660231594294, ""me12_2021"": 0.8639422293432936, ""epochs_trained"": 5166}",2026-07-05T17:20:03.736786,completed,197.4
9,MAPE,96,3,relu,1,128,0.3,45.49132537841797,9.34325885772705,9.872795104980469,6.945456568577695,9.460765568981499,45.49132537841797,10.382805824279785,11.322361946105957,8.397387301966027,10.941567318564822,60.01622009277344,"{""loss"": 47.81922149658203, ""mape"": 47.81922149658203, ""mae"": 10.383401870727539, ""val_loss"": 45.49132537841797, ""val_mape"": 45.49132537841797, ""val_mae"": 9.34325885772705, ""lr"": 0.00010000000474974513, ""val_mae12"": 9.872795104980469, ""val_me"": 6.945456568577695, ""val_me12"": 9.460765568981499, ""mape_2021"": 60.01622009277344, ""mae_2021"": 10.382805824279785, ""mae12_2021"": 11.322361946105957, ""me_2021"": 8.397387301966027, ""me12_2021"": 10.941567318564822, ""epochs_trained"": 65}",2026-07-05T17:20:24.022693,completed,19.5
9,MAPE,96,3,relu,1,256,0.05,3.5793449878692627,0.7091650366783142,1.0877000093460083,-0.3006329245901806,0.704220448843036,3.5793449878692627,0.757356584072113,0.9787987470626831,0.019615600317600446,-0.219948237573047,4.660396099090576,"{""loss"": 4.480101108551025, ""mape"": 4.480101108551025, ""mae"": 0.925106406211853, ""val_loss"": 3.5793449878692627, ""val_mape"": 3.5793449878692627, ""val_mae"": 0.7091650366783142, ""lr"": 1.0000000656873453e-05, ""val_mae12"": 1.0877000093460083, ""val_me"": -0.3006329245901806, ""val_me12"": 0.704220448843036, ""mape_2021"": 4.660396099090576, ""mae_2021"": 0.757356584072113, ""mae12_2021"": 0.9787987470626831, ""me_2021"": 0.019615600317600446, ""me12_2021"": -0.219948237573047, ""epochs_trained"": 832}",2026-07-05T17:21:49.394257,completed,104.9
9,MAPE,96,3,relu,1,256,0.1,3.7138352394104004,0.7366880178451538,1.0390757322311401,-0.33491369051912095,0.5735051121015652,3.7138352394104004,0.7701066732406616,0.9099600911140442,0.015993206617990762,-0.07089643209780322,4.3969879150390625,"{""loss"": 5.188272953033447, ""mape"": 5.188272953033447, ""mae"": 1.0778968334197998, ""val_loss"": 3.7138352394104004, ""val_mape"": 3.7138352394104004, ""val_mae"": 0.7366880178451538, ""lr"": 1.0000000656873453e-05, ""val_mae12"": 1.0390757322311401, ""val_me"": -0.33491369051912095, ""val_me12"": 0.5735051121015652, ""mape_2021"": 4.3969879150390625, ""mae_2021"": 0.7701066732406616, ""mae12_2021"": 0.9099600911140442, ""me_2021"": 0.015993206617990762, ""me12_2021"": -0.07089643209780322, ""epochs_trained"": 745}",2026-07-05T17:21:56.499428,completed,92.5
9,MAPE,96,3,relu,1,256,0.3,44.66563415527344,9.245628356933594,9.251791000366211,7.230745588890513,8.675763302493074,44.66563415527344,10.343549728393555,10.416029930114746,8.695579263362282,9.706396166079081,58.37409210205078,"{""loss"": 46.48573303222656, ""mape"": 46.48573303222656, ""mae"": 10.132376670837402, ""val_loss"": 44.66563415527344, ""val_mape"": 44.66563415527344, ""val_mae"": 9.245628356933594, ""lr"": 0.00010000000474974513, ""val_mae12"": 9.251791000366211, ""val_me"": 7.230745588890513, ""val_me12"": 8.675763302493074, ""mape_2021"": 58.37409210205078, ""mae_2021"": 10.343549728393555, ""mae12_2021"": 10.416029930114746, ""me_2021"": 8.695579263362282, ""me12_2021"": 9.706396166079081, ""epochs_trained"": 57}",2026-07-05T17:22:03.517598,completed,14.1
9,MAPE,96,3,relu,1,128,0.05,3.644108772277832,0.6849716305732727,0.9721569418907166,-0.2752088953420478,0.38772347572778165,3.644108772277832,0.7356826663017273,1.040420651435852,0.06987054256363462,-0.2945347065632493,4.467308044433594,"{""loss"": 4.8343987464904785, ""mape"": 4.8343987464904785, ""mae"": 1.0029892921447754, ""val_loss"": 3.644108772277832, ""val_mape"": 3.644108772277832, ""val_mae"": 0.6849716305732727, ""lr"": 0.00010000000474974513, ""val_mae12"": 0.9721569418907166, ""val_me"": -0.2752088953420478, ""val_me12"": 0.38772347572778165, ""mape_2021"": 4.467308044433594, ""mae_2021"": 0.7356826663017273, ""mae12_2021"": 1.040420651435852, ""me_2021"": 0.06987054256363462, ""me12_2021"": -0.2945347065632493, ""epochs_trained"": 1046}",2026-07-05T17:22:09.171899,completed,124.7
9,MAPE,96,3,relu,1,256,0.0,4.074251174926758,0.8190855979919434,1.2195589542388916,-0.24738528714196226,0.8449096716363049,4.074251174926758,0.8441625237464905,0.9958068132400513,0.13873577964055328,-0.47950991196648446,4.828608512878418,"{""loss"": 3.9286856651306152, ""mape"": 3.9286856651306152, ""mae"": 0.8418701887130737, ""val_loss"": 4.074251174926758, ""val_mape"": 4.074251174926758, ""val_mae"": 0.8190855979919434, ""lr"": 1.0000000656873453e-05, ""val_mae12"": 1.2195589542388916, ""val_me"": -0.24738528714196226, ""val_me12"": 0.8449096716363049, ""mape_2021"": 4.828608512878418, ""mae_2021"": 0.8441625237464905, ""mae12_2021"": 0.9958068132400513, ""me_2021"": 0.13873577964055328, ""me12_2021"": -0.47950991196648446, ""epochs_trained"": 1199}",2026-07-05T17:22:19.675071,completed,135.2
9,MAPE,96,3,relu,2,16,0.1,46.2642707824707,9.332598686218262,9.985380172729492,7.124769373683677,9.833936824822018,46.2642707824707,10.404439926147461,11.673628807067871,8.53621414321509,11.544642449786878,61.709232330322266,"{""loss"": 50.32072448730469, ""mape"": 50.32072448730469, ""mae"": 11.06256103515625, ""val_loss"": 46.2642707824707, ""val_mape"": 46.2642707824707, ""val_mae"": 9.332598686218262, ""lr"": 0.00010000000474974513, ""val_mae12"": 9.985380172729492, ""val_me"": 7.124769373683677, ""val_me12"": 9.833936824822018, ""mape_2021"": 61.709232330322266, ""mae_2021"": 10.404439926147461, ""mae12_2021"": 11.673628807067871, ""me_2021"": 8.53621414321509, ""me12_2021"": 11.544642449786878, ""epochs_trained"": 93}",2026-07-05T17:22:21.901315,completed,12.7
9,MAPE,96,3,relu,2,16,0.3,47.006080627441406,9.452132225036621,8.758923530578613,7.763379573145552,8.47811273034431,47.006080627441406,10.61618709564209,10.400486946105957,9.12516713657238,10.12470314815481,61.15439224243164,"{""loss"": 57.89635467529297, ""mape"": 57.89635467529297, ""mae"": 13.069662094116211, ""val_loss"": 47.006080627441406, ""val_mape"": 47.006080627441406, ""val_mae"": 9.452132225036621, ""lr"": 0.00010000000474974513, ""val_mae12"": 8.758923530578613, ""val_me"": 7.763379573145552, ""val_me12"": 8.47811273034431, ""mape_2021"": 61.15439224243164, ""mae_2021"": 10.61618709564209, ""mae12_2021"": 10.400486946105957, ""me_2021"": 9.12516713657238, ""me12_2021"": 10.12470314815481, ""epochs_trained"": 99}",2026-07-05T17:22:31.149151,completed,11.5
9,MAPE,96,3,relu,2,16,0.05,4.679352283477783,0.9528917074203491,1.3766900300979614,0.5109333819407533,0.8494529043602543,4.679352283477783,1.1566050052642822,1.1468147039413452,0.9014163375841165,-0.09107351774026459,6.4649224281311035,"{""loss"": 9.435555458068848, ""mape"": 9.435555458068848, ""mae"": 2.131917953491211, ""val_loss"": 4.679352283477783, ""val_mape"": 4.679352283477783, ""val_mae"": 0.9528917074203491, ""lr"": 0.00010000000474974513, ""val_mae12"": 1.3766900300979614, ""val_me"": 0.5109333819407533, ""val_me12"": 0.8494529043602543, ""mape_2021"": 6.4649224281311035, ""mae_2021"": 1.1566050052642822, ""mae12_2021"": 1.1468147039413452, ""me_2021"": 0.9014163375841165, ""me12_2021"": -0.09107351774026459, ""epochs_trained"": 846}",2026-07-05T17:22:56.215676,completed,52.7
9,MAPE,96,3,relu,2,16,0.0,4.400152683258057,0.868312656879425,1.261834979057312,-0.3102413376201965,0.6445981295944023,4.400152683258057,0.9647214412689209,1.1161444187164307,0.01614637679960724,-0.5851861544962785,5.401585102081299,"{""loss"": 4.123706340789795, ""mape"": 4.123706340789795, ""mae"": 0.8589070439338684, ""val_loss"": 4.400152683258057, ""val_mape"": 4.400152683258057, ""val_mae"": 0.868312656879425, ""lr"": 0.00010000000474974513, ""val_mae12"": 1.261834979057312, ""val_me"": -0.3102413376201965, ""val_me12"": 0.6445981295944023, ""mape_2021"": 5.401585102081299, ""mae_2021"": 0.9647214412689209, ""mae12_2021"": 1.1161444187164307, ""me_2021"": 0.01614637679960724, ""me12_2021"": -0.5851861544962785, ""epochs_trained"": 1050}",2026-07-05T17:23:01.040764,completed,64.5
9,MAPE,96,3,relu,1,128,0.1,11.505705833435059,2.3205831050872803,3.1025991439819336,0.4302848895829057,2.3562756299819196,11.505705833435059,2.772237777709961,2.271348237991333,1.0492808830630311,1.382380180594606,15.611273765563965,"{""loss"": 13.545652389526367, ""mape"": 13.545652389526367, ""mae"": 2.890070676803589, ""val_loss"": 11.505705833435059, ""val_mape"": 11.505705833435059, ""val_mae"": 2.3205831050872803, ""lr"": 9.999999747378752e-06, ""val_mae12"": 3.1025991439819336, ""val_me"": 0.4302848895829057, ""val_me12"": 2.3562756299819196, ""mape_2021"": 15.611273765563965, ""mae_2021"": 2.772237777709961, ""mae12_2021"": 2.271348237991333, ""me_2021"": 1.0492808830630311, ""me12_2021"": 1.382380180594606, ""epochs_trained"": 3969}",2026-07-05T17:24:26.567610,completed,262.0
9,MAPE,96,3,relu,1,128,0.0,5.223489284515381,1.0739092826843262,1.7342008352279663,-0.10242287392782205,1.4733633237003105,5.223489284515381,1.1405389308929443,1.0081466436386108,0.23573609967119172,-0.027242254897892008,5.78742790222168,"{""loss"": 4.599874973297119, ""mape"": 4.599874973297119, ""mae"": 1.0369820594787598, ""val_loss"": 5.223489284515381, ""val_mape"": 5.223489284515381, ""val_mae"": 1.0739092826843262, ""lr"": 9.999999747378752e-06, ""val_mae12"": 1.7342008352279663, ""val_me"": -0.10242287392782205, ""val_me12"": 1.4733633237003105, ""mape_2021"": 5.78742790222168, ""mae_2021"": 1.1405389308929443, ""mae12_2021"": 1.0081466436386108, ""me_2021"": 0.23573609967119172, ""me12_2021"": -0.027242254897892008, ""epochs_trained"": 7058}",2026-07-05T17:26:06.588125,completed,362.1
9,MAPE,96,3,relu,2,64,0.0,46.279945373535156,9.320357322692871,13.541976928710938,6.749628237252874,13.656182589360544,46.279945373535156,10.224276542663574,15.8235502243042,7.966550249436018,15.924800079435723,64.76991271972656,"{""loss"": 46.0472297668457, ""mape"": 46.0472297668457, ""mae"": 9.908453941345215, ""val_loss"": 46.279945373535156, ""val_mape"": 46.279945373535156, ""val_mae"": 9.320357322692871, ""lr"": 0.00010000000474974513, ""val_mae12"": 13.541976928710938, ""val_me"": 6.749628237252874, ""val_me12"": 13.656182589360544, ""mape_2021"": 64.76991271972656, ""mae_2021"": 10.224276542663574, ""mae12_2021"": 15.8235502243042, ""me_2021"": 7.966550249436018, ""me12_2021"": 15.924800079435723, ""epochs_trained"": 56}",2026-07-05T17:26:21.417655,completed,14.0
9,MAPE,96,3,relu,2,64,0.05,45.245628356933594,9.117024421691895,11.28981876373291,6.970077012165389,11.297187628575632,45.245628356933594,10.282432556152344,13.335756301879883,8.292583226190931,13.34406741375565,62.98007583618164,"{""loss"": 46.025760650634766, ""mape"": 46.025760650634766, ""mae"": 9.878314971923828, ""val_loss"": 45.245628356933594, ""val_mape"": 45.245628356933594, ""val_mae"": 9.117024421691895, ""lr"": 0.00010000000474974513, ""val_mae12"": 11.28981876373291, ""val_me"": 6.970077012165389, ""val_me12"": 11.297187628575632, ""mape_2021"": 62.98007583618164, ""mae_2021"": 10.282432556152344, ""mae12_2021"": 13.335756301879883, ""me_2021"": 8.292583226190931, ""me12_2021"": 13.34406741375565, ""epochs_trained"": 57}",2026-07-05T17:26:21.496212,completed,14.1
9,MAPE,96,3,relu,2,32,0.3,46.384281158447266,9.454768180847168,8.948389053344727,7.189928312003682,8.501651087218358,46.384281158447266,10.433500289916992,10.55285358428955,8.599624414260376,10.201606638159523,60.691680908203125,"{""loss"": 52.71525192260742, ""mape"": 52.71525192260742, ""mae"": 11.785984992980957, ""val_loss"": 46.384281158447266, ""val_mape"": 46.384281158447266, ""val_mae"": 9.454768180847168, ""lr"": 0.00010000000474974513, ""val_mae12"": 8.948389053344727, ""val_me"": 7.189928312003682, ""val_me12"": 8.501651087218358, ""mape_2021"": 60.691680908203125, ""mae_2021"": 10.433500289916992, ""mae12_2021"": 10.55285358428955, ""me_2021"": 8.599624414260376, ""me12_2021"": 10.201606638159523, ""epochs_trained"": 81}",2026-07-05T17:26:22.219031,completed,14.8
9,MAPE,96,3,relu,2,32,0.1,44.72593688964844,9.134733200073242,10.13322925567627,6.668960233482421,9.666437301969312,44.72593688964844,10.05433177947998,10.73172378540039,8.10732557050302,10.351650823303453,57.472862243652344,"{""loss"": 46.859352111816406, ""mape"": 46.859352111816406, ""mae"": 10.338865280151367, ""val_loss"": 44.72593688964844, ""val_mape"": 44.72593688964844, ""val_mae"": 9.134733200073242, ""lr"": 0.00010000000474974513, ""val_mae12"": 10.13322925567627, ""val_me"": 6.668960233482421, ""val_me12"": 9.666437301969312, ""mape_2021"": 57.472862243652344, ""mae_2021"": 10.05433177947998, ""mae12_2021"": 10.73172378540039, ""me_2021"": 8.10732557050302, ""me12_2021"": 10.351650823303453, ""epochs_trained"": 82}",2026-07-05T17:26:22.313546,completed,14.9
9,MAPE,96,3,relu,2,32,0.05,45.83293914794922,9.387492179870605,9.673064231872559,7.114747173727618,9.208053982145593,45.83293914794922,10.35180950164795,11.11919116973877,8.52076070817791,10.778458635270102,60.48126983642578,"{""loss"": 46.434722900390625, ""mape"": 46.434722900390625, ""mae"": 10.138205528259277, ""val_loss"": 45.83293914794922, ""val_mape"": 45.83293914794922, ""val_mae"": 9.387492179870605, ""lr"": 0.00010000000474974513, ""val_mae12"": 9.673064231872559, ""val_me"": 7.114747173727618, ""val_me12"": 9.208053982145593, ""mape_2021"": 60.48126983642578, ""mae_2021"": 10.35180950164795, ""mae12_2021"": 11.11919116973877, ""me_2021"": 8.52076070817791, ""me12_2021"": 10.778458635270102, ""epochs_trained"": 81}",2026-07-05T17:26:22.318545,completed,14.9
9,MAPE,96,3,relu,2,128,0.0,4.134774684906006,0.7605328559875488,1.6462448835372925,-0.2938348637780626,1.3602176185392545,4.134774684906006,0.8110156655311584,0.983295202255249,0.02955463636619677,0.30624045940301425,4.6556525230407715,"{""loss"": 3.5595881938934326, ""mape"": 3.5595881938934326, ""mae"": 0.7106024026870728, ""val_loss"": 4.134774684906006, ""val_mape"": 4.134774684906006, ""val_mae"": 0.7605328559875488, ""lr"": 0.00010000000474974513, ""val_mae12"": 1.6462448835372925, ""val_me"": -0.2938348637780626, ""val_me12"": 1.3602176185392545, ""mape_2021"": 4.6556525230407715, ""mae_2021"": 0.8110156655311584, ""mae12_2021"": 0.983295202255249, ""me_2021"": 0.02955463636619677, ""me12_2021"": 0.30624045940301425, ""epochs_trained"": 469}",2026-07-05T17:27:17.298220,completed,55.1
9,MAPE,96,3,relu,2,128,0.05,4.022396087646484,0.7261664867401123,2.142857313156128,-0.32150470509334,1.966545550594658,4.022396087646484,0.7328888177871704,1.3975719213485718,0.004865015184449004,0.8233142536365924,4.644802093505859,"{""loss"": 5.115572452545166, ""mape"": 5.115572452545166, ""mae"": 1.0888921022415161, ""val_loss"": 4.022396087646484, ""val_mape"": 4.022396087646484, ""val_mae"": 0.7261664867401123, ""lr"": 1.0000000656873453e-05, ""val_mae12"": 2.142857313156128, ""val_me"": -0.32150470509334, ""val_me12"": 1.966545550594658, ""mape_2021"": 4.644802093505859, ""mae_2021"": 0.7328888177871704, ""mae12_2021"": 1.3975719213485718, ""me_2021"": 0.004865015184449004, ""me12_2021"": 0.8233142536365924, ""epochs_trained"": 532}",2026-07-05T17:27:21.087406,completed,58.8
9,MAPE,96,3,relu,2,128,0.1,4.049366474151611,0.716503381729126,2.1501564979553223,-0.2525987272669706,2.010305588598347,4.049366474151611,0.7341465950012207,1.498591423034668,0.06726050590178555,0.8780734083537198,4.877031326293945,"{""loss"": 6.089481830596924, ""mape"": 6.089481830596924, ""mae"": 1.3309047222137451, ""val_loss"": 4.049366474151611, ""val_mape"": 4.049366474151611, ""val_mae"": 0.716503381729126, ""lr"": 1.0000000656873453e-05, ""val_mae12"": 2.1501564979553223, ""val_me"": -0.2525987272669706, ""val_me12"": 2.010305588598347, ""mape_2021"": 4.877031326293945, ""mae_2021"": 0.7341465950012207, ""mae12_2021"": 1.498591423034668, ""me_2021"": 0.06726050590178555, ""me12_2021"": 0.8780734083537198, ""epochs_trained"": 575}",2026-07-05T17:27:24.113239,completed,61.8
9,MAPE,96,3,relu,2,64,0.3,3.891477108001709,0.7063732147216797,1.9408291578292847,0.0323550492220336,1.723521517335088,3.891477108001709,0.8231415152549744,1.0977572202682495,0.44829788109522595,0.28770553153262585,4.991919040679932,"{""loss"": 12.087085723876953, ""mape"": 12.087085723876953, ""mae"": 2.797926902770996, ""val_loss"": 3.891477108001709, ""val_mape"": 3.891477108001709, ""val_mae"": 0.7063732147216797, ""lr"": 0.00010000000474974513, ""val_mae12"": 1.9408291578292847, ""val_me"": 0.0323550492220336, ""val_me12"": 1.723521517335088, ""mape_2021"": 4.991919040679932, ""mae_2021"": 0.8231415152549744, ""mae12_2021"": 1.0977572202682495, ""me_2021"": 0.44829788109522595, ""me12_2021"": 0.28770553153262585, ""epochs_trained"": 633}",2026-07-05T17:27:26.020757,completed,64.5
9,MAPE,96,3,relu,2,128,0.3,3.917835235595703,0.7454636096954346,1.7643415927886963,-0.06417290466554655,1.6274627803633646,3.917835235595703,0.7484035491943359,1.0257439613342285,0.3484111634161645,0.22357231335347943,4.2609405517578125,"{""loss"": 9.529876708984375, ""mape"": 9.529876708984375, ""mae"": 2.1586108207702637, ""val_loss"": 3.917835235595703, ""val_mape"": 3.917835235595703, ""val_mae"": 0.7454636096954346, ""lr"": 0.00010000000474974513, ""val_mae12"": 1.7643415927886963, ""val_me"": -0.06417290466554655, ""val_me12"": 1.6274627803633646, ""mape_2021"": 4.2609405517578125, ""mae_2021"": 0.7484035491943359, ""mae12_2021"": 1.0257439613342285, ""me_2021"": 0.3484111634161645, ""me12_2021"": 0.22357231335347943, ""epochs_trained"": 570}",2026-07-05T17:27:58.260671,completed,41.0
9,MAPE,96,3,relu,2,64,0.1,16.46712303161621,3.193325996398926,5.173964977264404,0.8081254197067529,4.048612931670385,16.46712303161621,3.381350040435791,3.5965378284454346,1.51391129897869,1.8469886705097827,19.4558048248291,"{""loss"": 18.211885452270508, ""mape"": 18.211885452270508, ""mae"": 3.843845844268799, ""val_loss"": 16.46712303161621, ""val_mape"": 16.46712303161621, ""val_mae"": 3.193325996398926, ""lr"": 9.999999747378752e-06, ""val_mae12"": 5.173964977264404, ""val_me"": 0.8081254197067529, ""val_me12"": 4.048612931670385, ""mape_2021"": 19.4558048248291, ""mae_2021"": 3.381350040435791, ""mae12_2021"": 3.5965378284454346, ""me_2021"": 1.51391129897869, ""me12_2021"": 1.8469886705097827, ""epochs_trained"": 1553}",2026-07-05T17:28:13.499603,completed,112.1
9,MAPE,96,3,relu,2,32,0.0,4.366955280303955,0.8360337615013123,1.8310707807540894,-0.3646698289522806,1.496686661906532,4.366955280303955,0.8847218751907349,1.1465389728546143,-0.09750002249793793,0.4161271225065594,4.991166114807129,"{""loss"": 3.342691659927368, ""mape"": 3.342691659927368, ""mae"": 0.6874145865440369, ""val_loss"": 4.366955280303955, ""val_mape"": 4.366955280303955, ""val_mae"": 0.8360337615013123, ""lr"": 9.999999747378752e-06, ""val_mae12"": 1.8310707807540894, ""val_me"": -0.3646698289522806, ""val_me12"": 1.496686661906532, ""mape_2021"": 4.991166114807129, ""mae_2021"": 0.8847218751907349, ""mae12_2021"": 1.1465389728546143, ""me_2021"": -0.09750002249793793, ""me12_2021"": 0.4161271225065594, ""epochs_trained"": 4837}",2026-07-05T17:29:46.054232,completed,218.7
10,MAPE,96,2,selu,2,32,0.3,97.79781341552734,21.137968063354492,6.247226238250732,22.047219654235814,5.9438392182770015,97.79781341552734,21.5632381439209,9.369658470153809,20.5750522659244,9.25625852659185,97.25682067871094,"{""loss"": 87.27421569824219, ""mape"": 87.27421569824219, ""mae"": 22.07134246826172, ""val_loss"": 97.79781341552734, ""val_mape"": 97.79781341552734, ""val_mae"": 21.137968063354492, ""lr"": 0.00010000000474974513, ""val_mae12"": 6.247226238250732, ""val_me"": 22.047219654235814, ""val_me12"": 5.9438392182770015, ""mape_2021"": 97.25682067871094, ""mae_2021"": 21.5632381439209, ""mae12_2021"": 9.369658470153809, ""me_2021"": 20.5750522659244, ""me12_2021"": 9.25625852659185, ""epochs_trained"": 33}",2026-07-05T17:30:00.415610,completed,13.6
10,MAPE,96,2,selu,2,64,0.05,54.573184967041016,12.201573371887207,8.422613143920898,8.904133062567812,8.10972252260234,54.573184967041016,10.60092544555664,12.537830352783203,9.051373347850566,12.39507568349833,63.412986755371094,"{""loss"": 41.64341735839844, ""mape"": 41.64341735839844, ""mae"": 8.991999626159668, ""val_loss"": 54.573184967041016, ""val_mape"": 54.573184967041016, ""val_mae"": 12.201573371887207, ""lr"": 0.00010000000474974513, ""val_mae12"": 8.422613143920898, ""val_me"": 8.904133062567812, ""val_me12"": 8.10972252260234, ""mape_2021"": 63.412986755371094, ""mae_2021"": 10.60092544555664, ""mae12_2021"": 12.537830352783203, ""me_2021"": 9.051373347850566, ""me12_2021"": 12.39507568349833, ""epochs_trained"": 60}",2026-07-05T17:30:01.640364,completed,14.8
10,MAPE,96,2,selu,2,32,0.05,60.6511116027832,13.442909240722656,7.093238353729248,9.646712282180555,6.591662854268707,60.6511116027832,11.210046768188477,10.75207233428955,9.931972799136112,10.525502091462474,64.28410339355469,"{""loss"": 46.66325378417969, ""mape"": 46.66325378417969, ""mae"": 10.070611000061035, ""val_loss"": 60.6511116027832, ""val_mape"": 60.6511116027832, ""val_mae"": 13.442909240722656, ""lr"": 0.00010000000474974513, ""val_mae12"": 7.093238353729248, ""val_me"": 9.646712282180555, ""val_me12"": 6.591662854268707, ""mape_2021"": 64.28410339355469, ""mae_2021"": 11.210046768188477, ""mae12_2021"": 10.75207233428955, ""me_2021"": 9.931972799136112, ""me12_2021"": 10.525502091462474, ""epochs_trained"": 61}",2026-07-05T17:30:01.698406,completed,14.8
10,MAPE,96,2,selu,2,32,0.1,66.33524322509766,15.046382904052734,10.663992881774902,7.748056385128457,10.684952782792278,66.33524322509766,10.007707595825195,14.739129066467285,8.040048453217135,14.836902864811107,61.94440460205078,"{""loss"": 46.47597122192383, ""mape"": 46.47597122192383, ""mae"": 10.080832481384277, ""val_loss"": 66.33524322509766, ""val_mape"": 66.33524322509766, ""val_mae"": 15.046382904052734, ""lr"": 0.00010000000474974513, ""val_mae12"": 10.663992881774902, ""val_me"": 7.748056385128457, ""val_me12"": 10.684952782792278, ""mape_2021"": 61.94440460205078, ""mae_2021"": 10.007707595825195, ""mae12_2021"": 14.739129066467285, ""me_2021"": 8.040048453217135, ""me12_2021"": 14.836902864811107, ""epochs_trained"": 78}",2026-07-05T17:30:02.369583,completed,15.5
10,MAPE,96,2,selu,2,64,0.3,91.12146759033203,19.21649742126465,7.277612686157227,22.00825518572797,6.96715979169531,91.12146759033203,21.56879234313965,10.177450180053711,20.480157488200067,10.10970571221417,97.49107360839844,"{""loss"": 84.2883529663086, ""mape"": 84.2883529663086, ""mae"": 21.298860549926758, ""val_loss"": 91.12146759033203, ""val_mape"": 91.12146759033203, ""val_mae"": 19.21649742126465, ""lr"": 0.00010000000474974513, ""val_mae12"": 7.277612686157227, ""val_me"": 22.00825518572797, ""val_me12"": 6.96715979169531, ""mape_2021"": 97.49107360839844, ""mae_2021"": 21.56879234313965, ""mae12_2021"": 10.177450180053711, ""me_2021"": 20.480157488200067, ""me12_2021"": 10.10970571221417, ""epochs_trained"": 31}",2026-07-05T17:30:10.541742,completed,8.9
10,MAPE,96,2,selu,2,64,0.1,67.51370239257812,15.414990425109863,12.025078773498535,7.4050431586728624,12.056486870630248,67.51370239257812,9.801671981811523,16.316112518310547,7.433332889845972,16.41481013787406,62.536705017089844,"{""loss"": 43.838279724121094, ""mape"": 43.838279724121094, ""mae"": 9.43697452545166, ""val_loss"": 67.51370239257812, ""val_mape"": 67.51370239257812, ""val_mae"": 15.414990425109863, ""lr"": 0.00010000000474974513, ""val_mae12"": 12.025078773498535, ""val_me"": 7.4050431586728624, ""val_me12"": 12.056486870630248, ""mape_2021"": 62.536705017089844, ""mae_2021"": 9.801671981811523, ""mae12_2021"": 16.316112518310547, ""me_2021"": 7.433332889845972, ""me12_2021"": 16.41481013787406, ""epochs_trained"": 60}",2026-07-05T17:30:10.718587,completed,10.3
10,MAPE,96,2,selu,2,128,0.05,24.34107780456543,5.59085750579834,2.0463013648986816,-1.9206575758319813,1.7060969762167923,24.34107780456543,5.270580768585205,2.4683620929718018,-2.334721575533684,-0.28008016378329903,24.785926818847656,"{""loss"": 14.920028686523438, ""mape"": 14.920028686523438, ""mae"": 3.3138771057128906, ""val_loss"": 24.34107780456543, ""val_mape"": 24.34107780456543, ""val_mae"": 5.59085750579834, ""lr"": 0.00010000000474974513, ""val_mae12"": 2.0463013648986816, ""val_me"": -1.9206575758319813, ""val_me12"": 1.7060969762167923, ""mape_2021"": 24.785926818847656, ""mae_2021"": 5.270580768585205, ""mae12_2021"": 2.4683620929718018, ""me_2021"": -2.334721575533684, ""me12_2021"": -0.28008016378329903, ""epochs_trained"": 155}",2026-07-05T17:30:23.720754,completed,21.3
10,MAPE,96,2,selu,2,128,0.1,56.23994445800781,13.101253509521484,9.155998229980469,7.847727941502421,9.109048923010004,56.23994445800781,9.687389373779297,12.643867492675781,7.927063338508799,12.707943228917602,57.99386978149414,"{""loss"": 36.828487396240234, ""mape"": 36.828487396240234, ""mae"": 7.9693121910095215, ""val_loss"": 56.23994445800781, ""val_mape"": 56.23994445800781, ""val_mae"": 13.101253509521484, ""lr"": 0.00010000000474974513, ""val_mae12"": 9.155998229980469, ""val_me"": 7.847727941502421, ""val_me12"": 9.109048923010004, ""mape_2021"": 57.99386978149414, ""mae_2021"": 9.687389373779297, ""mae12_2021"": 12.643867492675781, ""me_2021"": 7.927063338508799, ""me12_2021"": 12.707943228917602, ""epochs_trained"": 49}",2026-07-05T17:30:23.929925,completed,13.4
10,MAPE,96,2,selu,2,128,0.3,151.8460693359375,34.546630859375,31.90644073486328,3.4756552784630284,31.96449862352921,151.8460693359375,11.84716796875,38.79997634887695,2.950038353026661,38.9752299468093,96.27457427978516,"{""loss"": 46.715431213378906, ""mape"": 46.715431213378906, ""mae"": 9.97071361541748, ""val_loss"": 151.8460693359375, ""val_mape"": 151.8460693359375, ""val_mae"": 34.546630859375, ""lr"": 0.00010000000474974513, ""val_mae12"": 31.90644073486328, ""val_me"": 3.4756552784630284, ""val_me12"": 31.96449862352921, ""mape_2021"": 96.27457427978516, ""mae_2021"": 11.84716796875, ""mae12_2021"": 38.79997634887695, ""me_2021"": 2.950038353026661, ""me12_2021"": 38.9752299468093, ""epochs_trained"": 53}",2026-07-05T17:30:24.219498,completed,13.5
10,MAPE,96,2,selu,2,128,0.0,3.8065261840820312,0.7542411088943481,0.875793993473053,0.16070229640376305,0.3860065145665812,3.8065261840820312,0.7228007316589355,0.771113932132721,0.1875088390225892,-0.21947385363923239,3.95796799659729,"{""loss"": 3.003628730773926, ""mape"": 3.003628730773926, ""mae"": 0.6117413640022278, ""val_loss"": 3.8065261840820312, ""val_mape"": 3.8065261840820312, ""val_mae"": 0.7542411088943481, ""lr"": 1.0000000656873453e-05, ""val_mae12"": 0.875793993473053, ""val_me"": 0.16070229640376305, ""val_me12"": 0.3860065145665812, ""mape_2021"": 3.95796799659729, ""mae_2021"": 0.7228007316589355, ""mae12_2021"": 0.771113932132721, ""me_2021"": 0.1875088390225892, ""me12_2021"": -0.21947385363923239, ""epochs_trained"": 599}",2026-07-05T17:30:44.348500,completed,42.6
10,MAPE,96,2,selu,2,64,0.0,3.988595962524414,0.7940303087234497,0.9098578095436096,0.16872065542135595,0.4126523020871753,3.988595962524414,0.7507700324058533,0.8319094181060791,0.1750754384737582,-0.3698123401143435,4.268988609313965,"{""loss"": 3.06601881980896, ""mape"": 3.06601881980896, ""mae"": 0.6260449290275574, ""val_loss"": 3.988595962524414, ""val_mape"": 3.988595962524414, ""val_mae"": 0.7940303087234497, ""lr"": 1.0000000656873453e-05, ""val_mae12"": 0.9098578095436096, ""val_me"": 0.16872065542135595, ""val_me12"": 0.4126523020871753, ""mape_2021"": 4.268988609313965, ""mae_2021"": 0.7507700324058533, ""mae12_2021"": 0.8319094181060791, ""me_2021"": 0.1750754384737582, ""me12_2021"": -0.3698123401143435, ""epochs_trained"": 736}",2026-07-05T17:31:18.163291,completed,91.3
10,MAPE,96,2,selu,2,32,0.0,7.948021411895752,1.7068365812301636,0.9355314373970032,1.120102343738019,0.41795923968897614,7.948021411895752,1.3196382522583008,0.8660492300987244,0.7782838026494083,-0.24587998789377294,6.696313381195068,"{""loss"": 4.812567234039307, ""mape"": 4.812567234039307, ""mae"": 1.0343806743621826, ""val_loss"": 7.948021411895752, ""val_mape"": 7.948021411895752, ""val_mae"": 1.7068365812301636, ""lr"": 1.0000000656873453e-05, ""val_mae12"": 0.9355314373970032, ""val_me"": 1.120102343738019, ""val_me12"": 0.41795923968897614, ""mape_2021"": 6.696313381195068, ""mae_2021"": 1.3196382522583008, ""mae12_2021"": 0.8660492300987244, ""me_2021"": 0.7782838026494083, ""me12_2021"": -0.24587998789377294, ""epochs_trained"": 2207}",2026-07-05T17:31:29.377358,completed,102.5
10,MAPE,96,2,selu,2,256,0.3,162.02850341796875,37.875919342041016,23.89875030517578,4.17007028501398,23.952249421106462,162.02850341796875,10.571696281433105,29.303850173950195,3.9777488911875944,29.436889183999824,79.17181396484375,"{""loss"": 40.604469299316406, ""mape"": 40.604469299316406, ""mae"": 8.737611770629883, ""val_loss"": 162.02850341796875, ""val_mape"": 162.02850341796875, ""val_mae"": 37.875919342041016, ""lr"": 0.00010000000474974513, ""val_mae12"": 23.89875030517578, ""val_me"": 4.17007028501398, ""val_me12"": 23.952249421106462, ""mape_2021"": 79.17181396484375, ""mae_2021"": 10.571696281433105, ""mae12_2021"": 29.303850173950195, ""me_2021"": 3.9777488911875944, ""me12_2021"": 29.436889183999824, ""epochs_trained"": 45}",2026-07-05T17:31:54.396570,completed,24.2
10,MAPE,96,2,selu,2,256,0.05,30.740697860717773,6.8680195808410645,2.9709761142730713,3.874737301291631,1.243094853704394,30.740697860717773,5.882874965667725,2.635425329208374,4.025619852173688,-0.666386490774867,27.41335105895996,"{""loss"": 20.365673065185547, ""mape"": 20.365673065185547, ""mae"": 4.41276741027832, ""val_loss"": 30.740697860717773, ""val_mape"": 30.740697860717773, ""val_mae"": 6.8680195808410645, ""lr"": 0.00010000000474974513, ""val_mae12"": 2.9709761142730713, ""val_me"": 3.874737301291631, ""val_me12"": 1.243094853704394, ""mape_2021"": 27.41335105895996, ""mae_2021"": 5.882874965667725, ""mae12_2021"": 2.635425329208374, ""me_2021"": 4.025619852173688, ""me12_2021"": -0.666386490774867, ""epochs_trained"": 54}",2026-07-05T17:31:54.684255,completed,24.5
10,MAPE,96,2,selu,2,256,0.1,51.520992279052734,12.077967643737793,5.165563106536865,-1.4711105012850216,3.8701808277735483,51.520992279052734,7.626502990722656,4.639416694641113,-1.3207371745213798,0.598909453552656,37.148868560791016,"{""loss"": 22.99880027770996, ""mape"": 22.99880027770996, ""mae"": 4.8977556228637695, ""val_loss"": 51.520992279052734, ""val_mape"": 51.520992279052734, ""val_mae"": 12.077967643737793, ""lr"": 0.00010000000474974513, ""val_mae12"": 5.165563106536865, ""val_me"": -1.4711105012850216, ""val_me12"": 3.8701808277735483, ""mape_2021"": 37.148868560791016, ""mae_2021"": 7.626502990722656, ""mae12_2021"": 4.639416694641113, ""me_2021"": -1.3207371745213798, ""me12_2021"": 0.598909453552656, ""epochs_trained"": 57}",2026-07-05T17:31:54.968851,completed,24.8
10,MAPE,96,2,selu,3,16,0.05,56.03428649902344,12.782297134399414,10.66415023803711,6.418722041725621,10.693238706800297,56.03428649902344,8.366209983825684,13.986340522766113,6.385686845845169,14.07892693108271,53.44654846191406,"{""loss"": 41.116607666015625, ""mape"": 41.116607666015625, ""mae"": 9.039458274841309, ""val_loss"": 56.03428649902344, ""val_mape"": 56.03428649902344, ""val_mae"": 12.782297134399414, ""lr"": 0.00010000000474974513, ""val_mae12"": 10.66415023803711, ""val_me"": 6.418722041725621, ""val_me12"": 10.693238706800297, ""mape_2021"": 53.44654846191406, ""mae_2021"": 8.366209983825684, ""mae12_2021"": 13.986340522766113, ""me_2021"": 6.385686845845169, ""me12_2021"": 14.07892693108271, ""epochs_trained"": 80}",2026-07-05T17:31:56.216405,completed,26.1
10,MAPE,96,2,selu,3,16,0.3,92.05728149414062,18.839128494262695,12.980345726013184,18.052579089289058,13.01780924259539,92.05728149414062,18.795835494995117,17.27704620361328,16.55105963895146,17.397969423878585,93.6856460571289,"{""loss"": 86.47886657714844, ""mape"": 86.47886657714844, ""mae"": 21.659454345703125, ""val_loss"": 92.05728149414062, ""val_mape"": 92.05728149414062, ""val_mae"": 18.839128494262695, ""lr"": 0.00010000000474974513, ""val_mae12"": 12.980345726013184, ""val_me"": 18.052579089289058, ""val_me12"": 13.01780924259539, ""mape_2021"": 93.6856460571289, ""mae_2021"": 18.795835494995117, ""mae12_2021"": 17.27704620361328, ""me_2021"": 16.55105963895146, ""me12_2021"": 17.397969423878585, ""epochs_trained"": 58}",2026-07-05T17:32:05.830670,completed,11.1
10,MAPE,96,2,selu,3,16,0.1,58.06298828125,12.780035972595215,14.957681655883789,4.904215751319718,14.993087629948796,58.06298828125,7.627255439758301,19.09722900390625,4.429465696371934,19.20985631725695,55.964290618896484,"{""loss"": 43.44289016723633, ""mape"": 43.44289016723633, ""mae"": 9.492631912231445, ""val_loss"": 58.06298828125, ""val_mape"": 58.06298828125, ""val_mae"": 12.780035972595215, ""lr"": 0.00010000000474974513, ""val_mae12"": 14.957681655883789, ""val_me"": 4.904215751319718, ""val_me12"": 14.993087629948796, ""mape_2021"": 55.964290618896484, ""mae_2021"": 7.627255439758301, ""mae12_2021"": 19.09722900390625, ""me_2021"": 4.429465696371934, ""me12_2021"": 19.20985631725695, ""epochs_trained"": 94}",2026-07-05T17:32:07.605610,completed,13.2
10,MAPE,96,2,selu,3,32,0.05,52.209129333496094,12.504045486450195,6.733755111694336,7.2259398711284675,6.757972144397366,52.209129333496094,8.83540153503418,8.999106407165527,7.616375512130463,9.076089666103382,49.38006591796875,"{""loss"": 37.02180862426758, ""mape"": 37.02180862426758, ""mae"": 8.434252738952637, ""val_loss"": 52.209129333496094, ""val_mape"": 52.209129333496094, ""val_mae"": 12.504045486450195, ""lr"": 0.00010000000474974513, ""val_mae12"": 6.733755111694336, ""val_me"": 7.2259398711284675, ""val_me12"": 6.757972144397366, ""mape_2021"": 49.38006591796875, ""mae_2021"": 8.83540153503418, ""mae12_2021"": 8.999106407165527, ""me_2021"": 7.616375512130463, ""me12_2021"": 9.076089666103382, ""epochs_trained"": 63}",2026-07-05T17:32:07.828613,completed,11.6
10,MAPE,96,2,selu,3,32,0.3,97.0930404663086,19.647293090820312,9.600229263305664,20.83958039109732,9.626991755328273,97.0930404663086,20.89838981628418,12.439214706420898,19.30229143576095,12.519273695276352,94.34169006347656,"{""loss"": 84.94189453125, ""mape"": 84.94189453125, ""mae"": 21.59833335876465, ""val_loss"": 97.0930404663086, ""val_mape"": 97.0930404663086, ""val_mae"": 19.647293090820312, ""lr"": 0.00010000000474974513, ""val_mae12"": 9.600229263305664, ""val_me"": 20.83958039109732, ""val_me12"": 9.626991755328273, ""mape_2021"": 94.34169006347656, ""mae_2021"": 20.89838981628418, ""mae12_2021"": 12.439214706420898, ""me_2021"": 19.30229143576095, ""me12_2021"": 12.519273695276352, ""epochs_trained"": 42}",2026-07-05T17:32:17.064130,completed,9.5
10,MAPE,96,2,selu,3,32,0.1,71.72797393798828,17.058015823364258,16.232892990112305,4.512219624225197,16.26766248804904,71.72797393798828,8.230613708496094,20.37129020690918,4.363036872667736,20.48033405148713,59.48300552368164,"{""loss"": 41.421844482421875, ""mape"": 41.421844482421875, ""mae"": 9.204118728637695, ""val_loss"": 71.72797393798828, ""val_mape"": 71.72797393798828, ""val_mae"": 17.058015823364258, ""lr"": 0.00010000000474974513, ""val_mae12"": 16.232892990112305, ""val_me"": 4.512219624225197, ""val_me12"": 16.26766248804904, ""mape_2021"": 59.48300552368164, ""mae_2021"": 8.230613708496094, ""mae12_2021"": 20.37129020690918, ""me_2021"": 4.363036872667736, ""me12_2021"": 20.48033405148713, ""epochs_trained"": 72}",2026-07-05T17:32:17.199652,completed,11.4
10,MAPE,96,2,selu,2,256,0.0,3.605308771133423,0.7003050446510315,0.9148528575897217,0.1181211009919043,0.38996687085336984,3.605308771133423,0.7070331573486328,0.7750651240348816,0.15294200085994644,-0.2676575624186083,4.066452980041504,"{""loss"": 2.8391530513763428, ""mape"": 2.8391530513763428, ""mae"": 0.578829824924469, ""val_loss"": 3.605308771133423, ""val_mape"": 3.605308771133423, ""val_mae"": 0.7003050446510315, ""lr"": 1.0000000656873453e-05, ""val_mae12"": 0.9148528575897217, ""val_me"": 0.1181211009919043, ""val_me12"": 0.38996687085336984, ""mape_2021"": 4.066452980041504, ""mae_2021"": 0.7070331573486328, ""mae12_2021"": 0.7750651240348816, ""me_2021"": 0.15294200085994644, ""me12_2021"": -0.2676575624186083, ""epochs_trained"": 497}",2026-07-05T17:32:25.984088,completed,55.8
10,MAPE,96,2,selu,3,16,0.0,5.795055866241455,1.2258434295654297,0.9115368127822876,0.47252893510006444,0.27639576742128413,5.795055866241455,1.0197546482086182,0.9945206642150879,0.49779525126925533,-0.5420266016809427,5.542734146118164,"{""loss"": 3.7443196773529053, ""mape"": 3.7443196773529053, ""mae"": 0.7831404209136963, ""val_loss"": 5.795055866241455, ""val_mape"": 5.795055866241455, ""val_mae"": 1.2258434295654297, ""lr"": 0.00010000000474974513, ""val_mae12"": 0.9115368127822876, ""val_me"": 0.47252893510006444, ""val_me12"": 0.27639576742128413, ""mape_2021"": 5.542734146118164, ""mae_2021"": 1.0197546482086182, ""mae12_2021"": 0.9945206642150879, ""me_2021"": 0.49779525126925533, ""me12_2021"": -0.5420266016809427, ""epochs_trained"": 843}",2026-07-05T17:32:35.285619,completed,65.1
10,MAPE,96,2,selu,3,32,0.0,3.935969114303589,0.7795237302780151,0.9689666032791138,0.16026663478264722,0.44689898111605075,3.935969114303589,0.7186902165412903,0.8580072522163391,0.15383841721695807,-0.19204165750377217,4.033226013183594,"{""loss"": 2.9206931591033936, ""mape"": 2.9206931591033936, ""mae"": 0.591873049736023, ""val_loss"": 3.935969114303589, ""val_mape"": 3.935969114303589, ""val_mae"": 0.7795237302780151, ""lr"": 1.0000000656873453e-05, ""val_mae12"": 0.9689666032791138, ""val_me"": 0.16026663478264722, ""val_me12"": 0.44689898111605075, ""mape_2021"": 4.033226013183594, ""mae_2021"": 0.7186902165412903, ""mae12_2021"": 0.8580072522163391, ""me_2021"": 0.15383841721695807, ""me12_2021"": -0.19204165750377217, ""epochs_trained"": 929}",2026-07-05T17:32:43.810324,completed,48.8
10,MAPE,96,2,selu,3,64,0.3,112.51652526855469,19.33066749572754,9.272639274597168,20.580789975764187,9.29731756705046,112.51652526855469,20.58588409423828,11.9295072555542,19.12798073534075,12.016210597128289,93.38935089111328,"{""loss"": 80.59227752685547, ""mape"": 80.59227752685547, ""mae"": 20.39805793762207, ""val_loss"": 112.51652526855469, ""val_mape"": 112.51652526855469, ""val_mae"": 19.33066749572754, ""lr"": 0.00010000000474974513, ""val_mae12"": 9.272639274597168, ""val_me"": 20.580789975764187, ""val_me12"": 9.29731756705046, ""mape_2021"": 93.38935089111328, ""mae_2021"": 20.58588409423828, ""mae12_2021"": 11.9295072555542, ""me_2021"": 19.12798073534075, ""me12_2021"": 12.016210597128289, ""epochs_trained"": 33}",2026-07-05T17:33:03.519411,completed,18.8
10,MAPE,96,2,selu,3,64,0.1,65.06169128417969,15.679976463317871,15.761834144592285,4.6378475577126315,15.799034239742662,65.06169128417969,7.964370250701904,19.582338333129883,4.046930395671705,19.68351182588113,57.84567642211914,"{""loss"": 34.82774353027344, ""mape"": 34.82774353027344, ""mae"": 7.694764614105225, ""val_loss"": 65.06169128417969, ""val_mape"": 65.06169128417969, ""val_mae"": 15.679976463317871, ""lr"": 0.00010000000474974513, ""val_mae12"": 15.761834144592285, ""val_me"": 4.6378475577126315, ""val_me12"": 15.799034239742662, ""mape_2021"": 57.84567642211914, ""mae_2021"": 7.964370250701904, ""mae12_2021"": 19.582338333129883, ""me_2021"": 4.046930395671705, ""me12_2021"": 19.68351182588113, ""epochs_trained"": 54}",2026-07-05T17:33:04.667149,completed,20.0
10,MAPE,96,2,selu,3,128,0.05,31.743879318237305,7.596968173980713,3.4213931560516357,1.1784045417486884,3.358342007012747,31.743879318237305,5.983932018280029,2.8609209060668945,1.6421741916799866,2.847384741718631,27.307214736938477,"{""loss"": 18.862197875976562, ""mape"": 18.862197875976562, ""mae"": 4.05163049697876, ""val_loss"": 31.743879318237305, ""val_mape"": 31.743879318237305, ""val_mae"": 7.596968173980713, ""lr"": 0.00010000000474974513, ""val_mae12"": 3.4213931560516357, ""val_me"": 1.1784045417486884, ""val_me12"": 3.358342007012747, ""mape_2021"": 27.307214736938477, ""mae_2021"": 5.983932018280029, ""mae12_2021"": 2.8609209060668945, ""me_2021"": 1.6421741916799866, ""me12_2021"": 2.847384741718631, ""epochs_trained"": 54}",2026-07-05T17:33:04.774178,completed,20.1
10,MAPE,96,2,selu,3,128,0.3,109.77217864990234,19.50533103942871,5.74690055847168,23.237615477476396,5.735814261462517,109.77217864990234,22.396507263183594,7.9716901779174805,21.55873257217249,8.026173778412028,96.70361328125,"{""loss"": 82.0092544555664, ""mape"": 82.0092544555664, ""mae"": 20.769046783447266, ""val_loss"": 109.77217864990234, ""val_mape"": 109.77217864990234, ""val_mae"": 19.50533103942871, ""lr"": 0.00010000000474974513, ""val_mae12"": 5.74690055847168, ""val_me"": 23.237615477476396, ""val_me12"": 5.735814261462517, ""mape_2021"": 96.70361328125, ""mae_2021"": 22.396507263183594, ""mae12_2021"": 7.9716901779174805, ""me_2021"": 21.55873257217249, ""me12_2021"": 8.026173778412028, ""epochs_trained"": 27}",2026-07-05T17:33:22.916189,completed,18.2
10,MAPE,96,2,selu,3,128,0.1,50.284156799316406,12.140742301940918,6.452512741088867,-6.176889701393286,6.450028534037984,50.284156799316406,9.3904447555542,4.754639148712158,-5.384525948780805,4.724049836654967,41.841766357421875,"{""loss"": 20.493684768676758, ""mape"": 20.493684768676758, ""mae"": 4.331022262573242, ""val_loss"": 50.284156799316406, ""val_mape"": 50.284156799316406, ""val_mae"": 12.140742301940918, ""lr"": 0.00010000000474974513, ""val_mae12"": 6.452512741088867, ""val_me"": -6.176889701393286, ""val_me12"": 6.450028534037984, ""mape_2021"": 41.841766357421875, ""mae_2021"": 9.3904447555542, ""mae12_2021"": 4.754639148712158, ""me_2021"": -5.384525948780805, ""me12_2021"": 4.724049836654967, ""epochs_trained"": 59}",2026-07-05T17:33:23.949812,completed,20.4
10,MAPE,96,2,selu,3,256,0.05,28.809202194213867,6.606109619140625,3.0518035888671875,2.1233507279052177,1.8877590542514793,28.809202194213867,5.134269714355469,2.3768198490142822,2.19094575081035,0.2932107624312843,23.502174377441406,"{""loss"": 16.50950813293457, ""mape"": 16.50950813293457, ""mae"": 3.4726805686950684, ""val_loss"": 28.809202194213867, ""val_mape"": 28.809202194213867, ""val_mae"": 6.606109619140625, ""lr"": 0.00010000000474974513, ""val_mae12"": 3.0518035888671875, ""val_me"": 2.1233507279052177, ""val_me12"": 1.8877590542514793, ""mape_2021"": 23.502174377441406, ""mae_2021"": 5.134269714355469, ""mae12_2021"": 2.3768198490142822, ""me_2021"": 2.19094575081035, ""me12_2021"": 0.2932107624312843, ""epochs_trained"": 42}",2026-07-05T17:33:50.788565,completed,27.9
10,MAPE,96,2,selu,3,256,0.1,56.442779541015625,13.065908432006836,5.411186695098877,-5.019141081381268,4.462844914892313,56.442779541015625,8.735319137573242,4.402244567871094,-4.839137891670671,1.792760784663562,40.22637176513672,"{""loss"": 18.889537811279297, ""mape"": 18.889537811279297, ""mae"": 3.9620773792266846, ""val_loss"": 56.442779541015625, ""val_mape"": 56.442779541015625, ""val_mae"": 13.065908432006836, ""lr"": 0.00010000000474974513, ""val_mae12"": 5.411186695098877, ""val_me"": -5.019141081381268, ""val_me12"": 4.462844914892313, ""mape_2021"": 40.22637176513672, ""mae_2021"": 8.735319137573242, ""mae12_2021"": 4.402244567871094, ""me_2021"": -4.839137891670671, ""me12_2021"": 1.792760784663562, ""epochs_trained"": 47}",2026-07-05T17:33:51.993222,completed,28.0
10,MAPE,96,2,selu,3,64,0.05,28.684921264648438,6.661328315734863,3.486961603164673,-3.3291607366228146,3.4926309225203283,28.684921264648438,5.9142842292785645,3.717649221420288,-3.283836066718743,3.704741293891221,28.433551788330078,"{""loss"": 16.68359375, ""mape"": 16.68359375, ""mae"": 3.7688612937927246, ""val_loss"": 28.684921264648438, ""val_mape"": 28.684921264648438, ""val_mae"": 6.661328315734863, ""lr"": 1.0000000656873453e-05, ""val_mae12"": 3.486961603164673, ""val_me"": -3.3291607366228146, ""val_me12"": 3.4926309225203283, ""mape_2021"": 28.433551788330078, ""mae_2021"": 5.9142842292785645, ""mae12_2021"": 3.717649221420288, ""me_2021"": -3.283836066718743, ""me12_2021"": 3.704741293891221, ""epochs_trained"": 420}",2026-07-05T17:33:53.596562,completed,68.9
10,MAPE,96,2,selu,3,256,0.0,3.538252353668213,0.7036502361297607,0.8414504528045654,0.12095532050502039,0.3342600217660759,3.538252353668213,0.692192018032074,0.8252779841423035,0.14503819126340547,-0.3314399760122051,3.9663124084472656,"{""loss"": 2.968438148498535, ""mape"": 2.968438148498535, ""mae"": 0.6014956831932068, ""val_loss"": 3.538252353668213, ""val_mape"": 3.538252353668213, ""val_mae"": 0.7036502361297607, ""lr"": 1.0000000656873453e-05, ""val_mae12"": 0.8414504528045654, ""val_me"": 0.12095532050502039, ""val_me12"": 0.3342600217660759, ""mape_2021"": 3.9663124084472656, ""mae_2021"": 0.692192018032074, ""mae12_2021"": 0.8252779841423035, ""me_2021"": 0.14503819126340547, ""me12_2021"": -0.3314399760122051, ""epochs_trained"": 242}",2026-07-05T17:33:55.029680,completed,50.3
10,MAPE,96,2,selu,3,128,0.0,3.6672523021698,0.7185772061347961,0.8802488446235657,0.12559266992955917,0.3815855925076377,3.6672523021698,0.6789647340774536,0.7103984951972961,0.1331821662570462,-0.2419973988767664,3.769767999649048,"{""loss"": 2.839823007583618, ""mape"": 2.839823007583618, ""mae"": 0.5769733190536499, ""val_loss"": 3.6672523021698, ""val_mape"": 3.6672523021698, ""val_mae"": 0.7185772061347961, ""lr"": 1.0000000656873453e-05, ""val_mae12"": 0.8802488446235657, ""val_me"": 0.12559266992955917, ""val_me12"": 0.3815855925076377, ""mape_2021"": 3.769767999649048, ""mae_2021"": 0.6789647340774536, ""mae12_2021"": 0.7103984951972961, ""me_2021"": 0.1331821662570462, ""me12_2021"": -0.2419973988767664, ""epochs_trained"": 447}",2026-07-05T17:33:56.164945,completed,71.5
10,MAPE,96,2,selu,3,256,0.3,117.01374053955078,19.112606048583984,3.3380589485168457,23.615628158767382,2.736138056807309,117.01374053955078,22.50212860107422,5.0200419425964355,22.007160566561478,4.696676023838205,94.78800964355469,"{""loss"": 68.90885925292969, ""mape"": 68.90885925292969, ""mae"": 16.793682098388672, ""val_loss"": 117.01374053955078, ""val_mape"": 117.01374053955078, ""val_mae"": 19.112606048583984, ""lr"": 0.00010000000474974513, ""val_mae12"": 3.3380589485168457, ""val_me"": 23.615628158767382, ""val_me12"": 2.736138056807309, ""mape_2021"": 94.78800964355469, ""mae_2021"": 22.50212860107422, ""mae12_2021"": 5.0200419425964355, ""me_2021"": 22.007160566561478, ""me12_2021"": 4.696676023838205, ""epochs_trained"": 26}",2026-07-05T17:33:59.065844,completed,8.3
10,MAPE,96,2,selu,3,64,0.0,3.7979111671447754,0.7520850896835327,0.8710867762565613,0.16185331703550906,0.3533223329734783,3.7979111671447754,0.6974520087242126,0.8801661729812622,0.16596539240786484,-0.45150552564218704,4.122130870819092,"{""loss"": 2.9177653789520264, ""mape"": 2.9177653789520264, ""mae"": 0.5919064879417419, ""val_loss"": 3.7979111671447754, ""val_mape"": 3.7979111671447754, ""val_mae"": 0.7520850896835327, ""lr"": 0.00010000000474974513, ""val_mae12"": 0.8710867762565613, ""val_me"": 0.16185331703550906, ""val_me12"": 0.3533223329734783, ""mape_2021"": 4.122130870819092, ""mae_2021"": 0.6974520087242126, ""mae12_2021"": 0.8801661729812622, ""me_2021"": 0.16596539240786484, ""me12_2021"": -0.45150552564218704, ""epochs_trained"": 575}",2026-07-05T17:34:00.987762,completed,76.3
10,MAPE,96,3,relu,1,16,0.3,29.43407440185547,5.798425674438477,5.909160614013672,3.781990340632539,4.713964155809839,29.43407440185547,6.884291648864746,4.2245306968688965,5.80892391889836,1.8211002153749318,35.11281204223633,"{""loss"": 37.49897766113281, ""mape"": 37.49897766113281, ""mae"": 8.297865867614746, ""val_loss"": 29.43407440185547, ""val_mape"": 29.43407440185547, ""val_mae"": 5.798425674438477, ""lr"": 0.00010000000474974513, ""val_mae12"": 5.909160614013672, ""val_me"": 3.781990340632539, ""val_me12"": 4.713964155809839, ""mape_2021"": 35.11281204223633, ""mae_2021"": 6.884291648864746, ""mae12_2021"": 4.2245306968688965, ""me_2021"": 5.80892391889836, ""me12_2021"": 1.8211002153749318, ""epochs_trained"": 911}",2026-07-05T17:34:55.084317,completed,53.3
10,MAPE,96,3,relu,1,32,0.05,3.746011734008789,0.6852952837944031,1.416483759880066,-0.022414964155628464,0.7633864128823966,3.746011734008789,0.8480088114738464,1.0297242403030396,0.3191437806390733,0.1588932675714343,5.15259313583374,"{""loss"": 6.578688144683838, ""mape"": 6.578688144683838, ""mae"": 1.4116703271865845, ""val_loss"": 3.746011734008789, ""val_mape"": 3.746011734008789, ""val_mae"": 0.6852952837944031, ""lr"": 9.999999747378752e-06, ""val_mae12"": 1.416483759880066, ""val_me"": -0.022414964155628464, ""val_me12"": 0.7633864128823966, ""mape_2021"": 5.15259313583374, ""mae_2021"": 0.8480088114738464, ""mae12_2021"": 1.0297242403030396, ""me_2021"": 0.3191437806390733, ""me12_2021"": 0.1588932675714343, ""epochs_trained"": 1653}",2026-07-05T17:35:31.120875,completed,89.3
10,MAPE,96,3,relu,1,16,0.05,3.8985867500305176,0.7678313851356506,1.0651065111160278,0.3561585739486794,0.367790528220063,3.8985867500305176,1.0528403520584106,1.3990812301635742,0.7113379661784169,-0.5254743412594503,6.0605316162109375,"{""loss"": 7.554556846618652, ""mape"": 7.554556846618652, ""mae"": 1.662420630455017, ""val_loss"": 3.8985867500305176, ""val_mape"": 3.8985867500305176, ""val_mae"": 0.7678313851356506, ""lr"": 0.00010000000474974513, ""val_mae12"": 1.0651065111160278, ""val_me"": 0.3561585739486794, ""val_me12"": 0.367790528220063, ""mape_2021"": 6.0605316162109375, ""mae_2021"": 1.0528403520584106, ""mae12_2021"": 1.3990812301635742, ""me_2021"": 0.7113379661784169, ""me12_2021"": -0.5254743412594503, ""epochs_trained"": 1844}",2026-07-05T17:35:39.075731,completed,97.3
10,MAPE,96,3,relu,1,16,0.1,4.387816905975342,0.8980489373207092,1.0694032907485962,0.6504363314512283,0.19566269161660368,4.387816905975342,1.1968120336532593,1.149344801902771,0.9981023446457636,-0.5416820217795345,6.379516124725342,"{""loss"": 10.33115291595459, ""mape"": 10.33115291595459, ""mae"": 2.3763794898986816, ""val_loss"": 4.387816905975342, ""val_mape"": 4.387816905975342, ""val_mae"": 0.8980489373207092, ""lr"": 0.00010000000474974513, ""val_mae12"": 1.0694032907485962, ""val_me"": 0.6504363314512283, ""val_me12"": 0.19566269161660368, ""mape_2021"": 6.379516124725342, ""mae_2021"": 1.1968120336532593, ""mae12_2021"": 1.149344801902771, ""me_2021"": 0.9981023446457636, ""me12_2021"": -0.5416820217795345, ""epochs_trained"": 1959}",2026-07-05T17:35:44.140093,completed,102.3
10,MAPE,96,3,relu,1,32,0.0,4.228439807891846,0.855926513671875,1.1735785007476807,-0.30715523530042016,0.6499190657935285,4.228439807891846,0.9100404977798462,0.9351788759231567,0.0615770531677412,-0.5057646441972318,5.08051061630249,"{""loss"": 3.7807435989379883, ""mape"": 3.7807435989379883, ""mae"": 0.7839838266372681, ""val_loss"": 4.228439807891846, ""val_mape"": 4.228439807891846, ""val_mae"": 0.855926513671875, ""lr"": 0.00010000000474974513, ""val_mae12"": 1.1735785007476807, ""val_me"": -0.30715523530042016, ""val_me12"": 0.6499190657935285, ""mape_2021"": 5.08051061630249, ""mae_2021"": 0.9100404977798462, ""mae12_2021"": 0.9351788759231567, ""me_2021"": 0.0615770531677412, ""me12_2021"": -0.5057646441972318, ""epochs_trained"": 2025}",2026-07-05T17:35:47.032461,completed,105.2
10,MAPE,96,3,relu,1,16,0.0,4.595376014709473,0.9480013251304626,1.1823756694793701,-0.09794743077597293,0.6260598653546956,4.595376014709473,1.1586071252822876,1.0987377166748047,0.41202765567353855,-0.6226220006925592,6.331949710845947,"{""loss"": 4.866745948791504, ""mape"": 4.866745948791504, ""mae"": 1.0640301704406738, ""val_loss"": 4.595376014709473, ""val_mape"": 4.595376014709473, ""val_mae"": 0.9480013251304626, ""lr"": 0.00010000000474974513, ""val_mae12"": 1.1823756694793701, ""val_me"": -0.09794743077597293, ""val_me12"": 0.6260598653546956, ""mape_2021"": 6.331949710845947, ""mae_2021"": 1.1586071252822876, ""mae12_2021"": 1.0987377166748047, ""me_2021"": 0.41202765567353855, ""me12_2021"": -0.6226220006925592, ""epochs_trained"": 2170}",2026-07-05T17:35:53.016369,completed,111.2
10,MAPE,96,3,relu,1,64,0.3,44.88439178466797,9.149429321289062,9.5565767288208,6.805431334698144,8.997107592815478,44.88439178466797,10.317612648010254,10.888625144958496,8.298675432084716,10.283858098623435,58.88916778564453,"{""loss"": 48.186279296875, ""mape"": 48.186279296875, ""mae"": 10.563431739807129, ""val_loss"": 44.88439178466797, ""val_mape"": 44.88439178466797, ""val_mae"": 9.149429321289062, ""lr"": 0.00010000000474974513, ""val_mae12"": 9.5565767288208, ""val_me"": 6.805431334698144, ""val_me12"": 8.997107592815478, ""mape_2021"": 58.88916778564453, ""mae_2021"": 10.317612648010254, ""mae12_2021"": 10.888625144958496, ""me_2021"": 8.298675432084716, ""me12_2021"": 10.283858098623435, ""epochs_trained"": 88}",2026-07-05T17:36:03.401602,completed,10.4
10,MAPE,96,3,relu,1,32,0.1,3.229640245437622,0.6291211843490601,0.9621830582618713,0.06366322581822254,0.08394224302960476,3.229640245437622,0.7976077198982239,1.0159626007080078,0.4755219269590844,-0.260768231988445,4.498037815093994,"{""loss"": 8.205166816711426, ""mape"": 8.205166816711426, ""mae"": 1.8556822538375854, ""val_loss"": 3.229640245437622, ""val_mape"": 3.229640245437622, ""val_mae"": 0.6291211843490601, ""lr"": 1.0000000656873453e-05, ""val_mae12"": 0.9621830582618713, ""val_me"": 0.06366322581822254, ""val_me12"": 0.08394224302960476, ""mape_2021"": 4.498037815093994, ""mae_2021"": 0.7976077198982239, ""mae12_2021"": 1.0159626007080078, ""me_2021"": 0.4755219269590844, ""me12_2021"": -0.260768231988445, ""epochs_trained"": 1730}",2026-07-05T17:36:24.963026,completed,89.9
10,MAPE,96,3,relu,1,64,0.05,3.879744052886963,0.774247407913208,0.878904402256012,-0.2225305292526963,0.3491606593947863,3.879744052886963,0.8925095796585083,1.2441420555114746,0.15872585250704638,-0.3030485919409831,5.188667297363281,"{""loss"": 6.316715717315674, ""mape"": 6.316715717315674, ""mae"": 1.3208239078521729, ""val_loss"": 3.879744052886963, ""val_mape"": 3.879744052886963, ""val_mae"": 0.774247407913208, ""lr"": 1.0000000656873453e-05, ""val_mae12"": 0.878904402256012, ""val_me"": -0.2225305292526963, ""val_me12"": 0.3491606593947863, ""mape_2021"": 5.188667297363281, ""mae_2021"": 0.8925095796585083, ""mae12_2021"": 1.2441420555114746, ""me_2021"": 0.15872585250704638, ""me12_2021"": -0.3030485919409831, ""epochs_trained"": 1096}",2026-07-05T17:36:43.624523,completed,59.5
10,MAPE,96,3,relu,1,32,0.3,4.0280351638793945,0.7529065608978271,1.3168929815292358,0.38760718906334407,0.679881847761684,4.0280351638793945,1.0663954019546509,1.1390129327774048,0.9006727837248432,-0.7693668474383327,5.786190509796143,"{""loss"": 13.869049072265625, ""mape"": 13.869049072265625, ""mae"": 3.2448458671569824, ""val_loss"": 4.0280351638793945, ""val_mape"": 4.0280351638793945, ""val_mae"": 0.7529065608978271, ""lr"": 0.00010000000474974513, ""val_mae12"": 1.3168929815292358, ""val_me"": 0.38760718906334407, ""val_me12"": 0.679881847761684, ""mape_2021"": 5.786190509796143, ""mae_2021"": 1.0663954019546509, ""mae12_2021"": 1.1390129327774048, ""me_2021"": 0.9006727837248432, ""me12_2021"": -0.7693668474383327, ""epochs_trained"": 1643}",2026-07-05T17:36:52.766551,completed,81.6
10,MAPE,96,3,relu,1,64,0.1,3.799145460128784,0.734566867351532,1.0881870985031128,-0.13223958175619055,0.407037646580691,3.799145460128784,0.8650115728378296,1.260810375213623,0.25138069853758516,0.5240137921809647,5.767162322998047,"{""loss"": 7.411823749542236, ""mape"": 7.411823749542236, ""mae"": 1.6326467990875244, ""val_loss"": 3.799145460128784, ""val_mape"": 3.799145460128784, ""val_mae"": 0.734566867351532, ""lr"": 1.0000000656873453e-05, ""val_mae12"": 1.0881870985031128, ""val_me"": -0.13223958175619055, ""val_me12"": 0.407037646580691, ""mape_2021"": 5.767162322998047, ""mae_2021"": 0.8650115728378296, ""mae12_2021"": 1.260810375213623, ""me_2021"": 0.25138069853758516, ""me12_2021"": 0.5240137921809647, ""epochs_trained"": 1350}",2026-07-05T17:36:54.879474,completed,67.8
10,MAPE,96,3,relu,1,64,0.0,7.671218395233154,1.6919704675674438,1.6373240947723389,0.3338895355012967,1.3730894703052672,7.671218395233154,1.945707082748413,1.1674786806106567,0.81538233996613,0.1852811367793817,9.572349548339844,"{""loss"": 7.224698066711426, ""mape"": 7.224698066711426, ""mae"": 1.7037103176116943, ""val_loss"": 7.671218395233154, ""val_mape"": 7.671218395233154, ""val_mae"": 1.6919704675674438, ""lr"": 1.0000000656873453e-05, ""val_mae12"": 1.6373240947723389, ""val_me"": 0.3338895355012967, ""val_me12"": 1.3730894703052672, ""mape_2021"": 9.572349548339844, ""mae_2021"": 1.945707082748413, ""mae12_2021"": 1.1674786806106567, ""me_2021"": 0.81538233996613, ""me12_2021"": 0.1852811367793817, ""epochs_trained"": 7809}",2026-07-05T17:40:05.365570,completed,266.3
10,MAPE,96,3,relu,1,128,0.3,45.71231460571289,9.39501667022705,9.952168464660645,7.092814438148958,9.667766754980184,45.71231460571289,10.37590503692627,11.39902400970459,8.52096762404666,11.128560815954156,60.27166748046875,"{""loss"": 47.68813705444336, ""mape"": 47.68813705444336, ""mae"": 10.370001792907715, ""val_loss"": 45.71231460571289, ""val_mape"": 45.71231460571289, ""val_mae"": 9.39501667022705, ""lr"": 0.00010000000474974513, ""val_mae12"": 9.952168464660645, ""val_me"": 7.092814438148958, ""val_me12"": 9.667766754980184, ""mape_2021"": 60.27166748046875, ""mae_2021"": 10.37590503692627, ""mae12_2021"": 11.39902400970459, ""me_2021"": 8.52096762404666, ""me12_2021"": 11.128560815954156, ""epochs_trained"": 63}",2026-07-05T17:40:24.808346,completed,18.6
10,MAPE,96,3,relu,1,128,0.1,45.47688674926758,9.328386306762695,9.725215911865234,7.169271682493443,9.270073931182475,45.47688674926758,10.44118881225586,11.244500160217285,8.587908652913983,10.797750181879769,60.3159065246582,"{""loss"": 46.48638916015625, ""mape"": 46.48638916015625, ""mae"": 10.089539527893066, ""val_loss"": 45.47688674926758, ""val_mape"": 45.47688674926758, ""val_mae"": 9.328386306762695, ""lr"": 0.00010000000474974513, ""val_mae12"": 9.725215911865234, ""val_me"": 7.169271682493443, ""val_me12"": 9.270073931182475, ""mape_2021"": 60.3159065246582, ""mae_2021"": 10.44118881225586, ""mae12_2021"": 11.244500160217285, ""me_2021"": 8.587908652913983, ""me12_2021"": 10.797750181879769, ""epochs_trained"": 66}",2026-07-05T17:40:25.086880,completed,18.9
10,MAPE,96,3,relu,1,128,0.05,45.324588775634766,9.29481315612793,9.611838340759277,6.956144797728239,9.204215695009172,45.324588775634766,10.391810417175293,11.11013126373291,8.416070335193364,10.655909732793827,59.872276306152344,"{""loss"": 45.97639465332031, ""mape"": 45.97639465332031, ""mae"": 9.994484901428223, ""val_loss"": 45.324588775634766, ""val_mape"": 45.324588775634766, ""val_mae"": 9.29481315612793, ""lr"": 0.00010000000474974513, ""val_mae12"": 9.611838340759277, ""val_me"": 6.956144797728239, ""val_me12"": 9.204215695009172, ""mape_2021"": 59.872276306152344, ""mae_2021"": 10.391810417175293, ""mae12_2021"": 11.11013126373291, ""me_2021"": 8.416070335193364, ""me12_2021"": 10.655909732793827, ""epochs_trained"": 64}",2026-07-05T17:40:25.359710,completed,19.2
10,MAPE,96,3,relu,1,256,0.3,44.89918899536133,9.244007110595703,10.342041015625,6.8822034296005725,9.998615464334737,44.89918899536133,10.28933048248291,11.794743537902832,8.295603870657851,11.39665535780407,59.76419448852539,"{""loss"": 46.65310287475586, ""mape"": 46.65310287475586, ""mae"": 10.143204689025879, ""val_loss"": 44.89918899536133, ""val_mape"": 44.89918899536133, ""val_mae"": 9.244007110595703, ""lr"": 0.00010000000474974513, ""val_mae12"": 10.342041015625, ""val_me"": 6.8822034296005725, ""val_me12"": 9.998615464334737, ""mape_2021"": 59.76419448852539, ""mae_2021"": 10.28933048248291, ""mae12_2021"": 11.794743537902832, ""me_2021"": 8.295603870657851, ""me12_2021"": 11.39665535780407, ""epochs_trained"": 58}",2026-07-05T17:40:39.612255,completed,14.5
10,MAPE,96,3,relu,2,16,0.05,44.980289459228516,9.174612045288086,10.167319297790527,6.923344828609243,9.891587429690341,44.980289459228516,10.225502967834473,11.690238952636719,8.274513240107936,11.466788182913763,60.22474670410156,"{""loss"": 47.01994323730469, ""mape"": 47.01994323730469, ""mae"": 10.295741081237793, ""val_loss"": 44.980289459228516, ""val_mape"": 44.980289459228516, ""val_mae"": 9.174612045288086, ""lr"": 0.00010000000474974513, ""val_mae12"": 10.167319297790527, ""val_me"": 6.923344828609243, ""val_me12"": 9.891587429690341, ""mape_2021"": 60.22474670410156, ""mae_2021"": 10.225502967834473, ""mae12_2021"": 11.690238952636719, ""me_2021"": 8.274513240107936, ""me12_2021"": 11.466788182913763, ""epochs_trained"": 90}",2026-07-05T17:40:58.436149,completed,18.8
10,MAPE,96,3,relu,1,256,0.05,4.100257873535156,0.7498410940170288,1.1502827405929565,-0.28270665373078724,0.7350976852713356,4.100257873535156,0.8315559029579163,1.1199761629104614,0.0461351926263215,-0.39074797543822126,5.209256649017334,"{""loss"": 4.919845104217529, ""mape"": 4.919845104217529, ""mae"": 1.0015380382537842, ""val_loss"": 4.100257873535156, ""val_mape"": 4.100257873535156, ""val_mae"": 0.7498410940170288, ""lr"": 0.00010000000474974513, ""val_mae12"": 1.1502827405929565, ""val_me"": -0.28270665373078724, ""val_me12"": 0.7350976852713356, ""mape_2021"": 5.209256649017334, ""mae_2021"": 0.8315559029579163, ""mae12_2021"": 1.1199761629104614, ""me_2021"": 0.0461351926263215, ""me12_2021"": -0.39074797543822126, ""epochs_trained"": 753}",2026-07-05T17:41:29.132612,completed,82.9
10,MAPE,96,3,relu,2,16,0.3,47.40691375732422,9.48288345336914,8.31371784210205,7.617302470295616,7.943911937954154,47.40691375732422,10.609086036682129,9.926469802856445,9.021525084173641,9.65991133808378,61.35160827636719,"{""loss"": 58.54193115234375, ""mape"": 58.54193115234375, ""mae"": 13.109715461730957, ""val_loss"": 47.40691375732422, ""val_mape"": 47.40691375732422, ""val_mae"": 9.48288345336914, ""lr"": 0.00010000000474974513, ""val_mae12"": 8.31371784210205, ""val_me"": 7.617302470295616, ""val_me12"": 7.943911937954154, ""mape_2021"": 61.35160827636719, ""mae_2021"": 10.609086036682129, ""mae12_2021"": 9.926469802856445, ""me_2021"": 9.021525084173641, ""me12_2021"": 9.65991133808378, ""epochs_trained"": 144}",2026-07-05T17:41:47.704178,completed,18.6
10,MAPE,96,3,relu,2,16,0.1,4.646119117736816,0.9150618314743042,1.5333062410354614,0.5406712128457959,1.1222106758987795,4.646119117736816,1.1422513723373413,1.050124168395996,0.9533209114545437,-0.010581197304246136,6.479434013366699,"{""loss"": 12.488152503967285, ""mape"": 12.488152503967285, ""mae"": 2.907564640045166, ""val_loss"": 4.646119117736816, ""val_mape"": 4.646119117736816, ""val_mae"": 0.9150618314743042, ""lr"": 0.00010000000474974513, ""val_mae12"": 1.5333062410354614, ""val_me"": 0.5406712128457959, ""val_me12"": 1.1222106758987795, ""mape_2021"": 6.479434013366699, ""mae_2021"": 1.1422513723373413, ""mae12_2021"": 1.050124168395996, ""me_2021"": 0.9533209114545437, ""me12_2021"": -0.010581197304246136, ""epochs_trained"": 831}",2026-07-05T17:42:12.179394,completed,73.7
10,MAPE,96,3,relu,2,16,0.0,4.114907741546631,0.8051577806472778,1.761155605316162,-0.3733387121700596,1.2418192739255822,4.114907741546631,0.8015403151512146,1.5331897735595703,-0.024838605283893943,0.6172684508159807,4.953208923339844,"{""loss"": 3.347066640853882, ""mape"": 3.347066640853882, ""mae"": 0.6811492443084717, ""val_loss"": 4.114907741546631, ""val_mape"": 4.114907741546631, ""val_mae"": 0.8051577806472778, ""lr"": 0.00010000000474974513, ""val_mae12"": 1.761155605316162, ""val_me"": -0.3733387121700596, ""val_me12"": 1.2418192739255822, ""mape_2021"": 4.953208923339844, ""mae_2021"": 0.8015403151512146, ""mae12_2021"": 1.5331897735595703, ""me_2021"": -0.024838605283893943, ""me12_2021"": 0.6172684508159807, ""epochs_trained"": 1198}",2026-07-05T17:42:12.544890,completed,107.2
10,MAPE,96,3,relu,1,256,0.1,6.536853313446045,1.3577920198440552,1.4600144624710083,-0.10933914720647493,1.117459378382228,6.536853313446045,1.5262842178344727,1.154038667678833,0.3132283563809232,0.5167979884849152,8.619654655456543,"{""loss"": 7.992335796356201, ""mape"": 7.992335796356201, ""mae"": 1.702345609664917, ""val_loss"": 6.536853313446045, ""val_mape"": 6.536853313446045, ""val_mae"": 1.3577920198440552, ""lr"": 1.0000000656873453e-05, ""val_mae12"": 1.4600144624710083, ""val_me"": -0.10933914720647493, ""val_me12"": 1.117459378382228, ""mape_2021"": 8.619654655456543, ""mae_2021"": 1.5262842178344727, ""mae12_2021"": 1.154038667678833, ""me_2021"": 0.3132283563809232, ""me12_2021"": 0.5167979884849152, ""epochs_trained"": 4065}",2026-07-05T17:45:17.911463,completed,293.1
10,MAPE,96,3,relu,1,256,0.0,4.148277759552002,0.8196415305137634,1.5855944156646729,-0.22789055496227204,1.3209109745221204,4.148277759552002,0.9125978946685791,1.155735969543457,0.06067883188112382,-0.05605639408743554,5.226101398468018,"{""loss"": 3.5328798294067383, ""mape"": 3.5328798294067383, ""mae"": 0.7759107947349548, ""val_loss"": 4.148277759552002, ""val_mape"": 4.148277759552002, ""val_mae"": 0.8196415305137634, ""lr"": 1.0000000656873453e-05, ""val_mae12"": 1.5855944156646729, ""val_me"": -0.22789055496227204, ""val_me12"": 1.3209109745221204, ""mape_2021"": 5.226101398468018, ""mae_2021"": 0.9125978946685791, ""mae12_2021"": 1.155735969543457, ""me_2021"": 0.06067883188112382, ""me12_2021"": -0.05605639408743554, ""epochs_trained"": 6630}",2026-07-05T17:47:02.639923,completed,416.5
10,MAPE,96,3,relu,1,128,0.0,4.717597484588623,0.9639711380004883,1.6978989839553833,-0.14073149702246,1.394658164071047,4.717597484588623,1.0571295022964478,1.0809860229492188,0.14101975587992996,0.019315041583505416,5.6928558349609375,"{""loss"": 4.165852069854736, ""mape"": 4.165852069854736, ""mae"": 0.938055694103241, ""val_loss"": 4.717597484588623, ""val_mape"": 4.717597484588623, ""val_mae"": 0.9639711380004883, ""lr"": 9.999999747378752e-06, ""val_mae12"": 1.6978989839553833, ""val_me"": -0.14073149702246, ""val_me12"": 1.394658164071047, ""mape_2021"": 5.6928558349609375, ""mae_2021"": 1.0571295022964478, ""mae12_2021"": 1.0809860229492188, ""me_2021"": 0.14101975587992996, ""me12_2021"": 0.019315041583505416, ""epochs_trained"": 7326}",2026-07-05T17:47:17.806008,completed,431.6
10,MAPE,96,3,relu,2,64,0.0,44.72758865356445,9.06200122833252,11.431633949279785,6.758847930377774,11.401256345911898,44.72758865356445,10.154372215270996,12.943090438842773,8.093098824110399,12.970154986595174,61.050479888916016,"{""loss"": 44.636871337890625, ""mape"": 44.636871337890625, ""mae"": 9.654980659484863, ""val_loss"": 44.72758865356445, ""val_mape"": 44.72758865356445, ""val_mae"": 9.06200122833252, ""lr"": 0.00010000000474974513, ""val_mae12"": 11.431633949279785, ""val_me"": 6.758847930377774, ""val_me12"": 11.401256345911898, ""mape_2021"": 61.050479888916016, ""mae_2021"": 10.154372215270996, ""mae12_2021"": 12.943090438842773, ""me_2021"": 8.093098824110399, ""me12_2021"": 12.970154986595174, ""epochs_trained"": 56}",2026-07-05T17:47:34.498638,completed,15.8
10,MAPE,96,3,relu,2,32,0.0,45.4859504699707,9.19225025177002,10.440877914428711,6.822608175835712,10.122565709269319,45.4859504699707,10.31311321258545,12.138250350952148,8.228953718606231,11.938954817181994,61.3537483215332,"{""loss"": 45.544742584228516, ""mape"": 45.544742584228516, ""mae"": 9.818108558654785, ""val_loss"": 45.4859504699707, ""val_mape"": 45.4859504699707, ""val_mae"": 9.19225025177002, ""lr"": 0.00010000000474974513, ""val_mae12"": 10.440877914428711, ""val_me"": 6.822608175835712, ""val_me12"": 10.122565709269319, ""mape_2021"": 61.3537483215332, ""mae_2021"": 10.31311321258545, ""mae12_2021"": 12.138250350952148, ""me_2021"": 8.228953718606231, ""me12_2021"": 11.938954817181994, ""epochs_trained"": 98}",2026-07-05T17:47:36.626559,completed,17.9
10,MAPE,96,3,relu,2,64,0.1,46.09626388549805,9.394754409790039,12.787874221801758,6.796707838699221,12.878398959020464,46.09626388549805,10.201689720153809,14.794713020324707,8.046077311331711,14.851910875057241,63.203887939453125,"{""loss"": 46.6143798828125, ""mape"": 46.6143798828125, ""mae"": 10.137594223022461, ""val_loss"": 46.09626388549805, ""val_mape"": 46.09626388549805, ""val_mae"": 9.394754409790039, ""lr"": 0.00010000000474974513, ""val_mae12"": 12.787874221801758, ""val_me"": 6.796707838699221, ""val_me12"": 12.878398959020464, ""mape_2021"": 63.203887939453125, ""mae_2021"": 10.201689720153809, ""mae12_2021"": 14.794713020324707, ""me_2021"": 8.046077311331711, ""me12_2021"": 14.851910875057241, ""epochs_trained"": 53}",2026-07-05T17:47:43.813372,completed,9.3
10,MAPE,96,3,relu,2,64,0.3,47.24991226196289,9.725424766540527,12.0525484085083,7.256038913753843,12.066154144434599,47.24991226196289,10.301250457763672,13.862462997436523,8.455805905323965,13.910723182044157,62.77699279785156,"{""loss"": 49.56363296508789, ""mape"": 49.56363296508789, ""mae"": 10.97080135345459, ""val_loss"": 47.24991226196289, ""val_mape"": 47.24991226196289, ""val_mae"": 9.725424766540527, ""lr"": 0.00010000000474974513, ""val_mae12"": 12.0525484085083, ""val_me"": 7.256038913753843, ""val_me12"": 12.066154144434599, ""mape_2021"": 62.77699279785156, ""mae_2021"": 10.301250457763672, ""mae12_2021"": 13.862462997436523, ""me_2021"": 8.455805905323965, ""me12_2021"": 13.910723182044157, ""epochs_trained"": 56}",2026-07-05T17:47:47.181726,completed,10.6
10,MAPE,96,3,relu,2,128,0.05,3.9044852256774902,0.7020498514175415,1.8854150772094727,-0.2578981503392272,1.5999421189317653,3.9044852256774902,0.7183031439781189,1.4302847385406494,0.07194677568542619,0.5981667988096725,4.566760540008545,"{""loss"": 4.943465232849121, ""mape"": 4.943465232849121, ""mae"": 1.0509989261627197, ""val_loss"": 3.9044852256774902, ""val_mape"": 3.9044852256774902, ""val_mae"": 0.7020498514175415, ""lr"": 1.0000000656873453e-05, ""val_mae12"": 1.8854150772094727, ""val_me"": -0.2578981503392272, ""val_me12"": 1.5999421189317653, ""mape_2021"": 4.566760540008545, ""mae_2021"": 0.7183031439781189, ""mae12_2021"": 1.4302847385406494, ""me_2021"": 0.07194677568542619, ""me12_2021"": 0.5981667988096725, ""epochs_trained"": 547}",2026-07-05T17:48:38.691531,completed,51.5
10,MAPE,96,3,relu,2,128,0.0,3.9016237258911133,0.7344791293144226,1.9185566902160645,-0.3326128504725236,1.7218531397146701,3.9016237258911133,0.7716138958930969,1.3184239864349365,-0.07913429418294791,0.7635204170959464,4.604037761688232,"{""loss"": 2.872835636138916, ""mape"": 2.872835636138916, ""mae"": 0.5908420085906982, ""val_loss"": 3.9016237258911133, ""val_mape"": 3.9016237258911133, ""val_mae"": 0.7344791293144226, ""lr"": 9.999999747378752e-06, ""val_mae12"": 1.9185566902160645, ""val_me"": -0.3326128504725236, ""val_me12"": 1.7218531397146701, ""mape_2021"": 4.604037761688232, ""mae_2021"": 0.7716138958930969, ""mae12_2021"": 1.3184239864349365, ""me_2021"": -0.07913429418294791, ""me12_2021"": 0.7635204170959464, ""epochs_trained"": 1031}",2026-07-05T17:49:13.543773,completed,89.7
10,MAPE,96,3,relu,2,128,0.1,4.11259126663208,0.7204498648643494,2.1529088020324707,-0.19863163211910068,1.963579427696029,4.11259126663208,0.7765647768974304,1.4463194608688354,0.06696639415313484,0.7691025852423623,4.802655220031738,"{""loss"": 6.437999725341797, ""mape"": 6.437999725341797, ""mae"": 1.3909155130386353, ""val_loss"": 4.11259126663208, ""val_mape"": 4.11259126663208, ""val_mae"": 0.7204498648643494, ""lr"": 1.0000000656873453e-05, ""val_mae12"": 2.1529088020324707, ""val_me"": -0.19863163211910068, ""val_me12"": 1.963579427696029, ""mape_2021"": 4.802655220031738, ""mae_2021"": 0.7765647768974304, ""mae12_2021"": 1.4463194608688354, ""me_2021"": 0.06696639415313484, ""me12_2021"": 0.7691025852423623, ""epochs_trained"": 578}",2026-07-05T17:49:35.498513,completed,56.8
10,MAPE,96,3,relu,2,64,0.05,16.54987144470215,3.2012338638305664,5.433648109436035,0.7730095067235708,4.101592365109997,16.54987144470215,3.286592483520508,4.5363593101501465,1.2522825713730814,2.283560582590936,19.11674690246582,"{""loss"": 15.933937072753906, ""mape"": 15.933937072753906, ""mae"": 3.303373098373413, ""val_loss"": 16.54987144470215, ""val_mape"": 16.54987144470215, ""val_mae"": 3.2012338638305664, ""lr"": 9.999999747378752e-06, ""val_mae12"": 5.433648109436035, ""val_me"": 0.7730095067235708, ""val_me12"": 4.101592365109997, ""mape_2021"": 19.11674690246582, ""mae_2021"": 3.286592483520508, ""mae12_2021"": 4.5363593101501465, ""me_2021"": 1.2522825713730814, ""me12_2021"": 2.283560582590936, ""epochs_trained"": 1672}",2026-07-05T17:49:41.876861,completed,143.2
10,MAPE,96,3,relu,2,32,0.3,17.51512336730957,3.398468494415283,5.237957954406738,1.4228457022239542,3.925548140386429,17.51512336730957,3.7140262126922607,3.560512065887451,2.272179741333005,1.9662347637211335,21.165266036987305,"{""loss"": 24.7716121673584, ""mape"": 24.7716121673584, ""mae"": 5.508896827697754, ""val_loss"": 17.51512336730957, ""val_mape"": 17.51512336730957, ""val_mae"": 3.398468494415283, ""lr"": 9.999999747378752e-06, ""val_mae12"": 5.237957954406738, ""val_me"": 1.4228457022239542, ""val_me12"": 3.925548140386429, ""mape_2021"": 21.165266036987305, ""mae_2021"": 3.7140262126922607, ""mae12_2021"": 3.560512065887451, ""me_2021"": 2.272179741333005, ""me12_2021"": 1.9662347637211335, ""epochs_trained"": 1868}",2026-07-05T17:49:53.465223,completed,154.8
10,MAPE,96,3,relu,2,32,0.1,15.521881103515625,2.9821460247039795,5.173612594604492,0.9253015245975358,4.0334186009121895,15.521881103515625,3.4052772521972656,3.682919979095459,1.5204766639679128,2.016569490491852,20.038022994995117,"{""loss"": 19.122642517089844, ""mape"": 19.122642517089844, ""mae"": 4.118519306182861, ""val_loss"": 15.521881103515625, ""val_mape"": 15.521881103515625, ""val_mae"": 2.9821460247039795, ""lr"": 1.0000000656873453e-05, ""val_mae12"": 5.173612594604492, ""val_me"": 0.9253015245975358, ""val_me12"": 4.0334186009121895, ""mape_2021"": 20.038022994995117, ""mae_2021"": 3.4052772521972656, ""mae12_2021"": 3.682919979095459, ""me_2021"": 1.5204766639679128, ""me12_2021"": 2.016569490491852, ""epochs_trained"": 2005}",2026-07-05T17:49:59.837866,completed,161.1
10,MAPE,96,3,relu,2,32,0.05,16.573333740234375,3.2060351371765137,5.155604839324951,0.8272415624318827,3.9211545356736712,16.573333740234375,3.3536598682403564,4.025364875793457,1.355449669690797,2.245956133067116,19.40781593322754,"{""loss"": 17.115814208984375, ""mape"": 17.115814208984375, ""mae"": 3.5945465564727783, ""val_loss"": 16.573333740234375, ""val_mape"": 16.573333740234375, ""val_mae"": 3.2060351371765137, ""lr"": 9.999999747378752e-06, ""val_mae12"": 5.155604839324951, ""val_me"": 0.8272415624318827, ""val_me12"": 3.9211545356736712, ""mape_2021"": 19.40781593322754, ""mae_2021"": 3.3536598682403564, ""mae12_2021"": 4.025364875793457, ""me_2021"": 1.355449669690797, ""me12_2021"": 2.245956133067116, ""epochs_trained"": 1998}",2026-07-05T17:50:00.335338,completed,161.6
10,MAPE,96,3,relu,2,128,0.3,3.8374342918395996,0.6975060701370239,1.8359311819076538,-0.10296999145653488,1.630079463036253,3.8374342918395996,0.7340105772018433,1.1240260601043701,0.30912024090471635,0.21725174838034586,4.334700584411621,"{""loss"": 8.985021591186523, ""mape"": 8.985021591186523, ""mae"": 2.038318395614624, ""val_loss"": 3.8374342918395996, ""val_mape"": 3.8374342918395996, ""val_mae"": 0.6975060701370239, ""lr"": 1.0000000656873453e-05, ""val_mae12"": 1.8359311819076538, ""val_me"": -0.10296999145653488, ""val_me12"": 1.630079463036253, ""mape_2021"": 4.334700584411621, ""mae_2021"": 0.7340105772018433, ""mae12_2021"": 1.1240260601043701, ""me_2021"": 0.30912024090471635, ""me12_2021"": 0.21725174838034586, ""epochs_trained"": 621}",2026-07-05T17:50:02.467250,completed,48.9
