run_num,model_type,lead_time,cycle,activation,num_layers,neurons,dropout,loss_value,val_mae,val_mae12,val_me,val_me12,val_mape,mae_2021,mae12_2021,me_2021,me12_2021,mape_2021,metrics,timestamp,status
1,MAPE,120,3,leaky_relu,3,128,0.3,5.012148857116699,0.9072451591491699,2.016364336013794,0.29073854670459753,1.719092535569589,5.012148857116699,1.051173210144043,1.3810327053070068,0.6838850179474683,0.10116830186965776,5.955690860748291,"{""loss"": 10.594633102416992, ""mape"": 10.594633102416992, ""mae"": 2.3705251216888428, ""val_loss"": 5.012148857116699, ""val_mape"": 5.012148857116699, ""val_mae"": 0.9072451591491699, ""lr"": 1.0000000656873453e-05, ""val_mae12"": 2.016364336013794, ""val_me"": 0.29073854670459753, ""val_me12"": 1.719092535569589, ""mape_2021"": 5.955690860748291, ""mae_2021"": 1.051173210144043, ""mae12_2021"": 1.3810327053070068, ""me_2021"": 0.6838850179474683, ""me12_2021"": 0.10116830186965776, ""epochs_trained"": 291}",2026-07-02T11:00:13.081675,completed
1,MAPE,120,3,leaky_relu,3,128,0.1,3.3949241638183594,0.6269801259040833,1.2255650758743286,-0.052039907905997454,0.726603936164533,3.3949241638183594,0.7188006639480591,0.9375947117805481,0.35598799194190184,-0.10725897524803385,4.2065606117248535,"{""loss"": 5.5625152587890625, ""mape"": 5.5625152587890625, ""mae"": 1.227352261543274, ""val_loss"": 3.3949241638183594, ""val_mape"": 3.3949241638183594, ""val_mae"": 0.6269801259040833, ""lr"": 0.00010000000474974513, ""val_mae12"": 1.2255650758743286, ""val_me"": -0.052039907905997454, ""val_me12"": 0.726603936164533, ""mape_2021"": 4.2065606117248535, ""mae_2021"": 0.7188006639480591, ""mae12_2021"": 0.9375947117805481, ""me_2021"": 0.35598799194190184, ""me12_2021"": -0.10725897524803385, ""epochs_trained"": 429}",2026-07-02T11:00:37.399412,completed
1,MAPE,120,3,leaky_relu,3,128,0.05,3.810364246368408,0.6938388347625732,1.7435897588729858,-0.21431364781899304,1.288378109567707,3.810364246368408,0.7177671194076538,1.0103883743286133,0.15302732659855345,0.2660924894208758,4.250277519226074,"{""loss"": 4.983853816986084, ""mape"": 4.983853816986084, ""mae"": 1.0643699169158936, ""val_loss"": 3.810364246368408, ""val_mape"": 3.810364246368408, ""val_mae"": 0.6938388347625732, ""lr"": 1.0000000656873453e-05, ""val_mae12"": 1.7435897588729858, ""val_me"": -0.21431364781899304, ""val_me12"": 1.288378109567707, ""mape_2021"": 4.250277519226074, ""mae_2021"": 0.7177671194076538, ""mae12_2021"": 1.0103883743286133, ""me_2021"": 0.15302732659855345, ""me12_2021"": 0.2660924894208758, ""epochs_trained"": 477}",2026-07-02T11:00:43.500120,completed
1,MAPE,120,3,leaky_relu,3,64,0.3,4.202709674835205,0.783236563205719,1.994771957397461,0.14549249995065236,1.7997061089618214,4.202709674835205,0.909539520740509,0.9633573889732361,0.5829356403396418,0.49085806777472235,4.92482328414917,"{""loss"": 11.646041870117188, ""mape"": 11.646041870117188, ""mae"": 2.685999870300293, ""val_loss"": 4.202709674835205, ""val_mape"": 4.202709674835205, ""val_mae"": 0.783236563205719, ""lr"": 1.0000000656873453e-05, ""val_mae12"": 1.994771957397461, ""val_me"": 0.14549249995065236, ""val_me12"": 1.7997061089618214, ""mape_2021"": 4.92482328414917, ""mae_2021"": 0.909539520740509, ""mae12_2021"": 0.9633573889732361, ""me_2021"": 0.5829356403396418, ""me12_2021"": 0.49085806777472235, ""epochs_trained"": 481}",2026-07-02T11:00:44.459901,completed
1,MAPE,120,3,leaky_relu,3,64,0.05,3.6544604301452637,0.6827384829521179,1.3706820011138916,-0.12675811814509877,0.9580790306341151,3.6544604301452637,0.7480512261390686,0.9737491607666016,0.27363770888991806,0.07014773763556663,4.178098201751709,"{""loss"": 6.147556304931641, ""mape"": 6.147556304931641, ""mae"": 1.3413465023040771, ""val_loss"": 3.6544604301452637, ""val_mape"": 3.6544604301452637, ""val_mae"": 0.6827384829521179, ""lr"": 0.00010000000474974513, ""val_mae12"": 1.3706820011138916, ""val_me"": -0.12675811814509877, ""val_me12"": 0.9580790306341151, ""mape_2021"": 4.178098201751709, ""mae_2021"": 0.7480512261390686, ""mae12_2021"": 0.9737491607666016, ""me_2021"": 0.27363770888991806, ""me12_2021"": 0.07014773763556663, ""epochs_trained"": 486}",2026-07-02T11:00:45.584030,completed
1,MAPE,120,3,leaky_relu,3,128,0.0,4.129350662231445,0.7751347422599792,1.905043363571167,-0.26838648702004164,1.3721471155408715,4.129350662231445,0.8360475301742554,1.3064836263656616,0.022128973844382498,0.40944285530299446,4.915310859680176,"{""loss"": 3.026817798614502, ""mape"": 3.026817798614502, ""mae"": 0.6269019246101379, ""val_loss"": 4.129350662231445, ""val_mape"": 4.129350662231445, ""val_mae"": 0.7751347422599792, ""lr"": 1.0000000656873453e-05, ""val_mae12"": 1.905043363571167, ""val_me"": -0.26838648702004164, ""val_me12"": 1.3721471155408715, ""mape_2021"": 4.915310859680176, ""mae_2021"": 0.8360475301742554, ""mae12_2021"": 1.3064836263656616, ""me_2021"": 0.022128973844382498, ""me12_2021"": 0.40944285530299446, ""epochs_trained"": 552}",2026-07-02T11:00:52.887099,completed
1,MAPE,120,3,leaky_relu,3,64,0.1,3.3750529289245605,0.6401243805885315,1.4460890293121338,-0.07082235035541702,1.1004821467052424,3.3750529289245605,0.7365493774414062,0.9266760945320129,0.3727603764671057,-0.04369409956749451,4.2723822593688965,"{""loss"": 7.041759014129639, ""mape"": 7.041759014129639, ""mae"": 1.5952006578445435, ""val_loss"": 3.3750529289245605, ""val_mape"": 3.3750529289245605, ""val_mae"": 0.6401243805885315, ""lr"": 0.00010000000474974513, ""val_mae12"": 1.4460890293121338, ""val_me"": -0.07082235035541702, ""val_me12"": 1.1004821467052424, ""mape_2021"": 4.2723822593688965, ""mae_2021"": 0.7365493774414062, ""mae12_2021"": 0.9266760945320129, ""me_2021"": 0.3727603764671057, ""me12_2021"": -0.04369409956749451, ""epochs_trained"": 558}",2026-07-02T11:00:56.260859,completed
1,MAPE,120,3,leaky_relu,3,256,0.0,4.554432392120361,0.8429985046386719,2.3353421688079834,-0.20379157149702032,2.02674380045032,4.554432392120361,0.9013140797615051,1.9245116710662842,0.05097620856225696,1.5178333744225176,6.123488903045654,"{""loss"": 3.2882375717163086, ""mape"": 3.2882375717163086, ""mae"": 0.6732544898986816, ""val_loss"": 4.554432392120361, ""val_mape"": 4.554432392120361, ""val_mae"": 0.8429985046386719, ""lr"": 1.0000000656873453e-05, ""val_mae12"": 2.3353421688079834, ""val_me"": -0.20379157149702032, ""val_me12"": 2.02674380045032, ""mape_2021"": 6.123488903045654, ""mae_2021"": 0.9013140797615051, ""mae12_2021"": 1.9245116710662842, ""me_2021"": 0.05097620856225696, ""me12_2021"": 1.5178333744225176, ""epochs_trained"": 305}",2026-07-02T11:01:57.634194,completed
1,MAPE,120,3,selu,1,16,0.1,45.13875961303711,9.200029373168945,11.523841857910156,6.616681855158431,11.158261076012451,45.13875961303711,10.423779487609863,12.165852546691895,8.127682638805402,11.696317184008441,58.86629104614258,"{""loss"": 50.85042953491211, ""mape"": 50.85042953491211, ""mae"": 11.1922025680542, ""val_loss"": 45.13875961303711, ""val_mape"": 45.13875961303711, ""val_mae"": 9.200029373168945, ""lr"": 0.00010000000474974513, ""val_mae12"": 11.523841857910156, ""val_me"": 6.616681855158431, ""val_me12"": 11.158261076012451, ""mape_2021"": 58.86629104614258, ""mae_2021"": 10.423779487609863, ""mae12_2021"": 12.165852546691895, ""me_2021"": 8.127682638805402, ""me12_2021"": 11.696317184008441, ""epochs_trained"": 194}",2026-07-02T11:02:27.740095,completed
1,MAPE,120,3,leaky_relu,3,256,0.05,3.9495325088500977,0.7272157073020935,1.823703408241272,-0.1830791023375673,1.3945254579638842,3.9495325088500977,0.7600101232528687,1.2715545892715454,0.12883649590530116,0.537128605068342,4.5823588371276855,"{""loss"": 4.362849235534668, ""mape"": 4.362849235534668, ""mae"": 0.9232390522956848, ""val_loss"": 3.9495325088500977, ""val_mape"": 3.9495325088500977, ""val_mae"": 0.7272157073020935, ""lr"": 1.0000000656873453e-05, ""val_mae12"": 1.823703408241272, ""val_me"": -0.1830791023375673, ""val_me12"": 1.3945254579638842, ""mape_2021"": 4.5823588371276855, ""mae_2021"": 0.7600101232528687, ""mae12_2021"": 1.2715545892715454, ""me_2021"": 0.12883649590530116, ""me12_2021"": 0.537128605068342, ""epochs_trained"": 354}",2026-07-02T11:02:40.043259,completed
1,MAPE,120,3,leaky_relu,3,256,0.3,3.593501091003418,0.6893975138664246,1.2481199502944946,0.1487872176366962,0.6811655088984663,3.593501091003418,0.8152046203613281,1.2154502868652344,0.545246446777995,-0.39643057325462555,4.72359037399292,"{""loss"": 7.355629920959473, ""mape"": 7.355629920959473, ""mae"": 1.6290878057479858, ""val_loss"": 3.593501091003418, ""val_mape"": 3.593501091003418, ""val_mae"": 0.6893975138664246, ""lr"": 1.0000000656873453e-05, ""val_mae12"": 1.2481199502944946, ""val_me"": 0.1487872176366962, ""val_me12"": 0.6811655088984663, ""mape_2021"": 4.72359037399292, ""mae_2021"": 0.8152046203613281, ""mae12_2021"": 1.2154502868652344, ""me_2021"": 0.545246446777995, ""me12_2021"": -0.39643057325462555, ""epochs_trained"": 315}",2026-07-02T11:02:40.692042,completed
1,MAPE,120,3,leaky_relu,3,256,0.1,3.5706989765167236,0.6615303158760071,1.7203238010406494,0.03713604274702573,1.2284171017051506,3.5706989765167236,0.7812269926071167,1.2534592151641846,0.39363580443096013,0.18971502772200374,4.600471019744873,"{""loss"": 4.746718406677246, ""mape"": 4.746718406677246, ""mae"": 1.0236916542053223, ""val_loss"": 3.5706989765167236, ""val_mape"": 3.5706989765167236, ""val_mae"": 0.6615303158760071, ""lr"": 0.00010000000474974513, ""val_mae12"": 1.7203238010406494, ""val_me"": 0.03713604274702573, ""val_me12"": 1.2284171017051506, ""mape_2021"": 4.600471019744873, ""mae_2021"": 0.7812269926071167, ""mae12_2021"": 1.2534592151641846, ""me_2021"": 0.39363580443096013, ""me12_2021"": 0.18971502772200374, ""epochs_trained"": 351}",2026-07-02T11:02:42.047529,completed
1,MAPE,120,3,selu,1,16,0.3,42.825355529785156,8.307552337646484,16.865510940551758,4.8858452507513395,16.977156675718838,42.825355529785156,9.92208194732666,17.44493293762207,6.343517838400997,17.48106177563309,61.532588958740234,"{""loss"": 58.7974739074707, ""mape"": 58.7974739074707, ""mae"": 13.332720756530762, ""val_loss"": 42.825355529785156, ""val_mape"": 42.825355529785156, ""val_mae"": 8.307552337646484, ""lr"": 0.00010000000474974513, ""val_mae12"": 16.865510940551758, ""val_me"": 4.8858452507513395, ""val_me12"": 16.977156675718838, ""mape_2021"": 61.532588958740234, ""mae_2021"": 9.92208194732666, ""mae12_2021"": 17.44493293762207, ""me_2021"": 6.343517838400997, ""me12_2021"": 17.48106177563309, ""epochs_trained"": 213}",2026-07-02T11:02:46.517944,completed
1,MAPE,120,3,leaky_relu,3,64,0.0,4.102086544036865,0.7805060148239136,1.647347331047058,-0.3787690772835717,1.2861449600081896,4.102086544036865,0.7762594223022461,0.980523943901062,-0.021899638570702453,0.033502809340263354,4.380077362060547,"{""loss"": 3.242570400238037, ""mape"": 3.242570400238037, ""mae"": 0.6646785140037537, ""val_loss"": 4.102086544036865, ""val_mape"": 4.102086544036865, ""val_mae"": 0.7805060148239136, ""lr"": 1.0000000656873453e-05, ""val_mae12"": 1.647347331047058, ""val_me"": -0.3787690772835717, ""val_me12"": 1.2861449600081896, ""mape_2021"": 4.380077362060547, ""mae_2021"": 0.7762594223022461, ""mae12_2021"": 0.980523943901062, ""me_2021"": -0.021899638570702453, ""me12_2021"": 0.033502809340263354, ""epochs_trained"": 1302}",2026-07-02T11:02:55.947184,completed
1,MAPE,120,3,selu,1,16,0.05,11.40814208984375,2.319208860397339,3.536870002746582,-1.1688635633280846,3.4365050732451516,11.40814208984375,2.1062350273132324,2.230851888656616,-0.07446329627404707,2.015388224393741,11.302328109741211,"{""loss"": 12.31083869934082, ""mape"": 12.31083869934082, ""mae"": 2.6977498531341553, ""val_loss"": 11.40814208984375, ""val_mape"": 11.40814208984375, ""val_mae"": 2.319208860397339, ""lr"": 0.00010000000474974513, ""val_mae12"": 3.536870002746582, ""val_me"": -1.1688635633280846, ""val_me12"": 3.4365050732451516, ""mape_2021"": 11.302328109741211, ""mae_2021"": 2.1062350273132324, ""mae12_2021"": 2.230851888656616, ""me_2021"": -0.07446329627404707, ""me12_2021"": 2.015388224393741, ""epochs_trained"": 1001}",2026-07-02T11:03:07.765871,completed
1,MAPE,120,3,selu,1,16,0.0,6.032803535461426,1.3122435808181763,1.2528223991394043,0.02851766606703131,0.6497569944647064,6.032803535461426,1.7153143882751465,1.2286261320114136,1.0999286771400403,-0.8328360807746047,8.537713050842285,"{""loss"": 6.579858779907227, ""mape"": 6.579858779907227, ""mae"": 1.5199697017669678, ""val_loss"": 6.032803535461426, ""val_mape"": 6.032803535461426, ""val_mae"": 1.3122435808181763, ""lr"": 0.00010000000474974513, ""val_mae12"": 1.2528223991394043, ""val_me"": 0.02851766606703131, ""val_me12"": 0.6497569944647064, ""mape_2021"": 8.537713050842285, ""mae_2021"": 1.7153143882751465, ""mae12_2021"": 1.2286261320114136, ""me_2021"": 1.0999286771400403, ""me12_2021"": -0.8328360807746047, ""epochs_trained"": 1424}",2026-07-02T11:03:20.449600,completed
1,MAPE,120,3,selu,1,64,0.05,52.50692367553711,10.830041885375977,10.72535228729248,8.04311298766351,10.089397924493172,52.50692367553711,11.460553169250488,12.097794532775879,9.472043630498641,11.24619727579924,65.11819458007812,"{""loss"": 51.68576431274414, ""mape"": 51.68576431274414, ""mae"": 11.004816055297852, ""val_loss"": 52.50692367553711, ""val_mape"": 52.50692367553711, ""val_mae"": 10.830041885375977, ""lr"": 0.00010000000474974513, ""val_mae12"": 10.72535228729248, ""val_me"": 8.04311298766351, ""val_me12"": 10.089397924493172, ""mape_2021"": 65.11819458007812, ""mae_2021"": 11.460553169250488, ""mae12_2021"": 12.097794532775879, ""me_2021"": 9.472043630498641, ""me12_2021"": 11.24619727579924, ""epochs_trained"": 84}",2026-07-02T11:03:41.040386,completed
1,MAPE,120,3,selu,1,64,0.3,53.34605026245117,11.136588096618652,17.826091766357422,5.971002848500144,17.95111792434927,53.34605026245117,10.758834838867188,19.1539363861084,7.236776844907111,19.222443420835724,67.47166442871094,"{""loss"": 55.36834716796875, ""mape"": 55.36834716796875, ""mae"": 12.019752502441406, ""val_loss"": 53.34605026245117, ""val_mape"": 53.34605026245117, ""val_mae"": 11.136588096618652, ""lr"": 0.00010000000474974513, ""val_mae12"": 17.826091766357422, ""val_me"": 5.971002848500144, ""val_me12"": 17.95111792434927, ""mape_2021"": 67.47166442871094, ""mae_2021"": 10.758834838867188, ""mae12_2021"": 19.1539363861084, ""me_2021"": 7.236776844907111, ""me12_2021"": 19.222443420835724, ""epochs_trained"": 92}",2026-07-02T11:03:41.544520,completed
1,MAPE,120,3,selu,1,64,0.1,50.87300491333008,10.651742935180664,11.676741600036621,7.335329877262969,11.352453342089012,50.87300491333008,10.85831356048584,12.86258602142334,8.70023733592145,12.322286928399352,62.29743957519531,"{""loss"": 50.417930603027344, ""mape"": 50.417930603027344, ""mae"": 10.74694538116455, ""val_loss"": 50.87300491333008, ""val_mape"": 50.87300491333008, ""val_mae"": 10.651742935180664, ""lr"": 0.00010000000474974513, ""val_mae12"": 11.676741600036621, ""val_me"": 7.335329877262969, ""val_me12"": 11.352453342089012, ""mape_2021"": 62.29743957519531, ""mae_2021"": 10.85831356048584, ""mae12_2021"": 12.86258602142334, ""me_2021"": 8.70023733592145, ""me12_2021"": 12.322286928399352, ""epochs_trained"": 99}",2026-07-02T11:03:41.745536,completed
1,MAPE,120,3,selu,1,32,0.05,48.2215576171875,9.862443923950195,10.79705810546875,6.967640281323205,10.422538850156444,48.2215576171875,10.829656600952148,11.862032890319824,8.43119336491664,11.3324139175962,61.4848747253418,"{""loss"": 49.875099182128906, ""mape"": 49.875099182128906, ""mae"": 10.638749122619629, ""val_loss"": 48.2215576171875, ""val_mape"": 48.2215576171875, ""val_mae"": 9.862443923950195, ""lr"": 0.00010000000474974513, ""val_mae12"": 10.79705810546875, ""val_me"": 6.967640281323205, ""val_me12"": 10.422538850156444, ""mape_2021"": 61.4848747253418, ""mae_2021"": 10.829656600952148, ""mae12_2021"": 11.862032890319824, ""me_2021"": 8.43119336491664, ""me12_2021"": 11.3324139175962, ""epochs_trained"": 105}",2026-07-02T11:03:42.156688,completed
1,MAPE,120,3,selu,1,32,0.3,49.73101806640625,10.105799674987793,18.064834594726562,5.600515321044871,18.183855112766036,49.73101806640625,10.59524917602539,19.299501419067383,6.919543192567144,19.373258850346616,66.82718658447266,"{""loss"": 57.91948318481445, ""mape"": 57.91948318481445, ""mae"": 12.770112037658691, ""val_loss"": 49.73101806640625, ""val_mape"": 49.73101806640625, ""val_mae"": 10.105799674987793, ""lr"": 0.00010000000474974513, ""val_mae12"": 18.064834594726562, ""val_me"": 5.600515321044871, ""val_me12"": 18.183855112766036, ""mape_2021"": 66.82718658447266, ""mae_2021"": 10.59524917602539, ""mae12_2021"": 19.299501419067383, ""me_2021"": 6.919543192567144, ""me12_2021"": 19.373258850346616, ""epochs_trained"": 110}",2026-07-02T11:03:42.270852,completed
1,MAPE,120,3,selu,1,32,0.1,48.583126068115234,10.05732536315918,11.731620788574219,6.936506182880934,11.362926680658093,48.583126068115234,10.69157886505127,12.486967086791992,8.404295172359756,11.962918733262963,60.76892852783203,"{""loss"": 50.97291946411133, ""mape"": 50.97291946411133, ""mae"": 10.961904525756836, ""val_loss"": 48.583126068115234, ""val_mape"": 48.583126068115234, ""val_mae"": 10.05732536315918, ""lr"": 0.00010000000474974513, ""val_mae12"": 11.731620788574219, ""val_me"": 6.936506182880934, ""val_me12"": 11.362926680658093, ""mape_2021"": 60.76892852783203, ""mae_2021"": 10.69157886505127, ""mae12_2021"": 12.486967086791992, ""me_2021"": 8.404295172359756, ""me12_2021"": 11.962918733262963, ""epochs_trained"": 118}",2026-07-02T11:03:42.771958,completed
1,MAPE,120,3,selu,1,128,0.1,55.817745208740234,11.691473007202148,12.081562995910645,7.933015446855858,11.471600681576474,55.817745208740234,11.666955947875977,13.524727821350098,9.419245839349324,12.7950153783886,67.49508666992188,"{""loss"": 52.9022216796875, ""mape"": 52.9022216796875, ""mae"": 11.146208763122559, ""val_loss"": 55.817745208740234, ""val_mape"": 55.817745208740234, ""val_mae"": 11.691473007202148, ""lr"": 0.00010000000474974513, ""val_mae12"": 12.081562995910645, ""val_me"": 7.933015446855858, ""val_me12"": 11.471600681576474, ""mape_2021"": 67.49508666992188, ""mae_2021"": 11.666955947875977, ""mae12_2021"": 13.524727821350098, ""me_2021"": 9.419245839349324, ""me12_2021"": 12.7950153783886, ""epochs_trained"": 69}",2026-07-02T11:03:59.309413,completed
1,MAPE,120,3,selu,1,128,0.05,48.72887420654297,10.061391830444336,10.148286819458008,7.187159005657183,9.415367579832482,48.72887420654297,11.003933906555176,10.841681480407715,8.85681519810582,9.954899923374866,61.056640625,"{""loss"": 48.636287689208984, ""mape"": 48.636287689208984, ""mae"": 10.355303764343262, ""val_loss"": 48.72887420654297, ""val_mape"": 48.72887420654297, ""val_mae"": 10.061391830444336, ""lr"": 0.00010000000474974513, ""val_mae12"": 10.148286819458008, ""val_me"": 7.187159005657183, ""val_me12"": 9.415367579832482, ""mape_2021"": 61.056640625, ""mae_2021"": 11.003933906555176, ""mae12_2021"": 10.841681480407715, ""me_2021"": 8.85681519810582, ""me12_2021"": 9.954899923374866, ""epochs_trained"": 81}",2026-07-02T11:04:00.767082,completed
1,MAPE,120,3,selu,1,128,0.3,64.00267791748047,14.006531715393066,17.007078170776367,6.491012364195504,17.045289332095376,64.00267791748047,11.144537925720215,18.312511444091797,7.816279665787785,18.2951485495143,68.62251281738281,"{""loss"": 53.235877990722656, ""mape"": 53.235877990722656, ""mae"": 11.263813018798828, ""val_loss"": 64.00267791748047, ""val_mape"": 64.00267791748047, ""val_mae"": 14.006531715393066, ""lr"": 0.00010000000474974513, ""val_mae12"": 17.007078170776367, ""val_me"": 6.491012364195504, ""val_me12"": 17.045289332095376, ""mape_2021"": 68.62251281738281, ""mae_2021"": 11.144537925720215, ""mae12_2021"": 18.312511444091797, ""me_2021"": 7.816279665787785, ""me12_2021"": 18.2951485495143, ""epochs_trained"": 76}",2026-07-02T11:04:01.130593,completed
1,MAPE,120,3,selu,1,256,0.3,73.63707733154297,16.425039291381836,17.009979248046875,7.068476673096935,16.99663624122296,73.63707733154297,11.688573837280273,18.71747589111328,8.429484096755086,18.628548934761632,72.00938415527344,"{""loss"": 54.142112731933594, ""mape"": 54.142112731933594, ""mae"": 11.39171314239502, ""val_loss"": 73.63707733154297, ""val_mape"": 73.63707733154297, ""val_mae"": 16.425039291381836, ""lr"": 0.00010000000474974513, ""val_mae12"": 17.009979248046875, ""val_me"": 7.068476673096935, ""val_me12"": 16.99663624122296, ""mape_2021"": 72.00938415527344, ""mae_2021"": 11.688573837280273, ""mae12_2021"": 18.71747589111328, ""me_2021"": 8.429484096755086, ""me12_2021"": 18.628548934761632, ""epochs_trained"": 67}",2026-07-02T11:04:25.059917,completed
1,MAPE,120,3,selu,1,256,0.05,12.944404602050781,2.92026686668396,2.4302988052368164,-2.3789184839970403,2.2792369328709916,12.944404602050781,2.152211904525757,1.6163698434829712,-1.2585983444782156,-0.14164650293709571,10.707269668579102,"{""loss"": 11.18268871307373, ""mape"": 11.18268871307373, ""mae"": 2.1909542083740234, ""val_loss"": 12.944404602050781, ""val_mape"": 12.944404602050781, ""val_mae"": 2.92026686668396, ""lr"": 0.00010000000474974513, ""val_mae12"": 2.4302988052368164, ""val_me"": -2.3789184839970403, ""val_me12"": 2.2792369328709916, ""mape_2021"": 10.707269668579102, ""mae_2021"": 2.152211904525757, ""mae12_2021"": 1.6163698434829712, ""me_2021"": -1.2585983444782156, ""me12_2021"": -0.14164650293709571, ""epochs_trained"": 315}",2026-07-02T11:04:31.756595,completed
1,MAPE,120,3,selu,1,128,0.0,5.1359148025512695,1.0817773342132568,1.374635100364685,-0.5767728671764747,0.8910512592581022,5.1359148025512695,0.9497820138931274,1.05272376537323,0.04310800287464815,-0.6304882385570093,5.299519062042236,"{""loss"": 3.9705240726470947, ""mape"": 3.9705240726470947, ""mae"": 0.83257657289505, ""val_loss"": 5.1359148025512695, ""val_mape"": 5.1359148025512695, ""val_mae"": 1.0817773342132568, ""lr"": 0.00010000000474974513, ""val_mae12"": 1.374635100364685, ""val_me"": -0.5767728671764747, ""val_me12"": 0.8910512592581022, ""mape_2021"": 5.299519062042236, ""mae_2021"": 0.9497820138931274, ""mae12_2021"": 1.05272376537323, ""me_2021"": 0.04310800287464815, ""me12_2021"": -0.6304882385570093, ""epochs_trained"": 697}",2026-07-02T11:05:06.401150,completed
1,MAPE,120,3,selu,1,256,0.0,4.6293206214904785,0.9302433133125305,1.2175474166870117,-0.491354299425182,0.5496549109949123,4.6293206214904785,0.7943075299263,0.973781406879425,0.13001480474647603,-0.6518453919958688,4.605437755584717,"{""loss"": 3.3789360523223877, ""mape"": 3.3789360523223877, ""mae"": 0.688252329826355, ""val_loss"": 4.6293206214904785, ""val_mape"": 4.6293206214904785, ""val_mae"": 0.9302433133125305, ""lr"": 0.00010000000474974513, ""val_mae12"": 1.2175474166870117, ""val_me"": -0.491354299425182, ""val_me12"": 0.5496549109949123, ""mape_2021"": 4.605437755584717, ""mae_2021"": 0.7943075299263, ""mae12_2021"": 0.973781406879425, ""me_2021"": 0.13001480474647603, ""me12_2021"": -0.6518453919958688, ""epochs_trained"": 751}",2026-07-02T11:05:12.733164,completed
1,MAPE,120,3,selu,1,64,0.0,4.967819690704346,1.0409015417099,1.2357263565063477,-0.585957840670245,0.6927046037148448,4.967819690704346,0.9359132051467896,1.1860637664794922,0.07318850759800664,-0.8020873950217008,5.3887038230896,"{""loss"": 3.9814298152923584, ""mape"": 3.9814298152923584, ""mae"": 0.8195154070854187, ""val_loss"": 4.967819690704346, ""val_mape"": 4.967819690704346, ""val_mae"": 1.0409015417099, ""lr"": 0.00010000000474974513, ""val_mae12"": 1.2357263565063477, ""val_me"": -0.585957840670245, ""val_me12"": 0.6927046037148448, ""mape_2021"": 5.3887038230896, ""mae_2021"": 0.9359132051467896, ""mae12_2021"": 1.1860637664794922, ""me_2021"": 0.07318850759800664, ""me12_2021"": -0.8020873950217008, ""epochs_trained"": 1001}",2026-07-02T11:05:13.941172,completed
1,MAPE,120,3,selu,1,32,0.0,4.278975963592529,0.8521483540534973,1.1008493900299072,-0.19546935869332538,0.5180722400271589,4.278975963592529,1.0623215436935425,1.4282950162887573,0.4957858986325978,-1.0676448501276148,6.349804878234863,"{""loss"": 4.303551197052002, ""mape"": 4.303551197052002, ""mae"": 0.8998041749000549, ""val_loss"": 4.278975963592529, ""val_mape"": 4.278975963592529, ""val_mae"": 0.8521483540534973, ""lr"": 0.00010000000474974513, ""val_mae12"": 1.1008493900299072, ""val_me"": -0.19546935869332538, ""val_me12"": 0.5180722400271589, ""mape_2021"": 6.349804878234863, ""mae_2021"": 1.0623215436935425, ""mae12_2021"": 1.4282950162887573, ""me_2021"": 0.4957858986325978, ""me12_2021"": -1.0676448501276148, ""epochs_trained"": 1190}",2026-07-02T11:05:23.816765,completed
1,MAPE,120,3,selu,1,256,0.1,26.377042770385742,5.571104526519775,8.216174125671387,-1.4314314268586674,8.198498987360871,26.377042770385742,5.852444648742676,5.873907089233398,0.4204930872948693,5.763319605184434,30.570899963378906,"{""loss"": 27.54559898376465, ""mape"": 27.54559898376465, ""mae"": 5.530318737030029, ""val_loss"": 26.377042770385742, ""val_mape"": 26.377042770385742, ""val_mae"": 5.571104526519775, ""lr"": 1.0000000656873453e-05, ""val_mae12"": 8.216174125671387, ""val_me"": -1.4314314268586674, ""val_me12"": 8.198498987360871, ""mape_2021"": 30.570899963378906, ""mae_2021"": 5.852444648742676, ""mae12_2021"": 5.873907089233398, ""me_2021"": 0.4204930872948693, ""me12_2021"": 5.763319605184434, ""epochs_trained"": 1287}",2026-07-02T11:05:54.470105,completed
1,MAPE,120,3,selu,2,16,0.3,90.4032974243164,20.583850860595703,17.004348754882812,19.772553526038287,17.12514266520417,90.4032974243164,21.45663070678711,18.86857795715332,18.63466069020219,18.986470554971646,103.56143951416016,"{""loss"": 86.85466003417969, ""mape"": 86.85466003417969, ""mae"": 21.867393493652344, ""val_loss"": 90.4032974243164, ""val_mape"": 90.4032974243164, ""val_mae"": 20.583850860595703, ""lr"": 0.00010000000474974513, ""val_mae12"": 17.004348754882812, ""val_me"": 19.772553526038287, ""val_me12"": 17.12514266520417, ""mape_2021"": 103.56143951416016, ""mae_2021"": 21.45663070678711, ""mae12_2021"": 18.86857795715332, ""me_2021"": 18.63466069020219, ""me12_2021"": 18.986470554971646, ""epochs_trained"": 53}",2026-07-02T11:06:13.291048,completed
1,MAPE,120,3,selu,2,32,0.1,62.13816452026367,13.8536376953125,15.456931114196777,6.992242454094863,15.58981502132123,62.13816452026367,10.665717124938965,17.521652221679688,8.037344234891577,17.580313745729963,67.3907241821289,"{""loss"": 52.03556442260742, ""mape"": 52.03556442260742, ""mae"": 11.244993209838867, ""val_loss"": 62.13816452026367, ""val_mape"": 62.13816452026367, ""val_mae"": 13.8536376953125, ""lr"": 0.00010000000474974513, ""val_mae12"": 15.456931114196777, ""val_me"": 6.992242454094863, ""val_me12"": 15.58981502132123, ""mape_2021"": 67.3907241821289, ""mae_2021"": 10.665717124938965, ""mae12_2021"": 17.521652221679688, ""me_2021"": 8.037344234891577, ""me12_2021"": 17.580313745729963, ""epochs_trained"": 61}",2026-07-02T11:06:13.809283,completed
1,MAPE,120,3,selu,2,32,0.3,86.03495025634766,18.911447525024414,38.14723587036133,1.220706455453385,38.34481072404925,86.03495025634766,11.456439971923828,41.70737838745117,1.6681703877315868,41.91177323486359,97.56519317626953,"{""loss"": 57.46382522583008, ""mape"": 57.46382522583008, ""mae"": 12.807119369506836, ""val_loss"": 86.03495025634766, ""val_mape"": 86.03495025634766, ""val_mae"": 18.911447525024414, ""lr"": 0.00010000000474974513, ""val_mae12"": 38.14723587036133, ""val_me"": 1.220706455453385, ""val_me12"": 38.34481072404925, ""mape_2021"": 97.56519317626953, ""mae_2021"": 11.456439971923828, ""mae12_2021"": 41.70737838745117, ""me_2021"": 1.6681703877315868, ""me12_2021"": 41.91177323486359, ""epochs_trained"": 71}",2026-07-02T11:06:14.042517,completed
1,MAPE,120,3,selu,2,32,0.05,45.925601959228516,10.153532028198242,9.943675994873047,6.093158563057322,9.940140132772417,45.925601959228516,9.497077941894531,10.855294227600098,7.468755080745743,10.790588055753656,54.75022888183594,"{""loss"": 45.13591003417969, ""mape"": 45.13591003417969, ""mae"": 9.794525146484375, ""val_loss"": 45.925601959228516, ""val_mape"": 45.925601959228516, ""val_mae"": 10.153532028198242, ""lr"": 0.00010000000474974513, ""val_mae12"": 9.943675994873047, ""val_me"": 6.093158563057322, ""val_me12"": 9.940140132772417, ""mape_2021"": 54.75022888183594, ""mae_2021"": 9.497077941894531, ""mae12_2021"": 10.855294227600098, ""me_2021"": 7.468755080745743, ""me12_2021"": 10.790588055753656, ""epochs_trained"": 68}",2026-07-02T11:06:14.082889,completed
1,MAPE,120,3,selu,2,16,0.05,46.677452087402344,9.970630645751953,11.063536643981934,6.433903086733348,11.143805141162272,46.677452087402344,9.527771949768066,12.418865203857422,7.715253346538108,12.427290474080989,56.927738189697266,"{""loss"": 46.25392532348633, ""mape"": 46.25392532348633, ""mae"": 10.06650447845459, ""val_loss"": 46.677452087402344, ""val_mape"": 46.677452087402344, ""val_mae"": 9.970630645751953, ""lr"": 0.00010000000474974513, ""val_mae12"": 11.063536643981934, ""val_me"": 6.433903086733348, ""val_me12"": 11.143805141162272, ""mape_2021"": 56.927738189697266, ""mae_2021"": 9.527771949768066, ""mae12_2021"": 12.418865203857422, ""me_2021"": 7.715253346538108, ""me12_2021"": 12.427290474080989, ""epochs_trained"": 90}",2026-07-02T11:06:15.360339,completed
1,MAPE,120,3,selu,2,16,0.1,45.951019287109375,10.026895523071289,13.039166450500488,5.292526339005161,13.139666027929898,45.951019287109375,9.00858211517334,14.027820587158203,6.525141091364822,14.120212649011561,55.00030517578125,"{""loss"": 48.13985061645508, ""mape"": 48.13985061645508, ""mae"": 10.7506742477417, ""val_loss"": 45.951019287109375, ""val_mape"": 45.951019287109375, ""val_mae"": 10.026895523071289, ""lr"": 0.00010000000474974513, ""val_mae12"": 13.039166450500488, ""val_me"": 5.292526339005161, ""val_me12"": 13.139666027929898, ""mape_2021"": 55.00030517578125, ""mae_2021"": 9.00858211517334, ""mae12_2021"": 14.027820587158203, ""me_2021"": 6.525141091364822, ""me12_2021"": 14.120212649011561, ""epochs_trained"": 129}",2026-07-02T11:06:18.072292,completed
1,MAPE,120,3,selu,2,64,0.1,58.60062026977539,13.481719017028809,15.235989570617676,5.503949222191012,15.356433955425343,58.60062026977539,9.309571266174316,16.922595977783203,6.41202056433208,17.002461103635312,60.64454650878906,"{""loss"": 46.34341812133789, ""mape"": 46.34341812133789, ""mae"": 9.901788711547852, ""val_loss"": 58.60062026977539, ""val_mape"": 58.60062026977539, ""val_mae"": 13.481719017028809, ""lr"": 0.00010000000474974513, ""val_mae12"": 15.235989570617676, ""val_me"": 5.503949222191012, ""val_me12"": 15.356433955425343, ""mape_2021"": 60.64454650878906, ""mae_2021"": 9.309571266174316, ""mae12_2021"": 16.922595977783203, ""me_2021"": 6.41202056433208, ""me12_2021"": 17.002461103635312, ""epochs_trained"": 66}",2026-07-02T11:06:29.444973,completed
1,MAPE,120,3,selu,2,64,0.3,99.90908813476562,22.604745864868164,38.33966827392578,0.7354910991649242,38.526743398240114,99.90908813476562,11.676128387451172,41.1695556640625,1.2269182795748803,41.351300565438756,97.45347595214844,"{""loss"": 51.3103141784668, ""mape"": 51.3103141784668, ""mae"": 11.316556930541992, ""val_loss"": 99.90908813476562, ""val_mape"": 99.90908813476562, ""val_mae"": 22.604745864868164, ""lr"": 0.00010000000474974513, ""val_mae12"": 38.33966827392578, ""val_me"": 0.7354910991649242, ""val_me12"": 38.526743398240114, ""mape_2021"": 97.45347595214844, ""mae_2021"": 11.676128387451172, ""mae12_2021"": 41.1695556640625, ""me_2021"": 1.2269182795748803, ""me12_2021"": 41.351300565438756, ""epochs_trained"": 66}",2026-07-02T11:06:29.916092,completed
1,MAPE,120,3,selu,2,128,0.05,26.94902992248535,6.16541051864624,2.9189305305480957,-1.3008300569379634,2.425677409777,26.94902992248535,5.2490105628967285,2.6032814979553223,0.5498266608171354,0.483525300776991,24.54359245300293,"{""loss"": 21.318458557128906, ""mape"": 21.318458557128906, ""mae"": 4.628371238708496, ""val_loss"": 26.94902992248535, ""val_mape"": 26.94902992248535, ""val_mae"": 6.16541051864624, ""lr"": 0.00010000000474974513, ""val_mae12"": 2.9189305305480957, ""val_me"": -1.3008300569379634, ""val_me12"": 2.425677409777, ""mape_2021"": 24.54359245300293, ""mae_2021"": 5.2490105628967285, ""mae12_2021"": 2.6032814979553223, ""me_2021"": 0.5498266608171354, ""me12_2021"": 0.483525300776991, ""epochs_trained"": 84}",2026-07-02T11:06:40.136267,completed
1,MAPE,120,3,selu,2,128,0.1,42.143863677978516,9.83236026763916,13.29372501373291,5.592184059377811,13.39142406838132,42.143863677978516,9.371356010437012,14.185524940490723,6.8298763750376885,14.280323981392776,57.565032958984375,"{""loss"": 38.129310607910156, ""mape"": 38.129310607910156, ""mae"": 8.386402130126953, ""val_loss"": 42.143863677978516, ""val_mape"": 42.143863677978516, ""val_mae"": 9.83236026763916, ""lr"": 0.00010000000474974513, ""val_mae12"": 13.29372501373291, ""val_me"": 5.592184059377811, ""val_me12"": 13.39142406838132, ""mape_2021"": 57.565032958984375, ""mae_2021"": 9.371356010437012, ""mae12_2021"": 14.185524940490723, ""me_2021"": 6.8298763750376885, ""me12_2021"": 14.280323981392776, ""epochs_trained"": 48}",2026-07-02T11:06:46.385881,completed
1,MAPE,120,3,selu,2,128,0.3,140.5601806640625,32.71773910522461,39.19574737548828,2.091235969485853,39.39204384813869,140.5601806640625,12.249403953552246,42.29568099975586,2.42857981840672,42.502215768709846,100.76172637939453,"{""loss"": 49.86919021606445, ""mape"": 49.86919021606445, ""mae"": 10.578245162963867, ""val_loss"": 140.5601806640625, ""val_mape"": 140.5601806640625, ""val_mae"": 32.71773910522461, ""lr"": 0.00010000000474974513, ""val_mae12"": 39.19574737548828, ""val_me"": 2.091235969485853, ""val_me12"": 39.39204384813869, ""mape_2021"": 100.76172637939453, ""mae_2021"": 12.249403953552246, ""mae12_2021"": 42.29568099975586, ""me_2021"": 2.42857981840672, ""me12_2021"": 42.502215768709846, ""epochs_trained"": 49}",2026-07-02T11:06:47.346898,completed
1,MAPE,120,3,selu,2,64,0.05,25.007844924926758,5.7703046798706055,3.5921924114227295,-1.5599933069066867,3.588440282348868,25.007844924926758,5.4987311363220215,2.3011786937713623,0.5964197578131551,1.9330703012325745,24.634462356567383,"{""loss"": 25.650339126586914, ""mape"": 25.650339126586914, ""mae"": 5.887109279632568, ""val_loss"": 25.007844924926758, ""val_mape"": 25.007844924926758, ""val_mae"": 5.7703046798706055, ""lr"": 1.0000000656873453e-05, ""val_mae12"": 3.5921924114227295, ""val_me"": -1.5599933069066867, ""val_me12"": 3.588440282348868, ""mape_2021"": 24.634462356567383, ""mae_2021"": 5.4987311363220215, ""mae12_2021"": 2.3011786937713623, ""me_2021"": 0.5964197578131551, ""me12_2021"": 1.9330703012325745, ""epochs_trained"": 411}",2026-07-02T11:06:58.704142,completed
1,MAPE,120,3,selu,2,32,0.0,5.511645317077637,1.1724982261657715,1.0473028421401978,0.06384436509654753,0.39682563415792765,5.511645317077637,0.9527801275253296,1.1947160959243774,0.33351402547589903,-0.9413924973501601,5.502835273742676,"{""loss"": 4.521684169769287, ""mape"": 4.521684169769287, ""mae"": 0.9631696939468384, ""val_loss"": 5.511645317077637, ""val_mape"": 5.511645317077637, ""val_mae"": 1.1724982261657715, ""lr"": 0.00010000000474974513, ""val_mae12"": 1.0473028421401978, ""val_me"": 0.06384436509654753, ""val_me12"": 0.39682563415792765, ""mape_2021"": 5.502835273742676, ""mae_2021"": 0.9527801275253296, ""mae12_2021"": 1.1947160959243774, ""me_2021"": 0.33351402547589903, ""me12_2021"": -0.9413924973501601, ""epochs_trained"": 613}",2026-07-02T11:06:59.845367,completed
1,MAPE,120,3,selu,2,64,0.0,3.8553476333618164,0.7606501579284668,1.2530832290649414,-0.23672483522603627,0.8599221452311565,3.8553476333618164,0.7322404384613037,0.8963906764984131,0.1137579541383105,-0.415716626872007,4.222126007080078,"{""loss"": 3.3547892570495605, ""mape"": 3.3547892570495605, ""mae"": 0.6728485226631165, ""val_loss"": 3.8553476333618164, ""val_mape"": 3.8553476333618164, ""val_mae"": 0.7606501579284668, ""lr"": 0.00010000000474974513, ""val_mae12"": 1.2530832290649414, ""val_me"": -0.23672483522603627, ""val_me12"": 0.8599221452311565, ""mape_2021"": 4.222126007080078, ""mae_2021"": 0.7322404384613037, ""mae12_2021"": 0.8963906764984131, ""me_2021"": 0.1137579541383105, ""me12_2021"": -0.415716626872007, ""epochs_trained"": 504}",2026-07-02T11:07:02.749282,completed
1,MAPE,120,3,selu,2,128,0.0,3.8699209690093994,0.7900179028511047,1.2417792081832886,-0.2527218747251425,0.7804293281510387,3.8699209690093994,0.7346577644348145,0.8401056528091431,0.09054319169917126,-0.43820537668226006,4.12623929977417,"{""loss"": 3.2905447483062744, ""mape"": 3.2905447483062744, ""mae"": 0.6677718758583069, ""val_loss"": 3.8699209690093994, ""val_mape"": 3.8699209690093994, ""val_mae"": 0.7900179028511047, ""lr"": 0.00010000000474974513, ""val_mae12"": 1.2417792081832886, ""val_me"": -0.2527218747251425, ""val_me12"": 0.7804293281510387, ""mape_2021"": 4.12623929977417, ""mae_2021"": 0.7346577644348145, ""mae12_2021"": 0.8401056528091431, ""me_2021"": 0.09054319169917126, ""me12_2021"": -0.43820537668226006, ""epochs_trained"": 492}",2026-07-02T11:07:04.113168,completed
1,MAPE,120,3,selu,2,16,0.0,5.352680683135986,1.1147170066833496,1.0073258876800537,-0.2673268489044987,0.4747732381357203,5.352680683135986,0.918212890625,1.1498044729232788,0.1941730064566696,-0.8071026934699278,5.3878607749938965,"{""loss"": 4.5942864418029785, ""mape"": 4.5942864418029785, ""mae"": 0.976889967918396, ""val_loss"": 5.352680683135986, ""val_mape"": 5.352680683135986, ""val_mae"": 1.1147170066833496, ""lr"": 0.00010000000474974513, ""val_mae12"": 1.0073258876800537, ""val_me"": -0.2673268489044987, ""val_me12"": 0.4747732381357203, ""mape_2021"": 5.3878607749938965, ""mae_2021"": 0.918212890625, ""mae12_2021"": 1.1498044729232788, ""me_2021"": 0.1941730064566696, ""me12_2021"": -0.8071026934699278, ""epochs_trained"": 753}",2026-07-02T11:07:05.301534,completed
1,MAPE,120,3,selu,2,256,0.3,148.55264282226562,35.199153900146484,38.54999923706055,0.1458939817588413,38.72638785139737,148.55264282226562,12.003478050231934,41.255435943603516,0.8942541532886633,41.42580705134246,98.97420501708984,"{""loss"": 43.46379470825195, ""mape"": 43.46379470825195, ""mae"": 9.345279693603516, ""val_loss"": 148.55264282226562, ""val_mape"": 148.55264282226562, ""val_mae"": 35.199153900146484, ""lr"": 0.00010000000474974513, ""val_mae12"": 38.54999923706055, ""val_me"": 0.1458939817588413, ""val_me12"": 38.72638785139737, ""mape_2021"": 98.97420501708984, ""mae_2021"": 12.003478050231934, ""mae12_2021"": 41.255435943603516, ""me_2021"": 0.8942541532886633, ""me12_2021"": 41.42580705134246, ""epochs_trained"": 44}",2026-07-02T11:07:36.215114,completed
1,MAPE,120,3,selu,2,256,0.05,34.23489761352539,7.481913089752197,5.289216995239258,1.861118518185888,5.2970276380788786,34.23489761352539,5.993001461029053,3.7619283199310303,3.5659999668653755,3.7385990793324777,29.089418411254883,"{""loss"": 22.503908157348633, ""mape"": 22.503908157348633, ""mae"": 4.829073429107666, ""val_loss"": 34.23489761352539, ""val_mape"": 34.23489761352539, ""val_mae"": 7.481913089752197, ""lr"": 0.00010000000474974513, ""val_mae12"": 5.289216995239258, ""val_me"": 1.861118518185888, ""val_me12"": 5.2970276380788786, ""mape_2021"": 29.089418411254883, ""mae_2021"": 5.993001461029053, ""mae12_2021"": 3.7619283199310303, ""me_2021"": 3.5659999668653755, ""me12_2021"": 3.7385990793324777, ""epochs_trained"": 53}",2026-07-02T11:07:36.522386,completed
1,MAPE,120,3,selu,2,256,0.1,57.95986557006836,13.125311851501465,5.261332988739014,-2.204936855791809,5.029688373604615,57.95986557006836,7.198934078216553,3.613489866256714,0.3021308484069511,2.853690553162445,33.48711395263672,"{""loss"": 26.28870391845703, ""mape"": 26.28870391845703, ""mae"": 5.656585216522217, ""val_loss"": 57.95986557006836, ""val_mape"": 57.95986557006836, ""val_mae"": 13.125311851501465, ""lr"": 0.00010000000474974513, ""val_mae12"": 5.261332988739014, ""val_me"": -2.204936855791809, ""val_me12"": 5.029688373604615, ""mape_2021"": 33.48711395263672, ""mae_2021"": 7.198934078216553, ""mae12_2021"": 3.613489866256714, ""me_2021"": 0.3021308484069511, ""me12_2021"": 2.853690553162445, ""epochs_trained"": 55}",2026-07-02T11:07:36.907127,completed
1,MAPE,120,3,selu,3,16,0.3,99.17839813232422,19.948610305786133,33.689964294433594,3.203575835416525,33.86854169212142,99.17839813232422,11.767939567565918,37.04424285888672,3.693523085904193,37.22902224155881,92.6361083984375,"{""loss"": 70.01390838623047, ""mape"": 70.01390838623047, ""mae"": 16.454505920410156, ""val_loss"": 99.17839813232422, ""val_mape"": 99.17839813232422, ""val_mae"": 19.948610305786133, ""lr"": 0.00010000000474974513, ""val_mae12"": 33.689964294433594, ""val_me"": 3.203575835416525, ""val_me12"": 33.86854169212142, ""mape_2021"": 92.6361083984375, ""mae_2021"": 11.767939567565918, ""mae12_2021"": 37.04424285888672, ""me_2021"": 3.693523085904193, ""me12_2021"": 37.22902224155881, ""epochs_trained"": 72}",2026-07-02T11:07:38.303689,completed
1,MAPE,120,3,selu,3,16,0.1,53.37109375,12.144505500793457,17.663745880126953,3.8702802154251574,17.7878465243318,53.37109375,8.027670860290527,19.46257781982422,4.664761530471274,19.580096870918577,57.63582992553711,"{""loss"": 45.165855407714844, ""mape"": 45.165855407714844, ""mae"": 9.87807559967041, ""val_loss"": 53.37109375, ""val_mape"": 53.37109375, ""val_mae"": 12.144505500793457, ""lr"": 0.00010000000474974513, ""val_mae12"": 17.663745880126953, ""val_me"": 3.8702802154251574, ""val_me12"": 17.7878465243318, ""mape_2021"": 57.63582992553711, ""mae_2021"": 8.027670860290527, ""mae12_2021"": 19.46257781982422, ""me_2021"": 4.664761530471274, ""me12_2021"": 19.580096870918577, ""epochs_trained"": 86}",2026-07-02T11:07:39.360434,completed
1,MAPE,120,3,selu,3,16,0.05,41.909873962402344,9.51839542388916,10.668052673339844,4.2218521229537815,10.74703776524724,41.909873962402344,7.240350246429443,11.341407775878906,5.308201730727951,11.423700771103915,45.034889221191406,"{""loss"": 39.99677658081055, ""mape"": 39.99677658081055, ""mae"": 8.837807655334473, ""val_loss"": 41.909873962402344, ""val_mape"": 41.909873962402344, ""val_mae"": 9.51839542388916, ""lr"": 0.00010000000474974513, ""val_mae12"": 10.668052673339844, ""val_me"": 4.2218521229537815, ""val_me12"": 10.74703776524724, ""mape_2021"": 45.034889221191406, ""mae_2021"": 7.240350246429443, ""mae12_2021"": 11.341407775878906, ""me_2021"": 5.308201730727951, ""me12_2021"": 11.423700771103915, ""epochs_trained"": 95}",2026-07-02T11:07:39.992209,completed
1,MAPE,120,3,selu,3,32,0.05,44.360191345214844,10.162389755249023,12.781795501708984,5.045512573044471,12.872460987300581,44.360191345214844,8.252054214477539,13.961864471435547,6.133906317547749,14.054203675006887,52.54325866699219,"{""loss"": 39.7519645690918, ""mape"": 39.7519645690918, ""mae"": 8.790212631225586, ""val_loss"": 44.360191345214844, ""val_mape"": 44.360191345214844, ""val_mae"": 10.162389755249023, ""lr"": 0.00010000000474974513, ""val_mae12"": 12.781795501708984, ""val_me"": 5.045512573044471, ""val_me12"": 12.872460987300581, ""mape_2021"": 52.54325866699219, ""mae_2021"": 8.252054214477539, ""mae12_2021"": 13.961864471435547, ""me_2021"": 6.133906317547749, ""me12_2021"": 14.054203675006887, ""epochs_trained"": 60}",2026-07-02T11:07:52.511395,completed
1,MAPE,120,3,selu,2,256,0.0,5.041400909423828,1.0832128524780273,0.8231475949287415,-0.16936641587172113,0.16938503950027786,5.041400909423828,0.9914718270301819,1.141232967376709,0.20922323731031528,-0.8637676114673918,5.521917819976807,"{""loss"": 4.297442436218262, ""mape"": 4.297442436218262, ""mae"": 0.9151032567024231, ""val_loss"": 5.041400909423828, ""val_mape"": 5.041400909423828, ""val_mae"": 1.0832128524780273, ""lr"": 1.0000000656873453e-05, ""val_mae12"": 0.8231475949287415, ""val_me"": -0.16936641587172113, ""val_me12"": 0.16938503950027786, ""mape_2021"": 5.521917819976807, ""mae_2021"": 0.9914718270301819, ""mae12_2021"": 1.141232967376709, ""me_2021"": 0.20922323731031528, ""me12_2021"": -0.8637676114673918, ""epochs_trained"": 237}",2026-07-02T11:07:53.143702,completed
1,MAPE,120,3,selu,3,32,0.1,64.33585357666016,15.546285629272461,16.210538864135742,3.5333897125315334,16.31113847657353,64.33585357666016,7.8987812995910645,16.742576599121094,4.503795494217754,16.832897534230852,53.05289077758789,"{""loss"": 42.05665969848633, ""mape"": 42.05665969848633, ""mae"": 9.336307525634766, ""val_loss"": 64.33585357666016, ""val_mape"": 64.33585357666016, ""val_mae"": 15.546285629272461, ""lr"": 0.00010000000474974513, ""val_mae12"": 16.210538864135742, ""val_me"": 3.5333897125315334, ""val_me12"": 16.31113847657353, ""mape_2021"": 53.05289077758789, ""mae_2021"": 7.8987812995910645, ""mae12_2021"": 16.742576599121094, ""me_2021"": 4.503795494217754, ""me12_2021"": 16.832897534230852, ""epochs_trained"": 76}",2026-07-02T11:07:53.815138,completed
1,MAPE,120,3,selu,3,32,0.3,78.098876953125,12.527356147766113,26.552579879760742,6.949123346441115,26.675672373911404,78.098876953125,13.67498779296875,28.42976951599121,6.938881793574859,28.558360686162615,88.19778442382812,"{""loss"": 67.81732177734375, ""mape"": 67.81732177734375, ""mae"": 16.446243286132812, ""val_loss"": 78.098876953125, ""val_mape"": 78.098876953125, ""val_mae"": 12.527356147766113, ""lr"": 0.00010000000474974513, ""val_mae12"": 26.552579879760742, ""val_me"": 6.949123346441115, ""val_me12"": 26.675672373911404, ""mape_2021"": 88.19778442382812, ""mae_2021"": 13.67498779296875, ""mae12_2021"": 28.42976951599121, ""me_2021"": 6.938881793574859, ""me12_2021"": 28.558360686162615, ""epochs_trained"": 64}",2026-07-02T11:07:54.242744,completed
1,MAPE,120,3,selu,3,64,0.05,34.87335968017578,8.077163696289062,13.067300796508789,3.472585911373056,13.154830209398831,34.87335968017578,7.457090377807617,13.955877304077148,4.594371029109891,14.042028788321057,48.65849304199219,"{""loss"": 30.562776565551758, ""mape"": 30.562776565551758, ""mae"": 6.883802890777588, ""val_loss"": 34.87335968017578, ""val_mape"": 34.87335968017578, ""val_mae"": 8.077163696289062, ""lr"": 0.00010000000474974513, ""val_mae12"": 13.067300796508789, ""val_me"": 3.472585911373056, ""val_me12"": 13.154830209398831, ""mape_2021"": 48.65849304199219, ""mae_2021"": 7.457090377807617, ""mae12_2021"": 13.955877304077148, ""me_2021"": 4.594371029109891, ""me12_2021"": 14.042028788321057, ""epochs_trained"": 52}",2026-07-02T11:07:55.104499,completed
1,MAPE,120,3,selu,3,64,0.3,88.26875305175781,13.938292503356934,15.508541107177734,18.61316770748353,15.598213728641282,88.26875305175781,20.710121154785156,16.36920928955078,17.870416565637964,16.461114595591532,97.22642517089844,"{""loss"": 74.87212371826172, ""mape"": 74.87212371826172, ""mae"": 18.567529678344727, ""val_loss"": 88.26875305175781, ""val_mape"": 88.26875305175781, ""val_mae"": 13.938292503356934, ""lr"": 0.00010000000474974513, ""val_mae12"": 15.508541107177734, ""val_me"": 18.61316770748353, ""val_me12"": 15.598213728641282, ""mape_2021"": 97.22642517089844, ""mae_2021"": 20.710121154785156, ""mae12_2021"": 16.36920928955078, ""me_2021"": 17.870416565637964, ""me12_2021"": 16.461114595591532, ""epochs_trained"": 36}",2026-07-02T11:08:02.419710,completed
1,MAPE,120,3,selu,3,64,0.1,64.36154174804688,15.82862377166748,16.78154945373535,2.294375552403775,16.87098794427749,64.36154174804688,7.602269172668457,17.804460525512695,3.3345244420121447,17.88336727711178,53.66847229003906,"{""loss"": 34.23432540893555, ""mape"": 34.23432540893555, ""mae"": 7.759453773498535, ""val_loss"": 64.36154174804688, ""val_mape"": 64.36154174804688, ""val_mae"": 15.82862377166748, ""lr"": 0.00010000000474974513, ""val_mae12"": 16.78154945373535, ""val_me"": 2.294375552403775, ""val_me12"": 16.87098794427749, ""mape_2021"": 53.66847229003906, ""mae_2021"": 7.602269172668457, ""mae12_2021"": 17.804460525512695, ""me_2021"": 3.3345244420121447, ""me12_2021"": 17.88336727711178, ""epochs_trained"": 52}",2026-07-02T11:08:02.720711,completed
1,MAPE,120,3,selu,3,16,0.0,6.300370693206787,1.3567668199539185,1.084843635559082,0.10614618444587624,0.4699891934396567,6.300370693206787,1.1662137508392334,1.1882582902908325,0.48295920053798785,-0.8976322913516952,6.346017837524414,"{""loss"": 5.276802062988281, ""mape"": 5.276802062988281, ""mae"": 1.1388227939605713, ""val_loss"": 6.300370693206787, ""val_mape"": 6.300370693206787, ""val_mae"": 1.3567668199539185, ""lr"": 1.0000000656873453e-05, ""val_mae12"": 1.084843635559082, ""val_me"": 0.10614618444587624, ""val_me12"": 0.4699891934396567, ""mape_2021"": 6.346017837524414, ""mae_2021"": 1.1662137508392334, ""mae12_2021"": 1.1882582902908325, ""me_2021"": 0.48295920053798785, ""me12_2021"": -0.8976322913516952, ""epochs_trained"": 438}",2026-07-02T11:08:04.639478,completed
1,MAPE,120,3,selu,3,64,0.0,4.300104141235352,0.8843859434127808,0.9852330088615417,-0.2269915481741643,0.5013821219856939,4.300104141235352,0.8012983798980713,1.0114449262619019,0.14920964530899414,-0.6689785648905243,4.620162487030029,"{""loss"": 3.662101984024048, ""mape"": 3.662101984024048, ""mae"": 0.7533422112464905, ""val_loss"": 4.300104141235352, ""val_mape"": 4.300104141235352, ""val_mae"": 0.8843859434127808, ""lr"": 0.00010000000474974513, ""val_mae12"": 0.9852330088615417, ""val_me"": -0.2269915481741643, ""val_me12"": 0.5013821219856939, ""mape_2021"": 4.620162487030029, ""mae_2021"": 0.8012983798980713, ""mae12_2021"": 1.0114449262619019, ""me_2021"": 0.14920964530899414, ""me12_2021"": -0.6689785648905243, ""epochs_trained"": 283}",2026-07-02T11:08:06.854962,completed
1,MAPE,120,3,selu,3,32,0.0,3.881831407546997,0.7824711799621582,1.1515629291534424,-0.2684810193933684,0.5951137889538148,3.881831407546997,0.77164226770401,1.0887441635131836,0.09692682388280208,-0.6730716774007739,4.590879917144775,"{""loss"": 3.2979485988616943, ""mape"": 3.2979485988616943, ""mae"": 0.6728624701499939, ""val_loss"": 3.881831407546997, ""val_mape"": 3.881831407546997, ""val_mae"": 0.7824711799621582, ""lr"": 0.00010000000474974513, ""val_mae12"": 1.1515629291534424, ""val_me"": -0.2684810193933684, ""val_me12"": 0.5951137889538148, ""mape_2021"": 4.590879917144775, ""mae_2021"": 0.77164226770401, ""mae12_2021"": 1.0887441635131836, ""me_2021"": 0.09692682388280208, ""me12_2021"": -0.6730716774007739, ""epochs_trained"": 499}",2026-07-02T11:08:12.537388,completed
1,MAPE,120,3,selu,3,128,0.3,110.18016052246094,19.66575813293457,8.137558937072754,22.923891840904997,8.214733811688792,110.18016052246094,22.68927764892578,9.121527671813965,21.67765920014055,9.193602238798091,98.0421142578125,"{""loss"": 81.04312896728516, ""mape"": 81.04312896728516, ""mae"": 20.35027503967285, ""val_loss"": 110.18016052246094, ""val_mape"": 110.18016052246094, ""val_mae"": 19.66575813293457, ""lr"": 0.00010000000474974513, ""val_mae12"": 8.137558937072754, ""val_me"": 22.923891840904997, ""val_me12"": 8.214733811688792, ""mape_2021"": 98.0421142578125, ""mae_2021"": 22.68927764892578, ""mae12_2021"": 9.121527671813965, ""me_2021"": 21.67765920014055, ""me12_2021"": 9.193602238798091, ""epochs_trained"": 28}",2026-07-02T11:08:50.919492,completed
1,MAPE,120,3,selu,3,128,0.1,50.32735824584961,12.233413696289062,19.03606605529785,3.213733626460036,19.141163358634255,50.32735824584961,8.58053207397461,20.453414916992188,4.133300544584712,20.54628643640054,61.1195182800293,"{""loss"": 31.45906639099121, ""mape"": 31.45906639099121, ""mae"": 7.106959342956543, ""val_loss"": 50.32735824584961, ""val_mape"": 50.32735824584961, ""val_mae"": 12.233413696289062, ""lr"": 0.00010000000474974513, ""val_mae12"": 19.03606605529785, ""val_me"": 3.213733626460036, ""val_me12"": 19.141163358634255, ""mape_2021"": 61.1195182800293, ""mae_2021"": 8.58053207397461, ""mae12_2021"": 20.453414916992188, ""me_2021"": 4.133300544584712, ""me12_2021"": 20.54628643640054, ""epochs_trained"": 42}",2026-07-02T11:08:51.221432,completed
1,MAPE,120,3,selu,3,256,0.1,77.70976257324219,18.123821258544922,23.257905960083008,2.5660949210801114,23.373105667261747,77.70976257324219,9.191832542419434,24.517879486083984,3.4568052828246776,24.624080701264578,67.78348541259766,"{""loss"": 25.400928497314453, ""mape"": 25.400928497314453, ""mae"": 5.474080562591553, ""val_loss"": 77.70976257324219, ""val_mape"": 77.70976257324219, ""val_mae"": 18.123821258544922, ""lr"": 0.00010000000474974513, ""val_mae12"": 23.257905960083008, ""val_me"": 2.5660949210801114, ""val_me12"": 23.373105667261747, ""mape_2021"": 67.78348541259766, ""mae_2021"": 9.191832542419434, ""mae12_2021"": 24.517879486083984, ""me_2021"": 3.4568052828246776, ""me12_2021"": 24.624080701264578, ""epochs_trained"": 35}",2026-07-02T11:08:52.247699,completed
1,MAPE,120,3,selu,3,256,0.3,234.43142700195312,55.37941360473633,43.37442398071289,3.6420198361088465,43.526678486359,234.43142700195312,17.204004287719727,45.58412170410156,3.5158169432540842,45.73572447038751,123.63671112060547,"{""loss"": 36.57320022583008, ""mape"": 36.57320022583008, ""mae"": 8.032210350036621, ""val_loss"": 234.43142700195312, ""val_mape"": 234.43142700195312, ""val_mae"": 55.37941360473633, ""lr"": 0.00010000000474974513, ""val_mae12"": 43.37442398071289, ""val_me"": 3.6420198361088465, ""val_me12"": 43.526678486359, ""mape_2021"": 123.63671112060547, ""mae_2021"": 17.204004287719727, ""mae12_2021"": 45.58412170410156, ""me_2021"": 3.5158169432540842, ""me12_2021"": 45.73572447038751, ""epochs_trained"": 36}",2026-07-02T11:08:52.544702,completed
1,MAPE,120,3,selu,3,128,0.05,34.089359283447266,7.795515060424805,2.7610888481140137,-1.316101927029659,1.7207669177522298,34.089359283447266,5.573833465576172,2.59934663772583,0.8702322227844247,-0.5110348092090703,25.840469360351562,"{""loss"": 20.938261032104492, ""mape"": 20.938261032104492, ""mae"": 4.505537033081055, ""val_loss"": 34.089359283447266, ""val_mape"": 34.089359283447266, ""val_mae"": 7.795515060424805, ""lr"": 0.00010000000474974513, ""val_mae12"": 2.7610888481140137, ""val_me"": -1.316101927029659, ""val_me12"": 1.7207669177522298, ""mape_2021"": 25.840469360351562, ""mae_2021"": 5.573833465576172, ""mae12_2021"": 2.59934663772583, ""me_2021"": 0.8702322227844247, ""me12_2021"": -0.5110348092090703, ""epochs_trained"": 54}",2026-07-02T11:08:52.708106,completed
1,MAPE,120,3,selu,3,256,0.05,32.59951400756836,7.368287086486816,3.421445369720459,-1.64198415597279,2.260923052012609,32.59951400756836,5.286485195159912,2.841466188430786,0.26336825485896476,-0.03458663133598218,25.38673210144043,"{""loss"": 17.528968811035156, ""mape"": 17.528968811035156, ""mae"": 3.753185749053955, ""val_loss"": 32.59951400756836, ""val_mape"": 32.59951400756836, ""val_mae"": 7.368287086486816, ""lr"": 0.00010000000474974513, ""val_mae12"": 3.421445369720459, ""val_me"": -1.64198415597279, ""val_me12"": 2.260923052012609, ""mape_2021"": 25.38673210144043, ""mae_2021"": 5.286485195159912, ""mae12_2021"": 2.841466188430786, ""me_2021"": 0.26336825485896476, ""me12_2021"": -0.03458663133598218, ""epochs_trained"": 43}",2026-07-02T11:08:54.191812,completed
1,MAPE,120,3,selu,3,256,0.0,4.492515563964844,0.8450301289558411,1.1909959316253662,-0.3411222339561554,0.8497145716583618,4.492515563964844,0.711236298084259,0.9371704459190369,0.08848815891462872,-0.37035725809103426,4.257388114929199,"{""loss"": 3.585385799407959, ""mape"": 3.585385799407959, ""mae"": 0.7108772993087769, ""val_loss"": 4.492515563964844, ""val_mape"": 4.492515563964844, ""val_mae"": 0.8450301289558411, ""lr"": 0.00010000000474974513, ""val_mae12"": 1.1909959316253662, ""val_me"": -0.3411222339561554, ""val_me12"": 0.8497145716583618, ""mape_2021"": 4.257388114929199, ""mae_2021"": 0.711236298084259, ""mae12_2021"": 0.9371704459190369, ""me_2021"": 0.08848815891462872, ""me12_2021"": -0.37035725809103426, ""epochs_trained"": 149}",2026-07-02T11:08:59.978707,completed
1,MAPE,120,3,selu,3,128,0.0,4.461044788360596,0.9279385209083557,1.1909271478652954,-0.2752672742695581,0.7502434290368175,4.461044788360596,0.7553067803382874,0.9549192786216736,0.10653527379873202,-0.46793255104808407,4.406090259552002,"{""loss"": 3.6906635761260986, ""mape"": 3.6906635761260986, ""mae"": 0.7622359991073608, ""val_loss"": 4.461044788360596, ""val_mape"": 4.461044788360596, ""val_mae"": 0.9279385209083557, ""lr"": 1.0000000656873453e-05, ""val_mae12"": 1.1909271478652954, ""val_me"": -0.2752672742695581, ""val_me12"": 0.7502434290368175, ""mape_2021"": 4.406090259552002, ""mae_2021"": 0.7553067803382874, ""mae12_2021"": 0.9549192786216736, ""me_2021"": 0.10653527379873202, ""me12_2021"": -0.46793255104808407, ""epochs_trained"": 236}",2026-07-02T11:09:02.852320,completed
2,MAPE,120,3,leaky_relu,3,128,0.0,4.125835418701172,0.7829185724258423,1.4843450784683228,-0.3840259279699098,1.073812709382083,4.125835418701172,0.7673240303993225,1.0751087665557861,-0.011968186674722733,0.10831026934617584,4.390708923339844,"{""loss"": 3.0646023750305176, ""mape"": 3.0646023750305176, ""mae"": 0.6284496188163757, ""val_loss"": 4.125835418701172, ""val_mape"": 4.125835418701172, ""val_mae"": 0.7829185724258423, ""lr"": 1.0000000656873453e-05, ""val_mae12"": 1.4843450784683228, ""val_me"": -0.3840259279699098, ""val_me12"": 1.073812709382083, ""mape_2021"": 4.390708923339844, ""mae_2021"": 0.7673240303993225, ""mae12_2021"": 1.0751087665557861, ""me_2021"": -0.011968186674722733, ""me12_2021"": 0.10831026934617584, ""epochs_trained"": 480}",2026-07-03T16:49:09.721335,completed
2,MAPE,120,3,leaky_relu,3,64,0.05,3.8849401473999023,0.6982815265655518,1.7571501731872559,-0.11306525690156823,1.351109468630832,3.8849401473999023,0.7771982550621033,1.2949777841567993,0.2663714647091845,0.27052106851345353,4.966939449310303,"{""loss"": 5.857848644256592, ""mape"": 5.857848644256592, ""mae"": 1.2831429243087769, ""val_loss"": 3.8849401473999023, ""val_mape"": 3.8849401473999023, ""val_mae"": 0.6982815265655518, ""lr"": 0.00010000000474974513, ""val_mae12"": 1.7571501731872559, ""val_me"": -0.11306525690156823, ""val_me12"": 1.351109468630832, ""mape_2021"": 4.966939449310303, ""mae_2021"": 0.7771982550621033, ""mae12_2021"": 1.2949777841567993, ""me_2021"": 0.2663714647091845, ""me12_2021"": 0.27052106851345353, ""epochs_trained"": 497}",2026-07-03T16:49:11.295215,completed
2,MAPE,120,3,leaky_relu,3,128,0.05,3.680037260055542,0.6810460686683655,1.5931212902069092,-0.23314206833937373,1.1228509872756147,3.680037260055542,0.709831953048706,1.1372991800308228,0.12663428468499255,0.011954226133508177,4.1688008308410645,"{""loss"": 4.759288787841797, ""mape"": 4.759288787841797, ""mae"": 1.028203010559082, ""val_loss"": 3.680037260055542, ""val_mape"": 3.680037260055542, ""val_mae"": 0.6810460686683655, ""lr"": 1.0000000656873453e-05, ""val_mae12"": 1.5931212902069092, ""val_me"": -0.23314206833937373, ""val_me12"": 1.1228509872756147, ""mape_2021"": 4.1688008308410645, ""mae_2021"": 0.709831953048706, ""mae12_2021"": 1.1372991800308228, ""me_2021"": 0.12663428468499255, ""me12_2021"": 0.011954226133508177, ""epochs_trained"": 504}",2026-07-03T16:49:11.442483,completed
2,MAPE,120,3,leaky_relu,3,64,0.3,3.827848196029663,0.7326040863990784,1.7959532737731934,0.12303706031685906,1.607454236720809,3.827848196029663,0.8962212204933167,1.0159292221069336,0.5961200255645284,0.10103206524396874,4.845419883728027,"{""loss"": 11.366548538208008, ""mape"": 11.366548538208008, ""mae"": 2.634742498397827, ""val_loss"": 3.827848196029663, ""val_mape"": 3.827848196029663, ""val_mae"": 0.7326040863990784, ""lr"": 0.00010000000474974513, ""val_mae12"": 1.7959532737731934, ""val_me"": 0.12303706031685906, ""val_me12"": 1.607454236720809, ""mape_2021"": 4.845419883728027, ""mae_2021"": 0.8962212204933167, ""mae12_2021"": 1.0159292221069336, ""me_2021"": 0.5961200255645284, ""me12_2021"": 0.10103206524396874, ""epochs_trained"": 516}",2026-07-03T16:49:12.090618,completed
2,MAPE,120,3,leaky_relu,3,64,0.1,3.4728498458862305,0.6375592350959778,1.6335046291351318,-0.13392414994834467,1.3022143470409233,3.4728498458862305,0.7124174237251282,1.0099937915802002,0.28969479359880684,0.05335491942151213,4.285882949829102,"{""loss"": 6.891487121582031, ""mape"": 6.891487121582031, ""mae"": 1.554879069328308, ""val_loss"": 3.4728498458862305, ""val_mape"": 3.4728498458862305, ""val_mae"": 0.6375592350959778, ""lr"": 9.999999747378752e-06, ""val_mae12"": 1.6335046291351318, ""val_me"": -0.13392414994834467, ""val_me12"": 1.3022143470409233, ""mape_2021"": 4.285882949829102, ""mae_2021"": 0.7124174237251282, ""mae12_2021"": 1.0099937915802002, ""me_2021"": 0.28969479359880684, ""me12_2021"": 0.05335491942151213, ""epochs_trained"": 604}",2026-07-03T16:49:26.259584,completed
2,MAPE,120,3,leaky_relu,3,64,0.0,4.215521335601807,0.7939692735671997,1.5108853578567505,-0.3928923752492086,0.7912496495868896,4.215521335601807,0.7794011831283569,0.859302282333374,-0.019377114293764847,0.02577519111451667,4.435463905334473,"{""loss"": 3.1581568717956543, ""mape"": 3.1581568717956543, ""mae"": 0.6560376286506653, ""val_loss"": 4.215521335601807, ""val_mape"": 4.215521335601807, ""val_mae"": 0.7939692735671997, ""lr"": 1.0000000656873453e-05, ""val_mae12"": 1.5108853578567505, ""val_me"": -0.3928923752492086, ""val_me12"": 0.7912496495868896, ""mape_2021"": 4.435463905334473, ""mae_2021"": 0.7794011831283569, ""mae12_2021"": 0.859302282333374, ""me_2021"": -0.019377114293764847, ""me12_2021"": 0.02577519111451667, ""epochs_trained"": 671}",2026-07-03T16:49:36.589263,completed
2,MAPE,120,3,leaky_relu,3,256,0.0,4.489251613616943,0.8276692628860474,2.351492404937744,-0.27440833036015155,1.9522731602523178,4.489251613616943,0.8630431294441223,1.7068535089492798,0.04328801317291451,1.1858391121400227,5.670222282409668,"{""loss"": 3.165468454360962, ""mape"": 3.165468454360962, ""mae"": 0.6555471420288086, ""val_loss"": 4.489251613616943, ""val_mape"": 4.489251613616943, ""val_mae"": 0.8276692628860474, ""lr"": 1.0000000656873453e-05, ""val_mae12"": 2.351492404937744, ""val_me"": -0.27440833036015155, ""val_me12"": 1.9522731602523178, ""mape_2021"": 5.670222282409668, ""mae_2021"": 0.8630431294441223, ""mae12_2021"": 1.7068535089492798, ""me_2021"": 0.04328801317291451, ""me12_2021"": 1.1858391121400227, ""epochs_trained"": 338}",2026-07-03T16:51:09.109697,completed
2,MAPE,120,3,leaky_relu,3,128,0.1,3.3758022785186768,0.6332745552062988,1.4779201745986938,-0.13167629443957568,1.0329987671163787,3.3758022785186768,0.7104276418685913,1.199416995048523,0.2857800066688515,-0.11108255301934213,4.2544426918029785,"{""loss"": 5.447288513183594, ""mape"": 5.447288513183594, ""mae"": 1.2010351419448853, ""val_loss"": 3.3758022785186768, ""val_mape"": 3.3758022785186768, ""val_mae"": 0.6332745552062988, ""lr"": 1.0000000656873453e-05, ""val_mae12"": 1.4779201745986938, ""val_me"": -0.13167629443957568, ""val_me12"": 1.0329987671163787, ""mape_2021"": 4.2544426918029785, ""mae_2021"": 0.7104276418685913, ""mae12_2021"": 1.199416995048523, ""me_2021"": 0.2857800066688515, ""me12_2021"": -0.11108255301934213, ""epochs_trained"": 459}",2026-07-03T16:51:16.291076,completed
2,MAPE,120,3,leaky_relu,3,256,0.05,3.8901634216308594,0.719429075717926,1.819883942604065,-0.07795117732572052,1.316595914678049,3.8901634216308594,0.7864234447479248,1.373984932899475,0.23690081956549458,0.595106402738839,4.860205173492432,"{""loss"": 4.228358745574951, ""mape"": 4.228358745574951, ""mae"": 0.9019471406936646, ""val_loss"": 3.8901634216308594, ""val_mape"": 3.8901634216308594, ""val_mae"": 0.719429075717926, ""lr"": 0.00010000000474974513, ""val_mae12"": 1.819883942604065, ""val_me"": -0.07795117732572052, ""val_me12"": 1.316595914678049, ""mape_2021"": 4.860205173492432, ""mae_2021"": 0.7864234447479248, ""mae12_2021"": 1.373984932899475, ""me_2021"": 0.23690081956549458, ""me12_2021"": 0.595106402738839, ""epochs_trained"": 350}",2026-07-03T16:51:19.924215,completed
2,MAPE,120,3,leaky_relu,3,128,0.3,3.1366775035858154,0.5949198603630066,1.24936842918396,0.01053367598720452,0.8121557534072251,3.1366775035858154,0.7615798115730286,1.0533947944641113,0.47431841912625977,-0.42181336234793676,4.366025447845459,"{""loss"": 8.446344375610352, ""mape"": 8.446344375610352, ""mae"": 1.9133939743041992, ""val_loss"": 3.1366775035858154, ""val_mape"": 3.1366775035858154, ""val_mae"": 0.5949198603630066, ""lr"": 0.00010000000474974513, ""val_mae12"": 1.24936842918396, ""val_me"": 0.01053367598720452, ""val_me12"": 0.8121557534072251, ""mape_2021"": 4.366025447845459, ""mae_2021"": 0.7615798115730286, ""mae12_2021"": 1.0533947944641113, ""me_2021"": 0.47431841912625977, ""me12_2021"": -0.42181336234793676, ""epochs_trained"": 474}",2026-07-03T16:51:21.993199,completed
2,MAPE,120,3,leaky_relu,3,256,0.3,3.0981287956237793,0.601980984210968,1.185068964958191,-0.02208968117301934,0.6157480718490348,3.0981287956237793,0.7185072898864746,1.1026599407196045,0.4273644220784674,-0.494206560552336,4.331376075744629,"{""loss"": 6.83331298828125, ""mape"": 6.83331298828125, ""mae"": 1.5291169881820679, ""val_loss"": 3.0981287956237793, ""val_mape"": 3.0981287956237793, ""val_mae"": 0.601980984210968, ""lr"": 0.00010000000474974513, ""val_mae12"": 1.185068964958191, ""val_me"": -0.02208968117301934, ""val_me12"": 0.6157480718490348, ""mape_2021"": 4.331376075744629, ""mae_2021"": 0.7185072898864746, ""mae12_2021"": 1.1026599407196045, ""me_2021"": 0.4273644220784674, ""me12_2021"": -0.494206560552336, ""epochs_trained"": 359}",2026-07-03T16:51:38.443430,completed
2,MAPE,120,3,leaky_relu,3,256,0.1,3.583540439605713,0.6608718037605286,1.5407240390777588,-0.09086916077488821,1.059541648756371,3.583540439605713,0.7358254790306091,1.2492412328720093,0.2564022010665416,0.12529233744691304,4.546680450439453,"{""loss"": 4.972659111022949, ""mape"": 4.972659111022949, ""mae"": 1.0720767974853516, ""val_loss"": 3.583540439605713, ""val_mape"": 3.583540439605713, ""val_mae"": 0.6608718037605286, ""lr"": 1.0000000656873453e-05, ""val_mae12"": 1.5407240390777588, ""val_me"": -0.09086916077488821, ""val_me12"": 1.059541648756371, ""mape_2021"": 4.546680450439453, ""mae_2021"": 0.7358254790306091, ""mae12_2021"": 1.2492412328720093, ""me_2021"": 0.2564022010665416, ""me12_2021"": 0.12529233744691304, ""epochs_trained"": 451}",2026-07-03T16:51:41.031175,completed
2,MAPE,120,3,selu,1,32,0.05,50.40261459350586,10.339533805847168,10.95644760131836,7.2212329751978865,10.553130779599927,50.40261459350586,11.189117431640625,12.148788452148438,8.731665507266289,11.665349207800354,63.745750427246094,"{""loss"": 51.10209274291992, ""mape"": 51.10209274291992, ""mae"": 10.93764591217041, ""val_loss"": 50.40261459350586, ""val_mape"": 50.40261459350586, ""val_mae"": 10.339533805847168, ""lr"": 0.00010000000474974513, ""val_mae12"": 10.95644760131836, ""val_me"": 7.2212329751978865, ""val_me12"": 10.553130779599927, ""mape_2021"": 63.745750427246094, ""mae_2021"": 11.189117431640625, ""mae12_2021"": 12.148788452148438, ""me_2021"": 8.731665507266289, ""me12_2021"": 11.665349207800354, ""epochs_trained"": 91}",2026-07-03T16:51:56.173405,completed
2,MAPE,120,3,selu,1,16,0.3,47.748897552490234,9.65412425994873,17.115510940551758,5.5350819040662085,17.237457009625803,47.748897552490234,10.344585418701172,18.101511001586914,6.924844463504961,18.164389103908842,64.471923828125,"{""loss"": 57.882991790771484, ""mape"": 57.882991790771484, ""mae"": 12.921957969665527, ""val_loss"": 47.748897552490234, ""val_mape"": 47.748897552490234, ""val_mae"": 9.65412425994873, ""lr"": 0.00010000000474974513, ""val_mae12"": 17.115510940551758, ""val_me"": 5.5350819040662085, ""val_me12"": 17.237457009625803, ""mape_2021"": 64.471923828125, ""mae_2021"": 10.344585418701172, ""mae12_2021"": 18.101511001586914, ""me_2021"": 6.924844463504961, ""me12_2021"": 18.164389103908842, ""epochs_trained"": 151}",2026-07-03T16:51:58.801616,completed
2,MAPE,120,3,selu,1,16,0.05,43.9672966003418,8.896591186523438,10.229698181152344,6.603250481553375,9.588695417365582,43.9672966003418,10.125326156616211,10.340226173400879,8.15706730885779,9.668661802713025,55.836483001708984,"{""loss"": 48.0682487487793, ""mape"": 48.0682487487793, ""mae"": 10.304986000061035, ""val_loss"": 43.9672966003418, ""val_mape"": 43.9672966003418, ""val_mae"": 8.896591186523438, ""lr"": 0.00010000000474974513, ""val_mae12"": 10.229698181152344, ""val_me"": 6.603250481553375, ""val_me12"": 9.588695417365582, ""mape_2021"": 55.836483001708984, ""mae_2021"": 10.125326156616211, ""mae12_2021"": 10.340226173400879, ""me_2021"": 8.15706730885779, ""me12_2021"": 9.668661802713025, ""epochs_trained"": 167}",2026-07-03T16:51:59.370010,completed
2,MAPE,120,3,selu,1,16,0.1,44.21527099609375,8.961617469787598,11.834760665893555,6.247738614002622,11.588204994225094,44.21527099609375,10.115616798400879,12.425748825073242,7.715691911150016,12.130134471294562,58.16556930541992,"{""loss"": 50.01573944091797, ""mape"": 50.01573944091797, ""mae"": 10.87397289276123, ""val_loss"": 44.21527099609375, ""val_mape"": 44.21527099609375, ""val_mae"": 8.961617469787598, ""lr"": 0.00010000000474974513, ""val_mae12"": 11.834760665893555, ""val_me"": 6.247738614002622, ""val_me12"": 11.588204994225094, ""mape_2021"": 58.16556930541992, ""mae_2021"": 10.115616798400879, ""mae12_2021"": 12.425748825073242, ""me_2021"": 7.715691911150016, ""me12_2021"": 12.130134471294562, ""epochs_trained"": 182}",2026-07-03T16:51:59.891588,completed
2,MAPE,120,3,selu,1,32,0.1,48.111854553222656,9.951752662658691,11.761754035949707,6.8694469234685025,11.484518188562022,48.111854553222656,10.608851432800293,12.474828720092773,8.36511142440718,12.170101454118393,60.65773010253906,"{""loss"": 50.66536331176758, ""mape"": 50.66536331176758, ""mae"": 10.906187057495117, ""val_loss"": 48.111854553222656, ""val_mape"": 48.111854553222656, ""val_mae"": 9.951752662658691, ""lr"": 0.00010000000474974513, ""val_mae12"": 11.761754035949707, ""val_me"": 6.8694469234685025, ""val_me12"": 11.484518188562022, ""mape_2021"": 60.65773010253906, ""mae_2021"": 10.608851432800293, ""mae12_2021"": 12.474828720092773, ""me_2021"": 8.36511142440718, ""me12_2021"": 12.170101454118393, ""epochs_trained"": 120}",2026-07-03T16:52:06.046255,completed
2,MAPE,120,3,selu,1,32,0.3,52.945228576660156,10.87540340423584,18.795368194580078,6.218447657124691,18.943955830233058,52.945228576660156,11.056034088134766,20.604326248168945,7.434356384701352,20.73404787120284,70.92582702636719,"{""loss"": 57.691741943359375, ""mape"": 57.691741943359375, ""mae"": 12.891143798828125, ""val_loss"": 52.945228576660156, ""val_mape"": 52.945228576660156, ""val_mae"": 10.87540340423584, ""lr"": 0.00010000000474974513, ""val_mae12"": 18.795368194580078, ""val_me"": 6.218447657124691, ""val_me12"": 18.943955830233058, ""mape_2021"": 70.92582702636719, ""mae_2021"": 11.056034088134766, ""mae12_2021"": 20.604326248168945, ""me_2021"": 7.434356384701352, ""me12_2021"": 20.73404787120284, ""epochs_trained"": 107}",2026-07-03T16:52:08.092415,completed
2,MAPE,120,3,selu,1,64,0.05,50.625396728515625,10.469104766845703,10.47309398651123,7.60415103049997,9.914646795885524,50.625396728515625,11.159089088439941,11.47773265838623,9.109356374162356,10.637398739913605,62.54388427734375,"{""loss"": 50.3305549621582, ""mape"": 50.3305549621582, ""mae"": 10.747143745422363, ""val_loss"": 50.625396728515625, ""val_mape"": 50.625396728515625, ""val_mae"": 10.469104766845703, ""lr"": 0.00010000000474974513, ""val_mae12"": 10.47309398651123, ""val_me"": 7.60415103049997, ""val_me12"": 9.914646795885524, ""mape_2021"": 62.54388427734375, ""mae_2021"": 11.159089088439941, ""mae12_2021"": 11.47773265838623, ""me_2021"": 9.109356374162356, ""me12_2021"": 10.637398739913605, ""epochs_trained"": 85}",2026-07-03T16:52:08.464410,completed
2,MAPE,120,3,selu,1,64,0.1,52.82748794555664,11.094744682312012,11.660944938659668,7.77662569788764,11.094547358745654,52.82748794555664,11.078544616699219,12.626204490661621,9.15676618676101,11.963670990239198,63.31257247924805,"{""loss"": 51.419918060302734, ""mape"": 51.419918060302734, ""mae"": 10.866026878356934, ""val_loss"": 52.82748794555664, ""val_mape"": 52.82748794555664, ""val_mae"": 11.094744682312012, ""lr"": 0.00010000000474974513, ""val_mae12"": 11.660944938659668, ""val_me"": 7.77662569788764, ""val_me12"": 11.094547358745654, ""mape_2021"": 63.31257247924805, ""mae_2021"": 11.078544616699219, ""mae12_2021"": 12.626204490661621, ""me_2021"": 9.15676618676101, ""me12_2021"": 11.963670990239198, ""epochs_trained"": 84}",2026-07-03T16:52:14.263587,completed
2,MAPE,120,3,selu,1,64,0.3,57.26593780517578,12.094502449035645,18.690080642700195,6.293126012754281,18.835651915038678,57.26593780517578,11.125237464904785,20.512874603271484,7.478726462155894,20.62088112393303,71.03218841552734,"{""loss"": 54.963897705078125, ""mape"": 54.963897705078125, ""mae"": 11.946433067321777, ""val_loss"": 57.26593780517578, ""val_mape"": 57.26593780517578, ""val_mae"": 12.094502449035645, ""lr"": 0.00010000000474974513, ""val_mae12"": 18.690080642700195, ""val_me"": 6.293126012754281, ""val_me12"": 18.835651915038678, ""mape_2021"": 71.03218841552734, ""mae_2021"": 11.125237464904785, ""mae12_2021"": 20.512874603271484, ""me_2021"": 7.478726462155894, ""me12_2021"": 20.62088112393303, ""epochs_trained"": 87}",2026-07-03T16:52:16.144016,completed
2,MAPE,120,3,selu,1,64,0.0,4.850799560546875,0.965202271938324,1.499826192855835,-0.41288654748233095,1.0549160235143082,4.850799560546875,1.0186307430267334,1.262572169303894,0.21727448697453713,-0.9969760780576705,5.8469085693359375,"{""loss"": 4.231138706207275, ""mape"": 4.231138706207275, ""mae"": 0.8556697368621826, ""val_loss"": 4.850799560546875, ""val_mape"": 4.850799560546875, ""val_mae"": 0.965202271938324, ""lr"": 0.00010000000474974513, ""val_mae12"": 1.499826192855835, ""val_me"": -0.41288654748233095, ""val_me12"": 1.0549160235143082, ""mape_2021"": 5.8469085693359375, ""mae_2021"": 1.0186307430267334, ""mae12_2021"": 1.262572169303894, ""me_2021"": 0.21727448697453713, ""me12_2021"": -0.9969760780576705, ""epochs_trained"": 739}",2026-07-03T16:52:32.868087,completed
2,MAPE,120,3,selu,1,32,0.0,4.7446513175964355,0.9088786840438843,1.296492099761963,-0.26340917352193755,0.7245602024126622,4.7446513175964355,1.1336555480957031,1.2702964544296265,0.5427034142788256,-0.9518706219245388,6.437218189239502,"{""loss"": 4.553064346313477, ""mape"": 4.553064346313477, ""mae"": 0.9526291489601135, ""val_loss"": 4.7446513175964355, ""val_mape"": 4.7446513175964355, ""val_mae"": 0.9088786840438843, ""lr"": 0.00010000000474974513, ""val_mae12"": 1.296492099761963, ""val_me"": -0.26340917352193755, ""val_me12"": 0.7245602024126622, ""mape_2021"": 6.437218189239502, ""mae_2021"": 1.1336555480957031, ""mae12_2021"": 1.2702964544296265, ""me_2021"": 0.5427034142788256, ""me12_2021"": -0.9518706219245388, ""epochs_trained"": 1064}",2026-07-03T16:52:34.352185,completed
2,MAPE,120,3,selu,1,16,0.0,4.781660556793213,0.9841681718826294,1.0071680545806885,-0.20735515519445413,0.5321069556369807,4.781660556793213,1.1967145204544067,1.2690778970718384,0.6036140793572484,-1.0061716603089763,6.574202537536621,"{""loss"": 4.794917583465576, ""mape"": 4.794917583465576, ""mae"": 1.045961618423462, ""val_loss"": 4.781660556793213, ""val_mape"": 4.781660556793213, ""val_mae"": 0.9841681718826294, ""lr"": 0.00010000000474974513, ""val_mae12"": 1.0071680545806885, ""val_me"": -0.20735515519445413, ""val_me12"": 0.5321069556369807, ""mape_2021"": 6.574202537536621, ""mae_2021"": 1.1967145204544067, ""mae12_2021"": 1.2690778970718384, ""me_2021"": 0.6036140793572484, ""me12_2021"": -1.0061716603089763, ""epochs_trained"": 1636}",2026-07-03T16:52:51.550748,completed
2,MAPE,120,3,selu,1,128,0.1,58.07184982299805,12.141226768493652,12.415358543395996,8.342541140896854,11.706613862208407,58.07184982299805,12.058964729309082,14.039266586303711,9.774996594393105,13.190614029471028,69.94523620605469,"{""loss"": 54.00247573852539, ""mape"": 54.00247573852539, ""mae"": 11.459006309509277, ""val_loss"": 58.07184982299805, ""val_mape"": 58.07184982299805, ""val_mae"": 12.141226768493652, ""lr"": 0.00010000000474974513, ""val_mae12"": 12.415358543395996, ""val_me"": 8.342541140896854, ""val_me12"": 11.706613862208407, ""mape_2021"": 69.94523620605469, ""mae_2021"": 12.058964729309082, ""mae12_2021"": 14.039266586303711, ""me_2021"": 9.774996594393105, ""me12_2021"": 13.190614029471028, ""epochs_trained"": 68}",2026-07-03T16:53:13.144897,completed
2,MAPE,120,3,selu,1,128,0.3,65.4867172241211,14.345465660095215,17.987075805664062,6.487205231347845,18.134284738393507,65.4867172241211,11.219908714294434,19.863088607788086,7.74320080898068,19.875296609527044,70.95899200439453,"{""loss"": 53.23365020751953, ""mape"": 53.23365020751953, ""mae"": 11.27031421661377, ""val_loss"": 65.4867172241211, ""val_mape"": 65.4867172241211, ""val_mae"": 14.345465660095215, ""lr"": 0.00010000000474974513, ""val_mae12"": 17.987075805664062, ""val_me"": 6.487205231347845, ""val_me12"": 18.134284738393507, ""mape_2021"": 70.95899200439453, ""mae_2021"": 11.219908714294434, ""mae12_2021"": 19.863088607788086, ""me_2021"": 7.74320080898068, ""me12_2021"": 19.875296609527044, ""epochs_trained"": 79}",2026-07-03T16:53:14.863967,completed
2,MAPE,120,3,selu,1,256,0.1,54.013885498046875,11.287757873535156,11.334707260131836,8.356803470367392,10.553327785065676,54.013885498046875,11.800500869750977,12.911504745483398,9.822858379067695,11.833135246384533,67.34304809570312,"{""loss"": 51.05374526977539, ""mape"": 51.05374526977539, ""mae"": 10.808423042297363, ""val_loss"": 54.013885498046875, ""val_mape"": 54.013885498046875, ""val_mae"": 11.287757873535156, ""lr"": 0.00010000000474974513, ""val_mae12"": 11.334707260131836, ""val_me"": 8.356803470367392, ""val_me12"": 10.553327785065676, ""mape_2021"": 67.34304809570312, ""mae_2021"": 11.800500869750977, ""mae12_2021"": 12.911504745483398, ""me_2021"": 9.822858379067695, ""me12_2021"": 11.833135246384533, ""epochs_trained"": 72}",2026-07-03T16:53:33.724390,completed
2,MAPE,120,3,selu,1,256,0.3,73.83975982666016,16.519210815429688,16.534265518188477,7.145286351659524,16.526245056889096,73.83975982666016,11.620226860046387,18.22092056274414,8.553529618278633,18.14430567427206,71.22029113769531,"{""loss"": 53.97887420654297, ""mape"": 53.97887420654297, ""mae"": 11.353476524353027, ""val_loss"": 73.83975982666016, ""val_mape"": 73.83975982666016, ""val_mae"": 16.519210815429688, ""lr"": 0.00010000000474974513, ""val_mae12"": 16.534265518188477, ""val_me"": 7.145286351659524, ""val_me12"": 16.526245056889096, ""mape_2021"": 71.22029113769531, ""mae_2021"": 11.620226860046387, ""mae12_2021"": 18.22092056274414, ""me_2021"": 8.553529618278633, ""me12_2021"": 18.14430567427206, ""epochs_trained"": 67}",2026-07-03T16:53:34.868956,completed
2,MAPE,120,3,selu,1,256,0.05,12.570249557495117,2.85960054397583,1.6176393032073975,-2.4620785953051376,1.0680225067838214,12.570249557495117,2.1588785648345947,2.042383909225464,-1.3918268517524155,-1.3453983024496123,10.864834785461426,"{""loss"": 9.806025505065918, ""mape"": 9.806025505065918, ""mae"": 1.8416273593902588, ""val_loss"": 12.570249557495117, ""val_mape"": 12.570249557495117, ""val_mae"": 2.85960054397583, ""lr"": 0.00010000000474974513, ""val_mae12"": 1.6176393032073975, ""val_me"": -2.4620785953051376, ""val_me12"": 1.0680225067838214, ""mape_2021"": 10.864834785461426, ""mae_2021"": 2.1588785648345947, ""mae12_2021"": 2.042383909225464, ""me_2021"": -1.3918268517524155, ""me12_2021"": -1.3453983024496123, ""epochs_trained"": 346}",2026-07-03T16:53:40.968968,completed
2,MAPE,120,3,selu,2,16,0.05,55.21601486206055,11.77402400970459,11.77628231048584,7.743205950472003,11.67555187948756,55.21601486206055,11.150568962097168,13.771944046020508,9.053286926599817,13.615064234903073,66.49579620361328,"{""loss"": 52.379756927490234, ""mape"": 52.379756927490234, ""mae"": 11.363862991333008, ""val_loss"": 55.21601486206055, ""val_mape"": 55.21601486206055, ""val_mae"": 11.77402400970459, ""lr"": 0.00010000000474974513, ""val_mae12"": 11.77628231048584, ""val_me"": 7.743205950472003, ""val_me12"": 11.67555187948756, ""mape_2021"": 66.49579620361328, ""mae_2021"": 11.150568962097168, ""mae12_2021"": 13.771944046020508, ""me_2021"": 9.053286926599817, ""me12_2021"": 13.615064234903073, ""epochs_trained"": 74}",2026-07-03T16:53:47.811828,completed
2,MAPE,120,3,selu,1,128,0.05,12.60767650604248,2.725084066390991,2.115504264831543,-2.435068130940406,1.7679714291892195,12.60767650604248,2.2483317852020264,1.9563839435577393,-1.6182844979330167,-0.863372464371992,11.321769714355469,"{""loss"": 8.222407341003418, ""mape"": 8.222407341003418, ""mae"": 1.4862231016159058, ""val_loss"": 12.60767650604248, ""val_mape"": 12.60767650604248, ""val_mae"": 2.725084066390991, ""lr"": 0.00010000000474974513, ""val_mae12"": 2.115504264831543, ""val_me"": -2.435068130940406, ""val_me12"": 1.7679714291892195, ""mape_2021"": 11.321769714355469, ""mae_2021"": 2.2483317852020264, ""mae12_2021"": 1.9563839435577393, ""me_2021"": -1.6182844979330167, ""me12_2021"": -0.863372464371992, ""epochs_trained"": 507}",2026-07-03T16:53:52.136929,completed
2,MAPE,120,3,selu,2,16,0.1,44.795040130615234,10.004164695739746,12.548114776611328,4.887129391876739,12.638851295432598,44.795040130615234,8.903867721557617,12.91988468170166,6.309649749285016,12.96550693692273,52.32255935668945,"{""loss"": 48.13322448730469, ""mape"": 48.13322448730469, ""mae"": 10.705906867980957, ""val_loss"": 44.795040130615234, ""val_mape"": 44.795040130615234, ""val_mae"": 10.004164695739746, ""lr"": 0.00010000000474974513, ""val_mae12"": 12.548114776611328, ""val_me"": 4.887129391876739, ""val_me12"": 12.638851295432598, ""mape_2021"": 52.32255935668945, ""mae_2021"": 8.903867721557617, ""mae12_2021"": 12.91988468170166, ""me_2021"": 6.309649749285016, ""me12_2021"": 12.96550693692273, ""epochs_trained"": 121}",2026-07-03T16:53:55.122663,completed
2,MAPE,120,3,selu,2,16,0.3,65.54035186767578,13.47059440612793,30.46065902709961,3.2298227844629266,30.641950512110878,65.54035186767578,10.984081268310547,33.32168197631836,4.145200540904923,33.505082465138216,85.54725646972656,"{""loss"": 64.1953353881836, ""mape"": 64.1953353881836, ""mae"": 14.533658027648926, ""val_loss"": 65.54035186767578, ""val_mape"": 65.54035186767578, ""val_mae"": 13.47059440612793, ""lr"": 0.00010000000474974513, ""val_mae12"": 30.46065902709961, ""val_me"": 3.2298227844629266, ""val_me12"": 30.641950512110878, ""mape_2021"": 85.54725646972656, ""mae_2021"": 10.984081268310547, ""mae12_2021"": 33.32168197631836, ""me_2021"": 4.145200540904923, ""me12_2021"": 33.505082465138216, ""epochs_trained"": 97}",2026-07-03T16:53:58.652111,completed
2,MAPE,120,3,selu,1,128,0.0,4.992384433746338,1.0487123727798462,1.165077805519104,-0.5486962880030687,0.5880410979280419,4.992384433746338,0.9338380098342896,1.2325594425201416,0.11521434524464234,-0.9957320709652874,5.416839122772217,"{""loss"": 3.818084716796875, ""mape"": 3.818084716796875, ""mae"": 0.7969643473625183, ""val_loss"": 4.992384433746338, ""val_mape"": 4.992384433746338, ""val_mae"": 1.0487123727798462, ""lr"": 0.00010000000474974513, ""val_mae12"": 1.165077805519104, ""val_me"": -0.5486962880030687, ""val_me12"": 0.5880410979280419, ""mape_2021"": 5.416839122772217, ""mae_2021"": 0.9338380098342896, ""mae12_2021"": 1.2325594425201416, ""me_2021"": 0.11521434524464234, ""me12_2021"": -0.9957320709652874, ""epochs_trained"": 725}",2026-07-03T16:54:02.223091,completed
2,MAPE,120,3,selu,1,256,0.0,4.855002403259277,0.966573178768158,1.2694504261016846,-0.5027366968825874,0.7315521790575968,4.855002403259277,0.8184671998023987,0.8304767608642578,0.12239918891492146,-0.3711711091205428,4.481518268585205,"{""loss"": 3.5271873474121094, ""mape"": 3.5271873474121094, ""mae"": 0.727522075176239, ""val_loss"": 4.855002403259277, ""val_mape"": 4.855002403259277, ""val_mae"": 0.966573178768158, ""lr"": 0.00010000000474974513, ""val_mae12"": 1.2694504261016846, ""val_me"": -0.5027366968825874, ""val_me12"": 0.7315521790575968, ""mape_2021"": 4.481518268585205, ""mae_2021"": 0.8184671998023987, ""mae12_2021"": 0.8304767608642578, ""me_2021"": 0.12239918891492146, ""me12_2021"": -0.3711711091205428, ""epochs_trained"": 738}",2026-07-03T16:54:03.062837,completed
2,MAPE,120,3,selu,2,16,0.0,6.982409477233887,1.4806652069091797,0.9953759908676147,0.19045405939200696,0.5941821344346327,6.982409477233887,1.293038249015808,1.230148434638977,0.6403251181627126,-0.8796415689272412,7.028077125549316,"{""loss"": 6.269108295440674, ""mape"": 6.269108295440674, ""mae"": 1.3525969982147217, ""val_loss"": 6.982409477233887, ""val_mape"": 6.982409477233887, ""val_mae"": 1.4806652069091797, ""lr"": 1.0000000656873453e-05, ""val_mae12"": 0.9953759908676147, ""val_me"": 0.19045405939200696, ""val_me12"": 0.5941821344346327, ""mape_2021"": 7.028077125549316, ""mae_2021"": 1.293038249015808, ""mae12_2021"": 1.230148434638977, ""me_2021"": 0.6403251181627126, ""me12_2021"": -0.8796415689272412, ""epochs_trained"": 461}",2026-07-03T16:54:04.456302,completed
2,MAPE,120,3,selu,2,64,0.05,38.72715377807617,8.547021865844727,10.898177146911621,5.637198026319068,10.993721746607699,38.72715377807617,8.903491020202637,11.648104667663574,6.8384240503019695,11.672604131735646,52.7404899597168,"{""loss"": 39.47223663330078, ""mape"": 39.47223663330078, ""mae"": 8.52724552154541, ""val_loss"": 38.72715377807617, ""val_mape"": 38.72715377807617, ""val_mae"": 8.547021865844727, ""lr"": 0.00010000000474974513, ""val_mae12"": 10.898177146911621, ""val_me"": 5.637198026319068, ""val_me12"": 10.993721746607699, ""mape_2021"": 52.7404899597168, ""mae_2021"": 8.903491020202637, ""mae12_2021"": 11.648104667663574, ""me_2021"": 6.8384240503019695, ""me12_2021"": 11.672604131735646, ""epochs_trained"": 63}",2026-07-03T16:54:20.385788,completed
2,MAPE,120,3,selu,2,32,0.05,44.340213775634766,9.879501342773438,10.891016006469727,5.933115077587758,10.853768195354045,44.340213775634766,9.239075660705566,11.578289985656738,7.179600019639799,11.530998818558183,53.6639404296875,"{""loss"": 43.72407531738281, ""mape"": 43.72407531738281, ""mae"": 9.630060195922852, ""val_loss"": 44.340213775634766, ""val_mape"": 44.340213775634766, ""val_mae"": 9.879501342773438, ""lr"": 0.00010000000474974513, ""val_mae12"": 10.891016006469727, ""val_me"": 5.933115077587758, ""val_me12"": 10.853768195354045, ""mape_2021"": 53.6639404296875, ""mae_2021"": 9.239075660705566, ""mae12_2021"": 11.578289985656738, ""me_2021"": 7.179600019639799, ""me12_2021"": 11.530998818558183, ""epochs_trained"": 82}",2026-07-03T16:54:20.660093,completed
2,MAPE,120,3,selu,2,32,0.1,48.64908981323242,11.122629165649414,14.824413299560547,4.153239453107825,14.928340487154692,48.64908981323242,8.490123748779297,15.539722442626953,5.3755487301270195,15.62700244147861,53.72769546508789,"{""loss"": 43.42893600463867, ""mape"": 43.42893600463867, ""mae"": 9.5779390335083, ""val_loss"": 48.64908981323242, ""val_mape"": 48.64908981323242, ""val_mae"": 11.122629165649414, ""lr"": 0.00010000000474974513, ""val_mae12"": 14.824413299560547, ""val_me"": 4.153239453107825, ""val_me12"": 14.928340487154692, ""mape_2021"": 53.72769546508789, ""mae_2021"": 8.490123748779297, ""mae12_2021"": 15.539722442626953, ""me_2021"": 5.3755487301270195, ""me12_2021"": 15.62700244147861, ""epochs_trained"": 90}",2026-07-03T16:54:21.034763,completed
2,MAPE,120,3,selu,2,64,0.1,58.659305572509766,13.568547248840332,16.561830520629883,5.67424192896437,16.688269477340437,58.659305572509766,9.857645034790039,18.053340911865234,6.8676340850030915,18.175984083760177,63.46281433105469,"{""loss"": 46.747039794921875, ""mape"": 46.747039794921875, ""mae"": 10.199583053588867, ""val_loss"": 58.659305572509766, ""val_mape"": 58.659305572509766, ""val_mae"": 13.568547248840332, ""lr"": 0.00010000000474974513, ""val_mae12"": 16.561830520629883, ""val_me"": 5.67424192896437, ""val_me12"": 16.688269477340437, ""mape_2021"": 63.46281433105469, ""mae_2021"": 9.857645034790039, ""mae12_2021"": 18.053340911865234, ""me_2021"": 6.8676340850030915, ""me12_2021"": 18.175984083760177, ""epochs_trained"": 56}",2026-07-03T16:54:29.826691,completed
2,MAPE,120,3,selu,2,64,0.3,98.80477142333984,23.289995193481445,33.136226654052734,1.9089497088117149,33.30589278711941,98.80477142333984,11.18087387084961,35.64009475708008,2.7717490162796015,35.80536578235092,88.64840698242188,"{""loss"": 51.081932067871094, ""mape"": 51.081932067871094, ""mae"": 11.171963691711426, ""val_loss"": 98.80477142333984, ""val_mape"": 98.80477142333984, ""val_mae"": 23.289995193481445, ""lr"": 0.00010000000474974513, ""val_mae12"": 33.136226654052734, ""val_me"": 1.9089497088117149, ""val_me12"": 33.30589278711941, ""mape_2021"": 88.64840698242188, ""mae_2021"": 11.18087387084961, ""mae12_2021"": 35.64009475708008, ""me_2021"": 2.7717490162796015, ""me12_2021"": 35.80536578235092, ""epochs_trained"": 66}",2026-07-03T16:54:30.731690,completed
2,MAPE,120,3,selu,2,32,0.3,49.003055572509766,8.404997825622559,31.252079010009766,1.9264049448067395,31.42533535471213,49.003055572509766,10.705678939819336,33.90443420410156,2.793976014133605,34.07055965974767,84.51380157470703,"{""loss"": 68.941162109375, ""mape"": 68.941162109375, ""mae"": 16.542146682739258, ""val_loss"": 49.003055572509766, ""val_mape"": 49.003055572509766, ""val_mae"": 8.404997825622559, ""lr"": 1.0000000656873453e-05, ""val_mae12"": 31.252079010009766, ""val_me"": 1.9264049448067395, ""val_me12"": 31.42533535471213, ""mape_2021"": 84.51380157470703, ""mae_2021"": 10.705678939819336, ""mae12_2021"": 33.90443420410156, ""me_2021"": 2.793976014133605, ""me12_2021"": 34.07055965974767, ""epochs_trained"": 299}",2026-07-03T16:54:33.919494,completed
2,MAPE,120,3,selu,2,128,0.05,31.202564239501953,7.068994522094727,2.8591420650482178,-1.316369051212583,2.528688339473929,31.202564239501953,5.3550519943237305,2.727574348449707,0.6803264833511976,0.44896059436633023,25.142621994018555,"{""loss"": 21.768083572387695, ""mape"": 21.768083572387695, ""mae"": 4.66709041595459, ""val_loss"": 31.202564239501953, ""val_mape"": 31.202564239501953, ""val_mae"": 7.068994522094727, ""lr"": 0.00010000000474974513, ""val_mae12"": 2.8591420650482178, ""val_me"": -1.316369051212583, ""val_me12"": 2.528688339473929, ""mape_2021"": 25.142621994018555, ""mae_2021"": 5.3550519943237305, ""mae12_2021"": 2.727574348449707, ""me_2021"": 0.6803264833511976, ""me12_2021"": 0.44896059436633023, ""epochs_trained"": 81}",2026-07-03T16:54:43.894913,completed
2,MAPE,120,3,selu,2,128,0.1,45.562774658203125,10.48269271850586,12.336296081542969,-2.075712463932008,12.405752819518908,45.562774658203125,10.034306526184082,12.150997161865234,0.3751036511314974,12.211331435081645,53.494930267333984,"{""loss"": 40.77460479736328, ""mape"": 40.77460479736328, ""mae"": 8.852560043334961, ""val_loss"": 45.562774658203125, ""val_mape"": 45.562774658203125, ""val_mae"": 10.48269271850586, ""lr"": 1.0000000656873453e-05, ""val_mae12"": 12.336296081542969, ""val_me"": -2.075712463932008, ""val_me12"": 12.405752819518908, ""mape_2021"": 53.494930267333984, ""mae_2021"": 10.034306526184082, ""mae12_2021"": 12.150997161865234, ""me_2021"": 0.3751036511314974, ""me12_2021"": 12.211331435081645, ""epochs_trained"": 68}",2026-07-03T16:54:46.355194,completed
2,MAPE,120,3,selu,2,128,0.3,125.37580871582031,29.444849014282227,34.185455322265625,0.20606478719584895,34.336449062712,125.37580871582031,11.236048698425293,35.786685943603516,1.0009494738848508,35.92242114989135,88.944091796875,"{""loss"": 45.3121337890625, ""mape"": 45.3121337890625, ""mae"": 9.759001731872559, ""val_loss"": 125.37580871582031, ""val_mape"": 125.37580871582031, ""val_mae"": 29.444849014282227, ""lr"": 0.00010000000474974513, ""val_mae12"": 34.185455322265625, ""val_me"": 0.20606478719584895, ""val_me12"": 34.336449062712, ""mape_2021"": 88.944091796875, ""mae_2021"": 11.236048698425293, ""mae12_2021"": 35.786685943603516, ""me_2021"": 1.0009494738848508, ""me12_2021"": 35.92242114989135, ""epochs_trained"": 54}",2026-07-03T16:54:46.662664,completed
2,MAPE,120,3,selu,2,32,0.0,5.521495342254639,1.152379035949707,1.1139920949935913,0.07526255770945167,0.5694015334138818,5.521495342254639,1.0059170722961426,1.187538981437683,0.40069728620583367,-0.8928364409246328,5.682679176330566,"{""loss"": 4.550625324249268, ""mape"": 4.550625324249268, ""mae"": 0.96175616979599, ""val_loss"": 5.521495342254639, ""val_mape"": 5.521495342254639, ""val_mae"": 1.152379035949707, ""lr"": 0.00010000000474974513, ""val_mae12"": 1.1139920949935913, ""val_me"": 0.07526255770945167, ""val_me12"": 0.5694015334138818, ""mape_2021"": 5.682679176330566, ""mae_2021"": 1.0059170722961426, ""mae12_2021"": 1.187538981437683, ""me_2021"": 0.40069728620583367, ""me12_2021"": -0.8928364409246328, ""epochs_trained"": 611}",2026-07-03T16:54:51.831670,completed
2,MAPE,120,3,selu,2,64,0.0,4.044427871704102,0.844635009765625,0.9432060122489929,-0.2350043656430724,0.29823306884627865,4.044427871704102,0.8109899759292603,1.1326364278793335,0.11738604543587842,-0.8387908631841291,4.85224723815918,"{""loss"": 3.5738651752471924, ""mape"": 3.5738651752471924, ""mae"": 0.7359561324119568, ""val_loss"": 4.044427871704102, ""val_mape"": 4.044427871704102, ""val_mae"": 0.844635009765625, ""lr"": 0.00010000000474974513, ""val_mae12"": 0.9432060122489929, ""val_me"": -0.2350043656430724, ""val_me12"": 0.29823306884627865, ""mape_2021"": 4.85224723815918, ""mae_2021"": 0.8109899759292603, ""mae12_2021"": 1.1326364278793335, ""me_2021"": 0.11738604543587842, ""me12_2021"": -0.8387908631841291, ""epochs_trained"": 617}",2026-07-03T16:54:52.536573,completed
2,MAPE,120,3,selu,2,128,0.0,3.7479236125946045,0.7662844061851501,1.2465908527374268,-0.31894098730571563,0.7406296873326987,3.7479236125946045,0.7208325266838074,0.895819365978241,0.059152477040944236,-0.4979809031968819,4.145421028137207,"{""loss"": 3.2461936473846436, ""mape"": 3.2461936473846436, ""mae"": 0.6561275720596313, ""val_loss"": 3.7479236125946045, ""val_mape"": 3.7479236125946045, ""val_mae"": 0.7662844061851501, ""lr"": 0.00010000000474974513, ""val_mae12"": 1.2465908527374268, ""val_me"": -0.31894098730571563, ""val_me12"": 0.7406296873326987, ""mape_2021"": 4.145421028137207, ""mae_2021"": 0.7208325266838074, ""mae12_2021"": 0.895819365978241, ""me_2021"": 0.059152477040944236, ""me12_2021"": -0.4979809031968819, ""epochs_trained"": 487}",2026-07-03T16:54:55.493730,completed
2,MAPE,120,3,selu,2,256,0.3,157.80047607421875,37.01919174194336,32.11803436279297,1.5657134524754477,32.270505817715886,157.80047607421875,10.933695793151855,34.10069274902344,2.3098728554268733,34.236399707124804,85.40470886230469,"{""loss"": 42.643463134765625, ""mape"": 42.643463134765625, ""mae"": 9.16922378540039, ""val_loss"": 157.80047607421875, ""val_mape"": 157.80047607421875, ""val_mae"": 37.01919174194336, ""lr"": 0.00010000000474974513, ""val_mae12"": 32.11803436279297, ""val_me"": 1.5657134524754477, ""val_me12"": 32.270505817715886, ""mape_2021"": 85.40470886230469, ""mae_2021"": 10.933695793151855, ""mae12_2021"": 34.10069274902344, ""me_2021"": 2.3098728554268733, ""me12_2021"": 34.236399707124804, ""epochs_trained"": 45}",2026-07-03T16:55:18.985326,completed
2,MAPE,120,3,selu,2,256,0.1,55.257991790771484,12.87005615234375,7.403655529022217,-1.302843721671995,7.428253348071574,55.257991790771484,7.600619792938232,6.141438007354736,1.0345694350884749,6.144948842606671,37.37138366699219,"{""loss"": 26.573261260986328, ""mape"": 26.573261260986328, ""mae"": 5.887836933135986, ""val_loss"": 55.257991790771484, ""val_mape"": 55.257991790771484, ""val_mae"": 12.87005615234375, ""lr"": 0.00010000000474974513, ""val_mae12"": 7.403655529022217, ""val_me"": -1.302843721671995, ""val_me12"": 7.428253348071574, ""mape_2021"": 37.37138366699219, ""mae_2021"": 7.600619792938232, ""mae12_2021"": 6.141438007354736, ""me_2021"": 1.0345694350884749, ""me12_2021"": 6.144948842606671, ""epochs_trained"": 53}",2026-07-03T16:55:19.345227,completed
2,MAPE,120,3,selu,2,256,0.05,33.35308837890625,7.351766109466553,3.0236499309539795,1.713074524348041,2.816606785014566,33.35308837890625,5.950429916381836,2.05031156539917,3.785298088115513,0.8625496363137519,27.344024658203125,"{""loss"": 22.6896915435791, ""mape"": 22.6896915435791, ""mae"": 4.914978981018066, ""val_loss"": 33.35308837890625, ""val_mape"": 33.35308837890625, ""val_mae"": 7.351766109466553, ""lr"": 0.00010000000474974513, ""val_mae12"": 3.0236499309539795, ""val_me"": 1.713074524348041, ""val_me12"": 2.816606785014566, ""mape_2021"": 27.344024658203125, ""mae_2021"": 5.950429916381836, ""mae12_2021"": 2.05031156539917, ""me_2021"": 3.785298088115513, ""me12_2021"": 0.8625496363137519, ""epochs_trained"": 54}",2026-07-03T16:55:19.386234,completed
2,MAPE,120,3,selu,3,16,0.05,39.40721130371094,8.69771957397461,10.029701232910156,4.899383266787872,10.109829799706548,39.40721130371094,7.507884502410889,10.576349258422852,5.890967068212742,10.631242919005238,45.53565979003906,"{""loss"": 41.10664749145508, ""mape"": 41.10664749145508, ""mae"": 9.070356369018555, ""val_loss"": 39.40721130371094, ""val_mape"": 39.40721130371094, ""val_mae"": 8.69771957397461, ""lr"": 0.00010000000474974513, ""val_mae12"": 10.029701232910156, ""val_me"": 4.899383266787872, ""val_me12"": 10.109829799706548, ""mape_2021"": 45.53565979003906, ""mae_2021"": 7.507884502410889, ""mae12_2021"": 10.576349258422852, ""me_2021"": 5.890967068212742, ""me12_2021"": 10.631242919005238, ""epochs_trained"": 112}",2026-07-03T16:55:22.299678,completed
2,MAPE,120,3,selu,3,16,0.3,103.35540008544922,21.70073699951172,16.834522247314453,18.854694403856612,16.95050699127804,103.35540008544922,20.532791137695312,18.535846710205078,17.75805345344316,18.64882804423963,99.75358581542969,"{""loss"": 88.45384216308594, ""mape"": 88.45384216308594, ""mae"": 22.07894515991211, ""val_loss"": 103.35540008544922, ""val_mape"": 103.35540008544922, ""val_mae"": 21.70073699951172, ""lr"": 0.00010000000474974513, ""val_mae12"": 16.834522247314453, ""val_me"": 18.854694403856612, ""val_me12"": 16.95050699127804, ""mape_2021"": 99.75358581542969, ""mae_2021"": 20.532791137695312, ""mae12_2021"": 18.535846710205078, ""me_2021"": 17.75805345344316, ""me12_2021"": 18.64882804423963, ""epochs_trained"": 47}",2026-07-03T16:55:28.999734,completed
2,MAPE,120,3,selu,3,16,0.1,53.37451171875,11.958850860595703,17.442289352416992,4.3669129829753395,17.560062332641962,53.37451171875,8.445765495300293,18.927658081054688,5.214783653780868,19.047840442076385,58.613433837890625,"{""loss"": 48.45835494995117, ""mape"": 48.45835494995117, ""mae"": 10.664595603942871, ""val_loss"": 53.37451171875, ""val_mape"": 53.37451171875, ""val_mae"": 11.958850860595703, ""lr"": 0.00010000000474974513, ""val_mae12"": 17.442289352416992, ""val_me"": 4.3669129829753395, ""val_me12"": 17.560062332641962, ""mape_2021"": 58.613433837890625, ""mae_2021"": 8.445765495300293, ""mae12_2021"": 18.927658081054688, ""me_2021"": 5.214783653780868, ""me12_2021"": 19.047840442076385, ""epochs_trained"": 90}",2026-07-03T16:55:31.358998,completed
2,MAPE,120,3,selu,3,32,0.05,44.372283935546875,10.204876899719238,11.218026161193848,4.881963876584268,11.314785959065619,44.372283935546875,7.409799098968506,12.480040550231934,5.613290988467276,12.574057604685486,48.104801177978516,"{""loss"": 37.81988525390625, ""mape"": 37.81988525390625, ""mae"": 8.224286079406738, ""val_loss"": 44.372283935546875, ""val_mape"": 44.372283935546875, ""val_mae"": 10.204876899719238, ""lr"": 0.00010000000474974513, ""val_mae12"": 11.218026161193848, ""val_me"": 4.881963876584268, ""val_me12"": 11.314785959065619, ""mape_2021"": 48.104801177978516, ""mae_2021"": 7.409799098968506, ""mae12_2021"": 12.480040550231934, ""me_2021"": 5.613290988467276, ""me12_2021"": 12.574057604685486, ""epochs_trained"": 64}",2026-07-03T16:55:33.515510,completed
2,MAPE,120,3,selu,3,32,0.1,65.05888366699219,15.91076946258545,22.39240074157715,2.082181671534596,22.50931248799008,65.05888366699219,8.488112449645996,24.094924926757812,2.8917233660313335,24.212236222551436,64.47529602050781,"{""loss"": 43.34877014160156, ""mape"": 43.34877014160156, ""mae"": 9.705727577209473, ""val_loss"": 65.05888366699219, ""val_mape"": 65.05888366699219, ""val_mae"": 15.91076946258545, ""lr"": 0.00010000000474974513, ""val_mae12"": 22.39240074157715, ""val_me"": 2.082181671534596, ""val_me12"": 22.50931248799008, ""mape_2021"": 64.47529602050781, ""mae_2021"": 8.488112449645996, ""mae12_2021"": 24.094924926757812, ""me_2021"": 2.8917233660313335, ""me12_2021"": 24.212236222551436, ""epochs_trained"": 66}",2026-07-03T16:55:39.973494,completed
2,MAPE,120,3,selu,3,32,0.3,112.4172134399414,20.942487716674805,17.584779739379883,16.668885873019125,17.687718505572672,112.4172134399414,19.217382431030273,19.032644271850586,15.965521268314314,19.139996673479736,95.40584564208984,"{""loss"": 82.85841369628906, ""mape"": 82.85841369628906, ""mae"": 20.84161376953125, ""val_loss"": 112.4172134399414, ""val_mape"": 112.4172134399414, ""val_mae"": 20.942487716674805, ""lr"": 0.00010000000474974513, ""val_mae12"": 17.584779739379883, ""val_me"": 16.668885873019125, ""val_me12"": 17.687718505572672, ""mape_2021"": 95.40584564208984, ""mae_2021"": 19.217382431030273, ""mae12_2021"": 19.032644271850586, ""me_2021"": 15.965521268314314, ""me12_2021"": 19.139996673479736, ""epochs_trained"": 39}",2026-07-03T16:55:40.581034,completed
2,MAPE,120,3,selu,3,16,0.0,5.702042579650879,1.2012336254119873,1.227575659751892,0.17518527298869085,0.8845704704612045,5.702042579650879,1.0166908502578735,0.9447142481803894,0.2995001535662758,-0.43901038971923634,5.348816871643066,"{""loss"": 4.7359418869018555, ""mape"": 4.7359418869018555, ""mae"": 1.0138436555862427, ""val_loss"": 5.702042579650879, ""val_mape"": 5.702042579650879, ""val_mae"": 1.2012336254119873, ""lr"": 1.0000000656873453e-05, ""val_mae12"": 1.227575659751892, ""val_me"": 0.17518527298869085, ""val_me12"": 0.8845704704612045, ""mape_2021"": 5.348816871643066, ""mae_2021"": 1.0166908502578735, ""mae12_2021"": 0.9447142481803894, ""me_2021"": 0.2995001535662758, ""me12_2021"": -0.43901038971923634, ""epochs_trained"": 547}",2026-07-03T16:55:47.755177,completed
2,MAPE,120,3,selu,3,32,0.0,3.910837173461914,0.7883667349815369,1.074523687362671,-0.1866338331171621,0.44167069088557737,3.910837173461914,0.7213887572288513,0.8857129216194153,0.13393061010773594,-0.5104288122349818,4.113216400146484,"{""loss"": 3.2419090270996094, ""mape"": 3.2419090270996094, ""mae"": 0.6612942814826965, ""val_loss"": 3.910837173461914, ""val_mape"": 3.910837173461914, ""val_mae"": 0.7883667349815369, ""lr"": 0.00010000000474974513, ""val_mae12"": 1.074523687362671, ""val_me"": -0.1866338331171621, ""val_me12"": 0.44167069088557737, ""mape_2021"": 4.113216400146484, ""mae_2021"": 0.7213887572288513, ""mae12_2021"": 0.8857129216194153, ""me_2021"": 0.13393061010773594, ""me12_2021"": -0.5104288122349818, ""epochs_trained"": 559}",2026-07-03T16:55:56.793145,completed
2,MAPE,120,3,selu,2,256,0.0,3.7044758796691895,0.7323265075683594,1.248520016670227,-0.33270499154946037,0.7640767783500109,3.7044758796691895,0.7144935131072998,0.968336284160614,0.06074289050068813,-0.42015347905823536,4.213602066040039,"{""loss"": 3.0102272033691406, ""mape"": 3.0102272033691406, ""mae"": 0.6084868311882019, ""val_loss"": 3.7044758796691895, ""val_mape"": 3.7044758796691895, ""val_mae"": 0.7323265075683594, ""lr"": 1.0000000656873453e-05, ""val_mae12"": 1.248520016670227, ""val_me"": -0.33270499154946037, ""val_me12"": 0.7640767783500109, ""mape_2021"": 4.213602066040039, ""mae_2021"": 0.7144935131072998, ""mae12_2021"": 0.968336284160614, ""me_2021"": 0.06074289050068813, ""me12_2021"": -0.42015347905823536, ""epochs_trained"": 1102}",2026-07-03T16:56:25.589055,completed
2,MAPE,120,3,selu,3,64,0.3,111.54530334472656,18.74451446533203,17.663288116455078,18.48345634326374,17.767688811100765,111.54530334472656,20.798702239990234,19.239246368408203,17.610326171503072,19.350681156177824,101.4501724243164,"{""loss"": 78.07833862304688, ""mape"": 78.07833862304688, ""mae"": 19.345277786254883, ""val_loss"": 111.54530334472656, ""val_mape"": 111.54530334472656, ""val_mae"": 18.74451446533203, ""lr"": 0.00010000000474974513, ""val_mae12"": 17.663288116455078, ""val_me"": 18.48345634326374, ""val_me12"": 17.767688811100765, ""mape_2021"": 101.4501724243164, ""mae_2021"": 20.798702239990234, ""mae12_2021"": 19.239246368408203, ""me_2021"": 17.610326171503072, ""me12_2021"": 19.350681156177824, ""epochs_trained"": 35}",2026-07-03T16:56:43.017484,completed
2,MAPE,120,3,selu,3,64,0.1,61.78227615356445,15.023703575134277,16.38816261291504,3.113129885193633,16.4703785169262,61.78227615356445,7.667780876159668,17.357357025146484,4.088847377409236,17.42793751119856,53.92482376098633,"{""loss"": 36.1474609375, ""mape"": 36.1474609375, ""mae"": 8.03091049194336, ""val_loss"": 61.78227615356445, ""val_mape"": 61.78227615356445, ""val_mae"": 15.023703575134277, ""lr"": 0.00010000000474974513, ""val_mae12"": 16.38816261291504, ""val_me"": 3.113129885193633, ""val_me12"": 16.4703785169262, ""mape_2021"": 53.92482376098633, ""mae_2021"": 7.667780876159668, ""mae12_2021"": 17.357357025146484, ""me_2021"": 4.088847377409236, ""me12_2021"": 17.42793751119856, ""epochs_trained"": 49}",2026-07-03T16:56:43.645484,completed
2,MAPE,120,3,selu,3,128,0.05,35.23619842529297,8.182290077209473,3.715540885925293,0.023497669102882694,3.7190896415944787,35.23619842529297,5.923887729644775,2.4728658199310303,2.2054963795824376,2.4175010894554134,26.793643951416016,"{""loss"": 20.818246841430664, ""mape"": 20.818246841430664, ""mae"": 4.63288688659668, ""val_loss"": 35.23619842529297, ""val_mape"": 35.23619842529297, ""val_mae"": 8.182290077209473, ""lr"": 0.00010000000474974513, ""val_mae12"": 3.715540885925293, ""val_me"": 0.023497669102882694, ""val_me12"": 3.7190896415944787, ""mape_2021"": 26.793643951416016, ""mae_2021"": 5.923887729644775, ""mae12_2021"": 2.4728658199310303, ""me_2021"": 2.2054963795824376, ""me12_2021"": 2.4175010894554134, ""epochs_trained"": 53}",2026-07-03T16:56:43.855570,completed
2,MAPE,120,3,selu,3,64,0.05,30.718273162841797,7.26554012298584,6.400618553161621,-0.2894073952417476,6.429167117320598,30.718273162841797,6.559017181396484,5.816834926605225,1.74358255455815,5.840987707987488,33.42209243774414,"{""loss"": 24.45025634765625, ""mape"": 24.45025634765625, ""mae"": 5.445252418518066, ""val_loss"": 30.718273162841797, ""val_mape"": 30.718273162841797, ""val_mae"": 7.26554012298584, ""lr"": 0.00010000000474974513, ""val_mae12"": 6.400618553161621, ""val_me"": -0.2894073952417476, ""val_me12"": 6.429167117320598, ""mape_2021"": 33.42209243774414, ""mae_2021"": 6.559017181396484, ""mae12_2021"": 5.816834926605225, ""me_2021"": 1.74358255455815, ""me12_2021"": 5.840987707987488, ""epochs_trained"": 66}",2026-07-03T16:56:44.461090,completed
2,MAPE,120,3,selu,3,128,0.1,55.519290924072266,13.453619956970215,21.576229095458984,3.3128095444452312,21.69046802616137,55.519290924072266,9.215312004089355,22.89510726928711,4.161428674304415,22.992235924616516,65.85533905029297,"{""loss"": 31.959726333618164, ""mape"": 31.959726333618164, ""mae"": 7.166277885437012, ""val_loss"": 55.519290924072266, ""val_mape"": 55.519290924072266, ""val_mae"": 13.453619956970215, ""lr"": 0.00010000000474974513, ""val_mae12"": 21.576229095458984, ""val_me"": 3.3128095444452312, ""val_me12"": 21.69046802616137, ""mape_2021"": 65.85533905029297, ""mae_2021"": 9.215312004089355, ""mae12_2021"": 22.89510726928711, ""me_2021"": 4.161428674304415, ""me12_2021"": 22.992235924616516, ""epochs_trained"": 41}",2026-07-03T16:57:01.095939,completed
2,MAPE,120,3,selu,3,128,0.3,88.85494232177734,14.29423713684082,54.610599517822266,-4.782396830367132,54.80686860528824,88.85494232177734,14.873644828796387,58.0387077331543,-4.7325704892799605,58.24126296930131,134.01234436035156,"{""loss"": 70.47225952148438, ""mape"": 70.47225952148438, ""mae"": 17.03742027282715, ""val_loss"": 88.85494232177734, ""val_mape"": 88.85494232177734, ""val_mae"": 14.29423713684082, ""lr"": 1.0000000656873453e-05, ""val_mae12"": 54.610599517822266, ""val_me"": -4.782396830367132, ""val_me12"": 54.80686860528824, ""mape_2021"": 134.01234436035156, ""mae_2021"": 14.873644828796387, ""mae12_2021"": 58.0387077331543, ""me_2021"": -4.7325704892799605, ""me12_2021"": 58.24126296930131, ""epochs_trained"": 70}",2026-07-03T16:57:03.695518,completed
2,MAPE,120,3,selu,3,128,0.0,3.789607286453247,0.7780491709709167,1.1019591093063354,-0.355456063957333,0.6282643804551902,3.789607286453247,0.6958578824996948,1.0285974740982056,0.06152950046464104,-0.5794529895807393,4.31466817855835,"{""loss"": 3.1743392944335938, ""mape"": 3.1743392944335938, ""mae"": 0.6375699639320374, ""val_loss"": 3.789607286453247, ""val_mape"": 3.789607286453247, ""val_mae"": 0.7780491709709167, ""lr"": 0.00010000000474974513, ""val_mae12"": 1.1019591093063354, ""val_me"": -0.355456063957333, ""val_me12"": 0.6282643804551902, ""mape_2021"": 4.31466817855835, ""mae_2021"": 0.6958578824996948, ""mae12_2021"": 1.0285974740982056, ""me_2021"": 0.06152950046464104, ""me12_2021"": -0.5794529895807393, ""epochs_trained"": 225}",2026-07-03T16:57:03.893519,completed
2,MAPE,120,3,selu,3,256,0.05,31.93206024169922,7.2412800788879395,5.275358200073242,-2.0785219944234314,-0.35204158772286726,31.93206024169922,5.373431205749512,6.1792893409729,-0.059097012530293216,-3.410916383637814,29.838491439819336,"{""loss"": 17.269990921020508, ""mape"": 17.269990921020508, ""mae"": 3.6745123863220215, ""val_loss"": 31.93206024169922, ""val_mape"": 31.93206024169922, ""val_mae"": 7.2412800788879395, ""lr"": 0.00010000000474974513, ""val_mae12"": 5.275358200073242, ""val_me"": -2.0785219944234314, ""val_me12"": -0.35204158772286726, ""mape_2021"": 29.838491439819336, ""mae_2021"": 5.373431205749512, ""mae12_2021"": 6.1792893409729, ""me_2021"": -0.059097012530293216, ""me12_2021"": -3.410916383637814, ""epochs_trained"": 45}",2026-07-03T16:57:04.654518,completed
2,MAPE,120,3,selu,3,256,0.1,66.46305084228516,15.999446868896484,15.701034545898438,1.7359569706597138,15.782115461171331,66.46305084228516,8.740617752075195,16.046207427978516,3.1760258444665213,16.13000467003888,55.489418029785156,"{""loss"": 23.680322647094727, ""mape"": 23.680322647094727, ""mae"": 5.1819233894348145, ""val_loss"": 66.46305084228516, ""val_mape"": 66.46305084228516, ""val_mae"": 15.999446868896484, ""lr"": 0.00010000000474974513, ""val_mae12"": 15.701034545898438, ""val_me"": 1.7359569706597138, ""val_me12"": 15.782115461171331, ""mape_2021"": 55.489418029785156, ""mae_2021"": 8.740617752075195, ""mae12_2021"": 16.046207427978516, ""me_2021"": 3.1760258444665213, ""me12_2021"": 16.13000467003888, ""epochs_trained"": 36}",2026-07-03T16:57:15.301077,completed
2,MAPE,120,3,selu,3,256,0.0,4.110599517822266,0.8808038234710693,1.0779564380645752,-0.31893604613585325,0.6418762175864113,4.110599517822266,0.7130414247512817,1.0024052858352661,0.11345208641396211,-0.5479129601572211,4.356281757354736,"{""loss"": 3.5370535850524902, ""mape"": 3.5370535850524902, ""mae"": 0.7195063829421997, ""val_loss"": 4.110599517822266, ""val_mape"": 4.110599517822266, ""val_mae"": 0.8808038234710693, ""lr"": 0.00010000000474974513, ""val_mae12"": 1.0779564380645752, ""val_me"": -0.31893604613585325, ""val_me12"": 0.6418762175864113, ""mape_2021"": 4.356281757354736, ""mae_2021"": 0.7130414247512817, ""mae12_2021"": 1.0024052858352661, ""me_2021"": 0.11345208641396211, ""me12_2021"": -0.5479129601572211, ""epochs_trained"": 151}",2026-07-03T16:57:15.330077,completed
2,MAPE,120,3,selu,3,64,0.0,3.9171626567840576,0.7807176113128662,1.0878880023956299,-0.18690148457353584,0.4570047000406027,3.9171626567840576,0.7586275935173035,1.164786458015442,0.16035366950899366,-0.8931811235819651,4.7224321365356445,"{""loss"": 3.3820955753326416, ""mape"": 3.3820955753326416, ""mae"": 0.6829243302345276, ""val_loss"": 3.9171626567840576, ""val_mape"": 3.9171626567840576, ""val_mae"": 0.7807176113128662, ""lr"": 0.00010000000474974513, ""val_mae12"": 1.0878880023956299, ""val_me"": -0.18690148457353584, ""val_me12"": 0.4570047000406027, ""mape_2021"": 4.7224321365356445, ""mae_2021"": 0.7586275935173035, ""mae12_2021"": 1.164786458015442, ""me_2021"": 0.16035366950899366, ""me12_2021"": -0.8931811235819651, ""epochs_trained"": 356}",2026-07-03T16:57:15.352077,completed
2,MAPE,120,3,selu,3,256,0.3,307.3179626464844,69.29249572753906,40.7823486328125,6.574485896895755,40.92529259443688,307.3179626464844,19.85033416748047,42.91413116455078,5.996884493379169,43.05398633218866,129.79647827148438,"{""loss"": 40.41049575805664, ""mape"": 40.41049575805664, ""mae"": 8.65841293334961, ""val_loss"": 307.3179626464844, ""val_mape"": 307.3179626464844, ""val_mae"": 69.29249572753906, ""lr"": 0.00010000000474974513, ""val_mae12"": 40.7823486328125, ""val_me"": 6.574485896895755, ""val_me12"": 40.92529259443688, ""mape_2021"": 129.79647827148438, ""mae_2021"": 19.85033416748047, ""mae12_2021"": 42.91413116455078, ""me_2021"": 5.996884493379169, ""me12_2021"": 43.05398633218866, ""epochs_trained"": 37}",2026-07-03T16:57:16.551191,completed
3,MAPE,120,3,leaky_relu,3,64,0.3,4.9087347984313965,0.9068186283111572,2.2782397270202637,0.22229229076020424,2.0601571941610066,4.9087347984313965,1.0631345510482788,1.1510118246078491,0.6759663343696235,0.5172385805346397,5.894190788269043,"{""loss"": 12.760839462280273, ""mape"": 12.760839462280273, ""mae"": 2.9209346771240234, ""val_loss"": 4.9087347984313965, ""val_mape"": 4.9087347984313965, ""val_mae"": 0.9068186283111572, ""lr"": 0.00010000000474974513, ""val_mae12"": 2.2782397270202637, ""val_me"": 0.22229229076020424, ""val_me12"": 2.0601571941610066, ""mape_2021"": 5.894190788269043, ""mae_2021"": 1.0631345510482788, ""mae12_2021"": 1.1510118246078491, ""me_2021"": 0.6759663343696235, ""me12_2021"": 0.5172385805346397, ""epochs_trained"": 385}",2026-07-03T16:58:16.371105,completed
3,MAPE,120,3,leaky_relu,3,128,0.05,3.9293596744537354,0.7463366389274597,1.8333961963653564,-0.18562082248726097,1.4304386830758067,3.9293596744537354,0.7520264387130737,1.3762346506118774,0.16857423487942005,0.3167552381089489,4.653776168823242,"{""loss"": 4.872402191162109, ""mape"": 4.872402191162109, ""mae"": 1.0494370460510254, ""val_loss"": 3.9293596744537354, ""val_mape"": 3.9293596744537354, ""val_mae"": 0.7463366389274597, ""lr"": 0.00010000000474974513, ""val_mae12"": 1.8333961963653564, ""val_me"": -0.18562082248726097, ""val_me12"": 1.4304386830758067, ""mape_2021"": 4.653776168823242, ""mae_2021"": 0.7520264387130737, ""mae12_2021"": 1.3762346506118774, ""me_2021"": 0.16857423487942005, ""me12_2021"": 0.3167552381089489, ""epochs_trained"": 458}",2026-07-03T16:58:22.342349,completed
3,MAPE,120,3,leaky_relu,3,64,0.05,3.9774351119995117,0.7391493320465088,1.8470171689987183,-0.16674090936248773,1.4023583068926924,3.9774351119995117,0.813242495059967,1.3149704933166504,0.1810765605022931,0.3413612153889453,5.005861282348633,"{""loss"": 6.21931266784668, ""mape"": 6.21931266784668, ""mae"": 1.357469916343689, ""val_loss"": 3.9774351119995117, ""val_mape"": 3.9774351119995117, ""val_mae"": 0.7391493320465088, ""lr"": 1.0000000656873453e-05, ""val_mae12"": 1.8470171689987183, ""val_me"": -0.16674090936248773, ""val_me12"": 1.4023583068926924, ""mape_2021"": 5.005861282348633, ""mae_2021"": 0.813242495059967, ""mae12_2021"": 1.3149704933166504, ""me_2021"": 0.1810765605022931, ""me12_2021"": 0.3413612153889453, ""epochs_trained"": 486}",2026-07-03T16:58:24.982160,completed
3,MAPE,120,3,leaky_relu,3,64,0.0,4.555494785308838,0.8181787729263306,1.896835446357727,-0.3118714072419399,1.5921656870107135,4.555494785308838,0.8865599036216736,1.3640270233154297,-0.001485699396631751,0.5662378957658503,5.2213921546936035,"{""loss"": 3.633124351501465, ""mape"": 3.633124351501465, ""mae"": 0.7309504747390747, ""val_loss"": 4.555494785308838, ""val_mape"": 4.555494785308838, ""val_mae"": 0.8181787729263306, ""lr"": 0.00010000000474974513, ""val_mae12"": 1.896835446357727, ""val_me"": -0.3118714072419399, ""val_me12"": 1.5921656870107135, ""mape_2021"": 5.2213921546936035, ""mae_2021"": 0.8865599036216736, ""mae12_2021"": 1.3640270233154297, ""me_2021"": -0.001485699396631751, ""me12_2021"": 0.5662378957658503, ""epochs_trained"": 536}",2026-07-03T16:58:30.703203,completed
3,MAPE,120,3,leaky_relu,3,64,0.1,3.5479559898376465,0.6489067673683167,1.6227669715881348,-0.20260736159173146,1.2787737989659995,3.5479559898376465,0.6844335198402405,0.9111068844795227,0.2573555574891636,-0.06764199752106223,3.9346764087677,"{""loss"": 6.7989325523376465, ""mape"": 6.7989325523376465, ""mae"": 1.5328007936477661, ""val_loss"": 3.5479559898376465, ""val_mape"": 3.5479559898376465, ""val_mae"": 0.6489067673683167, ""lr"": 1.0000000656873453e-05, ""val_mae12"": 1.6227669715881348, ""val_me"": -0.20260736159173146, ""val_me12"": 1.2787737989659995, ""mape_2021"": 3.9346764087677, ""mae_2021"": 0.6844335198402405, ""mae12_2021"": 0.9111068844795227, ""me_2021"": 0.2573555574891636, ""me12_2021"": -0.06764199752106223, ""epochs_trained"": 600}",2026-07-03T16:58:57.457900,completed
3,MAPE,120,3,leaky_relu,3,256,0.0,6.56979513168335,1.1927119493484497,2.7391018867492676,0.29373234324964387,2.4078757528213743,6.56979513168335,1.2621582746505737,2.4384889602661133,0.47693586309549096,1.8350924565102817,7.867532253265381,"{""loss"": 5.094233512878418, ""mape"": 5.094233512878418, ""mae"": 1.0222896337509155, ""val_loss"": 6.56979513168335, ""val_mape"": 6.56979513168335, ""val_mae"": 1.1927119493484497, ""lr"": 0.00010000000474974513, ""val_mae12"": 2.7391018867492676, ""val_me"": 0.29373234324964387, ""val_me12"": 2.4078757528213743, ""mape_2021"": 7.867532253265381, ""mae_2021"": 1.2621582746505737, ""mae12_2021"": 2.4384889602661133, ""me_2021"": 0.47693586309549096, ""me12_2021"": 1.8350924565102817, ""epochs_trained"": 236}",2026-07-03T16:59:32.169254,completed
3,MAPE,120,3,leaky_relu,3,128,0.1,3.336531639099121,0.6361749768257141,1.2004598379135132,-0.07143657668893806,0.7070797262968849,3.336531639099121,0.7202770709991455,0.9890808463096619,0.3428609725208107,-0.35917499692580274,4.246168613433838,"{""loss"": 5.486932754516602, ""mape"": 5.486932754516602, ""mae"": 1.2088887691497803, ""val_loss"": 3.336531639099121, ""val_mape"": 3.336531639099121, ""val_mae"": 0.6361749768257141, ""lr"": 0.00010000000474974513, ""val_mae12"": 1.2004598379135132, ""val_me"": -0.07143657668893806, ""val_me12"": 0.7070797262968849, ""mape_2021"": 4.246168613433838, ""mae_2021"": 0.7202770709991455, ""mae12_2021"": 0.9890808463096619, ""me_2021"": 0.3428609725208107, ""me12_2021"": -0.35917499692580274, ""epochs_trained"": 439}",2026-07-03T16:59:45.803924,completed
3,MAPE,120,3,leaky_relu,3,128,0.3,3.323270797729492,0.6229028701782227,1.2991694211959839,0.010388557441601652,0.8468264009741058,3.323270797729492,0.7738470435142517,1.176491141319275,0.47845985266959884,-0.5722462731698548,4.600607872009277,"{""loss"": 8.760197639465332, ""mape"": 8.760197639465332, ""mae"": 1.9766223430633545, ""val_loss"": 3.323270797729492, ""val_mape"": 3.323270797729492, ""val_mae"": 0.6229028701782227, ""lr"": 0.00010000000474974513, ""val_mae12"": 1.2991694211959839, ""val_me"": 0.010388557441601652, ""val_me12"": 0.8468264009741058, ""mape_2021"": 4.600607872009277, ""mae_2021"": 0.7738470435142517, ""mae12_2021"": 1.176491141319275, ""me_2021"": 0.47845985266959884, ""me12_2021"": -0.5722462731698548, ""epochs_trained"": 402}",2026-07-03T16:59:51.100224,completed
3,MAPE,120,3,leaky_relu,3,256,0.05,3.913029909133911,0.6908595561981201,2.067474126815796,-0.1512471481663071,1.6944848490771034,3.913029909133911,0.7510215044021606,1.4162296056747437,0.165460274101865,0.8188315593904417,4.788142204284668,"{""loss"": 4.235940456390381, ""mape"": 4.235940456390381, ""mae"": 0.903468668460846, ""val_loss"": 3.913029909133911, ""val_mape"": 3.913029909133911, ""val_mae"": 0.6908595561981201, ""lr"": 0.00010000000474974513, ""val_mae12"": 2.067474126815796, ""val_me"": -0.1512471481663071, ""val_me12"": 1.6944848490771034, ""mape_2021"": 4.788142204284668, ""mae_2021"": 0.7510215044021606, ""mae12_2021"": 1.4162296056747437, ""me_2021"": 0.165460274101865, ""me12_2021"": 0.8188315593904417, ""epochs_trained"": 349}",2026-07-03T17:00:14.343088,completed
3,MAPE,120,3,leaky_relu,3,128,0.0,4.130432605743408,0.7773845195770264,1.6481393575668335,-0.35975200680691605,1.3044502209688384,4.130432605743408,0.8044512271881104,1.08656907081604,-0.029084765526638617,0.47124488346395055,4.8259196281433105,"{""loss"": 2.9560115337371826, ""mape"": 2.9560115337371826, ""mae"": 0.616691529750824, ""val_loss"": 4.130432605743408, ""val_mape"": 4.130432605743408, ""val_mae"": 0.7773845195770264, ""lr"": 1.0000000656873453e-05, ""val_mae12"": 1.6481393575668335, ""val_me"": -0.35975200680691605, ""val_me12"": 1.3044502209688384, ""mape_2021"": 4.8259196281433105, ""mae_2021"": 0.8044512271881104, ""mae12_2021"": 1.08656907081604, ""me_2021"": -0.029084765526638617, ""me12_2021"": 0.47124488346395055, ""epochs_trained"": 1131}",2026-07-03T17:00:15.009045,completed
3,MAPE,120,3,leaky_relu,3,256,0.1,3.7505109310150146,0.7062679529190063,1.6018966436386108,-0.054973954133620356,1.1077515989630966,3.7505109310150146,0.7333670854568481,1.1473749876022339,0.2882001558767688,0.115878716196511,4.358151912689209,"{""loss"": 4.635964393615723, ""mape"": 4.635964393615723, ""mae"": 1.0048552751541138, ""val_loss"": 3.7505109310150146, ""val_mape"": 3.7505109310150146, ""val_mae"": 0.7062679529190063, ""lr"": 0.00010000000474974513, ""val_mae12"": 1.6018966436386108, ""val_me"": -0.054973954133620356, ""val_me12"": 1.1077515989630966, ""mape_2021"": 4.358151912689209, ""mae_2021"": 0.7333670854568481, ""mae12_2021"": 1.1473749876022339, ""me_2021"": 0.2882001558767688, ""me12_2021"": 0.115878716196511, ""epochs_trained"": 348}",2026-07-03T17:00:29.877949,completed
3,MAPE,120,3,leaky_relu,3,256,0.3,3.2002170085906982,0.6264731287956238,1.2018507719039917,-0.02581092823455449,0.7061879826601721,3.2002170085906982,0.7039056420326233,0.9176521897315979,0.39119014874306424,-0.2567764619132938,4.035349369049072,"{""loss"": 6.827276229858398, ""mape"": 6.827276229858398, ""mae"": 1.5232409238815308, ""val_loss"": 3.2002170085906982, ""val_mape"": 3.2002170085906982, ""val_mae"": 0.6264731287956238, ""lr"": 1.0000000656873453e-05, ""val_mae12"": 1.2018507719039917, ""val_me"": -0.02581092823455449, ""val_me12"": 0.7061879826601721, ""mape_2021"": 4.035349369049072, ""mae_2021"": 0.7039056420326233, ""mae12_2021"": 0.9176521897315979, ""me_2021"": 0.39119014874306424, ""me12_2021"": -0.2567764619132938, ""epochs_trained"": 346}",2026-07-03T17:00:40.069949,completed
3,MAPE,120,3,selu,1,32,0.05,45.77523422241211,9.365981101989746,10.198750495910645,6.906844718612316,9.536947531219594,45.77523422241211,10.463947296142578,10.597818374633789,8.468370659614294,9.846342481102715,57.7996826171875,"{""loss"": 48.580780029296875, ""mape"": 48.580780029296875, ""mae"": 10.448248863220215, ""val_loss"": 45.77523422241211, ""val_mape"": 45.77523422241211, ""val_mae"": 9.365981101989746, ""lr"": 0.00010000000474974513, ""val_mae12"": 10.198750495910645, ""val_me"": 6.906844718612316, ""val_me12"": 9.536947531219594, ""mape_2021"": 57.7996826171875, ""mae_2021"": 10.463947296142578, ""mae12_2021"": 10.597818374633789, ""me_2021"": 8.468370659614294, ""me12_2021"": 9.846342481102715, ""epochs_trained"": 132}",2026-07-03T17:00:56.241758,completed
3,MAPE,120,3,selu,1,16,0.3,44.7677116394043,8.826135635375977,17.230510711669922,5.196482680382138,17.353129722029387,44.7677116394043,10.148591041564941,18.180408477783203,6.628952224907367,18.245900914882682,63.639469146728516,"{""loss"": 59.10224533081055, ""mape"": 59.10224533081055, ""mae"": 13.345248222351074, ""val_loss"": 44.7677116394043, ""val_mape"": 44.7677116394043, ""val_mae"": 8.826135635375977, ""lr"": 0.00010000000474974513, ""val_mae12"": 17.230510711669922, ""val_me"": 5.196482680382138, ""val_me12"": 17.353129722029387, ""mape_2021"": 63.639469146728516, ""mae_2021"": 10.148591041564941, ""mae12_2021"": 18.180408477783203, ""me_2021"": 6.628952224907367, ""me12_2021"": 18.245900914882682, ""epochs_trained"": 188}",2026-07-03T17:00:58.376668,completed
3,MAPE,120,3,selu,1,16,0.1,39.758079528808594,7.974090576171875,11.008712768554688,5.2431622534536375,10.67663785285502,39.758079528808594,9.312224388122559,10.56881046295166,7.011719560880978,10.42569446479121,52.41456985473633,"{""loss"": 48.333187103271484, ""mape"": 48.333187103271484, ""mae"": 10.362811088562012, ""val_loss"": 39.758079528808594, ""val_mape"": 39.758079528808594, ""val_mae"": 7.974090576171875, ""lr"": 0.00010000000474974513, ""val_mae12"": 11.008712768554688, ""val_me"": 5.2431622534536375, ""val_me12"": 10.67663785285502, ""mape_2021"": 52.41456985473633, ""mae_2021"": 9.312224388122559, ""mae12_2021"": 10.56881046295166, ""me_2021"": 7.011719560880978, ""me12_2021"": 10.42569446479121, ""epochs_trained"": 229}",2026-07-03T17:01:00.214493,completed
3,MAPE,120,3,selu,1,32,0.1,43.79095458984375,8.917803764343262,11.947892189025879,6.333742493772499,11.601888189261693,43.79095458984375,9.979269981384277,12.16650390625,7.806367593280272,11.840880214322002,56.8514518737793,"{""loss"": 49.11417007446289, ""mape"": 49.11417007446289, ""mae"": 10.562851905822754, ""val_loss"": 43.79095458984375, ""val_mape"": 43.79095458984375, ""val_mae"": 8.917803764343262, ""lr"": 0.00010000000474974513, ""val_mae12"": 11.947892189025879, ""val_me"": 6.333742493772499, ""val_me12"": 11.601888189261693, ""mape_2021"": 56.8514518737793, ""mae_2021"": 9.979269981384277, ""mae12_2021"": 12.16650390625, ""me_2021"": 7.806367593280272, ""me12_2021"": 11.840880214322002, ""epochs_trained"": 143}",2026-07-03T17:01:06.212022,completed
3,MAPE,120,3,selu,1,32,0.3,44.912841796875,8.894301414489746,17.747661590576172,4.518294613154191,17.860387737948894,44.912841796875,9.966724395751953,18.152515411376953,6.041176178774096,18.199175650580674,62.18683624267578,"{""loss"": 57.2698974609375, ""mape"": 57.2698974609375, ""mae"": 12.876795768737793, ""val_loss"": 44.912841796875, ""val_mape"": 44.912841796875, ""val_mae"": 8.894301414489746, ""lr"": 0.00010000000474974513, ""val_mae12"": 17.747661590576172, ""val_me"": 4.518294613154191, ""val_me12"": 17.860387737948894, ""mape_2021"": 62.18683624267578, ""mae_2021"": 9.966724395751953, ""mae12_2021"": 18.152515411376953, ""me_2021"": 6.041176178774096, ""me12_2021"": 18.199175650580674, ""epochs_trained"": 165}",2026-07-03T17:01:09.574172,completed
3,MAPE,120,3,selu,1,64,0.05,53.658267974853516,11.013631820678711,10.358519554138184,8.652942185969126,9.679280716989272,53.658267974853516,11.817109107971191,11.845818519592285,10.014069711389007,11.088402437097002,66.98957824707031,"{""loss"": 52.721988677978516, ""mape"": 52.721988677978516, ""mae"": 11.216474533081055, ""val_loss"": 53.658267974853516, ""val_mape"": 53.658267974853516, ""val_mae"": 11.013631820678711, ""lr"": 0.00010000000474974513, ""val_mae12"": 10.358519554138184, ""val_me"": 8.652942185969126, ""val_me12"": 9.679280716989272, ""mape_2021"": 66.98957824707031, ""mae_2021"": 11.817109107971191, ""mae12_2021"": 11.845818519592285, ""me_2021"": 10.014069711389007, ""me12_2021"": 11.088402437097002, ""epochs_trained"": 82}",2026-07-03T17:01:14.146495,completed
3,MAPE,120,3,selu,1,64,0.1,52.58588790893555,11.038298606872559,11.497247695922852,7.259669097315795,11.079014845770722,52.58588790893555,11.108630180358887,12.685047149658203,8.738921544640188,12.230622770867472,63.849308013916016,"{""loss"": 51.29446792602539, ""mape"": 51.29446792602539, ""mae"": 10.915740013122559, ""val_loss"": 52.58588790893555, ""val_mape"": 52.58588790893555, ""val_mae"": 11.038298606872559, ""lr"": 0.00010000000474974513, ""val_mae12"": 11.497247695922852, ""val_me"": 7.259669097315795, ""val_me12"": 11.079014845770722, ""mape_2021"": 63.849308013916016, ""mae_2021"": 11.108630180358887, ""mae12_2021"": 12.685047149658203, ""me_2021"": 8.738921544640188, ""me12_2021"": 12.230622770867472, ""epochs_trained"": 88}",2026-07-03T17:01:17.897536,completed
3,MAPE,120,3,selu,1,64,0.3,55.88151931762695,11.850152969360352,18.502634048461914,5.595739823398145,18.63137311255465,55.88151931762695,10.784801483154297,19.72052001953125,6.937019819922507,19.78315808070319,68.1147232055664,"{""loss"": 54.075138092041016, ""mape"": 54.075138092041016, ""mae"": 11.76134967803955, ""val_loss"": 55.88151931762695, ""val_mape"": 55.88151931762695, ""val_mae"": 11.850152969360352, ""lr"": 0.00010000000474974513, ""val_mae12"": 18.502634048461914, ""val_me"": 5.595739823398145, ""val_me12"": 18.63137311255465, ""mape_2021"": 68.1147232055664, ""mae_2021"": 10.784801483154297, ""mae12_2021"": 19.72052001953125, ""me_2021"": 6.937019819922507, ""me12_2021"": 19.78315808070319, ""epochs_trained"": 99}",2026-07-03T17:01:22.518446,completed
3,MAPE,120,3,selu,1,16,0.05,11.460946083068848,2.3295726776123047,3.0738003253936768,-1.2963161737611861,3.023922266789741,11.460946083068848,2.034022092819214,2.220738649368286,-0.19848716989907267,1.2889420282328066,11.408857345581055,"{""loss"": 11.9839448928833, ""mape"": 11.9839448928833, ""mae"": 2.5749337673187256, ""val_loss"": 11.460946083068848, ""val_mape"": 11.460946083068848, ""val_mae"": 2.3295726776123047, ""lr"": 0.00010000000474974513, ""val_mae12"": 3.0738003253936768, ""val_me"": -1.2963161737611861, ""val_me12"": 3.023922266789741, ""mape_2021"": 11.408857345581055, ""mae_2021"": 2.034022092819214, ""mae12_2021"": 2.220738649368286, ""me_2021"": -0.19848716989907267, ""me12_2021"": 1.2889420282328066, ""epochs_trained"": 1052}",2026-07-03T17:01:33.250874,completed
3,MAPE,120,3,selu,1,32,0.0,4.7573161125183105,0.9542151689529419,1.313411831855774,-0.37713621615280435,0.7732436247804093,4.7573161125183105,1.0835610628128052,1.2014425992965698,0.4965001373194752,-0.7731784872064387,6.143937110900879,"{""loss"": 4.829615592956543, ""mape"": 4.829615592956543, ""mae"": 1.0203704833984375, ""val_loss"": 4.7573161125183105, ""val_mape"": 4.7573161125183105, ""val_mae"": 0.9542151689529419, ""lr"": 0.00010000000474974513, ""val_mae12"": 1.313411831855774, ""val_me"": -0.37713621615280435, ""val_me12"": 0.7732436247804093, ""mape_2021"": 6.143937110900879, ""mae_2021"": 1.0835610628128052, ""mae12_2021"": 1.2014425992965698, ""me_2021"": 0.4965001373194752, ""me12_2021"": -0.7731784872064387, ""epochs_trained"": 1116}",2026-07-03T17:01:35.569992,completed
3,MAPE,120,3,selu,1,64,0.0,4.906095504760742,0.9722256064414978,1.2204056978225708,-0.42943779945394234,0.6751496634678906,4.906095504760742,1.0082600116729736,1.2568793296813965,0.20923254909713457,-0.9000332359820002,5.943305492401123,"{""loss"": 4.096555233001709, ""mape"": 4.096555233001709, ""mae"": 0.8382399678230286, ""val_loss"": 4.906095504760742, ""val_mape"": 4.906095504760742, ""val_mae"": 0.9722256064414978, ""lr"": 0.00010000000474974513, ""val_mae12"": 1.2204056978225708, ""val_me"": -0.42943779945394234, ""val_me12"": 0.6751496634678906, ""mape_2021"": 5.943305492401123, ""mae_2021"": 1.0082600116729736, ""mae12_2021"": 1.2568793296813965, ""me_2021"": 0.20923254909713457, ""me12_2021"": -0.9000332359820002, ""epochs_trained"": 844}",2026-07-03T17:01:37.568235,completed
3,MAPE,120,3,selu,1,16,0.0,5.671111106872559,1.2304385900497437,1.252427577972412,-0.034164010987444565,0.627024050441388,5.671111106872559,1.6316051483154297,1.230025291442871,1.05090531228861,-0.8366671814592299,8.17313289642334,"{""loss"": 6.434955596923828, ""mape"": 6.434955596923828, ""mae"": 1.4848188161849976, ""val_loss"": 5.671111106872559, ""val_mape"": 5.671111106872559, ""val_mae"": 1.2304385900497437, ""lr"": 0.00010000000474974513, ""val_mae12"": 1.252427577972412, ""val_me"": -0.034164010987444565, ""val_me12"": 0.627024050441388, ""mape_2021"": 8.17313289642334, ""mae_2021"": 1.6316051483154297, ""mae12_2021"": 1.230025291442871, ""me_2021"": 1.05090531228861, ""me12_2021"": -0.8366671814592299, ""epochs_trained"": 1377}",2026-07-03T17:01:42.829663,completed
3,MAPE,120,3,selu,1,128,0.3,66.65739440917969,14.610126495361328,18.204423904418945,6.56868943328293,18.337476949172466,66.65739440917969,11.296462059020996,20.111461639404297,7.839585333079181,20.152801665148857,71.8005142211914,"{""loss"": 53.42551803588867, ""mape"": 53.42551803588867, ""mae"": 11.301047325134277, ""val_loss"": 66.65739440917969, ""val_mape"": 66.65739440917969, ""val_mae"": 14.610126495361328, ""lr"": 0.00010000000474974513, ""val_mae12"": 18.204423904418945, ""val_me"": 6.56868943328293, ""val_me12"": 18.337476949172466, ""mape_2021"": 71.8005142211914, ""mae_2021"": 11.296462059020996, ""mae12_2021"": 20.111461639404297, ""me_2021"": 7.839585333079181, ""me12_2021"": 20.152801665148857, ""epochs_trained"": 77}",2026-07-03T17:02:03.993286,completed
3,MAPE,120,3,selu,1,128,0.1,56.63896942138672,11.855452537536621,12.382353782653809,7.943195435013587,11.801600074171223,56.63896942138672,11.710015296936035,14.0238618850708,9.37801818925541,13.21508367219849,68.2719497680664,"{""loss"": 52.95510482788086, ""mape"": 52.95510482788086, ""mae"": 11.207169532775879, ""val_loss"": 56.63896942138672, ""val_mape"": 56.63896942138672, ""val_mae"": 11.855452537536621, ""lr"": 0.00010000000474974513, ""val_mae12"": 12.382353782653809, ""val_me"": 7.943195435013587, ""val_me12"": 11.801600074171223, ""mape_2021"": 68.2719497680664, ""mae_2021"": 11.710015296936035, ""mae12_2021"": 14.0238618850708, ""me_2021"": 9.37801818925541, ""me12_2021"": 13.21508367219849, ""epochs_trained"": 77}",2026-07-03T17:02:04.285286,completed
3,MAPE,120,3,selu,1,256,0.3,75.2618179321289,16.77328872680664,17.37125015258789,7.070438513944356,17.37546632908629,75.2618179321289,11.889874458312988,19.368770599365234,8.470463108431806,19.229285805571468,73.6818618774414,"{""loss"": 54.673954010009766, ""mape"": 54.673954010009766, ""mae"": 11.549459457397461, ""val_loss"": 75.2618179321289, ""val_mape"": 75.2618179321289, ""val_mae"": 16.77328872680664, ""lr"": 0.00010000000474974513, ""val_mae12"": 17.37125015258789, ""val_me"": 7.070438513944356, ""val_me12"": 17.37546632908629, ""mape_2021"": 73.6818618774414, ""mae_2021"": 11.889874458312988, ""mae12_2021"": 19.368770599365234, ""me_2021"": 8.470463108431806, ""me12_2021"": 19.229285805571468, ""epochs_trained"": 63}",2026-07-03T17:02:21.198738,completed
3,MAPE,120,3,selu,1,256,0.1,53.44929885864258,11.16494369506836,10.805307388305664,8.216521180455056,9.865767864467824,53.44929885864258,11.89848518371582,12.091460227966309,9.817175686033027,11.009651853236393,67.09026336669922,"{""loss"": 51.1600456237793, ""mape"": 51.1600456237793, ""mae"": 10.8562650680542, ""val_loss"": 53.44929885864258, ""val_mape"": 53.44929885864258, ""val_mae"": 11.16494369506836, ""lr"": 0.00010000000474974513, ""val_mae12"": 10.805307388305664, ""val_me"": 8.216521180455056, ""val_me12"": 9.865767864467824, ""mape_2021"": 67.09026336669922, ""mae_2021"": 11.89848518371582, ""mae12_2021"": 12.091460227966309, ""me_2021"": 9.817175686033027, ""me12_2021"": 11.009651853236393, ""epochs_trained"": 65}",2026-07-03T17:02:21.506094,completed
3,MAPE,120,3,selu,1,256,0.05,13.958666801452637,2.990129232406616,1.5073721408843994,-2.4563331302450626,0.6243263354962229,13.958666801452637,2.182053804397583,2.431119203567505,-1.2974044942927612,-1.920491877754469,11.342251777648926,"{""loss"": 10.545799255371094, ""mape"": 10.545799255371094, ""mae"": 2.064358711242676, ""val_loss"": 13.958666801452637, ""val_mape"": 13.958666801452637, ""val_mae"": 2.990129232406616, ""lr"": 0.00010000000474974513, ""val_mae12"": 1.5073721408843994, ""val_me"": -2.4563331302450626, ""val_me12"": 0.6243263354962229, ""mape_2021"": 11.342251777648926, ""mae_2021"": 2.182053804397583, ""mae12_2021"": 2.431119203567505, ""me_2021"": -1.2974044942927612, ""me12_2021"": -1.920491877754469, ""epochs_trained"": 330}",2026-07-03T17:02:27.820572,completed
3,MAPE,120,3,selu,2,16,0.05,44.19047546386719,9.384523391723633,10.891969680786133,5.917379833496037,10.920149405588154,44.19047546386719,9.230230331420898,11.931313514709473,7.15755298160684,11.857150046067717,54.626617431640625,"{""loss"": 45.63663864135742, ""mape"": 45.63663864135742, ""mae"": 9.969307899475098, ""val_loss"": 44.19047546386719, ""val_mape"": 44.19047546386719, ""val_mae"": 9.384523391723633, ""lr"": 0.00010000000474974513, ""val_mae12"": 10.891969680786133, ""val_me"": 5.917379833496037, ""val_me12"": 10.920149405588154, ""mape_2021"": 54.626617431640625, ""mae_2021"": 9.230230331420898, ""mae12_2021"": 11.931313514709473, ""me_2021"": 7.15755298160684, ""me12_2021"": 11.857150046067717, ""epochs_trained"": 107}",2026-07-03T17:02:35.736965,completed
3,MAPE,120,3,selu,2,16,0.1,53.4365234375,11.541205406188965,14.417519569396973,6.482510697393541,14.53755573507652,53.4365234375,10.3812255859375,16.363981246948242,7.742237470025486,16.436306206422334,64.97148895263672,"{""loss"": 52.38429260253906, ""mape"": 52.38429260253906, ""mae"": 11.559223175048828, ""val_loss"": 53.4365234375, ""val_mape"": 53.4365234375, ""val_mae"": 11.541205406188965, ""lr"": 0.00010000000474974513, ""val_mae12"": 14.417519569396973, ""val_me"": 6.482510697393541, ""val_me12"": 14.53755573507652, ""mape_2021"": 64.97148895263672, ""mae_2021"": 10.3812255859375, ""mae12_2021"": 16.363981246948242, ""me_2021"": 7.742237470025486, ""me12_2021"": 16.436306206422334, ""epochs_trained"": 86}",2026-07-03T17:02:39.967501,completed
3,MAPE,120,3,selu,2,16,0.3,62.63833236694336,12.763962745666504,30.36833381652832,2.5310282586809527,30.538525447403682,62.63833236694336,10.647761344909668,33.02775192260742,3.2941752623978355,33.19445590093573,83.14862823486328,"{""loss"": 63.83921813964844, ""mape"": 63.83921813964844, ""mae"": 14.654997825622559, ""val_loss"": 62.63833236694336, ""val_mape"": 62.63833236694336, ""val_mae"": 12.763962745666504, ""lr"": 0.00010000000474974513, ""val_mae12"": 30.36833381652832, ""val_me"": 2.5310282586809527, ""val_me12"": 30.538525447403682, ""mape_2021"": 83.14862823486328, ""mae_2021"": 10.647761344909668, ""mae12_2021"": 33.02775192260742, ""me_2021"": 3.2941752623978355, ""me12_2021"": 33.19445590093573, ""epochs_trained"": 100}",2026-07-03T17:02:48.197948,completed
3,MAPE,120,3,selu,1,256,0.0,4.6779961585998535,0.9692959189414978,1.4710489511489868,-0.5098258836321119,0.8262708732598959,4.6779961585998535,0.8504753112792969,1.0623397827148438,0.12894042074785803,-0.49711309354497935,4.700956344604492,"{""loss"": 3.5599873065948486, ""mape"": 3.5599873065948486, ""mae"": 0.7391573786735535, ""val_loss"": 4.6779961585998535, ""val_mape"": 4.6779961585998535, ""val_mae"": 0.9692959189414978, ""lr"": 1.0000000656873453e-05, ""val_mae12"": 1.4710489511489868, ""val_me"": -0.5098258836321119, ""val_me12"": 0.8262708732598959, ""mape_2021"": 4.700956344604492, ""mae_2021"": 0.8504753112792969, ""mae12_2021"": 1.0623397827148438, ""me_2021"": 0.12894042074785803, ""me12_2021"": -0.49711309354497935, ""epochs_trained"": 707}",2026-07-03T17:02:52.223663,completed
3,MAPE,120,3,selu,1,128,0.0,4.562330722808838,0.929822564125061,1.0569069385528564,-0.4556481779506775,0.3536572163513799,4.562330722808838,0.8273026347160339,1.2682033777236938,0.1955925003634527,-1.0337390294824986,5.107748508453369,"{""loss"": 3.475006580352783, ""mape"": 3.475006580352783, ""mae"": 0.7054334878921509, ""val_loss"": 4.562330722808838, ""val_mape"": 4.562330722808838, ""val_mae"": 0.929822564125061, ""lr"": 0.00010000000474974513, ""val_mae12"": 1.0569069385528564, ""val_me"": -0.4556481779506775, ""val_me12"": 0.3536572163513799, ""mape_2021"": 5.107748508453369, ""mae_2021"": 0.8273026347160339, ""mae12_2021"": 1.2682033777236938, ""me_2021"": 0.1955925003634527, ""me12_2021"": -1.0337390294824986, ""epochs_trained"": 938}",2026-07-03T17:03:01.433943,completed
3,MAPE,120,3,selu,2,16,0.0,4.626673698425293,0.9458625316619873,1.2907747030258179,-0.157251612295914,0.8226885221684644,4.626673698425293,0.8930859565734863,0.878673255443573,0.22102723919308087,-0.37644980159782215,4.865495204925537,"{""loss"": 3.9917876720428467, ""mape"": 3.9917876720428467, ""mae"": 0.8165870308876038, ""val_loss"": 4.626673698425293, ""val_mape"": 4.626673698425293, ""val_mae"": 0.9458625316619873, ""lr"": 0.00010000000474974513, ""val_mae12"": 1.2907747030258179, ""val_me"": -0.157251612295914, ""val_me12"": 0.8226885221684644, ""mape_2021"": 4.865495204925537, ""mae_2021"": 0.8930859565734863, ""mae12_2021"": 0.878673255443573, ""me_2021"": 0.22102723919308087, ""me12_2021"": -0.37644980159782215, ""epochs_trained"": 674}",2026-07-03T17:03:03.339617,completed
3,MAPE,120,3,selu,1,128,0.05,32.24894714355469,6.294609069824219,10.071019172668457,2.3739126985835393,9.659808063685583,32.24894714355469,7.395834445953369,7.8934245109558105,4.231022106508354,7.681325295163032,41.2176628112793,"{""loss"": 35.70040512084961, ""mape"": 35.70040512084961, ""mae"": 7.242307186126709, ""val_loss"": 32.24894714355469, ""val_mape"": 32.24894714355469, ""val_mae"": 6.294609069824219, ""lr"": 1.0000000656873453e-05, ""val_mae12"": 10.071019172668457, ""val_me"": 2.3739126985835393, ""val_me12"": 9.659808063685583, ""mape_2021"": 41.2176628112793, ""mae_2021"": 7.395834445953369, ""mae12_2021"": 7.8934245109558105, ""me_2021"": 4.231022106508354, ""me12_2021"": 7.681325295163032, ""epochs_trained"": 1334}",2026-07-03T17:03:17.384335,completed
3,MAPE,120,3,selu,2,32,0.3,90.83209991455078,19.3862361907959,17.371992111206055,19.40774078521417,17.489352321027912,90.83209991455078,21.24985694885254,19.010244369506836,18.29921521947551,19.131552783685212,103.06133270263672,"{""loss"": 84.51142883300781, ""mape"": 84.51142883300781, ""mae"": 21.21025276184082, ""val_loss"": 90.83209991455078, ""val_mape"": 90.83209991455078, ""val_mae"": 19.3862361907959, ""lr"": 0.00010000000474974513, ""val_mae12"": 17.371992111206055, ""val_me"": 19.40774078521417, ""val_me12"": 17.489352321027912, ""mape_2021"": 103.06133270263672, ""mae_2021"": 21.24985694885254, ""mae12_2021"": 19.010244369506836, ""me_2021"": 18.29921521947551, ""me12_2021"": 19.131552783685212, ""epochs_trained"": 43}",2026-07-03T17:03:30.992615,completed
3,MAPE,120,3,selu,2,64,0.05,39.46147155761719,8.882193565368652,11.136608123779297,5.977016631049345,11.231526729328051,39.46147155761719,8.983267784118652,12.040128707885742,7.11722566752039,12.064536608185541,53.441463470458984,"{""loss"": 39.63384246826172, ""mape"": 39.63384246826172, ""mae"": 8.66650390625, ""val_loss"": 39.46147155761719, ""val_mape"": 39.46147155761719, ""val_mae"": 8.882193565368652, ""lr"": 0.00010000000474974513, ""val_mae12"": 11.136608123779297, ""val_me"": 5.977016631049345, ""val_me12"": 11.231526729328051, ""mape_2021"": 53.441463470458984, ""mae_2021"": 8.983267784118652, ""mae12_2021"": 12.040128707885742, ""me_2021"": 7.11722566752039, ""me12_2021"": 12.064536608185541, ""epochs_trained"": 64}",2026-07-03T17:03:31.894999,completed
3,MAPE,120,3,selu,2,32,0.1,57.50853729248047,12.78258991241455,14.827739715576172,6.175251334293676,14.95477772319625,57.50853729248047,9.80593204498291,16.720733642578125,7.268073664193745,16.83854887577511,63.01688766479492,"{""loss"": 49.480472564697266, ""mape"": 49.480472564697266, ""mae"": 10.681591987609863, ""val_loss"": 57.50853729248047, ""val_mape"": 57.50853729248047, ""val_mae"": 12.78258991241455, ""lr"": 0.00010000000474974513, ""val_mae12"": 14.827739715576172, ""val_me"": 6.175251334293676, ""val_me12"": 14.95477772319625, ""mape_2021"": 63.01688766479492, ""mae_2021"": 9.80593204498291, ""mae12_2021"": 16.720733642578125, ""me_2021"": 7.268073664193745, ""me12_2021"": 16.83854887577511, ""epochs_trained"": 70}",2026-07-03T17:03:31.928351,completed
3,MAPE,120,3,selu,2,32,0.05,46.8635368347168,10.209847450256348,11.396855354309082,6.28040950159418,11.484768504809733,46.8635368347168,9.393338203430176,12.948775291442871,7.395676043576274,12.9807441513114,57.367122650146484,"{""loss"": 45.24615478515625, ""mape"": 45.24615478515625, ""mae"": 9.805741310119629, ""val_loss"": 46.8635368347168, ""val_mape"": 46.8635368347168, ""val_mae"": 10.209847450256348, ""lr"": 0.00010000000474974513, ""val_mae12"": 11.396855354309082, ""val_me"": 6.28040950159418, ""val_me12"": 11.484768504809733, ""mape_2021"": 57.367122650146484, ""mae_2021"": 9.393338203430176, ""mae12_2021"": 12.948775291442871, ""me_2021"": 7.395676043576274, ""me12_2021"": 12.9807441513114, ""epochs_trained"": 72}",2026-07-03T17:03:32.051150,completed
3,MAPE,120,3,selu,2,64,0.1,51.79576110839844,12.166217803955078,14.165151596069336,4.534699471424109,14.27055889783272,51.79576110839844,8.613505363464355,15.290545463562012,5.763025488899629,15.384725379980885,55.214691162109375,"{""loss"": 42.01927185058594, ""mape"": 42.01927185058594, ""mae"": 9.261990547180176, ""val_loss"": 51.79576110839844, ""val_mape"": 51.79576110839844, ""val_mae"": 12.166217803955078, ""lr"": 0.00010000000474974513, ""val_mae12"": 14.165151596069336, ""val_me"": 4.534699471424109, ""val_me12"": 14.27055889783272, ""mape_2021"": 55.214691162109375, ""mae_2021"": 8.613505363464355, ""mae12_2021"": 15.290545463562012, ""me_2021"": 5.763025488899629, ""me12_2021"": 15.384725379980885, ""epochs_trained"": 63}",2026-07-03T17:03:41.213228,completed
3,MAPE,120,3,selu,2,64,0.3,101.07190704345703,23.077375411987305,34.06311798095703,2.00091948266931,34.232662322835395,101.07190704345703,11.498991966247559,36.89178466796875,2.715600192924976,37.06567848085646,91.66761779785156,"{""loss"": 51.60947036743164, ""mape"": 51.60947036743164, ""mae"": 11.360223770141602, ""val_loss"": 101.07190704345703, ""val_mape"": 101.07190704345703, ""val_mae"": 23.077375411987305, ""lr"": 0.00010000000474974513, ""val_mae12"": 34.06311798095703, ""val_me"": 2.00091948266931, ""val_me12"": 34.232662322835395, ""mape_2021"": 91.66761779785156, ""mae_2021"": 11.498991966247559, ""mae12_2021"": 36.89178466796875, ""me_2021"": 2.715600192924976, ""me12_2021"": 37.06567848085646, ""epochs_trained"": 60}",2026-07-03T17:03:42.149146,completed
3,MAPE,120,3,selu,2,128,0.05,32.292057037353516,7.278176307678223,2.8272600173950195,-1.1539902791485568,1.4328522641330994,32.292057037353516,5.630702972412109,3.358706474304199,0.9874372413527887,-0.924068210509442,26.934879302978516,"{""loss"": 22.671710968017578, ""mape"": 22.671710968017578, ""mae"": 4.956753730773926, ""val_loss"": 32.292057037353516, ""val_mape"": 32.292057037353516, ""val_mae"": 7.278176307678223, ""lr"": 0.00010000000474974513, ""val_mae12"": 2.8272600173950195, ""val_me"": -1.1539902791485568, ""val_me12"": 1.4328522641330994, ""mape_2021"": 26.934879302978516, ""mae_2021"": 5.630702972412109, ""mae12_2021"": 3.358706474304199, ""me_2021"": 0.9874372413527887, ""me12_2021"": -0.924068210509442, ""epochs_trained"": 80}",2026-07-03T17:03:43.295760,completed
3,MAPE,120,3,selu,2,128,0.1,45.508827209472656,10.254995346069336,17.302825927734375,5.388818603460728,17.428381692863265,45.508827209472656,10.229230880737305,18.9392032623291,6.604237094372809,19.047475129623717,66.34453582763672,"{""loss"": 42.53083801269531, ""mape"": 42.53083801269531, ""mae"": 9.1968355178833, ""val_loss"": 45.508827209472656, ""val_mape"": 45.508827209472656, ""val_mae"": 10.254995346069336, ""lr"": 0.00010000000474974513, ""val_mae12"": 17.302825927734375, ""val_me"": 5.388818603460728, ""val_me12"": 17.428381692863265, ""mape_2021"": 66.34453582763672, ""mae_2021"": 10.229230880737305, ""mae12_2021"": 18.9392032623291, ""me_2021"": 6.604237094372809, ""me12_2021"": 19.047475129623717, ""epochs_trained"": 46}",2026-07-03T17:03:50.346524,completed
3,MAPE,120,3,selu,2,128,0.3,141.59991455078125,33.39708709716797,35.482059478759766,2.0403506471131823,35.65812348717032,141.59991455078125,11.737133979797363,38.12373352050781,2.678460700570825,38.29452757397576,94.17515563964844,"{""loss"": 49.2537956237793, ""mape"": 49.2537956237793, ""mae"": 10.658058166503906, ""val_loss"": 141.59991455078125, ""val_mape"": 141.59991455078125, ""val_mae"": 33.39708709716797, ""lr"": 0.00010000000474974513, ""val_mae12"": 35.482059478759766, ""val_me"": 2.0403506471131823, ""val_me12"": 35.65812348717032, ""mape_2021"": 94.17515563964844, ""mae_2021"": 11.737133979797363, ""mae12_2021"": 38.12373352050781, ""me_2021"": 2.678460700570825, ""me12_2021"": 38.29452757397576, ""epochs_trained"": 52}",2026-07-03T17:03:51.497158,completed
3,MAPE,120,3,selu,2,128,0.0,4.351113319396973,0.8935511708259583,1.2028571367263794,-0.2990102546967703,0.6704366515169091,4.351113319396973,0.7970437407493591,1.0389046669006348,0.07012410041827365,-0.5936888633822351,4.690253734588623,"{""loss"": 3.626286745071411, ""mape"": 3.626286745071411, ""mae"": 0.7496330738067627, ""val_loss"": 4.351113319396973, ""val_mape"": 4.351113319396973, ""val_mae"": 0.8935511708259583, ""lr"": 1.0000000656873453e-05, ""val_mae12"": 1.2028571367263794, ""val_me"": -0.2990102546967703, ""val_me12"": 0.6704366515169091, ""mape_2021"": 4.690253734588623, ""mae_2021"": 0.7970437407493591, ""mae12_2021"": 1.0389046669006348, ""me_2021"": 0.07012410041827365, ""me12_2021"": -0.5936888633822351, ""epochs_trained"": 400}",2026-07-03T17:03:59.976824,completed
3,MAPE,120,3,selu,2,32,0.0,5.239279270172119,1.1177978515625,1.0775530338287354,-0.09228572473502542,0.5770671268635442,5.239279270172119,0.9893218874931335,1.125393271446228,0.32102940721194295,-0.7526602549315001,5.5318379402160645,"{""loss"": 4.4015350341796875, ""mape"": 4.4015350341796875, ""mae"": 0.9298633337020874, ""val_loss"": 5.239279270172119, ""val_mape"": 5.239279270172119, ""val_mae"": 1.1177978515625, ""lr"": 0.00010000000474974513, ""val_mae12"": 1.0775530338287354, ""val_me"": -0.09228572473502542, ""val_me12"": 0.5770671268635442, ""mape_2021"": 5.5318379402160645, ""mae_2021"": 0.9893218874931335, ""mae12_2021"": 1.125393271446228, ""me_2021"": 0.32102940721194295, ""me12_2021"": -0.7526602549315001, ""epochs_trained"": 679}",2026-07-03T17:04:02.963990,completed
3,MAPE,120,3,selu,2,64,0.0,3.6964111328125,0.7169632911682129,1.1375387907028198,-0.3583662671956613,0.5940685560879462,3.6964111328125,0.7150136232376099,1.0835944414138794,0.04883543497379505,-0.764780096831361,4.369288921356201,"{""loss"": 3.1231393814086914, ""mape"": 3.1231393814086914, ""mae"": 0.6244229674339294, ""val_loss"": 3.6964111328125, ""val_mape"": 3.6964111328125, ""val_mae"": 0.7169632911682129, ""lr"": 0.00010000000474974513, ""val_mae12"": 1.1375387907028198, ""val_me"": -0.3583662671956613, ""val_me12"": 0.5940685560879462, ""mape_2021"": 4.369288921356201, ""mae_2021"": 0.7150136232376099, ""mae12_2021"": 1.0835944414138794, ""me_2021"": 0.04883543497379505, ""me12_2021"": -0.764780096831361, ""epochs_trained"": 770}",2026-07-03T17:04:05.913780,completed
3,MAPE,120,3,selu,2,256,0.3,153.6236114501953,36.11220932006836,35.076683044433594,0.37080919749945135,35.22984205201794,153.6236114501953,11.562108993530273,37.12632751464844,1.2188553132257687,37.27351748417214,91.4051284790039,"{""loss"": 42.292335510253906, ""mape"": 42.292335510253906, ""mae"": 9.170182228088379, ""val_loss"": 153.6236114501953, ""val_mape"": 153.6236114501953, ""val_mae"": 36.11220932006836, ""lr"": 0.00010000000474974513, ""val_mae12"": 35.076683044433594, ""val_me"": 0.37080919749945135, ""val_me12"": 35.22984205201794, ""mape_2021"": 91.4051284790039, ""mae_2021"": 11.562108993530273, ""mae12_2021"": 37.12632751464844, ""me_2021"": 1.2188553132257687, ""me12_2021"": 37.27351748417214, ""epochs_trained"": 44}",2026-07-03T17:04:29.050569,completed
3,MAPE,120,3,selu,2,256,0.05,33.87747573852539,7.3790106773376465,2.547936201095581,2.172798470911208,1.9101913976322138,33.87747573852539,5.6455841064453125,2.3898367881774902,4.142532490282166,-0.22273434782318827,26.793058395385742,"{""loss"": 22.683740615844727, ""mape"": 22.683740615844727, ""mae"": 4.843037128448486, ""val_loss"": 33.87747573852539, ""val_mape"": 33.87747573852539, ""val_mae"": 7.3790106773376465, ""lr"": 0.00010000000474974513, ""val_mae12"": 2.547936201095581, ""val_me"": 2.172798470911208, ""val_me12"": 1.9101913976322138, ""mape_2021"": 26.793058395385742, ""mae_2021"": 5.6455841064453125, ""mae12_2021"": 2.3898367881774902, ""me_2021"": 4.142532490282166, ""me12_2021"": -0.22273434782318827, ""epochs_trained"": 54}",2026-07-03T17:04:29.620148,completed
3,MAPE,120,3,selu,2,256,0.1,60.09349060058594,13.788483619689941,4.398645877838135,-3.5349832619537285,3.9456534422356704,60.09349060058594,7.829445838928223,3.855898141860962,-0.7740180156171405,1.2275721608755537,36.303958892822266,"{""loss"": 25.786043167114258, ""mape"": 25.786043167114258, ""mae"": 5.6537017822265625, ""val_loss"": 60.09349060058594, ""val_mape"": 60.09349060058594, ""val_mae"": 13.788483619689941, ""lr"": 0.00010000000474974513, ""val_mae12"": 4.398645877838135, ""val_me"": -3.5349832619537285, ""val_me12"": 3.9456534422356704, ""mape_2021"": 36.303958892822266, ""mae_2021"": 7.829445838928223, ""mae12_2021"": 3.855898141860962, ""me_2021"": -0.7740180156171405, ""me12_2021"": 1.2275721608755537, ""epochs_trained"": 56}",2026-07-03T17:04:29.716148,completed
3,MAPE,120,3,selu,3,16,0.05,36.97393798828125,8.44849967956543,11.462295532226562,3.817660190627996,11.540248225165751,36.97393798828125,7.438851833343506,12.460468292236328,5.116527632291286,12.543085040023541,46.737857818603516,"{""loss"": 39.07439041137695, ""mape"": 39.07439041137695, ""mae"": 8.789201736450195, ""val_loss"": 36.97393798828125, ""val_mape"": 36.97393798828125, ""val_mae"": 8.44849967956543, ""lr"": 0.00010000000474974513, ""val_mae12"": 11.462295532226562, ""val_me"": 3.817660190627996, ""val_me12"": 11.540248225165751, ""mape_2021"": 46.737857818603516, ""mae_2021"": 7.438851833343506, ""mae12_2021"": 12.460468292236328, ""me_2021"": 5.116527632291286, ""me12_2021"": 12.543085040023541, ""epochs_trained"": 92}",2026-07-03T17:04:31.071266,completed
3,MAPE,120,3,selu,3,16,0.3,100.04363250732422,19.7600154876709,18.031919479370117,17.27129422713197,18.14645446779687,100.04363250732422,19.492748260498047,19.81309700012207,16.384800861961917,19.93084769694182,97.7429428100586,"{""loss"": 86.51850128173828, ""mape"": 86.51850128173828, ""mae"": 21.400432586669922, ""val_loss"": 100.04363250732422, ""val_mape"": 100.04363250732422, ""val_mae"": 19.7600154876709, ""lr"": 0.00010000000474974513, ""val_mae12"": 18.031919479370117, ""val_me"": 17.27129422713197, ""val_me12"": 18.14645446779687, ""mape_2021"": 97.7429428100586, ""mae_2021"": 19.492748260498047, ""mae12_2021"": 19.81309700012207, ""me_2021"": 16.384800861961917, ""me12_2021"": 19.93084769694182, ""epochs_trained"": 48}",2026-07-03T17:04:39.044467,completed
3,MAPE,120,3,selu,3,32,0.05,50.57723617553711,11.453617095947266,16.232952117919922,5.34308034899391,16.352024262304404,50.57723617553711,9.212379455566406,17.896005630493164,6.362296417488276,18.018888165811205,61.152408599853516,"{""loss"": 44.3125, ""mape"": 44.3125, ""mae"": 9.702337265014648, ""val_loss"": 50.57723617553711, ""val_mape"": 50.57723617553711, ""val_mae"": 11.453617095947266, ""lr"": 0.00010000000474974513, ""val_mae12"": 16.232952117919922, ""val_me"": 5.34308034899391, ""val_me12"": 16.352024262304404, ""mape_2021"": 61.152408599853516, ""mae_2021"": 9.212379455566406, ""mae12_2021"": 17.896005630493164, ""me_2021"": 6.362296417488276, ""me12_2021"": 18.018888165811205, ""epochs_trained"": 53}",2026-07-03T17:04:41.029052,completed
3,MAPE,120,3,selu,3,16,0.1,44.352012634277344,10.16260051727295,14.640729904174805,3.0854542867266406,14.73367575298885,44.352012634277344,7.072871685028076,15.733597755432129,4.033549882492598,15.82487614423429,48.63747024536133,"{""loss"": 44.27641677856445, ""mape"": 44.27641677856445, ""mae"": 9.977938652038574, ""val_loss"": 44.352012634277344, ""val_mape"": 44.352012634277344, ""val_mae"": 10.16260051727295, ""lr"": 0.00010000000474974513, ""val_mae12"": 14.640729904174805, ""val_me"": 3.0854542867266406, ""val_me12"": 14.73367575298885, ""mape_2021"": 48.63747024536133, ""mae_2021"": 7.072871685028076, ""mae12_2021"": 15.733597755432129, ""me_2021"": 4.033549882492598, ""me12_2021"": 15.82487614423429, ""epochs_trained"": 112}",2026-07-03T17:04:41.908928,completed
3,MAPE,120,3,selu,3,32,0.1,71.44962310791016,16.954072952270508,20.163257598876953,4.204807369313858,20.29082537645652,71.44962310791016,9.066468238830566,22.211563110351562,5.07107496543394,22.34337574600462,65.08464050292969,"{""loss"": 47.37705993652344, ""mape"": 47.37705993652344, ""mae"": 10.38762378692627, ""val_loss"": 71.44962310791016, ""val_mape"": 71.44962310791016, ""val_mae"": 16.954072952270508, ""lr"": 0.00010000000474974513, ""val_mae12"": 20.163257598876953, ""val_me"": 4.204807369313858, ""val_me12"": 20.29082537645652, ""mape_2021"": 65.08464050292969, ""mae_2021"": 9.066468238830566, ""mae12_2021"": 22.211563110351562, ""me_2021"": 5.07107496543394, ""me12_2021"": 22.34337574600462, ""epochs_trained"": 62}",2026-07-03T17:04:50.864696,completed
3,MAPE,120,3,selu,3,32,0.3,106.92671966552734,22.736465454101562,41.20001983642578,-2.7445870636312506,41.35496700661374,106.92671966552734,11.943679809570312,43.55636978149414,-2.1140624532713606,43.71398383073625,103.43494415283203,"{""loss"": 56.36697006225586, ""mape"": 56.36697006225586, ""mae"": 13.127946853637695, ""val_loss"": 106.92671966552734, ""val_mape"": 106.92671966552734, ""val_mae"": 22.736465454101562, ""lr"": 0.00010000000474974513, ""val_mae12"": 41.20001983642578, ""val_me"": -2.7445870636312506, ""val_me12"": 41.35496700661374, ""mape_2021"": 103.43494415283203, ""mae_2021"": 11.943679809570312, ""mae12_2021"": 43.55636978149414, ""me_2021"": -2.1140624532713606, ""me12_2021"": 43.71398383073625, ""epochs_trained"": 72}",2026-07-03T17:04:52.399634,completed
3,MAPE,120,3,selu,2,256,0.0,4.015216827392578,0.7714136242866516,1.1750155687332153,-0.3000535304128985,0.7736935458378856,4.015216827392578,0.7112577557563782,0.8073615431785583,0.08038345129504465,-0.32096333165433183,4.10622501373291,"{""loss"": 3.1795947551727295, ""mape"": 3.1795947551727295, ""mae"": 0.6386874914169312, ""val_loss"": 4.015216827392578, ""val_mape"": 4.015216827392578, ""val_mae"": 0.7714136242866516, ""lr"": 0.00010000000474974513, ""val_mae12"": 1.1750155687332153, ""val_me"": -0.3000535304128985, ""val_me12"": 0.7736935458378856, ""mape_2021"": 4.10622501373291, ""mae_2021"": 0.7112577557563782, ""mae12_2021"": 0.8073615431785583, ""me_2021"": 0.08038345129504465, ""me12_2021"": -0.32096333165433183, ""epochs_trained"": 384}",2026-07-03T17:04:52.673850,completed
3,MAPE,120,3,selu,3,16,0.0,6.485440254211426,1.3731424808502197,0.9708519577980042,0.0689833652412312,0.5820925020436724,6.485440254211426,1.0482538938522339,1.190641164779663,0.341176230059704,-0.8828410812731643,5.980377674102783,"{""loss"": 5.18727445602417, ""mape"": 5.18727445602417, ""mae"": 1.1118959188461304, ""val_loss"": 6.485440254211426, ""val_mape"": 6.485440254211426, ""val_mae"": 1.3731424808502197, ""lr"": 0.00010000000474974513, ""val_mae12"": 0.9708519577980042, ""val_me"": 0.0689833652412312, ""val_me12"": 0.5820925020436724, ""mape_2021"": 5.980377674102783, ""mae_2021"": 1.0482538938522339, ""mae12_2021"": 1.190641164779663, ""me_2021"": 0.341176230059704, ""me12_2021"": -0.8828410812731643, ""epochs_trained"": 471}",2026-07-03T17:04:53.303129,completed
3,MAPE,120,3,selu,3,32,0.0,4.079049587249756,0.8206104040145874,1.051843285560608,-0.2254124383464869,0.4913802958932142,4.079049587249756,0.7457504272460938,1.1092666387557983,0.12045605534315741,-0.7835830698247259,4.560387134552002,"{""loss"": 3.340740442276001, ""mape"": 3.340740442276001, ""mae"": 0.6797999143600464, ""val_loss"": 4.079049587249756, ""val_mape"": 4.079049587249756, ""val_mae"": 0.8206104040145874, ""lr"": 0.00010000000474974513, ""val_mae12"": 1.051843285560608, ""val_me"": -0.2254124383464869, ""val_me12"": 0.4913802958932142, ""mape_2021"": 4.560387134552002, ""mae_2021"": 0.7457504272460938, ""mae12_2021"": 1.1092666387557983, ""me_2021"": 0.12045605534315741, ""me12_2021"": -0.7835830698247259, ""epochs_trained"": 503}",2026-07-03T17:04:59.971467,completed
3,MAPE,120,3,selu,3,64,0.3,124.69493865966797,22.626537322998047,13.277207374572754,19.996163955143818,13.371551224646703,124.69493865966797,21.044933319091797,14.769311904907227,19.02630166424918,14.864442252708315,97.8437271118164,"{""loss"": 82.30681610107422, ""mape"": 82.30681610107422, ""mae"": 20.66100311279297, ""val_loss"": 124.69493865966797, ""val_mape"": 124.69493865966797, ""val_mae"": 22.626537322998047, ""lr"": 0.00010000000474974513, ""val_mae12"": 13.277207374572754, ""val_me"": 19.996163955143818, ""val_me12"": 13.371551224646703, ""mape_2021"": 97.8437271118164, ""mae_2021"": 21.044933319091797, ""mae12_2021"": 14.769311904907227, ""me_2021"": 19.02630166424918, ""me12_2021"": 14.864442252708315, ""epochs_trained"": 33}",2026-07-03T17:05:18.235120,completed
3,MAPE,120,3,selu,3,64,0.1,61.378211975097656,14.828858375549316,16.05696678161621,3.7007824710788957,16.160758438909127,61.378211975097656,8.350494384765625,17.476741790771484,4.7048250404058845,17.57473876656598,56.527976989746094,"{""loss"": 38.41826248168945, ""mape"": 38.41826248168945, ""mae"": 8.491436958312988, ""val_loss"": 61.378211975097656, ""val_mape"": 61.378211975097656, ""val_mae"": 14.828858375549316, ""lr"": 0.00010000000474974513, ""val_mae12"": 16.05696678161621, ""val_me"": 3.7007824710788957, ""val_me12"": 16.160758438909127, ""mape_2021"": 56.527976989746094, ""mae_2021"": 8.350494384765625, ""mae12_2021"": 17.476741790771484, ""me_2021"": 4.7048250404058845, ""me12_2021"": 17.57473876656598, ""epochs_trained"": 51}",2026-07-03T17:05:19.342615,completed
3,MAPE,120,3,selu,3,128,0.05,34.79732894897461,8.076529502868652,3.6768975257873535,0.42623194186608476,3.6786897529278137,34.79732894897461,6.152746200561523,2.446528434753418,2.745885960374182,2.3908181998835167,27.955373764038086,"{""loss"": 20.8911190032959, ""mape"": 20.8911190032959, ""mae"": 4.583845615386963, ""val_loss"": 34.79732894897461, ""val_mape"": 34.79732894897461, ""val_mae"": 8.076529502868652, ""lr"": 0.00010000000474974513, ""val_mae12"": 3.6768975257873535, ""val_me"": 0.42623194186608476, ""val_me12"": 3.6786897529278137, ""mape_2021"": 27.955373764038086, ""mae_2021"": 6.152746200561523, ""mae12_2021"": 2.446528434753418, ""me_2021"": 2.745885960374182, ""me12_2021"": 2.3908181998835167, ""epochs_trained"": 52}",2026-07-03T17:05:19.580615,completed
3,MAPE,120,3,selu,3,128,0.1,55.1451416015625,13.495476722717285,17.73505401611328,1.320577720349267,17.81840904920487,55.1451416015625,7.636215686798096,18.180299758911133,2.3516144974776796,18.256849764931594,54.01927947998047,"{""loss"": 26.998332977294922, ""mape"": 26.998332977294922, ""mae"": 6.047574043273926, ""val_loss"": 55.1451416015625, ""val_mape"": 55.1451416015625, ""val_mae"": 13.495476722717285, ""lr"": 0.00010000000474974513, ""val_mae12"": 17.73505401611328, ""val_me"": 1.320577720349267, ""val_me12"": 17.81840904920487, ""mape_2021"": 54.01927947998047, ""mae_2021"": 7.636215686798096, ""mae12_2021"": 18.180299758911133, ""me_2021"": 2.3516144974776796, ""me12_2021"": 18.256849764931594, ""epochs_trained"": 43}",2026-07-03T17:05:33.374304,completed
3,MAPE,120,3,selu,3,64,0.05,29.02474594116211,6.894554615020752,3.9088754653930664,-3.0761819467876723,3.908908814709534,29.02474594116211,5.832700252532959,2.536843776702881,-1.2627156977441858,2.437507325282312,25.726978302001953,"{""loss"": 24.674297332763672, ""mape"": 24.674297332763672, ""mae"": 5.536684989929199, ""val_loss"": 29.02474594116211, ""val_mape"": 29.02474594116211, ""val_mae"": 6.894554615020752, ""lr"": 1.0000000656873453e-05, ""val_mae12"": 3.9088754653930664, ""val_me"": -3.0761819467876723, ""val_me12"": 3.908908814709534, ""mape_2021"": 25.726978302001953, ""mae_2021"": 5.832700252532959, ""mae12_2021"": 2.536843776702881, ""me_2021"": -1.2627156977441858, ""me12_2021"": 2.437507325282312, ""epochs_trained"": 187}",2026-07-03T17:05:33.833305,completed
3,MAPE,120,3,selu,3,128,0.3,252.455322265625,60.751922607421875,52.31751251220703,-3.9303993321857247,52.50263455804207,252.455322265625,14.748580932617188,55.45676803588867,-3.865905123753513,55.64259539184035,129.94351196289062,"{""loss"": 44.47697830200195, ""mape"": 44.47697830200195, ""mae"": 9.692851066589355, ""val_loss"": 252.455322265625, ""val_mape"": 252.455322265625, ""val_mae"": 60.751922607421875, ""lr"": 0.00010000000474974513, ""val_mae12"": 52.31751251220703, ""val_me"": -3.9303993321857247, ""val_me12"": 52.50263455804207, ""mape_2021"": 129.94351196289062, ""mae_2021"": 14.748580932617188, ""mae12_2021"": 55.45676803588867, ""me_2021"": -3.865905123753513, ""me12_2021"": 55.64259539184035, ""epochs_trained"": 45}",2026-07-03T17:05:34.863308,completed
3,MAPE,120,3,selu,3,128,0.0,3.8031766414642334,0.7905453443527222,1.2059868574142456,-0.3164454647845553,0.825771464355766,3.8031766414642334,0.7006603479385376,0.6725976467132568,0.0556504079560542,-0.13325161319661535,3.8980445861816406,"{""loss"": 3.2704787254333496, ""mape"": 3.2704787254333496, ""mae"": 0.6650434732437134, ""val_loss"": 3.8031766414642334, ""val_mape"": 3.8031766414642334, ""val_mae"": 0.7905453443527222, ""lr"": 0.00010000000474974513, ""val_mae12"": 1.2059868574142456, ""val_me"": -0.3164454647845553, ""val_me12"": 0.825771464355766, ""mape_2021"": 3.8980445861816406, ""mae_2021"": 0.7006603479385376, ""mae12_2021"": 0.6725976467132568, ""me_2021"": 0.0556504079560542, ""me12_2021"": -0.13325161319661535, ""epochs_trained"": 253}",2026-07-03T17:05:39.545557,completed
3,MAPE,120,3,selu,3,256,0.0,4.009034156799316,0.8196045756340027,1.0313316583633423,-0.35871679325367284,0.6489908101928705,4.009034156799316,0.7170958518981934,1.0071419477462769,0.07980479077051711,-0.5176430280777817,4.376097202301025,"{""loss"": 3.3755903244018555, ""mape"": 3.3755903244018555, ""mae"": 0.6828595995903015, ""val_loss"": 4.009034156799316, ""val_mape"": 4.009034156799316, ""val_mae"": 0.8196045756340027, ""lr"": 1.0000000656873453e-05, ""val_mae12"": 1.0313316583633423, ""val_me"": -0.35871679325367284, ""val_me12"": 0.6489908101928705, ""mape_2021"": 4.376097202301025, ""mae_2021"": 0.7170958518981934, ""mae12_2021"": 1.0071419477462769, ""me_2021"": 0.07980479077051711, ""me12_2021"": -0.5176430280777817, ""epochs_trained"": 146}",2026-07-03T17:05:51.363105,completed
3,MAPE,120,3,selu,3,256,0.05,34.87580108642578,8.049515724182129,2.785172462463379,0.17358805565927543,1.3036842198722525,34.87580108642578,4.83335542678833,2.838045358657837,1.9905935297239528,-0.6329755243267952,23.2751522064209,"{""loss"": 17.70530128479004, ""mape"": 17.70530128479004, ""mae"": 3.738251209259033, ""val_loss"": 34.87580108642578, ""val_mape"": 34.87580108642578, ""val_mae"": 8.049515724182129, ""lr"": 0.00010000000474974513, ""val_mae12"": 2.785172462463379, ""val_me"": 0.17358805565927543, ""val_me12"": 1.3036842198722525, ""mape_2021"": 23.2751522064209, ""mae_2021"": 4.83335542678833, ""mae12_2021"": 2.838045358657837, ""me_2021"": 1.9905935297239528, ""me12_2021"": -0.6329755243267952, ""epochs_trained"": 42}",2026-07-03T17:05:51.978132,completed
3,MAPE,120,3,selu,3,256,0.3,242.13137817382812,57.318084716796875,40.87763214111328,3.006575327749346,41.03323737759336,242.13137817382812,16.19101905822754,43.19679641723633,2.861368112833954,43.34075369132178,117.30175018310547,"{""loss"": 35.55865478515625, ""mape"": 35.55865478515625, ""mae"": 7.79293155670166, ""val_loss"": 242.13137817382812, ""val_mape"": 242.13137817382812, ""val_mae"": 57.318084716796875, ""lr"": 0.00010000000474974513, ""val_mae12"": 40.87763214111328, ""val_me"": 3.006575327749346, ""val_me12"": 41.03323737759336, ""mape_2021"": 117.30175018310547, ""mae_2021"": 16.19101905822754, ""mae12_2021"": 43.19679641723633, ""me_2021"": 2.861368112833954, ""me12_2021"": 43.34075369132178, ""epochs_trained"": 37}",2026-07-03T17:05:52.290549,completed
3,MAPE,120,3,selu,3,64,0.0,3.6594085693359375,0.7226561307907104,1.1511259078979492,-0.3324268283724647,0.32438804151971035,3.6594085693359375,0.6892406344413757,1.0958665609359741,0.07190109444057106,-0.8265299374695128,4.299206733703613,"{""loss"": 3.064566135406494, ""mape"": 3.064566135406494, ""mae"": 0.6131185293197632, ""val_loss"": 3.6594085693359375, ""val_mape"": 3.6594085693359375, ""val_mae"": 0.7226561307907104, ""lr"": 0.00010000000474974513, ""val_mae12"": 1.1511259078979492, ""val_me"": -0.3324268283724647, ""val_me12"": 0.32438804151971035, ""mape_2021"": 4.299206733703613, ""mae_2021"": 0.6892406344413757, ""mae12_2021"": 1.0958665609359741, ""me_2021"": 0.07190109444057106, ""me12_2021"": -0.8265299374695128, ""epochs_trained"": 441}",2026-07-03T17:05:54.348710,completed
3,MAPE,120,3,selu,3,256,0.1,72.35508728027344,17.159099578857422,19.86309051513672,4.8165006096380925,19.964673683686158,72.35508728027344,9.942115783691406,20.873414993286133,5.697773498362983,20.972584630861938,65.85758972167969,"{""loss"": 25.169404983520508, ""mape"": 25.169404983520508, ""mae"": 5.4677534103393555, ""val_loss"": 72.35508728027344, ""val_mape"": 72.35508728027344, ""val_mae"": 17.159099578857422, ""lr"": 0.00010000000474974513, ""val_mae12"": 19.86309051513672, ""val_me"": 4.8165006096380925, ""val_me12"": 19.964673683686158, ""mape_2021"": 65.85758972167969, ""mae_2021"": 9.942115783691406, ""mae12_2021"": 20.873414993286133, ""me_2021"": 5.697773498362983, ""me12_2021"": 20.972584630861938, ""epochs_trained"": 34}",2026-07-03T17:05:59.597993,completed
