run_num,model_type,lead_time,cycle,activation,num_layers,neurons,dropout,loss_value,val_mae,val_mae12,val_me,val_me12,val_mape,mae_2021,mae12_2021,me_2021,me12_2021,mape_2021,metrics,timestamp,status
1,MAPE,48,2,selu,2,64,0.3,105.31053161621094,23.524564743041992,4.643802165985107,23.60554292616403,3.777606115159921,105.31053161621094,22.771074295043945,7.054013729095459,22.081498520692993,6.633899220971659,99.78031158447266,"{""loss"": 89.93754577636719, ""mape"": 89.93754577636719, ""mae"": 22.98230743408203, ""val_loss"": 105.31053161621094, ""val_mape"": 105.31053161621094, ""val_mae"": 23.524564743041992, ""lr"": 0.00010000000474974513, ""val_mae12"": 4.643802165985107, ""val_me"": 23.60554292616403, ""val_me12"": 3.777606115159921, ""mape_2021"": 99.78031158447266, ""mae_2021"": 22.771074295043945, ""mae12_2021"": 7.054013729095459, ""me_2021"": 22.081498520692993, ""me12_2021"": 6.633899220971659, ""epochs_trained"": 30}",2026-07-02T06:28:06.423361,completed
1,MAPE,48,2,selu,2,32,0.3,93.73896789550781,20.923728942871094,7.798233985900879,21.703250666052217,7.755757319816874,93.73896789550781,21.409923553466797,10.799051284790039,20.255587398068492,10.869914206347593,97.30902099609375,"{""loss"": 86.72588348388672, ""mape"": 86.72588348388672, ""mae"": 21.989789962768555, ""val_loss"": 93.73896789550781, ""val_mape"": 93.73896789550781, ""val_mae"": 20.923728942871094, ""lr"": 0.00010000000474974513, ""val_mae12"": 7.798233985900879, ""val_me"": 21.703250666052217, ""val_me12"": 7.755757319816874, ""mape_2021"": 97.30902099609375, ""mae_2021"": 21.409923553466797, ""mae12_2021"": 10.799051284790039, ""me_2021"": 20.255587398068492, ""me12_2021"": 10.869914206347593, ""epochs_trained"": 48}",2026-07-02T06:28:07.177615,completed
1,MAPE,48,2,selu,2,64,0.05,52.112571716308594,11.817045211791992,8.58621597290039,8.327536723279069,8.245071430745199,52.112571716308594,10.260512351989746,11.63289737701416,8.826267078710083,11.56390351193211,60.57986831665039,"{""loss"": 40.60975646972656, ""mape"": 40.60975646972656, ""mae"": 8.798623085021973, ""val_loss"": 52.112571716308594, ""val_mape"": 52.112571716308594, ""val_mae"": 11.817045211791992, ""lr"": 0.00010000000474974513, ""val_mae12"": 8.58621597290039, ""val_me"": 8.327536723279069, ""val_me12"": 8.245071430745199, ""mape_2021"": 60.57986831665039, ""mae_2021"": 10.260512351989746, ""mae12_2021"": 11.63289737701416, ""me_2021"": 8.826267078710083, ""me12_2021"": 11.56390351193211, ""epochs_trained"": 64}",2026-07-02T06:28:07.836523,completed
1,MAPE,48,2,selu,2,64,0.1,62.596534729003906,14.626505851745605,9.37028694152832,7.418351098606231,9.395733360811969,62.596534729003906,9.62153434753418,12.261247634887695,7.900339775503598,12.351536224543556,57.43758773803711,"{""loss"": 41.157344818115234, ""mape"": 41.157344818115234, ""mae"": 9.019104957580566, ""val_loss"": 62.596534729003906, ""val_mape"": 62.596534729003906, ""val_mae"": 14.626505851745605, ""lr"": 0.00010000000474974513, ""val_mae12"": 9.37028694152832, ""val_me"": 7.418351098606231, ""val_me12"": 9.395733360811969, ""mape_2021"": 57.43758773803711, ""mae_2021"": 9.62153434753418, ""mae12_2021"": 12.261247634887695, ""me_2021"": 7.900339775503598, ""me12_2021"": 12.351536224543556, ""epochs_trained"": 67}",2026-07-02T06:28:08.124614,completed
1,MAPE,48,2,selu,2,32,0.1,65.10091400146484,14.315190315246582,12.71329116821289,7.8185781734233055,12.623158938250638,65.10091400146484,10.3797607421875,17.120929718017578,8.157785041363985,17.23037973955114,67.62079620361328,"{""loss"": 46.72758483886719, ""mape"": 46.72758483886719, ""mae"": 9.90505313873291, ""val_loss"": 65.10091400146484, ""val_mape"": 65.10091400146484, ""val_mae"": 14.315190315246582, ""lr"": 0.00010000000474974513, ""val_mae12"": 12.71329116821289, ""val_me"": 7.8185781734233055, ""val_me12"": 12.623158938250638, ""mape_2021"": 67.62079620361328, ""mae_2021"": 10.3797607421875, ""mae12_2021"": 17.120929718017578, ""me_2021"": 8.157785041363985, ""me12_2021"": 17.23037973955114, ""epochs_trained"": 77}",2026-07-02T06:28:08.645616,completed
1,MAPE,48,2,selu,2,32,0.05,48.5823974609375,10.905029296875,7.424339771270752,7.334416969471067,7.370785253788708,48.5823974609375,9.105303764343262,10.09518051147461,7.775624663546742,10.158829361458128,53.40162658691406,"{""loss"": 39.4793701171875, ""mape"": 39.4793701171875, ""mae"": 8.517773628234863, ""val_loss"": 48.5823974609375, ""val_mape"": 48.5823974609375, ""val_mae"": 10.905029296875, ""lr"": 0.00010000000474974513, ""val_mae12"": 7.424339771270752, ""val_me"": 7.334416969471067, ""val_me12"": 7.370785253788708, ""mape_2021"": 53.40162658691406, ""mae_2021"": 9.105303764343262, ""mae12_2021"": 10.09518051147461, ""me_2021"": 7.775624663546742, ""me12_2021"": 10.158829361458128, ""epochs_trained"": 90}",2026-07-02T06:28:09.236204,completed
1,MAPE,48,2,selu,2,128,0.1,53.31747817993164,12.049777030944824,11.590974807739258,7.582917749060352,11.415081580633295,53.31747817993164,10.201151847839355,15.399373054504395,8.004987042370104,15.466921063742765,64.94984436035156,"{""loss"": 36.92657470703125, ""mape"": 36.92657470703125, ""mae"": 7.927773952484131, ""val_loss"": 53.31747817993164, ""val_mape"": 53.31747817993164, ""val_mae"": 12.049777030944824, ""lr"": 0.00010000000474974513, ""val_mae12"": 11.590974807739258, ""val_me"": 7.582917749060352, ""val_me12"": 11.415081580633295, ""mape_2021"": 64.94984436035156, ""mae_2021"": 10.201151847839355, ""mae12_2021"": 15.399373054504395, ""me_2021"": 8.004987042370104, ""me12_2021"": 15.466921063742765, ""epochs_trained"": 52}",2026-07-02T06:28:28.237444,completed
1,MAPE,48,2,selu,2,256,0.05,32.23141098022461,7.287026882171631,4.679947853088379,1.9954513636846787,0.28308966398389535,32.23141098022461,6.198297500610352,5.687099933624268,2.1966043333281147,-2.8369715397203494,33.29798126220703,"{""loss"": 20.31568145751953, ""mape"": 20.31568145751953, ""mae"": 4.376074314117432, ""val_loss"": 32.23141098022461, ""val_mape"": 32.23141098022461, ""val_mae"": 7.287026882171631, ""lr"": 0.00010000000474974513, ""val_mae12"": 4.679947853088379, ""val_me"": 1.9954513636846787, ""val_me12"": 0.28308966398389535, ""mape_2021"": 33.29798126220703, ""mae_2021"": 6.198297500610352, ""mae12_2021"": 5.687099933624268, ""me_2021"": 2.1966043333281147, ""me12_2021"": -2.8369715397203494, ""epochs_trained"": 55}",2026-07-02T06:28:35.352967,completed
1,MAPE,48,2,selu,2,128,0.3,70.57156372070312,11.749197959899902,29.56097984313965,4.392897739158683,29.621339744478263,70.57156372070312,11.33164119720459,35.37284469604492,4.210227902959071,35.55231987903908,90.958251953125,"{""loss"": 70.81857299804688, ""mape"": 70.81857299804688, ""mae"": 17.132165908813477, ""val_loss"": 70.57156372070312, ""val_mape"": 70.57156372070312, ""val_mae"": 11.749197959899902, ""lr"": 1.0000000656873453e-05, ""val_mae12"": 29.56097984313965, ""val_me"": 4.392897739158683, ""val_me12"": 29.621339744478263, ""mape_2021"": 90.958251953125, ""mae_2021"": 11.33164119720459, ""mae12_2021"": 35.37284469604492, ""me_2021"": 4.210227902959071, ""me12_2021"": 35.55231987903908, ""epochs_trained"": 162}",2026-07-02T06:28:44.002412,completed
1,MAPE,48,2,selu,2,128,0.05,21.80059242248535,4.817687511444092,2.9744441509246826,-3.8600818305034617,2.9562008276944614,21.80059242248535,4.8836493492126465,2.112114429473877,-3.8120164914941177,1.827871172601762,21.908525466918945,"{""loss"": 9.767401695251465, ""mape"": 9.767401695251465, ""mae"": 2.227219343185425, ""val_loss"": 21.80059242248535, ""val_mape"": 21.80059242248535, ""val_mae"": 4.817687511444092, ""lr"": 0.00010000000474974513, ""val_mae12"": 2.9744441509246826, ""val_me"": -3.8600818305034617, ""val_me12"": 2.9562008276944614, ""mape_2021"": 21.908525466918945, ""mae_2021"": 4.8836493492126465, ""mae12_2021"": 2.112114429473877, ""me_2021"": -3.8120164914941177, ""me12_2021"": 1.827871172601762, ""epochs_trained"": 225}",2026-07-02T06:28:48.455354,completed
1,MAPE,48,2,selu,2,256,0.1,54.2864990234375,12.20449161529541,5.826136112213135,5.537607864172463,5.803553599759018,54.2864990234375,7.722006320953369,6.556054592132568,5.96879692688567,6.572052767137195,41.620635986328125,"{""loss"": 25.844209671020508, ""mape"": 25.844209671020508, ""mae"": 5.298107624053955, ""val_loss"": 54.2864990234375, ""val_mape"": 54.2864990234375, ""val_mae"": 12.20449161529541, ""lr"": 0.00010000000474974513, ""val_mae12"": 5.826136112213135, ""val_me"": 5.537607864172463, ""val_me12"": 5.803553599759018, ""mape_2021"": 41.620635986328125, ""mae_2021"": 7.722006320953369, ""mae12_2021"": 6.556054592132568, ""me_2021"": 5.96879692688567, ""me12_2021"": 6.572052767137195, ""epochs_trained"": 50}",2026-07-02T06:28:52.237600,completed
1,MAPE,48,2,selu,2,256,0.3,162.20729064941406,37.491294860839844,24.205568313598633,3.9320402340780696,24.251265369753412,162.20729064941406,10.496709823608398,27.330284118652344,3.6615060427493473,27.425312394603047,76.38703155517578,"{""loss"": 38.84590530395508, ""mape"": 38.84590530395508, ""mae"": 8.1179838180542, ""val_loss"": 162.20729064941406, ""val_mape"": 162.20729064941406, ""val_mae"": 37.491294860839844, ""lr"": 0.00010000000474974513, ""val_mae12"": 24.205568313598633, ""val_me"": 3.9320402340780696, ""val_me12"": 24.251265369753412, ""mape_2021"": 76.38703155517578, ""mae_2021"": 10.496709823608398, ""mae12_2021"": 27.330284118652344, ""me_2021"": 3.6615060427493473, ""me12_2021"": 27.425312394603047, ""epochs_trained"": 51}",2026-07-02T06:28:55.596840,completed
1,MAPE,48,2,selu,2,256,0.0,3.3904025554656982,0.666873037815094,0.8749153017997742,0.0991286390195067,0.2719098195591871,3.3904025554656982,0.6501808166503906,0.9180272817611694,0.12505918261941543,-0.3944075010484518,3.9114747047424316,"{""loss"": 2.8408238887786865, ""mape"": 2.8408238887786865, ""mae"": 0.5790636539459229, ""val_loss"": 3.3904025554656982, ""val_mape"": 3.3904025554656982, ""val_mae"": 0.666873037815094, ""lr"": 1.0000000656873453e-05, ""val_mae12"": 0.8749153017997742, ""val_me"": 0.0991286390195067, ""val_me12"": 0.2719098195591871, ""mape_2021"": 3.9114747047424316, ""mae_2021"": 0.6501808166503906, ""mae12_2021"": 0.9180272817611694, ""me_2021"": 0.12505918261941543, ""me12_2021"": -0.3944075010484518, ""epochs_trained"": 336}",2026-07-02T06:29:00.576856,completed
1,MAPE,48,2,selu,2,128,0.0,3.5852158069610596,0.7000534534454346,0.915446400642395,0.0859466887605615,0.38442320078829967,3.5852158069610596,0.7257157564163208,0.8705301284790039,0.17590768060683162,-0.25487971769874357,4.131495952606201,"{""loss"": 2.864553213119507, ""mape"": 2.864553213119507, ""mae"": 0.5824025869369507, ""val_loss"": 3.5852158069610596, ""val_mape"": 3.5852158069610596, ""val_mae"": 0.7000534534454346, ""lr"": 1.0000000656873453e-05, ""val_mae12"": 0.915446400642395, ""val_me"": 0.0859466887605615, ""val_me12"": 0.38442320078829967, ""mape_2021"": 4.131495952606201, ""mae_2021"": 0.7257157564163208, ""mae12_2021"": 0.8705301284790039, ""me_2021"": 0.17590768060683162, ""me12_2021"": -0.25487971769874357, ""epochs_trained"": 533}",2026-07-02T06:29:06.906872,completed
1,MAPE,48,2,selu,2,64,0.0,3.5226564407348633,0.6881755590438843,0.9002741575241089,0.10360843660737565,0.36662782899725443,3.5226564407348633,0.7039528489112854,0.9288980960845947,0.1586721811386055,-0.32575411434134455,4.167586326599121,"{""loss"": 2.866020917892456, ""mape"": 2.866020917892456, ""mae"": 0.5833891034126282, ""val_loss"": 3.5226564407348633, ""val_mape"": 3.5226564407348633, ""val_mae"": 0.6881755590438843, ""lr"": 1.0000000656873453e-05, ""val_mae12"": 0.9002741575241089, ""val_me"": 0.10360843660737565, ""val_me12"": 0.36662782899725443, ""mape_2021"": 4.167586326599121, ""mae_2021"": 0.7039528489112854, ""mae12_2021"": 0.9288980960845947, ""me_2021"": 0.1586721811386055, ""me12_2021"": -0.32575411434134455, ""epochs_trained"": 915}",2026-07-02T06:29:15.770801,completed
1,MAPE,48,2,selu,2,32,0.0,3.5743191242218018,0.6883324384689331,0.8817097544670105,0.11053706621801511,0.3635971005763596,3.5743191242218018,0.656171977519989,0.8170242309570312,0.13498128377043841,-0.33211378948163717,3.8203306198120117,"{""loss"": 2.8580410480499268, ""mape"": 2.8580410480499268, ""mae"": 0.5772920250892639, ""val_loss"": 3.5743191242218018, ""val_mape"": 3.5743191242218018, ""val_mae"": 0.6883324384689331, ""lr"": 1.0000000656873453e-05, ""val_mae12"": 0.8817097544670105, ""val_me"": 0.11053706621801511, ""val_me12"": 0.3635971005763596, ""mape_2021"": 3.8203306198120117, ""mae_2021"": 0.656171977519989, ""mae12_2021"": 0.8170242309570312, ""me_2021"": 0.13498128377043841, ""me12_2021"": -0.33211378948163717, ""epochs_trained"": 946}",2026-07-02T06:29:16.455008,completed
1,MAPE,48,2,selu,3,32,0.3,105.12638854980469,21.83622169494629,8.345138549804688,21.2122279474124,8.342641962446258,105.12638854980469,21.01849937438965,10.724096298217773,19.754055557699633,10.799789083482551,93.81036376953125,"{""loss"": 86.92901611328125, ""mape"": 86.92901611328125, ""mae"": 22.181276321411133, ""val_loss"": 105.12638854980469, ""val_mape"": 105.12638854980469, ""val_mae"": 21.83622169494629, ""lr"": 0.00010000000474974513, ""val_mae12"": 8.345138549804688, ""val_me"": 21.2122279474124, ""val_me12"": 8.342641962446258, ""mape_2021"": 93.81036376953125, ""mae_2021"": 21.01849937438965, ""mae12_2021"": 10.724096298217773, ""me_2021"": 19.754055557699633, ""me12_2021"": 10.799789083482551, ""epochs_trained"": 38}",2026-07-02T06:29:32.597288,completed
1,MAPE,48,2,selu,3,16,0.3,98.49163818359375,21.376930236816406,8.874768257141113,20.533712777094674,8.73311004701291,98.49163818359375,20.512048721313477,12.189746856689453,19.15778697248183,12.205700657139834,95.81201934814453,"{""loss"": 90.1373291015625, ""mape"": 90.1373291015625, ""mae"": 22.594022750854492, ""val_loss"": 98.49163818359375, ""val_mape"": 98.49163818359375, ""val_mae"": 21.376930236816406, ""lr"": 0.00010000000474974513, ""val_mae12"": 8.874768257141113, ""val_me"": 20.533712777094674, ""val_me12"": 8.73311004701291, ""mape_2021"": 95.81201934814453, ""mae_2021"": 20.512048721313477, ""mae12_2021"": 12.189746856689453, ""me_2021"": 19.15778697248183, ""me12_2021"": 12.205700657139834, ""epochs_trained"": 53}",2026-07-02T06:29:33.331665,completed
1,MAPE,48,2,selu,3,32,0.05,54.94279479980469,12.234391212463379,10.682689666748047,6.585345667763902,10.593421880357464,54.94279479980469,8.964757919311523,14.374432563781738,6.8700949825818665,14.44997773483236,58.31895446777344,"{""loss"": 40.651248931884766, ""mape"": 40.651248931884766, ""mae"": 8.699645042419434, ""val_loss"": 54.94279479980469, ""val_mape"": 54.94279479980469, ""val_mae"": 12.234391212463379, ""lr"": 0.00010000000474974513, ""val_mae12"": 10.682689666748047, ""val_me"": 6.585345667763902, ""val_me12"": 10.593421880357464, ""mape_2021"": 58.31895446777344, ""mae_2021"": 8.964757919311523, ""mae12_2021"": 14.374432563781738, ""me_2021"": 6.8700949825818665, ""me12_2021"": 14.44997773483236, ""epochs_trained"": 70}",2026-07-02T06:29:33.945692,completed
1,MAPE,48,2,selu,3,32,0.1,56.89914321899414,13.633611679077148,12.017860412597656,4.409067085173319,12.041424630134413,56.89914321899414,6.909533977508545,14.174627304077148,4.295733043094032,14.246925993355948,46.66014862060547,"{""loss"": 34.88407897949219, ""mape"": 34.88407897949219, ""mae"": 7.742513179779053, ""val_loss"": 56.89914321899414, ""val_mape"": 56.89914321899414, ""val_mae"": 13.633611679077148, ""lr"": 0.00010000000474974513, ""val_mae12"": 12.017860412597656, ""val_me"": 4.409067085173319, ""val_me12"": 12.041424630134413, ""mape_2021"": 46.66014862060547, ""mae_2021"": 6.909533977508545, ""mae12_2021"": 14.174627304077148, ""me_2021"": 4.295733043094032, ""me12_2021"": 14.246925993355948, ""epochs_trained"": 87}",2026-07-02T06:29:34.917320,completed
1,MAPE,48,2,selu,3,16,0.1,55.14760208129883,11.690255165100098,14.890737533569336,4.87652264766044,14.926051457330757,55.14760208129883,7.860039710998535,18.716585159301758,4.952873290141291,18.843124726562095,57.22896194458008,"{""loss"": 46.33586502075195, ""mape"": 46.33586502075195, ""mae"": 10.278300285339355, ""val_loss"": 55.14760208129883, ""val_mape"": 55.14760208129883, ""val_mae"": 11.690255165100098, ""lr"": 0.00010000000474974513, ""val_mae12"": 14.890737533569336, ""val_me"": 4.87652264766044, ""val_me12"": 14.926051457330757, ""mape_2021"": 57.22896194458008, ""mae_2021"": 7.860039710998535, ""mae12_2021"": 18.716585159301758, ""me_2021"": 4.952873290141291, ""me12_2021"": 18.843124726562095, ""epochs_trained"": 111}",2026-07-02T06:29:35.798347,completed
1,MAPE,48,2,selu,3,16,0.05,43.02821350097656,9.530035972595215,9.163413047790527,5.082168076941336,9.189307314279016,43.02821350097656,6.802756309509277,11.70048999786377,5.190213861575548,11.787268275721818,44.580467224121094,"{""loss"": 35.38728332519531, ""mape"": 35.38728332519531, ""mae"": 7.6511945724487305, ""val_loss"": 43.02821350097656, ""val_mape"": 43.02821350097656, ""val_mae"": 9.530035972595215, ""lr"": 0.00010000000474974513, ""val_mae12"": 9.163413047790527, ""val_me"": 5.082168076941336, ""val_me12"": 9.189307314279016, ""mape_2021"": 44.580467224121094, ""mae_2021"": 6.802756309509277, ""mae12_2021"": 11.70048999786377, ""me_2021"": 5.190213861575548, ""me12_2021"": 11.787268275721818, ""epochs_trained"": 138}",2026-07-02T06:29:38.002506,completed
1,MAPE,48,2,selu,3,64,0.05,30.555025100708008,7.531816482543945,6.879177570343018,4.430005268428916,6.896903235496458,30.555025100708008,5.8617730140686035,7.982500076293945,4.451830567320159,8.024057795861866,34.814910888671875,"{""loss"": 21.24230194091797, ""mape"": 21.24230194091797, ""mae"": 4.737875938415527, ""val_loss"": 30.555025100708008, ""val_mape"": 30.555025100708008, ""val_mae"": 7.531816482543945, ""lr"": 0.00010000000474974513, ""val_mae12"": 6.879177570343018, ""val_me"": 4.430005268428916, ""val_me12"": 6.896903235496458, ""mape_2021"": 34.814910888671875, ""mae_2021"": 5.8617730140686035, ""mae12_2021"": 7.982500076293945, ""me_2021"": 4.451830567320159, ""me12_2021"": 8.024057795861866, ""epochs_trained"": 62}",2026-07-02T06:29:45.349764,completed
1,MAPE,48,2,selu,3,64,0.3,110.16233825683594,21.605850219726562,6.147695064544678,22.267627985563728,6.014945487380166,110.16233825683594,21.656436920166016,8.311921119689941,20.77559009430181,8.30178802237859,94.340576171875,"{""loss"": 85.6328125, ""mape"": 85.6328125, ""mae"": 21.89027214050293, ""val_loss"": 110.16233825683594, ""val_mape"": 110.16233825683594, ""val_mae"": 21.605850219726562, ""lr"": 0.00010000000474974513, ""val_mae12"": 6.147695064544678, ""val_me"": 22.267627985563728, ""val_me12"": 6.014945487380166, ""mape_2021"": 94.340576171875, ""mae_2021"": 21.656436920166016, ""mae12_2021"": 8.311921119689941, ""me_2021"": 20.77559009430181, ""me12_2021"": 8.30178802237859, ""epochs_trained"": 32}",2026-07-02T06:29:45.735762,completed
1,MAPE,48,2,selu,3,64,0.1,61.88412094116211,14.979917526245117,13.953614234924316,4.6464362001514665,13.98417161964866,61.88412094116211,7.540874481201172,16.698192596435547,4.511305449620296,16.784689037042146,52.66699981689453,"{""loss"": 33.308631896972656, ""mape"": 33.308631896972656, ""mae"": 7.346902847290039, ""val_loss"": 61.88412094116211, ""val_mape"": 61.88412094116211, ""val_mae"": 14.979917526245117, ""lr"": 0.00010000000474974513, ""val_mae12"": 13.953614234924316, ""val_me"": 4.6464362001514665, ""val_me12"": 13.98417161964866, ""mape_2021"": 52.66699981689453, ""mae_2021"": 7.540874481201172, ""mae12_2021"": 16.698192596435547, ""me_2021"": 4.511305449620296, ""me12_2021"": 16.784689037042146, ""epochs_trained"": 58}",2026-07-02T06:29:46.271311,completed
1,MAPE,48,2,selu,3,128,0.05,24.282054901123047,5.5032958984375,2.8813304901123047,-3.7900548541897923,2.873022146000064,24.282054901123047,5.2971343994140625,2.043696641921997,-3.891328751890295,1.939552255784532,23.570438385009766,"{""loss"": 11.694904327392578, ""mape"": 11.694904327392578, ""mae"": 2.5226402282714844, ""val_loss"": 24.282054901123047, ""val_mape"": 24.282054901123047, ""val_mae"": 5.5032958984375, ""lr"": 0.00010000000474974513, ""val_mae12"": 2.8813304901123047, ""val_me"": -3.7900548541897923, ""val_me12"": 2.873022146000064, ""mape_2021"": 23.570438385009766, ""mae_2021"": 5.2971343994140625, ""mae12_2021"": 2.043696641921997, ""me_2021"": -3.891328751890295, ""me12_2021"": 1.939552255784532, ""epochs_trained"": 99}",2026-07-02T06:29:59.249112,completed
1,MAPE,48,2,selu,3,128,0.3,120.28141021728516,23.874740600585938,4.302104473114014,23.877488824049372,3.9887768169004567,120.28141021728516,22.81658172607422,6.177567481994629,22.197396704200603,6.103548956395913,97.26616668701172,"{""loss"": 85.93217468261719, ""mape"": 85.93217468261719, ""mae"": 22.11611557006836, ""val_loss"": 120.28141021728516, ""val_mape"": 120.28141021728516, ""val_mae"": 23.874740600585938, ""lr"": 0.00010000000474974513, ""val_mae12"": 4.302104473114014, ""val_me"": 23.877488824049372, ""val_me12"": 3.9887768169004567, ""mape_2021"": 97.26616668701172, ""mae_2021"": 22.81658172607422, ""mae12_2021"": 6.177567481994629, ""me_2021"": 22.197396704200603, ""me12_2021"": 6.103548956395913, ""epochs_trained"": 29}",2026-07-02T06:29:59.810915,completed
1,MAPE,48,2,selu,3,128,0.1,59.713768005371094,14.247564315795898,12.391884803771973,4.158208649394711,12.4211113130734,59.713768005371094,7.269157409667969,14.409539222717285,4.143249111993242,14.46934025291332,48.5653190612793,"{""loss"": 25.792652130126953, ""mape"": 25.792652130126953, ""mae"": 5.593465805053711, ""val_loss"": 59.713768005371094, ""val_mape"": 59.713768005371094, ""val_mae"": 14.247564315795898, ""lr"": 0.00010000000474974513, ""val_mae12"": 12.391884803771973, ""val_me"": 4.158208649394711, ""val_me12"": 12.4211113130734, ""mape_2021"": 48.5653190612793, ""mae_2021"": 7.269157409667969, ""mae12_2021"": 14.409539222717285, ""me_2021"": 4.143249111993242, ""me12_2021"": 14.46934025291332, ""epochs_trained"": 47}",2026-07-02T06:30:00.705533,completed
1,MAPE,48,2,selu,3,128,0.0,3.466144561767578,0.6783928275108337,0.8922661542892456,0.11656590935260186,0.23954975683997728,3.466144561767578,0.6704208850860596,1.0145726203918457,0.1497574335154204,-0.5425551322435842,4.292112350463867,"{""loss"": 2.8992815017700195, ""mape"": 2.8992815017700195, ""mae"": 0.5887840986251831, ""val_loss"": 3.466144561767578, ""val_mape"": 3.466144561767578, ""val_mae"": 0.6783928275108337, ""lr"": 1.0000000656873453e-05, ""val_mae12"": 0.8922661542892456, ""val_me"": 0.11656590935260186, ""val_me12"": 0.23954975683997728, ""mape_2021"": 4.292112350463867, ""mae_2021"": 0.6704208850860596, ""mae12_2021"": 1.0145726203918457, ""me_2021"": 0.1497574335154204, ""me12_2021"": -0.5425551322435842, ""epochs_trained"": 279}",2026-07-02T06:30:07.046672,completed
1,MAPE,48,2,selu,3,64,0.0,3.392538070678711,0.6653880476951599,0.8852143287658691,0.09749185129189432,0.28199101582695013,3.392538070678711,0.6772709488868713,0.9684170484542847,0.16610444052692974,-0.4917734992630454,4.220776557922363,"{""loss"": 2.827775239944458, ""mape"": 2.827775239944458, ""mae"": 0.5729659795761108, ""val_loss"": 3.392538070678711, ""val_mape"": 3.392538070678711, ""val_mae"": 0.6653880476951599, ""lr"": 1.0000000656873453e-05, ""val_mae12"": 0.8852143287658691, ""val_me"": 0.09749185129189432, ""val_me12"": 0.28199101582695013, ""mape_2021"": 4.220776557922363, ""mae_2021"": 0.6772709488868713, ""mae12_2021"": 0.9684170484542847, ""me_2021"": 0.16610444052692974, ""me12_2021"": -0.4917734992630454, ""epochs_trained"": 503}",2026-07-02T06:30:12.792235,completed
1,MAPE,48,2,selu,3,32,0.0,3.5390403270721436,0.6769275665283203,0.9279146194458008,0.1134142818172824,0.3838543236925382,3.5390403270721436,0.6920655369758606,0.8024004697799683,0.17613229597654367,-0.19405465226504046,3.8738882541656494,"{""loss"": 2.8654332160949707, ""mape"": 2.8654332160949707, ""mae"": 0.5804211497306824, ""val_loss"": 3.5390403270721436, ""val_mape"": 3.5390403270721436, ""val_mae"": 0.6769275665283203, ""lr"": 0.00010000000474974513, ""val_mae12"": 0.9279146194458008, ""val_me"": 0.1134142818172824, ""val_me12"": 0.3838543236925382, ""mape_2021"": 3.8738882541656494, ""mae_2021"": 0.6920655369758606, ""mae12_2021"": 0.8024004697799683, ""me_2021"": 0.17613229597654367, ""me12_2021"": -0.19405465226504046, ""epochs_trained"": 774}",2026-07-02T06:30:16.899429,completed
1,MAPE,48,2,selu,3,16,0.0,3.4736459255218506,0.6831210255622864,0.9646201729774475,0.08804787224702926,0.4823695390926927,3.4736459255218506,0.6399083137512207,0.9001312851905823,0.10961843382227714,0.1775162737221127,3.6374263763427734,"{""loss"": 2.8266355991363525, ""mape"": 2.8266355991363525, ""mae"": 0.578691840171814, ""val_loss"": 3.4736459255218506, ""val_mape"": 3.4736459255218506, ""val_mae"": 0.6831210255622864, ""lr"": 0.00010000000474974513, ""val_mae12"": 0.9646201729774475, ""val_me"": 0.08804787224702926, ""val_me12"": 0.4823695390926927, ""mape_2021"": 3.6374263763427734, ""mae_2021"": 0.6399083137512207, ""mae12_2021"": 0.9001312851905823, ""me_2021"": 0.10961843382227714, ""me12_2021"": 0.1775162737221127, ""epochs_trained"": 792}",2026-07-02T06:30:16.992855,completed
1,MAPE,48,2,selu,3,256,0.3,96.00299835205078,13.822198867797852,3.4590179920196533,24.001705619560816,2.4008105766570034,96.00299835205078,22.997901916503906,5.246631145477295,22.499092779976177,4.671027457530361,98.50909423828125,"{""loss"": 76.37014770507812, ""mape"": 76.37014770507812, ""mae"": 19.2689266204834, ""val_loss"": 96.00299835205078, ""val_mape"": 96.00299835205078, ""val_mae"": 13.822198867797852, ""lr"": 0.00010000000474974513, ""val_mae12"": 3.4590179920196533, ""val_me"": 24.001705619560816, ""val_me12"": 2.4008105766570034, ""mape_2021"": 98.50909423828125, ""mae_2021"": 22.997901916503906, ""mae12_2021"": 5.246631145477295, ""me_2021"": 22.499092779976177, ""me12_2021"": 4.671027457530361, ""epochs_trained"": 26}",2026-07-02T06:30:46.672169,completed
1,MAPE,48,2,selu,3,256,0.1,67.92308807373047,15.729454040527344,10.929551124572754,3.7551531252307266,10.941512178746052,67.92308807373047,7.543637752532959,12.848703384399414,3.927700800517604,12.896582183168503,48.506561279296875,"{""loss"": 22.899051666259766, ""mape"": 22.899051666259766, ""mae"": 4.723156452178955, ""val_loss"": 67.92308807373047, ""val_mape"": 67.92308807373047, ""val_mae"": 15.729454040527344, ""lr"": 0.00010000000474974513, ""val_mae12"": 10.929551124572754, ""val_me"": 3.7551531252307266, ""val_me12"": 10.941512178746052, ""mape_2021"": 48.506561279296875, ""mae_2021"": 7.543637752532959, ""mae12_2021"": 12.848703384399414, ""me_2021"": 3.927700800517604, ""me12_2021"": 12.896582183168503, ""epochs_trained"": 39}",2026-07-02T06:30:49.399399,completed
1,MAPE,48,2,selu,3,256,0.05,24.82101058959961,5.7166242599487305,3.2904491424560547,-4.825429629212734,3.284034854458866,24.82101058959961,5.274494171142578,2.4034812450408936,-4.787370649920134,1.904255047750064,23.51873207092285,"{""loss"": 10.088040351867676, ""mape"": 10.088040351867676, ""mae"": 2.1494081020355225, ""val_loss"": 24.82101058959961, ""val_mape"": 24.82101058959961, ""val_mae"": 5.7166242599487305, ""lr"": 0.00010000000474974513, ""val_mae12"": 3.2904491424560547, ""val_me"": -4.825429629212734, ""val_me12"": 3.284034854458866, ""mape_2021"": 23.51873207092285, ""mae_2021"": 5.274494171142578, ""mae12_2021"": 2.4034812450408936, ""me_2021"": -4.787370649920134, ""me12_2021"": 1.904255047750064, ""epochs_trained"": 88}",2026-07-02T06:30:53.947353,completed
1,MAPE,48,2,selu,3,256,0.0,3.37727427482605,0.6631930470466614,0.8916458487510681,0.09213711171723712,0.34355544495514745,3.37727427482605,0.6283025741577148,0.9839003086090088,0.13598356533218314,-0.4232427694636865,4.003385066986084,"{""loss"": 2.8662667274475098, ""mape"": 2.8662667274475098, ""mae"": 0.5807382464408875, ""val_loss"": 3.37727427482605, ""val_mape"": 3.37727427482605, ""val_mae"": 0.6631930470466614, ""lr"": 1.0000000656873453e-05, ""val_mae12"": 0.8916458487510681, ""val_me"": 0.09213711171723712, ""val_me12"": 0.34355544495514745, ""mape_2021"": 4.003385066986084, ""mae_2021"": 0.6283025741577148, ""mae12_2021"": 0.9839003086090088, ""me_2021"": 0.13598356533218314, ""me12_2021"": -0.4232427694636865, ""epochs_trained"": 219}",2026-07-02T06:31:04.698610,completed
1,MAPE,48,3,relu,1,16,0.3,42.135276794433594,8.645180702209473,6.000462532043457,7.926374469156779,4.561188013363834,42.135276794433594,9.95290470123291,6.400611400604248,9.279117109569105,4.420806949319171,53.14405059814453,"{""loss"": 50.453521728515625, ""mape"": 50.453521728515625, ""mae"": 11.122998237609863, ""val_loss"": 42.135276794433594, ""val_mape"": 42.135276794433594, ""val_mae"": 8.645180702209473, ""lr"": 9.999999747378752e-06, ""val_mae12"": 6.000462532043457, ""val_me"": 7.926374469156779, ""val_me12"": 4.561188013363834, ""mape_2021"": 53.14405059814453, ""mae_2021"": 9.95290470123291, ""mae12_2021"": 6.400611400604248, ""me_2021"": 9.279117109569105, ""me12_2021"": 4.420806949319171, ""epochs_trained"": 1590}",2026-07-02T06:32:14.201410,completed
1,MAPE,48,3,relu,1,16,0.05,3.5959632396698,0.7048906683921814,1.0987285375595093,0.31930510572747045,0.3185887494554157,3.5959632396698,0.881976306438446,1.1296733617782593,0.5800182071368809,-0.3903174234942656,5.103409290313721,"{""loss"": 6.729350566864014, ""mape"": 6.729350566864014, ""mae"": 1.4812804460525513, ""val_loss"": 3.5959632396698, ""val_mape"": 3.5959632396698, ""val_mae"": 0.7048906683921814, ""lr"": 0.00010000000474974513, ""val_mae12"": 1.0987285375595093, ""val_me"": 0.31930510572747045, ""val_me12"": 0.3185887494554157, ""mape_2021"": 5.103409290313721, ""mae_2021"": 0.881976306438446, ""mae12_2021"": 1.1296733617782593, ""me_2021"": 0.5800182071368809, ""me12_2021"": -0.3903174234942656, ""epochs_trained"": 1699}",2026-07-02T06:32:20.709073,completed
1,MAPE,48,3,relu,1,32,0.1,3.367405891418457,0.6329931020736694,1.2572410106658936,0.07141180912797285,0.4829183693670438,3.367405891418457,0.7854756712913513,1.1051464080810547,0.39769021362438134,-0.08884879231060606,4.706587791442871,"{""loss"": 7.902185440063477, ""mape"": 7.902185440063477, ""mae"": 1.7677030563354492, ""val_loss"": 3.367405891418457, ""val_mape"": 3.367405891418457, ""val_mae"": 0.6329931020736694, ""lr"": 1.0000000656873453e-05, ""val_mae12"": 1.2572410106658936, ""val_me"": 0.07141180912797285, ""val_me12"": 0.4829183693670438, ""mape_2021"": 4.706587791442871, ""mae_2021"": 0.7854756712913513, ""mae12_2021"": 1.1051464080810547, ""me_2021"": 0.39769021362438134, ""me12_2021"": -0.08884879231060606, ""epochs_trained"": 1482}",2026-07-02T06:32:21.013590,completed
1,MAPE,48,3,relu,1,16,0.1,4.509797096252441,0.9111851453781128,1.2971694469451904,0.679325607706159,0.40574739501164075,4.509797096252441,1.1273189783096313,1.2971082925796509,0.9822125070520045,-0.3209568567203654,6.288021087646484,"{""loss"": 9.937713623046875, ""mape"": 9.937713623046875, ""mae"": 2.2662010192871094, ""val_loss"": 4.509797096252441, ""val_mape"": 4.509797096252441, ""val_mae"": 0.9111851453781128, ""lr"": 0.00010000000474974513, ""val_mae12"": 1.2971694469451904, ""val_me"": 0.679325607706159, ""val_me12"": 0.40574739501164075, ""mape_2021"": 6.288021087646484, ""mae_2021"": 1.1273189783096313, ""mae12_2021"": 1.2971082925796509, ""me_2021"": 0.9822125070520045, ""me12_2021"": -0.3209568567203654, ""epochs_trained"": 1870}",2026-07-02T06:32:29.424542,completed
1,MAPE,48,3,relu,1,32,0.05,3.2946157455444336,0.6308200359344482,1.0011146068572998,0.25078912101480755,0.09475704982433736,3.2946157455444336,0.8651694059371948,1.235132098197937,0.5292056045471515,-0.658941402359633,5.159151554107666,"{""loss"": 6.910146236419678, ""mape"": 6.910146236419678, ""mae"": 1.4893425703048706, ""val_loss"": 3.2946157455444336, ""val_mape"": 3.2946157455444336, ""val_mae"": 0.6308200359344482, ""lr"": 1.0000000656873453e-05, ""val_mae12"": 1.0011146068572998, ""val_me"": 0.25078912101480755, ""val_me12"": 0.09475704982433736, ""mape_2021"": 5.159151554107666, ""mae_2021"": 0.8651694059371948, ""mae12_2021"": 1.235132098197937, ""me_2021"": 0.5292056045471515, ""me12_2021"": -0.658941402359633, ""epochs_trained"": 1702}",2026-07-02T06:32:29.610541,completed
1,MAPE,48,3,relu,1,32,0.3,4.031831741333008,0.7805455923080444,1.239525318145752,0.4555897513229685,0.7274636721070014,4.031831741333008,1.0435196161270142,1.021828293800354,0.8337166252606876,-0.03805722780961194,5.659573554992676,"{""loss"": 13.379552841186523, ""mape"": 13.379552841186523, ""mae"": 3.1249406337738037, ""val_loss"": 4.031831741333008, ""val_mape"": 4.031831741333008, ""val_mae"": 0.7805455923080444, ""lr"": 0.00010000000474974513, ""val_mae12"": 1.239525318145752, ""val_me"": 0.4555897513229685, ""val_me12"": 0.7274636721070014, ""mape_2021"": 5.659573554992676, ""mae_2021"": 1.0435196161270142, ""mae12_2021"": 1.021828293800354, ""me_2021"": 0.8337166252606876, ""me12_2021"": -0.03805722780961194, ""epochs_trained"": 1494}",2026-07-02T06:32:30.184542,completed
1,MAPE,48,3,relu,1,32,0.0,3.370008707046509,0.6598907709121704,1.2394165992736816,-0.281271781157514,0.38451551788626515,3.370008707046509,0.6983508467674255,1.0332173109054565,-0.007205413756627289,-0.21263859505614255,4.229525089263916,"{""loss"": 3.130038022994995, ""mape"": 3.130038022994995, ""mae"": 0.6436197757720947, ""val_loss"": 3.370008707046509, ""val_mape"": 3.370008707046509, ""val_mae"": 0.6598907709121704, ""lr"": 0.00010000000474974513, ""val_mae12"": 1.2394165992736816, ""val_me"": -0.281271781157514, ""val_me12"": 0.38451551788626515, ""mape_2021"": 4.229525089263916, ""mae_2021"": 0.6983508467674255, ""mae12_2021"": 1.0332173109054565, ""me_2021"": -0.007205413756627289, ""me12_2021"": -0.21263859505614255, ""epochs_trained"": 2166}",2026-07-02T06:32:50.987144,completed
1,MAPE,48,3,relu,1,16,0.0,3.7489981651306152,0.7280821800231934,1.189027190208435,-0.20093804801483284,0.5710633826296297,3.7489981651306152,0.7410228848457336,1.0633025169372559,0.1701382353963266,-0.4699675777625657,4.415598392486572,"{""loss"": 3.4588937759399414, ""mape"": 3.4588937759399414, ""mae"": 0.6908420920372009, ""val_loss"": 3.7489981651306152, ""val_mape"": 3.7489981651306152, ""val_mae"": 0.7280821800231934, ""lr"": 0.00010000000474974513, ""val_mae12"": 1.189027190208435, ""val_me"": -0.20093804801483284, ""val_me12"": 0.5710633826296297, ""mape_2021"": 4.415598392486572, ""mae_2021"": 0.7410228848457336, ""mae12_2021"": 1.0633025169372559, ""me_2021"": 0.1701382353963266, ""me12_2021"": -0.4699675777625657, ""epochs_trained"": 2813}",2026-07-02T06:33:16.950689,completed
1,MAPE,48,3,relu,1,64,0.05,3.0490188598632812,0.585797131061554,1.0699869394302368,-0.149126587311632,0.47434073035714935,3.0490188598632812,0.6757484674453735,1.1624677181243896,0.13228369861140676,-0.18319243084109005,4.264852046966553,"{""loss"": 5.128572463989258, ""mape"": 5.128572463989258, ""mae"": 1.083195686340332, ""val_loss"": 3.0490188598632812, ""val_mape"": 3.0490188598632812, ""val_mae"": 0.585797131061554, ""lr"": 0.00010000000474974513, ""val_mae12"": 1.0699869394302368, ""val_me"": -0.149126587311632, ""val_me12"": 0.47434073035714935, ""mape_2021"": 4.264852046966553, ""mae_2021"": 0.6757484674453735, ""mae12_2021"": 1.1624677181243896, ""me_2021"": 0.13228369861140676, ""me12_2021"": -0.18319243084109005, ""epochs_trained"": 1154}",2026-07-02T06:33:24.302673,completed
1,MAPE,48,3,relu,1,64,0.1,3.235056161880493,0.6171863079071045,1.046696424484253,-0.036854154743370435,0.19835559433473676,3.235056161880493,0.7586221098899841,1.1837923526763916,0.28082283503334327,-0.3470860483927258,4.597036361694336,"{""loss"": 6.871191024780273, ""mape"": 6.871191024780273, ""mae"": 1.5163440704345703, ""val_loss"": 3.235056161880493, ""val_mape"": 3.235056161880493, ""val_mae"": 0.6171863079071045, ""lr"": 0.00010000000474974513, ""val_mae12"": 1.046696424484253, ""val_me"": -0.036854154743370435, ""val_me12"": 0.19835559433473676, ""mape_2021"": 4.597036361694336, ""mae_2021"": 0.7586221098899841, ""mae12_2021"": 1.1837923526763916, ""me_2021"": 0.28082283503334327, ""me12_2021"": -0.3470860483927258, ""epochs_trained"": 1281}",2026-07-02T06:33:29.729336,completed
1,MAPE,48,3,relu,1,64,0.3,3.2119925022125244,0.6084288954734802,1.3091028928756714,0.15511075740709182,0.6097095267406117,3.2119925022125244,0.7884221076965332,1.0268760919570923,0.5035491285858392,-0.0013057203386067928,4.603039264678955,"{""loss"": 10.828012466430664, ""mape"": 10.828012466430664, ""mae"": 2.5192618370056152, ""val_loss"": 3.2119925022125244, ""val_mape"": 3.2119925022125244, ""val_mae"": 0.6084288954734802, ""lr"": 0.00010000000474974513, ""val_mae12"": 1.3091028928756714, ""val_me"": 0.15511075740709182, ""val_me12"": 0.6097095267406117, ""mape_2021"": 4.603039264678955, ""mae_2021"": 0.7884221076965332, ""mae12_2021"": 1.0268760919570923, ""me_2021"": 0.5035491285858392, ""me12_2021"": -0.0013057203386067928, ""epochs_trained"": 1229}",2026-07-02T06:33:33.107581,completed
1,MAPE,48,3,relu,1,64,0.0,3.4738478660583496,0.6938648223876953,1.1999977827072144,-0.2368556704651307,0.3682605777176208,3.4738478660583496,0.7725148797035217,0.9864776134490967,0.046703937442252146,-0.382934499412163,4.437870025634766,"{""loss"": 3.4350321292877197, ""mape"": 3.4350321292877197, ""mae"": 0.7203531265258789, ""val_loss"": 3.4738478660583496, ""val_mape"": 3.4738478660583496, ""val_mae"": 0.6938648223876953, ""lr"": 0.00010000000474974513, ""val_mae12"": 1.1999977827072144, ""val_me"": -0.2368556704651307, ""val_me12"": 0.3682605777176208, ""mape_2021"": 4.437870025634766, ""mae_2021"": 0.7725148797035217, ""mae12_2021"": 0.9864776134490967, ""me_2021"": 0.046703937442252146, ""me12_2021"": -0.382934499412163, ""epochs_trained"": 2130}",2026-07-02T06:33:52.079403,completed
1,MAPE,48,3,relu,1,256,0.1,3.463474988937378,0.6696854829788208,1.1142319440841675,-0.2692645151618289,0.13161451572730157,3.463474988937378,0.7335205674171448,1.3404639959335327,0.006883195077290104,-0.41037622413309144,4.737663745880127,"{""loss"": 5.09810209274292, ""mape"": 5.09810209274292, ""mae"": 1.039677381515503, ""val_loss"": 3.463474988937378, ""val_mape"": 3.463474988937378, ""val_mae"": 0.6696854829788208, ""lr"": 1.0000000656873453e-05, ""val_mae12"": 1.1142319440841675, ""val_me"": -0.2692645151618289, ""val_me12"": 0.13161451572730157, ""mape_2021"": 4.737663745880127, ""mae_2021"": 0.7335205674171448, ""mae12_2021"": 1.3404639959335327, ""me_2021"": 0.006883195077290104, ""me12_2021"": -0.41037622413309144, ""epochs_trained"": 656}",2026-07-02T06:35:33.726783,completed
1,MAPE,48,3,relu,1,256,0.05,3.615835666656494,0.7159008979797363,1.1005072593688965,-0.2510561218769507,0.16903187277276213,3.615835666656494,0.7631499171257019,1.2960938215255737,0.013281751569885824,-0.39132116543633577,4.908493518829346,"{""loss"": 4.630610466003418, ""mape"": 4.630610466003418, ""mae"": 0.9305965304374695, ""val_loss"": 3.615835666656494, ""val_mape"": 3.615835666656494, ""val_mae"": 0.7159008979797363, ""lr"": 0.00010000000474974513, ""val_mae12"": 1.1005072593688965, ""val_me"": -0.2510561218769507, ""val_me12"": 0.16903187277276213, ""mape_2021"": 4.908493518829346, ""mae_2021"": 0.7631499171257019, ""mae12_2021"": 1.2960938215255737, ""me_2021"": 0.013281751569885824, ""me12_2021"": -0.39132116543633577, ""epochs_trained"": 669}",2026-07-02T06:35:34.772862,completed
1,MAPE,48,3,relu,1,256,0.3,3.251953125,0.6049261093139648,0.9687932133674622,-0.1795103033659406,0.2545489225776978,3.251953125,0.6934890151023865,1.200614333152771,0.11489423165237282,-0.21160710425448143,4.347818374633789,"{""loss"": 6.633944034576416, ""mape"": 6.633944034576416, ""mae"": 1.443302035331726, ""val_loss"": 3.251953125, ""val_mape"": 3.251953125, ""val_mae"": 0.6049261093139648, ""lr"": 0.00010000000474974513, ""val_mae12"": 0.9687932133674622, ""val_me"": -0.1795103033659406, ""val_me12"": 0.2545489225776978, ""mape_2021"": 4.347818374633789, ""mae_2021"": 0.6934890151023865, ""mae12_2021"": 1.200614333152771, ""me_2021"": 0.11489423165237282, ""me12_2021"": -0.21160710425448143, ""epochs_trained"": 689}",2026-07-02T06:35:35.865080,completed
1,MAPE,48,3,relu,2,16,0.0,45.65495681762695,9.048155784606934,11.393975257873535,6.913234204052989,11.437842444466556,45.65495681762695,10.380819320678711,13.164176940917969,8.277181614315396,13.07998736173307,63.77650833129883,"{""loss"": 45.9556884765625, ""mape"": 45.9556884765625, ""mae"": 9.708279609680176, ""val_loss"": 45.65495681762695, ""val_mape"": 45.65495681762695, ""val_mae"": 9.048155784606934, ""lr"": 0.00010000000474974513, ""val_mae12"": 11.393975257873535, ""val_me"": 6.913234204052989, ""val_me12"": 11.437842444466556, ""mape_2021"": 63.77650833129883, ""mae_2021"": 10.380819320678711, ""mae12_2021"": 13.164176940917969, ""me_2021"": 8.277181614315396, ""me12_2021"": 13.07998736173307, ""epochs_trained"": 100}",2026-07-02T06:35:49.842104,completed
1,MAPE,48,3,relu,2,16,0.05,46.70320129394531,9.306721687316895,11.38247013092041,7.082925219542874,11.316973176219774,46.70320129394531,10.455668449401855,13.151183128356934,8.409734271370821,12.979753151241889,63.88531494140625,"{""loss"": 48.51983642578125, ""mape"": 48.51983642578125, ""mae"": 10.438769340515137, ""val_loss"": 46.70320129394531, ""val_mape"": 46.70320129394531, ""val_mae"": 9.306721687316895, ""lr"": 0.00010000000474974513, ""val_mae12"": 11.38247013092041, ""val_me"": 7.082925219542874, ""val_me12"": 11.316973176219774, ""mape_2021"": 63.88531494140625, ""mae_2021"": 10.455668449401855, ""mae12_2021"": 13.151183128356934, ""me_2021"": 8.409734271370821, ""me12_2021"": 12.979753151241889, ""epochs_trained"": 88}",2026-07-02T06:35:50.586715,completed
1,MAPE,48,3,relu,1,128,0.1,3.185300588607788,0.616721510887146,1.1147929430007935,-0.228636473387384,0.24960980113364697,3.185300588607788,0.662651002407074,1.1174042224884033,0.0894376634220466,-0.19384566848084392,4.242329120635986,"{""loss"": 5.634483337402344, ""mape"": 5.634483337402344, ""mae"": 1.2011737823486328, ""val_loss"": 3.185300588607788, ""val_mape"": 3.185300588607788, ""val_mae"": 0.616721510887146, ""lr"": 1.0000000656873453e-05, ""val_mae12"": 1.1147929430007935, ""val_me"": -0.228636473387384, ""val_me12"": 0.24960980113364697, ""mape_2021"": 4.242329120635986, ""mae_2021"": 0.662651002407074, ""mae12_2021"": 1.1174042224884033, ""me_2021"": 0.0894376634220466, ""me12_2021"": -0.19384566848084392, ""epochs_trained"": 929}",2026-07-02T06:36:00.479715,completed
1,MAPE,48,3,relu,1,128,0.05,3.0768702030181885,0.5870454907417297,1.0695070028305054,-0.20119742175894273,0.2802794675363552,3.0768702030181885,0.6569110751152039,1.1938527822494507,0.06144284510683397,-0.3397859434468277,4.2346930503845215,"{""loss"": 4.395030498504639, ""mape"": 4.395030498504639, ""mae"": 0.9027693271636963, ""val_loss"": 3.0768702030181885, ""val_mape"": 3.0768702030181885, ""val_mae"": 0.5870454907417297, ""lr"": 0.00010000000474974513, ""val_mae12"": 1.0695070028305054, ""val_me"": -0.20119742175894273, ""val_me12"": 0.2802794675363552, ""mape_2021"": 4.2346930503845215, ""mae_2021"": 0.6569110751152039, ""mae12_2021"": 1.1938527822494507, ""me_2021"": 0.06144284510683397, ""me12_2021"": -0.3397859434468277, ""epochs_trained"": 982}",2026-07-02T06:36:03.560773,completed
1,MAPE,48,3,relu,2,32,0.05,46.15495681762695,9.231417655944824,10.582426071166992,7.007795165744434,10.553944601066888,46.15495681762695,10.448786735534668,12.179557800292969,8.395567447038857,12.096513133615868,63.009788513183594,"{""loss"": 47.05398941040039, ""mape"": 47.05398941040039, ""mae"": 10.074501991271973, ""val_loss"": 46.15495681762695, ""val_mape"": 46.15495681762695, ""val_mae"": 9.231417655944824, ""lr"": 0.00010000000474974513, ""val_mae12"": 10.582426071166992, ""val_me"": 7.007795165744434, ""val_me12"": 10.553944601066888, ""mape_2021"": 63.009788513183594, ""mae_2021"": 10.448786735534668, ""mae12_2021"": 12.179557800292969, ""me_2021"": 8.395567447038857, ""me12_2021"": 12.096513133615868, ""epochs_trained"": 83}",2026-07-02T06:36:13.853264,completed
1,MAPE,48,3,relu,1,256,0.0,3.535498857498169,0.6805452108383179,1.1092140674591064,-0.25705587629683796,0.3399966768948805,3.535498857498169,0.7219699025154114,1.0384644269943237,0.022229675226566423,-0.37372013997308146,4.271174907684326,"{""loss"": 3.377929449081421, ""mape"": 3.377929449081421, ""mae"": 0.6959219574928284, ""val_loss"": 3.535498857498169, ""val_mape"": 3.535498857498169, ""val_mae"": 0.6805452108383179, ""lr"": 0.00010000000474974513, ""val_mae12"": 1.1092140674591064, ""val_me"": -0.25705587629683796, ""val_me12"": 0.3399966768948805, ""mape_2021"": 4.271174907684326, ""mae_2021"": 0.7219699025154114, ""mae12_2021"": 1.0384644269943237, ""me_2021"": 0.022229675226566423, ""me12_2021"": -0.37372013997308146, ""epochs_trained"": 1195}",2026-07-02T06:36:26.598109,completed
1,MAPE,48,3,relu,2,16,0.1,4.620608806610107,0.9038968682289124,1.4887701272964478,0.5872316054402551,0.87405630222586,4.620608806610107,1.1623306274414062,1.2466456890106201,0.9300639392935426,0.051681054668906025,6.277049541473389,"{""loss"": 13.060989379882812, ""mape"": 13.060989379882812, ""mae"": 3.047358512878418, ""val_loss"": 4.620608806610107, ""val_mape"": 4.620608806610107, ""val_mae"": 0.9038968682289124, ""lr"": 0.00010000000474974513, ""val_mae12"": 1.4887701272964478, ""val_me"": 0.5872316054402551, ""val_me12"": 0.87405630222586, ""mape_2021"": 6.277049541473389, ""mae_2021"": 1.1623306274414062, ""mae12_2021"": 1.2466456890106201, ""me_2021"": 0.9300639392935426, ""me12_2021"": 0.051681054668906025, ""epochs_trained"": 876}",2026-07-02T06:36:46.364558,completed
1,MAPE,48,3,relu,1,128,0.0,3.215909957885742,0.6362645626068115,1.0947885513305664,-0.2601158723852933,0.21823648396951265,3.215909957885742,0.6721334457397461,1.0275782346725464,0.0008279067223422948,-0.2638894366626889,4.047076225280762,"{""loss"": 2.9946212768554688, ""mape"": 2.9946212768554688, ""mae"": 0.617548406124115, ""val_loss"": 3.215909957885742, ""val_mape"": 3.215909957885742, ""val_mae"": 0.6362645626068115, ""lr"": 0.00010000000474974513, ""val_mae12"": 1.0947885513305664, ""val_me"": -0.2601158723852933, ""val_me12"": 0.21823648396951265, ""mape_2021"": 4.047076225280762, ""mae_2021"": 0.6721334457397461, ""mae12_2021"": 1.0275782346725464, ""me_2021"": 0.0008279067223422948, ""me12_2021"": -0.2638894366626889, ""epochs_trained"": 1681}",2026-07-02T06:36:48.918308,completed
1,MAPE,48,3,relu,2,32,0.1,3.4451372623443604,0.6460531949996948,1.425396203994751,0.11488245170614776,0.9888385696955606,3.4451372623443604,0.7935192584991455,1.140358328819275,0.4299871582644696,-0.08462787131628015,4.542198657989502,"{""loss"": 9.464284896850586, ""mape"": 9.464284896850586, ""mae"": 2.160245656967163, ""val_loss"": 3.4451372623443604, ""val_mape"": 3.4451372623443604, ""val_mae"": 0.6460531949996948, ""lr"": 0.00010000000474974513, ""val_mae12"": 1.425396203994751, ""val_me"": 0.11488245170614776, ""val_me12"": 0.9888385696955606, ""mape_2021"": 4.542198657989502, ""mae_2021"": 0.7935192584991455, ""mae12_2021"": 1.140358328819275, ""me_2021"": 0.4299871582644696, ""me12_2021"": -0.08462787131628015, ""epochs_trained"": 665}",2026-07-02T06:36:53.464956,completed
1,MAPE,48,3,relu,2,16,0.3,6.421541213989258,1.3123050928115845,1.444715976715088,1.165628732224812,1.0887630720295352,6.421541213989258,1.6646854877471924,1.2081749439239502,1.560722038284835,0.2651399398661922,9.212095260620117,"{""loss"": 21.857553482055664, ""mape"": 21.857553482055664, ""mae"": 5.188241004943848, ""val_loss"": 6.421541213989258, ""val_mape"": 6.421541213989258, ""val_mae"": 1.3123050928115845, ""lr"": 0.00010000000474974513, ""val_mae12"": 1.444715976715088, ""val_me"": 1.165628732224812, ""val_me12"": 1.0887630720295352, ""mape_2021"": 9.212095260620117, ""mae_2021"": 1.6646854877471924, ""mae12_2021"": 1.2081749439239502, ""me_2021"": 1.560722038284835, ""me12_2021"": 0.2651399398661922, ""epochs_trained"": 861}",2026-07-02T06:36:54.319006,completed
1,MAPE,48,3,relu,2,32,0.3,4.655843257904053,0.8605877161026001,1.86424720287323,0.5161441369323937,1.5851424930388158,4.655843257904053,1.140026569366455,1.3151780366897583,0.88174017641315,0.47442983613362405,6.512873649597168,"{""loss"": 16.34942054748535, ""mape"": 16.34942054748535, ""mae"": 3.7981996536254883, ""val_loss"": 4.655843257904053, ""val_mape"": 4.655843257904053, ""val_mae"": 0.8605877161026001, ""lr"": 1.0000000656873453e-05, ""val_mae12"": 1.86424720287323, ""val_me"": 0.5161441369323937, ""val_me12"": 1.5851424930388158, ""mape_2021"": 6.512873649597168, ""mae_2021"": 1.140026569366455, ""mae12_2021"": 1.3151780366897583, ""me_2021"": 0.88174017641315, ""me12_2021"": 0.47442983613362405, ""epochs_trained"": 619}",2026-07-02T06:36:57.765288,completed
1,MAPE,48,3,relu,2,32,0.0,4.1147966384887695,0.8155569434165955,1.5911649465560913,-0.34898271380616663,0.7687993134756193,4.1147966384887695,0.8795035481452942,1.108741283416748,-0.12335977872746047,-0.036694231288792394,5.012837886810303,"{""loss"": 3.653559446334839, ""mape"": 3.653559446334839, ""mae"": 0.7631255984306335, ""val_loss"": 4.1147966384887695, ""val_mape"": 4.1147966384887695, ""val_mae"": 0.8155569434165955, ""lr"": 1.0000000656873453e-05, ""val_mae12"": 1.5911649465560913, ""val_me"": -0.34898271380616663, ""val_me12"": 0.7687993134756193, ""mape_2021"": 5.012837886810303, ""mae_2021"": 0.8795035481452942, ""mae12_2021"": 1.108741283416748, ""me_2021"": -0.12335977872746047, ""me12_2021"": -0.036694231288792394, ""epochs_trained"": 3884}",2026-07-02T06:38:56.392554,completed
1,MAPE,48,3,relu,1,128,0.3,8.189885139465332,1.6457576751708984,1.9442698955535889,0.3283299361239807,1.1820528742590364,8.189885139465332,2.00056529045105,1.8712592124938965,0.7275626645504875,0.8829490693311498,10.420382499694824,"{""loss"": 12.862834930419922, ""mape"": 12.862834930419922, ""mae"": 2.7748544216156006, ""val_loss"": 8.189885139465332, ""val_mape"": 8.189885139465332, ""val_mae"": 1.6457576751708984, ""lr"": 9.999999747378752e-06, ""val_mae12"": 1.9442698955535889, ""val_me"": 0.3283299361239807, ""val_me12"": 1.1820528742590364, ""mape_2021"": 10.420382499694824, ""mae_2021"": 2.00056529045105, ""mae12_2021"": 1.8712592124938965, ""me_2021"": 0.7275626645504875, ""me12_2021"": 0.8829490693311498, ""epochs_trained"": 4978}",2026-07-02T06:39:09.694681,completed
1,MAPE,48,3,relu,2,128,0.05,3.368443012237549,0.6362088322639465,1.651479959487915,-0.17397112372404008,1.3246891981064584,3.368443012237549,0.6730888485908508,1.176423192024231,0.05316819553804542,0.46693725588951335,4.205425262451172,"{""loss"": 5.021668910980225, ""mape"": 5.021668910980225, ""mae"": 1.0519232749938965, ""val_loss"": 3.368443012237549, ""val_mape"": 3.368443012237549, ""val_mae"": 0.6362088322639465, ""lr"": 1.0000000656873453e-05, ""val_mae12"": 1.651479959487915, ""val_me"": -0.17397112372404008, ""val_me12"": 1.3246891981064584, ""mape_2021"": 4.205425262451172, ""mae_2021"": 0.6730888485908508, ""mae12_2021"": 1.176423192024231, ""me_2021"": 0.05316819553804542, ""me12_2021"": 0.46693725588951335, ""epochs_trained"": 475}",2026-07-02T06:40:26.967102,completed
1,MAPE,48,3,relu,2,128,0.1,3.4089579582214355,0.6229148507118225,1.6686838865280151,-0.10573483847300588,1.3320587619380047,3.4089579582214355,0.669694185256958,1.224593997001648,0.13801871525717202,0.3403371516778563,4.2632927894592285,"{""loss"": 6.258676528930664, ""mape"": 6.258676528930664, ""mae"": 1.3578799962997437, ""val_loss"": 3.4089579582214355, ""val_mape"": 3.4089579582214355, ""val_mae"": 0.6229148507118225, ""lr"": 0.00010000000474974513, ""val_mae12"": 1.6686838865280151, ""val_me"": -0.10573483847300588, ""val_me12"": 1.3320587619380047, ""mape_2021"": 4.2632927894592285, ""mae_2021"": 0.669694185256958, ""mae12_2021"": 1.224593997001648, ""me_2021"": 0.13801871525717202, ""me12_2021"": 0.3403371516778563, ""epochs_trained"": 472}",2026-07-02T06:40:27.058103,completed
1,MAPE,48,3,relu,2,128,0.3,3.564525604248047,0.6498929262161255,1.9042339324951172,-0.07798216133865053,1.683611148532017,3.564525604248047,0.7279021143913269,1.43375825881958,0.22849356164895235,0.652353258992295,4.631931304931641,"{""loss"": 9.258135795593262, ""mape"": 9.258135795593262, ""mae"": 2.094054698944092, ""val_loss"": 3.564525604248047, ""val_mape"": 3.564525604248047, ""val_mae"": 0.6498929262161255, ""lr"": 1.0000000656873453e-05, ""val_mae12"": 1.9042339324951172, ""val_me"": -0.07798216133865053, ""val_me12"": 1.683611148532017, ""mape_2021"": 4.631931304931641, ""mae_2021"": 0.7279021143913269, ""mae12_2021"": 1.43375825881958, ""me_2021"": 0.22849356164895235, ""me12_2021"": 0.652353258992295, ""epochs_trained"": 481}",2026-07-02T06:40:27.273100,completed
1,MAPE,48,3,relu,2,64,0.1,3.382979393005371,0.6402649283409119,1.3453352451324463,-0.05274655586890221,0.8145551815112225,3.382979393005371,0.7346309423446655,1.2179474830627441,0.2428509903591487,-0.1350317439245908,4.528073310852051,"{""loss"": 7.930509567260742, ""mape"": 7.930509567260742, ""mae"": 1.7695386409759521, ""val_loss"": 3.382979393005371, ""val_mape"": 3.382979393005371, ""val_mae"": 0.6402649283409119, ""lr"": 0.00010000000474974513, ""val_mae12"": 1.3453352451324463, ""val_me"": -0.05274655586890221, ""val_me12"": 0.8145551815112225, ""mape_2021"": 4.528073310852051, ""mae_2021"": 0.7346309423446655, ""mae12_2021"": 1.2179474830627441, ""me_2021"": 0.2428509903591487, ""me12_2021"": -0.1350317439245908, ""epochs_trained"": 526}",2026-07-02T06:40:30.993117,completed
1,MAPE,48,3,relu,2,64,0.3,3.9867613315582275,0.7207373976707458,2.0172832012176514,0.14609442054931188,1.7583763636071301,3.9867613315582275,0.8686917424201965,1.4068386554718018,0.45003602725272585,0.7877882961692131,5.348276615142822,"{""loss"": 12.439194679260254, ""mape"": 12.439194679260254, ""mae"": 2.8706369400024414, ""val_loss"": 3.9867613315582275, ""val_mape"": 3.9867613315582275, ""val_mae"": 0.7207373976707458, ""lr"": 1.0000000656873453e-05, ""val_mae12"": 2.0172832012176514, ""val_me"": 0.14609442054931188, ""val_me12"": 1.7583763636071301, ""mape_2021"": 5.348276615142822, ""mae_2021"": 0.8686917424201965, ""mae12_2021"": 1.4068386554718018, ""me_2021"": 0.45003602725272585, ""me12_2021"": 0.7877882961692131, ""epochs_trained"": 514}",2026-07-02T06:40:31.073125,completed
1,MAPE,48,3,relu,2,128,0.0,3.477132797241211,0.6985873579978943,1.3254413604736328,-0.30640838543320864,0.8441031359891376,3.477132797241211,0.6676117181777954,0.9793969392776489,-0.008343536670012246,0.1400345870008672,4.047839164733887,"{""loss"": 2.8958587646484375, ""mape"": 2.8958587646484375, ""mae"": 0.5891184210777283, ""val_loss"": 3.477132797241211, ""val_mape"": 3.477132797241211, ""val_mae"": 0.6985873579978943, ""lr"": 0.00010000000474974513, ""val_mae12"": 1.3254413604736328, ""val_me"": -0.30640838543320864, ""val_me12"": 0.8441031359891376, ""mape_2021"": 4.047839164733887, ""mae_2021"": 0.6676117181777954, ""mae12_2021"": 0.9793969392776489, ""me_2021"": -0.008343536670012246, ""me12_2021"": 0.1400345870008672, ""epochs_trained"": 552}",2026-07-02T06:40:33.146523,completed
1,MAPE,48,3,relu,2,64,0.05,3.375548839569092,0.6206288933753967,1.5321213006973267,-0.06406595225853855,0.9813593643314265,3.375548839569092,0.6796315312385559,1.2259290218353271,0.18488432126419177,0.16422382536840044,4.233963966369629,"{""loss"": 6.263463497161865, ""mape"": 6.263463497161865, ""mae"": 1.3527203798294067, ""val_loss"": 3.375548839569092, ""val_mape"": 3.375548839569092, ""val_mae"": 0.6206288933753967, ""lr"": 1.0000000656873453e-05, ""val_mae12"": 1.5321213006973267, ""val_me"": -0.06406595225853855, ""val_me12"": 0.9813593643314265, ""mape_2021"": 4.233963966369629, ""mae_2021"": 0.6796315312385559, ""mae12_2021"": 1.2259290218353271, ""me_2021"": 0.18488432126419177, ""me12_2021"": 0.16422382536840044, ""epochs_trained"": 595}",2026-07-02T06:40:34.291740,completed
1,MAPE,48,3,relu,2,64,0.0,3.6818301677703857,0.731368899345398,1.460235357284546,-0.34420463868101264,0.7108155826089622,3.6818301677703857,0.7070209980010986,1.118234395980835,-0.006837461246128966,-0.4026895446401454,4.403554439544678,"{""loss"": 3.2100720405578613, ""mape"": 3.2100720405578613, ""mae"": 0.6456395387649536, ""val_loss"": 3.6818301677703857, ""val_mape"": 3.6818301677703857, ""val_mae"": 0.731368899345398, ""lr"": 1.0000000656873453e-05, ""val_mae12"": 1.460235357284546, ""val_me"": -0.34420463868101264, ""val_me12"": 0.7108155826089622, ""mape_2021"": 4.403554439544678, ""mae_2021"": 0.7070209980010986, ""mae12_2021"": 1.118234395980835, ""me_2021"": -0.006837461246128966, ""me12_2021"": -0.4026895446401454, ""epochs_trained"": 637}",2026-07-02T06:40:35.636146,completed
2,MAPE,48,2,selu,2,32,0.3,101.3484115600586,23.07693099975586,7.018611907958984,22.445571663952983,6.775077537185134,101.3484115600586,21.91347312927246,9.763666152954102,20.891836064103355,9.727638970076544,98.1409683227539,"{""loss"": 89.69282531738281, ""mape"": 89.69282531738281, ""mae"": 22.920166015625, ""val_loss"": 101.3484115600586, ""val_mape"": 101.3484115600586, ""val_mae"": 23.07693099975586, ""lr"": 0.00010000000474974513, ""val_mae12"": 7.018611907958984, ""val_me"": 22.445571663952983, ""val_me12"": 6.775077537185134, ""mape_2021"": 98.1409683227539, ""mae_2021"": 21.91347312927246, ""mae12_2021"": 9.763666152954102, ""me_2021"": 20.891836064103355, ""me12_2021"": 9.727638970076544, ""epochs_trained"": 41}",2026-07-03T06:29:51.555410,completed
2,MAPE,48,2,selu,2,32,0.05,58.126949310302734,12.369491577148438,8.584465026855469,8.835447417361769,8.028098912723415,58.126949310302734,10.729934692382812,12.159587860107422,9.251393604419189,11.981908719002709,65.23542022705078,"{""loss"": 46.20310974121094, ""mape"": 46.20310974121094, ""mae"": 9.665901184082031, ""val_loss"": 58.126949310302734, ""val_mape"": 58.126949310302734, ""val_mae"": 12.369491577148438, ""lr"": 0.00010000000474974513, ""val_mae12"": 8.584465026855469, ""val_me"": 8.835447417361769, ""val_me12"": 8.028098912723415, ""mape_2021"": 65.23542022705078, ""mae_2021"": 10.729934692382812, ""mae12_2021"": 12.159587860107422, ""me_2021"": 9.251393604419189, ""me12_2021"": 11.981908719002709, ""epochs_trained"": 70}",2026-07-03T06:29:52.697235,completed
2,MAPE,48,2,selu,2,64,0.05,43.7819709777832,10.479270935058594,6.508319854736328,7.161079667594519,6.398297930717334,43.7819709777832,9.13868236541748,8.593235969543457,7.697461655706651,8.622373098834306,51.231502532958984,"{""loss"": 34.58149719238281, ""mape"": 34.58149719238281, ""mae"": 7.785104274749756, ""val_loss"": 43.7819709777832, ""val_mape"": 43.7819709777832, ""val_mae"": 10.479270935058594, ""lr"": 0.00010000000474974513, ""val_mae12"": 6.508319854736328, ""val_me"": 7.161079667594519, ""val_me12"": 6.398297930717334, ""mape_2021"": 51.231502532958984, ""mae_2021"": 9.13868236541748, ""mae12_2021"": 8.593235969543457, ""me_2021"": 7.697461655706651, ""me12_2021"": 8.622373098834306, ""epochs_trained"": 68}",2026-07-03T06:29:52.699235,completed
2,MAPE,48,2,selu,2,32,0.1,58.62894058227539,13.017926216125488,11.757712364196777,6.893232847874524,11.793198841904479,58.62894058227539,9.257525444030762,15.404739379882812,7.135339622334536,15.520407633906773,60.042579650878906,"{""loss"": 43.3036003112793, ""mape"": 43.3036003112793, ""mae"": 9.245257377624512, ""val_loss"": 58.62894058227539, ""val_mape"": 58.62894058227539, ""val_mae"": 13.017926216125488, ""lr"": 0.00010000000474974513, ""val_mae12"": 11.757712364196777, ""val_me"": 6.893232847874524, ""val_me12"": 11.793198841904479, ""mape_2021"": 60.042579650878906, ""mae_2021"": 9.257525444030762, ""mae12_2021"": 15.404739379882812, ""me_2021"": 7.135339622334536, ""me12_2021"": 15.520407633906773, ""epochs_trained"": 89}",2026-07-03T06:29:53.391346,completed
2,MAPE,48,2,selu,2,64,0.1,65.3184585571289,15.071741104125977,11.525979042053223,7.516379393137377,11.546956059014908,65.3184585571289,9.924358367919922,15.27939510345459,7.920383181908641,15.390814950326588,62.666011810302734,"{""loss"": 42.61899185180664, ""mape"": 42.61899185180664, ""mae"": 9.255825996398926, ""val_loss"": 65.3184585571289, ""val_mape"": 65.3184585571289, ""val_mae"": 15.071741104125977, ""lr"": 0.00010000000474974513, ""val_mae12"": 11.525979042053223, ""val_me"": 7.516379393137377, ""val_me12"": 11.546956059014908, ""mape_2021"": 62.666011810302734, ""mae_2021"": 9.924358367919922, ""mae12_2021"": 15.27939510345459, ""me_2021"": 7.920383181908641, ""me12_2021"": 15.390814950326588, ""epochs_trained"": 69}",2026-07-03T06:30:01.189182,completed
2,MAPE,48,2,selu,2,64,0.3,100.19856262207031,22.135578155517578,4.842996597290039,22.865059213948804,4.005631730511618,100.19856262207031,22.119422912597656,7.101260185241699,21.4223900293302,6.6948686045999395,97.16297149658203,"{""loss"": 88.22838592529297, ""mape"": 88.22838592529297, ""mae"": 22.445833206176758, ""val_loss"": 100.19856262207031, ""val_mape"": 100.19856262207031, ""val_mae"": 22.135578155517578, ""lr"": 0.00010000000474974513, ""val_mae12"": 4.842996597290039, ""val_me"": 22.865059213948804, ""val_me12"": 4.005631730511618, ""mape_2021"": 97.16297149658203, ""mae_2021"": 22.119422912597656, ""mae12_2021"": 7.101260185241699, ""me_2021"": 21.4223900293302, ""me12_2021"": 6.6948686045999395, ""epochs_trained"": 33}",2026-07-03T06:30:01.437791,completed
2,MAPE,48,2,selu,2,128,0.1,52.64918899536133,12.122873306274414,10.947397232055664,7.524198281037752,10.752785474238054,52.64918899536133,9.738115310668945,14.572688102722168,7.8000057238253895,14.63407022338615,61.91047668457031,"{""loss"": 37.34385299682617, ""mape"": 37.34385299682617, ""mae"": 7.997231960296631, ""val_loss"": 52.64918899536133, ""val_mape"": 52.64918899536133, ""val_mae"": 12.122873306274414, ""lr"": 0.00010000000474974513, ""val_mae12"": 10.947397232055664, ""val_me"": 7.524198281037752, ""val_me12"": 10.752785474238054, ""mape_2021"": 61.91047668457031, ""mae_2021"": 9.738115310668945, ""mae12_2021"": 14.572688102722168, ""me_2021"": 7.8000057238253895, ""me12_2021"": 14.63407022338615, ""epochs_trained"": 58}",2026-07-03T06:30:16.735375,completed
2,MAPE,48,2,selu,2,128,0.05,21.064830780029297,4.6952009201049805,2.932159662246704,-4.15450608827806,2.924616050909944,21.064830780029297,4.659339427947998,2.2649331092834473,-4.067603002750573,1.7725322914507702,21.140331268310547,"{""loss"": 8.895527839660645, ""mape"": 8.895527839660645, ""mae"": 2.010530710220337, ""val_loss"": 21.064830780029297, ""val_mape"": 21.064830780029297, ""val_mae"": 4.6952009201049805, ""lr"": 0.00010000000474974513, ""val_mae12"": 2.932159662246704, ""val_me"": -4.15450608827806, ""val_me12"": 2.924616050909944, ""mape_2021"": 21.140331268310547, ""mae_2021"": 4.659339427947998, ""mae12_2021"": 2.2649331092834473, ""me_2021"": -4.067603002750573, ""me12_2021"": 1.7725322914507702, ""epochs_trained"": 223}",2026-07-03T06:30:20.135703,completed
2,MAPE,48,2,selu,2,128,0.3,66.53035736083984,11.427984237670898,27.176700592041016,4.144269292144579,27.23075135509687,66.53035736083984,10.934118270874023,32.34468078613281,3.998638531575915,32.49770379423384,85.70445251464844,"{""loss"": 69.43795776367188, ""mape"": 69.43795776367188, ""mae"": 16.815582275390625, ""val_loss"": 66.53035736083984, ""val_mape"": 66.53035736083984, ""val_mae"": 11.427984237670898, ""lr"": 1.0000000656873453e-05, ""val_mae12"": 27.176700592041016, ""val_me"": 4.144269292144579, ""val_me12"": 27.23075135509687, ""mape_2021"": 85.70445251464844, ""mae_2021"": 10.934118270874023, ""mae12_2021"": 32.34468078613281, ""me_2021"": 3.998638531575915, ""me12_2021"": 32.49770379423384, ""epochs_trained"": 160}",2026-07-03T06:30:22.821601,completed
2,MAPE,48,2,selu,2,128,0.0,3.376546621322632,0.6606373190879822,0.8844174742698669,0.08945023487929774,0.38807139513844846,3.376546621322632,0.676557183265686,0.9899995923042297,0.15074877029102135,-0.3674361829103094,4.175704002380371,"{""loss"": 2.8094277381896973, ""mape"": 2.8094277381896973, ""mae"": 0.5677363276481628, ""val_loss"": 3.376546621322632, ""val_mape"": 3.376546621322632, ""val_mae"": 0.6606373190879822, ""lr"": 1.0000000656873453e-05, ""val_mae12"": 0.8844174742698669, ""val_me"": 0.08945023487929774, ""val_me12"": 0.38807139513844846, ""mape_2021"": 4.175704002380371, ""mae_2021"": 0.676557183265686, ""mae12_2021"": 0.9899995923042297, ""me_2021"": 0.15074877029102135, ""me12_2021"": -0.3674361829103094, ""epochs_trained"": 661}",2026-07-03T06:30:39.142819,completed
2,MAPE,48,2,selu,2,64,0.0,3.7628977298736572,0.7399899363517761,0.8890691995620728,0.16705723895757088,0.2821205529510602,3.7628977298736572,0.7603147625923157,0.9301049113273621,0.21574102850316287,-0.3647861588513912,4.384348392486572,"{""loss"": 2.98795747756958, ""mape"": 2.98795747756958, ""mae"": 0.6126722693443298, ""val_loss"": 3.7628977298736572, ""val_mape"": 3.7628977298736572, ""val_mae"": 0.7399899363517761, ""lr"": 1.0000000656873453e-05, ""val_mae12"": 0.8890691995620728, ""val_me"": 0.16705723895757088, ""val_me12"": 0.2821205529510602, ""mape_2021"": 4.384348392486572, ""mae_2021"": 0.7603147625923157, ""mae12_2021"": 0.9301049113273621, ""me_2021"": 0.21574102850316287, ""me12_2021"": -0.3647861588513912, ""epochs_trained"": 885}",2026-07-03T06:30:40.262199,completed
2,MAPE,48,2,selu,2,32,0.0,3.3931589126586914,0.660629153251648,0.9434244632720947,0.09800308164736259,0.3849815492759616,3.3931589126586914,0.660391092300415,0.9536764621734619,0.14967208286919217,-0.3228462777385508,4.052138805389404,"{""loss"": 2.7682340145111084, ""mape"": 2.7682340145111084, ""mae"": 0.5619640946388245, ""val_loss"": 3.3931589126586914, ""val_mape"": 3.3931589126586914, ""val_mae"": 0.660629153251648, ""lr"": 0.00010000000474974513, ""val_mae12"": 0.9434244632720947, ""val_me"": 0.09800308164736259, ""val_me12"": 0.3849815492759616, ""mape_2021"": 4.052138805389404, ""mae_2021"": 0.660391092300415, ""mae12_2021"": 0.9536764621734619, ""me_2021"": 0.14967208286919217, ""me12_2021"": -0.3228462777385508, ""epochs_trained"": 1074}",2026-07-03T06:30:45.475398,completed
2,MAPE,48,2,selu,2,256,0.1,51.275245666503906,11.581073760986328,8.49863052368164,6.203709653548201,8.52205143473937,51.275245666503906,8.234774589538574,9.609460830688477,6.477083241230896,9.645829367674672,46.51755142211914,"{""loss"": 26.158723831176758, ""mape"": 26.158723831176758, ""mae"": 5.524053573608398, ""val_loss"": 51.275245666503906, ""val_mape"": 51.275245666503906, ""val_mae"": 11.581073760986328, ""lr"": 0.00010000000474974513, ""val_mae12"": 8.49863052368164, ""val_me"": 6.203709653548201, ""val_me12"": 8.52205143473937, ""mape_2021"": 46.51755142211914, ""mae_2021"": 8.234774589538574, ""mae12_2021"": 9.609460830688477, ""me_2021"": 6.477083241230896, ""me12_2021"": 9.645829367674672, ""epochs_trained"": 47}",2026-07-03T06:31:11.539449,completed
2,MAPE,48,2,selu,2,256,0.3,165.52056884765625,38.23861312866211,27.168909072875977,1.3742897797156275,27.21603101011695,165.52056884765625,10.415573120117188,29.731861114501953,1.0281724789222355,29.797758353235057,79.48441314697266,"{""loss"": 37.17348098754883, ""mape"": 37.17348098754883, ""mae"": 7.91715145111084, ""val_loss"": 165.52056884765625, ""val_mape"": 165.52056884765625, ""val_mae"": 38.23861312866211, ""lr"": 0.00010000000474974513, ""val_mae12"": 27.168909072875977, ""val_me"": 1.3742897797156275, ""val_me12"": 27.21603101011695, ""mape_2021"": 79.48441314697266, ""mae_2021"": 10.415573120117188, ""mae12_2021"": 29.731861114501953, ""me_2021"": 1.0281724789222355, ""me12_2021"": 29.797758353235057, ""epochs_trained"": 53}",2026-07-03T06:31:11.662299,completed
2,MAPE,48,2,selu,3,16,0.05,52.405418395996094,11.753554344177246,10.529424667358398,6.778818819605997,10.555812943689748,52.405418395996094,9.08034896850586,13.568238258361816,7.1205734244143795,13.672875195999449,56.6074333190918,"{""loss"": 43.172786712646484, ""mape"": 43.172786712646484, ""mae"": 9.508330345153809, ""val_loss"": 52.405418395996094, ""val_mape"": 52.405418395996094, ""val_mae"": 11.753554344177246, ""lr"": 0.00010000000474974513, ""val_mae12"": 10.529424667358398, ""val_me"": 6.778818819605997, ""val_me12"": 10.555812943689748, ""mape_2021"": 56.6074333190918, ""mae_2021"": 9.08034896850586, ""mae12_2021"": 13.568238258361816, ""me_2021"": 7.1205734244143795, ""me12_2021"": 13.672875195999449, ""epochs_trained"": 94}",2026-07-03T06:31:15.483795,completed
2,MAPE,48,2,selu,2,256,0.05,23.07621192932129,5.25950288772583,2.707972288131714,-4.184534872311622,2.6925098421086746,23.07621192932129,5.171778202056885,2.1368234157562256,-4.058906515149256,1.445171009524061,22.640148162841797,"{""loss"": 10.92873477935791, ""mape"": 10.92873477935791, ""mae"": 2.3511979579925537, ""val_loss"": 23.07621192932129, ""val_mape"": 23.07621192932129, ""val_mae"": 5.25950288772583, ""lr"": 0.00010000000474974513, ""val_mae12"": 2.707972288131714, ""val_me"": -4.184534872311622, ""val_me12"": 2.6925098421086746, ""mape_2021"": 22.640148162841797, ""mae_2021"": 5.171778202056885, ""mae12_2021"": 2.1368234157562256, ""me_2021"": -4.058906515149256, ""me12_2021"": 1.445171009524061, ""epochs_trained"": 150}",2026-07-03T06:31:20.341291,completed
2,MAPE,48,2,selu,3,16,0.3,98.35112762451172,21.427576065063477,8.593062400817871,20.60189588730322,8.536616461744982,98.35112762451172,20.5006046295166,11.726628303527832,19.21167809855368,11.80650992220591,94.69407653808594,"{""loss"": 90.88697052001953, ""mape"": 90.88697052001953, ""mae"": 22.761150360107422, ""val_loss"": 98.35112762451172, ""val_mape"": 98.35112762451172, ""val_mae"": 21.427576065063477, ""lr"": 0.00010000000474974513, ""val_mae12"": 8.593062400817871, ""val_me"": 20.60189588730322, ""val_me12"": 8.536616461744982, ""mape_2021"": 94.69407653808594, ""mae_2021"": 20.5006046295166, ""mae12_2021"": 11.726628303527832, ""me_2021"": 19.21167809855368, ""me12_2021"": 11.80650992220591, ""epochs_trained"": 53}",2026-07-03T06:31:23.468627,completed
2,MAPE,48,2,selu,3,16,0.1,64.98558044433594,14.448904037475586,16.368383407592773,5.88305868870298,16.406999335926105,64.98558044433594,9.439355850219727,20.46913719177246,6.098277834835383,20.59706682985972,65.29560852050781,"{""loss"": 46.78181838989258, ""mape"": 46.78181838989258, ""mae"": 10.372827529907227, ""val_loss"": 64.98558044433594, ""val_mape"": 64.98558044433594, ""val_mae"": 14.448904037475586, ""lr"": 0.00010000000474974513, ""val_mae12"": 16.368383407592773, ""val_me"": 5.88305868870298, ""val_me12"": 16.406999335926105, ""mape_2021"": 65.29560852050781, ""mae_2021"": 9.439355850219727, ""mae12_2021"": 20.46913719177246, ""me_2021"": 6.098277834835383, ""me12_2021"": 20.59706682985972, ""epochs_trained"": 90}",2026-07-03T06:31:25.860785,completed
2,MAPE,48,2,selu,3,32,0.05,47.786865234375,11.175115585327148,8.58041763305664,5.655345243459014,8.607240802334841,47.786865234375,7.786854267120361,11.073002815246582,6.0110066398659106,11.155282876263675,47.771976470947266,"{""loss"": 35.08770751953125, ""mape"": 35.08770751953125, ""mae"": 7.732936382293701, ""val_loss"": 47.786865234375, ""val_mape"": 47.786865234375, ""val_mae"": 11.175115585327148, ""lr"": 0.00010000000474974513, ""val_mae12"": 8.58041763305664, ""val_me"": 5.655345243459014, ""val_me12"": 8.607240802334841, ""mape_2021"": 47.771976470947266, ""mae_2021"": 7.786854267120361, ""mae12_2021"": 11.073002815246582, ""me_2021"": 6.0110066398659106, ""me12_2021"": 11.155282876263675, ""epochs_trained"": 82}",2026-07-03T06:31:31.946494,completed
2,MAPE,48,2,selu,2,256,0.0,3.428532600402832,0.6815727949142456,0.8706046938896179,0.10642526103851399,0.2961712363370532,3.428532600402832,0.6597133278846741,0.89199298620224,0.13096705376764603,-0.36533039741101697,3.945939064025879,"{""loss"": 2.874634265899658, ""mape"": 2.874634265899658, ""mae"": 0.5836865305900574, ""val_loss"": 3.428532600402832, ""val_mape"": 3.428532600402832, ""val_mae"": 0.6815727949142456, ""lr"": 1.0000000656873453e-05, ""val_mae12"": 0.8706046938896179, ""val_me"": 0.10642526103851399, ""val_me12"": 0.2961712363370532, ""mape_2021"": 3.945939064025879, ""mae_2021"": 0.6597133278846741, ""mae12_2021"": 0.89199298620224, ""me_2021"": 0.13096705376764603, ""me12_2021"": -0.36533039741101697, ""epochs_trained"": 338}",2026-07-03T06:31:32.802719,completed
2,MAPE,48,2,selu,3,32,0.1,70.54214477539062,16.593664169311523,12.273015975952148,6.023845817473695,12.307298416921016,70.54214477539062,8.64665412902832,15.6422119140625,6.2485970180514965,15.748954229038683,56.756526947021484,"{""loss"": 42.09321212768555, ""mape"": 42.09321212768555, ""mae"": 9.174942970275879, ""val_loss"": 70.54214477539062, ""val_mape"": 70.54214477539062, ""val_mae"": 16.593664169311523, ""lr"": 0.00010000000474974513, ""val_mae12"": 12.273015975952148, ""val_me"": 6.023845817473695, ""val_me12"": 12.307298416921016, ""mape_2021"": 56.756526947021484, ""mae_2021"": 8.64665412902832, ""mae12_2021"": 15.6422119140625, ""me_2021"": 6.2485970180514965, ""me12_2021"": 15.748954229038683, ""epochs_trained"": 71}",2026-07-03T06:31:33.334944,completed
2,MAPE,48,2,selu,3,32,0.3,97.67848205566406,20.76406478881836,9.185648918151855,20.812554540261992,9.21132721778062,97.67848205566406,20.74013328552246,11.654620170593262,19.290309052155788,11.735720518820324,92.9941635131836,"{""loss"": 86.19805908203125, ""mape"": 86.19805908203125, ""mae"": 21.93701171875, ""val_loss"": 97.67848205566406, ""val_mape"": 97.67848205566406, ""val_mae"": 20.76406478881836, ""lr"": 0.00010000000474974513, ""val_mae12"": 9.185648918151855, ""val_me"": 20.812554540261992, ""val_me12"": 9.21132721778062, ""mape_2021"": 92.9941635131836, ""mae_2021"": 20.74013328552246, ""mae12_2021"": 11.654620170593262, ""me_2021"": 19.290309052155788, ""me12_2021"": 11.735720518820324, ""epochs_trained"": 44}",2026-07-03T06:31:33.727751,completed
2,MAPE,48,2,selu,3,16,0.0,3.502340793609619,0.6727795600891113,0.9209769368171692,0.09337510523860261,0.4205071516646709,3.502340793609619,0.6481659412384033,1.0244868993759155,0.10838037356699677,-0.30100806828471854,4.032374382019043,"{""loss"": 2.8747143745422363, ""mape"": 2.8747143745422363, ""mae"": 0.5805136561393738, ""val_loss"": 3.502340793609619, ""val_mape"": 3.502340793609619, ""val_mae"": 0.6727795600891113, ""lr"": 0.00010000000474974513, ""val_mae12"": 0.9209769368171692, ""val_me"": 0.09337510523860261, ""val_me12"": 0.4205071516646709, ""mape_2021"": 4.032374382019043, ""mae_2021"": 0.6481659412384033, ""mae12_2021"": 1.0244868993759155, ""me_2021"": 0.10838037356699677, ""me12_2021"": -0.30100806828471854, ""epochs_trained"": 889}",2026-07-03T06:31:49.580566,completed
2,MAPE,48,2,selu,3,32,0.0,3.313774824142456,0.6446700692176819,0.9139930605888367,0.05325708233614726,0.43276745337248207,3.313774824142456,0.6526544094085693,0.8841854929924011,0.1298574997444901,-0.04665631968273672,3.7418758869171143,"{""loss"": 2.7530853748321533, ""mape"": 2.7530853748321533, ""mae"": 0.5609214305877686, ""val_loss"": 3.313774824142456, ""val_mape"": 3.313774824142456, ""val_mae"": 0.6446700692176819, ""lr"": 0.00010000000474974513, ""val_mae12"": 0.9139930605888367, ""val_me"": 0.05325708233614726, ""val_me12"": 0.43276745337248207, ""mape_2021"": 3.7418758869171143, ""mae_2021"": 0.6526544094085693, ""mae12_2021"": 0.8841854929924011, ""me_2021"": 0.1298574997444901, ""me12_2021"": -0.04665631968273672, ""epochs_trained"": 743}",2026-07-03T06:31:51.065714,completed
2,MAPE,48,2,selu,3,64,0.3,113.25033569335938,22.404985427856445,6.32686185836792,22.37912843885865,6.251615739222115,113.25033569335938,21.755159378051758,8.349629402160645,20.862363047145386,8.369282189600506,94.46752166748047,"{""loss"": 85.46894073486328, ""mape"": 85.46894073486328, ""mae"": 21.92034339904785, ""val_loss"": 113.25033569335938, ""val_mape"": 113.25033569335938, ""val_mae"": 22.404985427856445, ""lr"": 0.00010000000474974513, ""val_mae12"": 6.32686185836792, ""val_me"": 22.37912843885865, ""val_me12"": 6.251615739222115, ""mape_2021"": 94.46752166748047, ""mae_2021"": 21.755159378051758, ""mae12_2021"": 8.349629402160645, ""me_2021"": 20.862363047145386, ""me12_2021"": 8.369282189600506, ""epochs_trained"": 30}",2026-07-03T06:32:09.388585,completed
2,MAPE,48,2,selu,3,64,0.1,77.13312530517578,17.812318801879883,16.830026626586914,5.003822476929129,16.869188078452442,77.13312530517578,8.600072860717773,20.699207305908203,4.991327604211334,20.819082404986084,62.193519592285156,"{""loss"": 37.74868392944336, ""mape"": 37.74868392944336, ""mae"": 8.191848754882812, ""val_loss"": 77.13312530517578, ""val_mape"": 77.13312530517578, ""val_mae"": 17.812318801879883, ""lr"": 0.00010000000474974513, ""val_mae12"": 16.830026626586914, ""val_me"": 5.003822476929129, ""val_me12"": 16.869188078452442, ""mape_2021"": 62.193519592285156, ""mae_2021"": 8.600072860717773, ""mae12_2021"": 20.699207305908203, ""me_2021"": 4.991327604211334, ""me12_2021"": 20.819082404986084, ""epochs_trained"": 55}",2026-07-03T06:32:10.275849,completed
2,MAPE,48,2,selu,3,64,0.05,30.76605224609375,7.380836486816406,3.0449891090393066,0.17281650507866111,3.0183980104567296,30.76605224609375,6.2752766609191895,2.7427468299865723,1.128667708891582,2.719005078335112,28.15611457824707,"{""loss"": 20.792387008666992, ""mape"": 20.792387008666992, ""mae"": 4.608852386474609, ""val_loss"": 30.76605224609375, ""val_mape"": 30.76605224609375, ""val_mae"": 7.380836486816406, ""lr"": 0.00010000000474974513, ""val_mae12"": 3.0449891090393066, ""val_me"": 0.17281650507866111, ""val_me12"": 3.0183980104567296, ""mape_2021"": 28.15611457824707, ""mae_2021"": 6.2752766609191895, ""mae12_2021"": 2.7427468299865723, ""me_2021"": 1.128667708891582, ""me12_2021"": 2.719005078335112, ""epochs_trained"": 74}",2026-07-03T06:32:11.318244,completed
2,MAPE,48,2,selu,3,128,0.05,25.020854949951172,5.945308208465576,2.4657020568847656,-2.597190244268109,1.2923217021342857,25.020854949951172,5.351816177368164,2.2617835998535156,-2.4173028378605466,-0.20070280481427427,23.553590774536133,"{""loss"": 14.088217735290527, ""mape"": 14.088217735290527, ""mae"": 3.036180019378662, ""val_loss"": 25.020854949951172, ""val_mape"": 25.020854949951172, ""val_mae"": 5.945308208465576, ""lr"": 0.00010000000474974513, ""val_mae12"": 2.4657020568847656, ""val_me"": -2.597190244268109, ""val_me12"": 1.2923217021342857, ""mape_2021"": 23.553590774536133, ""mae_2021"": 5.351816177368164, ""mae12_2021"": 2.2617835998535156, ""me_2021"": -2.4173028378605466, ""me12_2021"": -0.20070280481427427, ""epochs_trained"": 78}",2026-07-03T06:32:11.505691,completed
2,MAPE,48,2,selu,3,128,0.1,59.78082275390625,14.253217697143555,14.588852882385254,5.499230075259828,14.620625193630671,59.78082275390625,8.54464340209961,17.60531997680664,5.522778663347176,17.70615321313182,58.30339813232422,"{""loss"": 28.75291633605957, ""mape"": 28.75291633605957, ""mae"": 6.395528793334961, ""val_loss"": 59.78082275390625, ""val_mape"": 59.78082275390625, ""val_mae"": 14.253217697143555, ""lr"": 0.00010000000474974513, ""val_mae12"": 14.588852882385254, ""val_me"": 5.499230075259828, ""val_me12"": 14.620625193630671, ""mape_2021"": 58.30339813232422, ""mae_2021"": 8.54464340209961, ""mae12_2021"": 17.60531997680664, ""me_2021"": 5.522778663347176, ""me12_2021"": 17.70615321313182, ""epochs_trained"": 42}",2026-07-03T06:32:23.856464,completed
2,MAPE,48,2,selu,3,128,0.3,111.0382308959961,21.414670944213867,2.8870906829833984,23.87329078333929,0.88873910137268,111.0382308959961,22.797456741333008,4.101644515991211,22.444248860128617,2.9354624110609895,96.33943176269531,"{""loss"": 85.59163665771484, ""mape"": 85.59163665771484, ""mae"": 21.810245513916016, ""val_loss"": 111.0382308959961, ""val_mape"": 111.0382308959961, ""val_mae"": 21.414670944213867, ""lr"": 0.00010000000474974513, ""val_mae12"": 2.8870906829833984, ""val_me"": 23.87329078333929, ""val_me12"": 0.88873910137268, ""mape_2021"": 96.33943176269531, ""mae_2021"": 22.797456741333008, ""mae12_2021"": 4.101644515991211, ""me_2021"": 22.444248860128617, ""me12_2021"": 2.9354624110609895, ""epochs_trained"": 27}",2026-07-03T06:32:24.488631,completed
2,MAPE,48,2,selu,3,256,0.05,22.593698501586914,5.352757930755615,2.0803000926971436,-4.284889325266972,1.8032048806706373,22.593698501586914,4.860065937042236,1.907214641571045,-4.262197511128074,0.4480815544991355,21.170534133911133,"{""loss"": 9.666744232177734, ""mape"": 9.666744232177734, ""mae"": 2.078939437866211, ""val_loss"": 22.593698501586914, ""val_mape"": 22.593698501586914, ""val_mae"": 5.352757930755615, ""lr"": 0.00010000000474974513, ""val_mae12"": 2.0803000926971436, ""val_me"": -4.284889325266972, ""val_me12"": 1.8032048806706373, ""mape_2021"": 21.170534133911133, ""mae_2021"": 4.860065937042236, ""mae12_2021"": 1.907214641571045, ""me_2021"": -4.262197511128074, ""me12_2021"": 0.4480815544991355, ""epochs_trained"": 87}",2026-07-03T06:32:46.046691,completed
2,MAPE,48,2,selu,3,128,0.0,3.412738084793091,0.6629948616027832,0.9043262600898743,0.0785062921879971,0.266915025617087,3.412738084793091,0.6699201464653015,0.953576385974884,0.1447323434617861,-0.43572442548405577,4.149707317352295,"{""loss"": 2.831056833267212, ""mape"": 2.831056833267212, ""mae"": 0.5752599239349365, ""val_loss"": 3.412738084793091, ""val_mape"": 3.412738084793091, ""val_mae"": 0.6629948616027832, ""lr"": 1.0000000656873453e-05, ""val_mae12"": 0.9043262600898743, ""val_me"": 0.0785062921879971, ""val_me12"": 0.266915025617087, ""mape_2021"": 4.149707317352295, ""mae_2021"": 0.6699201464653015, ""mae12_2021"": 0.953576385974884, ""me_2021"": 0.1447323434617861, ""me12_2021"": -0.43572442548405577, ""epochs_trained"": 322}",2026-07-03T06:32:48.100553,completed
2,MAPE,48,2,selu,3,256,0.3,280.4085388183594,61.53239440917969,30.09654998779297,9.80335390048879,30.140395475442002,280.4085388183594,17.981769561767578,33.710960388183594,8.351194151412747,33.827455201892455,110.96564483642578,"{""loss"": 36.64152908325195, ""mape"": 36.64152908325195, ""mae"": 7.60162353515625, ""val_loss"": 280.4085388183594, ""val_mape"": 280.4085388183594, ""val_mae"": 61.53239440917969, ""lr"": 0.00010000000474974513, ""val_mae12"": 30.09654998779297, ""val_me"": 9.80335390048879, ""val_me12"": 30.140395475442002, ""mape_2021"": 110.96564483642578, ""mae_2021"": 17.981769561767578, ""mae12_2021"": 33.710960388183594, ""me_2021"": 8.351194151412747, ""me12_2021"": 33.827455201892455, ""epochs_trained"": 37}",2026-07-03T06:32:48.151082,completed
2,MAPE,48,2,selu,3,256,0.1,64.99339294433594,15.321832656860352,9.297833442687988,4.217605771192829,9.284382338899091,64.99339294433594,6.9853315353393555,10.708337783813477,4.292438419768051,10.74082223489721,43.3182373046875,"{""loss"": 22.265399932861328, ""mape"": 22.265399932861328, ""mae"": 4.609347343444824, ""val_loss"": 64.99339294433594, ""val_mape"": 64.99339294433594, ""val_mae"": 15.321832656860352, ""lr"": 0.00010000000474974513, ""val_mae12"": 9.297833442687988, ""val_me"": 4.217605771192829, ""val_me12"": 9.284382338899091, ""mape_2021"": 43.3182373046875, ""mae_2021"": 6.9853315353393555, ""mae12_2021"": 10.708337783813477, ""me_2021"": 4.292438419768051, ""me12_2021"": 10.74082223489721, ""epochs_trained"": 39}",2026-07-03T06:32:48.171082,completed
2,MAPE,48,2,selu,3,256,0.0,3.362213373184204,0.664211630821228,0.9124464392662048,0.0721406989464934,0.3520404555692589,3.362213373184204,0.6287441849708557,1.0834835767745972,0.10966607108677598,-0.4653507801195764,4.227869987487793,"{""loss"": 2.893482208251953, ""mape"": 2.893482208251953, ""mae"": 0.5879236459732056, ""val_loss"": 3.362213373184204, ""val_mape"": 3.362213373184204, ""val_mae"": 0.664211630821228, ""lr"": 1.0000000656873453e-05, ""val_mae12"": 0.9124464392662048, ""val_me"": 0.0721406989464934, ""val_me12"": 0.3520404555692589, ""mape_2021"": 4.227869987487793, ""mae_2021"": 0.6287441849708557, ""mae12_2021"": 1.0834835767745972, ""me_2021"": 0.10966607108677598, ""me12_2021"": -0.4653507801195764, ""epochs_trained"": 245}",2026-07-03T06:32:55.345627,completed
2,MAPE,48,2,selu,3,64,0.0,3.346402645111084,0.6625295281410217,0.8434163331985474,0.11327478263464277,0.24833146382674287,3.346402645111084,0.6786505579948425,0.9918032884597778,0.18670381172436368,-0.4775218407598033,4.302744388580322,"{""loss"": 2.7530713081359863, ""mape"": 2.7530713081359863, ""mae"": 0.5591993927955627, ""val_loss"": 3.346402645111084, ""val_mape"": 3.346402645111084, ""val_mae"": 0.6625295281410217, ""lr"": 0.00010000000474974513, ""val_mae12"": 0.8434163331985474, ""val_me"": 0.11327478263464277, ""val_me12"": 0.24833146382674287, ""mape_2021"": 4.302744388580322, ""mae_2021"": 0.6786505579948425, ""mae12_2021"": 0.9918032884597778, ""me_2021"": 0.18670381172436368, ""me12_2021"": -0.4775218407598033, ""epochs_trained"": 526}",2026-07-03T06:32:56.406116,completed
2,MAPE,48,3,relu,1,16,0.0,13.486968040466309,3.2970144748687744,1.2157131433486938,1.6209033058418854,0.5945577861663566,13.486968040466309,4.329983711242676,1.089094877243042,3.499787102882782,-0.5238434255856558,18.206024169921875,"{""loss"": 15.354530334472656, ""mape"": 15.354530334472656, ""mae"": 3.887356758117676, ""val_loss"": 13.486968040466309, ""val_mape"": 13.486968040466309, ""val_mae"": 3.2970144748687744, ""lr"": 0.00010000000474974513, ""val_mae12"": 1.2157131433486938, ""val_me"": 1.6209033058418854, ""val_me12"": 0.5945577861663566, ""mape_2021"": 18.206024169921875, ""mae_2021"": 4.329983711242676, ""mae12_2021"": 1.089094877243042, ""me_2021"": 3.499787102882782, ""me12_2021"": -0.5238434255856558, ""epochs_trained"": 1472}",2026-07-03T06:34:08.024806,completed
2,MAPE,48,3,relu,1,32,0.05,3.0202507972717285,0.5696644186973572,1.010481357574463,0.075282805799357,0.23412894648670055,3.0202507972717285,0.7432835102081299,1.237932801246643,0.40894482718163344,-0.5655972713579133,4.7290449142456055,"{""loss"": 6.06473970413208, ""mape"": 6.06473970413208, ""mae"": 1.3389006853103638, ""val_loss"": 3.0202507972717285, ""val_mape"": 3.0202507972717285, ""val_mae"": 0.5696644186973572, ""lr"": 0.00010000000474974513, ""val_mae12"": 1.010481357574463, ""val_me"": 0.075282805799357, ""val_me12"": 0.23412894648670055, ""mape_2021"": 4.7290449142456055, ""mae_2021"": 0.7432835102081299, ""mae12_2021"": 1.237932801246643, ""me_2021"": 0.40894482718163344, ""me12_2021"": -0.5655972713579133, ""epochs_trained"": 1704}",2026-07-03T06:34:19.895980,completed
2,MAPE,48,3,relu,1,16,0.1,4.353126049041748,0.8731239438056946,1.0594534873962402,0.5543157932321695,0.298046190839646,4.353126049041748,1.2528048753738403,1.3454197645187378,1.0256492459266358,-0.46721124871621034,6.723415374755859,"{""loss"": 11.054272651672363, ""mape"": 11.054272651672363, ""mae"": 2.5091140270233154, ""val_loss"": 4.353126049041748, ""val_mape"": 4.353126049041748, ""val_mae"": 0.8731239438056946, ""lr"": 1.0000000656873453e-05, ""val_mae12"": 1.0594534873962402, ""val_me"": 0.5543157932321695, ""val_me12"": 0.298046190839646, ""mape_2021"": 6.723415374755859, ""mae_2021"": 1.2528048753738403, ""mae12_2021"": 1.3454197645187378, ""me_2021"": 1.0256492459266358, ""me12_2021"": -0.46721124871621034, ""epochs_trained"": 1809}",2026-07-03T06:34:23.452632,completed
2,MAPE,48,3,relu,1,32,0.0,3.3605496883392334,0.6610504388809204,1.207867980003357,-0.2417508684025514,0.5713975233606969,3.3605496883392334,0.7360266447067261,1.0944688320159912,-0.010799229797051588,-0.5030455299731157,4.431110858917236,"{""loss"": 3.254692554473877, ""mape"": 3.254692554473877, ""mae"": 0.6517590284347534, ""val_loss"": 3.3605496883392334, ""val_mape"": 3.3605496883392334, ""val_mae"": 0.6610504388809204, ""lr"": 0.00010000000474974513, ""val_mae12"": 1.207867980003357, ""val_me"": -0.2417508684025514, ""val_me12"": 0.5713975233606969, ""mape_2021"": 4.431110858917236, ""mae_2021"": 0.7360266447067261, ""mae12_2021"": 1.0944688320159912, ""me_2021"": -0.010799229797051588, ""me12_2021"": -0.5030455299731157, ""epochs_trained"": 2022}",2026-07-03T06:34:32.166561,completed
2,MAPE,48,3,relu,1,16,0.05,4.201512813568115,0.8321857452392578,1.5861822366714478,0.4937717075133483,0.40725785036802165,4.201512813568115,1.069146752357483,1.2699390649795532,0.7705212348485954,-0.7126816665866259,5.992473602294922,"{""loss"": 7.698159694671631, ""mape"": 7.698159694671631, ""mae"": 1.668859839439392, ""val_loss"": 4.201512813568115, ""val_mape"": 4.201512813568115, ""val_mae"": 0.8321857452392578, ""lr"": 0.00010000000474974513, ""val_mae12"": 1.5861822366714478, ""val_me"": 0.4937717075133483, ""val_me12"": 0.40725785036802165, ""mape_2021"": 5.992473602294922, ""mae_2021"": 1.069146752357483, ""mae12_2021"": 1.2699390649795532, ""me_2021"": 0.7705212348485954, ""me12_2021"": -0.7126816665866259, ""epochs_trained"": 2080}",2026-07-03T06:34:35.451151,completed
2,MAPE,48,3,relu,1,16,0.3,7.543588638305664,1.561690330505371,1.536617636680603,1.4125319004385188,0.7042783448213278,7.543588638305664,1.9841175079345703,1.0931906700134277,1.9075493152292569,-0.17612044349472344,10.033515930175781,"{""loss"": 19.993022918701172, ""mape"": 19.993022918701172, ""mae"": 4.714641571044922, ""val_loss"": 7.543588638305664, ""val_mape"": 7.543588638305664, ""val_mae"": 1.561690330505371, ""lr"": 0.00010000000474974513, ""val_mae12"": 1.536617636680603, ""val_me"": 1.4125319004385188, ""val_me12"": 0.7042783448213278, ""mape_2021"": 10.033515930175781, ""mae_2021"": 1.9841175079345703, ""mae12_2021"": 1.0931906700134277, ""me_2021"": 1.9075493152292569, ""me12_2021"": -0.17612044349472344, ""epochs_trained"": 2105}",2026-07-03T06:34:36.690788,completed
2,MAPE,48,3,relu,1,32,0.1,3.0334341526031494,0.5823500752449036,1.0106875896453857,0.08109614453074092,0.19298081987677418,3.0334341526031494,0.7410135865211487,1.2455929517745972,0.40019708805257537,-0.38584834532212936,4.684850215911865,"{""loss"": 7.666889667510986, ""mape"": 7.666889667510986, ""mae"": 1.7311934232711792, ""val_loss"": 3.0334341526031494, ""val_mape"": 3.0334341526031494, ""val_mae"": 0.5823500752449036, ""lr"": 1.0000000656873453e-05, ""val_mae12"": 1.0106875896453857, ""val_me"": 0.08109614453074092, ""val_me12"": 0.19298081987677418, ""mape_2021"": 4.684850215911865, ""mae_2021"": 0.7410135865211487, ""mae12_2021"": 1.2455929517745972, ""me_2021"": 0.40019708805257537, ""me12_2021"": -0.38584834532212936, ""epochs_trained"": 1530}",2026-07-03T06:35:27.028469,completed
2,MAPE,48,3,relu,1,64,0.05,3.2832045555114746,0.6309862732887268,1.0794237852096558,-0.08875237790917283,0.26777598895113514,3.2832045555114746,0.7391741275787354,1.1300126314163208,0.17324966697838506,-0.3322311003908465,4.671365737915039,"{""loss"": 5.681190013885498, ""mape"": 5.681190013885498, ""mae"": 1.178114652633667, ""val_loss"": 3.2832045555114746, ""val_mape"": 3.2832045555114746, ""val_mae"": 0.6309862732887268, ""lr"": 1.0000000656873453e-05, ""val_mae12"": 1.0794237852096558, ""val_me"": -0.08875237790917283, ""val_me12"": 0.26777598895113514, ""mape_2021"": 4.671365737915039, ""mae_2021"": 0.7391741275787354, ""mae12_2021"": 1.1300126314163208, ""me_2021"": 0.17324966697838506, ""me12_2021"": -0.3322311003908465, ""epochs_trained"": 1144}",2026-07-03T06:35:36.266285,completed
2,MAPE,48,3,relu,1,64,0.1,3.234440565109253,0.6181424260139465,1.0443071126937866,-0.11529818224861761,0.16408666147854142,3.234440565109253,0.7426705956459045,1.2186051607131958,0.22911851706204892,-0.2897926308396189,4.600813865661621,"{""loss"": 6.81846284866333, ""mape"": 6.81846284866333, ""mae"": 1.4797953367233276, ""val_loss"": 3.234440565109253, ""val_mape"": 3.234440565109253, ""val_mae"": 0.6181424260139465, ""lr"": 1.0000000656873453e-05, ""val_mae12"": 1.0443071126937866, ""val_me"": -0.11529818224861761, ""val_me12"": 0.16408666147854142, ""mape_2021"": 4.600813865661621, ""mae_2021"": 0.7426705956459045, ""mae12_2021"": 1.2186051607131958, ""me_2021"": 0.22911851706204892, ""me12_2021"": -0.2897926308396189, ""epochs_trained"": 1124}",2026-07-03T06:35:37.949690,completed
2,MAPE,48,3,relu,1,64,0.3,3.3322980403900146,0.6372080445289612,1.205274224281311,0.13037783957251567,0.7031989308723383,3.3322980403900146,0.7776917815208435,1.1277849674224854,0.4646442733511319,-0.045358842601870585,4.55778169631958,"{""loss"": 10.547852516174316, ""mape"": 10.547852516174316, ""mae"": 2.423478841781616, ""val_loss"": 3.3322980403900146, ""val_mape"": 3.3322980403900146, ""val_mae"": 0.6372080445289612, ""lr"": 1.0000000656873453e-05, ""val_mae12"": 1.205274224281311, ""val_me"": 0.13037783957251567, ""val_me12"": 0.7031989308723383, ""mape_2021"": 4.55778169631958, ""mae_2021"": 0.7776917815208435, ""mae12_2021"": 1.1277849674224854, ""me_2021"": 0.4646442733511319, ""me12_2021"": -0.045358842601870585, ""epochs_trained"": 1126}",2026-07-03T06:35:38.888266,completed
2,MAPE,48,3,relu,1,32,0.3,3.1703295707702637,0.6159738898277283,1.0955976247787476,0.2627179080815054,0.39412921743100116,3.1703295707702637,0.8209823966026306,0.9954407215118408,0.6095614795327982,-0.3778450158088798,4.614525318145752,"{""loss"": 12.254532814025879, ""mape"": 12.254532814025879, ""mae"": 2.8707456588745117, ""val_loss"": 3.1703295707702637, ""val_mape"": 3.1703295707702637, ""val_mae"": 0.6159738898277283, ""lr"": 1.0000000656873453e-05, ""val_mae12"": 1.0955976247787476, ""val_me"": 0.2627179080815054, ""val_me12"": 0.39412921743100116, ""mape_2021"": 4.614525318145752, ""mae_2021"": 0.8209823966026306, ""mae12_2021"": 0.9954407215118408, ""me_2021"": 0.6095614795327982, ""me12_2021"": -0.3778450158088798, ""epochs_trained"": 1668}",2026-07-03T06:35:43.835811,completed
2,MAPE,48,3,relu,1,64,0.0,3.4233596324920654,0.6746863126754761,1.151530385017395,-0.2886903669362198,0.3016897064730197,3.4233596324920654,0.7054277658462524,1.042117953300476,0.009029703649215973,-0.43796764040042463,4.3042521476745605,"{""loss"": 3.25778865814209, ""mape"": 3.25778865814209, ""mae"": 0.6741117835044861, ""val_loss"": 3.4233596324920654, ""val_mape"": 3.4233596324920654, ""val_mae"": 0.6746863126754761, ""lr"": 0.00010000000474974513, ""val_mae12"": 1.151530385017395, ""val_me"": -0.2886903669362198, ""val_me12"": 0.3016897064730197, ""mape_2021"": 4.3042521476745605, ""mae_2021"": 0.7054277658462524, ""mae12_2021"": 1.042117953300476, ""me_2021"": 0.009029703649215973, ""me12_2021"": -0.43796764040042463, ""epochs_trained"": 1864}",2026-07-03T06:35:50.724289,completed
2,MAPE,48,3,relu,1,256,0.05,3.464693069458008,0.6767698526382446,1.2251445055007935,-0.30324858913921615,0.41005619103751406,3.464693069458008,0.7067850828170776,1.1307880878448486,-0.02713561703723947,-0.2936910542806492,4.390573024749756,"{""loss"": 4.330455303192139, ""mape"": 4.330455303192139, ""mae"": 0.8709337115287781, ""val_loss"": 3.464693069458008, ""val_mape"": 3.464693069458008, ""val_mae"": 0.6767698526382446, ""lr"": 1.0000000656873453e-05, ""val_mae12"": 1.2251445055007935, ""val_me"": -0.30324858913921615, ""val_me12"": 0.41005619103751406, ""mape_2021"": 4.390573024749756, ""mae_2021"": 0.7067850828170776, ""mae12_2021"": 1.1307880878448486, ""me_2021"": -0.02713561703723947, ""me12_2021"": -0.2936910542806492, ""epochs_trained"": 737}",2026-07-03T06:37:10.343245,completed
2,MAPE,48,3,relu,1,128,0.3,3.268462657928467,0.6370866298675537,1.1020615100860596,-0.10057078011566553,0.49391390325982276,3.268462657928467,0.743134617805481,1.2543652057647705,0.20858764350768852,-0.031172694035642195,4.7365922927856445,"{""loss"": 8.194106101989746, ""mape"": 8.194106101989746, ""mae"": 1.8140010833740234, ""val_loss"": 3.268462657928467, ""val_mape"": 3.268462657928467, ""val_mae"": 0.6370866298675537, ""lr"": 1.0000000656873453e-05, ""val_mae12"": 1.1020615100860596, ""val_me"": -0.10057078011566553, ""val_me12"": 0.49391390325982276, ""mape_2021"": 4.7365922927856445, ""mae_2021"": 0.743134617805481, ""mae12_2021"": 1.2543652057647705, ""me_2021"": 0.20858764350768852, ""me12_2021"": -0.031172694035642195, ""epochs_trained"": 836}",2026-07-03T06:37:18.671770,completed
2,MAPE,48,3,relu,1,128,0.1,3.3388726711273193,0.6462274789810181,1.1574002504348755,-0.245086024503392,0.3241561867203932,3.3388726711273193,0.7000552415847778,1.316209077835083,0.055853575286533765,-0.1965051709545383,4.503330707550049,"{""loss"": 5.6353278160095215, ""mape"": 5.6353278160095215, ""mae"": 1.1920896768569946, ""val_loss"": 3.3388726711273193, ""val_mape"": 3.3388726711273193, ""val_mae"": 0.6462274789810181, ""lr"": 1.0000000656873453e-05, ""val_mae12"": 1.1574002504348755, ""val_me"": -0.245086024503392, ""val_me12"": 0.3241561867203932, ""mape_2021"": 4.503330707550049, ""mae_2021"": 0.7000552415847778, ""mae12_2021"": 1.316209077835083, ""me_2021"": 0.055853575286533765, ""me12_2021"": -0.1965051709545383, ""epochs_trained"": 935}",2026-07-03T06:37:27.823430,completed
2,MAPE,48,3,relu,1,256,0.3,45.16703796386719,9.14657974243164,11.426804542541504,6.602193237759507,11.31695312579878,45.16703796386719,10.378242492675781,12.963945388793945,8.111982668705426,12.757426035882759,63.07664108276367,"{""loss"": 46.3419075012207, ""mape"": 46.3419075012207, ""mae"": 9.982200622558594, ""val_loss"": 45.16703796386719, ""val_mape"": 45.16703796386719, ""val_mae"": 9.14657974243164, ""lr"": 0.00010000000474974513, ""val_mae12"": 11.426804542541504, ""val_me"": 6.602193237759507, ""val_me12"": 11.31695312579878, ""mape_2021"": 63.07664108276367, ""mae_2021"": 10.378242492675781, ""mae12_2021"": 12.963945388793945, ""me_2021"": 8.111982668705426, ""me12_2021"": 12.757426035882759, ""epochs_trained"": 61}",2026-07-03T06:37:31.412750,completed
2,MAPE,48,3,relu,1,128,0.05,3.3181283473968506,0.6388214826583862,1.0640407800674438,-0.2030326284928618,0.2880563162053297,3.3181283473968506,0.6910987496376038,1.1764185428619385,0.055897607641879385,-0.18540118215696186,4.285609722137451,"{""loss"": 4.722328186035156, ""mape"": 4.722328186035156, ""mae"": 0.9806063175201416, ""val_loss"": 3.3181283473968506, ""val_mape"": 3.3181283473968506, ""val_mae"": 0.6388214826583862, ""lr"": 0.00010000000474974513, ""val_mae12"": 1.0640407800674438, ""val_me"": -0.2030326284928618, ""val_me12"": 0.2880563162053297, ""mape_2021"": 4.285609722137451, ""mae_2021"": 0.6910987496376038, ""mae12_2021"": 1.1764185428619385, ""me_2021"": 0.055897607641879385, ""me12_2021"": -0.18540118215696186, ""epochs_trained"": 1013}",2026-07-03T06:37:33.135157,completed
2,MAPE,48,3,relu,1,256,0.0,3.207033395767212,0.6439777612686157,1.0977888107299805,-0.2366955876735589,0.2824856932416957,3.207033395767212,0.6708573698997498,1.0266327857971191,0.03266284215860214,-0.31683089779090606,4.02690315246582,"{""loss"": 3.1815073490142822, ""mape"": 3.1815073490142822, ""mae"": 0.6554190516471863, ""val_loss"": 3.207033395767212, ""val_mape"": 3.207033395767212, ""val_mae"": 0.6439777612686157, ""lr"": 0.00010000000474974513, ""val_mae12"": 1.0977888107299805, ""val_me"": -0.2366955876735589, ""val_me12"": 0.2824856932416957, ""mape_2021"": 4.02690315246582, ""mae_2021"": 0.6708573698997498, ""mae12_2021"": 1.0266327857971191, ""me_2021"": 0.03266284215860214, ""me12_2021"": -0.31683089779090606, ""epochs_trained"": 1291}",2026-07-03T06:37:53.122329,completed
2,MAPE,48,3,relu,1,256,0.1,3.3332018852233887,0.6494160294532776,0.9820165038108826,-0.2221030404199773,-0.05897192471959852,3.3332018852233887,0.708571195602417,1.2623478174209595,0.05870376164086041,-0.5895738528050157,4.619086742401123,"{""loss"": 4.8778228759765625, ""mape"": 4.8778228759765625, ""mae"": 1.0032628774642944, ""val_loss"": 3.3332018852233887, ""val_mape"": 3.3332018852233887, ""val_mae"": 0.6494160294532776, ""lr"": 0.00010000000474974513, ""val_mae12"": 0.9820165038108826, ""val_me"": -0.2221030404199773, ""val_me12"": -0.05897192471959852, ""mape_2021"": 4.619086742401123, ""mae_2021"": 0.708571195602417, ""mae12_2021"": 1.2623478174209595, ""me_2021"": 0.05870376164086041, ""me12_2021"": -0.5895738528050157, ""epochs_trained"": 692}",2026-07-03T06:38:06.203770,completed
2,MAPE,48,3,relu,2,16,0.05,5.20180606842041,1.0345842838287354,1.4077041149139404,0.5730541091509458,0.45896901569151166,5.20180606842041,1.3396389484405518,1.493362545967102,0.982098831145641,-0.692601417037012,7.129262924194336,"{""loss"": 10.760171890258789, ""mape"": 10.760171890258789, ""mae"": 2.377227306365967, ""val_loss"": 5.20180606842041, ""val_mape"": 5.20180606842041, ""val_mae"": 1.0345842838287354, ""lr"": 0.00010000000474974513, ""val_mae12"": 1.4077041149139404, ""val_me"": 0.5730541091509458, ""val_me12"": 0.45896901569151166, ""mape_2021"": 7.129262924194336, ""mae_2021"": 1.3396389484405518, ""mae12_2021"": 1.493362545967102, ""me_2021"": 0.982098831145641, ""me12_2021"": -0.692601417037012, ""epochs_trained"": 684}",2026-07-03T06:38:16.973692,completed
2,MAPE,48,3,relu,2,16,0.1,3.797713041305542,0.7243995070457458,1.4367932081222534,0.32516124115482015,0.8776399612273421,3.797713041305542,0.9308608770370483,1.1833144426345825,0.6647725115578083,0.05528915092189491,5.367218017578125,"{""loss"": 11.678009986877441, ""mape"": 11.678009986877441, ""mae"": 2.7163970470428467, ""val_loss"": 3.797713041305542, ""val_mape"": 3.797713041305542, ""val_mae"": 0.7243995070457458, ""lr"": 0.00010000000474974513, ""val_mae12"": 1.4367932081222534, ""val_me"": 0.32516124115482015, ""val_me12"": 0.8776399612273421, ""mape_2021"": 5.367218017578125, ""mae_2021"": 0.9308608770370483, ""mae12_2021"": 1.1833144426345825, ""me_2021"": 0.6647725115578083, ""me12_2021"": 0.05528915092189491, ""epochs_trained"": 803}",2026-07-03T06:38:22.604259,completed
2,MAPE,48,3,relu,2,16,0.3,5.419249534606934,1.1106412410736084,1.308960199356079,0.9395166659484472,0.7838304719151314,5.419249534606934,1.4097450971603394,1.1953065395355225,1.308147617493147,-0.0898641643330406,7.5614333152771,"{""loss"": 19.585418701171875, ""mape"": 19.585418701171875, ""mae"": 4.660407066345215, ""val_loss"": 5.419249534606934, ""val_mape"": 5.419249534606934, ""val_mae"": 1.1106412410736084, ""lr"": 0.00010000000474974513, ""val_mae12"": 1.308960199356079, ""val_me"": 0.9395166659484472, ""val_me12"": 0.7838304719151314, ""mape_2021"": 7.5614333152771, ""mae_2021"": 1.4097450971603394, ""mae12_2021"": 1.1953065395355225, ""me_2021"": 1.308147617493147, ""me12_2021"": -0.0898641643330406, ""epochs_trained"": 795}",2026-07-03T06:38:32.834361,completed
2,MAPE,48,3,relu,2,16,0.0,3.8703856468200684,0.7477946281433105,1.2751386165618896,-0.35238140923828837,0.41225654592763955,3.8703856468200684,0.715354859828949,1.0024888515472412,-0.013447659437956049,-0.49910643753789696,4.304937362670898,"{""loss"": 3.376985549926758, ""mape"": 3.376985549926758, ""mae"": 0.6711317896842957, ""val_loss"": 3.8703856468200684, ""val_mape"": 3.8703856468200684, ""val_mae"": 0.7477946281433105, ""lr"": 0.00010000000474974513, ""val_mae12"": 1.2751386165618896, ""val_me"": -0.35238140923828837, ""val_me12"": 0.41225654592763955, ""mape_2021"": 4.304937362670898, ""mae_2021"": 0.715354859828949, ""mae12_2021"": 1.0024888515472412, ""me_2021"": -0.013447659437956049, ""me12_2021"": -0.49910643753789696, ""epochs_trained"": 1200}",2026-07-03T06:38:33.013951,completed
2,MAPE,48,3,relu,1,128,0.0,4.875487804412842,1.0444377660751343,1.3226399421691895,0.02558926211989893,0.2743373545051383,4.875487804412842,1.141623616218567,0.9647197127342224,0.23271176210865677,-0.22146578079731985,5.968760967254639,"{""loss"": 4.5782246589660645, ""mape"": 4.5782246589660645, ""mae"": 1.0317751169204712, ""val_loss"": 4.875487804412842, ""val_mape"": 4.875487804412842, ""val_mae"": 1.0444377660751343, ""lr"": 1.0000000656873453e-05, ""val_mae12"": 1.3226399421691895, ""val_me"": 0.02558926211989893, ""val_me12"": 0.2743373545051383, ""mape_2021"": 5.968760967254639, ""mae_2021"": 1.141623616218567, ""mae12_2021"": 0.9647197127342224, ""me_2021"": 0.23271176210865677, ""me12_2021"": -0.22146578079731985, ""epochs_trained"": 6164}",2026-07-03T06:40:38.229749,completed
2,MAPE,48,3,relu,2,64,0.0,45.292335510253906,9.012506484985352,12.034529685974121,6.623029780599764,12.059472636269534,45.292335510253906,10.298344612121582,13.683834075927734,8.078171614213817,13.642022476409933,63.71420669555664,"{""loss"": 45.531028747558594, ""mape"": 45.531028747558594, ""mae"": 9.678823471069336, ""val_loss"": 45.292335510253906, ""val_mape"": 45.292335510253906, ""val_mae"": 9.012506484985352, ""lr"": 0.00010000000474974513, ""val_mae12"": 12.034529685974121, ""val_me"": 6.623029780599764, ""val_me12"": 12.059472636269534, ""mape_2021"": 63.71420669555664, ""mae_2021"": 10.298344612121582, ""mae12_2021"": 13.683834075927734, ""me_2021"": 8.078171614213817, ""me12_2021"": 13.642022476409933, ""epochs_trained"": 62}",2026-07-03T06:40:52.835263,completed
2,MAPE,48,3,relu,2,32,0.05,46.603824615478516,9.343191146850586,10.415567398071289,7.034305880668036,10.298652379284235,46.603824615478516,10.496785163879395,12.228597640991211,8.458999787673259,12.068132345581004,63.41667175292969,"{""loss"": 47.49430847167969, ""mape"": 47.49430847167969, ""mae"": 10.167637825012207, ""val_loss"": 46.603824615478516, ""val_mape"": 46.603824615478516, ""val_mae"": 9.343191146850586, ""lr"": 0.00010000000474974513, ""val_mae12"": 10.415567398071289, ""val_me"": 7.034305880668036, ""val_me12"": 10.298652379284235, ""mape_2021"": 63.41667175292969, ""mae_2021"": 10.496785163879395, ""mae12_2021"": 12.228597640991211, ""me_2021"": 8.458999787673259, ""me12_2021"": 12.068132345581004, ""epochs_trained"": 83}",2026-07-03T06:40:54.087325,completed
2,MAPE,48,3,relu,2,32,0.3,4.567298412322998,0.8204237818717957,1.9239352941513062,0.43944355004178864,1.6956637659539815,4.567298412322998,1.0661301612854004,1.3955624103546143,0.7960638716739932,0.8187509926751304,6.853427886962891,"{""loss"": 16.042083740234375, ""mape"": 16.042083740234375, ""mae"": 3.7534024715423584, ""val_loss"": 4.567298412322998, ""val_mape"": 4.567298412322998, ""val_mae"": 0.8204237818717957, ""lr"": 0.00010000000474974513, ""val_mae12"": 1.9239352941513062, ""val_me"": 0.43944355004178864, ""val_me12"": 1.6956637659539815, ""mape_2021"": 6.853427886962891, ""mae_2021"": 1.0661301612854004, ""mae12_2021"": 1.3955624103546143, ""me_2021"": 0.7960638716739932, ""me12_2021"": 0.8187509926751304, ""epochs_trained"": 612}",2026-07-03T06:41:29.551282,completed
2,MAPE,48,3,relu,2,32,0.1,3.2693986892700195,0.6109490394592285,1.3659526109695435,0.06847293925604166,0.885611058526096,3.2693986892700195,0.7426104545593262,1.0797574520111084,0.38558663160776363,0.13929614077955974,4.3692474365234375,"{""loss"": 8.769426345825195, ""mape"": 8.769426345825195, ""mae"": 2.0029444694519043, ""val_loss"": 3.2693986892700195, ""val_mape"": 3.2693986892700195, ""val_mae"": 0.6109490394592285, ""lr"": 0.00010000000474974513, ""val_mae12"": 1.3659526109695435, ""val_me"": 0.06847293925604166, ""val_me12"": 0.885611058526096, ""mape_2021"": 4.3692474365234375, ""mae_2021"": 0.7426104545593262, ""mae12_2021"": 1.0797574520111084, ""me_2021"": 0.38558663160776363, ""me12_2021"": 0.13929614077955974, ""epochs_trained"": 687}",2026-07-03T06:41:33.898059,completed
2,MAPE,48,3,relu,2,64,0.1,3.820483684539795,0.69069904088974,1.951791763305664,-0.08754092108468538,1.4229725151373882,3.820483684539795,0.7556344270706177,1.5762898921966553,0.17436806653838685,0.6819365670102111,5.185544490814209,"{""loss"": 7.779273509979248, ""mape"": 7.779273509979248, ""mae"": 1.6690478324890137, ""val_loss"": 3.820483684539795, ""val_mape"": 3.820483684539795, ""val_mae"": 0.69069904088974, ""lr"": 9.999999747378752e-06, ""val_mae12"": 1.951791763305664, ""val_me"": -0.08754092108468538, ""val_me12"": 1.4229725151373882, ""mape_2021"": 5.185544490814209, ""mae_2021"": 0.7556344270706177, ""mae12_2021"": 1.5762898921966553, ""me_2021"": 0.17436806653838685, ""me12_2021"": 0.6819365670102111, ""epochs_trained"": 554}",2026-07-03T06:41:35.532636,completed
2,MAPE,48,3,relu,2,64,0.3,3.4939920902252197,0.6547034382820129,1.6708977222442627,0.16991418724853974,1.3363257305255545,3.4939920902252197,0.82160884141922,1.205321192741394,0.4880740478903798,0.3229201063332231,4.805229663848877,"{""loss"": 11.884482383728027, ""mape"": 11.884482383728027, ""mae"": 2.7494311332702637, ""val_loss"": 3.4939920902252197, ""val_mape"": 3.4939920902252197, ""val_mae"": 0.6547034382820129, ""lr"": 0.00010000000474974513, ""val_mae12"": 1.6708977222442627, ""val_me"": 0.16991418724853974, ""val_me12"": 1.3363257305255545, ""mape_2021"": 4.805229663848877, ""mae_2021"": 0.82160884141922, ""mae12_2021"": 1.205321192741394, ""me_2021"": 0.4880740478903798, ""me12_2021"": 0.3229201063332231, ""epochs_trained"": 595}",2026-07-03T06:41:40.638835,completed
2,MAPE,48,3,relu,2,32,0.0,3.5046613216400146,0.6810376644134521,1.4426020383834839,-0.2915782930083483,0.7735519731763696,3.5046613216400146,0.6828508973121643,0.9291635155677795,-0.02726997444424536,0.024407946107072358,3.9951252937316895,"{""loss"": 3.2340476512908936, ""mape"": 3.2340476512908936, ""mae"": 0.6400104761123657, ""val_loss"": 3.5046613216400146, ""val_mape"": 3.5046613216400146, ""val_mae"": 0.6810376644134521, ""lr"": 1.0000000656873453e-05, ""val_mae12"": 1.4426020383834839, ""val_me"": -0.2915782930083483, ""val_me12"": 0.7735519731763696, ""mape_2021"": 3.9951252937316895, ""mae_2021"": 0.6828508973121643, ""mae12_2021"": 0.9291635155677795, ""me_2021"": -0.02726997444424536, ""me12_2021"": 0.024407946107072358, ""epochs_trained"": 898}",2026-07-03T06:41:49.372547,completed
2,MAPE,48,3,relu,2,128,0.05,3.4575750827789307,0.6190374493598938,1.575648546218872,-0.1727298928195862,1.194438355515816,3.4575750827789307,0.665656566619873,1.148290753364563,0.06912026515696462,0.22879273984145723,4.208179473876953,"{""loss"": 4.970434188842773, ""mape"": 4.970434188842773, ""mae"": 1.0299054384231567, ""val_loss"": 3.4575750827789307, ""val_mape"": 3.4575750827789307, ""val_mae"": 0.6190374493598938, ""lr"": 0.00010000000474974513, ""val_mae12"": 1.575648546218872, ""val_me"": -0.1727298928195862, ""val_me12"": 1.194438355515816, ""mape_2021"": 4.208179473876953, ""mae_2021"": 0.665656566619873, ""mae12_2021"": 1.148290753364563, ""me_2021"": 0.06912026515696462, ""me12_2021"": 0.22879273984145723, ""epochs_trained"": 455}",2026-07-03T06:42:23.824558,completed
2,MAPE,48,3,relu,2,128,0.0,3.351747989654541,0.6626459956169128,1.2440507411956787,-0.34110750772209475,0.5404236256438336,3.351747989654541,0.6413499116897583,0.8780962824821472,-0.045810926678270004,0.020891419352264816,3.785632848739624,"{""loss"": 2.886054754257202, ""mape"": 2.886054754257202, ""mae"": 0.5867097973823547, ""val_loss"": 3.351747989654541, ""val_mape"": 3.351747989654541, ""val_mae"": 0.6626459956169128, ""lr"": 1.0000000656873453e-05, ""val_mae12"": 1.2440507411956787, ""val_me"": -0.34110750772209475, ""val_me12"": 0.5404236256438336, ""mape_2021"": 3.785632848739624, ""mae_2021"": 0.6413499116897583, ""mae12_2021"": 0.8780962824821472, ""me_2021"": -0.045810926678270004, ""me12_2021"": 0.020891419352264816, ""epochs_trained"": 528}",2026-07-03T06:42:24.749000,completed
2,MAPE,48,3,relu,2,128,0.1,3.7589149475097656,0.6790305376052856,2.1758134365081787,-0.218207445831215,1.9114373997790821,3.7589149475097656,0.6997084021568298,1.4764280319213867,0.01695224765396292,1.1051828605803675,4.671048641204834,"{""loss"": 6.274280548095703, ""mape"": 6.274280548095703, ""mae"": 1.3452341556549072, ""val_loss"": 3.7589149475097656, ""val_mape"": 3.7589149475097656, ""val_mae"": 0.6790305376052856, ""lr"": 1.0000000656873453e-05, ""val_mae12"": 2.1758134365081787, ""val_me"": -0.218207445831215, ""val_me12"": 1.9114373997790821, ""mape_2021"": 4.671048641204834, ""mae_2021"": 0.6997084021568298, ""mae12_2021"": 1.4764280319213867, ""me_2021"": 0.01695224765396292, ""me12_2021"": 1.1051828605803675, ""epochs_trained"": 455}",2026-07-03T06:42:25.227909,completed
2,MAPE,48,3,relu,2,128,0.3,3.5505247116088867,0.6495007276535034,1.9039279222488403,-0.01686103214813378,1.6245647036779012,3.5505247116088867,0.7691646814346313,1.3548134565353394,0.2822933404981328,0.704286945482707,4.810744762420654,"{""loss"": 9.196076393127441, ""mape"": 9.196076393127441, ""mae"": 2.0703988075256348, ""val_loss"": 3.5505247116088867, ""val_mape"": 3.5505247116088867, ""val_mae"": 0.6495007276535034, ""lr"": 0.00010000000474974513, ""val_mae12"": 1.9039279222488403, ""val_me"": -0.01686103214813378, ""val_me12"": 1.6245647036779012, ""mape_2021"": 4.810744762420654, ""mae_2021"": 0.7691646814346313, ""mae12_2021"": 1.3548134565353394, ""me_2021"": 0.2822933404981328, ""me12_2021"": 0.704286945482707, ""epochs_trained"": 466}",2026-07-03T06:42:29.090656,completed
2,MAPE,48,3,relu,2,64,0.05,4.102950572967529,0.7514550685882568,1.891371250152588,-0.08969985914426014,1.5875054489152982,4.102950572967529,0.7821383476257324,1.288611650466919,0.1405641606068687,0.5190109370301769,4.854560375213623,"{""loss"": 6.305830478668213, ""mape"": 6.305830478668213, ""mae"": 1.3284404277801514, ""val_loss"": 4.102950572967529, ""val_mape"": 4.102950572967529, ""val_mae"": 0.7514550685882568, ""lr"": 9.999999747378752e-06, ""val_mae12"": 1.891371250152588, ""val_me"": -0.08969985914426014, ""val_me12"": 1.5875054489152982, ""mape_2021"": 4.854560375213623, ""mae_2021"": 0.7821383476257324, ""mae12_2021"": 1.288611650466919, ""me_2021"": 0.1405641606068687, ""me12_2021"": 0.5190109370301769, ""epochs_trained"": 2681}",2026-07-03T06:43:16.412230,completed
3,MAPE,48,2,selu,2,32,0.3,99.03185272216797,22.24289894104004,7.505228042602539,22.567820731986476,7.445370328206904,99.03185272216797,22.09164047241211,10.350798606872559,20.997421371667166,10.40786081909422,99.35334777832031,"{""loss"": 88.7309799194336, ""mape"": 88.7309799194336, ""mae"": 22.587419509887695, ""val_loss"": 99.03185272216797, ""val_mape"": 99.03185272216797, ""val_mae"": 22.24289894104004, ""lr"": 0.00010000000474974513, ""val_mae12"": 7.505228042602539, ""val_me"": 22.567820731986476, ""val_me12"": 7.445370328206904, ""mape_2021"": 99.35334777832031, ""mae_2021"": 22.09164047241211, ""mae12_2021"": 10.350798606872559, ""me_2021"": 20.997421371667166, ""me12_2021"": 10.40786081909422, ""epochs_trained"": 36}",2026-07-03T06:43:29.839399,completed
3,MAPE,48,2,selu,2,64,0.05,50.9506950378418,11.454580307006836,9.727937698364258,7.742536835161218,9.533342810979835,50.9506950378418,10.204266548156738,13.152017593383789,8.287786063014492,13.17486160025945,62.10235595703125,"{""loss"": 39.61126708984375, ""mape"": 39.61126708984375, ""mae"": 8.61233901977539, ""val_loss"": 50.9506950378418, ""val_mape"": 50.9506950378418, ""val_mae"": 11.454580307006836, ""lr"": 0.00010000000474974513, ""val_mae12"": 9.727937698364258, ""val_me"": 7.742536835161218, ""val_me12"": 9.533342810979835, ""mape_2021"": 62.10235595703125, ""mae_2021"": 10.204266548156738, ""mae12_2021"": 13.152017593383789, ""me_2021"": 8.287786063014492, ""me12_2021"": 13.17486160025945, ""epochs_trained"": 66}",2026-07-03T06:43:31.251149,completed
3,MAPE,48,2,selu,2,32,0.1,51.390316009521484,11.601349830627441,9.50377368927002,6.3243293591063106,9.534872833022675,51.390316009521484,8.495075225830078,12.256037712097168,6.682705636430689,12.341163901525023,52.01628494262695,"{""loss"": 40.50725555419922, ""mape"": 40.50725555419922, ""mae"": 8.857343673706055, ""val_loss"": 51.390316009521484, ""val_mape"": 51.390316009521484, ""val_mae"": 11.601349830627441, ""lr"": 0.00010000000474974513, ""val_mae12"": 9.50377368927002, ""val_me"": 6.3243293591063106, ""val_me12"": 9.534872833022675, ""mape_2021"": 52.01628494262695, ""mae_2021"": 8.495075225830078, ""mae12_2021"": 12.256037712097168, ""me_2021"": 6.682705636430689, ""me12_2021"": 12.341163901525023, ""epochs_trained"": 100}",2026-07-03T06:43:32.581889,completed
3,MAPE,48,2,selu,2,32,0.05,45.83257293701172,10.234269142150879,7.364449501037598,7.01383140704115,7.204709182859152,45.83257293701172,8.687121391296387,9.977763175964355,7.340955220451811,9.979789947175929,51.44074630737305,"{""loss"": 38.148075103759766, ""mape"": 38.148075103759766, ""mae"": 8.241832733154297, ""val_loss"": 45.83257293701172, ""val_mape"": 45.83257293701172, ""val_mae"": 10.234269142150879, ""lr"": 0.00010000000474974513, ""val_mae12"": 7.364449501037598, ""val_me"": 7.01383140704115, ""val_me12"": 7.204709182859152, ""mape_2021"": 51.44074630737305, ""mae_2021"": 8.687121391296387, ""mae12_2021"": 9.977763175964355, ""me_2021"": 7.340955220451811, ""me12_2021"": 9.979789947175929, ""epochs_trained"": 102}",2026-07-03T06:43:32.718924,completed
3,MAPE,48,2,selu,2,64,0.3,106.11072540283203,23.951738357543945,3.7250161170959473,23.276065767484724,3.210080148943369,106.11072540283203,22.297151565551758,5.607194900512695,21.74231316172951,5.4053284418070255,95.5673599243164,"{""loss"": 89.2522201538086, ""mape"": 89.2522201538086, ""mae"": 22.956897735595703, ""val_loss"": 106.11072540283203, ""val_mape"": 106.11072540283203, ""val_mae"": 23.951738357543945, ""lr"": 0.00010000000474974513, ""val_mae12"": 3.7250161170959473, ""val_me"": 23.276065767484724, ""val_me12"": 3.210080148943369, ""mape_2021"": 95.5673599243164, ""mae_2021"": 22.297151565551758, ""mae12_2021"": 5.607194900512695, ""me_2021"": 21.74231316172951, ""me12_2021"": 5.4053284418070255, ""epochs_trained"": 31}",2026-07-03T06:43:38.420949,completed
3,MAPE,48,2,selu,2,64,0.1,65.79618072509766,14.74992561340332,12.406973838806152,7.2832187225200755,12.284524162490937,65.79618072509766,9.973881721496582,16.449186325073242,7.617466659538287,16.515790320362818,65.21548461914062,"{""loss"": 43.72221755981445, ""mape"": 43.72221755981445, ""mae"": 9.290332794189453, ""val_loss"": 65.79618072509766, ""val_mape"": 65.79618072509766, ""val_mae"": 14.74992561340332, ""lr"": 0.00010000000474974513, ""val_mae12"": 12.406973838806152, ""val_me"": 7.2832187225200755, ""val_me12"": 12.284524162490937, ""mape_2021"": 65.21548461914062, ""mae_2021"": 9.973881721496582, ""mae12_2021"": 16.449186325073242, ""me_2021"": 7.617466659538287, ""me12_2021"": 16.515790320362818, ""epochs_trained"": 70}",2026-07-03T06:43:39.133581,completed
3,MAPE,48,2,selu,2,128,0.3,93.79983520507812,20.954275131225586,3.085036516189575,23.66802469726765,1.1376052720856376,93.79983520507812,22.621389389038086,4.531815528869629,22.22893165846705,3.2840915854700787,96.54058074951172,"{""loss"": 87.32530975341797, ""mape"": 87.32530975341797, ""mae"": 22.285911560058594, ""val_loss"": 93.79983520507812, ""val_mape"": 93.79983520507812, ""val_mae"": 20.954275131225586, ""lr"": 0.00010000000474974513, ""val_mae12"": 3.085036516189575, ""val_me"": 23.66802469726765, ""val_me12"": 1.1376052720856376, ""mape_2021"": 96.54058074951172, ""mae_2021"": 22.621389389038086, ""mae12_2021"": 4.531815528869629, ""me_2021"": 22.22893165846705, ""me12_2021"": 3.2840915854700787, ""epochs_trained"": 28}",2026-07-03T06:43:50.115721,completed
3,MAPE,48,2,selu,2,128,0.1,52.76258087158203,12.43337345123291,9.526603698730469,7.215895276445872,9.530795152971757,52.76258087158203,9.19956111907959,12.214527130126953,7.579682102889013,12.301931596722376,55.54685974121094,"{""loss"": 33.30266571044922, ""mape"": 33.30266571044922, ""mae"": 7.266582012176514, ""val_loss"": 52.76258087158203, ""val_mape"": 52.76258087158203, ""val_mae"": 12.43337345123291, ""lr"": 0.00010000000474974513, ""val_mae12"": 9.526603698730469, ""val_me"": 7.215895276445872, ""val_me12"": 9.530795152971757, ""mape_2021"": 55.54685974121094, ""mae_2021"": 9.19956111907959, ""mae12_2021"": 12.214527130126953, ""me_2021"": 7.579682102889013, ""me12_2021"": 12.301931596722376, ""epochs_trained"": 57}",2026-07-03T06:43:51.185687,completed
3,MAPE,48,2,selu,2,128,0.05,21.893657684326172,4.9030609130859375,3.023982524871826,-4.193575289409832,3.000252339576833,21.893657684326172,4.8499579429626465,2.2294187545776367,-4.173011756780376,1.871960621688437,21.73685646057129,"{""loss"": 9.430925369262695, ""mape"": 9.430925369262695, ""mae"": 2.1559298038482666, ""val_loss"": 21.893657684326172, ""val_mape"": 21.893657684326172, ""val_mae"": 4.9030609130859375, ""lr"": 0.00010000000474974513, ""val_mae12"": 3.023982524871826, ""val_me"": -4.193575289409832, ""val_me12"": 3.000252339576833, ""mape_2021"": 21.73685646057129, ""mae_2021"": 4.8499579429626465, ""mae12_2021"": 2.2294187545776367, ""me_2021"": -4.173011756780376, ""me12_2021"": 1.871960621688437, ""epochs_trained"": 238}",2026-07-03T06:43:56.777008,completed
3,MAPE,48,2,selu,2,64,0.0,3.8985323905944824,0.7698152661323547,0.9022552967071533,0.1721587863985617,0.28980263962503244,3.8985323905944824,0.7840419411659241,0.9100449085235596,0.23376616952010038,-0.3861234676688308,4.477781772613525,"{""loss"": 3.059858560562134, ""mape"": 3.059858560562134, ""mae"": 0.6276195049285889, ""val_loss"": 3.8985323905944824, ""val_mape"": 3.8985323905944824, ""val_mae"": 0.7698152661323547, ""lr"": 1.0000000656873453e-05, ""val_mae12"": 0.9022552967071533, ""val_me"": 0.1721587863985617, ""val_me12"": 0.28980263962503244, ""mape_2021"": 4.477781772613525, ""mae_2021"": 0.7840419411659241, ""mae12_2021"": 0.9100449085235596, ""me_2021"": 0.23376616952010038, ""me12_2021"": -0.3861234676688308, ""epochs_trained"": 656}",2026-07-03T06:44:05.952109,completed
3,MAPE,48,2,selu,2,128,0.0,3.417733669281006,0.666768491268158,0.9021923542022705,0.0928316517120618,0.34685948890611645,3.417733669281006,0.6843888759613037,0.9006831645965576,0.15815111918905686,-0.3269433244313029,4.08870267868042,"{""loss"": 2.8030946254730225, ""mape"": 2.8030946254730225, ""mae"": 0.5682492256164551, ""val_loss"": 3.417733669281006, ""val_mape"": 3.417733669281006, ""val_mae"": 0.666768491268158, ""lr"": 1.0000000656873453e-05, ""val_mae12"": 0.9021923542022705, ""val_me"": 0.0928316517120618, ""val_me12"": 0.34685948890611645, ""mape_2021"": 4.08870267868042, ""mae_2021"": 0.6843888759613037, ""mae12_2021"": 0.9006831645965576, ""me_2021"": 0.15815111918905686, ""me12_2021"": -0.3269433244313029, ""epochs_trained"": 597}",2026-07-03T06:44:11.524476,completed
3,MAPE,48,2,selu,2,32,0.0,3.3700246810913086,0.6493971943855286,0.8839761018753052,0.09137805178005687,0.35010762397307643,3.3700246810913086,0.6573286056518555,0.9071090817451477,0.13970684114932247,-0.32511070434577544,3.9721226692199707,"{""loss"": 2.7960705757141113, ""mape"": 2.7960705757141113, ""mae"": 0.5672135949134827, ""val_loss"": 3.3700246810913086, ""val_mape"": 3.3700246810913086, ""val_mae"": 0.6493971943855286, ""lr"": 0.00010000000474974513, ""val_mae12"": 0.8839761018753052, ""val_me"": 0.09137805178005687, ""val_me12"": 0.35010762397307643, ""mape_2021"": 3.9721226692199707, ""mae_2021"": 0.6573286056518555, ""mae12_2021"": 0.9071090817451477, ""me_2021"": 0.13970684114932247, ""me12_2021"": -0.32511070434577544, ""epochs_trained"": 1178}",2026-07-03T06:44:21.962605,completed
3,MAPE,48,2,selu,2,256,0.3,167.06871032714844,38.654903411865234,24.34459686279297,-0.478686557494245,24.387825133297348,167.06871032714844,9.896800994873047,26.77820587158203,-0.4520319956690673,26.844537305868947,73.71382141113281,"{""loss"": 35.71416473388672, ""mape"": 35.71416473388672, ""mae"": 7.523433685302734, ""val_loss"": 167.06871032714844, ""val_mape"": 167.06871032714844, ""val_mae"": 38.654903411865234, ""lr"": 0.00010000000474974513, ""val_mae12"": 24.34459686279297, ""val_me"": -0.478686557494245, ""val_me12"": 24.387825133297348, ""mape_2021"": 73.71382141113281, ""mae_2021"": 9.896800994873047, ""mae12_2021"": 26.77820587158203, ""me_2021"": -0.4520319956690673, ""me12_2021"": 26.844537305868947, ""epochs_trained"": 56}",2026-07-03T06:44:49.900668,completed
3,MAPE,48,2,selu,2,256,0.1,46.900718688964844,11.109685897827148,6.201171875,-3.8513217829745106,-0.5495255411007413,46.900718688964844,9.011558532714844,8.42775821685791,-3.161006274227738,-5.240601024660326,48.9132080078125,"{""loss"": 22.669679641723633, ""mape"": 22.669679641723633, ""mae"": 4.9757080078125, ""val_loss"": 46.900718688964844, ""val_mape"": 46.900718688964844, ""val_mae"": 11.109685897827148, ""lr"": 0.00010000000474974513, ""val_mae12"": 6.201171875, ""val_me"": -3.8513217829745106, ""val_me12"": -0.5495255411007413, ""mape_2021"": 48.9132080078125, ""mae_2021"": 9.011558532714844, ""mae12_2021"": 8.42775821685791, ""me_2021"": -3.161006274227738, ""me12_2021"": -5.240601024660326, ""epochs_trained"": 62}",2026-07-03T06:44:50.100471,completed
3,MAPE,48,2,selu,3,16,0.05,39.803646087646484,9.102202415466309,7.256369113922119,5.5049759155110065,7.277944293091857,39.803646087646484,7.066021919250488,9.094605445861816,5.721233503068264,9.15717791764113,41.87227249145508,"{""loss"": 34.1279296875, ""mape"": 34.1279296875, ""mae"": 7.609707832336426, ""val_loss"": 39.803646087646484, ""val_mape"": 39.803646087646484, ""val_mae"": 9.102202415466309, ""lr"": 0.00010000000474974513, ""val_mae12"": 7.256369113922119, ""val_me"": 5.5049759155110065, ""val_me12"": 7.277944293091857, ""mape_2021"": 41.87227249145508, ""mae_2021"": 7.066021919250488, ""mae12_2021"": 9.094605445861816, ""me_2021"": 5.721233503068264, ""me12_2021"": 9.15717791764113, ""epochs_trained"": 117}",2026-07-03T06:44:52.654704,completed
3,MAPE,48,2,selu,2,256,0.05,23.014671325683594,5.291438102722168,2.0106239318847656,-2.62316030666,1.261462776255966,23.014671325683594,5.309966087341309,2.2553551197052,-2.5992127164561807,-0.5304741691030925,24.41370964050293,"{""loss"": 13.558629989624023, ""mape"": 13.558629989624023, ""mae"": 2.971571683883667, ""val_loss"": 23.014671325683594, ""val_mape"": 23.014671325683594, ""val_mae"": 5.291438102722168, ""lr"": 0.00010000000474974513, ""val_mae12"": 2.0106239318847656, ""val_me"": -2.62316030666, ""val_me12"": 1.261462776255966, ""mape_2021"": 24.41370964050293, ""mae_2021"": 5.309966087341309, ""mae12_2021"": 2.2553551197052, ""me_2021"": -2.5992127164561807, ""me12_2021"": -0.5304741691030925, ""epochs_trained"": 113}",2026-07-03T06:44:52.868392,completed
3,MAPE,48,2,selu,3,16,0.3,102.30326843261719,20.426116943359375,9.302803039550781,20.146798784344774,9.219157702288724,102.30326843261719,20.251358032226562,12.83772087097168,18.850362449634133,12.902632337183373,96.90216827392578,"{""loss"": 88.52622985839844, ""mape"": 88.52622985839844, ""mae"": 22.087005615234375, ""val_loss"": 102.30326843261719, ""val_mape"": 102.30326843261719, ""val_mae"": 20.426116943359375, ""lr"": 0.00010000000474974513, ""val_mae12"": 9.302803039550781, ""val_me"": 20.146798784344774, ""val_me12"": 9.219157702288724, ""mape_2021"": 96.90216827392578, ""mae_2021"": 20.251358032226562, ""mae12_2021"": 12.83772087097168, ""me_2021"": 18.850362449634133, ""me12_2021"": 12.902632337183373, ""epochs_trained"": 40}",2026-07-03T06:44:58.427959,completed
3,MAPE,48,2,selu,3,16,0.1,64.02574157714844,14.274941444396973,13.843799591064453,7.102934499874245,13.886710905618338,64.02574157714844,9.980708122253418,18.063688278198242,7.46240303378671,18.197769290025096,66.17820739746094,"{""loss"": 49.53892517089844, ""mape"": 49.53892517089844, ""mae"": 10.862658500671387, ""val_loss"": 64.02574157714844, ""val_mape"": 64.02574157714844, ""val_mae"": 14.274941444396973, ""lr"": 0.00010000000474974513, ""val_mae12"": 13.843799591064453, ""val_me"": 7.102934499874245, ""val_me12"": 13.886710905618338, ""mape_2021"": 66.17820739746094, ""mae_2021"": 9.980708122253418, ""mae12_2021"": 18.063688278198242, ""me_2021"": 7.46240303378671, ""me12_2021"": 18.197769290025096, ""epochs_trained"": 75}",2026-07-03T06:45:00.495994,completed
3,MAPE,48,2,selu,3,32,0.05,53.16691589355469,12.103631973266602,10.136795043945312,6.73887176512333,10.09518840381033,53.16691589355469,9.122118949890137,13.289323806762695,7.034928825962131,13.366336097577717,56.8917350769043,"{""loss"": 39.514732360839844, ""mape"": 39.514732360839844, ""mae"": 8.544472694396973, ""val_loss"": 53.16691589355469, ""val_mape"": 53.16691589355469, ""val_mae"": 12.103631973266602, ""lr"": 0.00010000000474974513, ""val_mae12"": 10.136795043945312, ""val_me"": 6.73887176512333, ""val_me12"": 10.09518840381033, ""mape_2021"": 56.8917350769043, ""mae_2021"": 9.122118949890137, ""mae12_2021"": 13.289323806762695, ""me_2021"": 7.034928825962131, ""me12_2021"": 13.366336097577717, ""epochs_trained"": 63}",2026-07-03T06:45:03.017205,completed
3,MAPE,48,2,selu,2,256,0.0,3.525620937347412,0.7034509778022766,0.8898257613182068,0.13183655260441784,0.20706841489966268,3.525620937347412,0.6920936703681946,0.9727551341056824,0.1617693720666288,-0.43594388829427794,4.158847808837891,"{""loss"": 2.9994113445281982, ""mape"": 2.9994113445281982, ""mae"": 0.620032012462616, ""val_loss"": 3.525620937347412, ""val_mape"": 3.525620937347412, ""val_mae"": 0.7034509778022766, ""lr"": 1.0000000656873453e-05, ""val_mae12"": 0.8898257613182068, ""val_me"": 0.13183655260441784, ""val_me12"": 0.20706841489966268, ""mape_2021"": 4.158847808837891, ""mae_2021"": 0.6920936703681946, ""mae12_2021"": 0.9727551341056824, ""me_2021"": 0.1617693720666288, ""me12_2021"": -0.43594388829427794, ""epochs_trained"": 320}",2026-07-03T06:45:06.971164,completed
3,MAPE,48,2,selu,3,32,0.1,63.6787109375,14.947456359863281,15.796852111816406,4.644710790788021,15.830780571575161,63.6787109375,7.893817901611328,19.193153381347656,4.49191622979433,19.30580819893055,57.44154739379883,"{""loss"": 39.47456359863281, ""mape"": 39.47456359863281, ""mae"": 8.644561767578125, ""val_loss"": 63.6787109375, ""val_mape"": 63.6787109375, ""val_mae"": 14.947456359863281, ""lr"": 0.00010000000474974513, ""val_mae12"": 15.796852111816406, ""val_me"": 4.644710790788021, ""val_me12"": 15.830780571575161, ""mape_2021"": 57.44154739379883, ""mae_2021"": 7.893817901611328, ""mae12_2021"": 19.193153381347656, ""me_2021"": 4.49191622979433, ""me12_2021"": 19.30580819893055, ""epochs_trained"": 74}",2026-07-03T06:45:07.777904,completed
3,MAPE,48,2,selu,3,32,0.3,88.7556381225586,15.736001014709473,13.671059608459473,17.166020156842823,13.703122707443192,88.7556381225586,18.48900032043457,16.946447372436523,16.056756851210352,17.058761052769153,91.58843231201172,"{""loss"": 80.07506561279297, ""mape"": 80.07506561279297, ""mae"": 20.064090728759766, ""val_loss"": 88.7556381225586, ""val_mape"": 88.7556381225586, ""val_mae"": 15.736001014709473, ""lr"": 0.00010000000474974513, ""val_mae12"": 13.671059608459473, ""val_me"": 17.166020156842823, ""val_me12"": 13.703122707443192, ""mape_2021"": 91.58843231201172, ""mae_2021"": 18.48900032043457, ""mae12_2021"": 16.946447372436523, ""me_2021"": 16.056756851210352, ""me12_2021"": 17.058761052769153, ""epochs_trained"": 53}",2026-07-03T06:45:08.018675,completed
3,MAPE,48,2,selu,3,16,0.0,3.4314157962799072,0.6535489559173584,0.9390444159507751,0.06410348691099987,0.28881970802093077,3.4314157962799072,0.6307456493377686,0.9261584281921387,0.09469491969316207,-0.43412704098439386,3.8835606575012207,"{""loss"": 2.921522855758667, ""mape"": 2.921522855758667, ""mae"": 0.5897766351699829, ""val_loss"": 3.4314157962799072, ""val_mape"": 3.4314157962799072, ""val_mae"": 0.6535489559173584, ""lr"": 0.00010000000474974513, ""val_mae12"": 0.9390444159507751, ""val_me"": 0.06410348691099987, ""val_me12"": 0.28881970802093077, ""mape_2021"": 3.8835606575012207, ""mae_2021"": 0.6307456493377686, ""mae12_2021"": 0.9261584281921387, ""me_2021"": 0.09469491969316207, ""me12_2021"": -0.43412704098439386, ""epochs_trained"": 639}",2026-07-03T06:45:15.925164,completed
3,MAPE,48,2,selu,3,32,0.0,3.590272903442383,0.7110099792480469,0.8759456276893616,0.1457315209017984,0.3227653966876171,3.590272903442383,0.7312254905700684,0.9915384650230408,0.23092492153175126,-0.40470245125345666,4.470327854156494,"{""loss"": 2.8513548374176025, ""mape"": 2.8513548374176025, ""mae"": 0.5806314945220947, ""val_loss"": 3.590272903442383, ""val_mape"": 3.590272903442383, ""val_mae"": 0.7110099792480469, ""lr"": 0.00010000000474974513, ""val_mae12"": 0.8759456276893616, ""val_me"": 0.1457315209017984, ""val_me12"": 0.3227653966876171, ""mape_2021"": 4.470327854156494, ""mae_2021"": 0.7312254905700684, ""mae12_2021"": 0.9915384650230408, ""me_2021"": 0.23092492153175126, ""me12_2021"": -0.40470245125345666, ""epochs_trained"": 814}",2026-07-03T06:45:27.794684,completed
3,MAPE,48,2,selu,3,64,0.3,115.23453521728516,22.995779037475586,5.381495952606201,22.593102155055462,5.375262374980367,115.23453521728516,21.791425704956055,7.3054680824279785,21.03095955885869,7.358700837507905,93.38349914550781,"{""loss"": 85.55167388916016, ""mape"": 85.55167388916016, ""mae"": 21.875341415405273, ""val_loss"": 115.23453521728516, ""val_mape"": 115.23453521728516, ""val_mae"": 22.995779037475586, ""lr"": 0.00010000000474974513, ""val_mae12"": 5.381495952606201, ""val_me"": 22.593102155055462, ""val_me12"": 5.375262374980367, ""mape_2021"": 93.38349914550781, ""mae_2021"": 21.791425704956055, ""mae12_2021"": 7.3054680824279785, ""me_2021"": 21.03095955885869, ""me12_2021"": 7.358700837507905, ""epochs_trained"": 34}",2026-07-03T06:45:46.631252,completed
3,MAPE,48,2,selu,3,64,0.1,66.36017608642578,16.249244689941406,13.634305000305176,5.322222020442057,13.66006935540149,66.36017608642578,8.187139511108398,16.090303421020508,5.352697093874839,16.178401588547622,54.37815475463867,"{""loss"": 34.18297576904297, ""mape"": 34.18297576904297, ""mae"": 7.691953182220459, ""val_loss"": 66.36017608642578, ""val_mape"": 66.36017608642578, ""val_mae"": 16.249244689941406, ""lr"": 0.00010000000474974513, ""val_mae12"": 13.634305000305176, ""val_me"": 5.322222020442057, ""val_me12"": 13.66006935540149, ""mape_2021"": 54.37815475463867, ""mae_2021"": 8.187139511108398, ""mae12_2021"": 16.090303421020508, ""me_2021"": 5.352697093874839, ""me12_2021"": 16.178401588547622, ""epochs_trained"": 56}",2026-07-03T06:45:47.933340,completed
3,MAPE,48,2,selu,3,128,0.05,25.804351806640625,5.903345584869385,2.6129984855651855,-3.101897940909909,1.3632708419366377,25.804351806640625,5.489553451538086,2.7963974475860596,-2.8330205213310102,-0.6255037397396734,25.614694595336914,"{""loss"": 14.089347839355469, ""mape"": 14.089347839355469, ""mae"": 3.018615484237671, ""val_loss"": 25.804351806640625, ""val_mape"": 25.804351806640625, ""val_mae"": 5.903345584869385, ""lr"": 0.00010000000474974513, ""val_mae12"": 2.6129984855651855, ""val_me"": -3.101897940909909, ""val_me12"": 1.3632708419366377, ""mape_2021"": 25.614694595336914, ""mae_2021"": 5.489553451538086, ""mae12_2021"": 2.7963974475860596, ""me_2021"": -2.8330205213310102, ""me12_2021"": -0.6255037397396734, ""epochs_trained"": 80}",2026-07-03T06:45:49.544471,completed
3,MAPE,48,2,selu,3,128,0.1,53.52348709106445,13.023675918579102,4.76741886138916,-7.427372800375639,4.035002087502106,53.52348709106445,10.346979141235352,3.71189546585083,-6.36716855146021,1.9917445642933573,44.67943572998047,"{""loss"": 20.58404541015625, ""mape"": 20.58404541015625, ""mae"": 4.430568695068359, ""val_loss"": 53.52348709106445, ""val_mape"": 53.52348709106445, ""val_mae"": 13.023675918579102, ""lr"": 0.00010000000474974513, ""val_mae12"": 4.76741886138916, ""val_me"": -7.427372800375639, ""val_me12"": 4.035002087502106, ""mape_2021"": 44.67943572998047, ""mae_2021"": 10.346979141235352, ""mae12_2021"": 3.71189546585083, ""me_2021"": -6.36716855146021, ""me12_2021"": 1.9917445642933573, ""epochs_trained"": 61}",2026-07-03T06:46:03.025043,completed
3,MAPE,48,2,selu,3,128,0.3,115.70547485351562,21.879173278808594,5.151065826416016,23.628224916033165,4.817911669617527,115.70547485351562,22.701324462890625,7.140602111816406,21.982950934279394,6.990657749257216,97.48523712158203,"{""loss"": 85.76713562011719, ""mape"": 85.76713562011719, ""mae"": 21.87721824645996, ""val_loss"": 115.70547485351562, ""val_mape"": 115.70547485351562, ""val_mae"": 21.879173278808594, ""lr"": 0.00010000000474974513, ""val_mae12"": 5.151065826416016, ""val_me"": 23.628224916033165, ""val_me12"": 4.817911669617527, ""mape_2021"": 97.48523712158203, ""mae_2021"": 22.701324462890625, ""mae12_2021"": 7.140602111816406, ""me_2021"": 21.982950934279394, ""me12_2021"": 6.990657749257216, ""epochs_trained"": 28}",2026-07-03T06:46:03.133942,completed
3,MAPE,48,2,selu,3,64,0.05,17.847810745239258,4.233142852783203,1.8487534523010254,-4.201994775532727,1.6637450393592503,17.847810745239258,4.037270545959473,1.4751580953598022,-4.003374609399503,1.3779354903803427,18.279510498046875,"{""loss"": 6.3028974533081055, ""mape"": 6.3028974533081055, ""mae"": 1.398525595664978, ""val_loss"": 17.847810745239258, ""val_mape"": 17.847810745239258, ""val_mae"": 4.233142852783203, ""lr"": 0.00010000000474974513, ""val_mae12"": 1.8487534523010254, ""val_me"": -4.201994775532727, ""val_me12"": 1.6637450393592503, ""mape_2021"": 18.279510498046875, ""mae_2021"": 4.037270545959473, ""mae12_2021"": 1.4751580953598022, ""me_2021"": -4.003374609399503, ""me12_2021"": 1.3779354903803427, ""epochs_trained"": 278}",2026-07-03T06:46:14.067351,completed
3,MAPE,48,2,selu,3,256,0.1,64.81262969970703,15.376852035522461,8.81706428527832,3.953653134190523,8.676634390211081,64.81262969970703,7.706737995147705,10.34172534942627,4.199699047244674,10.355302706066718,46.10549545288086,"{""loss"": 22.266380310058594, ""mape"": 22.266380310058594, ""mae"": 4.681397914886475, ""val_loss"": 64.81262969970703, ""val_mape"": 64.81262969970703, ""val_mae"": 15.376852035522461, ""lr"": 0.00010000000474974513, ""val_mae12"": 8.81706428527832, ""val_me"": 3.953653134190523, ""val_me12"": 8.676634390211081, ""mape_2021"": 46.10549545288086, ""mae_2021"": 7.706737995147705, ""mae12_2021"": 10.34172534942627, ""me_2021"": 4.199699047244674, ""me12_2021"": 10.355302706066718, ""epochs_trained"": 38}",2026-07-03T06:46:24.418600,completed
3,MAPE,48,2,selu,3,256,0.05,26.637258529663086,6.16523551940918,4.320514678955078,1.0213542387266674,-2.7113417334781595,26.637258529663086,5.012858867645264,6.42066764831543,1.3708940934699871,-5.568018897385724,29.129758834838867,"{""loss"": 16.05472755432129, ""mape"": 16.05472755432129, ""mae"": 3.4596779346466064, ""val_loss"": 26.637258529663086, ""val_mape"": 26.637258529663086, ""val_mae"": 6.16523551940918, ""lr"": 0.00010000000474974513, ""val_mae12"": 4.320514678955078, ""val_me"": 1.0213542387266674, ""val_me12"": -2.7113417334781595, ""mape_2021"": 29.129758834838867, ""mae_2021"": 5.012858867645264, ""mae12_2021"": 6.42066764831543, ""me_2021"": 1.3708940934699871, ""me12_2021"": -5.568018897385724, ""epochs_trained"": 44}",2026-07-03T06:46:24.862301,completed
3,MAPE,48,2,selu,3,128,0.0,3.552229166030884,0.6963790059089661,0.9042234420776367,0.1183640851630522,0.3209961884342324,3.552229166030884,0.6963130831718445,0.8976933360099792,0.18809929535285855,-0.3610796561663438,4.129780292510986,"{""loss"": 2.8949921131134033, ""mape"": 2.8949921131134033, ""mae"": 0.5867946147918701, ""val_loss"": 3.552229166030884, ""val_mape"": 3.552229166030884, ""val_mae"": 0.6963790059089661, ""lr"": 1.0000000656873453e-05, ""val_mae12"": 0.9042234420776367, ""val_me"": 0.1183640851630522, ""val_me12"": 0.3209961884342324, ""mape_2021"": 4.129780292510986, ""mae_2021"": 0.6963130831718445, ""mae12_2021"": 0.8976933360099792, ""me_2021"": 0.18809929535285855, ""me12_2021"": -0.3610796561663438, ""epochs_trained"": 380}",2026-07-03T06:46:26.442802,completed
3,MAPE,48,2,selu,3,64,0.0,3.4996519088745117,0.6563354134559631,0.8976556658744812,0.0807130194191826,0.26865095729290844,3.4996519088745117,0.6768865585327148,1.0655746459960938,0.16278632758966863,-0.5074132938222979,4.317642688751221,"{""loss"": 2.8536081314086914, ""mape"": 2.8536081314086914, ""mae"": 0.5745152831077576, ""val_loss"": 3.4996519088745117, ""val_mape"": 3.4996519088745117, ""val_mae"": 0.6563354134559631, ""lr"": 0.00010000000474974513, ""val_mae12"": 0.8976556658744812, ""val_me"": 0.0807130194191826, ""val_me12"": 0.26865095729290844, ""mape_2021"": 4.317642688751221, ""mae_2021"": 0.6768865585327148, ""mae12_2021"": 1.0655746459960938, ""me_2021"": 0.16278632758966863, ""me12_2021"": -0.5074132938222979, ""epochs_trained"": 432}",2026-07-03T06:46:30.504849,completed
3,MAPE,48,2,selu,3,256,0.3,116.5638198852539,19.38399314880371,45.02313995361328,-5.413918196262107,45.07902643715913,116.5638198852539,13.804920196533203,48.61936569213867,-6.34235960828414,48.72948569195531,118.94422149658203,"{""loss"": 65.56600952148438, ""mape"": 65.56600952148438, ""mae"": 16.102474212646484, ""val_loss"": 116.5638198852539, ""val_mape"": 116.5638198852539, ""val_mae"": 19.38399314880371, ""lr"": 1.0000000656873453e-05, ""val_mae12"": 45.02313995361328, ""val_me"": -5.413918196262107, ""val_me12"": 45.07902643715913, ""mape_2021"": 118.94422149658203, ""mae_2021"": 13.804920196533203, ""mae12_2021"": 48.61936569213867, ""me_2021"": -6.34235960828414, ""me12_2021"": 48.72948569195531, ""epochs_trained"": 54}",2026-07-03T06:46:31.363800,completed
3,MAPE,48,2,selu,3,256,0.0,3.4337897300720215,0.6773969531059265,0.901603102684021,0.10176001504185962,0.25861972090186275,3.4337897300720215,0.6504771113395691,1.0154248476028442,0.13970093485484686,-0.5529120837830234,4.1800079345703125,"{""loss"": 2.945355176925659, ""mape"": 2.945355176925659, ""mae"": 0.5996071100234985, ""val_loss"": 3.4337897300720215, ""val_mape"": 3.4337897300720215, ""val_mae"": 0.6773969531059265, ""lr"": 1.0000000656873453e-05, ""val_mae12"": 0.901603102684021, ""val_me"": 0.10176001504185962, ""val_me12"": 0.25861972090186275, ""mape_2021"": 4.1800079345703125, ""mae_2021"": 0.6504771113395691, ""mae12_2021"": 1.0154248476028442, ""me_2021"": 0.13970093485484686, ""me12_2021"": -0.5529120837830234, ""epochs_trained"": 187}",2026-07-03T06:46:37.150367,completed
3,MAPE,48,3,relu,1,16,0.05,3.9092752933502197,0.7709786891937256,1.1310292482376099,0.3387722670509933,-0.06839835325471882,3.9092752933502197,1.100132942199707,1.4746286869049072,0.7233179810898324,-0.7646455533156191,6.375550270080566,"{""loss"": 8.185179710388184, ""mape"": 8.185179710388184, ""mae"": 1.7588727474212646, ""val_loss"": 3.9092752933502197, ""val_mape"": 3.9092752933502197, ""val_mae"": 0.7709786891937256, ""lr"": 0.00010000000474974513, ""val_mae12"": 1.1310292482376099, ""val_me"": 0.3387722670509933, ""val_me12"": -0.06839835325471882, ""mape_2021"": 6.375550270080566, ""mae_2021"": 1.100132942199707, ""mae12_2021"": 1.4746286869049072, ""me_2021"": 0.7233179810898324, ""me12_2021"": -0.7646455533156191, ""epochs_trained"": 1640}",2026-07-03T06:47:56.825020,completed
3,MAPE,48,3,relu,1,32,0.0,4.569111347198486,0.9818163514137268,1.2032902240753174,-0.16455573615039065,0.5994352008115749,4.569111347198486,1.0617905855178833,0.9962696433067322,0.17186134053025554,-0.3393944565526264,5.581508159637451,"{""loss"": 4.750117301940918, ""mape"": 4.750117301940918, ""mae"": 1.0528125762939453, ""val_loss"": 4.569111347198486, ""val_mape"": 4.569111347198486, ""val_mae"": 0.9818163514137268, ""lr"": 1.0000000656873453e-05, ""val_mae12"": 1.2032902240753174, ""val_me"": -0.16455573615039065, ""val_me12"": 0.5994352008115749, ""mape_2021"": 5.581508159637451, ""mae_2021"": 1.0617905855178833, ""mae12_2021"": 0.9962696433067322, ""me_2021"": 0.17186134053025554, ""me12_2021"": -0.3393944565526264, ""epochs_trained"": 1806}",2026-07-03T06:48:02.894253,completed
3,MAPE,48,3,relu,1,16,0.1,3.7366373538970947,0.7378918528556824,1.1540616750717163,0.377690810175652,0.3085367643582904,3.7366373538970947,1.0212823152542114,1.251665711402893,0.7869927054547634,-0.32922009007957853,5.788553714752197,"{""loss"": 9.620376586914062, ""mape"": 9.620376586914062, ""mae"": 2.1965856552124023, ""val_loss"": 3.7366373538970947, ""val_mape"": 3.7366373538970947, ""val_mae"": 0.7378918528556824, ""lr"": 0.00010000000474974513, ""val_mae12"": 1.1540616750717163, ""val_me"": 0.377690810175652, ""val_me12"": 0.3085367643582904, ""mape_2021"": 5.788553714752197, ""mae_2021"": 1.0212823152542114, ""mae12_2021"": 1.251665711402893, ""me_2021"": 0.7869927054547634, ""me12_2021"": -0.32922009007957853, ""epochs_trained"": 1788}",2026-07-03T06:48:03.213083,completed
3,MAPE,48,3,relu,1,32,0.05,3.0134122371673584,0.5718492865562439,0.9760607481002808,0.1313449025206795,0.1721372553819357,3.0134122371673584,0.7831578850746155,1.2245725393295288,0.4626592383420854,-0.6263127463740834,4.765782356262207,"{""loss"": 6.150547981262207, ""mape"": 6.150547981262207, ""mae"": 1.3577756881713867, ""val_loss"": 3.0134122371673584, ""val_mape"": 3.0134122371673584, ""val_mae"": 0.5718492865562439, ""lr"": 0.00010000000474974513, ""val_mae12"": 0.9760607481002808, ""val_me"": 0.1313449025206795, ""val_me12"": 0.1721372553819357, ""mape_2021"": 4.765782356262207, ""mae_2021"": 0.7831578850746155, ""mae12_2021"": 1.2245725393295288, ""me_2021"": 0.4626592383420854, ""me12_2021"": -0.6263127463740834, ""epochs_trained"": 1866}",2026-07-03T06:48:07.352369,completed
3,MAPE,48,3,relu,1,16,0.3,10.28070068359375,2.170569896697998,1.560073971748352,2.0089732332058983,0.7168518767940113,10.28070068359375,2.6710000038146973,1.1461199522018433,2.6092305670194302,-0.4972880542183866,12.699642181396484,"{""loss"": 22.338747024536133, ""mape"": 22.338747024536133, ""mae"": 5.268721103668213, ""val_loss"": 10.28070068359375, ""val_mape"": 10.28070068359375, ""val_mae"": 2.170569896697998, ""lr"": 0.00010000000474974513, ""val_mae12"": 1.560073971748352, ""val_me"": 2.0089732332058983, ""val_me12"": 0.7168518767940113, ""mape_2021"": 12.699642181396484, ""mae_2021"": 2.6710000038146973, ""mae12_2021"": 1.1461199522018433, ""me_2021"": 2.6092305670194302, ""me12_2021"": -0.4972880542183866, ""epochs_trained"": 2081}",2026-07-03T06:48:17.327508,completed
3,MAPE,48,3,relu,1,16,0.0,4.3723554611206055,0.9373229742050171,1.1594749689102173,-0.06437358495255088,0.4151395940045793,4.3723554611206055,1.0161362886428833,0.9021396040916443,0.2051990595154649,-0.5300663251749294,5.333709716796875,"{""loss"": 4.3306050300598145, ""mape"": 4.3306050300598145, ""mae"": 0.945533812046051, ""val_loss"": 4.3723554611206055, ""val_mape"": 4.3723554611206055, ""val_mae"": 0.9373229742050171, ""lr"": 0.00010000000474974513, ""val_mae12"": 1.1594749689102173, ""val_me"": -0.06437358495255088, ""val_me12"": 0.4151395940045793, ""mape_2021"": 5.333709716796875, ""mae_2021"": 1.0161362886428833, ""mae12_2021"": 0.9021396040916443, ""me_2021"": 0.2051990595154649, ""me12_2021"": -0.5300663251749294, ""epochs_trained"": 3006}",2026-07-03T06:48:58.643142,completed
3,MAPE,48,3,relu,1,64,0.05,3.318781614303589,0.6345730423927307,1.1192933320999146,-0.13159951130898034,0.2591640840547634,3.318781614303589,0.7271844744682312,1.3647736310958862,0.17120232290650475,-0.39707971697211875,4.924086093902588,"{""loss"": 5.546548366546631, ""mape"": 5.546548366546631, ""mae"": 1.1533929109573364, ""val_loss"": 3.318781614303589, ""val_mape"": 3.318781614303589, ""val_mae"": 0.6345730423927307, ""lr"": 1.0000000656873453e-05, ""val_mae12"": 1.1192933320999146, ""val_me"": -0.13159951130898034, ""val_me12"": 0.2591640840547634, ""mape_2021"": 4.924086093902588, ""mae_2021"": 0.7271844744682312, ""mae12_2021"": 1.3647736310958862, ""me_2021"": 0.17120232290650475, ""me12_2021"": -0.39707971697211875, ""epochs_trained"": 1166}",2026-07-03T06:49:10.289076,completed
3,MAPE,48,3,relu,1,64,0.1,3.141580820083618,0.5902886390686035,1.1470364332199097,-0.05702138182182882,0.26684489413410534,3.141580820083618,0.7069132924079895,1.1298760175704956,0.21226881458646182,-0.08896853776601239,4.367526531219482,"{""loss"": 6.654063701629639, ""mape"": 6.654063701629639, ""mae"": 1.4594719409942627, ""val_loss"": 3.141580820083618, ""val_mape"": 3.141580820083618, ""val_mae"": 0.5902886390686035, ""lr"": 1.0000000656873453e-05, ""val_mae12"": 1.1470364332199097, ""val_me"": -0.05702138182182882, ""val_me12"": 0.26684489413410534, ""mape_2021"": 4.367526531219482, ""mae_2021"": 0.7069132924079895, ""mae12_2021"": 1.1298760175704956, ""me_2021"": 0.21226881458646182, ""me12_2021"": -0.08896853776601239, ""epochs_trained"": 1217}",2026-07-03T06:49:22.030207,completed
3,MAPE,48,3,relu,1,32,0.1,3.015521764755249,0.575390636920929,1.0587146282196045,0.08801056639201553,0.34664992179732845,3.015521764755249,0.7379571199417114,1.269282341003418,0.3936464284491863,-0.3264206994368473,4.821265697479248,"{""loss"": 7.6498188972473145, ""mape"": 7.6498188972473145, ""mae"": 1.7192411422729492, ""val_loss"": 3.015521764755249, ""val_mape"": 3.015521764755249, ""val_mae"": 0.575390636920929, ""lr"": 1.0000000656873453e-05, ""val_mae12"": 1.0587146282196045, ""val_me"": 0.08801056639201553, ""val_me12"": 0.34664992179732845, ""mape_2021"": 4.821265697479248, ""mae_2021"": 0.7379571199417114, ""mae12_2021"": 1.269282341003418, ""me_2021"": 0.3936464284491863, ""me12_2021"": -0.3264206994368473, ""epochs_trained"": 1721}",2026-07-03T06:49:22.990058,completed
3,MAPE,48,3,relu,1,32,0.3,3.4058666229248047,0.6630546450614929,1.1335232257843018,0.3652464708730346,0.4303476856822683,3.4058666229248047,0.8907707929611206,1.0246893167495728,0.707250493586807,-0.2461364457082368,5.064309120178223,"{""loss"": 12.590714454650879, ""mape"": 12.590714454650879, ""mae"": 2.9618165493011475, ""val_loss"": 3.4058666229248047, ""val_mape"": 3.4058666229248047, ""val_mae"": 0.6630546450614929, ""lr"": 0.00010000000474974513, ""val_mae12"": 1.1335232257843018, ""val_me"": 0.3652464708730346, ""val_me12"": 0.4303476856822683, ""mape_2021"": 5.064309120178223, ""mae_2021"": 0.8907707929611206, ""mae12_2021"": 1.0246893167495728, ""me_2021"": 0.707250493586807, ""me12_2021"": -0.2461364457082368, ""epochs_trained"": 1681}",2026-07-03T06:49:26.680271,completed
3,MAPE,48,3,relu,1,64,0.0,3.7264833450317383,0.7550469636917114,1.2288919687271118,-0.229505535065512,0.2794434634497288,3.7264833450317383,0.8107235431671143,1.106586217880249,0.08474498120811667,-0.5957218654359331,4.816802978515625,"{""loss"": 3.7468433380126953, ""mape"": 3.7468433380126953, ""mae"": 0.7982723116874695, ""val_loss"": 3.7264833450317383, ""val_mape"": 3.7264833450317383, ""val_mae"": 0.7550469636917114, ""lr"": 0.00010000000474974513, ""val_mae12"": 1.2288919687271118, ""val_me"": -0.229505535065512, ""val_me12"": 0.2794434634497288, ""mape_2021"": 4.816802978515625, ""mae_2021"": 0.8107235431671143, ""mae12_2021"": 1.106586217880249, ""me_2021"": 0.08474498120811667, ""me12_2021"": -0.5957218654359331, ""epochs_trained"": 1786}",2026-07-03T06:49:29.372200,completed
3,MAPE,48,3,relu,1,64,0.3,3.357351064682007,0.6393530964851379,1.0090516805648804,0.1789165723639224,0.38184237071574084,3.357351064682007,0.8238619565963745,1.1442047357559204,0.5167354234813502,-0.37594825307135843,4.874433517456055,"{""loss"": 10.995291709899902, ""mape"": 10.995291709899902, ""mae"": 2.548206329345703, ""val_loss"": 3.357351064682007, ""val_mape"": 3.357351064682007, ""val_mae"": 0.6393530964851379, ""lr"": 0.00010000000474974513, ""val_mae12"": 1.0090516805648804, ""val_me"": 0.1789165723639224, ""val_me12"": 0.38184237071574084, ""mape_2021"": 4.874433517456055, ""mae_2021"": 0.8238619565963745, ""mae12_2021"": 1.1442047357559204, ""me_2021"": 0.5167354234813502, ""me12_2021"": -0.37594825307135843, ""epochs_trained"": 1283}",2026-07-03T06:49:50.753306,completed
3,MAPE,48,3,relu,1,256,0.05,3.7423269748687744,0.7326842546463013,1.177186131477356,-0.2773330936831301,0.2633677277954406,3.7423269748687744,0.8151416778564453,1.2157524824142456,-0.04041562715338826,-0.2234613351291479,4.910712242126465,"{""loss"": 4.865428924560547, ""mape"": 4.865428924560547, ""mae"": 0.9808349609375, ""val_loss"": 3.7423269748687744, ""val_mape"": 3.7423269748687744, ""val_mae"": 0.7326842546463013, ""lr"": 9.999999747378752e-06, ""val_mae12"": 1.177186131477356, ""val_me"": -0.2773330936831301, ""val_me12"": 0.2633677277954406, ""mape_2021"": 4.910712242126465, ""mae_2021"": 0.8151416778564453, ""mae12_2021"": 1.2157524824142456, ""me_2021"": -0.04041562715338826, ""me12_2021"": -0.2234613351291479, ""epochs_trained"": 720}",2026-07-03T06:51:07.807619,completed
3,MAPE,48,3,relu,1,128,0.1,3.4185492992401123,0.6549581289291382,1.048499345779419,-0.2352361235574667,0.30832772408479475,3.4185492992401123,0.7269118428230286,1.2340668439865112,0.06770417819838495,-0.32664767413111256,4.6167449951171875,"{""loss"": 5.873469352722168, ""mape"": 5.873469352722168, ""mae"": 1.2299000024795532, ""val_loss"": 3.4185492992401123, ""val_mape"": 3.4185492992401123, ""val_mae"": 0.6549581289291382, ""lr"": 1.0000000656873453e-05, ""val_mae12"": 1.048499345779419, ""val_me"": -0.2352361235574667, ""val_me12"": 0.30832772408479475, ""mape_2021"": 4.6167449951171875, ""mae_2021"": 0.7269118428230286, ""mae12_2021"": 1.2340668439865112, ""me_2021"": 0.06770417819838495, ""me12_2021"": -0.32664767413111256, ""epochs_trained"": 893}",2026-07-03T06:51:24.088941,completed
3,MAPE,48,3,relu,1,128,0.05,3.231146812438965,0.6216689944267273,1.088767170906067,-0.23408429611723988,0.32783538712154425,3.231146812438965,0.6710398197174072,1.1397716999053955,0.03599356775955267,-0.29103081219885696,4.271732330322266,"{""loss"": 4.52851676940918, ""mape"": 4.52851676940918, ""mae"": 0.9337523579597473, ""val_loss"": 3.231146812438965, ""val_mape"": 3.231146812438965, ""val_mae"": 0.6216689944267273, ""lr"": 1.0000000656873453e-05, ""val_mae12"": 1.088767170906067, ""val_me"": -0.23408429611723988, ""val_me12"": 0.32783538712154425, ""mape_2021"": 4.271732330322266, ""mae_2021"": 0.6710398197174072, ""mae12_2021"": 1.1397716999053955, ""me_2021"": 0.03599356775955267, ""me12_2021"": -0.29103081219885696, ""epochs_trained"": 999}",2026-07-03T06:51:33.105027,completed
3,MAPE,48,3,relu,2,16,0.0,46.30665969848633,9.130196571350098,12.588973999023438,6.681193277095234,12.658697971274387,46.30665969848633,10.399191856384277,14.468273162841797,8.063179521308568,14.49561531370829,65.13834381103516,"{""loss"": 46.78291320800781, ""mape"": 46.78291320800781, ""mae"": 9.830957412719727, ""val_loss"": 46.30665969848633, ""val_mape"": 46.30665969848633, ""val_mae"": 9.130196571350098, ""lr"": 0.00010000000474974513, ""val_mae12"": 12.588973999023438, ""val_me"": 6.681193277095234, ""val_me12"": 12.658697971274387, ""mape_2021"": 65.13834381103516, ""mae_2021"": 10.399191856384277, ""mae12_2021"": 14.468273162841797, ""me_2021"": 8.063179521308568, ""me12_2021"": 14.49561531370829, ""epochs_trained"": 104}",2026-07-03T06:51:51.918788,completed
3,MAPE,48,3,relu,1,256,0.0,3.2950165271759033,0.6566112041473389,1.092929482460022,-0.2445537834595358,0.33848922842322193,3.2950165271759033,0.7201463580131531,1.0377730131149292,0.012538153315465617,-0.16566438974765224,4.278021812438965,"{""loss"": 3.2321364879608154, ""mape"": 3.2321364879608154, ""mae"": 0.6758312582969666, ""val_loss"": 3.2950165271759033, ""val_mape"": 3.2950165271759033, ""val_mae"": 0.6566112041473389, ""lr"": 1.0000000656873453e-05, ""val_mae12"": 1.092929482460022, ""val_me"": -0.2445537834595358, ""val_me12"": 0.33848922842322193, ""mape_2021"": 4.278021812438965, ""mae_2021"": 0.7201463580131531, ""mae12_2021"": 1.0377730131149292, ""me_2021"": 0.012538153315465617, ""me12_2021"": -0.16566438974765224, ""epochs_trained"": 1376}",2026-07-03T06:52:08.314479,completed
3,MAPE,48,3,relu,1,128,0.0,3.633131742477417,0.7161137461662292,1.1472197771072388,-0.2518949636307274,0.28058385246573303,3.633131742477417,0.7471417784690857,1.0750561952590942,0.0464003524373626,-0.47037410765493964,4.382288455963135,"{""loss"": 3.400325059890747, ""mape"": 3.400325059890747, ""mae"": 0.7139670252799988, ""val_loss"": 3.633131742477417, ""val_mape"": 3.633131742477417, ""val_mae"": 0.7161137461662292, ""lr"": 0.00010000000474974513, ""val_mae12"": 1.1472197771072388, ""val_me"": -0.2518949636307274, ""val_me12"": 0.28058385246573303, ""mape_2021"": 4.382288455963135, ""mae_2021"": 0.7471417784690857, ""mae12_2021"": 1.0750561952590942, ""me_2021"": 0.0464003524373626, ""me12_2021"": -0.47037410765493964, ""epochs_trained"": 1401}",2026-07-03T06:52:09.070154,completed
3,MAPE,48,3,relu,1,256,0.1,3.659942865371704,0.7080131769180298,1.109950304031372,-0.2875953561184573,0.1846540059347256,3.659942865371704,0.775790274143219,1.306740403175354,-0.0016620155602469174,-0.40309647810563504,4.993578910827637,"{""loss"": 5.366891384124756, ""mape"": 5.366891384124756, ""mae"": 1.08303701877594, ""val_loss"": 3.659942865371704, ""val_mape"": 3.659942865371704, ""val_mae"": 0.7080131769180298, ""lr"": 1.0000000656873453e-05, ""val_mae12"": 1.109950304031372, ""val_me"": -0.2875953561184573, ""val_me12"": 0.1846540059347256, ""mape_2021"": 4.993578910827637, ""mae_2021"": 0.775790274143219, ""mae12_2021"": 1.306740403175354, ""me_2021"": -0.0016620155602469174, ""me12_2021"": -0.40309647810563504, ""epochs_trained"": 684}",2026-07-03T06:52:15.675786,completed
3,MAPE,48,3,relu,2,16,0.1,45.798160552978516,9.11281967163086,10.453752517700195,6.898418460218278,10.333106810275305,45.798160552978516,10.401443481445312,12.19938850402832,8.374571095823082,12.030992281915474,62.89116287231445,"{""loss"": 49.436885833740234, ""mape"": 49.436885833740234, ""mae"": 10.810791015625, ""val_loss"": 45.798160552978516, ""val_mape"": 45.798160552978516, ""val_mae"": 9.11281967163086, ""lr"": 0.00010000000474974513, ""val_mae12"": 10.453752517700195, ""val_me"": 6.898418460218278, ""val_me12"": 10.333106810275305, ""mape_2021"": 62.89116287231445, ""mae_2021"": 10.401443481445312, ""mae12_2021"": 12.19938850402832, ""me_2021"": 8.374571095823082, ""me12_2021"": 12.030992281915474, ""epochs_trained"": 126}",2026-07-03T06:52:23.526810,completed
3,MAPE,48,3,relu,2,16,0.05,3.657278060913086,0.7098580002784729,1.3106123208999634,0.32307684617464266,0.87364005633891,3.657278060913086,0.8922607898712158,1.162037968635559,0.6140563248879709,0.11786651236983849,5.144803047180176,"{""loss"": 8.748279571533203, ""mape"": 8.748279571533203, ""mae"": 1.9716999530792236, ""val_loss"": 3.657278060913086, ""val_mape"": 3.657278060913086, ""val_mae"": 0.7098580002784729, ""lr"": 0.00010000000474974513, ""val_mae12"": 1.3106123208999634, ""val_me"": 0.32307684617464266, ""val_me12"": 0.87364005633891, ""mape_2021"": 5.144803047180176, ""mae_2021"": 0.8922607898712158, ""mae12_2021"": 1.162037968635559, ""me_2021"": 0.6140563248879709, ""me12_2021"": 0.11786651236983849, ""epochs_trained"": 805}",2026-07-03T06:52:53.163993,completed
3,MAPE,48,3,relu,2,16,0.3,6.495980739593506,1.3299418687820435,1.3568564653396606,1.1440591442024661,0.9811493321009561,6.495980739593506,1.6157084703445435,1.2529478073120117,1.5052045863016672,0.18992200740349996,9.121522903442383,"{""loss"": 21.281103134155273, ""mape"": 21.281103134155273, ""mae"": 5.026463508605957, ""val_loss"": 6.495980739593506, ""val_mape"": 6.495980739593506, ""val_mae"": 1.3299418687820435, ""lr"": 0.00010000000474974513, ""val_mae12"": 1.3568564653396606, ""val_me"": 1.1440591442024661, ""val_me12"": 0.9811493321009561, ""mape_2021"": 9.121522903442383, ""mae_2021"": 1.6157084703445435, ""mae12_2021"": 1.2529478073120117, ""me_2021"": 1.5052045863016672, ""me12_2021"": 0.18992200740349996, ""epochs_trained"": 826}",2026-07-03T06:53:04.234446,completed
3,MAPE,48,3,relu,1,128,0.3,11.55617618560791,2.333536386489868,2.7943756580352783,0.6749820088714197,1.8515911187429532,11.55617618560791,2.732492208480835,2.4948766231536865,1.2178427130815013,1.0791822733796905,14.01783275604248,"{""loss"": 15.749187469482422, ""mape"": 15.749187469482422, ""mae"": 3.3626317977905273, ""val_loss"": 11.55617618560791, ""val_mape"": 11.55617618560791, ""val_mae"": 2.333536386489868, ""lr"": 9.999999747378752e-06, ""val_mae12"": 2.7943756580352783, ""val_me"": 0.6749820088714197, ""val_me12"": 1.8515911187429532, ""mape_2021"": 14.01783275604248, ""mae_2021"": 2.732492208480835, ""mae12_2021"": 2.4948766231536865, ""me_2021"": 1.2178427130815013, ""me12_2021"": 1.0791822733796905, ""epochs_trained"": 3934}",2026-07-03T06:54:32.586099,completed
3,MAPE,48,3,relu,1,256,0.3,4.375637531280518,0.8571692705154419,1.1233701705932617,-0.19379182337530984,0.3477861423649232,4.375637531280518,1.0332612991333008,1.43338942527771,0.11657994255492725,0.2303673137763633,6.081796169281006,"{""loss"": 7.776117324829102, ""mape"": 7.776117324829102, ""mae"": 1.6572234630584717, ""val_loss"": 4.375637531280518, ""val_mape"": 4.375637531280518, ""val_mae"": 0.8571692705154419, ""lr"": 1.0000000656873453e-05, ""val_mae12"": 1.1233701705932617, ""val_me"": -0.19379182337530984, ""val_me12"": 0.3477861423649232, ""mape_2021"": 6.081796169281006, ""mae_2021"": 1.0332612991333008, ""mae12_2021"": 1.43338942527771, ""me_2021"": 0.11657994255492725, ""me12_2021"": 0.2303673137763633, ""epochs_trained"": 4001}",2026-07-03T06:55:21.819726,completed
3,MAPE,48,3,relu,2,32,0.1,47.238433837890625,9.467479705810547,10.472874641418457,7.136459913165457,10.44993210399459,47.238433837890625,10.553980827331543,12.248148918151855,8.571558362987677,12.222719818611449,63.864566802978516,"{""loss"": 48.83027648925781, ""mape"": 48.83027648925781, ""mae"": 10.504188537597656, ""val_loss"": 47.238433837890625, ""val_mape"": 47.238433837890625, ""val_mae"": 9.467479705810547, ""lr"": 0.00010000000474974513, ""val_mae12"": 10.472874641418457, ""val_me"": 7.136459913165457, ""val_me12"": 10.44993210399459, ""mape_2021"": 63.864566802978516, ""mae_2021"": 10.553980827331543, ""mae12_2021"": 12.248148918151855, ""me_2021"": 8.571558362987677, ""me12_2021"": 12.222719818611449, ""epochs_trained"": 73}",2026-07-03T06:55:37.014398,completed
3,MAPE,48,3,relu,2,32,0.0,46.11144256591797,9.180582046508789,10.846551895141602,7.049031667071774,10.835998156966406,46.11144256591797,10.437952995300293,12.579959869384766,8.431193063607568,12.507311586134472,63.3736572265625,"{""loss"": 46.256439208984375, ""mape"": 46.256439208984375, ""mae"": 9.809503555297852, ""val_loss"": 46.11144256591797, ""val_mape"": 46.11144256591797, ""val_mae"": 9.180582046508789, ""lr"": 0.00010000000474974513, ""val_mae12"": 10.846551895141602, ""val_me"": 7.049031667071774, ""val_me12"": 10.835998156966406, ""mape_2021"": 63.3736572265625, ""mae_2021"": 10.437952995300293, ""mae12_2021"": 12.579959869384766, ""me_2021"": 8.431193063607568, ""me12_2021"": 12.507311586134472, ""epochs_trained"": 93}",2026-07-03T06:55:37.617381,completed
3,MAPE,48,3,relu,2,32,0.3,47.15436553955078,9.545663833618164,9.00819206237793,7.5504912949227565,8.622435280738012,47.15436553955078,10.596091270446777,10.275123596191406,8.996424763510982,9.983105942312825,61.815574645996094,"{""loss"": 52.52220916748047, ""mape"": 52.52220916748047, ""mae"": 11.597391128540039, ""val_loss"": 47.15436553955078, ""val_mape"": 47.15436553955078, ""val_mae"": 9.545663833618164, ""lr"": 0.00010000000474974513, ""val_mae12"": 9.00819206237793, ""val_me"": 7.5504912949227565, ""val_me12"": 8.622435280738012, ""mape_2021"": 61.815574645996094, ""mae_2021"": 10.596091270446777, ""mae12_2021"": 10.275123596191406, ""me_2021"": 8.996424763510982, ""me12_2021"": 9.983105942312825, ""epochs_trained"": 86}",2026-07-03T06:55:37.689006,completed
3,MAPE,48,3,relu,2,64,0.1,47.045833587646484,9.394712448120117,13.442544937133789,7.011027122156692,13.52684088236353,47.045833587646484,10.484600067138672,15.745344161987305,8.256343521720108,15.818439432022258,67.04508972167969,"{""loss"": 47.51303482055664, ""mape"": 47.51303482055664, ""mae"": 10.145723342895508, ""val_loss"": 47.045833587646484, ""val_mape"": 47.045833587646484, ""val_mae"": 9.394712448120117, ""lr"": 0.00010000000474974513, ""val_mae12"": 13.442544937133789, ""val_me"": 7.011027122156692, ""val_me12"": 13.52684088236353, ""mape_2021"": 67.04508972167969, ""mae_2021"": 10.484600067138672, ""mae12_2021"": 15.745344161987305, ""me_2021"": 8.256343521720108, ""me12_2021"": 15.818439432022258, ""epochs_trained"": 64}",2026-07-03T06:55:46.888917,completed
3,MAPE,48,3,relu,2,64,0.05,3.330209970474243,0.6221290230751038,1.5019662380218506,-0.1398417360446423,0.830274859370428,3.330209970474243,0.6671683192253113,1.1455333232879639,0.13301086489614947,0.2147764183261377,4.214197635650635,"{""loss"": 5.901740074157715, ""mape"": 5.901740074157715, ""mae"": 1.2800227403640747, ""val_loss"": 3.330209970474243, ""val_mape"": 3.330209970474243, ""val_mae"": 0.6221290230751038, ""lr"": 0.00010000000474974513, ""val_mae12"": 1.5019662380218506, ""val_me"": -0.1398417360446423, ""val_me12"": 0.830274859370428, ""mape_2021"": 4.214197635650635, ""mae_2021"": 0.6671683192253113, ""mae12_2021"": 1.1455333232879639, ""me_2021"": 0.13301086489614947, ""me12_2021"": 0.2147764183261377, ""epochs_trained"": 564}",2026-07-03T06:56:15.214761,completed
3,MAPE,48,3,relu,2,128,0.0,3.3334219455718994,0.6570642590522766,1.110647439956665,-0.315714185228785,0.3528790970974614,3.3334219455718994,0.6612444519996643,0.967713475227356,-0.012095404473748022,-0.3194357663643532,4.025262355804443,"{""loss"": 2.9328739643096924, ""mape"": 2.9328739643096924, ""mae"": 0.5966496467590332, ""val_loss"": 3.3334219455718994, ""val_mape"": 3.3334219455718994, ""val_mae"": 0.6570642590522766, ""lr"": 1.0000000656873453e-05, ""val_mae12"": 1.110647439956665, ""val_me"": -0.315714185228785, ""val_me12"": 0.3528790970974614, ""mape_2021"": 4.025262355804443, ""mae_2021"": 0.6612444519996643, ""mae12_2021"": 0.967713475227356, ""me_2021"": -0.012095404473748022, ""me12_2021"": -0.3194357663643532, ""epochs_trained"": 554}",2026-07-03T06:56:29.412344,completed
3,MAPE,48,3,relu,2,128,0.05,3.3752121925354004,0.618889570236206,1.5574748516082764,-0.19237406983978433,1.168237337042819,3.3752121925354004,0.6560009717941284,1.069873332977295,0.05668606292151527,0.3751200434949712,4.0504069328308105,"{""loss"": 5.082452774047852, ""mape"": 5.082452774047852, ""mae"": 1.0730087757110596, ""val_loss"": 3.3752121925354004, ""val_mape"": 3.3752121925354004, ""val_mae"": 0.618889570236206, ""lr"": 0.00010000000474974513, ""val_mae12"": 1.5574748516082764, ""val_me"": -0.19237406983978433, ""val_me12"": 1.168237337042819, ""mape_2021"": 4.0504069328308105, ""mae_2021"": 0.6560009717941284, ""mae12_2021"": 1.069873332977295, ""me_2021"": 0.05668606292151527, ""me12_2021"": 0.3751200434949712, ""epochs_trained"": 463}",2026-07-03T06:56:32.260674,completed
3,MAPE,48,3,relu,2,128,0.1,3.4722208976745605,0.6303560137748718,1.8556525707244873,-0.16973814913960247,1.5893810995072648,3.4722208976745605,0.6797682642936707,1.2965315580368042,0.05787141041333976,0.7576932164624383,4.5051045417785645,"{""loss"": 6.430462837219238, ""mape"": 6.430462837219238, ""mae"": 1.3810735940933228, ""val_loss"": 3.4722208976745605, ""val_mape"": 3.4722208976745605, ""val_mae"": 0.6303560137748718, ""lr"": 1.0000000656873453e-05, ""val_mae12"": 1.8556525707244873, ""val_me"": -0.16973814913960247, ""val_me12"": 1.5893810995072648, ""mape_2021"": 4.5051045417785645, ""mae_2021"": 0.6797682642936707, ""mae12_2021"": 1.2965315580368042, ""me_2021"": 0.05787141041333976, ""me12_2021"": 0.7576932164624383, ""epochs_trained"": 468}",2026-07-03T06:57:00.980852,completed
3,MAPE,48,3,relu,2,128,0.3,4.437119483947754,0.7832580804824829,2.2241718769073486,0.009654626088598375,2.0030862546395274,4.437119483947754,0.8618518710136414,1.6172019243240356,0.27689059087004475,1.0056502785766062,5.682310104370117,"{""loss"": 10.19063663482666, ""mape"": 10.19063663482666, ""mae"": 2.2521262168884277, ""val_loss"": 4.437119483947754, ""val_mape"": 4.437119483947754, ""val_mae"": 0.7832580804824829, ""lr"": 1.0000000656873453e-05, ""val_mae12"": 2.2241718769073486, ""val_me"": 0.009654626088598375, ""val_me12"": 2.0030862546395274, ""mape_2021"": 5.682310104370117, ""mae_2021"": 0.8618518710136414, ""mae12_2021"": 1.6172019243240356, ""me_2021"": 0.27689059087004475, ""me12_2021"": 1.0056502785766062, ""epochs_trained"": 393}",2026-07-03T06:57:05.867575,completed
3,MAPE,48,3,relu,2,64,0.3,14.391077995300293,2.7539942264556885,4.459235191345215,0.765695683818013,3.7107383408044203,14.391077995300293,3.0687944889068604,3.6995770931243896,1.2561258171491858,2.2190606673928923,17.56783676147461,"{""loss"": 19.850566864013672, ""mape"": 19.850566864013672, ""mae"": 4.261266231536865, ""val_loss"": 14.391077995300293, ""val_mape"": 14.391077995300293, ""val_mae"": 2.7539942264556885, ""lr"": 9.999999747378752e-06, ""val_mae12"": 4.459235191345215, ""val_me"": 0.765695683818013, ""val_me12"": 3.7107383408044203, ""mape_2021"": 17.56783676147461, ""mae_2021"": 3.0687944889068604, ""mae12_2021"": 3.6995770931243896, ""me_2021"": 1.2561258171491858, ""me12_2021"": 2.2190606673928923, ""epochs_trained"": 1655}",2026-07-03T06:57:33.122451,completed
3,MAPE,48,3,relu,2,64,0.0,3.8049910068511963,0.7778666615486145,1.297682762145996,-0.33585930688616267,0.5318582254543331,3.8049910068511963,0.7970320582389832,0.9998266696929932,-0.04755006797140383,-0.03478685778621776,4.558871269226074,"{""loss"": 3.4294402599334717, ""mape"": 3.4294402599334717, ""mae"": 0.7148171067237854, ""val_loss"": 3.8049910068511963, ""val_mape"": 3.8049910068511963, ""val_mae"": 0.7778666615486145, ""lr"": 1.0000000656873453e-05, ""val_mae12"": 1.297682762145996, ""val_me"": -0.33585930688616267, ""val_me12"": 0.5318582254543331, ""mape_2021"": 4.558871269226074, ""mae_2021"": 0.7970320582389832, ""mae12_2021"": 0.9998266696929932, ""me_2021"": -0.04755006797140383, ""me12_2021"": -0.03478685778621776, ""epochs_trained"": 3181}",2026-07-03T06:58:18.621019,completed
3,MAPE,48,3,relu,2,32,0.05,4.462872505187988,0.8179492354393005,1.734927773475647,0.010746394733875305,1.3652197440311955,4.462872505187988,0.9200244545936584,1.44178307056427,0.23069743259634234,0.8303169748667815,5.985223770141602,"{""loss"": 7.737529277801514, ""mape"": 7.737529277801514, ""mae"": 1.656211018562317, ""val_loss"": 4.462872505187988, ""val_mape"": 4.462872505187988, ""val_mae"": 0.8179492354393005, ""lr"": 9.999999747378752e-06, ""val_mae12"": 1.734927773475647, ""val_me"": 0.010746394733875305, ""val_me12"": 1.3652197440311955, ""mape_2021"": 5.985223770141602, ""mae_2021"": 0.9200244545936584, ""mae12_2021"": 1.44178307056427, ""me_2021"": 0.23069743259634234, ""me12_2021"": 0.8303169748667815, ""epochs_trained"": 3341}",2026-07-03T06:58:25.005743,completed
