run_num,model_type,lead_time,cycle,activation,num_layers,neurons,dropout,loss_value,val_mae,val_mae12,val_me,val_me12,val_mape,mae_2021,mae12_2021,me_2021,me12_2021,mape_2021,metrics,timestamp,status
1,MAPE,96,3,relu,3,16,0.1,45.590667724609375,9.288674354553223,8.724905014038086,7.430847018621208,8.264904415495202,45.590667724609375,10.344491004943848,9.91401481628418,8.851961503545223,9.497062890875728,59.25916290283203,"{""loss"": 49.851531982421875, ""mape"": 49.851531982421875, ""mae"": 11.098729133605957, ""val_loss"": 45.590667724609375, ""val_mape"": 45.590667724609375, ""val_mae"": 9.288674354553223, ""lr"": 0.00010000000474974513, ""val_mae12"": 8.724905014038086, ""val_me"": 7.430847018621208, ""val_me12"": 8.264904415495202, ""mape_2021"": 59.25916290283203, ""mae_2021"": 10.344491004943848, ""mae12_2021"": 9.91401481628418, ""me_2021"": 8.851961503545223, ""me12_2021"": 9.497062890875728, ""epochs_trained"": 82}",2026-07-02T08:36:53.409735,completed
1,MAPE,96,3,relu,3,16,0.0,45.19861602783203,9.19007682800293,10.567439079284668,6.744764516821796,10.46902419084861,45.19861602783203,10.185285568237305,12.312582015991211,8.08301710871047,12.264624700759908,60.93075180053711,"{""loss"": 45.18235778808594, ""mape"": 45.18235778808594, ""mae"": 9.76645278930664, ""val_loss"": 45.19861602783203, ""val_mape"": 45.19861602783203, ""val_mae"": 9.19007682800293, ""lr"": 0.00010000000474974513, ""val_mae12"": 10.567439079284668, ""val_me"": 6.744764516821796, ""val_me12"": 10.46902419084861, ""mape_2021"": 60.93075180053711, ""mae_2021"": 10.185285568237305, ""mae12_2021"": 12.312582015991211, ""me_2021"": 8.08301710871047, ""me12_2021"": 12.264624700759908, ""epochs_trained"": 117}",2026-07-02T08:36:57.268885,completed
1,MAPE,96,3,relu,3,16,0.05,45.46797180175781,9.34805679321289,9.4975004196167,7.286458645515893,9.208079049048559,45.46797180175781,10.278789520263672,10.894689559936523,8.64602067261168,10.646935133176328,59.77305221557617,"{""loss"": 48.13825225830078, ""mape"": 48.13825225830078, ""mae"": 10.621590614318848, ""val_loss"": 45.46797180175781, ""val_mape"": 45.46797180175781, ""val_mae"": 9.34805679321289, ""lr"": 0.00010000000474974513, ""val_mae12"": 9.4975004196167, ""val_me"": 7.286458645515893, ""val_me12"": 9.208079049048559, ""mape_2021"": 59.77305221557617, ""mae_2021"": 10.278789520263672, ""mae12_2021"": 10.894689559936523, ""me_2021"": 8.64602067261168, ""me12_2021"": 10.646935133176328, ""epochs_trained"": 109}",2026-07-02T08:36:57.421876,completed
1,MAPE,96,3,relu,3,16,0.3,50.86978530883789,10.452442169189453,7.325383186340332,8.958782288934124,6.613356099656132,50.86978530883789,11.132298469543457,8.867629051208496,10.162534141066432,8.344594942456654,62.31315231323242,"{""loss"": 61.54631042480469, ""mape"": 61.54631042480469, ""mae"": 13.880118370056152, ""val_loss"": 50.86978530883789, ""val_mape"": 50.86978530883789, ""val_mae"": 10.452442169189453, ""lr"": 0.00010000000474974513, ""val_mae12"": 7.325383186340332, ""val_me"": 8.958782288934124, ""val_me12"": 6.613356099656132, ""mape_2021"": 62.31315231323242, ""mae_2021"": 11.132298469543457, ""mae12_2021"": 8.867629051208496, ""me_2021"": 10.162534141066432, ""me12_2021"": 8.344594942456654, ""epochs_trained"": 112}",2026-07-02T08:36:58.311127,completed
1,MAPE,96,3,relu,3,32,0.05,45.252532958984375,9.157691955566406,12.347421646118164,6.501584182197876,12.42030802178594,45.252532958984375,10.13747501373291,14.428566932678223,7.76783930016118,14.46991093648093,62.79348373413086,"{""loss"": 46.4938850402832, ""mape"": 46.4938850402832, ""mae"": 10.173592567443848, ""val_loss"": 45.252532958984375, ""val_mape"": 45.252532958984375, ""val_mae"": 9.157691955566406, ""lr"": 0.00010000000474974513, ""val_mae12"": 12.347421646118164, ""val_me"": 6.501584182197876, ""val_me12"": 12.42030802178594, ""mape_2021"": 62.79348373413086, ""mae_2021"": 10.13747501373291, ""mae12_2021"": 14.428566932678223, ""me_2021"": 7.76783930016118, ""me12_2021"": 14.46991093648093, ""epochs_trained"": 69}",2026-07-02T08:37:38.143659,completed
1,MAPE,96,3,relu,3,32,0.1,45.19535446166992,9.125371932983398,10.685946464538574,6.878761821445679,10.70956015565936,45.19535446166992,10.212637901306152,12.32191276550293,8.217389392717326,12.3842802635316,61.19036102294922,"{""loss"": 47.909061431884766, ""mape"": 47.909061431884766, ""mae"": 10.49231243133545, ""val_loss"": 45.19535446166992, ""val_mape"": 45.19535446166992, ""val_mae"": 9.125371932983398, ""lr"": 0.00010000000474974513, ""val_mae12"": 10.685946464538574, ""val_me"": 6.878761821445679, ""val_me12"": 10.70956015565936, ""mape_2021"": 61.19036102294922, ""mae_2021"": 10.212637901306152, ""mae12_2021"": 12.32191276550293, ""me_2021"": 8.217389392717326, ""me12_2021"": 12.3842802635316, ""epochs_trained"": 74}",2026-07-02T08:37:38.207666,completed
1,MAPE,96,3,relu,2,256,0.0,4.173989295959473,0.8000223636627197,2.085893392562866,-0.23987926757972708,1.8172885599021784,4.173989295959473,0.8128135204315186,1.7066632509231567,0.05545133110607561,0.9872281456322632,4.999959468841553,"{""loss"": 3.2208731174468994, ""mape"": 3.2208731174468994, ""mae"": 0.6540483236312866, ""val_loss"": 4.173989295959473, ""val_mape"": 4.173989295959473, ""val_mae"": 0.8000223636627197, ""lr"": 0.00010000000474974513, ""val_mae12"": 2.085893392562866, ""val_me"": -0.23987926757972708, ""val_me12"": 1.8172885599021784, ""mape_2021"": 4.999959468841553, ""mae_2021"": 0.8128135204315186, ""mae12_2021"": 1.7066632509231567, ""me_2021"": 0.05545133110607561, ""me12_2021"": 0.9872281456322632, ""epochs_trained"": 405}",2026-07-02T08:37:54.042630,completed
1,MAPE,96,3,relu,2,256,0.3,4.182737350463867,0.7331125140190125,2.3580424785614014,-0.18990856038146783,2.2333121898544306,4.182737350463867,0.7684869766235352,1.672273874282837,0.12572927365855424,0.9701153572329267,5.019726276397705,"{""loss"": 7.7144551277160645, ""mape"": 7.7144551277160645, ""mae"": 1.702439308166504, ""val_loss"": 4.182737350463867, ""val_mape"": 4.182737350463867, ""val_mae"": 0.7331125140190125, ""lr"": 1.0000000656873453e-05, ""val_mae12"": 2.3580424785614014, ""val_me"": -0.18990856038146783, ""val_me12"": 2.2333121898544306, ""mape_2021"": 5.019726276397705, ""mae_2021"": 0.7684869766235352, ""mae12_2021"": 1.672273874282837, ""me_2021"": 0.12572927365855424, ""me12_2021"": 0.9701153572329267, ""epochs_trained"": 414}",2026-07-02T08:37:59.828935,completed
1,MAPE,96,3,relu,3,64,0.0,44.19252395629883,8.830045700073242,15.29176139831543,5.717943853888169,15.423331339944843,44.19252395629883,9.962847709655762,17.326019287109375,7.0283455137191115,17.455678757951826,64.64592742919922,"{""loss"": 44.081363677978516, ""mape"": 44.081363677978516, ""mae"": 9.448637008666992, ""val_loss"": 44.19252395629883, ""val_mape"": 44.19252395629883, ""val_mae"": 8.830045700073242, ""lr"": 0.00010000000474974513, ""val_mae12"": 15.29176139831543, ""val_me"": 5.717943853888169, ""val_me12"": 15.423331339944843, ""mape_2021"": 64.64592742919922, ""mae_2021"": 9.962847709655762, ""mae12_2021"": 17.326019287109375, ""me_2021"": 7.0283455137191115, ""me12_2021"": 17.455678757951826, ""epochs_trained"": 55}",2026-07-02T08:38:06.626626,completed
1,MAPE,96,3,relu,2,256,0.1,4.074612617492676,0.7275628447532654,2.0706727504730225,-0.27887533480461446,1.823673500068962,4.074612617492676,0.7212847471237183,1.3681855201721191,0.0335156775458421,0.6682780238583732,4.519644260406494,"{""loss"": 5.016719818115234, ""mape"": 5.016719818115234, ""mae"": 1.0620981454849243, ""val_loss"": 4.074612617492676, ""val_mape"": 4.074612617492676, ""val_mae"": 0.7275628447532654, ""lr"": 1.0000000656873453e-05, ""val_mae12"": 2.0706727504730225, ""val_me"": -0.27887533480461446, ""val_me12"": 1.823673500068962, ""mape_2021"": 4.519644260406494, ""mae_2021"": 0.7212847471237183, ""mae12_2021"": 1.3681855201721191, ""me_2021"": 0.0335156775458421, ""me12_2021"": 0.6682780238583732, ""epochs_trained"": 531}",2026-07-02T08:38:15.694823,completed
1,MAPE,96,3,relu,3,32,0.3,5.2432451248168945,0.9327764511108398,2.083324909210205,0.5926264940754667,1.8991205806501306,5.2432451248168945,1.305151104927063,1.6443655490875244,1.0374187312703798,1.1949143699292282,8.308537483215332,"{""loss"": 17.251026153564453, ""mape"": 17.251026153564453, ""mae"": 4.002407073974609, ""val_loss"": 5.2432451248168945, ""val_mape"": 5.2432451248168945, ""val_mae"": 0.9327764511108398, ""lr"": 1.0000000656873453e-05, ""val_mae12"": 2.083324909210205, ""val_me"": 0.5926264940754667, ""val_me12"": 1.8991205806501306, ""mape_2021"": 8.308537483215332, ""mae_2021"": 1.305151104927063, ""mae12_2021"": 1.6443655490875244, ""me_2021"": 1.0374187312703798, ""me12_2021"": 1.1949143699292282, ""epochs_trained"": 472}",2026-07-02T08:38:37.823565,completed
1,MAPE,96,3,relu,3,32,0.0,4.66241979598999,0.8681564927101135,1.8931821584701538,-0.2953738042194179,1.485587994048439,4.66241979598999,0.920154869556427,1.134956955909729,0.024136776328435992,0.1676447454106526,5.151432514190674,"{""loss"": 3.8639683723449707, ""mape"": 3.8639683723449707, ""mae"": 0.7771637439727783, ""val_loss"": 4.66241979598999, ""val_mape"": 4.66241979598999, ""val_mae"": 0.8681564927101135, ""lr"": 0.00010000000474974513, ""val_mae12"": 1.8931821584701538, ""val_me"": -0.2953738042194179, ""val_me12"": 1.485587994048439, ""mape_2021"": 5.151432514190674, ""mae_2021"": 0.920154869556427, ""mae12_2021"": 1.134956955909729, ""me_2021"": 0.024136776328435992, ""me12_2021"": 0.1676447454106526, ""epochs_trained"": 545}",2026-07-02T08:38:40.246399,completed
1,MAPE,96,3,relu,3,64,0.05,3.9281139373779297,0.6923035979270935,2.0990593433380127,-0.09660733709835878,1.6525591338399743,3.9281139373779297,0.8108657002449036,1.7872194051742554,0.2695405990983101,0.7619127076351583,5.593892574310303,"{""loss"": 5.73403787612915, ""mape"": 5.73403787612915, ""mae"": 1.2569071054458618, ""val_loss"": 3.9281139373779297, ""val_mape"": 3.9281139373779297, ""val_mae"": 0.6923035979270935, ""lr"": 0.00010000000474974513, ""val_mae12"": 2.0990593433380127, ""val_me"": -0.09660733709835878, ""val_me12"": 1.6525591338399743, ""mape_2021"": 5.593892574310303, ""mae_2021"": 0.8108657002449036, ""mae12_2021"": 1.7872194051742554, ""me_2021"": 0.2695405990983101, ""me12_2021"": 0.7619127076351583, ""epochs_trained"": 444}",2026-07-02T08:38:51.999000,completed
1,MAPE,96,3,relu,3,64,0.3,4.131107330322266,0.7277558445930481,1.7942289113998413,0.21218946581051132,1.5414276256640547,4.131107330322266,0.9190976619720459,1.2453705072402954,0.6000951992487282,0.7091245731088348,6.04748010635376,"{""loss"": 13.032154083251953, ""mape"": 13.032154083251953, ""mae"": 2.968017816543579, ""val_loss"": 4.131107330322266, ""val_mape"": 4.131107330322266, ""val_mae"": 0.7277558445930481, ""lr"": 0.00010000000474974513, ""val_mae12"": 1.7942289113998413, ""val_me"": 0.21218946581051132, ""val_me12"": 1.5414276256640547, ""mape_2021"": 6.04748010635376, ""mae_2021"": 0.9190976619720459, ""mae12_2021"": 1.2453705072402954, ""me_2021"": 0.6000951992487282, ""me12_2021"": 0.7091245731088348, ""epochs_trained"": 472}",2026-07-02T08:39:05.840051,completed
1,MAPE,96,3,relu,3,64,0.1,3.461212158203125,0.6364851593971252,1.5415825843811035,-0.06752714132798943,1.2118920822300356,3.461212158203125,0.7491626739501953,1.4866929054260254,0.30904522511135923,0.5628293007430704,4.906361103057861,"{""loss"": 7.502857685089111, ""mape"": 7.502857685089111, ""mae"": 1.6961214542388916, ""val_loss"": 3.461212158203125, ""val_mape"": 3.461212158203125, ""val_mae"": 0.6364851593971252, ""lr"": 1.0000000656873453e-05, ""val_mae12"": 1.5415825843811035, ""val_me"": -0.06752714132798943, ""val_me12"": 1.2118920822300356, ""mape_2021"": 4.906361103057861, ""mae_2021"": 0.7491626739501953, ""mae12_2021"": 1.4866929054260254, ""me_2021"": 0.30904522511135923, ""me12_2021"": 0.5628293007430704, ""epochs_trained"": 541}",2026-07-02T08:39:07.521264,completed
1,MAPE,96,3,relu,2,256,0.05,6.906190395355225,1.2523586750030518,3.2769370079040527,-0.14633334492623032,2.844925919959389,6.906190395355225,1.2531967163085938,2.952911853790283,0.0339015228928269,1.948305754179816,8.607857704162598,"{""loss"": 5.986766815185547, ""mape"": 5.986766815185547, ""mae"": 1.2205525636672974, ""val_loss"": 6.906190395355225, ""val_mape"": 6.906190395355225, ""val_mae"": 1.2523586750030518, ""lr"": 1.0000000656873453e-05, ""val_mae12"": 3.2769370079040527, ""val_me"": -0.14633334492623032, ""val_me12"": 2.844925919959389, ""mape_2021"": 8.607857704162598, ""mae_2021"": 1.2531967163085938, ""mae12_2021"": 2.952911853790283, ""me_2021"": 0.0339015228928269, ""me12_2021"": 1.948305754179816, ""epochs_trained"": 1372}",2026-07-02T08:39:33.433686,completed
1,MAPE,96,3,relu,3,256,0.0,6.610925197601318,1.184374213218689,3.4143033027648926,-0.2228246741294723,3.069336370514834,6.610925197601318,1.3063822984695435,3.076090097427368,-0.06017785145064129,2.244475923460451,9.301493644714355,"{""loss"": 4.875771522521973, ""mape"": 4.875771522521973, ""mae"": 0.9828513860702515, ""val_loss"": 6.610925197601318, ""val_mape"": 6.610925197601318, ""val_mae"": 1.184374213218689, ""lr"": 1.0000000656873453e-05, ""val_mae12"": 3.4143033027648926, ""val_me"": -0.2228246741294723, ""val_me12"": 3.069336370514834, ""mape_2021"": 9.301493644714355, ""mae_2021"": 1.3063822984695435, ""mae12_2021"": 3.076090097427368, ""me_2021"": -0.06017785145064129, ""me12_2021"": 2.244475923460451, ""epochs_trained"": 220}",2026-07-02T08:41:25.799587,completed
1,MAPE,96,3,relu,3,256,0.3,4.274386882781982,0.8952367305755615,1.608718991279602,0.35042893459461455,0.8399540212912081,4.274386882781982,0.9968702793121338,2.2102456092834473,0.6429381913684843,0.6876971655240264,6.543172359466553,"{""loss"": 7.938852787017822, ""mape"": 7.938852787017822, ""mae"": 1.793874979019165, ""val_loss"": 4.274386882781982, ""val_mape"": 4.274386882781982, ""val_mae"": 0.8952367305755615, ""lr"": 0.00010000000474974513, ""val_mae12"": 1.608718991279602, ""val_me"": 0.35042893459461455, ""val_me12"": 0.8399540212912081, ""mape_2021"": 6.543172359466553, ""mae_2021"": 0.9968702793121338, ""mae12_2021"": 2.2102456092834473, ""me_2021"": 0.6429381913684843, ""me12_2021"": 0.6876971655240264, ""epochs_trained"": 273}",2026-07-02T08:41:49.851407,completed
1,MAPE,96,3,relu,3,128,0.0,4.552431583404541,0.8384373188018799,1.8385645151138306,-0.09619304636034108,1.0921218601515417,4.552431583404541,0.9702223539352417,1.7147938013076782,0.11172825728325808,0.41620657936130917,5.862801551818848,"{""loss"": 3.340860605239868, ""mape"": 3.340860605239868, ""mae"": 0.6889063119888306, ""val_loss"": 4.552431583404541, ""val_mape"": 4.552431583404541, ""val_mae"": 0.8384373188018799, ""lr"": 0.00010000000474974513, ""val_mae12"": 1.8385645151138306, ""val_me"": -0.09619304636034108, ""val_me12"": 1.0921218601515417, ""mape_2021"": 5.862801551818848, ""mae_2021"": 0.9702223539352417, ""mae12_2021"": 1.7147938013076782, ""me_2021"": 0.11172825728325808, ""me12_2021"": 0.41620657936130917, ""epochs_trained"": 346}",2026-07-02T08:41:52.176033,completed
1,MAPE,96,3,relu,3,256,0.05,4.126893520355225,0.7281758189201355,1.8862781524658203,0.10644626121531182,1.3730943520710515,4.126893520355225,0.871813178062439,1.6952109336853027,0.36328070773584614,0.7529443560193585,5.645151615142822,"{""loss"": 4.1471428871154785, ""mape"": 4.1471428871154785, ""mae"": 0.8978299498558044, ""val_loss"": 4.126893520355225, ""val_mape"": 4.126893520355225, ""val_mae"": 0.7281758189201355, ""lr"": 0.00010000000474974513, ""val_mae12"": 1.8862781524658203, ""val_me"": 0.10644626121531182, ""val_me12"": 1.3730943520710515, ""mape_2021"": 5.645151615142822, ""mae_2021"": 0.871813178062439, ""mae12_2021"": 1.6952109336853027, ""me_2021"": 0.36328070773584614, ""me12_2021"": 0.7529443560193585, ""epochs_trained"": 353}",2026-07-02T08:42:06.152398,completed
1,MAPE,96,3,relu,3,128,0.05,3.816159248352051,0.6738368272781372,1.8913997411727905,-0.03958902412965297,1.4799312806557627,3.816159248352051,0.7781667113304138,1.4982304573059082,0.2731556243582467,0.773005167073182,5.171264171600342,"{""loss"": 4.916955947875977, ""mape"": 4.916955947875977, ""mae"": 1.0807713270187378, ""val_loss"": 3.816159248352051, ""val_mape"": 3.816159248352051, ""val_mae"": 0.6738368272781372, ""lr"": 1.0000000656873453e-05, ""val_mae12"": 1.8913997411727905, ""val_me"": -0.03958902412965297, ""val_me12"": 1.4799312806557627, ""mape_2021"": 5.171264171600342, ""mae_2021"": 0.7781667113304138, ""mae12_2021"": 1.4982304573059082, ""me_2021"": 0.2731556243582467, ""me12_2021"": 0.773005167073182, ""epochs_trained"": 429}",2026-07-02T08:42:06.752394,completed
1,MAPE,96,3,relu,3,256,0.1,3.616748094558716,0.6577684283256531,1.9717679023742676,-0.049098651610789475,1.4086179450122116,3.616748094558716,0.795574963092804,1.8104844093322754,0.24112552183196848,0.9936854427981758,5.672582149505615,"{""loss"": 4.847450256347656, ""mape"": 4.847450256347656, ""mae"": 1.0764892101287842, ""val_loss"": 3.616748094558716, ""val_mape"": 3.616748094558716, ""val_mae"": 0.6577684283256531, ""lr"": 1.0000000656873453e-05, ""val_mae12"": 1.9717679023742676, ""val_me"": -0.049098651610789475, ""val_me12"": 1.4086179450122116, ""mape_2021"": 5.672582149505615, ""mae_2021"": 0.795574963092804, ""mae12_2021"": 1.8104844093322754, ""me_2021"": 0.24112552183196848, ""me12_2021"": 0.9936854427981758, ""epochs_trained"": 367}",2026-07-02T08:42:07.638914,completed
1,MAPE,96,3,relu,3,128,0.3,6.9749016761779785,1.2470022439956665,2.4626073837280273,0.7312755377997238,1.7943091952550496,6.9749016761779785,1.4199520349502563,2.126971483230591,1.017847323398352,0.6415538061918534,8.574857711791992,"{""loss"": 11.853079795837402, ""mape"": 11.853079795837402, ""mae"": 2.653566598892212, ""val_loss"": 6.9749016761779785, ""val_mape"": 6.9749016761779785, ""val_mae"": 1.2470022439956665, ""lr"": 1.0000000656873453e-05, ""val_mae12"": 2.4626073837280273, ""val_me"": 0.7312755377997238, ""val_me12"": 1.7943091952550496, ""mape_2021"": 8.574857711791992, ""mae_2021"": 1.4199520349502563, ""mae12_2021"": 2.126971483230591, ""me_2021"": 1.017847323398352, ""me12_2021"": 0.6415538061918534, ""epochs_trained"": 1261}",2026-07-02T08:43:37.475401,completed
1,MAPE,96,3,leaky_relu,1,16,0.0,10.060447692871094,2.3036255836486816,1.4416078329086304,0.7162923494697525,0.8320500315536121,10.060447692871094,2.8871095180511475,1.3049182891845703,2.121090259940176,-0.9172251671734182,13.110554695129395,"{""loss"": 10.490301132202148, ""mape"": 10.490301132202148, ""mae"": 2.5463740825653076, ""val_loss"": 10.060447692871094, ""val_mape"": 10.060447692871094, ""val_mae"": 2.3036255836486816, ""lr"": 0.00010000000474974513, ""val_mae12"": 1.4416078329086304, ""val_me"": 0.7162923494697525, ""val_me12"": 0.8320500315536121, ""mape_2021"": 13.110554695129395, ""mae_2021"": 2.8871095180511475, ""mae12_2021"": 1.3049182891845703, ""me_2021"": 2.121090259940176, ""me12_2021"": -0.9172251671734182, ""epochs_trained"": 1420}",2026-07-02T08:44:20.605059,completed
1,MAPE,96,3,leaky_relu,1,32,0.0,9.8710355758667,2.292405605316162,1.3173288106918335,0.8150360652722508,0.2529939575739785,9.8710355758667,2.8345232009887695,1.396920919418335,2.1440099272544364,-1.1022285833032546,13.033801078796387,"{""loss"": 10.038930892944336, ""mape"": 10.038930892944336, ""mae"": 2.446643352508545, ""val_loss"": 9.8710355758667, ""val_mape"": 9.8710355758667, ""val_mae"": 2.292405605316162, ""lr"": 0.00010000000474974513, ""val_mae12"": 1.3173288106918335, ""val_me"": 0.8150360652722508, ""val_me12"": 0.2529939575739785, ""mape_2021"": 13.033801078796387, ""mae_2021"": 2.8345232009887695, ""mae12_2021"": 1.396920919418335, ""me_2021"": 2.1440099272544364, ""me12_2021"": -1.1022285833032546, ""epochs_trained"": 1429}",2026-07-02T08:44:35.204796,completed
1,MAPE,96,3,leaky_relu,1,32,0.05,3.444584369659424,0.6652445197105408,1.0070276260375977,-0.12842172131664695,0.044509268179345605,3.444584369659424,0.7740443348884583,1.2334113121032715,0.240013700867359,-0.17248345361423226,4.8771467208862305,"{""loss"": 6.245249271392822, ""mape"": 6.245249271392822, ""mae"": 1.318656325340271, ""val_loss"": 3.444584369659424, ""val_mape"": 3.444584369659424, ""val_mae"": 0.6652445197105408, ""lr"": 1.0000000656873453e-05, ""val_mae12"": 1.0070276260375977, ""val_me"": -0.12842172131664695, ""val_me12"": 0.044509268179345605, ""mape_2021"": 4.8771467208862305, ""mae_2021"": 0.7740443348884583, ""mae12_2021"": 1.2334113121032715, ""me_2021"": 0.240013700867359, ""me12_2021"": -0.17248345361423226, ""epochs_trained"": 1469}",2026-07-02T08:44:40.716914,completed
1,MAPE,96,3,leaky_relu,1,16,0.3,4.2640204429626465,0.8720184564590454,1.1266671419143677,0.6306566816120515,0.39597540055269015,4.2640204429626465,1.1949368715286255,0.9098645448684692,1.1040436097080817,-0.5223418101849882,6.2465620040893555,"{""loss"": 15.12586784362793, ""mape"": 15.12586784362793, ""mae"": 3.586850643157959, ""val_loss"": 4.2640204429626465, ""val_mape"": 4.2640204429626465, ""val_mae"": 0.8720184564590454, ""lr"": 0.00010000000474974513, ""val_mae12"": 1.1266671419143677, ""val_me"": 0.6306566816120515, ""val_me12"": 0.39597540055269015, ""mape_2021"": 6.2465620040893555, ""mae_2021"": 1.1949368715286255, ""mae12_2021"": 0.9098645448684692, ""me_2021"": 1.1040436097080817, ""me12_2021"": -0.5223418101849882, ""epochs_trained"": 1667}",2026-07-02T08:44:53.297931,completed
1,MAPE,96,3,leaky_relu,1,16,0.1,3.2798409461975098,0.6358745694160461,0.9032523036003113,0.20270978759950167,0.14807665520972224,3.2798409461975098,0.8666520714759827,1.1253249645233154,0.6284624456032738,-0.6835670868737229,4.7692790031433105,"{""loss"": 8.833230018615723, ""mape"": 8.833230018615723, ""mae"": 2.0303356647491455, ""val_loss"": 3.2798409461975098, ""val_mape"": 3.2798409461975098, ""val_mae"": 0.6358745694160461, ""lr"": 0.00010000000474974513, ""val_mae12"": 0.9032523036003113, ""val_me"": 0.20270978759950167, ""val_me12"": 0.14807665520972224, ""mape_2021"": 4.7692790031433105, ""mae_2021"": 0.8666520714759827, ""mae12_2021"": 1.1253249645233154, ""me_2021"": 0.6284624456032738, ""me12_2021"": -0.6835670868737229, ""epochs_trained"": 1914}",2026-07-02T08:45:02.687919,completed
1,MAPE,96,3,leaky_relu,1,16,0.05,3.1099846363067627,0.6100492477416992,0.8975366950035095,0.100704938250139,0.2924176471835992,3.1099846363067627,0.7989649772644043,1.233465313911438,0.5024330816720619,-0.42817980797913946,5.171430587768555,"{""loss"": 6.434954643249512, ""mape"": 6.434954643249512, ""mae"": 1.4324227571487427, ""val_loss"": 3.1099846363067627, ""val_mape"": 3.1099846363067627, ""val_mae"": 0.6100492477416992, ""lr"": 0.00010000000474974513, ""val_mae12"": 0.8975366950035095, ""val_me"": 0.100704938250139, ""val_me12"": 0.2924176471835992, ""mape_2021"": 5.171430587768555, ""mae_2021"": 0.7989649772644043, ""mae12_2021"": 1.233465313911438, ""me_2021"": 0.5024330816720619, ""me12_2021"": -0.42817980797913946, ""epochs_trained"": 1988}",2026-07-02T08:45:06.943045,completed
1,MAPE,96,3,leaky_relu,1,32,0.1,3.538095712661743,0.6904549598693848,1.0178855657577515,-0.04156344466392953,0.399202711004725,3.538095712661743,0.8381831645965576,1.0313125848770142,0.3580337665077939,0.06018358825925815,5.045420169830322,"{""loss"": 7.913352012634277, ""mape"": 7.913352012634277, ""mae"": 1.7291996479034424, ""val_loss"": 3.538095712661743, ""val_mape"": 3.538095712661743, ""val_mae"": 0.6904549598693848, ""lr"": 1.0000000656873453e-05, ""val_mae12"": 1.0178855657577515, ""val_me"": -0.04156344466392953, ""val_me12"": 0.399202711004725, ""mape_2021"": 5.045420169830322, ""mae_2021"": 0.8381831645965576, ""mae12_2021"": 1.0313125848770142, ""me_2021"": 0.3580337665077939, ""me12_2021"": 0.06018358825925815, ""epochs_trained"": 1415}",2026-07-02T08:45:26.334300,completed
1,MAPE,96,3,relu,3,128,0.1,17.605958938598633,3.3581995964050293,4.91032075881958,1.1565121482666976,3.4004250801522353,17.605958938598633,3.3817291259765625,4.0578813552856445,1.492885245789047,1.4324152610186676,19.117389678955078,"{""loss"": 16.46954917907715, ""mape"": 16.46954917907715, ""mae"": 3.4316184520721436, ""val_loss"": 17.605958938598633, ""val_mape"": 17.605958938598633, ""val_mae"": 3.3581995964050293, ""lr"": 9.999999747378752e-06, ""val_mae12"": 4.91032075881958, ""val_me"": 1.1565121482666976, ""val_me12"": 3.4004250801522353, ""mape_2021"": 19.117389678955078, ""mae_2021"": 3.3817291259765625, ""mae12_2021"": 4.0578813552856445, ""me_2021"": 1.492885245789047, ""me12_2021"": 1.4324152610186676, ""epochs_trained"": 3398}",2026-07-02T08:46:15.204514,completed
1,MAPE,96,3,leaky_relu,1,32,0.3,3.1975343227386475,0.6204630136489868,1.011220097541809,0.20770030304397408,0.30743050675486994,3.1975343227386475,0.8365597724914551,0.8388773798942566,0.6428393031697491,-0.49301889568174945,4.534887313842773,"{""loss"": 11.525317192077637, ""mape"": 11.525317192077637, ""mae"": 2.7163071632385254, ""val_loss"": 3.1975343227386475, ""val_mape"": 3.1975343227386475, ""val_mae"": 0.6204630136489868, ""lr"": 0.00010000000474974513, ""val_mae12"": 1.011220097541809, ""val_me"": 0.20770030304397408, ""val_me12"": 0.30743050675486994, ""mape_2021"": 4.534887313842773, ""mae_2021"": 0.8365597724914551, ""mae12_2021"": 0.8388773798942566, ""me_2021"": 0.6428393031697491, ""me12_2021"": -0.49301889568174945, ""epochs_trained"": 1498}",2026-07-02T08:46:47.894868,completed
1,MAPE,96,3,leaky_relu,1,128,0.1,3.806586980819702,0.7471312880516052,0.9551840424537659,-0.37554639779320215,0.142713978798582,3.806586980819702,0.7723562121391296,1.1484583616256714,0.026737326913517906,-0.12512710733705712,4.826148509979248,"{""loss"": 5.75058126449585, ""mape"": 5.75058126449585, ""mae"": 1.2089004516601562, ""val_loss"": 3.806586980819702, ""val_mape"": 3.806586980819702, ""val_mae"": 0.7471312880516052, ""lr"": 1.0000000656873453e-05, ""val_mae12"": 0.9551840424537659, ""val_me"": -0.37554639779320215, ""val_me12"": 0.142713978798582, ""mape_2021"": 4.826148509979248, ""mae_2021"": 0.7723562121391296, ""mae12_2021"": 1.1484583616256714, ""me_2021"": 0.026737326913517906, ""me12_2021"": -0.12512710733705712, ""epochs_trained"": 920}",2026-07-02T08:48:32.824765,completed
1,MAPE,96,3,leaky_relu,1,128,0.05,3.720254898071289,0.7241116166114807,1.0749120712280273,-0.33538654466435674,0.44974132939487804,3.720254898071289,0.7640877962112427,0.968158483505249,-0.0005431401935292678,-0.026752993620596084,4.6315531730651855,"{""loss"": 4.901573657989502, ""mape"": 4.901573657989502, ""mae"": 1.0133506059646606, ""val_loss"": 3.720254898071289, ""val_mape"": 3.720254898071289, ""val_mae"": 0.7241116166114807, ""lr"": 0.00010000000474974513, ""val_mae12"": 1.0749120712280273, ""val_me"": -0.33538654466435674, ""val_me12"": 0.44974132939487804, ""mape_2021"": 4.6315531730651855, ""mae_2021"": 0.7640877962112427, ""mae12_2021"": 0.968158483505249, ""me_2021"": -0.0005431401935292678, ""me12_2021"": -0.026752993620596084, ""epochs_trained"": 951}",2026-07-02T08:48:33.733386,completed
1,MAPE,96,3,leaky_relu,1,128,0.3,3.3649489879608154,0.6501308679580688,0.9173405170440674,-0.23032301899516947,0.09380702084077926,3.3649489879608154,0.6856398582458496,1.0014455318450928,0.1481368451939032,-0.13642671457754857,4.165243625640869,"{""loss"": 7.4573845863342285, ""mape"": 7.4573845863342285, ""mae"": 1.6544512510299683, ""val_loss"": 3.3649489879608154, ""val_mape"": 3.3649489879608154, ""val_mae"": 0.6501308679580688, ""lr"": 1.0000000656873453e-05, ""val_mae12"": 0.9173405170440674, ""val_me"": -0.23032301899516947, ""val_me12"": 0.09380702084077926, ""mape_2021"": 4.165243625640869, ""mae_2021"": 0.6856398582458496, ""mae12_2021"": 1.0014455318450928, ""me_2021"": 0.1481368451939032, ""me12_2021"": -0.13642671457754857, ""epochs_trained"": 988}",2026-07-02T08:48:36.844633,completed
1,MAPE,96,3,leaky_relu,1,64,0.3,3.475449800491333,0.6736354827880859,1.1082439422607422,-0.032848069437969474,0.7542509516896065,3.475449800491333,0.8120781779289246,0.8956869840621948,0.3864629463772208,0.28562617769236304,4.774285793304443,"{""loss"": 10.260127067565918, ""mape"": 10.260127067565918, ""mae"": 2.289860963821411, ""val_loss"": 3.475449800491333, ""val_mape"": 3.475449800491333, ""val_mae"": 0.6736354827880859, ""lr"": 1.0000000656873453e-05, ""val_mae12"": 1.1082439422607422, ""val_me"": -0.032848069437969474, ""val_me12"": 0.7542509516896065, ""mape_2021"": 4.774285793304443, ""mae_2021"": 0.8120781779289246, ""mae12_2021"": 0.8956869840621948, ""me_2021"": 0.3864629463772208, ""me12_2021"": 0.28562617769236304, ""epochs_trained"": 1044}",2026-07-02T08:48:40.592819,completed
1,MAPE,96,3,leaky_relu,1,64,0.1,3.8578691482543945,0.7466490864753723,0.9845074415206909,-0.26519592694429084,0.3532512864292915,3.8578691482543945,0.8156329989433289,1.2787686586380005,0.1347063065599501,0.20904492791996446,5.361005783081055,"{""loss"": 6.998200416564941, ""mape"": 6.998200416564941, ""mae"": 1.4927763938903809, ""val_loss"": 3.8578691482543945, ""val_mape"": 3.8578691482543945, ""val_mae"": 0.7466490864753723, ""lr"": 1.0000000656873453e-05, ""val_mae12"": 0.9845074415206909, ""val_me"": -0.26519592694429084, ""val_me12"": 0.3532512864292915, ""mape_2021"": 5.361005783081055, ""mae_2021"": 0.8156329989433289, ""mae12_2021"": 1.2787686586380005, ""me_2021"": 0.1347063065599501, ""me12_2021"": 0.20904492791996446, ""epochs_trained"": 1101}",2026-07-02T08:48:46.779958,completed
1,MAPE,96,3,leaky_relu,1,64,0.05,3.577059507369995,0.6736145615577698,1.020192265510559,-0.2922582838565991,-0.032510620031726375,3.577059507369995,0.7145204544067383,1.0643815994262695,0.1008296563715166,-0.34858475765303937,4.391034126281738,"{""loss"": 5.185739040374756, ""mape"": 5.185739040374756, ""mae"": 1.1062400341033936, ""val_loss"": 3.577059507369995, ""val_mape"": 3.577059507369995, ""val_mae"": 0.6736145615577698, ""lr"": 0.00010000000474974513, ""val_mae12"": 1.020192265510559, ""val_me"": -0.2922582838565991, ""val_me12"": -0.032510620031726375, ""mape_2021"": 4.391034126281738, ""mae_2021"": 0.7145204544067383, ""mae12_2021"": 1.0643815994262695, ""me_2021"": 0.1008296563715166, ""me12_2021"": -0.34858475765303937, ""epochs_trained"": 1372}",2026-07-02T08:49:24.630520,completed
1,MAPE,96,3,leaky_relu,1,128,0.0,4.159728050231934,0.8484877347946167,1.2017905712127686,-0.17728965344101819,0.7467864410510671,4.159728050231934,0.937882125377655,1.288388729095459,0.26603630156678726,-0.7597094923439351,5.492748260498047,"{""loss"": 4.164684772491455, ""mape"": 4.164684772491455, ""mae"": 0.8979669213294983, ""val_loss"": 4.159728050231934, ""val_mape"": 4.159728050231934, ""val_mae"": 0.8484877347946167, ""lr"": 0.00010000000474974513, ""val_mae12"": 1.2017905712127686, ""val_me"": -0.17728965344101819, ""val_me12"": 0.7467864410510671, ""mape_2021"": 5.492748260498047, ""mae_2021"": 0.937882125377655, ""mae12_2021"": 1.288388729095459, ""me_2021"": 0.26603630156678726, ""me12_2021"": -0.7597094923439351, ""epochs_trained"": 1564}",2026-07-02T08:49:49.409385,completed
1,MAPE,96,3,leaky_relu,1,64,0.0,5.299587726593018,1.142520546913147,1.2161959409713745,-0.04758183838938901,0.5619346618499007,5.299587726593018,1.3271080255508423,1.2351478338241577,0.5867101420372742,-0.848116485627101,7.11910343170166,"{""loss"": 5.589172840118408, ""mape"": 5.589172840118408, ""mae"": 1.2654540538787842, ""val_loss"": 5.299587726593018, ""val_mape"": 5.299587726593018, ""val_mae"": 1.142520546913147, ""lr"": 0.00010000000474974513, ""val_mae12"": 1.2161959409713745, ""val_me"": -0.04758183838938901, ""val_me12"": 0.5619346618499007, ""mape_2021"": 7.11910343170166, ""mae_2021"": 1.3271080255508423, ""mae12_2021"": 1.2351478338241577, ""me_2021"": 0.5867101420372742, ""me12_2021"": -0.848116485627101, ""epochs_trained"": 1632}",2026-07-02T08:49:57.230425,completed
1,MAPE,96,3,leaky_relu,1,256,0.1,4.127955913543701,0.8253312110900879,1.065956950187683,-0.3644468447840527,0.47520068775752566,4.127955913543701,0.8703014254570007,1.1652718782424927,-0.004274812960712133,-0.0845445640290728,5.49838924407959,"{""loss"": 5.6707024574279785, ""mape"": 5.6707024574279785, ""mae"": 1.1649752855300903, ""val_loss"": 4.127955913543701, ""val_mape"": 4.127955913543701, ""val_mae"": 0.8253312110900879, ""lr"": 1.0000000656873453e-05, ""val_mae12"": 1.065956950187683, ""val_me"": -0.3644468447840527, ""val_me12"": 0.47520068775752566, ""mape_2021"": 5.49838924407959, ""mae_2021"": 0.8703014254570007, ""mae12_2021"": 1.1652718782424927, ""me_2021"": -0.004274812960712133, ""me12_2021"": -0.0845445640290728, ""epochs_trained"": 705}",2026-07-02T08:50:13.306141,completed
1,MAPE,96,3,leaky_relu,1,256,0.05,3.8986752033233643,0.7684703469276428,1.0954691171646118,-0.3593765119163255,0.5759114877811085,3.8986752033233643,0.7640175223350525,1.0889251232147217,-0.031543511064529885,-0.30388566329131034,4.947323322296143,"{""loss"": 4.562534332275391, ""mape"": 4.562534332275391, ""mae"": 0.9345250129699707, ""val_loss"": 3.8986752033233643, ""val_mape"": 3.8986752033233643, ""val_mae"": 0.7684703469276428, ""lr"": 1.0000000656873453e-05, ""val_mae12"": 1.0954691171646118, ""val_me"": -0.3593765119163255, ""val_me12"": 0.5759114877811085, ""mape_2021"": 4.947323322296143, ""mae_2021"": 0.7640175223350525, ""mae12_2021"": 1.0889251232147217, ""me_2021"": -0.031543511064529885, ""me12_2021"": -0.30388566329131034, ""epochs_trained"": 754}",2026-07-02T08:50:13.378136,completed
1,MAPE,96,3,leaky_relu,1,256,0.3,3.7110438346862793,0.7342485189437866,0.940233051776886,-0.3528291506342252,0.49580102411147897,3.7110438346862793,0.7466805577278137,1.1474072933197021,0.041591595246318454,0.06579535480291138,4.96491813659668,"{""loss"": 6.789920330047607, ""mape"": 6.789920330047607, ""mae"": 1.448034405708313, ""val_loss"": 3.7110438346862793, ""val_mape"": 3.7110438346862793, ""val_mae"": 0.7342485189437866, ""lr"": 9.999999747378752e-06, ""val_mae12"": 0.940233051776886, ""val_me"": -0.3528291506342252, ""val_me12"": 0.49580102411147897, ""mape_2021"": 4.96491813659668, ""mae_2021"": 0.7466805577278137, ""mae12_2021"": 1.1474072933197021, ""me_2021"": 0.041591595246318454, ""me12_2021"": 0.06579535480291138, ""epochs_trained"": 734}",2026-07-02T08:50:17.593708,completed
1,MAPE,96,3,leaky_relu,2,16,0.3,45.591697692871094,9.463790893554688,8.460610389709473,8.669013902160888,7.109304489919013,45.591697692871094,10.979907035827637,8.826578140258789,9.93446287827605,7.306911728154238,57.49209213256836,"{""loss"": 55.900672912597656, ""mape"": 55.900672912597656, ""mae"": 12.66556167602539, ""val_loss"": 45.591697692871094, ""val_mape"": 45.591697692871094, ""val_mae"": 9.463790893554688, ""lr"": 0.00010000000474974513, ""val_mae12"": 8.460610389709473, ""val_me"": 8.669013902160888, ""val_me12"": 7.109304489919013, ""mape_2021"": 57.49209213256836, ""mae_2021"": 10.979907035827637, ""mae12_2021"": 8.826578140258789, ""me_2021"": 9.93446287827605, ""me12_2021"": 7.306911728154238, ""epochs_trained"": 144}",2026-07-02T08:50:27.475036,completed
1,MAPE,96,3,leaky_relu,1,256,0.0,4.066796779632568,0.8185440897941589,1.2773791551589966,-0.2131364696466003,0.9099718863248619,4.066796779632568,0.8647482991218567,1.014845371246338,0.19553145272880879,-0.4404364414004767,4.915369510650635,"{""loss"": 3.927959442138672, ""mape"": 3.927959442138672, ""mae"": 0.8354151844978333, ""val_loss"": 4.066796779632568, ""val_mape"": 4.066796779632568, ""val_mae"": 0.8185440897941589, ""lr"": 1.0000000656873453e-05, ""val_mae12"": 1.2773791551589966, ""val_me"": -0.2131364696466003, ""val_me12"": 0.9099718863248619, ""mape_2021"": 4.915369510650635, ""mae_2021"": 0.8647482991218567, ""mae12_2021"": 1.014845371246338, ""me_2021"": 0.19553145272880879, ""me12_2021"": -0.4404364414004767, ""epochs_trained"": 1437}",2026-07-02T08:50:49.606862,completed
1,MAPE,96,3,leaky_relu,2,16,0.0,3.9580564498901367,0.7750488519668579,1.3609689474105835,-0.33807172532577756,0.8029783458091173,3.9580564498901367,0.7909366488456726,0.9490737915039062,0.03678563660726691,-0.44681016357568193,4.526934623718262,"{""loss"": 3.4558608531951904, ""mape"": 3.4558608531951904, ""mae"": 0.6877719759941101, ""val_loss"": 3.9580564498901367, ""val_mape"": 3.9580564498901367, ""val_mae"": 0.7750488519668579, ""lr"": 0.00010000000474974513, ""val_mae12"": 1.3609689474105835, ""val_me"": -0.33807172532577756, ""val_me12"": 0.8029783458091173, ""mape_2021"": 4.526934623718262, ""mae_2021"": 0.7909366488456726, ""mae12_2021"": 0.9490737915039062, ""me_2021"": 0.03678563660726691, ""me12_2021"": -0.44681016357568193, ""epochs_trained"": 1300}",2026-07-02T08:50:49.767553,completed
1,MAPE,96,3,leaky_relu,2,16,0.1,3.6601991653442383,0.6664206981658936,1.4597361087799072,0.15217432907503017,1.0795448483337025,3.6601991653442383,0.8499805927276611,0.919206976890564,0.5586740191520996,-0.03695862410956571,4.9407830238342285,"{""loss"": 10.429068565368652, ""mape"": 10.429068565368652, ""mae"": 2.4149649143218994, ""val_loss"": 3.6601991653442383, ""val_mape"": 3.6601991653442383, ""val_mae"": 0.6664206981658936, ""lr"": 0.00010000000474974513, ""val_mae12"": 1.4597361087799072, ""val_me"": 0.15217432907503017, ""val_me12"": 1.0795448483337025, ""mape_2021"": 4.9407830238342285, ""mae_2021"": 0.8499805927276611, ""mae12_2021"": 0.919206976890564, ""me_2021"": 0.5586740191520996, ""me12_2021"": -0.03695862410956571, ""epochs_trained"": 926}",2026-07-02T08:50:53.359086,completed
1,MAPE,96,3,leaky_relu,2,16,0.05,3.597649335861206,0.6812188625335693,1.3651448488235474,0.2418427382532718,0.7112479081814645,3.597649335861206,0.9022928476333618,1.4157688617706299,0.6457959470470147,-0.6270110939845394,5.484950542449951,"{""loss"": 8.502403259277344, ""mape"": 8.502403259277344, ""mae"": 1.9128440618515015, ""val_loss"": 3.597649335861206, ""val_mape"": 3.597649335861206, ""val_mae"": 0.6812188625335693, ""lr"": 9.999999747378752e-06, ""val_mae12"": 1.3651448488235474, ""val_me"": 0.2418427382532718, ""val_me12"": 0.7112479081814645, ""mape_2021"": 5.484950542449951, ""mae_2021"": 0.9022928476333618, ""mae12_2021"": 1.4157688617706299, ""me_2021"": 0.6457959470470147, ""me12_2021"": -0.6270110939845394, ""epochs_trained"": 1190}",2026-07-02T08:50:56.091041,completed
1,MAPE,96,3,leaky_relu,2,32,0.1,47.09654235839844,9.545151710510254,10.638745307922363,7.062492563537462,10.653434855942008,47.09654235839844,10.408159255981445,12.67052936553955,8.381451053193706,12.675070755165544,62.84605026245117,"{""loss"": 49.386810302734375, ""mape"": 49.386810302734375, ""mae"": 10.665703773498535, ""val_loss"": 47.09654235839844, ""val_mape"": 47.09654235839844, ""val_mae"": 9.545151710510254, ""lr"": 0.00010000000474974513, ""val_mae12"": 10.638745307922363, ""val_me"": 7.062492563537462, ""val_me12"": 10.653434855942008, ""mape_2021"": 62.84605026245117, ""mae_2021"": 10.408159255981445, ""mae12_2021"": 12.67052936553955, ""me_2021"": 8.381451053193706, ""me12_2021"": 12.675070755165544, ""epochs_trained"": 75}",2026-07-02T08:51:16.469133,completed
1,MAPE,96,3,leaky_relu,2,32,0.0,44.913394927978516,8.988699913024902,11.814685821533203,6.572050855816965,11.781619283032786,44.913394927978516,10.161566734313965,13.760824203491211,7.88113336490093,13.72558043978121,62.10382843017578,"{""loss"": 44.80785369873047, ""mape"": 44.80785369873047, ""mae"": 9.573787689208984, ""val_loss"": 44.913394927978516, ""val_mape"": 44.913394927978516, ""val_mae"": 8.988699913024902, ""lr"": 0.00010000000474974513, ""val_mae12"": 11.814685821533203, ""val_me"": 6.572050855816965, ""val_me12"": 11.781619283032786, ""mape_2021"": 62.10382843017578, ""mae_2021"": 10.161566734313965, ""mae12_2021"": 13.760824203491211, ""me_2021"": 7.88113336490093, ""me12_2021"": 13.72558043978121, ""epochs_trained"": 96}",2026-07-02T08:51:18.476344,completed
1,MAPE,96,3,leaky_relu,2,64,0.1,3.527517318725586,0.6571025848388672,1.4654825925827026,-0.1456505738991972,1.1797732272615071,3.527517318725586,0.697457492351532,0.9888001680374146,0.2347915970676024,-0.04535352192150834,4.083682060241699,"{""loss"": 7.079262733459473, ""mape"": 7.079262733459473, ""mae"": 1.5613210201263428, ""val_loss"": 3.527517318725586, ""val_mape"": 3.527517318725586, ""val_mae"": 0.6571025848388672, ""lr"": 0.00010000000474974513, ""val_mae12"": 1.4654825925827026, ""val_me"": -0.1456505738991972, ""val_me12"": 1.1797732272615071, ""mape_2021"": 4.083682060241699, ""mae_2021"": 0.697457492351532, ""mae12_2021"": 0.9888001680374146, ""me_2021"": 0.2347915970676024, ""me12_2021"": -0.04535352192150834, ""epochs_trained"": 643}",2026-07-02T08:52:21.429799,completed
1,MAPE,96,3,leaky_relu,2,64,0.05,3.5517570972442627,0.6791583299636841,1.4430286884307861,-0.2585231766973588,1.118943348923523,3.5517570972442627,0.7019646167755127,1.0703730583190918,0.13275534447600393,-0.050551240936965385,4.290738105773926,"{""loss"": 5.6912617683410645, ""mape"": 5.6912617683410645, ""mae"": 1.2125188112258911, ""val_loss"": 3.5517570972442627, ""val_mape"": 3.5517570972442627, ""val_mae"": 0.6791583299636841, ""lr"": 1.0000000656873453e-05, ""val_mae12"": 1.4430286884307861, ""val_me"": -0.2585231766973588, ""val_me12"": 1.118943348923523, ""mape_2021"": 4.290738105773926, ""mae_2021"": 0.7019646167755127, ""mae12_2021"": 1.0703730583190918, ""me_2021"": 0.13275534447600393, ""me12_2021"": -0.050551240936965385, ""epochs_trained"": 672}",2026-07-02T08:52:23.236589,completed
1,MAPE,96,3,leaky_relu,2,128,0.05,4.063066482543945,0.7580723166465759,2.0877785682678223,-0.18521043669834852,1.8565046688252143,4.063066482543945,0.7796953320503235,1.47777259349823,0.09714464682762451,0.6477216464044369,4.720582008361816,"{""loss"": 5.300905704498291, ""mape"": 5.300905704498291, ""mae"": 1.0951265096664429, ""val_loss"": 4.063066482543945, ""val_mape"": 4.063066482543945, ""val_mae"": 0.7580723166465759, ""lr"": 1.0000000656873453e-05, ""val_mae12"": 2.0877785682678223, ""val_me"": -0.18521043669834852, ""val_me12"": 1.8565046688252143, ""mape_2021"": 4.720582008361816, ""mae_2021"": 0.7796953320503235, ""mae12_2021"": 1.47777259349823, ""me_2021"": 0.09714464682762451, ""me12_2021"": 0.6477216464044369, ""epochs_trained"": 518}",2026-07-02T08:52:23.828864,completed
1,MAPE,96,3,leaky_relu,2,64,0.3,3.7029640674591064,0.6968460083007812,1.7481908798217773,-0.05943362169119068,1.5562892714013692,3.7029640674591064,0.7650452256202698,1.0627586841583252,0.38427058177894585,-0.2118580669553142,4.47294282913208,"{""loss"": 10.38115406036377, ""mape"": 10.38115406036377, ""mae"": 2.383146047592163, ""val_loss"": 3.7029640674591064, ""val_mape"": 3.7029640674591064, ""val_mae"": 0.6968460083007812, ""lr"": 1.0000000656873453e-05, ""val_mae12"": 1.7481908798217773, ""val_me"": -0.05943362169119068, ""val_me12"": 1.5562892714013692, ""mape_2021"": 4.47294282913208, ""mae_2021"": 0.7650452256202698, ""mae12_2021"": 1.0627586841583252, ""me_2021"": 0.38427058177894585, ""me12_2021"": -0.2118580669553142, ""epochs_trained"": 722}",2026-07-02T08:52:26.621211,completed
1,MAPE,96,3,leaky_relu,2,32,0.3,3.761914014816284,0.684357225894928,1.6234456300735474,0.20274920630302296,1.3812487288065836,3.761914014816284,0.9050772190093994,0.9830498099327087,0.6577079119190019,-0.037423108550073456,5.198654651641846,"{""loss"": 13.551194190979004, ""mape"": 13.551194190979004, ""mae"": 3.1758337020874023, ""val_loss"": 3.761914014816284, ""val_mape"": 3.761914014816284, ""val_mae"": 0.684357225894928, ""lr"": 0.00010000000474974513, ""val_mae12"": 1.6234456300735474, ""val_me"": 0.20274920630302296, ""val_me12"": 1.3812487288065836, ""mape_2021"": 5.198654651641846, ""mae_2021"": 0.9050772190093994, ""mae12_2021"": 0.9830498099327087, ""me_2021"": 0.6577079119190019, ""me12_2021"": -0.037423108550073456, ""epochs_trained"": 766}",2026-07-02T08:52:31.584643,completed
1,MAPE,96,3,leaky_relu,2,32,0.05,3.591792345046997,0.671505868434906,1.4370803833007812,-0.11387367361380832,1.0240967746519254,3.591792345046997,0.7507365942001343,1.0778706073760986,0.28746992732230553,-0.11173172779816781,4.5260114669799805,"{""loss"": 7.066621780395508, ""mape"": 7.066621780395508, ""mae"": 1.5378564596176147, ""val_loss"": 3.591792345046997, ""val_mape"": 3.591792345046997, ""val_mae"": 0.671505868434906, ""lr"": 1.0000000656873453e-05, ""val_mae12"": 1.4370803833007812, ""val_me"": -0.11387367361380832, ""val_me12"": 1.0240967746519254, ""mape_2021"": 4.5260114669799805, ""mae_2021"": 0.7507365942001343, ""mae12_2021"": 1.0778706073760986, ""me_2021"": 0.28746992732230553, ""me12_2021"": -0.11173172779816781, ""epochs_trained"": 787}",2026-07-02T08:52:34.254177,completed
1,MAPE,96,3,leaky_relu,2,64,0.0,3.9154975414276123,0.7863844037055969,1.3299223184585571,-0.32651347192171143,0.8722730330182079,3.9154975414276123,0.76883864402771,0.987583339214325,0.057001770115301,-0.27716787933910947,4.467236518859863,"{""loss"": 3.560460329055786, ""mape"": 3.560460329055786, ""mae"": 0.7305706739425659, ""val_loss"": 3.9154975414276123, ""val_mape"": 3.9154975414276123, ""val_mae"": 0.7863844037055969, ""lr"": 0.00010000000474974513, ""val_mae12"": 1.3299223184585571, ""val_me"": -0.32651347192171143, ""val_me12"": 0.8722730330182079, ""mape_2021"": 4.467236518859863, ""mae_2021"": 0.76883864402771, ""mae12_2021"": 0.987583339214325, ""me_2021"": 0.057001770115301, ""me12_2021"": -0.27716787933910947, ""epochs_trained"": 793}",2026-07-02T08:52:35.601645,completed
1,MAPE,96,3,leaky_relu,2,256,0.0,4.0278143882751465,0.7862650156021118,1.7526031732559204,-0.28458275899022734,1.553167012439684,4.0278143882751465,0.8003162741661072,1.0629267692565918,-0.009759006737571931,0.5800205048130115,4.639056205749512,"{""loss"": 3.4800596237182617, ""mape"": 3.4800596237182617, ""mae"": 0.7134930491447449, ""val_loss"": 4.0278143882751465, ""val_mape"": 4.0278143882751465, ""val_mae"": 0.7862650156021118, ""lr"": 1.0000000656873453e-05, ""val_mae12"": 1.7526031732559204, ""val_me"": -0.28458275899022734, ""val_me12"": 1.553167012439684, ""mape_2021"": 4.639056205749512, ""mae_2021"": 0.8003162741661072, ""mae12_2021"": 1.0629267692565918, ""me_2021"": -0.009759006737571931, ""me12_2021"": 0.5800205048130115, ""epochs_trained"": 450}",2026-07-02T08:54:20.491112,completed
1,MAPE,96,3,leaky_relu,2,128,0.1,3.855313301086426,0.7234312891960144,1.983933925628662,-0.23614685206332636,1.7694854269029443,3.855313301086426,0.7133727073669434,1.2264662981033325,0.10960977910011009,0.3184644215110325,4.370444297790527,"{""loss"": 5.873127460479736, ""mape"": 5.873127460479736, ""mae"": 1.2561249732971191, ""val_loss"": 3.855313301086426, ""val_mape"": 3.855313301086426, ""val_mae"": 0.7234312891960144, ""lr"": 1.0000000656873453e-05, ""val_mae12"": 1.983933925628662, ""val_me"": -0.23614685206332636, ""val_me12"": 1.7694854269029443, ""mape_2021"": 4.370444297790527, ""mae_2021"": 0.7133727073669434, ""mae12_2021"": 1.2264662981033325, ""me_2021"": 0.10960977910011009, ""me12_2021"": 0.3184644215110325, ""epochs_trained"": 567}",2026-07-02T08:54:34.192954,completed
1,MAPE,96,3,leaky_relu,2,128,0.3,3.9538896083831787,0.7490824460983276,2.024296522140503,-0.17447681336212187,1.9286721516277525,3.9538896083831787,0.756308913230896,1.2191638946533203,0.25691730342409125,-0.03700614946605488,4.601158142089844,"{""loss"": 8.416891098022461, ""mape"": 8.416891098022461, ""mae"": 1.8787131309509277, ""val_loss"": 3.9538896083831787, ""val_mape"": 3.9538896083831787, ""val_mae"": 0.7490824460983276, ""lr"": 1.0000000656873453e-05, ""val_mae12"": 2.024296522140503, ""val_me"": -0.17447681336212187, ""val_me12"": 1.9286721516277525, ""mape_2021"": 4.601158142089844, ""mae_2021"": 0.756308913230896, ""mae12_2021"": 1.2191638946533203, ""me_2021"": 0.25691730342409125, ""me12_2021"": -0.03700614946605488, ""epochs_trained"": 564}",2026-07-02T08:54:36.943400,completed
1,MAPE,96,3,leaky_relu,2,256,0.1,3.7754502296447754,0.7181760668754578,1.8399279117584229,-0.24216105045835007,1.5604615296621427,3.7754502296447754,0.7359066009521484,1.3663280010223389,0.06648819954270123,0.3409184178638839,4.418331146240234,"{""loss"": 5.0973052978515625, ""mape"": 5.0973052978515625, ""mae"": 1.0643070936203003, ""val_loss"": 3.7754502296447754, ""val_mape"": 3.7754502296447754, ""val_mae"": 0.7181760668754578, ""lr"": 1.0000000656873453e-05, ""val_mae12"": 1.8399279117584229, ""val_me"": -0.24216105045835007, ""val_me12"": 1.5604615296621427, ""mape_2021"": 4.418331146240234, ""mae_2021"": 0.7359066009521484, ""mae12_2021"": 1.3663280010223389, ""me_2021"": 0.06648819954270123, ""me12_2021"": 0.3409184178638839, ""epochs_trained"": 441}",2026-07-02T08:54:39.706545,completed
1,MAPE,96,3,leaky_relu,2,256,0.3,4.009499549865723,0.7753276824951172,2.1437060832977295,-0.14742191102056454,2.002840447022836,4.009499549865723,0.767609715461731,1.4811105728149414,0.19793707749158973,0.4032817971538665,4.6628241539001465,"{""loss"": 6.932100772857666, ""mape"": 6.932100772857666, ""mae"": 1.5233688354492188, ""val_loss"": 4.009499549865723, ""val_mape"": 4.009499549865723, ""val_mae"": 0.7753276824951172, ""lr"": 0.00010000000474974513, ""val_mae12"": 2.1437060832977295, ""val_me"": -0.14742191102056454, ""val_me12"": 2.002840447022836, ""mape_2021"": 4.6628241539001465, ""mae_2021"": 0.767609715461731, ""mae12_2021"": 1.4811105728149414, ""me_2021"": 0.19793707749158973, ""me12_2021"": 0.4032817971538665, ""epochs_trained"": 446}",2026-07-02T08:54:40.948318,completed
1,MAPE,96,3,leaky_relu,2,256,0.05,3.5930402278900146,0.6935487985610962,1.609411358833313,-0.2639142597978547,1.2425462179883502,3.5930402278900146,0.710808515548706,1.2108235359191895,0.05301745201874078,0.05177363844635798,4.292357921600342,"{""loss"": 4.265669822692871, ""mape"": 4.265669822692871, ""mae"": 0.88078773021698, ""val_loss"": 3.5930402278900146, ""val_mape"": 3.5930402278900146, ""val_mae"": 0.6935487985610962, ""lr"": 9.999999747378752e-06, ""val_mae12"": 1.609411358833313, ""val_me"": -0.2639142597978547, ""val_me12"": 1.2425462179883502, ""mape_2021"": 4.292357921600342, ""mae_2021"": 0.710808515548706, ""mae12_2021"": 1.2108235359191895, ""me_2021"": 0.05301745201874078, ""me12_2021"": 0.05177363844635798, ""epochs_trained"": 535}",2026-07-02T08:54:41.723980,completed
1,MAPE,96,3,leaky_relu,2,128,0.0,3.5795371532440186,0.7077457308769226,1.1782665252685547,-0.35781371244563887,0.8651463459993559,3.5795371532440186,0.702717661857605,0.8448123931884766,-0.0208831762359356,-0.057714925959094304,3.9740805625915527,"{""loss"": 3.0735251903533936, ""mape"": 3.0735251903533936, ""mae"": 0.6357453465461731, ""val_loss"": 3.5795371532440186, ""val_mape"": 3.5795371532440186, ""val_mae"": 0.7077457308769226, ""lr"": 1.0000000656873453e-05, ""val_mae12"": 1.1782665252685547, ""val_me"": -0.35781371244563887, ""val_me12"": 0.8651463459993559, ""mape_2021"": 3.9740805625915527, ""mae_2021"": 0.702717661857605, ""mae12_2021"": 0.8448123931884766, ""me_2021"": -0.0208831762359356, ""me12_2021"": -0.057714925959094304, ""epochs_trained"": 1833}",2026-07-02T08:55:06.361941,completed
1,MAPE,96,3,leaky_relu,3,32,0.3,45.96669006347656,9.410143852233887,7.523650169372559,7.221905732351395,6.7534384357097474,45.96669006347656,10.383308410644531,8.536426544189453,8.718551219082281,7.888204227148994,57.736968994140625,"{""loss"": 52.15895462036133, ""mape"": 52.15895462036133, ""mae"": 11.697864532470703, ""val_loss"": 45.96669006347656, ""val_mape"": 45.96669006347656, ""val_mae"": 9.410143852233887, ""lr"": 0.00010000000474974513, ""val_mae12"": 7.523650169372559, ""val_me"": 7.221905732351395, ""val_me12"": 6.7534384357097474, ""mape_2021"": 57.736968994140625, ""mae_2021"": 10.383308410644531, ""mae12_2021"": 8.536426544189453, ""me_2021"": 8.718551219082281, ""me12_2021"": 7.888204227148994, ""epochs_trained"": 81}",2026-07-02T08:55:26.382056,completed
1,MAPE,96,3,leaky_relu,3,16,0.3,47.0101203918457,9.708638191223145,6.437640190124512,7.71788634919521,5.347876955614032,47.0101203918457,10.438825607299805,7.328322410583496,9.217337190395355,6.229384283482536,56.51893615722656,"{""loss"": 58.32030487060547, ""mape"": 58.32030487060547, ""mae"": 13.149514198303223, ""val_loss"": 47.0101203918457, ""val_mape"": 47.0101203918457, ""val_mae"": 9.708638191223145, ""lr"": 0.00010000000474974513, ""val_mae12"": 6.437640190124512, ""val_me"": 7.71788634919521, ""val_me12"": 5.347876955614032, ""mape_2021"": 56.51893615722656, ""mae_2021"": 10.438825607299805, ""mae12_2021"": 7.328322410583496, ""me_2021"": 9.217337190395355, ""me12_2021"": 6.229384283482536, ""epochs_trained"": 114}",2026-07-02T08:55:27.860429,completed
1,MAPE,96,3,leaky_relu,3,16,0.05,4.056602954864502,0.758618175983429,1.8574504852294922,0.17185777788436593,1.4131493304649783,4.056602954864502,0.9338356852531433,1.3896048069000244,0.5781772817138321,0.2091470925576759,5.32587194442749,"{""loss"": 9.429513931274414, ""mape"": 9.429513931274414, ""mae"": 2.1362805366516113, ""val_loss"": 4.056602954864502, ""val_mape"": 4.056602954864502, ""val_mae"": 0.758618175983429, ""lr"": 0.00010000000474974513, ""val_mae12"": 1.8574504852294922, ""val_me"": 0.17185777788436593, ""val_me12"": 1.4131493304649783, ""mape_2021"": 5.32587194442749, ""mae_2021"": 0.9338356852531433, ""mae12_2021"": 1.3896048069000244, ""me_2021"": 0.5781772817138321, ""me12_2021"": 0.2091470925576759, ""epochs_trained"": 612}",2026-07-02T08:55:58.442212,completed
1,MAPE,96,3,leaky_relu,3,32,0.05,3.5719828605651855,0.6815156936645508,1.6907767057418823,-0.09034115600859738,1.200002425360659,3.5719828605651855,0.734278678894043,1.170780897140503,0.32267039381480933,0.2089026131727127,4.308746337890625,"{""loss"": 7.561990737915039, ""mape"": 7.561990737915039, ""mae"": 1.7067867517471313, ""val_loss"": 3.5719828605651855, ""val_mape"": 3.5719828605651855, ""val_mae"": 0.6815156936645508, ""lr"": 1.0000000656873453e-05, ""val_mae12"": 1.6907767057418823, ""val_me"": -0.09034115600859738, ""val_me12"": 1.200002425360659, ""mape_2021"": 4.308746337890625, ""mae_2021"": 0.734278678894043, ""mae12_2021"": 1.170780897140503, ""me_2021"": 0.32267039381480933, ""me12_2021"": 0.2089026131727127, ""epochs_trained"": 644}",2026-07-02T08:56:00.705273,completed
1,MAPE,96,3,leaky_relu,3,32,0.0,4.050634384155273,0.7870541214942932,1.2690849304199219,-0.4069482882599504,0.7051773747624215,4.050634384155273,0.777753472328186,0.8774372935295105,-0.008729355180190041,-0.4278079470180202,4.358819484710693,"{""loss"": 3.474191188812256, ""mape"": 3.474191188812256, ""mae"": 0.7021387219429016, ""val_loss"": 4.050634384155273, ""val_mape"": 4.050634384155273, ""val_mae"": 0.7870541214942932, ""lr"": 1.0000000656873453e-05, ""val_mae12"": 1.2690849304199219, ""val_me"": -0.4069482882599504, ""val_me12"": 0.7051773747624215, ""mape_2021"": 4.358819484710693, ""mae_2021"": 0.777753472328186, ""mae12_2021"": 0.8774372935295105, ""me_2021"": -0.008729355180190041, ""me12_2021"": -0.4278079470180202, ""epochs_trained"": 793}",2026-07-02T08:56:05.968705,completed
1,MAPE,96,3,leaky_relu,3,16,0.0,4.6104207038879395,0.9323029518127441,1.1706832647323608,-0.25513694120156516,0.39447972036394513,4.6104207038879395,1.0524269342422485,1.3536823987960815,0.2326637206176642,-0.8735177085261052,6.184494972229004,"{""loss"": 4.310136795043945, ""mape"": 4.310136795043945, ""mae"": 0.9176445007324219, ""val_loss"": 4.6104207038879395, ""val_mape"": 4.6104207038879395, ""val_mae"": 0.9323029518127441, ""lr"": 0.00010000000474974513, ""val_mae12"": 1.1706832647323608, ""val_me"": -0.25513694120156516, ""val_me12"": 0.39447972036394513, ""mape_2021"": 6.184494972229004, ""mae_2021"": 1.0524269342422485, ""mae12_2021"": 1.3536823987960815, ""me_2021"": 0.2326637206176642, ""me12_2021"": -0.8735177085261052, ""epochs_trained"": 1065}",2026-07-02T08:56:16.839479,completed
1,MAPE,96,3,leaky_relu,3,32,0.1,8.607029914855957,1.6085957288742065,3.3026793003082275,0.3838348052616293,2.88201039378641,8.607029914855957,1.7916109561920166,2.3397107124328613,0.7063704627827161,1.1458252585414985,10.425728797912598,"{""loss"": 13.543017387390137, ""mape"": 13.543017387390137, ""mae"": 2.9603402614593506, ""val_loss"": 8.607029914855957, ""val_mape"": 8.607029914855957, ""val_mae"": 1.6085957288742065, ""lr"": 1.0000000656873453e-05, ""val_mae12"": 3.3026793003082275, ""val_me"": 0.3838348052616293, ""val_me12"": 2.88201039378641, ""mape_2021"": 10.425728797912598, ""mae_2021"": 1.7916109561920166, ""mae12_2021"": 2.3397107124328613, ""me_2021"": 0.7063704627827161, ""me12_2021"": 1.1458252585414985, ""epochs_trained"": 1665}",2026-07-02T08:56:44.048673,completed
1,MAPE,96,3,leaky_relu,3,16,0.1,11.190533638000488,2.1123480796813965,3.7456839084625244,1.1143257967650972,3.0568047226775747,11.190533638000488,2.5090012550354004,2.9068784713745117,1.5884664577057495,1.4828232303080233,15.044215202331543,"{""loss"": 18.193626403808594, ""mape"": 18.193626403808594, ""mae"": 4.02101469039917, ""val_loss"": 11.190533638000488, ""val_mape"": 11.190533638000488, ""val_mae"": 2.1123480796813965, ""lr"": 1.0000000656873453e-05, ""val_mae12"": 3.7456839084625244, ""val_me"": 1.1143257967650972, ""val_me12"": 3.0568047226775747, ""mape_2021"": 15.044215202331543, ""mae_2021"": 2.5090012550354004, ""mae12_2021"": 2.9068784713745117, ""me_2021"": 1.5884664577057495, ""me12_2021"": 1.4828232303080233, ""epochs_trained"": 2424}",2026-07-02T08:57:10.530001,completed
2,MAPE,96,3,relu,2,256,0.0,6.751969337463379,1.2812625169754028,3.385711193084717,-0.11362339709514772,3.2219668091643916,6.751969337463379,1.3150769472122192,2.5145034790039062,0.13256577069637002,2.035005973150945,8.369779586791992,"{""loss"": 6.051231384277344, ""mape"": 6.051231384277344, ""mae"": 1.2184206247329712, ""val_loss"": 6.751969337463379, ""val_mape"": 6.751969337463379, ""val_mae"": 1.2812625169754028, ""lr"": 0.00010000000474974513, ""val_mae12"": 3.385711193084717, ""val_me"": -0.11362339709514772, ""val_me12"": 3.2219668091643916, ""mape_2021"": 8.369779586791992, ""mae_2021"": 1.3150769472122192, ""mae12_2021"": 2.5145034790039062, ""me_2021"": 0.13256577069637002, ""me12_2021"": 2.035005973150945, ""epochs_trained"": 287}",2026-07-03T10:49:37.582370,completed
2,MAPE,96,3,relu,2,256,0.3,4.6077704429626465,0.8795883059501648,2.3920178413391113,-0.11311862850143797,2.211839996493133,4.6077704429626465,0.8248287439346313,1.8307554721832275,0.19602108062468007,1.001775675883508,5.286801815032959,"{""loss"": 7.883102893829346, ""mape"": 7.883102893829346, ""mae"": 1.7432529926300049, ""val_loss"": 4.6077704429626465, ""val_mape"": 4.6077704429626465, ""val_mae"": 0.8795883059501648, ""lr"": 0.00010000000474974513, ""val_mae12"": 2.3920178413391113, ""val_me"": -0.11311862850143797, ""val_me12"": 2.211839996493133, ""mape_2021"": 5.286801815032959, ""mae_2021"": 0.8248287439346313, ""mae12_2021"": 1.8307554721832275, ""me_2021"": 0.19602108062468007, ""me12_2021"": 1.001775675883508, ""epochs_trained"": 379}",2026-07-03T10:49:50.701597,completed
2,MAPE,96,3,relu,2,256,0.05,4.226434707641602,0.7686739563941956,2.162691831588745,-0.2508510590372185,1.926245146441439,4.226434707641602,0.7748568058013916,1.5651782751083374,-0.00572339447301196,0.969965765303544,4.853297710418701,"{""loss"": 4.612754821777344, ""mape"": 4.612754821777344, ""mae"": 0.9541073441505432, ""val_loss"": 4.226434707641602, ""val_mape"": 4.226434707641602, ""val_mae"": 0.7686739563941956, ""lr"": 1.0000000656873453e-05, ""val_mae12"": 2.162691831588745, ""val_me"": -0.2508510590372185, ""val_me12"": 1.926245146441439, ""mape_2021"": 4.853297710418701, ""mae_2021"": 0.7748568058013916, ""mae12_2021"": 1.5651782751083374, ""me_2021"": -0.00572339447301196, ""me12_2021"": 0.969965765303544, ""epochs_trained"": 389}",2026-07-03T10:49:51.399447,completed
2,MAPE,96,3,relu,3,16,0.1,45.99693298339844,9.246420860290527,9.399582862854004,7.48531775112318,9.18670321071456,45.99693298339844,10.396634101867676,11.017388343811035,8.786182528125076,10.840916760799567,60.85777282714844,"{""loss"": 53.5034065246582, ""mape"": 53.5034065246582, ""mae"": 11.94304370880127, ""val_loss"": 45.99693298339844, ""val_mape"": 45.99693298339844, ""val_mae"": 9.246420860290527, ""lr"": 0.00010000000474974513, ""val_mae12"": 9.399582862854004, ""val_me"": 7.48531775112318, ""val_me12"": 9.18670321071456, ""mape_2021"": 60.85777282714844, ""mae_2021"": 10.396634101867676, ""mae12_2021"": 11.017388343811035, ""me_2021"": 8.786182528125076, ""me12_2021"": 10.840916760799567, ""epochs_trained"": 108}",2026-07-03T10:49:58.469914,completed
2,MAPE,96,3,relu,3,16,0.05,4.390596866607666,0.8525879979133606,1.628696322441101,0.4301724518598199,1.016563720610257,4.390596866607666,1.0604199171066284,1.4820839166641235,0.7929420433887947,0.41565086000887813,6.269629001617432,"{""loss"": 10.228147506713867, ""mape"": 10.228147506713867, ""mae"": 2.35221266746521, ""val_loss"": 4.390596866607666, ""val_mape"": 4.390596866607666, ""val_mae"": 0.8525879979133606, ""lr"": 0.00010000000474974513, ""val_mae12"": 1.628696322441101, ""val_me"": 0.4301724518598199, ""val_me12"": 1.016563720610257, ""mape_2021"": 6.269629001617432, ""mae_2021"": 1.0604199171066284, ""mae12_2021"": 1.4820839166641235, ""me_2021"": 0.7929420433887947, ""me12_2021"": 0.41565086000887813, ""epochs_trained"": 613}",2026-07-03T10:50:07.042196,completed
2,MAPE,96,3,relu,3,16,0.3,9.298324584960938,1.7001372575759888,3.1438679695129395,1.441802127781571,2.875344030047024,9.298324584960938,2.2165236473083496,2.5305018424987793,1.8512382721201266,2.367245909498306,14.013275146484375,"{""loss"": 24.64032554626465, ""mape"": 24.64032554626465, ""mae"": 5.7699737548828125, ""val_loss"": 9.298324584960938, ""val_mape"": 9.298324584960938, ""val_mae"": 1.7001372575759888, ""lr"": 0.00010000000474974513, ""val_mae12"": 3.1438679695129395, ""val_me"": 1.441802127781571, ""val_me12"": 2.875344030047024, ""mape_2021"": 14.013275146484375, ""mae_2021"": 2.2165236473083496, ""mae12_2021"": 2.5305018424987793, ""me_2021"": 1.8512382721201266, ""me12_2021"": 2.367245909498306, ""epochs_trained"": 450}",2026-07-03T10:50:36.935752,completed
2,MAPE,96,3,relu,3,32,0.0,4.403865337371826,0.840787947177887,1.9044063091278076,-0.2714473983864897,1.4938456147513532,4.403865337371826,0.8775855302810669,1.1158698797225952,0.0350884935530933,0.5065518788535887,5.101476669311523,"{""loss"": 3.6946609020233154, ""mape"": 3.6946609020233154, ""mae"": 0.7461240887641907, ""val_loss"": 4.403865337371826, ""val_mape"": 4.403865337371826, ""val_mae"": 0.840787947177887, ""lr"": 0.00010000000474974513, ""val_mae12"": 1.9044063091278076, ""val_me"": -0.2714473983864897, ""val_me12"": 1.4938456147513532, ""mape_2021"": 5.101476669311523, ""mae_2021"": 0.8775855302810669, ""mae12_2021"": 1.1158698797225952, ""me_2021"": 0.0350884935530933, ""me12_2021"": 0.5065518788535887, ""epochs_trained"": 514}",2026-07-03T10:50:41.742582,completed
2,MAPE,96,3,relu,2,256,0.1,13.441061973571777,2.5039076805114746,4.923944473266602,0.42996138856551047,3.990676155695274,13.441061973571777,2.551095485687256,4.375521183013916,0.6307871361354767,2.1890603775597883,15.55624771118164,"{""loss"": 11.364893913269043, ""mape"": 11.364893913269043, ""mae"": 2.360873222351074, ""val_loss"": 13.441061973571777, ""val_mape"": 13.441061973571777, ""val_mae"": 2.5039076805114746, ""lr"": 9.999999747378752e-06, ""val_mae12"": 4.923944473266602, ""val_me"": 0.42996138856551047, ""val_me12"": 3.990676155695274, ""mape_2021"": 15.55624771118164, ""mae_2021"": 2.551095485687256, ""mae12_2021"": 4.375521183013916, ""me_2021"": 0.6307871361354767, ""me12_2021"": 2.1890603775597883, ""epochs_trained"": 966}",2026-07-03T10:50:48.144680,completed
2,MAPE,96,3,relu,3,32,0.05,3.9160759449005127,0.689202606678009,2.0886008739471436,-0.06211491013628564,1.7502820751378,3.9160759449005127,0.8248051404953003,1.7614171504974365,0.36870116003691095,0.8029951665506921,5.657139778137207,"{""loss"": 7.625466346740723, ""mape"": 7.625466346740723, ""mae"": 1.7178875207901, ""val_loss"": 3.9160759449005127, ""val_mape"": 3.9160759449005127, ""val_mae"": 0.689202606678009, ""lr"": 1.0000000656873453e-05, ""val_mae12"": 2.0886008739471436, ""val_me"": -0.06211491013628564, ""val_me12"": 1.7502820751378, ""mape_2021"": 5.657139778137207, ""mae_2021"": 0.8248051404953003, ""mae12_2021"": 1.7614171504974365, ""me_2021"": 0.36870116003691095, ""me12_2021"": 0.8029951665506921, ""epochs_trained"": 633}",2026-07-03T10:50:54.649906,completed
2,MAPE,96,3,relu,3,32,0.3,5.577263832092285,0.9736416935920715,2.3765206336975098,0.6222990197265936,2.2258281240464988,5.577263832092285,1.298028826713562,1.7938365936279297,1.0225282426873392,1.4452290349906844,8.82506275177002,"{""loss"": 18.429183959960938, ""mape"": 18.429183959960938, ""mae"": 4.276301383972168, ""val_loss"": 5.577263832092285, ""val_mape"": 5.577263832092285, ""val_mae"": 0.9736416935920715, ""lr"": 0.00010000000474974513, ""val_mae12"": 2.3765206336975098, ""val_me"": 0.6222990197265936, ""val_me12"": 2.2258281240464988, ""mape_2021"": 8.82506275177002, ""mae_2021"": 1.298028826713562, ""mae12_2021"": 1.7938365936279297, ""me_2021"": 1.0225282426873392, ""me12_2021"": 1.4452290349906844, ""epochs_trained"": 551}",2026-07-03T10:51:09.484195,completed
2,MAPE,96,3,relu,3,32,0.1,15.627528190612793,2.970958709716797,4.952452182769775,0.9887703346411524,3.7533749640319196,15.627528190612793,3.078624725341797,3.9187300205230713,1.5701574786169197,2.017911625387,17.559240341186523,"{""loss"": 18.520811080932617, ""mape"": 18.520811080932617, ""mae"": 4.019658088684082, ""val_loss"": 15.627528190612793, ""val_mape"": 15.627528190612793, ""val_mae"": 2.970958709716797, ""lr"": 9.999999747378752e-06, ""val_mae12"": 4.952452182769775, ""val_me"": 0.9887703346411524, ""val_me12"": 3.7533749640319196, ""mape_2021"": 17.559240341186523, ""mae_2021"": 3.078624725341797, ""mae12_2021"": 3.9187300205230713, ""me_2021"": 1.5701574786169197, ""me12_2021"": 2.017911625387, ""epochs_trained"": 1268}",2026-07-03T10:51:23.054082,completed
2,MAPE,96,3,relu,3,16,0.0,4.57244348526001,0.9383059144020081,1.2721534967422485,-0.43407585313521313,0.7596747945810515,4.57244348526001,0.968937337398529,1.0048414468765259,0.025422579182580365,-0.35820894386640917,5.303883075714111,"{""loss"": 4.022050380706787, ""mape"": 4.022050380706787, ""mae"": 0.8189070820808411, ""val_loss"": 4.57244348526001, ""val_mape"": 4.57244348526001, ""val_mae"": 0.9383059144020081, ""lr"": 1.0000000656873453e-05, ""val_mae12"": 1.2721534967422485, ""val_me"": -0.43407585313521313, ""val_me12"": 0.7596747945810515, ""mape_2021"": 5.303883075714111, ""mae_2021"": 0.968937337398529, ""mae12_2021"": 1.0048414468765259, ""me_2021"": 0.025422579182580365, ""me12_2021"": -0.35820894386640917, ""epochs_trained"": 3662}",2026-07-03T10:52:10.276111,completed
2,MAPE,96,3,relu,3,64,0.0,45.085914611816406,9.014050483703613,15.501690864562988,5.649833824902925,15.637172964321094,45.085914611816406,10.125727653503418,18.051342010498047,6.9217090670977655,18.176385395210712,66.52120971679688,"{""loss"": 44.728458404541016, ""mape"": 44.728458404541016, ""mae"": 9.563371658325195, ""val_loss"": 45.085914611816406, ""val_mape"": 45.085914611816406, ""val_mae"": 9.014050483703613, ""lr"": 0.00010000000474974513, ""val_mae12"": 15.501690864562988, ""val_me"": 5.649833824902925, ""val_me12"": 15.637172964321094, ""mape_2021"": 66.52120971679688, ""mae_2021"": 10.125727653503418, ""mae12_2021"": 18.051342010498047, ""me_2021"": 6.9217090670977655, ""me12_2021"": 18.176385395210712, ""epochs_trained"": 54}",2026-07-03T10:52:30.385559,completed
2,MAPE,96,3,relu,3,128,0.05,3.991089105606079,0.713093638420105,1.8739181756973267,0.026175724249040813,1.4249447494834213,3.991089105606079,0.8936020135879517,1.8584630489349365,0.298363107436838,0.9778631227254366,6.1743669509887695,"{""loss"": 5.368664264678955, ""mape"": 5.368664264678955, ""mae"": 1.1702015399932861, ""val_loss"": 3.991089105606079, ""val_mape"": 3.991089105606079, ""val_mae"": 0.713093638420105, ""lr"": 0.00010000000474974513, ""val_mae12"": 1.8739181756973267, ""val_me"": 0.026175724249040813, ""val_me12"": 1.4249447494834213, ""mape_2021"": 6.1743669509887695, ""mae_2021"": 0.8936020135879517, ""mae12_2021"": 1.8584630489349365, ""me_2021"": 0.298363107436838, ""me12_2021"": 0.9778631227254366, ""epochs_trained"": 344}",2026-07-03T10:53:07.254563,completed
2,MAPE,96,3,relu,3,128,0.0,4.593704700469971,0.8147453665733337,2.032241106033325,-0.17937016528970037,1.6142900957171304,4.593704700469971,0.9334790706634521,1.610974669456482,0.08559926019040603,0.5949369484584139,5.538171291351318,"{""loss"": 3.1810264587402344, ""mape"": 3.1810264587402344, ""mae"": 0.6512568593025208, ""val_loss"": 4.593704700469971, ""val_mape"": 4.593704700469971, ""val_mae"": 0.8147453665733337, ""lr"": 0.00010000000474974513, ""val_mae12"": 2.032241106033325, ""val_me"": -0.17937016528970037, ""val_me12"": 1.6142900957171304, ""mape_2021"": 5.538171291351318, ""mae_2021"": 0.9334790706634521, ""mae12_2021"": 1.610974669456482, ""me_2021"": 0.08559926019040603, ""me12_2021"": 0.5949369484584139, ""epochs_trained"": 362}",2026-07-03T10:53:08.738286,completed
2,MAPE,96,3,relu,3,64,0.3,4.438319683074951,0.8212352395057678,1.9809104204177856,0.408951388523533,1.8015966045024712,4.438319683074951,1.0305936336517334,1.3628593683242798,0.7382016827937282,0.9034644721101329,6.677438259124756,"{""loss"": 13.574538230895996, ""mape"": 13.574538230895996, ""mae"": 3.112715721130371, ""val_loss"": 4.438319683074951, ""val_mape"": 4.438319683074951, ""val_mae"": 0.8212352395057678, ""lr"": 1.0000000656873453e-05, ""val_mae12"": 1.9809104204177856, ""val_me"": 0.408951388523533, ""val_me12"": 1.8015966045024712, ""mape_2021"": 6.677438259124756, ""mae_2021"": 1.0305936336517334, ""mae12_2021"": 1.3628593683242798, ""me_2021"": 0.7382016827937282, ""me12_2021"": 0.9034644721101329, ""epochs_trained"": 443}",2026-07-03T10:53:19.815581,completed
2,MAPE,96,3,relu,3,64,0.1,3.414929151535034,0.6286133527755737,1.5219334363937378,0.04888407031013976,0.9324482793577111,3.414929151535034,0.8142106533050537,1.591421127319336,0.4607300613729414,0.37610903352891334,5.405335426330566,"{""loss"": 7.301786422729492, ""mape"": 7.301786422729492, ""mae"": 1.6557039022445679, ""val_loss"": 3.414929151535034, ""val_mape"": 3.414929151535034, ""val_mae"": 0.6286133527755737, ""lr"": 0.00010000000474974513, ""val_mae12"": 1.5219334363937378, ""val_me"": 0.04888407031013976, ""val_me12"": 0.9324482793577111, ""mape_2021"": 5.405335426330566, ""mae_2021"": 0.8142106533050537, ""mae12_2021"": 1.591421127319336, ""me_2021"": 0.4607300613729414, ""me12_2021"": 0.37610903352891334, ""epochs_trained"": 547}",2026-07-03T10:53:33.125586,completed
2,MAPE,96,3,relu,3,64,0.05,3.8339767456054688,0.6657118201255798,2.0274908542633057,-0.1750641980661992,1.5610725257301512,3.8339767456054688,0.7601268291473389,1.7697516679763794,0.20733445404112893,0.7881883975902692,5.4753031730651855,"{""loss"": 5.891307830810547, ""mape"": 5.891307830810547, ""mae"": 1.310802936553955, ""val_loss"": 3.8339767456054688, ""val_mape"": 3.8339767456054688, ""val_mae"": 0.6657118201255798, ""lr"": 1.0000000656873453e-05, ""val_mae12"": 2.0274908542633057, ""val_me"": -0.1750641980661992, ""val_me12"": 1.5610725257301512, ""mape_2021"": 5.4753031730651855, ""mae_2021"": 0.7601268291473389, ""mae12_2021"": 1.7697516679763794, ""me_2021"": 0.20733445404112893, ""me12_2021"": 0.7881883975902692, ""epochs_trained"": 567}",2026-07-03T10:53:37.233173,completed
2,MAPE,96,3,relu,3,128,0.1,3.7390785217285156,0.6688640713691711,1.7975493669509888,-0.061121276106516784,1.2908095565115327,3.7390785217285156,0.7626355886459351,1.5511529445648193,0.27218388025603013,0.4338860994506264,5.103092670440674,"{""loss"": 5.6568756103515625, ""mape"": 5.6568756103515625, ""mae"": 1.2599140405654907, ""val_loss"": 3.7390785217285156, ""val_mape"": 3.7390785217285156, ""val_mae"": 0.6688640713691711, ""lr"": 0.00010000000474974513, ""val_mae12"": 1.7975493669509888, ""val_me"": -0.061121276106516784, ""val_me12"": 1.2908095565115327, ""mape_2021"": 5.103092670440674, ""mae_2021"": 0.7626355886459351, ""mae12_2021"": 1.5511529445648193, ""me_2021"": 0.27218388025603013, ""me12_2021"": 0.4338860994506264, ""epochs_trained"": 444}",2026-07-03T10:53:43.645137,completed
2,MAPE,96,3,relu,3,256,0.0,6.602621078491211,1.203177809715271,2.8097150325775146,-0.10811529007115134,2.4349518721512458,6.602621078491211,1.076623558998108,2.4537436962127686,0.056702442753830636,1.8452844992098483,7.786153793334961,"{""loss"": 4.079632759094238, ""mape"": 4.079632759094238, ""mae"": 0.8080182671546936, ""val_loss"": 6.602621078491211, ""val_mape"": 6.602621078491211, ""val_mae"": 1.203177809715271, ""lr"": 0.00010000000474974513, ""val_mae12"": 2.8097150325775146, ""val_me"": -0.10811529007115134, ""val_me12"": 2.4349518721512458, ""mape_2021"": 7.786153793334961, ""mae_2021"": 1.076623558998108, ""mae12_2021"": 2.4537436962127686, ""me_2021"": 0.056702442753830636, ""me12_2021"": 1.8452844992098483, ""epochs_trained"": 255}",2026-07-03T10:54:15.914541,completed
2,MAPE,96,3,relu,3,128,0.3,3.9971907138824463,0.8027750849723816,1.3777801990509033,0.4214588633697697,0.7218503203665132,3.9971907138824463,1.0282262563705444,1.5522100925445557,0.8418379437605777,-0.07409559164493781,6.271977424621582,"{""loss"": 9.72018051147461, ""mape"": 9.72018051147461, ""mae"": 2.193984270095825, ""val_loss"": 3.9971907138824463, ""val_mape"": 3.9971907138824463, ""val_mae"": 0.8027750849723816, ""lr"": 0.00010000000474974513, ""val_mae12"": 1.3777801990509033, ""val_me"": 0.4214588633697697, ""val_me12"": 0.7218503203665132, ""mape_2021"": 6.271977424621582, ""mae_2021"": 1.0282262563705444, ""mae12_2021"": 1.5522100925445557, ""me_2021"": 0.8418379437605777, ""me12_2021"": -0.07409559164493781, ""epochs_trained"": 321}",2026-07-03T10:54:19.019521,completed
2,MAPE,96,3,relu,3,256,0.3,5.75716495513916,1.1672757863998413,1.9152735471725464,0.8149714334462514,1.1021276865394898,5.75716495513916,1.3392181396484375,2.2190394401550293,1.0717155573530108,0.5795282288100483,7.933372497558594,"{""loss"": 8.770565032958984, ""mape"": 8.770565032958984, ""mae"": 1.9480739831924438, ""val_loss"": 5.75716495513916, ""val_mape"": 5.75716495513916, ""val_mae"": 1.1672757863998413, ""lr"": 1.0000000656873453e-05, ""val_mae12"": 1.9152735471725464, ""val_me"": 0.8149714334462514, ""val_me12"": 1.1021276865394898, ""mape_2021"": 7.933372497558594, ""mae_2021"": 1.3392181396484375, ""mae12_2021"": 2.2190394401550293, ""me_2021"": 1.0717155573530108, ""me12_2021"": 0.5795282288100483, ""epochs_trained"": 230}",2026-07-03T10:54:50.829597,completed
2,MAPE,96,3,relu,3,256,0.05,4.144593715667725,0.7499152421951294,2.0023844242095947,-0.1423422139219162,1.4945795824703925,4.144593715667725,0.8367456197738647,1.6698477268218994,0.13039360616223564,0.977808452020701,5.698552131652832,"{""loss"": 4.455125331878662, ""mape"": 4.455125331878662, ""mae"": 0.957247793674469, ""val_loss"": 4.144593715667725, ""val_mape"": 4.144593715667725, ""val_mae"": 0.7499152421951294, ""lr"": 1.0000000656873453e-05, ""val_mae12"": 2.0023844242095947, ""val_me"": -0.1423422139219162, ""val_me12"": 1.4945795824703925, ""mape_2021"": 5.698552131652832, ""mae_2021"": 0.8367456197738647, ""mae12_2021"": 1.6698477268218994, ""me_2021"": 0.13039360616223564, ""me12_2021"": 0.977808452020701, ""epochs_trained"": 374}",2026-07-03T10:54:55.655506,completed
2,MAPE,96,3,relu,3,256,0.1,3.948789119720459,0.7015619874000549,2.163677453994751,-0.0003810867875648732,1.7616968763399694,3.948789119720459,0.8328952789306641,2.0045249462127686,0.2666491655640674,1.217669862545811,6.1625213623046875,"{""loss"": 5.034834384918213, ""mape"": 5.034834384918213, ""mae"": 1.1045669317245483, ""val_loss"": 3.948789119720459, ""val_mape"": 3.948789119720459, ""val_mae"": 0.7015619874000549, ""lr"": 1.0000000656873453e-05, ""val_mae12"": 2.163677453994751, ""val_me"": -0.0003810867875648732, ""val_me12"": 1.7616968763399694, ""mape_2021"": 6.1625213623046875, ""mae_2021"": 0.8328952789306641, ""mae12_2021"": 2.0045249462127686, ""me_2021"": 0.2666491655640674, ""me12_2021"": 1.217669862545811, ""epochs_trained"": 354}",2026-07-03T10:54:58.529888,completed
2,MAPE,96,3,leaky_relu,1,16,0.3,4.195152759552002,0.8895208239555359,1.0275870561599731,0.6712122817336826,0.25788152487702354,4.195152759552002,1.1695195436477661,0.8295757174491882,1.0767267627497203,-0.4327580931743488,5.979800224304199,"{""loss"": 15.219613075256348, ""mape"": 15.219613075256348, ""mae"": 3.6459219455718994, ""val_loss"": 4.195152759552002, ""val_mape"": 4.195152759552002, ""val_mae"": 0.8895208239555359, ""lr"": 0.00010000000474974513, ""val_mae12"": 1.0275870561599731, ""val_me"": 0.6712122817336826, ""val_me12"": 0.25788152487702354, ""mape_2021"": 5.979800224304199, ""mae_2021"": 1.1695195436477661, ""mae12_2021"": 0.8295757174491882, ""me_2021"": 1.0767267627497203, ""me12_2021"": -0.4327580931743488, ""epochs_trained"": 1720}",2026-07-03T10:56:24.870226,completed
2,MAPE,96,3,leaky_relu,1,32,0.05,3.1156351566314697,0.6006745100021362,0.9451159834861755,-0.010834470355706045,-0.2855299248112133,3.1156351566314697,0.7446756362915039,1.0297813415527344,0.36622184797552904,-0.31852516119838375,4.28061580657959,"{""loss"": 6.000293254852295, ""mape"": 6.000293254852295, ""mae"": 1.3069050312042236, ""val_loss"": 3.1156351566314697, ""val_mape"": 3.1156351566314697, ""val_mae"": 0.6006745100021362, ""lr"": 1.0000000656873453e-05, ""val_mae12"": 0.9451159834861755, ""val_me"": -0.010834470355706045, ""val_me12"": -0.2855299248112133, ""mape_2021"": 4.28061580657959, ""mae_2021"": 0.7446756362915039, ""mae12_2021"": 1.0297813415527344, ""me_2021"": 0.36622184797552904, ""me12_2021"": -0.31852516119838375, ""epochs_trained"": 1784}",2026-07-03T10:56:27.484470,completed
2,MAPE,96,3,leaky_relu,1,16,0.1,3.2276995182037354,0.6256684064865112,1.041169285774231,0.16801744149917,0.2704218231412246,3.2276995182037354,0.8182669281959534,0.947716474533081,0.5809762301897266,-0.4555058090404731,4.902835845947266,"{""loss"": 8.401520729064941, ""mape"": 8.401520729064941, ""mae"": 1.9269843101501465, ""val_loss"": 3.2276995182037354, ""val_mape"": 3.2276995182037354, ""val_mae"": 0.6256684064865112, ""lr"": 1.0000000656873453e-05, ""val_mae12"": 1.041169285774231, ""val_me"": 0.16801744149917, ""val_me12"": 0.2704218231412246, ""mape_2021"": 4.902835845947266, ""mae_2021"": 0.8182669281959534, ""mae12_2021"": 0.947716474533081, ""me_2021"": 0.5809762301897266, ""me12_2021"": -0.4555058090404731, ""epochs_trained"": 1840}",2026-07-03T10:56:29.446373,completed
2,MAPE,96,3,leaky_relu,1,16,0.05,3.1788249015808105,0.6255664825439453,0.9256591200828552,0.15579258416752687,0.34992741596813,3.1788249015808105,0.8429569602012634,1.247482419013977,0.5342935365614071,-0.6563274007886046,4.918104648590088,"{""loss"": 6.694119453430176, ""mape"": 6.694119453430176, ""mae"": 1.4702421426773071, ""val_loss"": 3.1788249015808105, ""val_mape"": 3.1788249015808105, ""val_mae"": 0.6255664825439453, ""lr"": 0.00010000000474974513, ""val_mae12"": 0.9256591200828552, ""val_me"": 0.15579258416752687, ""val_me12"": 0.34992741596813, ""mape_2021"": 4.918104648590088, ""mae_2021"": 0.8429569602012634, ""mae12_2021"": 1.247482419013977, ""me_2021"": 0.5342935365614071, ""me12_2021"": -0.6563274007886046, ""epochs_trained"": 1866}",2026-07-03T10:56:31.300899,completed
2,MAPE,96,3,leaky_relu,1,32,0.0,4.516070365905762,0.8956778049468994,1.5812886953353882,-0.24708405858612612,1.146835594433283,4.516070365905762,0.9213382005691528,0.8123964071273804,0.08808969212132436,0.2053555628034301,4.901174545288086,"{""loss"": 3.9778401851654053, ""mape"": 3.9778401851654053, ""mae"": 0.816713809967041, ""val_loss"": 4.516070365905762, ""val_mape"": 4.516070365905762, ""val_mae"": 0.8956778049468994, ""lr"": 0.00010000000474974513, ""val_mae12"": 1.5812886953353882, ""val_me"": -0.24708405858612612, ""val_me12"": 1.146835594433283, ""mape_2021"": 4.901174545288086, ""mae_2021"": 0.9213382005691528, ""mae12_2021"": 0.8123964071273804, ""me_2021"": 0.08808969212132436, ""me12_2021"": 0.2053555628034301, ""epochs_trained"": 2016}",2026-07-03T10:56:36.730674,completed
2,MAPE,96,3,leaky_relu,1,16,0.0,4.520582675933838,0.9551283717155457,1.0722792148590088,-0.11743430645257533,0.19111679170594822,4.520582675933838,1.1456931829452515,1.2087576389312744,0.5485286195791157,-0.9721944920072351,6.247363090515137,"{""loss"": 4.736344814300537, ""mape"": 4.736344814300537, ""mae"": 1.0429717302322388, ""val_loss"": 4.520582675933838, ""val_mape"": 4.520582675933838, ""val_mae"": 0.9551283717155457, ""lr"": 0.00010000000474974513, ""val_mae12"": 1.0722792148590088, ""val_me"": -0.11743430645257533, ""val_me12"": 0.19111679170594822, ""mape_2021"": 6.247363090515137, ""mae_2021"": 1.1456931829452515, ""mae12_2021"": 1.2087576389312744, ""me_2021"": 0.5485286195791157, ""me12_2021"": -0.9721944920072351, ""epochs_trained"": 2655}",2026-07-03T10:57:08.957542,completed
2,MAPE,96,3,leaky_relu,1,32,0.1,3.766284227371216,0.7282217741012573,1.0198551416397095,0.0034708870743038103,0.23835676451444499,3.766284227371216,0.9256143569946289,1.24558424949646,0.4008842852829565,-0.055766126090117725,5.2850341796875,"{""loss"": 8.489627838134766, ""mape"": 8.489627838134766, ""mae"": 1.8395135402679443, ""val_loss"": 3.766284227371216, ""val_mape"": 3.766284227371216, ""val_mae"": 0.7282217741012573, ""lr"": 1.0000000656873453e-05, ""val_mae12"": 1.0198551416397095, ""val_me"": 0.0034708870743038103, ""val_me12"": 0.23835676451444499, ""mape_2021"": 5.2850341796875, ""mae_2021"": 0.9256143569946289, ""mae12_2021"": 1.24558424949646, ""me_2021"": 0.4008842852829565, ""me12_2021"": -0.055766126090117725, ""epochs_trained"": 1319}",2026-07-03T10:57:36.522187,completed
2,MAPE,96,3,leaky_relu,1,64,0.1,3.5194942951202393,0.676662802696228,1.0012127161026,-0.1968177942304922,0.12459656744873493,3.5194942951202393,0.7535770535469055,1.1926149129867554,0.15039883979792143,0.1789026820367734,5.227940559387207,"{""loss"": 6.238977432250977, ""mape"": 6.238977432250977, ""mae"": 1.353210210800171, ""val_loss"": 3.5194942951202393, ""val_mape"": 3.5194942951202393, ""val_mae"": 0.676662802696228, ""lr"": 0.00010000000474974513, ""val_mae12"": 1.0012127161026, ""val_me"": -0.1968177942304922, ""val_me12"": 0.12459656744873493, ""mape_2021"": 5.227940559387207, ""mae_2021"": 0.7535770535469055, ""mae12_2021"": 1.1926149129867554, ""me_2021"": 0.15039883979792143, ""me12_2021"": 0.1789026820367734, ""epochs_trained"": 1147}",2026-07-03T10:57:41.449996,completed
2,MAPE,96,3,leaky_relu,1,64,0.05,3.742866039276123,0.7286393046379089,1.0389413833618164,-0.2590639571736145,0.1538831080694302,3.742866039276123,0.7679786086082458,1.115173578262329,0.06743887982943245,0.16787858664278016,5.0251784324646,"{""loss"": 5.425613880157471, ""mape"": 5.425613880157471, ""mae"": 1.1304117441177368, ""val_loss"": 3.742866039276123, ""val_mape"": 3.742866039276123, ""val_mae"": 0.7286393046379089, ""lr"": 1.0000000656873453e-05, ""val_mae12"": 1.0389413833618164, ""val_me"": -0.2590639571736145, ""val_me12"": 0.1538831080694302, ""mape_2021"": 5.0251784324646, ""mae_2021"": 0.7679786086082458, ""mae12_2021"": 1.115173578262329, ""me_2021"": 0.06743887982943245, ""me12_2021"": 0.16787858664278016, ""epochs_trained"": 1267}",2026-07-03T10:57:41.500518,completed
2,MAPE,96,3,leaky_relu,1,64,0.0,8.65379810333252,2.0271928310394287,1.348340630531311,0.746078078595789,0.5896227115384726,8.65379810333252,2.5352346897125244,1.3201791048049927,1.8163874290993907,-1.0089815030124956,11.725138664245605,"{""loss"": 8.962129592895508, ""mape"": 8.962129592895508, ""mae"": 2.165525197982788, ""val_loss"": 8.65379810333252, ""val_mape"": 8.65379810333252, ""val_mae"": 2.0271928310394287, ""lr"": 0.00010000000474974513, ""val_mae12"": 1.348340630531311, ""val_me"": 0.746078078595789, ""val_me12"": 0.5896227115384726, ""mape_2021"": 11.725138664245605, ""mae_2021"": 2.5352346897125244, ""mae12_2021"": 1.3201791048049927, ""me_2021"": 1.8163874290993907, ""me12_2021"": -1.0089815030124956, ""epochs_trained"": 1380}",2026-07-03T10:57:43.164681,completed
2,MAPE,96,3,leaky_relu,1,32,0.3,3.4624316692352295,0.6587139368057251,1.2282708883285522,0.26715268188600777,0.4328641264265909,3.4624316692352295,0.8850579857826233,0.7553470134735107,0.6992309390752713,-0.17524280621657273,4.66839075088501,"{""loss"": 11.973188400268555, ""mape"": 11.973188400268555, ""mae"": 2.83016037940979, ""val_loss"": 3.4624316692352295, ""val_mape"": 3.4624316692352295, ""val_mae"": 0.6587139368057251, ""lr"": 0.00010000000474974513, ""val_mae12"": 1.2282708883285522, ""val_me"": 0.26715268188600777, ""val_me12"": 0.4328641264265909, ""mape_2021"": 4.66839075088501, ""mae_2021"": 0.8850579857826233, ""mae12_2021"": 0.7553470134735107, ""me_2021"": 0.6992309390752713, ""me12_2021"": -0.17524280621657273, ""epochs_trained"": 1473}",2026-07-03T10:57:44.756457,completed
2,MAPE,96,3,leaky_relu,1,64,0.3,3.298959255218506,0.6261586546897888,0.9711877703666687,0.02158096214720257,0.22842019048568551,3.298959255218506,0.7635599374771118,0.9119458198547363,0.4235542464978336,-0.2188064461686496,4.345678329467773,"{""loss"": 9.974349021911621, ""mape"": 9.974349021911621, ""mae"": 2.2737200260162354, ""val_loss"": 3.298959255218506, ""val_mape"": 3.298959255218506, ""val_mae"": 0.6261586546897888, ""lr"": 1.0000000656873453e-05, ""val_mae12"": 0.9711877703666687, ""val_me"": 0.02158096214720257, ""val_me12"": 0.22842019048568551, ""mape_2021"": 4.345678329467773, ""mae_2021"": 0.7635599374771118, ""mae12_2021"": 0.9119458198547363, ""me_2021"": 0.4235542464978336, ""me12_2021"": -0.2188064461686496, ""epochs_trained"": 1132}",2026-07-03T10:58:00.928331,completed
2,MAPE,96,3,leaky_relu,1,256,0.05,3.9618356227874756,0.7861902713775635,1.1186978816986084,-0.3357654386777379,0.6075650703462921,3.9618356227874756,0.8368573784828186,1.1473369598388672,-0.02364343926483776,-0.40867821411837646,5.277438163757324,"{""loss"": 4.968745708465576, ""mape"": 4.968745708465576, ""mae"": 1.0140124559402466, ""val_loss"": 3.9618356227874756, ""val_mape"": 3.9618356227874756, ""val_mae"": 0.7861902713775635, ""lr"": 1.0000000656873453e-05, ""val_mae12"": 1.1186978816986084, ""val_me"": -0.3357654386777379, ""val_me12"": 0.6075650703462921, ""mape_2021"": 5.277438163757324, ""mae_2021"": 0.8368573784828186, ""mae12_2021"": 1.1473369598388672, ""me_2021"": -0.02364343926483776, ""me12_2021"": -0.40867821411837646, ""epochs_trained"": 746}",2026-07-03T10:59:26.048789,completed
2,MAPE,96,3,leaky_relu,1,128,0.3,3.8817169666290283,0.7765889167785645,1.0336378812789917,-0.23494144281322546,0.6438952837379761,3.8817169666290283,0.8534576892852783,1.2808783054351807,0.18698066436512492,0.20419798706809067,5.554740905761719,"{""loss"": 8.568109512329102, ""mape"": 8.568109512329102, ""mae"": 1.8543574810028076, ""val_loss"": 3.8817169666290283, ""val_mape"": 3.8817169666290283, ""val_mae"": 0.7765889167785645, ""lr"": 0.00010000000474974513, ""val_mae12"": 1.0336378812789917, ""val_me"": -0.23494144281322546, ""val_me12"": 0.6438952837379761, ""mape_2021"": 5.554740905761719, ""mae_2021"": 0.8534576892852783, ""mae12_2021"": 1.2808783054351807, ""me_2021"": 0.18698066436512492, ""me12_2021"": 0.20419798706809067, ""epochs_trained"": 776}",2026-07-03T10:59:28.586036,completed
2,MAPE,96,3,leaky_relu,1,128,0.05,4.3729448318481445,0.8742203116416931,0.9005349278450012,-0.3868422040760875,0.4031866622011629,4.3729448318481445,0.9365649223327637,1.3541293144226074,0.08104529454431245,-0.5648215959651002,6.014441013336182,"{""loss"": 6.219712257385254, ""mape"": 6.219712257385254, ""mae"": 1.2750930786132812, ""val_loss"": 4.3729448318481445, ""val_mape"": 4.3729448318481445, ""val_mae"": 0.8742203116416931, ""lr"": 1.0000000656873453e-05, ""val_mae12"": 0.9005349278450012, ""val_me"": -0.3868422040760875, ""val_me12"": 0.4031866622011629, ""mape_2021"": 6.014441013336182, ""mae_2021"": 0.9365649223327637, ""mae12_2021"": 1.3541293144226074, ""me_2021"": 0.08104529454431245, ""me12_2021"": -0.5648215959651002, ""epochs_trained"": 788}",2026-07-03T10:59:28.881553,completed
2,MAPE,96,3,leaky_relu,1,128,0.1,3.6565284729003906,0.7255657911300659,0.8704056739807129,-0.35782546620090194,0.18048312100373506,3.6565284729003906,0.7287436127662659,1.1490463018417358,0.02445068542155979,-0.020509477584942155,4.687254905700684,"{""loss"": 5.657771110534668, ""mape"": 5.657771110534668, ""mae"": 1.1895356178283691, ""val_loss"": 3.6565284729003906, ""val_mape"": 3.6565284729003906, ""val_mae"": 0.7255657911300659, ""lr"": 1.0000000656873453e-05, ""val_mae12"": 0.8704056739807129, ""val_me"": -0.35782546620090194, ""val_me12"": 0.18048312100373506, ""mape_2021"": 4.687254905700684, ""mae_2021"": 0.7287436127662659, ""mae12_2021"": 1.1490463018417358, ""me_2021"": 0.02445068542155979, ""me12_2021"": -0.020509477584942155, ""epochs_trained"": 962}",2026-07-03T10:59:45.943569,completed
2,MAPE,96,3,leaky_relu,2,16,0.0,45.926490783691406,9.077461242675781,12.832558631896973,7.051980216404696,12.939325392521669,45.926490783691406,10.277389526367188,15.142627716064453,8.200872144356259,15.240205786000308,64.674072265625,"{""loss"": 46.204673767089844, ""mape"": 46.204673767089844, ""mae"": 9.742782592773438, ""val_loss"": 45.926490783691406, ""val_mape"": 45.926490783691406, ""val_mae"": 9.077461242675781, ""lr"": 0.00010000000474974513, ""val_mae12"": 12.832558631896973, ""val_me"": 7.051980216404696, ""val_me12"": 12.939325392521669, ""mape_2021"": 64.674072265625, ""mae_2021"": 10.277389526367188, ""mae12_2021"": 15.142627716064453, ""me_2021"": 8.200872144356259, ""me12_2021"": 15.240205786000308, ""epochs_trained"": 165}",2026-07-03T10:59:53.224060,completed
2,MAPE,96,3,leaky_relu,1,256,0.0,4.2628397941589355,0.8735185861587524,1.2299020290374756,-0.15899552937930692,0.7697133531262029,4.2628397941589355,0.9553148746490479,1.1344867944717407,0.2776982180097452,-0.5639442092472154,5.3809027671813965,"{""loss"": 4.231093406677246, ""mape"": 4.231093406677246, ""mae"": 0.9178258776664734, ""val_loss"": 4.2628397941589355, ""val_mape"": 4.2628397941589355, ""val_mae"": 0.8735185861587524, ""lr"": 1.0000000656873453e-05, ""val_mae12"": 1.2299020290374756, ""val_me"": -0.15899552937930692, ""val_me12"": 0.7697133531262029, ""mape_2021"": 5.3809027671813965, ""mae_2021"": 0.9553148746490479, ""mae12_2021"": 1.1344867944717407, ""me_2021"": 0.2776982180097452, ""me12_2021"": -0.5639442092472154, ""epochs_trained"": 1331}",2026-07-03T11:00:20.438636,completed
2,MAPE,96,3,leaky_relu,1,128,0.0,4.2408366203308105,0.8773312568664551,1.2050997018814087,-0.16359354062224296,0.7199127274646786,4.2408366203308105,0.9839289784431458,1.119983434677124,0.2929837788983058,-0.5381968921162966,5.589620113372803,"{""loss"": 4.223214149475098, ""mape"": 4.223214149475098, ""mae"": 0.9297586679458618, ""val_loss"": 4.2408366203308105, ""val_mape"": 4.2408366203308105, ""val_mae"": 0.8773312568664551, ""lr"": 1.0000000656873453e-05, ""val_mae12"": 1.2050997018814087, ""val_me"": -0.16359354062224296, ""val_me12"": 0.7199127274646786, ""mape_2021"": 5.589620113372803, ""mae_2021"": 0.9839289784431458, ""mae12_2021"": 1.119983434677124, ""me_2021"": 0.2929837788983058, ""me12_2021"": -0.5381968921162966, ""epochs_trained"": 1508}",2026-07-03T11:00:34.629461,completed
2,MAPE,96,3,leaky_relu,2,16,0.3,47.74424362182617,9.5834379196167,8.769919395446777,8.022456619599051,8.436464381202624,47.74424362182617,10.719600677490234,10.380012512207031,9.355627589646408,10.168059171607709,62.25993347167969,"{""loss"": 57.08526611328125, ""mape"": 57.08526611328125, ""mae"": 12.65873908996582, ""val_loss"": 47.74424362182617, ""val_mape"": 47.74424362182617, ""val_mae"": 9.5834379196167, ""lr"": 0.00010000000474974513, ""val_mae12"": 8.769919395446777, ""val_me"": 8.022456619599051, ""val_me12"": 8.436464381202624, ""mape_2021"": 62.25993347167969, ""mae_2021"": 10.719600677490234, ""mae12_2021"": 10.380012512207031, ""me_2021"": 9.355627589646408, ""me12_2021"": 10.168059171607709, ""epochs_trained"": 106}",2026-07-03T11:00:36.816767,completed
2,MAPE,96,3,leaky_relu,1,256,0.1,3.554729461669922,0.7085131406784058,0.8389958739280701,-0.32595338518180067,0.39143941730423537,3.554729461669922,0.7465752959251404,1.1751492023468018,0.027656626166388795,-0.47328651939712807,4.729237079620361,"{""loss"": 4.821514129638672, ""mape"": 4.821514129638672, ""mae"": 0.9989376664161682, ""val_loss"": 3.554729461669922, ""val_mape"": 3.554729461669922, ""val_mae"": 0.7085131406784058, ""lr"": 0.00010000000474974513, ""val_mae12"": 0.8389958739280701, ""val_me"": -0.32595338518180067, ""val_me12"": 0.39143941730423537, ""mape_2021"": 4.729237079620361, ""mae_2021"": 0.7465752959251404, ""mae12_2021"": 1.1751492023468018, ""me_2021"": 0.027656626166388795, ""me12_2021"": -0.47328651939712807, ""epochs_trained"": 757}",2026-07-03T11:00:37.915369,completed
2,MAPE,96,3,leaky_relu,1,256,0.3,3.946568250656128,0.774803102016449,0.9676434397697449,-0.37345174084870714,0.3947515030064027,3.946568250656128,0.7974168658256531,1.216331124305725,0.029819051225303084,0.2330817226828849,5.328816890716553,"{""loss"": 7.076315402984619, ""mape"": 7.076315402984619, ""mae"": 1.5131268501281738, ""val_loss"": 3.946568250656128, ""val_mape"": 3.946568250656128, ""val_mae"": 0.774803102016449, ""lr"": 1.0000000656873453e-05, ""val_mae12"": 0.9676434397697449, ""val_me"": -0.37345174084870714, ""val_me12"": 0.3947515030064027, ""mape_2021"": 5.328816890716553, ""mae_2021"": 0.7974168658256531, ""mae12_2021"": 1.216331124305725, ""me_2021"": 0.029819051225303084, ""me12_2021"": 0.2330817226828849, ""epochs_trained"": 720}",2026-07-03T11:00:38.065454,completed
2,MAPE,96,3,leaky_relu,2,16,0.1,4.4659600257873535,0.8526532053947449,1.6159628629684448,0.4804541143021674,1.1422974033900186,4.4659600257873535,1.134992241859436,1.502486228942871,0.8722877905508452,0.17583422223015452,6.806992530822754,"{""loss"": 12.165888786315918, ""mape"": 12.165888786315918, ""mae"": 2.77323579788208, ""val_loss"": 4.4659600257873535, ""val_mape"": 4.4659600257873535, ""val_mae"": 0.8526532053947449, ""lr"": 0.00010000000474974513, ""val_mae12"": 1.6159628629684448, ""val_me"": 0.4804541143021674, ""val_me12"": 1.1422974033900186, ""mape_2021"": 6.806992530822754, ""mae_2021"": 1.134992241859436, ""mae12_2021"": 1.502486228942871, ""me_2021"": 0.8722877905508452, ""me12_2021"": 0.17583422223015452, ""epochs_trained"": 890}",2026-07-03T11:00:52.523034,completed
2,MAPE,96,3,leaky_relu,2,16,0.05,3.6321864128112793,0.6941205859184265,1.0345557928085327,0.24550317641419886,0.5789341478659649,3.6321864128112793,0.9306648373603821,0.9936881065368652,0.6642554012905441,-0.14920654039299658,5.558530330657959,"{""loss"": 9.039385795593262, ""mape"": 9.039385795593262, ""mae"": 2.0373175144195557, ""val_loss"": 3.6321864128112793, ""val_mape"": 3.6321864128112793, ""val_mae"": 0.6941205859184265, ""lr"": 1.0000000656873453e-05, ""val_mae12"": 1.0345557928085327, ""val_me"": 0.24550317641419886, ""val_me12"": 0.5789341478659649, ""mape_2021"": 5.558530330657959, ""mae_2021"": 0.9306648373603821, ""mae12_2021"": 0.9936881065368652, ""me_2021"": 0.6642554012905441, ""me12_2021"": -0.14920654039299658, ""epochs_trained"": 1069}",2026-07-03T11:00:55.569379,completed
2,MAPE,96,3,leaky_relu,2,32,0.3,4.7734832763671875,0.8510172367095947,2.0017998218536377,0.33538663950852804,1.6749608281997925,4.7734832763671875,1.0943630933761597,1.2560184001922607,0.8044357805442938,0.27367347918567225,6.306693077087402,"{""loss"": 15.157419204711914, ""mape"": 15.157419204711914, ""mae"": 3.5307302474975586, ""val_loss"": 4.7734832763671875, ""val_mape"": 4.7734832763671875, ""val_mae"": 0.8510172367095947, ""lr"": 1.0000000656873453e-05, ""val_mae12"": 2.0017998218536377, ""val_me"": 0.33538663950852804, ""val_me12"": 1.6749608281997925, ""mape_2021"": 6.306693077087402, ""mae_2021"": 1.0943630933761597, ""mae12_2021"": 1.2560184001922607, ""me_2021"": 0.8044357805442938, ""me12_2021"": 0.27367347918567225, ""epochs_trained"": 688}",2026-07-03T11:01:49.361809,completed
2,MAPE,96,3,leaky_relu,2,64,0.05,3.794426918029785,0.713731586933136,1.71364426612854,-0.2174812995250287,1.3845127319748602,3.794426918029785,0.7176951169967651,1.0308890342712402,0.12391434839793541,0.2540767896324997,4.29610013961792,"{""loss"": 5.881229877471924, ""mape"": 5.881229877471924, ""mae"": 1.2493889331817627, ""val_loss"": 3.794426918029785, ""val_mape"": 3.794426918029785, ""val_mae"": 0.713731586933136, ""lr"": 9.999999747378752e-06, ""val_mae12"": 1.71364426612854, ""val_me"": -0.2174812995250287, ""val_me12"": 1.3845127319748602, ""mape_2021"": 4.29610013961792, ""mae_2021"": 0.7176951169967651, ""mae12_2021"": 1.0308890342712402, ""me_2021"": 0.12391434839793541, ""me12_2021"": 0.2540767896324997, ""epochs_trained"": 731}",2026-07-03T11:01:52.503939,completed
2,MAPE,96,3,leaky_relu,2,32,0.1,3.6592297554016113,0.6932721138000488,1.6700749397277832,0.008613213822245655,1.3868117398209483,3.6592297554016113,0.8094515204429626,1.0288689136505127,0.4234795179213412,-0.18142898968959906,4.680023670196533,"{""loss"": 9.080971717834473, ""mape"": 9.080971717834473, ""mae"": 2.063614845275879, ""val_loss"": 3.6592297554016113, ""val_mape"": 3.6592297554016113, ""val_mae"": 0.6932721138000488, ""lr"": 1.0000000656873453e-05, ""val_mae12"": 1.6700749397277832, ""val_me"": 0.008613213822245655, ""val_me12"": 1.3868117398209483, ""mape_2021"": 4.680023670196533, ""mae_2021"": 0.8094515204429626, ""mae12_2021"": 1.0288689136505127, ""me_2021"": 0.4234795179213412, ""me12_2021"": -0.18142898968959906, ""epochs_trained"": 773}",2026-07-03T11:01:54.244935,completed
2,MAPE,96,3,leaky_relu,2,32,0.05,3.742201805114746,0.7036617398262024,1.5214368104934692,-0.11789117372948206,1.183719246158928,3.742201805114746,0.7443993091583252,0.9467549920082092,0.28184407056910166,-0.028189721293963268,4.45736837387085,"{""loss"": 6.995145320892334, ""mape"": 6.995145320892334, ""mae"": 1.5381524562835693, ""val_loss"": 3.742201805114746, ""val_mape"": 3.742201805114746, ""val_mae"": 0.7036617398262024, ""lr"": 1.0000000656873453e-05, ""val_mae12"": 1.5214368104934692, ""val_me"": -0.11789117372948206, ""val_me12"": 1.183719246158928, ""mape_2021"": 4.45736837387085, ""mae_2021"": 0.7443993091583252, ""mae12_2021"": 0.9467549920082092, ""me_2021"": 0.28184407056910166, ""me12_2021"": -0.028189721293963268, ""epochs_trained"": 838}",2026-07-03T11:01:57.737397,completed
2,MAPE,96,3,leaky_relu,2,64,0.0,3.7604973316192627,0.7267587184906006,1.1742123365402222,-0.33893351441791014,0.7497290230225535,3.7604973316192627,0.7439238429069519,0.8001276850700378,0.011772712917796795,-0.19707411153470542,4.195860862731934,"{""loss"": 3.4424078464508057, ""mape"": 3.4424078464508057, ""mae"": 0.6930017471313477, ""val_loss"": 3.7604973316192627, ""val_mape"": 3.7604973316192627, ""val_mae"": 0.7267587184906006, ""lr"": 0.00010000000474974513, ""val_mae12"": 1.1742123365402222, ""val_me"": -0.33893351441791014, ""val_me12"": 0.7497290230225535, ""mape_2021"": 4.195860862731934, ""mae_2021"": 0.7439238429069519, ""mae12_2021"": 0.8001276850700378, ""me_2021"": 0.011772712917796795, ""me12_2021"": -0.19707411153470542, ""epochs_trained"": 942}",2026-07-03T11:02:04.226958,completed
2,MAPE,96,3,leaky_relu,2,32,0.0,4.1487836837768555,0.8111699819564819,1.3014733791351318,-0.3830287844921606,0.9163484321708396,4.1487836837768555,0.8390038013458252,0.8910565972328186,-0.04546487531607202,-0.18141192378980756,4.772878646850586,"{""loss"": 3.5671331882476807, ""mape"": 3.5671331882476807, ""mae"": 0.7257350087165833, ""val_loss"": 4.1487836837768555, ""val_mape"": 4.1487836837768555, ""val_mae"": 0.8111699819564819, ""lr"": 1.0000000656873453e-05, ""val_mae12"": 1.3014733791351318, ""val_me"": -0.3830287844921606, ""val_me12"": 0.9163484321708396, ""mape_2021"": 4.772878646850586, ""mae_2021"": 0.8390038013458252, ""mae12_2021"": 0.8910565972328186, ""me_2021"": -0.04546487531607202, ""me12_2021"": -0.18141192378980756, ""epochs_trained"": 1173}",2026-07-03T11:02:24.934485,completed
2,MAPE,96,3,leaky_relu,2,64,0.1,3.6138064861297607,0.687261700630188,1.6576664447784424,-0.13724668901073137,1.373636195120946,3.6138064861297607,0.7424604296684265,1.1223740577697754,0.24211941739275483,0.03702574145579164,4.302536964416504,"{""loss"": 7.10875129699707, ""mape"": 7.10875129699707, ""mae"": 1.5570186376571655, ""val_loss"": 3.6138064861297607, ""val_mape"": 3.6138064861297607, ""val_mae"": 0.687261700630188, ""lr"": 1.0000000656873453e-05, ""val_mae12"": 1.6576664447784424, ""val_me"": -0.13724668901073137, ""val_me12"": 1.373636195120946, ""mape_2021"": 4.302536964416504, ""mae_2021"": 0.7424604296684265, ""mae12_2021"": 1.1223740577697754, ""me_2021"": 0.24211941739275483, ""me12_2021"": 0.03702574145579164, ""epochs_trained"": 631}",2026-07-03T11:02:56.350684,completed
2,MAPE,96,3,leaky_relu,2,128,0.05,4.045156002044678,0.7701943516731262,2.0053231716156006,-0.2178371446892027,1.76455699213557,4.045156002044678,0.7782794833183289,1.3493376970291138,0.08620025413852649,0.4771670600286838,4.701772689819336,"{""loss"": 5.328736782073975, ""mape"": 5.328736782073975, ""mae"": 1.09908127784729, ""val_loss"": 4.045156002044678, ""val_mape"": 4.045156002044678, ""val_mae"": 0.7701943516731262, ""lr"": 1.0000000656873453e-05, ""val_mae12"": 2.0053231716156006, ""val_me"": -0.2178371446892027, ""val_me12"": 1.76455699213557, ""mape_2021"": 4.701772689819336, ""mae_2021"": 0.7782794833183289, ""mae12_2021"": 1.3493376970291138, ""me_2021"": 0.08620025413852649, ""me12_2021"": 0.4771670600286838, ""epochs_trained"": 499}",2026-07-03T11:02:57.126480,completed
2,MAPE,96,3,leaky_relu,2,128,0.1,4.0597991943359375,0.757746696472168,2.1038472652435303,-0.19374933646787176,1.86622087721338,4.0597991943359375,0.7643405795097351,1.456727385520935,0.13338134660094134,0.3411048054168671,4.635820388793945,"{""loss"": 6.017247200012207, ""mape"": 6.017247200012207, ""mae"": 1.2750307321548462, ""val_loss"": 4.0597991943359375, ""val_mape"": 4.0597991943359375, ""val_mae"": 0.757746696472168, ""lr"": 1.0000000656873453e-05, ""val_mae12"": 2.1038472652435303, ""val_me"": -0.19374933646787176, ""val_me12"": 1.86622087721338, ""mape_2021"": 4.635820388793945, ""mae_2021"": 0.7643405795097351, ""mae12_2021"": 1.456727385520935, ""me_2021"": 0.13338134660094134, ""me12_2021"": 0.3411048054168671, ""epochs_trained"": 509}",2026-07-03T11:03:03.903623,completed
2,MAPE,96,3,leaky_relu,2,128,0.0,3.832850933074951,0.7537986040115356,1.4139066934585571,-0.3413207437470211,1.0467361306603156,3.832850933074951,0.7641925811767578,0.925096869468689,0.007455681232320064,-0.07421943188425079,4.359776496887207,"{""loss"": 3.4544918537139893, ""mape"": 3.4544918537139893, ""mae"": 0.7131794095039368, ""val_loss"": 3.832850933074951, ""val_mape"": 3.832850933074951, ""val_mae"": 0.7537986040115356, ""lr"": 1.0000000656873453e-05, ""val_mae12"": 1.4139066934585571, ""val_me"": -0.3413207437470211, ""val_me12"": 1.0467361306603156, ""mape_2021"": 4.359776496887207, ""mae_2021"": 0.7641925811767578, ""mae12_2021"": 0.925096869468689, ""me_2021"": 0.007455681232320064, ""me12_2021"": -0.07421943188425079, ""epochs_trained"": 670}",2026-07-03T11:03:04.206622,completed
2,MAPE,96,3,leaky_relu,2,64,0.3,3.7664554119110107,0.692690908908844,1.8096362352371216,-0.09136709310031822,1.6188656574188973,3.7664554119110107,0.7463712096214294,1.0041049718856812,0.36437232536012365,-0.07561871073195843,4.557790756225586,"{""loss"": 10.25765323638916, ""mape"": 10.25765323638916, ""mae"": 2.3537392616271973, ""val_loss"": 3.7664554119110107, ""val_mape"": 3.7664554119110107, ""val_mae"": 0.692690908908844, ""lr"": 1.0000000656873453e-05, ""val_mae12"": 1.8096362352371216, ""val_me"": -0.09136709310031822, ""val_me12"": 1.6188656574188973, ""mape_2021"": 4.557790756225586, ""mae_2021"": 0.7463712096214294, ""mae12_2021"": 1.0041049718856812, ""me_2021"": 0.36437232536012365, ""me12_2021"": -0.07561871073195843, ""epochs_trained"": 788}",2026-07-03T11:03:08.536044,completed
2,MAPE,96,3,leaky_relu,2,128,0.3,4.264684677124023,0.8181848526000977,2.421506643295288,-0.10498919186520272,2.344017509313307,4.264684677124023,0.8277040123939514,1.1968857049942017,0.2819494163423284,0.5958399951828348,4.777301788330078,"{""loss"": 8.780902862548828, ""mape"": 8.780902862548828, ""mae"": 1.9628266096115112, ""val_loss"": 4.264684677124023, ""val_mape"": 4.264684677124023, ""val_mae"": 0.8181848526000977, ""lr"": 0.00010000000474974513, ""val_mae12"": 2.421506643295288, ""val_me"": -0.10498919186520272, ""val_me12"": 2.344017509313307, ""mape_2021"": 4.777301788330078, ""mae_2021"": 0.8277040123939514, ""mae12_2021"": 1.1968857049942017, ""me_2021"": 0.2819494163423284, ""me12_2021"": 0.5958399951828348, ""epochs_trained"": 507}",2026-07-03T11:03:13.506234,completed
2,MAPE,96,3,leaky_relu,2,256,0.0,4.193246841430664,0.8110078573226929,1.7782013416290283,-0.32834359902224647,1.5343532279101608,4.193246841430664,0.8459656238555908,1.181585431098938,-0.02594102849946683,0.5064367419617093,4.8735785484313965,"{""loss"": 3.737450361251831, ""mape"": 3.737450361251831, ""mae"": 0.7668439745903015, ""val_loss"": 4.193246841430664, ""val_mape"": 4.193246841430664, ""val_mae"": 0.8110078573226929, ""lr"": 1.0000000656873453e-05, ""val_mae12"": 1.7782013416290283, ""val_me"": -0.32834359902224647, ""val_me12"": 1.5343532279101608, ""mape_2021"": 4.8735785484313965, ""mae_2021"": 0.8459656238555908, ""mae12_2021"": 1.181585431098938, ""me_2021"": -0.02594102849946683, ""me12_2021"": 0.5064367419617093, ""epochs_trained"": 431}",2026-07-03T11:04:49.780618,completed
2,MAPE,96,3,leaky_relu,2,256,0.3,4.01943826675415,0.7640804648399353,1.916165828704834,-0.18484105634027512,1.6865888075946587,4.01943826675415,0.7755565643310547,1.459633469581604,0.1939290020709048,0.015910283678719824,4.716182231903076,"{""loss"": 7.080600738525391, ""mape"": 7.080600738525391, ""mae"": 1.5433107614517212, ""val_loss"": 4.01943826675415, ""val_mape"": 4.01943826675415, ""val_mae"": 0.7640804648399353, ""lr"": 1.0000000656873453e-05, ""val_mae12"": 1.916165828704834, ""val_me"": -0.18484105634027512, ""val_me12"": 1.6865888075946587, ""mape_2021"": 4.716182231903076, ""mae_2021"": 0.7755565643310547, ""mae12_2021"": 1.459633469581604, ""me_2021"": 0.1939290020709048, ""me12_2021"": 0.015910283678719824, ""epochs_trained"": 435}",2026-07-03T11:04:52.328025,completed
2,MAPE,96,3,leaky_relu,2,256,0.05,3.691159963607788,0.7055110335350037,1.7164572477340698,-0.2662799749184926,1.4983384306684535,3.691159963607788,0.7197580337524414,1.2126731872558594,0.042336154392604776,0.21988871295121476,4.292034149169922,"{""loss"": 4.427917003631592, ""mape"": 4.427917003631592, ""mae"": 0.9030751585960388, ""val_loss"": 3.691159963607788, ""val_mape"": 3.691159963607788, ""val_mae"": 0.7055110335350037, ""lr"": 1.0000000656873453e-05, ""val_mae12"": 1.7164572477340698, ""val_me"": -0.2662799749184926, ""val_me12"": 1.4983384306684535, ""mape_2021"": 4.292034149169922, ""mae_2021"": 0.7197580337524414, ""mae12_2021"": 1.2126731872558594, ""me_2021"": 0.042336154392604776, ""me12_2021"": 0.21988871295121476, ""epochs_trained"": 450}",2026-07-03T11:04:52.904127,completed
2,MAPE,96,3,leaky_relu,2,256,0.1,3.7587168216705322,0.7170246839523315,1.6877423524856567,-0.23488984101387433,1.3956970139094278,3.7587168216705322,0.73428875207901,1.3936704397201538,0.08156688999802185,0.0813455084778142,4.458695888519287,"{""loss"": 5.105655193328857, ""mape"": 5.105655193328857, ""mae"": 1.0648767948150635, ""val_loss"": 3.7587168216705322, ""val_mape"": 3.7587168216705322, ""val_mae"": 0.7170246839523315, ""lr"": 1.0000000656873453e-05, ""val_mae12"": 1.6877423524856567, ""val_me"": -0.23488984101387433, ""val_me12"": 1.3956970139094278, ""mape_2021"": 4.458695888519287, ""mae_2021"": 0.73428875207901, ""mae12_2021"": 1.3936704397201538, ""me_2021"": 0.08156688999802185, ""me12_2021"": 0.0813455084778142, ""epochs_trained"": 471}",2026-07-03T11:04:54.137114,completed
2,MAPE,96,3,leaky_relu,3,16,0.3,50.41977310180664,10.481348991394043,6.4254536628723145,9.313423917501861,5.493002495905422,50.41977310180664,11.33315658569336,7.451014995574951,10.56001476562587,6.678811193874096,61.19073486328125,"{""loss"": 59.70360565185547, ""mape"": 59.70360565185547, ""mae"": 13.585058212280273, ""val_loss"": 50.41977310180664, ""val_mape"": 50.41977310180664, ""val_mae"": 10.481348991394043, ""lr"": 0.00010000000474974513, ""val_mae12"": 6.4254536628723145, ""val_me"": 9.313423917501861, ""val_me12"": 5.493002495905422, ""mape_2021"": 61.19073486328125, ""mae_2021"": 11.33315658569336, ""mae12_2021"": 7.451014995574951, ""me_2021"": 10.56001476562587, ""me12_2021"": 6.678811193874096, ""epochs_trained"": 111}",2026-07-03T11:05:02.329003,completed
2,MAPE,96,3,leaky_relu,3,32,0.05,44.5391731262207,8.910164833068848,11.589762687683105,6.636271621094034,11.50942915414812,44.5391731262207,10.13318157196045,13.388830184936523,7.969885002692437,13.324340618576777,61.54027557373047,"{""loss"": 46.384063720703125, ""mape"": 46.384063720703125, ""mae"": 10.027997970581055, ""val_loss"": 44.5391731262207, ""val_mape"": 44.5391731262207, ""val_mae"": 8.910164833068848, ""lr"": 0.00010000000474974513, ""val_mae12"": 11.589762687683105, ""val_me"": 6.636271621094034, ""val_me12"": 11.50942915414812, ""mape_2021"": 61.54027557373047, ""mae_2021"": 10.13318157196045, ""mae12_2021"": 13.388830184936523, ""me_2021"": 7.969885002692437, ""me12_2021"": 13.324340618576777, ""epochs_trained"": 85}",2026-07-03T11:05:03.182523,completed
2,MAPE,96,3,leaky_relu,3,16,0.05,3.682307481765747,0.7034444212913513,1.6178278923034668,0.17560873742118166,1.3397508508637463,3.682307481765747,0.882267415523529,1.0531601905822754,0.6060113384267753,-0.17917519257735937,5.129554271697998,"{""loss"": 9.441902160644531, ""mape"": 9.441902160644531, ""mae"": 2.1515936851501465, ""val_loss"": 3.682307481765747, ""val_mape"": 3.682307481765747, ""val_mae"": 0.7034444212913513, ""lr"": 0.00010000000474974513, ""val_mae12"": 1.6178278923034668, ""val_me"": 0.17560873742118166, ""val_me12"": 1.3397508508637463, ""mape_2021"": 5.129554271697998, ""mae_2021"": 0.882267415523529, ""mae12_2021"": 1.0531601905822754, ""me_2021"": 0.6060113384267753, ""me12_2021"": -0.17917519257735937, ""epochs_trained"": 712}",2026-07-03T11:05:03.452522,completed
2,MAPE,96,3,leaky_relu,3,32,0.3,47.177303314208984,9.593942642211914,7.858973503112793,7.816111683200009,7.44387933275969,47.177303314208984,10.547130584716797,9.141996383666992,9.21039216017888,8.774067827102822,59.78606414794922,"{""loss"": 53.90639114379883, ""mape"": 53.90639114379883, ""mae"": 12.053593635559082, ""val_loss"": 47.177303314208984, ""val_mape"": 47.177303314208984, ""val_mae"": 9.593942642211914, ""lr"": 0.00010000000474974513, ""val_mae12"": 7.858973503112793, ""val_me"": 7.816111683200009, ""val_me12"": 7.44387933275969, ""mape_2021"": 59.78606414794922, ""mae_2021"": 10.547130584716797, ""mae12_2021"": 9.141996383666992, ""me_2021"": 9.21039216017888, ""me12_2021"": 8.774067827102822, ""epochs_trained"": 81}",2026-07-03T11:05:11.709565,completed
2,MAPE,96,3,leaky_relu,3,32,0.1,3.7456719875335693,0.6916730403900146,1.7055472135543823,-0.0739801857447112,1.4948107874337044,3.7456719875335693,0.8021082282066345,1.2518744468688965,0.3497227410112046,0.46465149326849253,5.094418048858643,"{""loss"": 9.423099517822266, ""mape"": 9.423099517822266, ""mae"": 2.145524024963379, ""val_loss"": 3.7456719875335693, ""val_mape"": 3.7456719875335693, ""val_mae"": 0.6916730403900146, ""lr"": 0.00010000000474974513, ""val_mae12"": 1.7055472135543823, ""val_me"": -0.0739801857447112, ""val_me12"": 1.4948107874337044, ""mape_2021"": 5.094418048858643, ""mae_2021"": 0.8021082282066345, ""mae12_2021"": 1.2518744468688965, ""me_2021"": 0.3497227410112046, ""me12_2021"": 0.46465149326849253, ""epochs_trained"": 511}",2026-07-03T11:05:29.609238,completed
2,MAPE,96,3,leaky_relu,3,32,0.0,4.025967121124268,0.7883417010307312,1.51962149143219,-0.3655297738365272,0.9220754594184313,4.025967121124268,0.7372286915779114,0.8857412338256836,0.046021918686695786,0.07834374592376468,4.423793792724609,"{""loss"": 3.4470467567443848, ""mape"": 3.4470467567443848, ""mae"": 0.6980563402175903, ""val_loss"": 4.025967121124268, ""val_mape"": 4.025967121124268, ""val_mae"": 0.7883417010307312, ""lr"": 0.00010000000474974513, ""val_mae12"": 1.51962149143219, ""val_me"": -0.3655297738365272, ""val_me12"": 0.9220754594184313, ""mape_2021"": 4.423793792724609, ""mae_2021"": 0.7372286915779114, ""mae12_2021"": 0.8857412338256836, ""me_2021"": 0.046021918686695786, ""me12_2021"": 0.07834374592376468, ""epochs_trained"": 841}",2026-07-03T11:05:33.560272,completed
2,MAPE,96,3,leaky_relu,3,16,0.1,11.796411514282227,2.188389539718628,4.190319538116455,1.1969126532500607,3.335700980806912,11.796411514282227,2.4404780864715576,3.3533613681793213,1.4981303121330223,1.8029465782791978,15.069655418395996,"{""loss"": 18.304443359375, ""mape"": 18.304443359375, ""mae"": 4.049083232879639, ""val_loss"": 11.796411514282227, ""val_mape"": 11.796411514282227, ""val_mae"": 2.188389539718628, ""lr"": 9.999999747378752e-06, ""val_mae12"": 4.190319538116455, ""val_me"": 1.1969126532500607, ""val_me12"": 3.335700980806912, ""mape_2021"": 15.069655418395996, ""mae_2021"": 2.4404780864715576, ""mae12_2021"": 3.3533613681793213, ""me_2021"": 1.4981303121330223, ""me12_2021"": 1.8029465782791978, ""epochs_trained"": 2445}",2026-07-03T11:06:25.524878,completed
2,MAPE,96,3,leaky_relu,3,16,0.0,4.210973739624023,0.8326703310012817,1.4862377643585205,-0.346428665406142,1.104652627487666,4.210973739624023,0.8903560638427734,0.9051762223243713,0.019479622798061015,-0.2256643085197669,4.945111274719238,"{""loss"": 3.8507070541381836, ""mape"": 3.8507070541381836, ""mae"": 0.7811033129692078, ""val_loss"": 4.210973739624023, ""val_mape"": 4.210973739624023, ""val_mae"": 0.8326703310012817, ""lr"": 9.999999747378752e-06, ""val_mae12"": 1.4862377643585205, ""val_me"": -0.346428665406142, ""val_me12"": 1.104652627487666, ""mape_2021"": 4.945111274719238, ""mae_2021"": 0.8903560638427734, ""mae12_2021"": 0.9051762223243713, ""me_2021"": 0.019479622798061015, ""me12_2021"": -0.2256643085197669, ""epochs_trained"": 3692}",2026-07-03T11:06:46.029861,completed
3,MAPE,96,3,relu,3,16,0.05,45.692298889160156,9.209726333618164,10.867077827453613,7.208574755034191,10.700839715066168,45.692298889160156,10.295622825622559,12.666321754455566,8.509392206531158,12.501429258931076,61.933250427246094,"{""loss"": 48.483455657958984, ""mape"": 48.483455657958984, ""mae"": 10.647882461547852, ""val_loss"": 45.692298889160156, ""val_mape"": 45.692298889160156, ""val_mae"": 9.209726333618164, ""lr"": 0.00010000000474974513, ""val_mae12"": 10.867077827453613, ""val_me"": 7.208574755034191, ""val_me12"": 10.700839715066168, ""mape_2021"": 61.933250427246094, ""mae_2021"": 10.295622825622559, ""mae12_2021"": 12.666321754455566, ""me_2021"": 8.509392206531158, ""me12_2021"": 12.501429258931076, ""epochs_trained"": 79}",2026-07-03T11:07:17.761678,completed
3,MAPE,96,3,relu,3,16,0.0,44.04751968383789,8.971819877624512,10.660767555236816,6.491838569553674,10.542151700950425,44.04751968383789,10.008149147033691,12.063923835754395,7.855348847220236,11.917499583334344,59.04521942138672,"{""loss"": 43.91460418701172, ""mape"": 43.91460418701172, ""mae"": 9.553966522216797, ""val_loss"": 44.04751968383789, ""val_mape"": 44.04751968383789, ""val_mae"": 8.971819877624512, ""lr"": 0.00010000000474974513, ""val_mae12"": 10.660767555236816, ""val_me"": 6.491838569553674, ""val_me12"": 10.542151700950425, ""mape_2021"": 59.04521942138672, ""mae_2021"": 10.008149147033691, ""mae12_2021"": 12.063923835754395, ""me_2021"": 7.855348847220236, ""me12_2021"": 11.917499583334344, ""epochs_trained"": 86}",2026-07-03T11:07:17.860194,completed
3,MAPE,96,3,relu,2,256,0.0,7.76831579208374,1.3755924701690674,3.2711901664733887,-0.03256404624716993,2.9024379042921797,7.76831579208374,1.521099328994751,3.0016629695892334,0.19860847911499932,1.9151896988722512,9.65218734741211,"{""loss"": 7.4038519859313965, ""mape"": 7.4038519859313965, ""mae"": 1.4432100057601929, ""val_loss"": 7.76831579208374, ""val_mape"": 7.76831579208374, ""val_mae"": 1.3755924701690674, ""lr"": 0.00010000000474974513, ""val_mae12"": 3.2711901664733887, ""val_me"": -0.03256404624716993, ""val_me12"": 2.9024379042921797, ""mape_2021"": 9.65218734741211, ""mae_2021"": 1.521099328994751, ""mae12_2021"": 3.0016629695892334, ""me_2021"": 0.19860847911499932, ""me12_2021"": 1.9151896988722512, ""epochs_trained"": 260}",2026-07-03T11:07:48.653704,completed
3,MAPE,96,3,relu,3,16,0.3,45.87417984008789,9.578620910644531,6.658309459686279,8.832181314428992,5.213006643535818,45.87417984008789,10.847334861755371,6.963863372802734,10.088517168013754,5.376760996308099,56.16327667236328,"{""loss"": 56.17604446411133, ""mape"": 56.17604446411133, ""mae"": 13.005828857421875, ""val_loss"": 45.87417984008789, ""val_mape"": 45.87417984008789, ""val_mae"": 9.578620910644531, ""lr"": 0.00010000000474974513, ""val_mae12"": 6.658309459686279, ""val_me"": 8.832181314428992, ""val_me12"": 5.213006643535818, ""mape_2021"": 56.16327667236328, ""mae_2021"": 10.847334861755371, ""mae12_2021"": 6.963863372802734, ""me_2021"": 10.088517168013754, ""me12_2021"": 5.376760996308099, ""epochs_trained"": 129}",2026-07-03T11:07:56.828065,completed
3,MAPE,96,3,relu,2,256,0.1,4.107113361358643,0.7345456480979919,2.3595168590545654,-0.24396358547909375,2.1465498449203237,4.107113361358643,0.7973282337188721,1.727670431137085,0.009665164683034876,1.1189246100226538,5.267329216003418,"{""loss"": 5.302079677581787, ""mape"": 5.302079677581787, ""mae"": 1.1199780702590942, ""val_loss"": 4.107113361358643, ""val_mape"": 4.107113361358643, ""val_mae"": 0.7345456480979919, ""lr"": 0.00010000000474974513, ""val_mae12"": 2.3595168590545654, ""val_me"": -0.24396358547909375, ""val_me12"": 2.1465498449203237, ""mape_2021"": 5.267329216003418, ""mae_2021"": 0.7973282337188721, ""mae12_2021"": 1.727670431137085, ""me_2021"": 0.009665164683034876, ""me12_2021"": 1.1189246100226538, ""epochs_trained"": 386}",2026-07-03T11:08:07.183190,completed
3,MAPE,96,3,relu,3,32,0.0,45.87013626098633,9.17360782623291,14.572235107421875,6.24354525655625,14.704273652045881,45.87013626098633,10.116189956665039,16.842708587646484,7.463651484733372,16.964416394888865,65.35549926757812,"{""loss"": 45.519351959228516, ""mape"": 45.519351959228516, ""mae"": 9.740575790405273, ""val_loss"": 45.87013626098633, ""val_mape"": 45.87013626098633, ""val_mae"": 9.17360782623291, ""lr"": 0.00010000000474974513, ""val_mae12"": 14.572235107421875, ""val_me"": 6.24354525655625, ""val_me12"": 14.704273652045881, ""mape_2021"": 65.35549926757812, ""mae_2021"": 10.116189956665039, ""mae12_2021"": 16.842708587646484, ""me_2021"": 7.463651484733372, ""me12_2021"": 16.964416394888865, ""epochs_trained"": 60}",2026-07-03T11:08:08.560223,completed
3,MAPE,96,3,relu,2,256,0.05,4.021899700164795,0.7312927842140198,2.096768856048584,-0.29002310695320993,1.834150921798507,4.021899700164795,0.7398741841316223,1.308485746383667,-0.01908218315697525,0.846415607723433,4.651710033416748,"{""loss"": 4.395712375640869, ""mape"": 4.395712375640869, ""mae"": 0.9120431542396545, ""val_loss"": 4.021899700164795, ""val_mape"": 4.021899700164795, ""val_mae"": 0.7312927842140198, ""lr"": 1.0000000656873453e-05, ""val_mae12"": 2.096768856048584, ""val_me"": -0.29002310695320993, ""val_me12"": 1.834150921798507, ""mape_2021"": 4.651710033416748, ""mae_2021"": 0.7398741841316223, ""mae12_2021"": 1.308485746383667, ""me_2021"": -0.01908218315697525, ""me12_2021"": 0.846415607723433, ""epochs_trained"": 425}",2026-07-03T11:08:09.960766,completed
3,MAPE,96,3,relu,3,32,0.05,44.97726058959961,9.095314979553223,13.207345962524414,6.09381021809772,13.178843596877295,44.97726058959961,10.023305892944336,15.308942794799805,7.418084073651912,15.309856650159928,62.96540069580078,"{""loss"": 45.73067092895508, ""mape"": 45.73067092895508, ""mae"": 9.978870391845703, ""val_loss"": 44.97726058959961, ""val_mape"": 44.97726058959961, ""val_mae"": 9.095314979553223, ""lr"": 0.00010000000474974513, ""val_mae12"": 13.207345962524414, ""val_me"": 6.09381021809772, ""val_me12"": 13.178843596877295, ""mape_2021"": 62.96540069580078, ""mae_2021"": 10.023305892944336, ""mae12_2021"": 15.308942794799805, ""me_2021"": 7.418084073651912, ""me12_2021"": 15.309856650159928, ""epochs_trained"": 59}",2026-07-03T11:08:12.624632,completed
3,MAPE,96,3,relu,3,32,0.3,45.94355392456055,9.266142845153809,9.997865676879883,7.142683875563305,9.770004091984063,45.94355392456055,10.353169441223145,11.713839530944824,8.537085770943841,11.53097225254725,61.57564163208008,"{""loss"": 54.574073791503906, ""mape"": 54.574073791503906, ""mae"": 12.285347938537598, ""val_loss"": 45.94355392456055, ""val_mape"": 45.94355392456055, ""val_mae"": 9.266142845153809, ""lr"": 0.00010000000474974513, ""val_mae12"": 9.997865676879883, ""val_me"": 7.142683875563305, ""val_me12"": 9.770004091984063, ""mape_2021"": 61.57564163208008, ""mae_2021"": 10.353169441223145, ""mae12_2021"": 11.713839530944824, ""me_2021"": 8.537085770943841, ""me12_2021"": 11.53097225254725, ""epochs_trained"": 62}",2026-07-03T11:08:19.921784,completed
3,MAPE,96,3,relu,3,16,0.1,6.242842674255371,1.0816034078598022,2.485950469970703,0.7631222987877393,2.26214571676039,6.242842674255371,1.384372591972351,2.233009099960327,1.0706183732153447,1.9590137570363002,10.190145492553711,"{""loss"": 15.275432586669922, ""mape"": 15.275432586669922, ""mae"": 3.4976956844329834, ""val_loss"": 6.242842674255371, ""val_mape"": 6.242842674255371, ""val_mae"": 1.0816034078598022, ""lr"": 0.00010000000474974513, ""val_mae12"": 2.485950469970703, ""val_me"": 0.7631222987877393, ""val_me12"": 2.26214571676039, ""mape_2021"": 10.190145492553711, ""mae_2021"": 1.384372591972351, ""mae12_2021"": 2.233009099960327, ""me_2021"": 1.0706183732153447, ""me12_2021"": 1.9590137570363002, ""epochs_trained"": 554}",2026-07-03T11:08:29.981418,completed
3,MAPE,96,3,relu,2,256,0.3,14.280330657958984,2.6925806999206543,5.44577169418335,0.5873335009299404,4.329479429570814,14.280330657958984,2.820573329925537,4.143986701965332,0.8207377213468454,2.092529505197157,16.70353126525879,"{""loss"": 14.804264068603516, ""mape"": 14.804264068603516, ""mae"": 3.1092448234558105, ""val_loss"": 14.280330657958984, ""val_mape"": 14.280330657958984, ""val_mae"": 2.6925806999206543, ""lr"": 1.0000000656873453e-05, ""val_mae12"": 5.44577169418335, ""val_me"": 0.5873335009299404, ""val_me12"": 4.329479429570814, ""mape_2021"": 16.70353126525879, ""mae_2021"": 2.820573329925537, ""mae12_2021"": 4.143986701965332, ""me_2021"": 0.8207377213468454, ""me12_2021"": 2.092529505197157, ""epochs_trained"": 886}",2026-07-03T11:08:46.112398,completed
3,MAPE,96,3,relu,3,32,0.1,3.61545991897583,0.6515625715255737,1.5048298835754395,0.14903825974950122,1.2277185507752826,3.61545991897583,0.8455823659896851,1.1393300294876099,0.554111659287818,0.02212778394261387,4.943771839141846,"{""loss"": 10.425471305847168, ""mape"": 10.425471305847168, ""mae"": 2.433370351791382, ""val_loss"": 3.61545991897583, ""val_mape"": 3.61545991897583, ""val_mae"": 0.6515625715255737, ""lr"": 0.00010000000474974513, ""val_mae12"": 1.5048298835754395, ""val_me"": 0.14903825974950122, ""val_me12"": 1.2277185507752826, ""mape_2021"": 4.943771839141846, ""mae_2021"": 0.8455823659896851, ""mae12_2021"": 1.1393300294876099, ""me_2021"": 0.554111659287818, ""me12_2021"": 0.02212778394261387, ""epochs_trained"": 657}",2026-07-03T11:08:50.678182,completed
3,MAPE,96,3,relu,3,128,0.0,5.302935600280762,0.9838941693305969,2.514376163482666,-0.29396898399780486,2.1962714735901248,5.302935600280762,1.053396463394165,2.2114319801330566,-0.08603232483388688,1.5987903337606175,7.100617408752441,"{""loss"": 3.704625129699707, ""mape"": 3.704625129699707, ""mae"": 0.7670229077339172, ""val_loss"": 5.302935600280762, ""val_mape"": 5.302935600280762, ""val_mae"": 0.9838941693305969, ""lr"": 1.0000000656873453e-05, ""val_mae12"": 2.514376163482666, ""val_me"": -0.29396898399780486, ""val_me12"": 2.1962714735901248, ""mape_2021"": 7.100617408752441, ""mae_2021"": 1.053396463394165, ""mae12_2021"": 2.2114319801330566, ""me_2021"": -0.08603232483388688, ""me12_2021"": 1.5987903337606175, ""epochs_trained"": 324}",2026-07-03T11:09:42.493705,completed
3,MAPE,96,3,relu,3,128,0.05,3.958864450454712,0.6943907141685486,1.9298173189163208,-0.04369675469771365,1.5983686648579911,3.958864450454712,0.8374711871147156,1.8858604431152344,0.2395184308240798,1.262902198824126,5.94052791595459,"{""loss"": 4.935534954071045, ""mape"": 4.935534954071045, ""mae"": 1.0767916440963745, ""val_loss"": 3.958864450454712, ""val_mape"": 3.958864450454712, ""val_mae"": 0.6943907141685486, ""lr"": 0.00010000000474974513, ""val_mae12"": 1.9298173189163208, ""val_me"": -0.04369675469771365, ""val_me12"": 1.5983686648579911, ""mape_2021"": 5.94052791595459, ""mae_2021"": 0.8374711871147156, ""mae12_2021"": 1.8858604431152344, ""me_2021"": 0.2395184308240798, ""me12_2021"": 1.262902198824126, ""epochs_trained"": 378}",2026-07-03T11:09:46.197826,completed
3,MAPE,96,3,relu,3,64,0.1,3.6417768001556396,0.6593366861343384,1.5643856525421143,-0.0002884531342393824,0.957233679763843,3.6417768001556396,0.8006246089935303,1.538897156715393,0.35442349384894173,0.591359395929569,5.759737968444824,"{""loss"": 7.356866836547852, ""mape"": 7.356866836547852, ""mae"": 1.6467643976211548, ""val_loss"": 3.6417768001556396, ""val_mape"": 3.6417768001556396, ""val_mae"": 0.6593366861343384, ""lr"": 0.00010000000474974513, ""val_mae12"": 1.5643856525421143, ""val_me"": -0.0002884531342393824, ""val_me12"": 0.957233679763843, ""mape_2021"": 5.759737968444824, ""mae_2021"": 0.8006246089935303, ""mae12_2021"": 1.538897156715393, ""me_2021"": 0.35442349384894173, ""me12_2021"": 0.591359395929569, ""epochs_trained"": 439}",2026-07-03T11:09:50.992187,completed
3,MAPE,96,3,relu,3,64,0.3,4.00750207901001,0.7204692363739014,1.5200175046920776,0.2863276473646046,1.2369169363008077,4.00750207901001,0.9423996806144714,1.158560872077942,0.6717104609606754,0.17516936222000742,5.650538444519043,"{""loss"": 12.751309394836426, ""mape"": 12.751309394836426, ""mae"": 2.9068825244903564, ""val_loss"": 4.00750207901001, ""val_mape"": 4.00750207901001, ""val_mae"": 0.7204692363739014, ""lr"": 0.00010000000474974513, ""val_mae12"": 1.5200175046920776, ""val_me"": 0.2863276473646046, ""val_me12"": 1.2369169363008077, ""mape_2021"": 5.650538444519043, ""mae_2021"": 0.9423996806144714, ""mae12_2021"": 1.158560872077942, ""me_2021"": 0.6717104609606754, ""me12_2021"": 0.17516936222000742, ""epochs_trained"": 436}",2026-07-03T11:09:51.621188,completed
3,MAPE,96,3,relu,3,128,0.3,43.79496765136719,8.877952575683594,15.36052131652832,5.0167370899175046,15.495511510298677,43.79496765136719,9.951275825500488,17.743484497070312,6.399665983695493,17.87907781781262,65.32865142822266,"{""loss"": 45.6413688659668, ""mape"": 45.6413688659668, ""mae"": 9.90576457977295, ""val_loss"": 43.79496765136719, ""val_mape"": 43.79496765136719, ""val_mae"": 8.877952575683594, ""lr"": 0.00010000000474974513, ""val_mae12"": 15.36052131652832, ""val_me"": 5.0167370899175046, ""val_me12"": 15.495511510298677, ""mape_2021"": 65.32865142822266, ""mae_2021"": 9.951275825500488, ""mae12_2021"": 17.743484497070312, ""me_2021"": 6.399665983695493, ""me12_2021"": 17.87907781781262, ""epochs_trained"": 39}",2026-07-03T11:10:00.057525,completed
3,MAPE,96,3,relu,3,64,0.0,4.2834320068359375,0.8166236877441406,1.8155497312545776,-0.3318380829371986,1.4809683879063176,4.2834320068359375,0.8056122064590454,1.2860238552093506,-0.017485943647293105,0.5466146895963333,4.834937572479248,"{""loss"": 3.1237454414367676, ""mape"": 3.1237454414367676, ""mae"": 0.6409550309181213, ""val_loss"": 4.2834320068359375, ""val_mape"": 4.2834320068359375, ""val_mae"": 0.8166236877441406, ""lr"": 1.0000000656873453e-05, ""val_mae12"": 1.8155497312545776, ""val_me"": -0.3318380829371986, ""val_me12"": 1.4809683879063176, ""mape_2021"": 4.834937572479248, ""mae_2021"": 0.8056122064590454, ""mae12_2021"": 1.2860238552093506, ""me_2021"": -0.017485943647293105, ""me12_2021"": 0.5466146895963333, ""epochs_trained"": 545}",2026-07-03T11:10:03.362739,completed
3,MAPE,96,3,relu,3,64,0.05,3.669402599334717,0.6694355010986328,1.7829704284667969,-0.11341366513634811,1.4397870697472916,3.669402599334717,0.7522518038749695,1.530071496963501,0.20256994774229847,0.9284927557834372,5.149880409240723,"{""loss"": 5.663134574890137, ""mape"": 5.663134574890137, ""mae"": 1.2552239894866943, ""val_loss"": 3.669402599334717, ""val_mape"": 3.669402599334717, ""val_mae"": 0.6694355010986328, ""lr"": 1.0000000656873453e-05, ""val_mae12"": 1.7829704284667969, ""val_me"": -0.11341366513634811, ""val_me12"": 1.4397870697472916, ""mape_2021"": 5.149880409240723, ""mae_2021"": 0.7522518038749695, ""mae12_2021"": 1.530071496963501, ""me_2021"": 0.20256994774229847, ""me12_2021"": 0.9284927557834372, ""epochs_trained"": 563}",2026-07-03T11:10:06.766963,completed
3,MAPE,96,3,relu,3,256,0.0,7.117396831512451,1.2272173166275024,3.2412943840026855,0.33024053009462545,2.8374945621027003,7.117396831512451,1.3950878381729126,2.7334892749786377,0.4539582674544459,1.9453821433181615,9.076139450073242,"{""loss"": 4.799965858459473, ""mape"": 4.799965858459473, ""mae"": 0.9438486695289612, ""val_loss"": 7.117396831512451, ""val_mape"": 7.117396831512451, ""val_mae"": 1.2272173166275024, ""lr"": 0.00010000000474974513, ""val_mae12"": 3.2412943840026855, ""val_me"": 0.33024053009462545, ""val_me12"": 2.8374945621027003, ""mape_2021"": 9.076139450073242, ""mae_2021"": 1.3950878381729126, ""mae12_2021"": 2.7334892749786377, ""me_2021"": 0.4539582674544459, ""me12_2021"": 1.9453821433181615, ""epochs_trained"": 211}",2026-07-03T11:10:53.920071,completed
3,MAPE,96,3,relu,3,128,0.1,3.929015636444092,0.6906716823577881,1.95602285861969,0.010689333336959319,1.5610884125486415,3.929015636444092,0.8012902736663818,1.4290045499801636,0.32894203700962127,0.6386936130165551,5.44870662689209,"{""loss"": 6.305244445800781, ""mape"": 6.305244445800781, ""mae"": 1.3907310962677002, ""val_loss"": 3.929015636444092, ""val_mape"": 3.929015636444092, ""val_mae"": 0.6906716823577881, ""lr"": 0.00010000000474974513, ""val_mae12"": 1.95602285861969, ""val_me"": 0.010689333336959319, ""val_me12"": 1.5610884125486415, ""mape_2021"": 5.44870662689209, ""mae_2021"": 0.8012902736663818, ""mae12_2021"": 1.4290045499801636, ""me_2021"": 0.32894203700962127, ""me12_2021"": 0.6386936130165551, ""epochs_trained"": 344}",2026-07-03T11:10:56.038374,completed
3,MAPE,96,3,relu,3,256,0.3,5.290765762329102,1.1304261684417725,1.5725620985031128,0.582190914656881,0.8294905809698828,5.290765762329102,1.1513506174087524,2.0000874996185303,0.8769022043779257,0.26366111606751835,6.9489359855651855,"{""loss"": 8.119394302368164, ""mape"": 8.119394302368164, ""mae"": 1.8202623128890991, ""val_loss"": 5.290765762329102, ""val_mape"": 5.290765762329102, ""val_mae"": 1.1304261684417725, ""lr"": 0.00010000000474974513, ""val_mae12"": 1.5725620985031128, ""val_me"": 0.582190914656881, ""val_me12"": 0.8294905809698828, ""mape_2021"": 6.9489359855651855, ""mae_2021"": 1.1513506174087524, ""mae12_2021"": 2.0000874996185303, ""me_2021"": 0.8769022043779257, ""me12_2021"": 0.26366111606751835, ""epochs_trained"": 233}",2026-07-03T11:11:18.362350,completed
3,MAPE,96,3,relu,3,256,0.05,3.95460844039917,0.6950576901435852,2.0501644611358643,0.027176979637996337,1.5428192225744848,3.95460844039917,0.8526526689529419,1.8348737955093384,0.26716455329092736,1.193313973627217,6.099125385284424,"{""loss"": 4.041501045227051, ""mape"": 4.041501045227051, ""mae"": 0.8796032667160034, ""val_loss"": 3.95460844039917, ""val_mape"": 3.95460844039917, ""val_mae"": 0.6950576901435852, ""lr"": 0.00010000000474974513, ""val_mae12"": 2.0501644611358643, ""val_me"": 0.027176979637996337, ""val_me12"": 1.5428192225744848, ""mape_2021"": 6.099125385284424, ""mae_2021"": 0.8526526689529419, ""mae12_2021"": 1.8348737955093384, ""me_2021"": 0.26716455329092736, ""me12_2021"": 1.193313973627217, ""epochs_trained"": 344}",2026-07-03T11:11:20.308991,completed
3,MAPE,96,3,relu,3,256,0.1,3.7624545097351074,0.6714028120040894,1.9168628454208374,0.008456112627191167,1.4004722783082664,3.7624545097351074,0.8382468223571777,2.0509488582611084,0.2897099166317206,1.127231083792177,6.281940460205078,"{""loss"": 4.70861291885376, ""mape"": 4.70861291885376, ""mae"": 1.0388665199279785, ""val_loss"": 3.7624545097351074, ""val_mape"": 3.7624545097351074, ""val_mae"": 0.6714028120040894, ""lr"": 1.0000000656873453e-05, ""val_mae12"": 1.9168628454208374, ""val_me"": 0.008456112627191167, ""val_me12"": 1.4004722783082664, ""mape_2021"": 6.281940460205078, ""mae_2021"": 0.8382468223571777, ""mae12_2021"": 2.0509488582611084, ""me_2021"": 0.2897099166317206, ""me12_2021"": 1.127231083792177, ""epochs_trained"": 365}",2026-07-03T11:11:26.315613,completed
3,MAPE,96,3,leaky_relu,1,32,0.05,3.8491859436035156,0.747675895690918,1.0918885469436646,-0.06727970670705737,0.2484308324055736,3.8491859436035156,0.8833453059196472,1.0320897102355957,0.40705171754542324,-0.22375670408368725,4.9827880859375,"{""loss"": 6.9175872802734375, ""mape"": 6.9175872802734375, ""mae"": 1.4312931299209595, ""val_loss"": 3.8491859436035156, ""val_mape"": 3.8491859436035156, ""val_mae"": 0.747675895690918, ""lr"": 0.00010000000474974513, ""val_mae12"": 1.0918885469436646, ""val_me"": -0.06727970670705737, ""val_me12"": 0.2484308324055736, ""mape_2021"": 4.9827880859375, ""mae_2021"": 0.8833453059196472, ""mae12_2021"": 1.0320897102355957, ""me_2021"": 0.40705171754542324, ""me12_2021"": -0.22375670408368725, ""epochs_trained"": 1390}",2026-07-03T11:12:37.467688,completed
3,MAPE,96,3,leaky_relu,1,16,0.0,10.64866828918457,2.482865810394287,1.2513530254364014,0.6404048339342173,0.734182377447131,10.64866828918457,3.0458450317382812,1.0421462059020996,2.2524509558869092,-0.6552852447567664,13.377252578735352,"{""loss"": 11.842510223388672, ""mape"": 11.842510223388672, ""mae"": 2.9149160385131836, ""val_loss"": 10.64866828918457, ""val_mape"": 10.64866828918457, ""val_mae"": 2.482865810394287, ""lr"": 1.0000000656873453e-05, ""val_mae12"": 1.2513530254364014, ""val_me"": 0.6404048339342173, ""val_me12"": 0.734182377447131, ""mape_2021"": 13.377252578735352, ""mae_2021"": 3.0458450317382812, ""mae12_2021"": 1.0421462059020996, ""me_2021"": 2.2524509558869092, ""me12_2021"": -0.6552852447567664, ""epochs_trained"": 1602}",2026-07-03T11:12:45.425309,completed
3,MAPE,96,3,leaky_relu,1,16,0.3,3.7863004207611084,0.7911067605018616,0.9290001392364502,0.533382071319173,0.026178355899456753,3.7863004207611084,1.073746919631958,0.9752559661865234,0.9772145422012366,-0.725435939670101,5.593952178955078,"{""loss"": 14.360589981079102, ""mape"": 14.360589981079102, ""mae"": 3.4159252643585205, ""val_loss"": 3.7863004207611084, ""val_mape"": 3.7863004207611084, ""val_mae"": 0.7911067605018616, ""lr"": 0.00010000000474974513, ""val_mae12"": 0.9290001392364502, ""val_me"": 0.533382071319173, ""val_me12"": 0.026178355899456753, ""mape_2021"": 5.593952178955078, ""mae_2021"": 1.073746919631958, ""mae12_2021"": 0.9752559661865234, ""me_2021"": 0.9772145422012366, ""me12_2021"": -0.725435939670101, ""epochs_trained"": 1667}",2026-07-03T11:12:49.544034,completed
3,MAPE,96,3,leaky_relu,1,16,0.1,3.6061532497406006,0.7265804409980774,0.9252589344978333,0.4794292145541639,0.0703535552763151,3.6061532497406006,1.0354191064834595,1.1660407781600952,0.8927966204718359,-0.7342653579639566,5.615261077880859,"{""loss"": 9.188335418701172, ""mape"": 9.188335418701172, ""mae"": 2.105008602142334, ""val_loss"": 3.6061532497406006, ""val_mape"": 3.6061532497406006, ""val_mae"": 0.7265804409980774, ""lr"": 1.0000000656873453e-05, ""val_mae12"": 0.9252589344978333, ""val_me"": 0.4794292145541639, ""val_me12"": 0.0703535552763151, ""mape_2021"": 5.615261077880859, ""mae_2021"": 1.0354191064834595, ""mae12_2021"": 1.1660407781600952, ""me_2021"": 0.8927966204718359, ""me12_2021"": -0.7342653579639566, ""epochs_trained"": 1781}",2026-07-03T11:12:53.758760,completed
3,MAPE,96,3,leaky_relu,1,16,0.05,3.488466501235962,0.683296263217926,1.1473997831344604,0.17367678662725938,0.3548499159543288,3.488466501235962,0.8802143931388855,0.9850428104400635,0.5847984014817947,-0.5652323177748759,4.770620822906494,"{""loss"": 6.71412992477417, ""mape"": 6.71412992477417, ""mae"": 1.4748897552490234, ""val_loss"": 3.488466501235962, ""val_mape"": 3.488466501235962, ""val_mae"": 0.683296263217926, ""lr"": 0.00010000000474974513, ""val_mae12"": 1.1473997831344604, ""val_me"": 0.17367678662725938, ""val_me12"": 0.3548499159543288, ""mape_2021"": 4.770620822906494, ""mae_2021"": 0.8802143931388855, ""mae12_2021"": 0.9850428104400635, ""me_2021"": 0.5847984014817947, ""me12_2021"": -0.5652323177748759, ""epochs_trained"": 2107}",2026-07-03T11:13:09.742523,completed
3,MAPE,96,3,leaky_relu,1,32,0.0,4.453742504119873,0.9190489053726196,1.2525463104248047,-0.15754620099902863,0.7483282532965059,4.453742504119873,1.0259732007980347,1.0818803310394287,0.31190245493405067,-0.570869782336824,5.508913993835449,"{""loss"": 4.485990047454834, ""mape"": 4.485990047454834, ""mae"": 0.976270318031311, ""val_loss"": 4.453742504119873, ""val_mape"": 4.453742504119873, ""val_mae"": 0.9190489053726196, ""lr"": 0.00010000000474974513, ""val_mae12"": 1.2525463104248047, ""val_me"": -0.15754620099902863, ""val_me12"": 0.7483282532965059, ""mape_2021"": 5.508913993835449, ""mae_2021"": 1.0259732007980347, ""mae12_2021"": 1.0818803310394287, ""me_2021"": 0.31190245493405067, ""me12_2021"": -0.570869782336824, ""epochs_trained"": 2246}",2026-07-03T11:13:15.879687,completed
3,MAPE,96,3,leaky_relu,1,32,0.1,3.7670905590057373,0.7281638979911804,1.0953586101531982,-0.03153393935511917,0.30815802796505204,3.7670905590057373,0.9055291414260864,1.1591682434082031,0.3878520872537226,0.2522487533959575,5.4631757736206055,"{""loss"": 8.2914400100708, ""mape"": 8.2914400100708, ""mae"": 1.8176251649856567, ""val_loss"": 3.7670905590057373, ""val_mape"": 3.7670905590057373, ""val_mae"": 0.7281638979911804, ""lr"": 0.00010000000474974513, ""val_mae12"": 1.0953586101531982, ""val_me"": -0.03153393935511917, ""val_me12"": 0.30815802796505204, ""mape_2021"": 5.4631757736206055, ""mae_2021"": 0.9055291414260864, ""mae12_2021"": 1.1591682434082031, ""me_2021"": 0.3878520872537226, ""me12_2021"": 0.2522487533959575, ""epochs_trained"": 1385}",2026-07-03T11:13:50.344818,completed
3,MAPE,96,3,leaky_relu,1,64,0.05,3.6915102005004883,0.7124260067939758,0.9660457968711853,-0.2939589835161949,0.1060213459063145,3.6915102005004883,0.773430347442627,1.101064920425415,0.07870495335346785,-0.0021482874579402227,4.777863502502441,"{""loss"": 5.523517608642578, ""mape"": 5.523517608642578, ""mae"": 1.1561299562454224, ""val_loss"": 3.6915102005004883, ""val_mape"": 3.6915102005004883, ""val_mae"": 0.7124260067939758, ""lr"": 9.999999747378752e-06, ""val_mae12"": 0.9660457968711853, ""val_me"": -0.2939589835161949, ""val_me12"": 0.1060213459063145, ""mape_2021"": 4.777863502502441, ""mae_2021"": 0.773430347442627, ""mae12_2021"": 1.101064920425415, ""me_2021"": 0.07870495335346785, ""me12_2021"": -0.0021482874579402227, ""epochs_trained"": 1258}",2026-07-03T11:14:03.614797,completed
3,MAPE,96,3,leaky_relu,1,32,0.3,3.1351850032806396,0.6080328822135925,0.9883034229278564,0.13135054112560812,0.322135719617381,3.1351850032806396,0.8084608912467957,0.9444616436958313,0.5724794233193734,-0.5744686612557984,4.511011123657227,"{""loss"": 11.378035545349121, ""mape"": 11.378035545349121, ""mae"": 2.655085325241089, ""val_loss"": 3.1351850032806396, ""val_mape"": 3.1351850032806396, ""val_mae"": 0.6080328822135925, ""lr"": 1.0000000656873453e-05, ""val_mae12"": 0.9883034229278564, ""val_me"": 0.13135054112560812, ""val_me12"": 0.322135719617381, ""mape_2021"": 4.511011123657227, ""mae_2021"": 0.8084608912467957, ""mae12_2021"": 0.9444616436958313, ""me_2021"": 0.5724794233193734, ""me12_2021"": -0.5744686612557984, ""epochs_trained"": 1470}",2026-07-03T11:14:03.987849,completed
3,MAPE,96,3,leaky_relu,1,64,0.0,5.266395568847656,1.1170017719268799,1.1720149517059326,-0.06755961185257568,0.7966039682638149,5.266395568847656,1.2536507844924927,1.1632941961288452,0.517374407006955,-0.7456316338274717,6.667516231536865,"{""loss"": 5.3138298988342285, ""mape"": 5.3138298988342285, ""mae"": 1.1974976062774658, ""val_loss"": 5.266395568847656, ""val_mape"": 5.266395568847656, ""val_mae"": 1.1170017719268799, ""lr"": 0.00010000000474974513, ""val_mae12"": 1.1720149517059326, ""val_me"": -0.06755961185257568, ""val_me12"": 0.7966039682638149, ""mape_2021"": 6.667516231536865, ""mae_2021"": 1.2536507844924927, ""mae12_2021"": 1.1632941961288452, ""me_2021"": 0.517374407006955, ""me12_2021"": -0.7456316338274717, ""epochs_trained"": 1444}",2026-07-03T11:14:06.170151,completed
3,MAPE,96,3,leaky_relu,1,64,0.1,4.200737953186035,0.8195412158966064,1.11905038356781,-0.26315094257346305,0.28025237213710336,4.200737953186035,0.9133238792419434,1.2816871404647827,0.16730663077038332,0.4294668609715771,5.781228065490723,"{""loss"": 7.5593037605285645, ""mape"": 7.5593037605285645, ""mae"": 1.6071052551269531, ""val_loss"": 4.200737953186035, ""val_mape"": 4.200737953186035, ""val_mae"": 0.8195412158966064, ""lr"": 1.0000000656873453e-05, ""val_mae12"": 1.11905038356781, ""val_me"": -0.26315094257346305, ""val_me12"": 0.28025237213710336, ""mape_2021"": 5.781228065490723, ""mae_2021"": 0.9133238792419434, ""mae12_2021"": 1.2816871404647827, ""me_2021"": 0.16730663077038332, ""me12_2021"": 0.4294668609715771, ""epochs_trained"": 1075}",2026-07-03T11:14:08.755709,completed
3,MAPE,96,3,leaky_relu,1,64,0.3,3.2540125846862793,0.6357741951942444,0.921000599861145,-0.03886337742601565,0.4996998307997411,3.2540125846862793,0.7466464042663574,0.8247248530387878,0.38415460430969794,-0.17530478621682147,4.280513763427734,"{""loss"": 9.68056869506836, ""mape"": 9.68056869506836, ""mae"": 2.2026267051696777, ""val_loss"": 3.2540125846862793, ""val_mape"": 3.2540125846862793, ""val_mae"": 0.6357741951942444, ""lr"": 1.0000000656873453e-05, ""val_mae12"": 0.921000599861145, ""val_me"": -0.03886337742601565, ""val_me12"": 0.4996998307997411, ""mape_2021"": 4.280513763427734, ""mae_2021"": 0.7466464042663574, ""mae12_2021"": 0.8247248530387878, ""me_2021"": 0.38415460430969794, ""me12_2021"": -0.17530478621682147, ""epochs_trained"": 1192}",2026-07-03T11:14:16.622990,completed
3,MAPE,96,3,leaky_relu,1,256,0.05,3.924755096435547,0.779201090335846,0.9563960433006287,-0.37626618469431505,0.5180462761469765,3.924755096435547,0.7978798747062683,1.176546335220337,-0.04270408495153488,-0.1413940771629916,5.263764381408691,"{""loss"": 4.807926654815674, ""mape"": 4.807926654815674, ""mae"": 0.9799691438674927, ""val_loss"": 3.924755096435547, ""val_mape"": 3.924755096435547, ""val_mae"": 0.779201090335846, ""lr"": 1.0000000656873453e-05, ""val_mae12"": 0.9563960433006287, ""val_me"": -0.37626618469431505, ""val_me12"": 0.5180462761469765, ""mape_2021"": 5.263764381408691, ""mae_2021"": 0.7978798747062683, ""mae12_2021"": 1.176546335220337, ""me_2021"": -0.04270408495153488, ""me12_2021"": -0.1413940771629916, ""epochs_trained"": 765}",2026-07-03T11:15:43.770916,completed
3,MAPE,96,3,leaky_relu,1,128,0.3,3.48695969581604,0.6653136610984802,0.9360092878341675,-0.19592061159208699,0.4289932050202713,3.48695969581604,0.7544424533843994,1.0063711404800415,0.18857887203501056,0.11302220405644228,4.5708537101745605,"{""loss"": 8.057939529418945, ""mape"": 8.057939529418945, ""mae"": 1.7658272981643677, ""val_loss"": 3.48695969581604, ""val_mape"": 3.48695969581604, ""val_mae"": 0.6653136610984802, ""lr"": 0.00010000000474974513, ""val_mae12"": 0.9360092878341675, ""val_me"": -0.19592061159208699, ""val_me12"": 0.4289932050202713, ""mape_2021"": 4.5708537101745605, ""mae_2021"": 0.7544424533843994, ""mae12_2021"": 1.0063711404800415, ""me_2021"": 0.18857887203501056, ""me12_2021"": 0.11302220405644228, ""epochs_trained"": 879}",2026-07-03T11:15:54.299004,completed
3,MAPE,96,3,leaky_relu,1,128,0.1,3.747087001800537,0.7402890920639038,0.9380545616149902,-0.37719721999160416,0.21696666419426475,3.747087001800537,0.7501296401023865,1.1533374786376953,0.02265400015128124,-0.13545549586850802,4.759349822998047,"{""loss"": 5.542965412139893, ""mape"": 5.542965412139893, ""mae"": 1.1647707223892212, ""val_loss"": 3.747087001800537, ""val_mape"": 3.747087001800537, ""val_mae"": 0.7402890920639038, ""lr"": 1.0000000656873453e-05, ""val_mae12"": 0.9380545616149902, ""val_me"": -0.37719721999160416, ""val_me12"": 0.21696666419426475, ""mape_2021"": 4.759349822998047, ""mae_2021"": 0.7501296401023865, ""mae12_2021"": 1.1533374786376953, ""me_2021"": 0.02265400015128124, ""me12_2021"": -0.13545549586850802, ""epochs_trained"": 935}",2026-07-03T11:15:59.249965,completed
3,MAPE,96,3,leaky_relu,1,128,0.05,3.670915365219116,0.7197611331939697,1.0840492248535156,-0.31791081983867825,0.4471828014716662,3.670915365219116,0.7523844838142395,1.05498468875885,0.0073860673661487715,-0.11276071782624895,4.760558605194092,"{""loss"": 4.976468563079834, ""mape"": 4.976468563079834, ""mae"": 1.0186442136764526, ""val_loss"": 3.670915365219116, ""val_mape"": 3.670915365219116, ""val_mae"": 0.7197611331939697, ""lr"": 1.0000000656873453e-05, ""val_mae12"": 1.0840492248535156, ""val_me"": -0.31791081983867825, ""val_me12"": 0.4471828014716662, ""mape_2021"": 4.760558605194092, ""mae_2021"": 0.7523844838142395, ""mae12_2021"": 1.05498468875885, ""me_2021"": 0.0073860673661487715, ""me12_2021"": -0.11276071782624895, ""epochs_trained"": 943}",2026-07-03T11:15:59.273484,completed
3,MAPE,96,3,leaky_relu,1,256,0.0,4.029946327209473,0.7829975485801697,1.1329797506332397,-0.15694812623218096,0.62327490568566,4.029946327209473,0.8737542033195496,1.0896499156951904,0.14143529080493739,-0.5231622333509454,5.222418308258057,"{""loss"": 3.651517868041992, ""mape"": 3.651517868041992, ""mae"": 0.7516921162605286, ""val_loss"": 4.029946327209473, ""val_mape"": 4.029946327209473, ""val_mae"": 0.7829975485801697, ""lr"": 0.00010000000474974513, ""val_mae12"": 1.1329797506332397, ""val_me"": -0.15694812623218096, ""val_me12"": 0.62327490568566, ""mape_2021"": 5.222418308258057, ""mae_2021"": 0.8737542033195496, ""mae12_2021"": 1.0896499156951904, ""me_2021"": 0.14143529080493739, ""me12_2021"": -0.5231622333509454, ""epochs_trained"": 1389}",2026-07-03T11:16:40.412105,completed
3,MAPE,96,3,leaky_relu,1,128,0.0,4.2157111167907715,0.8537663221359253,1.0389524698257446,-0.1841367521446579,0.47217654191786557,4.2157111167907715,0.9152474999427795,1.2762470245361328,0.2708875653262086,-0.8560135487510601,5.3989667892456055,"{""loss"": 4.06771993637085, ""mape"": 4.06771993637085, ""mae"": 0.8721256256103516, ""val_loss"": 4.2157111167907715, ""val_mape"": 4.2157111167907715, ""val_mae"": 0.8537663221359253, ""lr"": 0.00010000000474974513, ""val_mae12"": 1.0389524698257446, ""val_me"": -0.1841367521446579, ""val_me12"": 0.47217654191786557, ""mape_2021"": 5.3989667892456055, ""mae_2021"": 0.9152474999427795, ""mae12_2021"": 1.2762470245361328, ""me_2021"": 0.2708875653262086, ""me12_2021"": -0.8560135487510601, ""epochs_trained"": 1538}",2026-07-03T11:16:53.330411,completed
3,MAPE,96,3,leaky_relu,1,256,0.1,3.8156790733337402,0.7669887542724609,0.9883078336715698,-0.3656603203367851,0.5566585371980615,3.8156790733337402,0.7977359294891357,1.1914411783218384,-0.021277154716811863,-0.23944509162278702,5.220527172088623,"{""loss"": 5.243771553039551, ""mape"": 5.243771553039551, ""mae"": 1.0840705633163452, ""val_loss"": 3.8156790733337402, ""val_mape"": 3.8156790733337402, ""val_mae"": 0.7669887542724609, ""lr"": 1.0000000656873453e-05, ""val_mae12"": 0.9883078336715698, ""val_me"": -0.3656603203367851, ""val_me12"": 0.5566585371980615, ""mape_2021"": 5.220527172088623, ""mae_2021"": 0.7977359294891357, ""mae12_2021"": 1.1914411783218384, ""me_2021"": -0.021277154716811863, ""me12_2021"": -0.23944509162278702, ""epochs_trained"": 733}",2026-07-03T11:16:55.365000,completed
3,MAPE,96,3,leaky_relu,1,256,0.3,3.938488721847534,0.7715698480606079,1.0259073972702026,-0.33434521145348123,0.4716397890077167,3.938488721847534,0.8062834143638611,1.3303117752075195,0.03765542002039862,0.27323539470473307,5.63888692855835,"{""loss"": 6.980909824371338, ""mape"": 6.980909824371338, ""mae"": 1.485926866531372, ""val_loss"": 3.938488721847534, ""val_mape"": 3.938488721847534, ""val_mae"": 0.7715698480606079, ""lr"": 1.0000000656873453e-05, ""val_mae12"": 1.0259073972702026, ""val_me"": -0.33434521145348123, ""val_me12"": 0.4716397890077167, ""mape_2021"": 5.63888692855835, ""mae_2021"": 0.8062834143638611, ""mae12_2021"": 1.3303117752075195, ""me_2021"": 0.03765542002039862, ""me12_2021"": 0.27323539470473307, ""epochs_trained"": 698}",2026-07-03T11:16:59.785951,completed
3,MAPE,96,3,leaky_relu,2,16,0.3,45.086090087890625,9.194610595703125,7.870869159698486,8.005987859630642,6.655528797157584,45.086090087890625,10.488960266113281,8.929649353027344,9.358521251560187,7.555832761563145,57.19034194946289,"{""loss"": 56.098114013671875, ""mape"": 56.098114013671875, ""mae"": 12.625683784484863, ""val_loss"": 45.086090087890625, ""val_mape"": 45.086090087890625, ""val_mae"": 9.194610595703125, ""lr"": 0.00010000000474974513, ""val_mae12"": 7.870869159698486, ""val_me"": 8.005987859630642, ""val_me12"": 6.655528797157584, ""mape_2021"": 57.19034194946289, ""mae_2021"": 10.488960266113281, ""mae12_2021"": 8.929649353027344, ""me_2021"": 9.358521251560187, ""me12_2021"": 7.555832761563145, ""epochs_trained"": 126}",2026-07-03T11:17:03.468300,completed
3,MAPE,96,3,leaky_relu,2,16,0.0,6.464940071105957,1.3842555284500122,1.0703307390213013,0.046322628643608005,0.619335242194062,6.464940071105957,1.5810370445251465,1.0159657001495361,0.8627362065718808,-0.6083183113529126,7.766236782073975,"{""loss"": 6.037145614624023, ""mape"": 6.037145614624023, ""mae"": 1.3468695878982544, ""val_loss"": 6.464940071105957, ""val_mape"": 6.464940071105957, ""val_mae"": 1.3842555284500122, ""lr"": 0.00010000000474974513, ""val_mae12"": 1.0703307390213013, ""val_me"": 0.046322628643608005, ""val_me12"": 0.619335242194062, ""mape_2021"": 7.766236782073975, ""mae_2021"": 1.5810370445251465, ""mae12_2021"": 1.0159657001495361, ""me_2021"": 0.8627362065718808, ""me12_2021"": -0.6083183113529126, ""epochs_trained"": 902}",2026-07-03T11:17:09.481720,completed
3,MAPE,96,3,leaky_relu,2,16,0.05,3.599705696105957,0.6717691421508789,1.3337081670761108,0.19494594865537918,0.8489567291292511,3.599705696105957,0.8744227290153503,1.028172254562378,0.6006090562717773,-0.21126776080048254,5.236382961273193,"{""loss"": 8.661613464355469, ""mape"": 8.661613464355469, ""mae"": 1.967447280883789, ""val_loss"": 3.599705696105957, ""val_mape"": 3.599705696105957, ""val_mae"": 0.6717691421508789, ""lr"": 1.0000000656873453e-05, ""val_mae12"": 1.3337081670761108, ""val_me"": 0.19494594865537918, ""val_me12"": 0.8489567291292511, ""mape_2021"": 5.236382961273193, ""mae_2021"": 0.8744227290153503, ""mae12_2021"": 1.028172254562378, ""me_2021"": 0.6006090562717773, ""me12_2021"": -0.21126776080048254, ""epochs_trained"": 1038}",2026-07-03T11:17:13.955412,completed
3,MAPE,96,3,leaky_relu,2,16,0.1,4.734858989715576,0.9372466206550598,1.5230515003204346,0.606664427121274,0.9932878596842567,4.734858989715576,1.1706938743591309,1.2699147462844849,0.9501010028590247,0.19529280975301444,6.784885883331299,"{""loss"": 12.309181213378906, ""mape"": 12.309181213378906, ""mae"": 2.7683932781219482, ""val_loss"": 4.734858989715576, ""val_mape"": 4.734858989715576, ""val_mae"": 0.9372466206550598, ""lr"": 0.00010000000474974513, ""val_mae12"": 1.5230515003204346, ""val_me"": 0.606664427121274, ""val_me12"": 0.9932878596842567, ""mape_2021"": 6.784885883331299, ""mae_2021"": 1.1706938743591309, ""mae12_2021"": 1.2699147462844849, ""me_2021"": 0.9501010028590247, ""me12_2021"": 0.19529280975301444, ""epochs_trained"": 848}",2026-07-03T11:17:21.540865,completed
3,MAPE,96,3,leaky_relu,2,32,0.1,46.57460403442383,9.381560325622559,10.232461929321289,7.468575027394946,10.105235527961408,46.57460403442383,10.527118682861328,12.242786407470703,8.765604260066317,12.154949207254642,63.087467193603516,"{""loss"": 49.2666015625, ""mape"": 49.2666015625, ""mae"": 10.539942741394043, ""val_loss"": 46.57460403442383, ""val_mape"": 46.57460403442383, ""val_mae"": 9.381560325622559, ""lr"": 0.00010000000474974513, ""val_mae12"": 10.232461929321289, ""val_me"": 7.468575027394946, ""val_me12"": 10.105235527961408, ""mape_2021"": 63.087467193603516, ""mae_2021"": 10.527118682861328, ""mae12_2021"": 12.242786407470703, ""me_2021"": 8.765604260066317, ""me12_2021"": 12.154949207254642, ""epochs_trained"": 60}",2026-07-03T11:17:36.655245,completed
3,MAPE,96,3,leaky_relu,2,64,0.0,4.1075119972229,0.8194334506988525,1.5557829141616821,-0.3155240272938351,1.1594235013017604,4.1075119972229,0.8747994899749756,1.0482690334320068,0.025070339298496665,0.03911918368858808,4.982390403747559,"{""loss"": 3.902372121810913, ""mape"": 3.902372121810913, ""mae"": 0.8080264329910278, ""val_loss"": 4.1075119972229, ""val_mape"": 4.1075119972229, ""val_mae"": 0.8194334506988525, ""lr"": 1.0000000656873453e-05, ""val_mae12"": 1.5557829141616821, ""val_me"": -0.3155240272938351, ""val_me12"": 1.1594235013017604, ""mape_2021"": 4.982390403747559, ""mae_2021"": 0.8747994899749756, ""mae12_2021"": 1.0482690334320068, ""me_2021"": 0.025070339298496665, ""me12_2021"": 0.03911918368858808, ""epochs_trained"": 704}",2026-07-03T11:18:18.335597,completed
3,MAPE,96,3,leaky_relu,2,32,0.05,3.517643928527832,0.6476017236709595,1.476069450378418,-0.11855542321855393,1.124844574137605,3.517643928527832,0.7322869300842285,0.9414070844650269,0.2830095462335046,0.052175598545818914,4.209588527679443,"{""loss"": 7.102217197418213, ""mape"": 7.102217197418213, ""mae"": 1.5538687705993652, ""val_loss"": 3.517643928527832, ""val_mape"": 3.517643928527832, ""val_mae"": 0.6476017236709595, ""lr"": 0.00010000000474974513, ""val_mae12"": 1.476069450378418, ""val_me"": -0.11855542321855393, ""val_me12"": 1.124844574137605, ""mape_2021"": 4.209588527679443, ""mae_2021"": 0.7322869300842285, ""mae12_2021"": 0.9414070844650269, ""me_2021"": 0.2830095462335046, ""me12_2021"": 0.052175598545818914, ""epochs_trained"": 756}",2026-07-03T11:18:22.023874,completed
3,MAPE,96,3,leaky_relu,2,64,0.1,3.5349018573760986,0.680343508720398,1.413730502128601,-0.19864401265875611,1.1776223180586523,3.5349018573760986,0.7190481424331665,1.0735656023025513,0.22469661057352153,-0.3583329869960696,4.327704429626465,"{""loss"": 6.941556453704834, ""mape"": 6.941556453704834, ""mae"": 1.5295885801315308, ""val_loss"": 3.5349018573760986, ""val_mape"": 3.5349018573760986, ""val_mae"": 0.680343508720398, ""lr"": 0.00010000000474974513, ""val_mae12"": 1.413730502128601, ""val_me"": -0.19864401265875611, ""val_me12"": 1.1776223180586523, ""mape_2021"": 4.327704429626465, ""mae_2021"": 0.7190481424331665, ""mae12_2021"": 1.0735656023025513, ""me_2021"": 0.22469661057352153, ""me12_2021"": -0.3583329869960696, ""epochs_trained"": 648}",2026-07-03T11:18:25.071816,completed
3,MAPE,96,3,leaky_relu,2,32,0.0,4.113996982574463,0.8086754679679871,1.1146777868270874,-0.33143625649079217,0.5952467509248186,4.113996982574463,0.7854059338569641,0.9434021711349487,0.11020652088932495,-0.3531275102015397,4.7012434005737305,"{""loss"": 3.712353229522705, ""mape"": 3.712353229522705, ""mae"": 0.757704496383667, ""val_loss"": 4.113996982574463, ""val_mape"": 4.113996982574463, ""val_mae"": 0.8086754679679871, ""lr"": 0.00010000000474974513, ""val_mae12"": 1.1146777868270874, ""val_me"": -0.33143625649079217, ""val_me12"": 0.5952467509248186, ""mape_2021"": 4.7012434005737305, ""mae_2021"": 0.7854059338569641, ""mae12_2021"": 0.9434021711349487, ""me_2021"": 0.11020652088932495, ""me12_2021"": -0.3531275102015397, ""epochs_trained"": 1117}",2026-07-03T11:18:47.855235,completed
3,MAPE,96,3,leaky_relu,2,64,0.3,4.191959381103516,0.7683821320533752,1.9909037351608276,-0.023798222142449647,1.8240006752946307,4.191959381103516,0.8307799100875854,1.0728813409805298,0.42142757238041967,0.07043846798280262,4.664391040802002,"{""loss"": 11.30627155303955, ""mape"": 11.30627155303955, ""mae"": 2.5711231231689453, ""val_loss"": 4.191959381103516, ""val_mape"": 4.191959381103516, ""val_mae"": 0.7683821320533752, ""lr"": 1.0000000656873453e-05, ""val_mae12"": 1.9909037351608276, ""val_me"": -0.023798222142449647, ""val_me12"": 1.8240006752946307, ""mape_2021"": 4.664391040802002, ""mae_2021"": 0.8307799100875854, ""mae12_2021"": 1.0728813409805298, ""me_2021"": 0.42142757238041967, ""me12_2021"": 0.07043846798280262, ""epochs_trained"": 598}",2026-07-03T11:19:18.397530,completed
3,MAPE,96,3,leaky_relu,2,128,0.05,3.742339611053467,0.6701046228408813,1.8121042251586914,-0.20783233929339476,1.5997965304678812,3.742339611053467,0.6967508792877197,1.1391469240188599,0.14111571935452,0.03302850220606771,4.108103275299072,"{""loss"": 4.835001468658447, ""mape"": 4.835001468658447, ""mae"": 1.0021342039108276, ""val_loss"": 3.742339611053467, ""val_mape"": 3.742339611053467, ""val_mae"": 0.6701046228408813, ""lr"": 0.00010000000474974513, ""val_mae12"": 1.8121042251586914, ""val_me"": -0.20783233929339476, ""val_me12"": 1.5997965304678812, ""mape_2021"": 4.108103275299072, ""mae_2021"": 0.6967508792877197, ""mae12_2021"": 1.1391469240188599, ""me_2021"": 0.14111571935452, ""me12_2021"": 0.03302850220606771, ""epochs_trained"": 602}",2026-07-03T11:19:29.443040,completed
3,MAPE,96,3,leaky_relu,2,128,0.1,3.691265106201172,0.7041459679603577,1.7410494089126587,-0.23144603997957394,1.4764825646316897,3.691265106201172,0.6988189816474915,1.1624464988708496,0.12576664030118048,0.14821054243081638,4.019471645355225,"{""loss"": 5.732568264007568, ""mape"": 5.732568264007568, ""mae"": 1.2291020154953003, ""val_loss"": 3.691265106201172, ""val_mape"": 3.691265106201172, ""val_mae"": 0.7041459679603577, ""lr"": 1.0000000656873453e-05, ""val_mae12"": 1.7410494089126587, ""val_me"": -0.23144603997957394, ""val_me12"": 1.4764825646316897, ""mape_2021"": 4.019471645355225, ""mae_2021"": 0.6988189816474915, ""mae12_2021"": 1.1624464988708496, ""me_2021"": 0.12576664030118048, ""me12_2021"": 0.14821054243081638, ""epochs_trained"": 579}",2026-07-03T11:19:51.585081,completed
3,MAPE,96,3,leaky_relu,2,128,0.3,3.976524591445923,0.7541767954826355,1.7670899629592896,-0.17473853705462927,1.5734513365972127,3.976524591445923,0.7580670714378357,1.1537214517593384,0.26655832743648844,-0.142889363536896,4.485944747924805,"{""loss"": 8.768051147460938, ""mape"": 8.768051147460938, ""mae"": 1.959776759147644, ""val_loss"": 3.976524591445923, ""val_mape"": 3.976524591445923, ""val_mae"": 0.7541767954826355, ""lr"": 1.0000000656873453e-05, ""val_mae12"": 1.7670899629592896, ""val_me"": -0.17473853705462927, ""val_me12"": 1.5734513365972127, ""mape_2021"": 4.485944747924805, ""mae_2021"": 0.7580670714378357, ""mae12_2021"": 1.1537214517593384, ""me_2021"": 0.26655832743648844, ""me12_2021"": -0.142889363536896, ""epochs_trained"": 548}",2026-07-03T11:20:10.691191,completed
3,MAPE,96,3,leaky_relu,2,32,0.3,13.118432998657227,2.4980976581573486,4.150205135345459,1.3931852391935258,2.9377524647132933,13.118432998657227,2.923051595687866,2.838151216506958,1.9194251285109776,1.1299196682964814,16.1779842376709,"{""loss"": 22.760831832885742, ""mape"": 22.760831832885742, ""mae"": 4.97353458404541, ""val_loss"": 13.118432998657227, ""val_mape"": 13.118432998657227, ""val_mae"": 2.4980976581573486, ""lr"": 1.0000000656873453e-05, ""val_mae12"": 4.150205135345459, ""val_me"": 1.3931852391935258, ""val_me12"": 2.9377524647132933, ""mape_2021"": 16.1779842376709, ""mae_2021"": 2.923051595687866, ""mae12_2021"": 2.838151216506958, ""me_2021"": 1.9194251285109776, ""me12_2021"": 1.1299196682964814, ""epochs_trained"": 2203}",2026-07-03T11:20:18.962416,completed
3,MAPE,96,3,leaky_relu,2,128,0.0,3.5674660205841064,0.7077039480209351,1.2399928569793701,-0.3651161175467493,0.8448721022956533,3.5674660205841064,0.7123061418533325,1.1271883249282837,-0.006271693531736286,-0.3069506829303123,4.528913497924805,"{""loss"": 3.085519790649414, ""mape"": 3.085519790649414, ""mae"": 0.6396277546882629, ""val_loss"": 3.5674660205841064, ""val_mape"": 3.5674660205841064, ""val_mae"": 0.7077039480209351, ""lr"": 1.0000000656873453e-05, ""val_mae12"": 1.2399928569793701, ""val_me"": -0.3651161175467493, ""val_me12"": 0.8448721022956533, ""mape_2021"": 4.528913497924805, ""mae_2021"": 0.7123061418533325, ""mae12_2021"": 1.1271883249282837, ""me_2021"": -0.006271693531736286, ""me12_2021"": -0.3069506829303123, ""epochs_trained"": 1863}",2026-07-03T11:20:41.247063,completed
3,MAPE,96,3,leaky_relu,2,64,0.05,4.814998626708984,0.8791118264198303,2.3256561756134033,-0.17730819563146602,2.166259954406167,4.814998626708984,0.929896891117096,1.5482233762741089,0.1380297618290666,0.47678989694466684,5.627493858337402,"{""loss"": 6.522844314575195, ""mape"": 6.522844314575195, ""mae"": 1.3621336221694946, ""val_loss"": 4.814998626708984, ""val_mape"": 4.814998626708984, ""val_mae"": 0.8791118264198303, ""lr"": 1.0000000656873453e-05, ""val_mae12"": 2.3256561756134033, ""val_me"": -0.17730819563146602, ""val_me12"": 2.166259954406167, ""mape_2021"": 5.627493858337402, ""mae_2021"": 0.929896891117096, ""mae12_2021"": 1.5482233762741089, ""me_2021"": 0.1380297618290666, ""me12_2021"": 0.47678989694466684, ""epochs_trained"": 2754}",2026-07-03T11:20:43.168419,completed
3,MAPE,96,3,leaky_relu,3,16,0.05,45.702781677246094,9.161786079406738,10.143743515014648,6.859800737390186,10.06939736981138,45.702781677246094,10.26756763458252,11.821056365966797,8.214194245685194,11.764479740056235,60.83708572387695,"{""loss"": 48.8492546081543, ""mape"": 48.8492546081543, ""mae"": 10.592621803283691, ""val_loss"": 45.702781677246094, ""val_mape"": 45.702781677246094, ""val_mae"": 9.161786079406738, ""lr"": 0.00010000000474974513, ""val_mae12"": 10.143743515014648, ""val_me"": 6.859800737390186, ""val_me12"": 10.06939736981138, ""mape_2021"": 60.83708572387695, ""mae_2021"": 10.26756763458252, ""mae12_2021"": 11.821056365966797, ""me_2021"": 8.214194245685194, ""me12_2021"": 11.764479740056235, ""epochs_trained"": 117}",2026-07-03T11:21:22.664299,completed
3,MAPE,96,3,leaky_relu,3,16,0.0,45.209442138671875,8.947442054748535,10.934051513671875,6.727521724367199,10.836625717310575,45.209442138671875,10.22728157043457,12.84605598449707,8.061959224359601,12.77447144105871,61.83037185668945,"{""loss"": 45.81676483154297, ""mape"": 45.81676483154297, ""mae"": 9.668128967285156, ""val_loss"": 45.209442138671875, ""val_mape"": 45.209442138671875, ""val_mae"": 8.947442054748535, ""lr"": 1.0000000656873453e-05, ""val_mae12"": 10.934051513671875, ""val_me"": 6.727521724367199, ""val_me12"": 10.836625717310575, ""mape_2021"": 61.83037185668945, ""mae_2021"": 10.22728157043457, ""mae12_2021"": 12.84605598449707, ""me_2021"": 8.061959224359601, ""me12_2021"": 12.77447144105871, ""epochs_trained"": 154}",2026-07-03T11:21:28.647632,completed
3,MAPE,96,3,leaky_relu,3,16,0.3,48.366966247558594,9.927279472351074,7.310610294342041,8.015673465051051,6.639758485879529,48.366966247558594,10.609177589416504,8.561275482177734,9.409969909849938,8.026449218098271,59.40674591064453,"{""loss"": 57.947845458984375, ""mape"": 57.947845458984375, ""mae"": 12.959973335266113, ""val_loss"": 48.366966247558594, ""val_mape"": 48.366966247558594, ""val_mae"": 9.927279472351074, ""lr"": 0.00010000000474974513, ""val_mae12"": 7.310610294342041, ""val_me"": 8.015673465051051, ""val_me12"": 6.639758485879529, ""mape_2021"": 59.40674591064453, ""mae_2021"": 10.609177589416504, ""mae12_2021"": 8.561275482177734, ""me_2021"": 9.409969909849938, ""me12_2021"": 8.026449218098271, ""epochs_trained"": 122}",2026-07-03T11:22:10.514525,completed
3,MAPE,96,3,leaky_relu,2,256,0.1,3.953326940536499,0.7395035028457642,1.965675711631775,-0.19871508973918073,1.7306923650960406,3.953326940536499,0.7543354034423828,1.4589529037475586,0.11581433801412205,0.3005114839472202,4.649406909942627,"{""loss"": 5.288549423217773, ""mape"": 5.288549423217773, ""mae"": 1.097111463546753, ""val_loss"": 3.953326940536499, ""val_mape"": 3.953326940536499, ""val_mae"": 0.7395035028457642, ""lr"": 1.0000000656873453e-05, ""val_mae12"": 1.965675711631775, ""val_me"": -0.19871508973918073, ""val_me12"": 1.7306923650960406, ""mape_2021"": 4.649406909942627, ""mae_2021"": 0.7543354034423828, ""mae12_2021"": 1.4589529037475586, ""me_2021"": 0.11581433801412205, ""me12_2021"": 0.3005114839472202, ""epochs_trained"": 424}",2026-07-03T11:22:20.370376,completed
3,MAPE,96,3,leaky_relu,2,256,0.3,4.035701751708984,0.8014306426048279,2.0816924571990967,-0.151880461896872,1.9238701368581752,4.035701751708984,0.7677974700927734,1.5133099555969238,0.2147151946954309,0.3265577420686732,4.737635135650635,"{""loss"": 7.043253421783447, ""mape"": 7.043253421783447, ""mae"": 1.5456979274749756, ""val_loss"": 4.035701751708984, ""val_mape"": 4.035701751708984, ""val_mae"": 0.8014306426048279, ""lr"": 0.00010000000474974513, ""val_mae12"": 2.0816924571990967, ""val_me"": -0.151880461896872, ""val_me12"": 1.9238701368581752, ""mape_2021"": 4.737635135650635, ""mae_2021"": 0.7677974700927734, ""mae12_2021"": 1.5133099555969238, ""me_2021"": 0.2147151946954309, ""me12_2021"": 0.3265577420686732, ""epochs_trained"": 441}",2026-07-03T11:22:22.588359,completed
3,MAPE,96,3,leaky_relu,2,256,0.05,3.5391886234283447,0.6814056038856506,1.5644692182540894,-0.26079430095287287,1.3448172631149165,3.5391886234283447,0.6911712884902954,1.1169195175170898,0.05282964420599799,0.18289477096917942,4.033398151397705,"{""loss"": 4.300951957702637, ""mape"": 4.300951957702637, ""mae"": 0.8876453638076782, ""val_loss"": 3.5391886234283447, ""val_mape"": 3.5391886234283447, ""val_mae"": 0.6814056038856506, ""lr"": 1.0000000656873453e-05, ""val_mae12"": 1.5644692182540894, ""val_me"": -0.26079430095287287, ""val_me12"": 1.3448172631149165, ""mape_2021"": 4.033398151397705, ""mae_2021"": 0.6911712884902954, ""mae12_2021"": 1.1169195175170898, ""me_2021"": 0.05282964420599799, ""me12_2021"": 0.18289477096917942, ""epochs_trained"": 508}",2026-07-03T11:22:28.224281,completed
3,MAPE,96,3,leaky_relu,3,16,0.1,4.171032905578613,0.7569686770439148,1.6192151308059692,0.29131034282965734,1.1491860207350066,4.171032905578613,0.9927105903625488,0.9859046936035156,0.7317283834368841,0.1361404088730662,5.854813098907471,"{""loss"": 12.629444122314453, ""mape"": 12.629444122314453, ""mae"": 2.9220848083496094, ""val_loss"": 4.171032905578613, ""val_mape"": 4.171032905578613, ""val_mae"": 0.7569686770439148, ""lr"": 0.00010000000474974513, ""val_mae12"": 1.6192151308059692, ""val_me"": 0.29131034282965734, ""val_me12"": 1.1491860207350066, ""mape_2021"": 5.854813098907471, ""mae_2021"": 0.9927105903625488, ""mae12_2021"": 0.9859046936035156, ""me_2021"": 0.7317283834368841, ""me12_2021"": 0.1361404088730662, ""epochs_trained"": 624}",2026-07-03T11:22:52.558566,completed
3,MAPE,96,3,leaky_relu,2,256,0.0,3.507979154586792,0.6856420040130615,1.2070549726486206,-0.32900470190341835,0.915682984352285,3.507979154586792,0.7143524289131165,0.929489016532898,-6.730280196543963e-05,-0.06738517590440594,4.124798774719238,"{""loss"": 2.9165573120117188, ""mape"": 2.9165573120117188, ""mae"": 0.6067250370979309, ""val_loss"": 3.507979154586792, ""val_mape"": 3.507979154586792, ""val_mae"": 0.6856420040130615, ""lr"": 1.0000000656873453e-05, ""val_mae12"": 1.2070549726486206, ""val_me"": -0.32900470190341835, ""val_me12"": 0.915682984352285, ""mape_2021"": 4.124798774719238, ""mae_2021"": 0.7143524289131165, ""mae12_2021"": 0.929489016532898, ""me_2021"": -6.730280196543963e-05, ""me12_2021"": -0.06738517590440594, ""epochs_trained"": 889}",2026-07-03T11:22:56.167837,completed
3,MAPE,96,3,leaky_relu,3,32,0.1,3.677657127380371,0.6894056797027588,1.6556248664855957,-0.005318858017207565,1.359708856551801,3.677657127380371,0.8033299446105957,1.2516639232635498,0.4211576593689039,-0.09232687144803288,4.8842878341674805,"{""loss"": 9.675700187683105, ""mape"": 9.675700187683105, ""mae"": 2.2091405391693115, ""val_loss"": 3.677657127380371, ""val_mape"": 3.677657127380371, ""val_mae"": 0.6894056797027588, ""lr"": 0.00010000000474974513, ""val_mae12"": 1.6556248664855957, ""val_me"": -0.005318858017207565, ""val_me12"": 1.359708856551801, ""mape_2021"": 4.8842878341674805, ""mae_2021"": 0.8033299446105957, ""mae12_2021"": 1.2516639232635498, ""me_2021"": 0.4211576593689039, ""me12_2021"": -0.09232687144803288, ""epochs_trained"": 578}",2026-07-03T11:23:08.160856,completed
3,MAPE,96,3,leaky_relu,3,32,0.3,4.303511619567871,0.7964140772819519,1.8328723907470703,0.32842843265614075,1.6126057915417922,4.303511619567871,1.0471876859664917,1.0421779155731201,0.782972901194346,0.6044708870997632,5.887362480163574,"{""loss"": 15.347455978393555, ""mape"": 15.347455978393555, ""mae"": 3.5891103744506836, ""val_loss"": 4.303511619567871, ""val_mape"": 4.303511619567871, ""val_mae"": 0.7964140772819519, ""lr"": 1.0000000656873453e-05, ""val_mae12"": 1.8328723907470703, ""val_me"": 0.32842843265614075, ""val_me12"": 1.6126057915417922, ""mape_2021"": 5.887362480163574, ""mae_2021"": 1.0471876859664917, ""mae12_2021"": 1.0421779155731201, ""me_2021"": 0.782972901194346, ""me12_2021"": 0.6044708870997632, ""epochs_trained"": 541}",2026-07-03T11:23:09.390207,completed
3,MAPE,96,3,leaky_relu,3,32,0.0,4.034237384796143,0.7756240367889404,1.3161941766738892,-0.37991112058423276,0.7034125199978708,4.034237384796143,0.8008220791816711,1.1145987510681152,0.050718634434464345,-0.6646733787782165,4.777822017669678,"{""loss"": 3.4089419841766357, ""mape"": 3.4089419841766357, ""mae"": 0.6805335283279419, ""val_loss"": 4.034237384796143, ""val_mape"": 4.034237384796143, ""val_mae"": 0.7756240367889404, ""lr"": 0.00010000000474974513, ""val_mae12"": 1.3161941766738892, ""val_me"": -0.37991112058423276, ""val_me12"": 0.7034125199978708, ""mape_2021"": 4.777822017669678, ""mae_2021"": 0.8008220791816711, ""mae12_2021"": 1.1145987510681152, ""me_2021"": 0.050718634434464345, ""me12_2021"": -0.6646733787782165, ""epochs_trained"": 895}",2026-07-03T11:23:13.917906,completed
3,MAPE,96,3,leaky_relu,3,32,0.05,3.4561574459075928,0.6497390270233154,1.4091893434524536,-0.08149578100226862,1.114984998648902,3.4561574459075928,0.7173120975494385,1.0813778638839722,0.288845547068103,0.18608854198737768,4.623908042907715,"{""loss"": 6.841240882873535, ""mape"": 6.841240882873535, ""mae"": 1.544047236442566, ""val_loss"": 3.4561574459075928, ""val_mape"": 3.4561574459075928, ""val_mae"": 0.6497390270233154, ""lr"": 0.00010000000474974513, ""val_mae12"": 1.4091893434524536, ""val_me"": -0.08149578100226862, ""val_me12"": 1.114984998648902, ""mape_2021"": 4.623908042907715, ""mae_2021"": 0.7173120975494385, ""mae12_2021"": 1.0813778638839722, ""me_2021"": 0.288845547068103, ""me12_2021"": 0.18608854198737768, ""epochs_trained"": 640}",2026-07-03T11:23:48.259268,completed
