run_num,model_type,lead_time,cycle,activation,num_layers,neurons,dropout,loss_value,val_mae,val_mae12,val_me,val_me12,val_mape,mae_2021,mae12_2021,me_2021,me12_2021,mape_2021,metrics,timestamp,status
1,MAPE,120,2,selu,2,64,0.3,96.44149780273438,20.82927131652832,3.0642852783203125,22.81673481169302,1.76786597094097,96.44149780273438,21.87492561340332,5.0406270027160645,21.395927190792058,4.2034633769299745,93.92930603027344,"{""loss"": 86.367919921875, ""mape"": 86.367919921875, ""mae"": 21.924076080322266, ""val_loss"": 96.44149780273438, ""val_mape"": 96.44149780273438, ""val_mae"": 20.82927131652832, ""lr"": 0.00010000000474974513, ""val_mae12"": 3.0642852783203125, ""val_me"": 22.81673481169302, ""val_me12"": 1.76786597094097, ""mape_2021"": 93.92930603027344, ""mae_2021"": 21.87492561340332, ""mae12_2021"": 5.0406270027160645, ""me_2021"": 21.395927190792058, ""me12_2021"": 4.2034633769299745, ""epochs_trained"": 28}",2026-07-02T10:20:50.548201,completed
1,MAPE,120,2,selu,2,32,0.3,105.95301055908203,23.3319091796875,5.762193202972412,22.58247962085886,5.323130203847074,105.95301055908203,21.893339157104492,8.680824279785156,20.95622466262814,8.37985115717247,96.2867202758789,"{""loss"": 89.26280212402344, ""mape"": 89.26280212402344, ""mae"": 22.717073440551758, ""val_loss"": 105.95301055908203, ""val_mape"": 105.95301055908203, ""val_mae"": 23.3319091796875, ""lr"": 0.00010000000474974513, ""val_mae12"": 5.762193202972412, ""val_me"": 22.58247962085886, ""val_me12"": 5.323130203847074, ""mape_2021"": 96.2867202758789, ""mae_2021"": 21.893339157104492, ""mae12_2021"": 8.680824279785156, ""me_2021"": 20.95622466262814, ""me12_2021"": 8.37985115717247, ""epochs_trained"": 32}",2026-07-02T10:20:50.669202,completed
1,MAPE,120,2,selu,2,64,0.05,53.57247543334961,12.171345710754395,7.270129203796387,9.333381241507468,7.036672739441256,53.57247543334961,10.747672080993652,10.710147857666016,9.482240828039698,10.645322849610947,60.83137130737305,"{""loss"": 40.30459213256836, ""mape"": 40.30459213256836, ""mae"": 8.802872657775879, ""val_loss"": 53.57247543334961, ""val_mape"": 53.57247543334961, ""val_mae"": 12.171345710754395, ""lr"": 0.00010000000474974513, ""val_mae12"": 7.270129203796387, ""val_me"": 9.333381241507468, ""val_me12"": 7.036672739441256, ""mape_2021"": 60.83137130737305, ""mae_2021"": 10.747672080993652, ""mae12_2021"": 10.710147857666016, ""me_2021"": 9.482240828039698, ""me12_2021"": 10.645322849610947, ""epochs_trained"": 48}",2026-07-02T10:20:51.310272,completed
1,MAPE,120,2,selu,2,64,0.1,64.05254364013672,14.960925102233887,10.492072105407715,7.293803865165306,10.520389736897751,64.05254364013672,9.234017372131348,14.241122245788574,7.139764685459427,14.334687084217375,56.84075927734375,"{""loss"": 40.841732025146484, ""mape"": 40.841732025146484, ""mae"": 8.953757286071777, ""val_loss"": 64.05254364013672, ""val_mape"": 64.05254364013672, ""val_mae"": 14.960925102233887, ""lr"": 0.00010000000474974513, ""val_mae12"": 10.492072105407715, ""val_me"": 7.293803865165306, ""val_me12"": 10.520389736897751, ""mape_2021"": 56.84075927734375, ""mae_2021"": 9.234017372131348, ""mae12_2021"": 14.241122245788574, ""me_2021"": 7.139764685459427, ""me12_2021"": 14.334687084217375, ""epochs_trained"": 62}",2026-07-02T10:20:52.042850,completed
1,MAPE,120,2,selu,2,32,0.0,53.01215362548828,11.608528137207031,4.6589884757995605,10.041897424473424,3.8754725335925104,53.01215362548828,11.27475643157959,7.579634666442871,10.402615377734147,7.049146475873119,60.61846923828125,"{""loss"": 42.16547775268555, ""mape"": 42.16547775268555, ""mae"": 9.179015159606934, ""val_loss"": 53.01215362548828, ""val_mape"": 53.01215362548828, ""val_mae"": 11.608528137207031, ""lr"": 0.00010000000474974513, ""val_mae12"": 4.6589884757995605, ""val_me"": 10.041897424473424, ""val_me12"": 3.8754725335925104, ""mape_2021"": 60.61846923828125, ""mae_2021"": 11.27475643157959, ""mae12_2021"": 7.579634666442871, ""me_2021"": 10.402615377734147, ""me12_2021"": 7.049146475873119, ""epochs_trained"": 68}",2026-07-02T10:20:52.058847,completed
1,MAPE,120,2,selu,2,32,0.05,57.769737243652344,13.077993392944336,7.4069366455078125,8.497212106309297,7.189832092666929,57.769737243652344,10.282613754272461,11.048792839050293,8.771691250635309,10.849324203457604,58.81072998046875,"{""loss"": 43.91271209716797, ""mape"": 43.91271209716797, ""mae"": 9.621316909790039, ""val_loss"": 57.769737243652344, ""val_mape"": 57.769737243652344, ""val_mae"": 13.077993392944336, ""lr"": 0.00010000000474974513, ""val_mae12"": 7.4069366455078125, ""val_me"": 8.497212106309297, ""val_me12"": 7.189832092666929, ""mape_2021"": 58.81072998046875, ""mae_2021"": 10.282613754272461, ""mae12_2021"": 11.048792839050293, ""me_2021"": 8.771691250635309, ""me12_2021"": 10.849324203457604, ""epochs_trained"": 70}",2026-07-02T10:20:52.296849,completed
1,MAPE,120,2,selu,2,32,0.1,64.56410217285156,14.387879371643066,11.394172668457031,7.897825231729007,11.271955110359931,64.56410217285156,10.214675903320312,15.907697677612305,7.936001045883718,15.9968768526377,63.30931091308594,"{""loss"": 46.790340423583984, ""mape"": 46.790340423583984, ""mae"": 10.119595527648926, ""val_loss"": 64.56410217285156, ""val_mape"": 64.56410217285156, ""val_mae"": 14.387879371643066, ""lr"": 0.00010000000474974513, ""val_mae12"": 11.394172668457031, ""val_me"": 7.897825231729007, ""val_me12"": 11.271955110359931, ""mape_2021"": 63.30931091308594, ""mae_2021"": 10.214675903320312, ""mae12_2021"": 15.907697677612305, ""me_2021"": 7.936001045883718, ""me12_2021"": 15.9968768526377, ""epochs_trained"": 79}",2026-07-02T10:20:52.640741,completed
1,MAPE,120,2,selu,2,128,0.1,58.043704986572266,13.485203742980957,11.337859153747559,8.577194565380557,11.15594727711915,58.043704986572266,10.912129402160645,15.742474555969238,8.696229337115463,15.755089867152059,66.36625671386719,"{""loss"": 40.000240325927734, ""mape"": 40.000240325927734, ""mae"": 8.77089786529541, ""val_loss"": 58.043704986572266, ""val_mape"": 58.043704986572266, ""val_mae"": 13.485203742980957, ""lr"": 0.00010000000474974513, ""val_mae12"": 11.337859153747559, ""val_me"": 8.577194565380557, ""val_me12"": 11.15594727711915, ""mape_2021"": 66.36625671386719, ""mae_2021"": 10.912129402160645, ""mae12_2021"": 15.742474555969238, ""me_2021"": 8.696229337115463, ""me12_2021"": 15.755089867152059, ""epochs_trained"": 47}",2026-07-02T10:21:14.260234,completed
1,MAPE,120,2,selu,2,256,0.1,49.17316436767578,11.822807312011719,6.058621883392334,0.5763548468158078,6.07190804620507,49.17316436767578,7.550142288208008,5.604551792144775,0.891591895911642,5.603738073103466,36.71915054321289,"{""loss"": 23.252267837524414, ""mape"": 23.252267837524414, ""mae"": 5.170094966888428, ""val_loss"": 49.17316436767578, ""val_mape"": 49.17316436767578, ""val_mae"": 11.822807312011719, ""lr"": 0.00010000000474974513, ""val_mae12"": 6.058621883392334, ""val_me"": 0.5763548468158078, ""val_me12"": 6.07190804620507, ""mape_2021"": 36.71915054321289, ""mae_2021"": 7.550142288208008, ""mae12_2021"": 5.604551792144775, ""me_2021"": 0.891591895911642, ""me12_2021"": 5.603738073103466, ""epochs_trained"": 54}",2026-07-02T10:21:24.779532,completed
1,MAPE,120,2,selu,2,128,0.3,148.16896057128906,34.36734390258789,29.3266658782959,4.050956845177856,29.42580093778121,148.16896057128906,11.70961856842041,36.23773193359375,3.3386635193419134,36.403287184716994,91.15475463867188,"{""loss"": 46.32646560668945, ""mape"": 46.32646560668945, ""mae"": 9.915776252746582, ""val_loss"": 148.16896057128906, ""val_mape"": 148.16896057128906, ""val_mae"": 34.36734390258789, ""lr"": 0.00010000000474974513, ""val_mae12"": 29.3266658782959, ""val_me"": 4.050956845177856, ""val_me12"": 29.42580093778121, ""mape_2021"": 91.15475463867188, ""mae_2021"": 11.70961856842041, ""mae12_2021"": 36.23773193359375, ""me_2021"": 3.3386635193419134, ""me12_2021"": 36.403287184716994, ""epochs_trained"": 54}",2026-07-02T10:21:25.930860,completed
1,MAPE,120,2,selu,2,256,0.05,24.29228401184082,5.303713798522949,2.2420082092285156,-4.021339392757281,2.2022178647434996,24.29228401184082,5.0050177574157715,1.6976677179336548,-4.315775253704625,0.8871639205168292,21.578092575073242,"{""loss"": 9.5026273727417, ""mape"": 9.5026273727417, ""mae"": 2.1084160804748535, ""val_loss"": 24.29228401184082, ""val_mape"": 24.29228401184082, ""val_mae"": 5.303713798522949, ""lr"": 0.00010000000474974513, ""val_mae12"": 2.2420082092285156, ""val_me"": -4.021339392757281, ""val_me12"": 2.2022178647434996, ""mape_2021"": 21.578092575073242, ""mae_2021"": 5.0050177574157715, ""mae12_2021"": 1.6976677179336548, ""me_2021"": -4.315775253704625, ""me12_2021"": 0.8871639205168292, ""epochs_trained"": 180}",2026-07-02T10:21:40.572279,completed
1,MAPE,120,2,selu,2,256,0.3,160.56459045410156,37.617828369140625,23.050731658935547,4.078177022701061,23.133862548860726,160.56459045410156,10.526626586914062,28.492185592651367,3.6914545862374397,28.617421458422648,77.36585998535156,"{""loss"": 40.53306198120117, ""mape"": 40.53306198120117, ""mae"": 8.744025230407715, ""val_loss"": 160.56459045410156, ""val_mape"": 160.56459045410156, ""val_mae"": 37.617828369140625, ""lr"": 0.00010000000474974513, ""val_mae12"": 23.050731658935547, ""val_me"": 4.078177022701061, ""val_me12"": 23.133862548860726, ""mape_2021"": 77.36585998535156, ""mae_2021"": 10.526626586914062, ""mae12_2021"": 28.492185592651367, ""me_2021"": 3.6914545862374397, ""me12_2021"": 28.617421458422648, ""epochs_trained"": 45}",2026-07-02T10:21:49.129301,completed
1,MAPE,120,2,selu,2,256,0.0,3.816377639770508,0.7514974474906921,0.8971290588378906,0.16228402326859892,0.3230769123844242,3.816377639770508,0.7223780155181885,0.7975916862487793,0.16853371689383853,-0.3566609051225588,4.015653133392334,"{""loss"": 2.9013779163360596, ""mape"": 2.9013779163360596, ""mae"": 0.5901883840560913, ""val_loss"": 3.816377639770508, ""val_mape"": 3.816377639770508, ""val_mae"": 0.7514974474906921, ""lr"": 1.0000000656873453e-05, ""val_mae12"": 0.8971290588378906, ""val_me"": 0.16228402326859892, ""val_me12"": 0.3230769123844242, ""mape_2021"": 4.015653133392334, ""mae_2021"": 0.7223780155181885, ""mae12_2021"": 0.7975916862487793, ""me_2021"": 0.16853371689383853, ""me12_2021"": -0.3566609051225588, ""epochs_trained"": 449}",2026-07-02T10:21:58.738841,completed
1,MAPE,120,2,selu,2,128,0.0,4.115547180175781,0.8236097097396851,0.902136504650116,0.14725614610041726,0.30140044593579524,4.115547180175781,0.753325879573822,0.8619118928909302,0.17253525288274374,-0.39364996612921416,4.267374038696289,"{""loss"": 2.9950509071350098, ""mape"": 2.9950509071350098, ""mae"": 0.608128011226654, ""val_loss"": 4.115547180175781, ""val_mape"": 4.115547180175781, ""val_mae"": 0.8236097097396851, ""lr"": 1.0000000656873453e-05, ""val_mae12"": 0.902136504650116, ""val_me"": 0.14725614610041726, ""val_me12"": 0.30140044593579524, ""mape_2021"": 4.267374038696289, ""mae_2021"": 0.753325879573822, ""mae12_2021"": 0.8619118928909302, ""me_2021"": 0.17253525288274374, ""me12_2021"": -0.39364996612921416, ""epochs_trained"": 616}",2026-07-02T10:22:03.238999,completed
1,MAPE,120,2,selu,2,64,0.0,4.021350383758545,0.803916335105896,0.8901956081390381,0.21958100960830437,0.2544387867836748,4.021350383758545,0.7460784912109375,1.024511456489563,0.18653465738298974,-0.5488022994086649,4.466979026794434,"{""loss"": 3.0332770347595215, ""mape"": 3.0332770347595215, ""mae"": 0.6125122904777527, ""val_loss"": 4.021350383758545, ""val_mape"": 4.021350383758545, ""val_mae"": 0.803916335105896, ""lr"": 1.0000000656873453e-05, ""val_mae12"": 0.8901956081390381, ""val_me"": 0.21958100960830437, ""val_me12"": 0.2544387867836748, ""mape_2021"": 4.466979026794434, ""mae_2021"": 0.7460784912109375, ""mae12_2021"": 1.024511456489563, ""me_2021"": 0.18653465738298974, ""me12_2021"": -0.5488022994086649, ""epochs_trained"": 1024}",2026-07-02T10:22:12.341030,completed
1,MAPE,120,2,selu,2,128,0.05,21.299827575683594,4.7871222496032715,2.124113082885742,-2.6001115733213944,1.9833944912893857,21.299827575683594,4.439570903778076,1.5776342153549194,-3.238739965299574,0.7547692025795628,20.084640502929688,"{""loss"": 9.566493034362793, ""mape"": 9.566493034362793, ""mae"": 2.168353319168091, ""val_loss"": 21.299827575683594, ""val_mape"": 21.299827575683594, ""val_mae"": 4.7871222496032715, ""lr"": 0.00010000000474974513, ""val_mae12"": 2.124113082885742, ""val_me"": -2.6001115733213944, ""val_me12"": 1.9833944912893857, ""mape_2021"": 20.084640502929688, ""mae_2021"": 4.439570903778076, ""mae12_2021"": 1.5776342153549194, ""me_2021"": -3.238739965299574, ""me12_2021"": 0.7547692025795628, ""epochs_trained"": 232}",2026-07-02T10:22:16.149076,completed
1,MAPE,120,2,selu,3,32,0.3,98.09190368652344,18.443893432617188,10.37238883972168,19.641030241229902,10.409506382029855,98.09190368652344,19.917272567749023,13.558541297912598,18.213759367677707,13.658949676744976,93.34700775146484,"{""loss"": 82.90267181396484, ""mape"": 82.90267181396484, ""mae"": 20.867998123168945, ""val_loss"": 98.09190368652344, ""val_mape"": 98.09190368652344, ""val_mae"": 18.443893432617188, ""lr"": 0.00010000000474974513, ""val_mae12"": 10.37238883972168, ""val_me"": 19.641030241229902, ""val_me12"": 10.409506382029855, ""mape_2021"": 93.34700775146484, ""mae_2021"": 19.917272567749023, ""mae12_2021"": 13.558541297912598, ""me_2021"": 18.213759367677707, ""me12_2021"": 13.658949676744976, ""epochs_trained"": 36}",2026-07-02T10:22:32.762205,completed
1,MAPE,120,2,selu,3,16,0.3,96.81959533691406,19.645431518554688,9.821324348449707,19.250851029636376,9.858034495056769,96.81959533691406,19.55388641357422,13.584650993347168,17.931010660273913,13.687317761263975,92.5667953491211,"{""loss"": 87.32548522949219, ""mape"": 87.32548522949219, ""mae"": 21.877422332763672, ""val_loss"": 96.81959533691406, ""val_mape"": 96.81959533691406, ""val_mae"": 19.645431518554688, ""lr"": 0.00010000000474974513, ""val_mae12"": 9.821324348449707, ""val_me"": 19.250851029636376, ""val_me12"": 9.858034495056769, ""mape_2021"": 92.5667953491211, ""mae_2021"": 19.55388641357422, ""mae12_2021"": 13.584650993347168, ""me_2021"": 17.931010660273913, ""me12_2021"": 13.687317761263975, ""epochs_trained"": 47}",2026-07-02T10:22:33.286761,completed
1,MAPE,120,2,selu,3,32,0.05,54.501441955566406,12.52005386352539,10.028658866882324,6.781780973649771,10.061529112597492,54.501441955566406,8.361801147460938,13.326170921325684,6.4826529534655375,13.411773475489744,52.50669860839844,"{""loss"": 37.47715759277344, ""mape"": 37.47715759277344, ""mae"": 8.1884765625, ""val_loss"": 54.501441955566406, ""val_mape"": 54.501441955566406, ""val_mae"": 12.52005386352539, ""lr"": 0.00010000000474974513, ""val_mae12"": 10.028658866882324, ""val_me"": 6.781780973649771, ""val_me12"": 10.061529112597492, ""mape_2021"": 52.50669860839844, ""mae_2021"": 8.361801147460938, ""mae12_2021"": 13.326170921325684, ""me_2021"": 6.4826529534655375, ""me12_2021"": 13.411773475489744, ""epochs_trained"": 63}",2026-07-02T10:22:34.088370,completed
1,MAPE,120,2,selu,3,16,0.05,59.8096809387207,13.598978042602539,8.268820762634277,8.029302817996836,8.220082880947494,59.8096809387207,9.863905906677246,11.794008255004883,8.197597551262724,11.753768844994742,57.273311614990234,"{""loss"": 45.62931442260742, ""mape"": 45.62931442260742, ""mae"": 10.059000968933105, ""val_loss"": 59.8096809387207, ""val_mape"": 59.8096809387207, ""val_mae"": 13.598978042602539, ""lr"": 0.00010000000474974513, ""val_mae12"": 8.268820762634277, ""val_me"": 8.029302817996836, ""val_me12"": 8.220082880947494, ""mape_2021"": 57.273311614990234, ""mae_2021"": 9.863905906677246, ""mae12_2021"": 11.794008255004883, ""me_2021"": 8.197597551262724, ""me12_2021"": 11.753768844994742, ""epochs_trained"": 71}",2026-07-02T10:22:34.464125,completed
1,MAPE,120,2,selu,3,32,0.1,69.35191345214844,16.58988380432129,13.325984001159668,5.2339227851900265,13.373751447155904,69.35191345214844,7.949037551879883,16.887657165527344,4.971199924658538,16.984214282955897,53.70851135253906,"{""loss"": 40.01707458496094, ""mape"": 40.01707458496094, ""mae"": 8.837327003479004, ""val_loss"": 69.35191345214844, ""val_mape"": 69.35191345214844, ""val_mae"": 16.58988380432129, ""lr"": 0.00010000000474974513, ""val_mae12"": 13.325984001159668, ""val_me"": 5.2339227851900265, ""val_me12"": 13.373751447155904, ""mape_2021"": 53.70851135253906, ""mae_2021"": 7.949037551879883, ""mae12_2021"": 16.887657165527344, ""me_2021"": 4.971199924658538, ""me12_2021"": 16.984214282955897, ""epochs_trained"": 73}",2026-07-02T10:22:34.577687,completed
1,MAPE,120,2,selu,3,16,0.1,46.28095245361328,10.406046867370605,10.168452262878418,4.525579985313372,10.201308598478958,46.28095245361328,6.01585054397583,12.749598503112793,3.9281065922435143,12.82796739785048,41.5025520324707,"{""loss"": 37.69401550292969, ""mape"": 37.69401550292969, ""mae"": 8.404106140136719, ""val_loss"": 46.28095245361328, ""val_mape"": 46.28095245361328, ""val_mae"": 10.406046867370605, ""lr"": 0.00010000000474974513, ""val_mae12"": 10.168452262878418, ""val_me"": 4.525579985313372, ""val_me12"": 10.201308598478958, ""mape_2021"": 41.5025520324707, ""mae_2021"": 6.01585054397583, ""mae12_2021"": 12.749598503112793, ""me_2021"": 3.9281065922435143, ""me12_2021"": 12.82796739785048, ""epochs_trained"": 124}",2026-07-02T10:22:36.635014,completed
1,MAPE,120,2,selu,3,64,0.05,48.409420013427734,10.944512367248535,10.066812515258789,7.974676006713627,10.078186655998095,48.409420013427734,9.432714462280273,13.97724723815918,7.636740365755671,14.064624500753212,58.22283935546875,"{""loss"": 35.41044998168945, ""mape"": 35.41044998168945, ""mae"": 7.630520343780518, ""val_loss"": 48.409420013427734, ""val_mape"": 48.409420013427734, ""val_mae"": 10.944512367248535, ""lr"": 0.00010000000474974513, ""val_mae12"": 10.066812515258789, ""val_me"": 7.974676006713627, ""val_me12"": 10.078186655998095, ""mape_2021"": 58.22283935546875, ""mae_2021"": 9.432714462280273, ""mae12_2021"": 13.97724723815918, ""me_2021"": 7.636740365755671, ""me12_2021"": 14.064624500753212, ""epochs_trained"": 49}",2026-07-02T10:22:45.349036,completed
1,MAPE,120,2,selu,3,64,0.3,116.53770446777344,21.47157859802246,6.018331527709961,22.008422068149166,5.823024949409736,116.53770446777344,21.403873443603516,8.334481239318848,20.508718173639373,8.260726850599662,93.4380111694336,"{""loss"": 82.47846984863281, ""mape"": 82.47846984863281, ""mae"": 20.926406860351562, ""val_loss"": 116.53770446777344, ""val_mape"": 116.53770446777344, ""val_mae"": 21.47157859802246, ""lr"": 0.00010000000474974513, ""val_mae12"": 6.018331527709961, ""val_me"": 22.008422068149166, ""val_me12"": 5.823024949409736, ""mape_2021"": 93.4380111694336, ""mae_2021"": 21.403873443603516, ""mae12_2021"": 8.334481239318848, ""me_2021"": 20.508718173639373, ""me12_2021"": 8.260726850599662, ""epochs_trained"": 30}",2026-07-02T10:22:46.405199,completed
1,MAPE,120,2,selu,3,64,0.1,67.86819458007812,16.25824737548828,13.670345306396484,5.058120561449807,13.719084764753246,67.86819458007812,7.631596088409424,17.335819244384766,4.399989010188439,17.43412280881135,53.144432067871094,"{""loss"": 35.473052978515625, ""mape"": 35.473052978515625, ""mae"": 7.761198043823242, ""val_loss"": 67.86819458007812, ""val_mape"": 67.86819458007812, ""val_mae"": 16.25824737548828, ""lr"": 0.00010000000474974513, ""val_mae12"": 13.670345306396484, ""val_me"": 5.058120561449807, ""val_me12"": 13.719084764753246, ""mape_2021"": 53.144432067871094, ""mae_2021"": 7.631596088409424, ""mae12_2021"": 17.335819244384766, ""me_2021"": 4.399989010188439, ""me12_2021"": 17.43412280881135, ""epochs_trained"": 56}",2026-07-02T10:22:47.917198,completed
1,MAPE,120,2,selu,3,128,0.3,95.8492202758789,15.385807991027832,5.732920169830322,23.02009685791291,5.592690900996705,95.8492202758789,22.197589874267578,8.01461410522461,21.351504161143524,8.049626409161483,96.80670166015625,"{""loss"": 79.05602264404297, ""mape"": 79.05602264404297, ""mae"": 19.837697982788086, ""val_loss"": 95.8492202758789, ""val_mape"": 95.8492202758789, ""val_mae"": 15.385807991027832, ""lr"": 0.00010000000474974513, ""val_mae12"": 5.732920169830322, ""val_me"": 23.02009685791291, ""val_me12"": 5.592690900996705, ""mape_2021"": 96.80670166015625, ""mae_2021"": 22.197589874267578, ""mae12_2021"": 8.01461410522461, ""me_2021"": 21.351504161143524, ""me12_2021"": 8.049626409161483, ""epochs_trained"": 28}",2026-07-02T10:23:04.249816,completed
1,MAPE,120,2,selu,3,128,0.1,57.95299530029297,13.412284851074219,12.868706703186035,7.229523223398977,12.9106033431844,57.95299530029297,9.34910774230957,16.813520431518555,6.79877297108263,16.92321730899982,60.16637420654297,"{""loss"": 31.924224853515625, ""mape"": 31.924224853515625, ""mae"": 6.9369611740112305, ""val_loss"": 57.95299530029297, ""val_mape"": 57.95299530029297, ""val_mae"": 13.412284851074219, ""lr"": 0.00010000000474974513, ""val_mae12"": 12.868706703186035, ""val_me"": 7.229523223398977, ""val_me12"": 12.9106033431844, ""mape_2021"": 60.16637420654297, ""mae_2021"": 9.34910774230957, ""mae12_2021"": 16.813520431518555, ""me_2021"": 6.79877297108263, ""me12_2021"": 16.92321730899982, ""epochs_trained"": 39}",2026-07-02T10:23:04.257812,completed
1,MAPE,120,2,selu,3,128,0.05,22.811708450317383,5.344559192657471,2.1214234828948975,-4.678550761842394,2.0327142763180137,22.811708450317383,5.139710903167725,1.8664430379867554,-4.852324375173247,1.7936977570074073,23.300321578979492,"{""loss"": 6.84983491897583, ""mape"": 6.84983491897583, ""mae"": 1.5186958312988281, ""val_loss"": 22.811708450317383, ""val_mape"": 22.811708450317383, ""val_mae"": 5.344559192657471, ""lr"": 0.00010000000474974513, ""val_mae12"": 2.1214234828948975, ""val_me"": -4.678550761842394, ""val_me12"": 2.0327142763180137, ""mape_2021"": 23.300321578979492, ""mae_2021"": 5.139710903167725, ""mae12_2021"": 1.8664430379867554, ""me_2021"": -4.852324375173247, ""me12_2021"": 1.7936977570074073, ""epochs_trained"": 195}",2026-07-02T10:23:08.829054,completed
1,MAPE,120,2,selu,3,32,0.0,4.452755928039551,0.8838801980018616,0.9479116797447205,0.2794685853324138,0.25704120059185587,4.452755928039551,0.7690821886062622,0.8736430406570435,0.18668054767573,-0.2993322347506831,4.318730354309082,"{""loss"": 3.028468370437622, ""mape"": 3.028468370437622, ""mae"": 0.6145576238632202, ""val_loss"": 4.452755928039551, ""val_mape"": 4.452755928039551, ""val_mae"": 0.8838801980018616, ""lr"": 0.00010000000474974513, ""val_mae12"": 0.9479116797447205, ""val_me"": 0.2794685853324138, ""val_me12"": 0.25704120059185587, ""mape_2021"": 4.318730354309082, ""mae_2021"": 0.7690821886062622, ""mae12_2021"": 0.8736430406570435, ""me_2021"": 0.18668054767573, ""me12_2021"": -0.2993322347506831, ""epochs_trained"": 630}",2026-07-02T10:23:20.529207,completed
1,MAPE,120,2,selu,3,128,0.0,3.970747947692871,0.7825914621353149,0.9646604657173157,0.15042604134271165,0.3905524868974733,3.970747947692871,0.7120915651321411,0.8878675103187561,0.1604116938276628,-0.3104103615654514,4.0767822265625,"{""loss"": 2.8196144104003906, ""mape"": 2.8196144104003906, ""mae"": 0.5717043280601501, ""val_loss"": 3.970747947692871, ""val_mape"": 3.970747947692871, ""val_mae"": 0.7825914621353149, ""lr"": 1.0000000656873453e-05, ""val_mae12"": 0.9646604657173157, ""val_me"": 0.15042604134271165, ""val_me12"": 0.3905524868974733, ""mape_2021"": 4.0767822265625, ""mae_2021"": 0.7120915651321411, ""mae12_2021"": 0.8878675103187561, ""me_2021"": 0.1604116938276628, ""me12_2021"": -0.3104103615654514, ""epochs_trained"": 535}",2026-07-02T10:23:26.594937,completed
1,MAPE,120,2,selu,3,64,0.0,4.067708969116211,0.8004003167152405,0.9494394659996033,0.19922827780961969,0.3569492491474177,4.067708969116211,0.7199319005012512,0.911640465259552,0.16182233712106273,-0.388181610499483,4.0986714363098145,"{""loss"": 2.7986230850219727, ""mape"": 2.7986230850219727, ""mae"": 0.5718756318092346, ""val_loss"": 4.067708969116211, ""val_mape"": 4.067708969116211, ""val_mae"": 0.8004003167152405, ""lr"": 1.0000000656873453e-05, ""val_mae12"": 0.9494394659996033, ""val_me"": 0.19922827780961969, ""val_me12"": 0.3569492491474177, ""mape_2021"": 4.0986714363098145, ""mae_2021"": 0.7199319005012512, ""mae12_2021"": 0.911640465259552, ""me_2021"": 0.16182233712106273, ""me12_2021"": -0.388181610499483, ""epochs_trained"": 1665}",2026-07-02T10:24:09.752873,completed
1,MAPE,120,2,selu,3,16,0.0,4.3609819412231445,0.8541280031204224,0.987341046333313,0.20140246467665798,0.4097186422172108,4.3609819412231445,0.7440053224563599,0.8830126523971558,0.16140883627811428,-0.2585237205761953,4.223442554473877,"{""loss"": 3.061508893966675, ""mape"": 3.061508893966675, ""mae"": 0.6205272078514099, ""val_loss"": 4.3609819412231445, ""val_mape"": 4.3609819412231445, ""val_mae"": 0.8541280031204224, ""lr"": 1.0000000656873453e-05, ""val_mae12"": 0.987341046333313, ""val_me"": 0.20140246467665798, ""val_me12"": 0.4097186422172108, ""mape_2021"": 4.223442554473877, ""mae_2021"": 0.7440053224563599, ""mae12_2021"": 0.8830126523971558, ""me_2021"": 0.16140883627811428, ""me12_2021"": -0.2585237205761953, ""epochs_trained"": 5320}",2026-07-02T10:26:04.497448,completed
1,MAPE,120,2,selu,3,256,0.3,233.3250274658203,55.47521209716797,35.234230041503906,5.953749711076231,35.326203600464346,233.3250274658203,15.955840110778809,40.85059356689453,4.453611860544001,41.002844165026644,112.7802963256836,"{""loss"": 34.80961990356445, ""mape"": 34.80961990356445, ""mae"": 7.568130016326904, ""val_loss"": 233.3250274658203, ""val_mape"": 233.3250274658203, ""val_mae"": 55.47521209716797, ""lr"": 0.00010000000474974513, ""val_mae12"": 35.234230041503906, ""val_me"": 5.953749711076231, ""val_me12"": 35.326203600464346, ""mape_2021"": 112.7802963256836, ""mae_2021"": 15.955840110778809, ""mae12_2021"": 40.85059356689453, ""me_2021"": 4.453611860544001, ""me12_2021"": 41.002844165026644, ""epochs_trained"": 36}",2026-07-02T10:26:34.644254,completed
1,MAPE,120,2,selu,3,256,0.05,29.531469345092773,6.8173909187316895,3.6679279804229736,0.7690966468269987,1.8715129122023488,29.531469345092773,5.852005481719971,4.443782329559326,0.7609354499874099,-1.109316104687621,29.772457122802734,"{""loss"": 16.68742561340332, ""mape"": 16.68742561340332, ""mae"": 3.57012939453125, ""val_loss"": 29.531469345092773, ""val_mape"": 29.531469345092773, ""val_mae"": 6.8173909187316895, ""lr"": 0.00010000000474974513, ""val_mae12"": 3.6679279804229736, ""val_me"": 0.7690966468269987, ""val_me12"": 1.8715129122023488, ""mape_2021"": 29.772457122802734, ""mae_2021"": 5.852005481719971, ""mae12_2021"": 4.443782329559326, ""me_2021"": 0.7609354499874099, ""me12_2021"": -1.109316104687621, ""epochs_trained"": 43}",2026-07-02T10:26:35.093263,completed
1,MAPE,120,2,selu,3,256,0.1,50.02458190917969,11.839171409606934,3.4362807273864746,-4.846226840224591,0.426590288826479,50.02458190917969,8.10905647277832,4.699586868286133,-4.30350806788998,-2.609825665132117,36.65713119506836,"{""loss"": 17.739439010620117, ""mape"": 17.739439010620117, ""mae"": 3.847750186920166, ""val_loss"": 50.02458190917969, ""val_mape"": 50.02458190917969, ""val_mae"": 11.839171409606934, ""lr"": 0.00010000000474974513, ""val_mae12"": 3.4362807273864746, ""val_me"": -4.846226840224591, ""val_me12"": 0.426590288826479, ""mape_2021"": 36.65713119506836, ""mae_2021"": 8.10905647277832, ""mae12_2021"": 4.699586868286133, ""me_2021"": -4.30350806788998, ""me12_2021"": -2.609825665132117, ""epochs_trained"": 46}",2026-07-02T10:26:35.776599,completed
1,MAPE,120,3,relu,1,16,0.3,34.190673828125,6.594098091125488,7.024087905883789,4.62564188561485,6.087269032664589,34.190673828125,7.879816055297852,5.067027568817139,6.623559731540143,4.22468984483961,42.38593673706055,"{""loss"": 40.17434310913086, ""mape"": 40.17434310913086, ""mae"": 8.923240661621094, ""val_loss"": 34.190673828125, ""val_mape"": 34.190673828125, ""val_mae"": 6.594098091125488, ""lr"": 0.00010000000474974513, ""val_mae12"": 7.024087905883789, ""val_me"": 4.62564188561485, ""val_me12"": 6.087269032664589, ""mape_2021"": 42.38593673706055, ""mae_2021"": 7.879816055297852, ""mae12_2021"": 5.067027568817139, ""me_2021"": 6.623559731540143, ""me12_2021"": 4.22468984483961, ""epochs_trained"": 739}",2026-07-02T10:27:34.626758,completed
1,MAPE,120,3,relu,1,32,0.3,46.074790954589844,9.35035228729248,9.47554874420166,7.308313298749151,8.994275265383699,46.074790954589844,10.442900657653809,10.688301086425781,8.644342223537363,10.19241140422286,59.37347412109375,"{""loss"": 50.933692932128906, ""mape"": 50.933692932128906, ""mae"": 11.15468692779541, ""val_loss"": 46.074790954589844, ""val_mape"": 46.074790954589844, ""val_mae"": 9.35035228729248, ""lr"": 0.00010000000474974513, ""val_mae12"": 9.47554874420166, ""val_me"": 7.308313298749151, ""val_me12"": 8.994275265383699, ""mape_2021"": 59.37347412109375, ""mae_2021"": 10.442900657653809, ""mae12_2021"": 10.688301086425781, ""me_2021"": 8.644342223537363, ""me12_2021"": 10.19241140422286, ""epochs_trained"": 91}",2026-07-02T10:27:51.840919,completed
1,MAPE,120,3,relu,1,16,0.05,40.73904800415039,8.348464965820312,8.33676815032959,7.10571271279875,6.967980704447291,40.73904800415039,9.412907600402832,8.960220336914062,7.934117274554274,6.729004794506623,49.510986328125,"{""loss"": 41.10139465332031, ""mape"": 41.10139465332031, ""mae"": 8.941073417663574, ""val_loss"": 40.73904800415039, ""val_mape"": 40.73904800415039, ""val_mae"": 8.348464965820312, ""lr"": 0.00010000000474974513, ""val_mae12"": 8.33676815032959, ""val_me"": 7.10571271279875, ""val_me12"": 6.967980704447291, ""mape_2021"": 49.510986328125, ""mae_2021"": 9.412907600402832, ""mae12_2021"": 8.960220336914062, ""me_2021"": 7.934117274554274, ""me12_2021"": 6.729004794506623, ""epochs_trained"": 961}",2026-07-02T10:27:53.129071,completed
1,MAPE,120,2,selu,3,256,0.0,3.681704521179199,0.728905975818634,0.9398369789123535,0.13901532645894277,0.414319872554847,3.681704521179199,0.7014050483703613,0.9676566123962402,0.15884806347247168,-0.48780581182718336,4.229604721069336,"{""loss"": 2.772923707962036, ""mape"": 2.772923707962036, ""mae"": 0.567652702331543, ""val_loss"": 3.681704521179199, ""val_mape"": 3.681704521179199, ""val_mae"": 0.728905975818634, ""lr"": 1.0000000656873453e-05, ""val_mae12"": 0.9398369789123535, ""val_me"": 0.13901532645894277, ""val_me12"": 0.414319872554847, ""mape_2021"": 4.229604721069336, ""mae_2021"": 0.7014050483703613, ""mae12_2021"": 0.9676566123962402, ""me_2021"": 0.15884806347247168, ""me12_2021"": -0.48780581182718336, ""epochs_trained"": 826}",2026-07-02T10:27:59.304259,completed
1,MAPE,120,3,relu,1,64,0.05,46.017066955566406,9.48630428314209,9.091670989990234,7.305384421644662,8.67946552821696,46.017066955566406,10.468167304992676,10.116907119750977,8.727922888105617,9.716586761158432,59.00028610229492,"{""loss"": 46.67009353637695, ""mape"": 46.67009353637695, ""mae"": 10.153655052185059, ""val_loss"": 46.017066955566406, ""val_mape"": 46.017066955566406, ""val_mae"": 9.48630428314209, ""lr"": 0.00010000000474974513, ""val_mae12"": 9.091670989990234, ""val_me"": 7.305384421644662, ""val_me12"": 8.67946552821696, ""mape_2021"": 59.00028610229492, ""mae_2021"": 10.468167304992676, ""mae12_2021"": 10.116907119750977, ""me_2021"": 8.727922888105617, ""me12_2021"": 9.716586761158432, ""epochs_trained"": 62}",2026-07-02T10:28:03.612087,completed
1,MAPE,120,3,relu,1,64,0.1,45.01987838745117,9.291523933410645,8.897090911865234,6.93770908337997,8.399763896004144,45.01987838745117,10.307866096496582,9.833924293518066,8.388217341008298,9.156377068530137,56.982723236083984,"{""loss"": 46.495479583740234, ""mape"": 46.495479583740234, ""mae"": 10.124408721923828, ""val_loss"": 45.01987838745117, ""val_mape"": 45.01987838745117, ""val_mae"": 9.291523933410645, ""lr"": 0.00010000000474974513, ""val_mae12"": 8.897090911865234, ""val_me"": 6.93770908337997, ""val_me12"": 8.399763896004144, ""mape_2021"": 56.982723236083984, ""mae_2021"": 10.307866096496582, ""mae12_2021"": 9.833924293518066, ""me_2021"": 8.388217341008298, ""me12_2021"": 9.156377068530137, ""epochs_trained"": 78}",2026-07-02T10:28:10.306871,completed
1,MAPE,120,3,relu,1,64,0.3,44.881568908691406,9.210651397705078,9.408184051513672,7.0914658791104115,8.887775810544255,44.881568908691406,10.271477699279785,10.234786033630371,8.504943653938444,9.643188663360755,57.216007232666016,"{""loss"": 48.767860412597656, ""mape"": 48.767860412597656, ""mae"": 10.70384693145752, ""val_loss"": 44.881568908691406, ""val_mape"": 44.881568908691406, ""val_mae"": 9.210651397705078, ""lr"": 0.00010000000474974513, ""val_mae12"": 9.408184051513672, ""val_me"": 7.0914658791104115, ""val_me12"": 8.887775810544255, ""mape_2021"": 57.216007232666016, ""mae_2021"": 10.271477699279785, ""mae12_2021"": 10.234786033630371, ""me_2021"": 8.504943653938444, ""me12_2021"": 9.643188663360755, ""epochs_trained"": 82}",2026-07-02T10:28:14.561655,completed
1,MAPE,120,3,relu,1,32,0.0,10.596379280090332,2.478990077972412,1.1030235290527344,1.0647854812385995,0.4273630969739335,10.596379280090332,3.1132290363311768,1.3245896100997925,2.442883181659491,-1.0808744179611356,13.789848327636719,"{""loss"": 10.913609504699707, ""mape"": 10.913609504699707, ""mae"": 2.677560806274414, ""val_loss"": 10.596379280090332, ""val_mape"": 10.596379280090332, ""val_mae"": 2.478990077972412, ""lr"": 0.00010000000474974513, ""val_mae12"": 1.1030235290527344, ""val_me"": 1.0647854812385995, ""val_me12"": 0.4273630969739335, ""mape_2021"": 13.789848327636719, ""mae_2021"": 3.1132290363311768, ""mae12_2021"": 1.3245896100997925, ""me_2021"": 2.442883181659491, ""me12_2021"": -1.0808744179611356, ""epochs_trained"": 1517}",2026-07-02T10:28:31.426655,completed
1,MAPE,120,3,relu,1,16,0.0,5.595810890197754,1.2098610401153564,1.1439193487167358,-0.13084107580029022,0.809537738110165,5.595810890197754,1.337857723236084,1.0959514379501343,0.4497916693054726,-0.636236955464378,6.814027309417725,"{""loss"": 5.696666240692139, ""mape"": 5.696666240692139, ""mae"": 1.2880219221115112, ""val_loss"": 5.595810890197754, ""val_mape"": 5.595810890197754, ""val_mae"": 1.2098610401153564, ""lr"": 0.00010000000474974513, ""val_mae12"": 1.1439193487167358, ""val_me"": -0.13084107580029022, ""val_me12"": 0.809537738110165, ""mape_2021"": 6.814027309417725, ""mae_2021"": 1.337857723236084, ""mae12_2021"": 1.0959514379501343, ""me_2021"": 0.4497916693054726, ""me12_2021"": -0.636236955464378, ""epochs_trained"": 1828}",2026-07-02T10:28:38.387923,completed
1,MAPE,120,3,relu,1,32,0.05,3.4778683185577393,0.6699256896972656,1.191239595413208,-0.055155560448972664,0.5541848838660568,3.4778683185577393,0.820733904838562,0.9619510769844055,0.3807539317112797,-0.09472668007175743,4.558204650878906,"{""loss"": 6.777956485748291, ""mape"": 6.777956485748291, ""mae"": 1.4697628021240234, ""val_loss"": 3.4778683185577393, ""val_mape"": 3.4778683185577393, ""val_mae"": 0.6699256896972656, ""lr"": 1.0000000656873453e-05, ""val_mae12"": 1.191239595413208, ""val_me"": -0.055155560448972664, ""val_me12"": 0.5541848838660568, ""mape_2021"": 4.558204650878906, ""mae_2021"": 0.820733904838562, ""mae12_2021"": 0.9619510769844055, ""me_2021"": 0.3807539317112797, ""me12_2021"": -0.09472668007175743, ""epochs_trained"": 1719}",2026-07-02T10:28:41.983132,completed
1,MAPE,120,3,relu,1,32,0.1,3.5182747840881348,0.6668693423271179,1.1422163248062134,-0.008536109954877533,0.7044370477608342,3.5182747840881348,0.7678091526031494,1.0294716358184814,0.36323085059805454,-0.16167322106543025,4.4167633056640625,"{""loss"": 7.895990371704102, ""mape"": 7.895990371704102, ""mae"": 1.7644704580307007, ""val_loss"": 3.5182747840881348, ""val_mape"": 3.5182747840881348, ""val_mae"": 0.6668693423271179, ""lr"": 1.0000000656873453e-05, ""val_mae12"": 1.1422163248062134, ""val_me"": -0.008536109954877533, ""val_me12"": 0.7044370477608342, ""mape_2021"": 4.4167633056640625, ""mae_2021"": 0.7678091526031494, ""mae12_2021"": 1.0294716358184814, ""me_2021"": 0.36323085059805454, ""me12_2021"": -0.16167322106543025, ""epochs_trained"": 1743}",2026-07-02T10:28:43.115804,completed
1,MAPE,120,3,relu,1,16,0.1,3.5553486347198486,0.6485911011695862,1.476798415184021,0.0856533075039172,0.9910729433309535,3.5553486347198486,0.7861192226409912,1.025990605354309,0.495400778724907,-0.4890084076440396,4.349229335784912,"{""loss"": 8.290155410766602, ""mape"": 8.290155410766602, ""mae"": 1.8920484781265259, ""val_loss"": 3.5553486347198486, ""val_mape"": 3.5553486347198486, ""val_mae"": 0.6485911011695862, ""lr"": 1.0000000656873453e-05, ""val_mae12"": 1.476798415184021, ""val_me"": 0.0856533075039172, ""val_me12"": 0.9910729433309535, ""mape_2021"": 4.349229335784912, ""mae_2021"": 0.7861192226409912, ""mae12_2021"": 1.025990605354309, ""me_2021"": 0.495400778724907, ""me12_2021"": -0.4890084076440396, ""epochs_trained"": 1973}",2026-07-02T10:28:44.347935,completed
1,MAPE,120,3,relu,1,64,0.0,7.117191791534424,1.549997091293335,1.7398972511291504,0.28287897446068627,1.367084829578728,7.117191791534424,1.832353115081787,1.0413479804992676,0.9302863621936887,-0.17787032603825195,8.87855339050293,"{""loss"": 7.084228515625, ""mape"": 7.084228515625, ""mae"": 1.6433601379394531, ""val_loss"": 7.117191791534424, ""val_mape"": 7.117191791534424, ""val_mae"": 1.549997091293335, ""lr"": 1.0000000656873453e-05, ""val_mae12"": 1.7398972511291504, ""val_me"": 0.28287897446068627, ""val_me12"": 1.367084829578728, ""mape_2021"": 8.87855339050293, ""mae_2021"": 1.832353115081787, ""mae12_2021"": 1.0413479804992676, ""me_2021"": 0.9302863621936887, ""me12_2021"": -0.17787032603825195, ""epochs_trained"": 1420}",2026-07-02T10:29:00.950885,completed
1,MAPE,120,3,relu,1,256,0.3,45.00105667114258,9.382712364196777,9.799843788146973,7.126318800020454,9.438131427168049,45.00105667114258,10.282793045043945,10.904480934143066,8.51036594033198,10.409997010930327,58.039859771728516,"{""loss"": 46.60009765625, ""mape"": 46.60009765625, ""mae"": 10.199586868286133, ""val_loss"": 45.00105667114258, ""val_mape"": 45.00105667114258, ""val_mae"": 9.382712364196777, ""lr"": 0.00010000000474974513, ""val_mae12"": 9.799843788146973, ""val_me"": 7.126318800020454, ""val_me12"": 9.438131427168049, ""mape_2021"": 58.039859771728516, ""mae_2021"": 10.282793045043945, ""mae12_2021"": 10.904480934143066, ""me_2021"": 8.51036594033198, ""me12_2021"": 10.409997010930327, ""epochs_trained"": 51}",2026-07-02T10:29:24.807603,completed
1,MAPE,120,3,relu,1,128,0.1,44.969417572021484,9.320524215698242,9.401049613952637,6.9660547732589935,9.009474659144566,44.969417572021484,10.277875900268555,10.378255844116211,8.379568287895323,9.979976521855761,57.615970611572266,"{""loss"": 46.085182189941406, ""mape"": 46.085182189941406, ""mae"": 10.075482368469238, ""val_loss"": 44.969417572021484, ""val_mape"": 44.969417572021484, ""val_mae"": 9.320524215698242, ""lr"": 0.00010000000474974513, ""val_mae12"": 9.401049613952637, ""val_me"": 6.9660547732589935, ""val_me12"": 9.009474659144566, ""mape_2021"": 57.615970611572266, ""mae_2021"": 10.277875900268555, ""mae12_2021"": 10.378255844116211, ""me_2021"": 8.379568287895323, ""me12_2021"": 9.979976521855761, ""epochs_trained"": 59}",2026-07-02T10:29:25.927630,completed
1,MAPE,120,3,relu,1,128,0.3,44.218048095703125,9.172661781311035,8.755064010620117,6.68852709659527,8.138109298047183,44.218048095703125,10.204729080200195,9.555110931396484,8.208555720282927,8.735888960442669,55.88176727294922,"{""loss"": 46.37584686279297, ""mape"": 46.37584686279297, ""mae"": 10.166690826416016, ""val_loss"": 44.218048095703125, ""val_mape"": 44.218048095703125, ""val_mae"": 9.172661781311035, ""lr"": 0.00010000000474974513, ""val_mae12"": 8.755064010620117, ""val_me"": 6.68852709659527, ""val_me12"": 8.138109298047183, ""mape_2021"": 55.88176727294922, ""mae_2021"": 10.204729080200195, ""mae12_2021"": 9.555110931396484, ""me_2021"": 8.208555720282927, ""me12_2021"": 8.735888960442669, ""epochs_trained"": 68}",2026-07-02T10:29:26.633902,completed
1,MAPE,120,3,relu,2,16,0.05,46.01824951171875,9.406103134155273,8.942477226257324,7.176603413348534,8.658534536307592,46.01824951171875,10.359321594238281,10.160396575927734,8.591190303925877,9.919294513191948,59.127655029296875,"{""loss"": 48.087127685546875, ""mape"": 48.087127685546875, ""mae"": 10.522186279296875, ""val_loss"": 46.01824951171875, ""val_mape"": 46.01824951171875, ""val_mae"": 9.406103134155273, ""lr"": 0.00010000000474974513, ""val_mae12"": 8.942477226257324, ""val_me"": 7.176603413348534, ""val_me12"": 8.658534536307592, ""mape_2021"": 59.127655029296875, ""mae_2021"": 10.359321594238281, ""mae12_2021"": 10.160396575927734, ""me_2021"": 8.591190303925877, ""me12_2021"": 9.919294513191948, ""epochs_trained"": 95}",2026-07-02T10:29:50.856755,completed
1,MAPE,120,3,relu,2,16,0.3,47.47239303588867,9.668896675109863,5.607710838317871,8.474109474087824,4.322263785284883,47.47239303588867,10.789304733276367,6.453433036804199,9.8867590843473,4.94486726239164,57.20631790161133,"{""loss"": 56.41339874267578, ""mape"": 56.41339874267578, ""mae"": 12.633540153503418, ""val_loss"": 47.47239303588867, ""val_mape"": 47.47239303588867, ""val_mae"": 9.668896675109863, ""lr"": 1.0000000656873453e-05, ""val_mae12"": 5.607710838317871, ""val_me"": 8.474109474087824, ""val_me12"": 4.322263785284883, ""mape_2021"": 57.20631790161133, ""mae_2021"": 10.789304733276367, ""mae12_2021"": 6.453433036804199, ""me_2021"": 9.8867590843473, ""me12_2021"": 4.94486726239164, ""epochs_trained"": 170}",2026-07-02T10:30:26.581890,completed
1,MAPE,120,3,relu,2,32,0.0,45.40592956542969,9.28564453125,9.661706924438477,6.740363726617768,9.40891407154845,45.40592956542969,10.247051239013672,10.884830474853516,8.170638784474118,10.689254587704996,59.09813690185547,"{""loss"": 45.2895622253418, ""mape"": 45.2895622253418, ""mae"": 9.846250534057617, ""val_loss"": 45.40592956542969, ""val_mape"": 45.40592956542969, ""val_mae"": 9.28564453125, ""lr"": 0.00010000000474974513, ""val_mae12"": 9.661706924438477, ""val_me"": 6.740363726617768, ""val_me12"": 9.40891407154845, ""mape_2021"": 59.09813690185547, ""mae_2021"": 10.247051239013672, ""mae12_2021"": 10.884830474853516, ""me_2021"": 8.170638784474118, ""me12_2021"": 10.689254587704996, ""epochs_trained"": 81}",2026-07-02T10:30:50.861805,completed
1,MAPE,120,3,relu,1,256,0.1,4.472830295562744,0.8624233603477478,1.3282973766326904,-0.3128546181985487,0.973540236101091,4.472830295562744,0.9205392003059387,0.9736102819442749,0.032770592670430955,0.4162553372024987,5.431125164031982,"{""loss"": 5.75850248336792, ""mape"": 5.75850248336792, ""mae"": 1.1998722553253174, ""val_loss"": 4.472830295562744, ""val_mape"": 4.472830295562744, ""val_mae"": 0.8624233603477478, ""lr"": 9.999999747378752e-06, ""val_mae12"": 1.3282973766326904, ""val_me"": -0.3128546181985487, ""val_me12"": 0.973540236101091, ""mape_2021"": 5.431125164031982, ""mae_2021"": 0.9205392003059387, ""mae12_2021"": 0.9736102819442749, ""me_2021"": 0.032770592670430955, ""me12_2021"": 0.4162553372024987, ""epochs_trained"": 817}",2026-07-02T10:30:51.053090,completed
1,MAPE,120,3,relu,2,32,0.05,46.04727554321289,9.40661907196045,10.618155479431152,7.211183052687112,10.54106921469698,46.04727554321289,10.317012786865234,12.225332260131836,8.49976677572357,12.205992521217084,61.48253631591797,"{""loss"": 47.24867248535156, ""mape"": 47.24867248535156, ""mae"": 10.324538230895996, ""val_loss"": 46.04727554321289, ""val_mape"": 46.04727554321289, ""val_mae"": 9.40661907196045, ""lr"": 0.00010000000474974513, ""val_mae12"": 10.618155479431152, ""val_me"": 7.211183052687112, ""val_me12"": 10.54106921469698, ""mape_2021"": 61.48253631591797, ""mae_2021"": 10.317012786865234, ""mae12_2021"": 12.225332260131836, ""me_2021"": 8.49976677572357, ""me12_2021"": 12.205992521217084, ""epochs_trained"": 72}",2026-07-02T10:31:11.543522,completed
1,MAPE,120,3,relu,2,32,0.1,45.164798736572266,9.296285629272461,9.478894233703613,7.056804432100236,9.250124665570628,45.164798736572266,10.193218231201172,10.473172187805176,8.4602806283139,10.211973746875431,58.34711456298828,"{""loss"": 48.05674743652344, ""mape"": 48.05674743652344, ""mae"": 10.634544372558594, ""val_loss"": 45.164798736572266, ""val_mape"": 45.164798736572266, ""val_mae"": 9.296285629272461, ""lr"": 0.00010000000474974513, ""val_mae12"": 9.478894233703613, ""val_me"": 7.056804432100236, ""val_me12"": 9.250124665570628, ""mape_2021"": 58.34711456298828, ""mae_2021"": 10.193218231201172, ""mae12_2021"": 10.473172187805176, ""me_2021"": 8.4602806283139, ""me12_2021"": 10.211973746875431, ""epochs_trained"": 89}",2026-07-02T10:31:13.345828,completed
1,MAPE,120,3,relu,2,16,0.1,4.68935489654541,0.937035083770752,1.425044298171997,0.5948651745582207,0.9542043362053223,4.68935489654541,1.1540148258209229,1.1766088008880615,0.941318016361562,-0.35913019435984733,6.041659832000732,"{""loss"": 12.129616737365723, ""mape"": 12.129616737365723, ""mae"": 2.8126463890075684, ""val_loss"": 4.68935489654541, ""val_mape"": 4.68935489654541, ""val_mae"": 0.937035083770752, ""lr"": 0.00010000000474974513, ""val_mae12"": 1.425044298171997, ""val_me"": 0.5948651745582207, ""val_me12"": 0.9542043362053223, ""mape_2021"": 6.041659832000732, ""mae_2021"": 1.1540148258209229, ""mae12_2021"": 1.1766088008880615, ""me_2021"": 0.941318016361562, ""me12_2021"": -0.35913019435984733, ""epochs_trained"": 904}",2026-07-02T10:31:24.357166,completed
1,MAPE,120,3,relu,2,32,0.3,45.15734100341797,9.311650276184082,8.626103401184082,7.109875077672647,8.114047711248492,45.15734100341797,10.25727653503418,9.560455322265625,8.550744434043459,8.908120047420875,56.9931526184082,"{""loss"": 51.38040542602539, ""mape"": 51.38040542602539, ""mae"": 11.56940746307373, ""val_loss"": 45.15734100341797, ""val_mape"": 45.15734100341797, ""val_mae"": 9.311650276184082, ""lr"": 0.00010000000474974513, ""val_mae12"": 8.626103401184082, ""val_me"": 7.109875077672647, ""val_me12"": 8.114047711248492, ""mape_2021"": 56.9931526184082, ""mae_2021"": 10.25727653503418, ""mae12_2021"": 9.560455322265625, ""me_2021"": 8.550744434043459, ""me12_2021"": 8.908120047420875, ""epochs_trained"": 70}",2026-07-02T10:31:30.082257,completed
1,MAPE,120,3,relu,1,256,0.0,4.359309673309326,0.8159965872764587,1.3612160682678223,-0.24698266274419914,0.9383876476677246,4.359309673309326,0.8762097358703613,1.0650343894958496,0.15527727832480012,-0.6676619891948674,4.822025775909424,"{""loss"": 3.6684861183166504, ""mape"": 3.6684861183166504, ""mae"": 0.7888566851615906, ""val_loss"": 4.359309673309326, ""val_mape"": 4.359309673309326, ""val_mae"": 0.8159965872764587, ""lr"": 0.00010000000474974513, ""val_mae12"": 1.3612160682678223, ""val_me"": -0.24698266274419914, ""val_me12"": 0.9383876476677246, ""mape_2021"": 4.822025775909424, ""mae_2021"": 0.8762097358703613, ""mae12_2021"": 1.0650343894958496, ""me_2021"": 0.15527727832480012, ""me12_2021"": -0.6676619891948674, ""epochs_trained"": 1351}",2026-07-02T10:31:48.843776,completed
1,MAPE,120,3,relu,1,128,0.0,4.8309831619262695,0.9624053835868835,1.255672812461853,-0.09580044940134716,0.7453995301318155,4.8309831619262695,1.0207343101501465,1.0256826877593994,0.3355968204474529,-0.5597857195651593,5.583494186401367,"{""loss"": 4.340758800506592, ""mape"": 4.340758800506592, ""mae"": 0.9572309851646423, ""val_loss"": 4.8309831619262695, ""val_mape"": 4.8309831619262695, ""val_mae"": 0.9624053835868835, ""lr"": 0.00010000000474974513, ""val_mae12"": 1.255672812461853, ""val_me"": -0.09580044940134716, ""val_me12"": 0.7453995301318155, ""mape_2021"": 5.583494186401367, ""mae_2021"": 1.0207343101501465, ""mae12_2021"": 1.0256826877593994, ""me_2021"": 0.3355968204474529, ""me12_2021"": -0.5597857195651593, ""epochs_trained"": 1423}",2026-07-02T10:31:51.949555,completed
1,MAPE,120,3,relu,1,128,0.05,14.900240898132324,2.919642925262451,4.478416919708252,0.7397374124105469,3.686876056430959,14.900240898132324,3.372225046157837,2.337761878967285,1.5331289237627177,1.382160340452144,18.064741134643555,"{""loss"": 15.510547637939453, ""mape"": 15.510547637939453, ""mae"": 3.2727603912353516, ""val_loss"": 14.900240898132324, ""val_mape"": 14.900240898132324, ""val_mae"": 2.919642925262451, ""lr"": 1.0000000656873453e-05, ""val_mae12"": 4.478416919708252, ""val_me"": 0.7397374124105469, ""val_me12"": 3.686876056430959, ""mape_2021"": 18.064741134643555, ""mae_2021"": 3.372225046157837, ""mae12_2021"": 2.337761878967285, ""me_2021"": 1.5331289237627177, ""me12_2021"": 1.382160340452144, ""epochs_trained"": 2903}",2026-07-02T10:33:30.041294,completed
1,MAPE,120,3,relu,1,256,0.05,5.874181747436523,1.165448546409607,1.6427494287490845,-0.23491414885298795,1.36183752159198,5.874181747436523,1.2931839227676392,1.24623441696167,0.13499992048876822,0.925029049022942,7.527736186981201,"{""loss"": 6.1755757331848145, ""mape"": 6.1755757331848145, ""mae"": 1.3252599239349365, ""val_loss"": 5.874181747436523, ""val_mape"": 5.874181747436523, ""val_mae"": 1.165448546409607, ""lr"": 9.999999747378752e-06, ""val_mae12"": 1.6427494287490845, ""val_me"": -0.23491414885298795, ""val_me12"": 1.36183752159198, ""mape_2021"": 7.527736186981201, ""mae_2021"": 1.2931839227676392, ""mae12_2021"": 1.24623441696167, ""me_2021"": 0.13499992048876822, ""me12_2021"": 0.925029049022942, ""epochs_trained"": 4451}",2026-07-02T10:34:53.281361,completed
1,MAPE,120,3,relu,2,16,0.0,6.011392593383789,1.222346305847168,1.741640567779541,-0.10687018492728191,1.3119739321035861,6.011392593383789,1.239087462425232,0.9467524290084839,0.3633229378462816,-0.017628050944811284,6.078517913818359,"{""loss"": 5.2589216232299805, ""mape"": 5.2589216232299805, ""mae"": 1.1818232536315918, ""val_loss"": 6.011392593383789, ""val_mape"": 6.011392593383789, ""val_mae"": 1.222346305847168, ""lr"": 1.0000000656873453e-05, ""val_mae12"": 1.741640567779541, ""val_me"": -0.10687018492728191, ""val_me12"": 1.3119739321035861, ""mape_2021"": 6.078517913818359, ""mae_2021"": 1.239087462425232, ""mae12_2021"": 0.9467524290084839, ""me_2021"": 0.3633229378462816, ""me12_2021"": -0.017628050944811284, ""epochs_trained"": 6146}",2026-07-02T10:35:46.158815,completed
1,MAPE,120,3,relu,2,64,0.05,44.77833557128906,9.05700969696045,11.838366508483887,6.915723698939231,11.931997153607984,44.77833557128906,10.168818473815918,13.476365089416504,8.196752524753341,13.55919108482815,61.71648025512695,"{""loss"": 45.34836959838867, ""mape"": 45.34836959838867, ""mae"": 9.801941871643066, ""val_loss"": 44.77833557128906, ""val_mape"": 44.77833557128906, ""val_mae"": 9.05700969696045, ""lr"": 0.00010000000474974513, ""val_mae12"": 11.838366508483887, ""val_me"": 6.915723698939231, ""val_me12"": 11.931997153607984, ""mape_2021"": 61.71648025512695, ""mae_2021"": 10.168818473815918, ""mae12_2021"": 13.476365089416504, ""me_2021"": 8.196752524753341, ""me12_2021"": 13.55919108482815, ""epochs_trained"": 50}",2026-07-02T10:36:13.980184,completed
1,MAPE,120,3,relu,2,64,0.0,45.22951126098633,9.156661987304688,13.517932891845703,6.600095991888049,13.618513864990346,45.22951126098633,10.081037521362305,15.442030906677246,7.790126181068448,15.49456115920627,62.86508560180664,"{""loss"": 45.04100036621094, ""mape"": 45.04100036621094, ""mae"": 9.736663818359375, ""val_loss"": 45.22951126098633, ""val_mape"": 45.22951126098633, ""val_mae"": 9.156661987304688, ""lr"": 0.00010000000474974513, ""val_mae12"": 13.517932891845703, ""val_me"": 6.600095991888049, ""val_me12"": 13.618513864990346, ""mape_2021"": 62.86508560180664, ""mae_2021"": 10.081037521362305, ""mae12_2021"": 15.442030906677246, ""me_2021"": 7.790126181068448, ""me12_2021"": 15.49456115920627, ""epochs_trained"": 52}",2026-07-02T10:36:14.620357,completed
1,MAPE,120,3,relu,2,128,0.3,4.4857096672058105,0.781189501285553,2.3245153427124023,-0.1106856691949759,2.0891438536374345,4.4857096672058105,0.7903751730918884,1.2479710578918457,0.29471515187320946,0.5497951719866355,4.812361240386963,"{""loss"": 9.505285263061523, ""mape"": 9.505285263061523, ""mae"": 2.157844066619873, ""val_loss"": 4.4857096672058105, ""val_mape"": 4.4857096672058105, ""val_mae"": 0.781189501285553, ""lr"": 1.0000000656873453e-05, ""val_mae12"": 2.3245153427124023, ""val_me"": -0.1106856691949759, ""val_me12"": 2.0891438536374345, ""mape_2021"": 4.812361240386963, ""mae_2021"": 0.7903751730918884, ""mae12_2021"": 1.2479710578918457, ""me_2021"": 0.29471515187320946, ""me12_2021"": 0.5497951719866355, ""epochs_trained"": 532}",2026-07-02T10:37:14.948165,completed
1,MAPE,120,3,relu,2,128,0.0,4.680243492126465,0.8734123706817627,2.5863773822784424,-0.28630035854068886,2.1193821757636213,4.680243492126465,0.8752723336219788,2.2324864864349365,-0.006415142307399291,1.6337759386980475,6.515573978424072,"{""loss"": 3.0811116695404053, ""mape"": 3.0811116695404053, ""mae"": 0.6378580927848816, ""val_loss"": 4.680243492126465, ""val_mape"": 4.680243492126465, ""val_mae"": 0.8734123706817627, ""lr"": 0.00010000000474974513, ""val_mae12"": 2.5863773822784424, ""val_me"": -0.28630035854068886, ""val_me12"": 2.1193821757636213, ""mape_2021"": 6.515573978424072, ""mae_2021"": 0.8752723336219788, ""mae12_2021"": 2.2324864864349365, ""me_2021"": -0.006415142307399291, ""me12_2021"": 1.6337759386980475, ""epochs_trained"": 566}",2026-07-02T10:37:18.620120,completed
1,MAPE,120,3,relu,2,128,0.1,4.22011137008667,0.73409503698349,2.2691009044647217,-0.26118986284312,1.9726938598370927,4.22011137008667,0.7896918058395386,1.7548578977584839,0.05854327325485361,1.0575899263593385,5.450178146362305,"{""loss"": 6.021389961242676, ""mape"": 6.021389961242676, ""mae"": 1.314087986946106, ""val_loss"": 4.22011137008667, ""val_mape"": 4.22011137008667, ""val_mae"": 0.73409503698349, ""lr"": 1.0000000656873453e-05, ""val_mae12"": 2.2691009044647217, ""val_me"": -0.26118986284312, ""val_me12"": 1.9726938598370927, ""mape_2021"": 5.450178146362305, ""mae_2021"": 0.7896918058395386, ""mae12_2021"": 1.7548578977584839, ""me_2021"": 0.05854327325485361, ""me12_2021"": 1.0575899263593385, ""epochs_trained"": 592}",2026-07-02T10:37:18.919114,completed
1,MAPE,120,3,relu,2,128,0.05,4.242563724517822,0.7396823763847351,2.296210527420044,-0.2214541229166228,1.9347350071932037,4.242563724517822,0.7735316753387451,1.6756045818328857,0.11448251523124034,0.5752732972605412,4.879590034484863,"{""loss"": 4.919173717498779, ""mape"": 4.919173717498779, ""mae"": 1.0532824993133545, ""val_loss"": 4.242563724517822, ""val_mape"": 4.242563724517822, ""val_mae"": 0.7396823763847351, ""lr"": 0.00010000000474974513, ""val_mae12"": 2.296210527420044, ""val_me"": -0.2214541229166228, ""val_me12"": 1.9347350071932037, ""mape_2021"": 4.879590034484863, ""mae_2021"": 0.7735316753387451, ""mae12_2021"": 1.6756045818328857, ""me_2021"": 0.11448251523124034, ""me12_2021"": 0.5752732972605412, ""epochs_trained"": 624}",2026-07-02T10:37:20.548627,completed
1,MAPE,120,3,relu,2,64,0.3,4.191140174865723,0.7674024701118469,2.121459484100342,0.018392195105345767,1.8787033051825914,4.191140174865723,0.8203161954879761,1.024730920791626,0.44424170051776607,0.4928426651309535,4.954957485198975,"{""loss"": 11.621914863586426, ""mape"": 11.621914863586426, ""mae"": 2.6905558109283447, ""val_loss"": 4.191140174865723, ""val_mape"": 4.191140174865723, ""val_mae"": 0.7674024701118469, ""lr"": 0.00010000000474974513, ""val_mae12"": 2.121459484100342, ""val_me"": 0.018392195105345767, ""val_me12"": 1.8787033051825914, ""mape_2021"": 4.954957485198975, ""mae_2021"": 0.8203161954879761, ""mae12_2021"": 1.024730920791626, ""me_2021"": 0.44424170051776607, ""me12_2021"": 0.4928426651309535, ""epochs_trained"": 730}",2026-07-02T10:37:26.632139,completed
1,MAPE,120,3,relu,2,64,0.1,17.727720260620117,3.42508864402771,5.559737205505371,0.8693435124443776,4.0722234518394025,17.727720260620117,3.3516736030578613,4.151007652282715,1.4273367315326015,2.430692594618218,19.741357803344727,"{""loss"": 17.262121200561523, ""mape"": 17.262121200561523, ""mae"": 3.6334354877471924, ""val_loss"": 17.727720260620117, ""val_mape"": 17.727720260620117, ""val_mae"": 3.42508864402771, ""lr"": 1.0000000656873453e-05, ""val_mae12"": 5.559737205505371, ""val_me"": 0.8693435124443776, ""val_me12"": 4.0722234518394025, ""mape_2021"": 19.741357803344727, ""mae_2021"": 3.3516736030578613, ""mae12_2021"": 4.151007652282715, ""me_2021"": 1.4273367315326015, ""me12_2021"": 2.430692594618218, ""epochs_trained"": 1316}",2026-07-02T10:37:50.158869,completed
2,MAPE,120,2,selu,2,32,0.3,98.35264587402344,21.256668090820312,8.132444381713867,21.963095929120023,8.079516601752228,98.35264587402344,21.66285514831543,11.373927116394043,20.3971667164711,11.408596709076514,98.40332794189453,"{""loss"": 86.66192626953125, ""mape"": 86.66192626953125, ""mae"": 21.92751121520996, ""val_loss"": 98.35264587402344, ""val_mape"": 98.35264587402344, ""val_mae"": 21.256668090820312, ""lr"": 0.00010000000474974513, ""val_mae12"": 8.132444381713867, ""val_me"": 21.963095929120023, ""val_me12"": 8.079516601752228, ""mape_2021"": 98.40332794189453, ""mae_2021"": 21.66285514831543, ""mae12_2021"": 11.373927116394043, ""me_2021"": 20.3971667164711, ""me12_2021"": 11.408596709076514, ""epochs_trained"": 34}",2026-07-03T15:30:49.927483,completed
2,MAPE,120,2,selu,2,64,0.05,51.532997131347656,11.736621856689453,7.706970691680908,8.117638063082703,7.461585905758007,51.532997131347656,9.887356758117676,11.213953971862793,8.296346223119606,11.101558178921048,57.45134353637695,"{""loss"": 38.8248176574707, ""mape"": 38.8248176574707, ""mae"": 8.503395080566406, ""val_loss"": 51.532997131347656, ""val_mape"": 51.532997131347656, ""val_mae"": 11.736621856689453, ""lr"": 0.00010000000474974513, ""val_mae12"": 7.706970691680908, ""val_me"": 8.117638063082703, ""val_me12"": 7.461585905758007, ""mape_2021"": 57.45134353637695, ""mae_2021"": 9.887356758117676, ""mae12_2021"": 11.213953971862793, ""me_2021"": 8.296346223119606, ""me12_2021"": 11.101558178921048, ""epochs_trained"": 57}",2026-07-03T15:30:50.830085,completed
2,MAPE,120,2,selu,2,32,0.1,60.056705474853516,13.6234769821167,10.962443351745605,7.288360145927996,11.006445700269953,60.056705474853516,9.374594688415527,14.559005737304688,7.2747093265304414,14.656594516208386,57.17572021484375,"{""loss"": 43.1181640625, ""mape"": 43.1181640625, ""mae"": 9.411139488220215, ""val_loss"": 60.056705474853516, ""val_mape"": 60.056705474853516, ""val_mae"": 13.6234769821167, ""lr"": 0.00010000000474974513, ""val_mae12"": 10.962443351745605, ""val_me"": 7.288360145927996, ""val_me12"": 11.006445700269953, ""mape_2021"": 57.17572021484375, ""mae_2021"": 9.374594688415527, ""mae12_2021"": 14.559005737304688, ""me_2021"": 7.2747093265304414, ""me12_2021"": 14.656594516208386, ""epochs_trained"": 74}",2026-07-03T15:30:51.458333,completed
2,MAPE,120,2,selu,2,32,0.05,54.39045715332031,12.419746398925781,6.896931171417236,7.830711855826409,6.651848698070313,54.39045715332031,9.482654571533203,9.871217727661133,8.055834117902519,9.786010242428551,52.66736602783203,"{""loss"": 41.93245315551758, ""mape"": 41.93245315551758, ""mae"": 9.179311752319336, ""val_loss"": 54.39045715332031, ""val_mape"": 54.39045715332031, ""val_mae"": 12.419746398925781, ""lr"": 0.00010000000474974513, ""val_mae12"": 6.896931171417236, ""val_me"": 7.830711855826409, ""val_me12"": 6.651848698070313, ""mape_2021"": 52.66736602783203, ""mae_2021"": 9.482654571533203, ""mae12_2021"": 9.871217727661133, ""me_2021"": 8.055834117902519, ""me12_2021"": 9.786010242428551, ""epochs_trained"": 80}",2026-07-03T15:30:51.650404,completed
2,MAPE,120,2,selu,2,64,0.3,92.75875091552734,19.65229606628418,5.785048007965088,22.40810688703907,5.570884080417509,92.75875091552734,21.7252197265625,8.346083641052246,20.842114180634777,8.30553637525942,95.61519622802734,"{""loss"": 84.51260375976562, ""mape"": 84.51260375976562, ""mae"": 21.398107528686523, ""val_loss"": 92.75875091552734, ""val_mape"": 92.75875091552734, ""val_mae"": 19.65229606628418, ""lr"": 0.00010000000474974513, ""val_mae12"": 5.785048007965088, ""val_me"": 22.40810688703907, ""val_me12"": 5.570884080417509, ""mape_2021"": 95.61519622802734, ""mae_2021"": 21.7252197265625, ""mae12_2021"": 8.346083641052246, ""me_2021"": 20.842114180634777, ""me12_2021"": 8.30553637525942, ""epochs_trained"": 30}",2026-07-03T15:30:59.012036,completed
2,MAPE,120,2,selu,2,64,0.1,57.13824462890625,13.565153121948242,9.579317092895508,7.019042789785662,9.583575928482777,57.13824462890625,8.948821067810059,12.184188842773438,6.9510056733554,12.257547152520942,51.9322624206543,"{""loss"": 37.937530517578125, ""mape"": 37.937530517578125, ""mae"": 8.440218925476074, ""val_loss"": 57.13824462890625, ""val_mape"": 57.13824462890625, ""val_mae"": 13.565153121948242, ""lr"": 0.00010000000474974513, ""val_mae12"": 9.579317092895508, ""val_me"": 7.019042789785662, ""val_me12"": 9.583575928482777, ""mape_2021"": 51.9322624206543, ""mae_2021"": 8.948821067810059, ""mae12_2021"": 12.184188842773438, ""me_2021"": 6.9510056733554, ""me12_2021"": 12.257547152520942, ""epochs_trained"": 59}",2026-07-03T15:30:59.647723,completed
2,MAPE,120,2,selu,2,128,0.05,26.60665512084961,6.0849456787109375,2.4481570720672607,-2.102571202913271,2.395487690379885,26.60665512084961,5.335343360900879,2.578099250793457,-2.623016738734939,0.40147806555632015,25.070693969726562,"{""loss"": 15.755596160888672, ""mape"": 15.755596160888672, ""mae"": 3.496786117553711, ""val_loss"": 26.60665512084961, ""val_mape"": 26.60665512084961, ""val_mae"": 6.0849456787109375, ""lr"": 1.0000000656873453e-05, ""val_mae12"": 2.4481570720672607, ""val_me"": -2.102571202913271, ""val_me12"": 2.395487690379885, ""mape_2021"": 25.070693969726562, ""mae_2021"": 5.335343360900879, ""mae12_2021"": 2.578099250793457, ""me_2021"": -2.623016738734939, ""me12_2021"": 0.40147806555632015, ""epochs_trained"": 148}",2026-07-03T15:31:11.080112,completed
2,MAPE,120,2,selu,2,128,0.1,57.923728942871094,13.174952507019043,11.38220500946045,8.000024525459335,11.373057100236963,57.923728942871094,10.482972145080566,15.597846984863281,8.120594501594457,15.700341786757171,65.02755737304688,"{""loss"": 39.48681640625, ""mape"": 39.48681640625, ""mae"": 8.52780532836914, ""val_loss"": 57.923728942871094, ""val_mape"": 57.923728942871094, ""val_mae"": 13.174952507019043, ""lr"": 0.00010000000474974513, ""val_mae12"": 11.38220500946045, ""val_me"": 8.000024525459335, ""val_me12"": 11.373057100236963, ""mape_2021"": 65.02755737304688, ""mae_2021"": 10.482972145080566, ""mae12_2021"": 15.597846984863281, ""me_2021"": 8.120594501594457, ""me12_2021"": 15.700341786757171, ""epochs_trained"": 44}",2026-07-03T15:31:11.282345,completed
2,MAPE,120,2,selu,2,128,0.3,150.9490509033203,35.153446197509766,22.558610916137695,6.3847696197787505,22.631123690063813,150.9490509033203,11.321962356567383,28.671340942382812,6.098100767281395,28.827442609859347,81.61317443847656,"{""loss"": 48.37092971801758, ""mape"": 48.37092971801758, ""mae"": 10.433273315429688, ""val_loss"": 150.9490509033203, ""val_mape"": 150.9490509033203, ""val_mae"": 35.153446197509766, ""lr"": 0.00010000000474974513, ""val_mae12"": 22.558610916137695, ""val_me"": 6.3847696197787505, ""val_me12"": 22.631123690063813, ""mape_2021"": 81.61317443847656, ""mae_2021"": 11.321962356567383, ""mae12_2021"": 28.671340942382812, ""me_2021"": 6.098100767281395, ""me12_2021"": 28.827442609859347, ""epochs_trained"": 47}",2026-07-03T15:31:11.862372,completed
2,MAPE,120,2,selu,2,128,0.0,4.422956943511963,0.8883776068687439,0.9218419790267944,0.24398884349210437,0.3517920206819337,4.422956943511963,0.8183479905128479,0.853627622127533,0.19257242136772132,-0.3200977539342261,4.428288459777832,"{""loss"": 3.2053306102752686, ""mape"": 3.2053306102752686, ""mae"": 0.6584615707397461, ""val_loss"": 4.422956943511963, ""val_mape"": 4.422956943511963, ""val_mae"": 0.8883776068687439, ""lr"": 1.0000000656873453e-05, ""val_mae12"": 0.9218419790267944, ""val_me"": 0.24398884349210437, ""val_me12"": 0.3517920206819337, ""mape_2021"": 4.428288459777832, ""mae_2021"": 0.8183479905128479, ""mae12_2021"": 0.853627622127533, ""me_2021"": 0.19257242136772132, ""me12_2021"": -0.3200977539342261, ""epochs_trained"": 557}",2026-07-03T15:31:30.255521,completed
2,MAPE,120,2,selu,2,32,0.0,4.393247127532959,0.8739570379257202,0.952287495136261,0.21384563122448905,0.34215828780329016,4.393247127532959,0.7972020506858826,1.026921033859253,0.17707131279878432,-0.4354015861439987,4.576104164123535,"{""loss"": 3.128891706466675, ""mape"": 3.128891706466675, ""mae"": 0.6382007002830505, ""val_loss"": 4.393247127532959, ""val_mape"": 4.393247127532959, ""val_mae"": 0.8739570379257202, ""lr"": 1.0000000656873453e-05, ""val_mae12"": 0.952287495136261, ""val_me"": 0.21384563122448905, ""val_me12"": 0.34215828780329016, ""mape_2021"": 4.576104164123535, ""mae_2021"": 0.7972020506858826, ""mae12_2021"": 1.026921033859253, ""me_2021"": 0.17707131279878432, ""me12_2021"": -0.4354015861439987, ""epochs_trained"": 1209}",2026-07-03T15:31:45.388605,completed
2,MAPE,120,2,selu,2,64,0.0,4.300841808319092,0.8602851629257202,0.984133243560791,0.19938201119415142,0.49533491491876236,4.300841808319092,0.748496413230896,0.8051394820213318,0.15565308929713936,-0.20993307165685135,4.213284015655518,"{""loss"": 2.9810938835144043, ""mape"": 2.9810938835144043, ""mae"": 0.6068578362464905, ""val_loss"": 4.300841808319092, ""val_mape"": 4.300841808319092, ""val_mae"": 0.8602851629257202, ""lr"": 1.0000000656873453e-05, ""val_mae12"": 0.984133243560791, ""val_me"": 0.19938201119415142, ""val_me12"": 0.49533491491876236, ""mape_2021"": 4.213284015655518, ""mae_2021"": 0.748496413230896, ""mae12_2021"": 0.8051394820213318, ""me_2021"": 0.15565308929713936, ""me12_2021"": -0.20993307165685135, ""epochs_trained"": 2072}",2026-07-03T15:32:14.357521,completed
2,MAPE,120,2,selu,2,256,0.3,160.4889678955078,37.50202941894531,27.959815979003906,3.8189206892413687,28.063588804700967,160.4889678955078,11.538768768310547,34.493656158447266,3.408130968068211,34.654417619918846,88.26899719238281,"{""loss"": 43.385231018066406, ""mape"": 43.385231018066406, ""mae"": 9.309748649597168, ""val_loss"": 160.4889678955078, ""val_mape"": 160.4889678955078, ""val_mae"": 37.50202941894531, ""lr"": 0.00010000000474974513, ""val_mae12"": 27.959815979003906, ""val_me"": 3.8189206892413687, ""val_me12"": 28.063588804700967, ""mape_2021"": 88.26899719238281, ""mae_2021"": 11.538768768310547, ""mae12_2021"": 34.493656158447266, ""me_2021"": 3.408130968068211, ""me12_2021"": 34.654417619918846, ""epochs_trained"": 44}",2026-07-03T15:32:40.183066,completed
2,MAPE,120,2,selu,2,256,0.1,49.428619384765625,11.703328132629395,4.300387382507324,-0.024543286324481682,4.157582781651886,49.428619384765625,7.3159589767456055,3.3820087909698486,0.11359685360533901,2.7384331446752834,33.3880500793457,"{""loss"": 22.98318862915039, ""mape"": 22.98318862915039, ""mae"": 4.962015628814697, ""val_loss"": 49.428619384765625, ""val_mape"": 49.428619384765625, ""val_mae"": 11.703328132629395, ""lr"": 0.00010000000474974513, ""val_mae12"": 4.300387382507324, ""val_me"": -0.024543286324481682, ""val_me12"": 4.157582781651886, ""mape_2021"": 33.3880500793457, ""mae_2021"": 7.3159589767456055, ""mae12_2021"": 3.3820087909698486, ""me_2021"": 0.11359685360533901, ""me12_2021"": 2.7384331446752834, ""epochs_trained"": 55}",2026-07-03T15:32:41.546282,completed
2,MAPE,120,2,selu,3,16,0.05,53.50092315673828,11.922293663024902,7.666807651519775,7.07182594141674,7.675433000627728,53.50092315673828,8.313974380493164,10.842320442199707,6.897346643906614,10.926571099000457,50.30617904663086,"{""loss"": 40.298133850097656, ""mape"": 40.298133850097656, ""mae"": 8.736369132995605, ""val_loss"": 53.50092315673828, ""val_mape"": 53.50092315673828, ""val_mae"": 11.922293663024902, ""lr"": 0.00010000000474974513, ""val_mae12"": 7.666807651519775, ""val_me"": 7.07182594141674, ""val_me12"": 7.675433000627728, ""mape_2021"": 50.30617904663086, ""mae_2021"": 8.313974380493164, ""mae12_2021"": 10.842320442199707, ""me_2021"": 6.897346643906614, ""me12_2021"": 10.926571099000457, ""epochs_trained"": 85}",2026-07-03T15:32:43.747562,completed
2,MAPE,120,2,selu,2,256,0.05,24.093690872192383,5.385814666748047,2.704857349395752,-3.63829751454803,2.693405740565379,24.093690872192383,5.150191783905029,1.9782522916793823,-4.121106152049543,1.2997298044557422,22.795629501342773,"{""loss"": 10.33961296081543, ""mape"": 10.33961296081543, ""mae"": 2.3162970542907715, ""val_loss"": 24.093690872192383, ""val_mape"": 24.093690872192383, ""val_mae"": 5.385814666748047, ""lr"": 0.00010000000474974513, ""val_mae12"": 2.704857349395752, ""val_me"": -3.63829751454803, ""val_me12"": 2.693405740565379, ""mape_2021"": 22.795629501342773, ""mae_2021"": 5.150191783905029, ""mae12_2021"": 1.9782522916793823, ""me_2021"": -4.121106152049543, ""me12_2021"": 1.2997298044557422, ""epochs_trained"": 161}",2026-07-03T15:32:51.670378,completed
2,MAPE,120,2,selu,3,16,0.3,102.49493408203125,21.663564682006836,9.244932174682617,20.7991604478077,9.281879648708237,102.49493408203125,20.735326766967773,12.420894622802734,19.266573719381196,12.522773159028816,95.04273223876953,"{""loss"": 89.1844482421875, ""mape"": 89.1844482421875, ""mae"": 22.497802734375, ""val_loss"": 102.49493408203125, ""val_mape"": 102.49493408203125, ""val_mae"": 21.663564682006836, ""lr"": 0.00010000000474974513, ""val_mae12"": 9.244932174682617, ""val_me"": 20.7991604478077, ""val_me12"": 9.281879648708237, ""mape_2021"": 95.04273223876953, ""mae_2021"": 20.735326766967773, ""mae12_2021"": 12.420894622802734, ""me_2021"": 19.266573719381196, ""me12_2021"": 12.522773159028816, ""epochs_trained"": 45}",2026-07-03T15:32:54.007442,completed
2,MAPE,120,2,selu,3,16,0.1,68.62643432617188,15.553037643432617,10.773175239562988,7.335833908119295,10.81479707732504,68.62643432617188,9.258721351623535,14.695615768432617,7.3321516457929,14.805456661773562,58.22117614746094,"{""loss"": 48.58741760253906, ""mape"": 48.58741760253906, ""mae"": 10.765456199645996, ""val_loss"": 68.62643432617188, ""val_mape"": 68.62643432617188, ""val_mae"": 15.553037643432617, ""lr"": 0.00010000000474974513, ""val_mae12"": 10.773175239562988, ""val_me"": 7.335833908119295, ""val_me12"": 10.81479707732504, ""mape_2021"": 58.22117614746094, ""mae_2021"": 9.258721351623535, ""mae12_2021"": 14.695615768432617, ""me_2021"": 7.3321516457929, ""me12_2021"": 14.805456661773562, ""epochs_trained"": 67}",2026-07-03T15:32:54.506232,completed
2,MAPE,120,2,selu,3,32,0.05,54.52693557739258,12.414320945739746,9.00887680053711,7.024523610353423,9.043033662021163,54.52693557739258,8.498711585998535,11.89027214050293,6.8939921035372445,11.979239275315907,51.85778045654297,"{""loss"": 37.750465393066406, ""mape"": 37.750465393066406, ""mae"": 8.244982719421387, ""val_loss"": 54.52693557739258, ""val_mape"": 54.52693557739258, ""val_mae"": 12.414320945739746, ""lr"": 0.00010000000474974513, ""val_mae12"": 9.00887680053711, ""val_me"": 7.024523610353423, ""val_me12"": 9.043033662021163, ""mape_2021"": 51.85778045654297, ""mae_2021"": 8.498711585998535, ""mae12_2021"": 11.89027214050293, ""me_2021"": 6.8939921035372445, ""me12_2021"": 11.979239275315907, ""epochs_trained"": 61}",2026-07-03T15:33:03.057411,completed
2,MAPE,120,2,selu,3,32,0.3,95.57432556152344,17.886642456054688,11.085607528686523,18.791123370188217,11.117106567502708,95.57432556152344,19.33661460876465,13.899307250976562,17.360623395917802,13.987942169367775,90.24144744873047,"{""loss"": 82.14447021484375, ""mape"": 82.14447021484375, ""mae"": 20.780847549438477, ""val_loss"": 95.57432556152344, ""val_mape"": 95.57432556152344, ""val_mae"": 17.886642456054688, ""lr"": 0.00010000000474974513, ""val_mae12"": 11.085607528686523, ""val_me"": 18.791123370188217, ""val_me12"": 11.117106567502708, ""mape_2021"": 90.24144744873047, ""mae_2021"": 19.33661460876465, ""mae12_2021"": 13.899307250976562, ""me_2021"": 17.360623395917802, ""me12_2021"": 13.987942169367775, ""epochs_trained"": 40}",2026-07-03T15:33:03.925061,completed
2,MAPE,120,2,selu,2,256,0.0,4.589239597320557,0.9333944916725159,0.8711138963699341,0.31995155677264314,0.2854220190352415,4.589239597320557,0.843689501285553,0.8052495718002319,0.23727257006463962,-0.3188003924580862,4.517339706420898,"{""loss"": 3.321509838104248, ""mape"": 3.321509838104248, ""mae"": 0.6862798929214478, ""val_loss"": 4.589239597320557, ""val_mape"": 4.589239597320557, ""val_mae"": 0.9333944916725159, ""lr"": 1.0000000656873453e-05, ""val_mae12"": 0.8711138963699341, ""val_me"": 0.31995155677264314, ""val_me12"": 0.2854220190352415, ""mape_2021"": 4.517339706420898, ""mae_2021"": 0.843689501285553, ""mae12_2021"": 0.8052495718002319, ""me_2021"": 0.23727257006463962, ""me12_2021"": -0.3188003924580862, ""epochs_trained"": 348}",2026-07-03T15:33:04.116249,completed
2,MAPE,120,2,selu,3,32,0.1,61.66195297241211,14.70897102355957,11.524752616882324,4.973572231931267,11.5636066888223,61.66195297241211,7.06370210647583,14.697230339050293,4.424909794874785,14.782508365791765,48.03660583496094,"{""loss"": 35.826847076416016, ""mape"": 35.826847076416016, ""mae"": 7.822157859802246, ""val_loss"": 61.66195297241211, ""val_mape"": 61.66195297241211, ""val_mae"": 14.70897102355957, ""lr"": 0.00010000000474974513, ""val_mae12"": 11.524752616882324, ""val_me"": 4.973572231931267, ""val_me12"": 11.5636066888223, ""mape_2021"": 48.03660583496094, ""mae_2021"": 7.06370210647583, ""mae12_2021"": 14.697230339050293, ""me_2021"": 4.424909794874785, ""me12_2021"": 14.782508365791765, ""epochs_trained"": 73}",2026-07-03T15:33:04.798541,completed
2,MAPE,120,2,selu,3,16,0.0,4.108705997467041,0.8144202828407288,0.968702495098114,0.1868599093767946,0.3205570999750865,4.108705997467041,0.7454138994216919,1.024909496307373,0.16236702867373784,-0.5924420078914977,4.614397048950195,"{""loss"": 3.0026838779449463, ""mape"": 3.0026838779449463, ""mae"": 0.6106058359146118, ""val_loss"": 4.108705997467041, ""val_mape"": 4.108705997467041, ""val_mae"": 0.8144202828407288, ""lr"": 1.0000000656873453e-05, ""val_mae12"": 0.968702495098114, ""val_me"": 0.1868599093767946, ""val_me12"": 0.3205570999750865, ""mape_2021"": 4.614397048950195, ""mae_2021"": 0.7454138994216919, ""mae12_2021"": 1.024909496307373, ""me_2021"": 0.16236702867373784, ""me12_2021"": -0.5924420078914977, ""epochs_trained"": 885}",2026-07-03T15:33:21.169043,completed
2,MAPE,120,2,selu,3,32,0.0,4.438087463378906,0.8803512454032898,0.994331419467926,0.28275593231587887,0.4965210683546331,4.438087463378906,0.7522672414779663,0.8564798831939697,0.17923467771740384,0.16484035880869674,4.162903308868408,"{""loss"": 2.9805617332458496, ""mape"": 2.9805617332458496, ""mae"": 0.6054996848106384, ""val_loss"": 4.438087463378906, ""val_mape"": 4.438087463378906, ""val_mae"": 0.8803512454032898, ""lr"": 0.00010000000474974513, ""val_mae12"": 0.994331419467926, ""val_me"": 0.28275593231587887, ""val_me12"": 0.4965210683546331, ""mape_2021"": 4.162903308868408, ""mae_2021"": 0.7522672414779663, ""mae12_2021"": 0.8564798831939697, ""me_2021"": 0.17923467771740384, ""me12_2021"": 0.16484035880869674, ""epochs_trained"": 1106}",2026-07-03T15:33:34.273946,completed
2,MAPE,120,2,selu,3,64,0.3,115.048828125,19.590185165405273,8.946266174316406,21.083210512993833,8.978053207499896,115.048828125,20.942867279052734,11.51810073852539,19.568060262117204,11.605848393212375,94.60523223876953,"{""loss"": 80.3094482421875, ""mape"": 80.3094482421875, ""mae"": 20.17095375061035, ""val_loss"": 115.048828125, ""val_mape"": 115.048828125, ""val_mae"": 19.590185165405273, ""lr"": 0.00010000000474974513, ""val_mae12"": 8.946266174316406, ""val_me"": 21.083210512993833, ""val_me12"": 8.978053207499896, ""mape_2021"": 94.60523223876953, ""mae_2021"": 20.942867279052734, ""mae12_2021"": 11.51810073852539, ""me_2021"": 19.568060262117204, ""me12_2021"": 11.605848393212375, ""epochs_trained"": 33}",2026-07-03T15:33:53.766819,completed
2,MAPE,120,2,selu,3,64,0.1,75.36598205566406,18.220003128051758,12.621664047241211,6.689328534035774,12.610204248159786,75.36598205566406,9.240975379943848,15.622377395629883,6.489882083188988,15.708967194770834,56.68661880493164,"{""loss"": 37.05253219604492, ""mape"": 37.05253219604492, ""mae"": 8.307119369506836, ""val_loss"": 75.36598205566406, ""val_mape"": 75.36598205566406, ""val_mae"": 18.220003128051758, ""lr"": 0.00010000000474974513, ""val_mae12"": 12.621664047241211, ""val_me"": 6.689328534035774, ""val_me12"": 12.610204248159786, ""mape_2021"": 56.68661880493164, ""mae_2021"": 9.240975379943848, ""mae12_2021"": 15.622377395629883, ""me_2021"": 6.489882083188988, ""me12_2021"": 15.708967194770834, ""epochs_trained"": 51}",2026-07-03T15:33:55.771762,completed
2,MAPE,120,2,selu,3,128,0.05,26.959774017333984,6.322690010070801,1.9411548376083374,-3.8287022268016764,1.9190761126139382,26.959774017333984,5.614710330963135,1.3404223918914795,-4.329013315882337,1.1245929553095437,23.91717529296875,"{""loss"": 11.25245189666748, ""mape"": 11.25245189666748, ""mae"": 2.543229818344116, ""val_loss"": 26.959774017333984, ""val_mape"": 26.959774017333984, ""val_mae"": 6.322690010070801, ""lr"": 0.00010000000474974513, ""val_mae12"": 1.9411548376083374, ""val_me"": -3.8287022268016764, ""val_me12"": 1.9190761126139382, ""mape_2021"": 23.91717529296875, ""mae_2021"": 5.614710330963135, ""mae12_2021"": 1.3404223918914795, ""me_2021"": -4.329013315882337, ""me12_2021"": 1.1245929553095437, ""epochs_trained"": 116}",2026-07-03T15:34:01.440154,completed
2,MAPE,120,2,selu,3,128,0.3,97.60762786865234,15.2883882522583,4.051329135894775,22.550970978802997,3.474923998020746,97.60762786865234,21.7785587310791,6.188675880432129,21.156018977257773,5.948274707610469,94.98472595214844,"{""loss"": 77.7108154296875, ""mape"": 77.7108154296875, ""mae"": 19.382123947143555, ""val_loss"": 97.60762786865234, ""val_mape"": 97.60762786865234, ""val_mae"": 15.2883882522583, ""lr"": 0.00010000000474974513, ""val_mae12"": 4.051329135894775, ""val_me"": 22.550970978802997, ""val_me12"": 3.474923998020746, ""mape_2021"": 94.98472595214844, ""mae_2021"": 21.7785587310791, ""mae12_2021"": 6.188675880432129, ""me_2021"": 21.156018977257773, ""me12_2021"": 5.948274707610469, ""epochs_trained"": 27}",2026-07-03T15:34:09.537018,completed
2,MAPE,120,2,selu,3,128,0.1,53.770755767822266,13.334571838378906,6.987980842590332,-5.701521301191903,6.995326014867777,53.770755767822266,9.566612243652344,6.407454490661621,-4.632371510988057,6.407939434309309,44.386962890625,"{""loss"": 20.90829086303711, ""mape"": 20.90829086303711, ""mae"": 4.499746322631836, ""val_loss"": 53.770755767822266, ""val_mape"": 53.770755767822266, ""val_mae"": 13.334571838378906, ""lr"": 0.00010000000474974513, ""val_mae12"": 6.987980842590332, ""val_me"": -5.701521301191903, ""val_me12"": 6.995326014867777, ""mape_2021"": 44.386962890625, ""mae_2021"": 9.566612243652344, ""mae12_2021"": 6.407454490661621, ""me_2021"": -4.632371510988057, ""me12_2021"": 6.407939434309309, ""epochs_trained"": 55}",2026-07-03T15:34:10.436594,completed
2,MAPE,120,2,selu,3,256,0.1,55.631099700927734,13.281834602355957,5.111715316772461,-5.600231885324545,4.075479227262316,55.631099700927734,9.223772048950195,4.403069019317627,-5.227212534083528,1.1022609532499876,42.07249069213867,"{""loss"": 18.945722579956055, ""mape"": 18.945722579956055, ""mae"": 3.997420310974121, ""val_loss"": 55.631099700927734, ""val_mape"": 55.631099700927734, ""val_mae"": 13.281834602355957, ""lr"": 0.00010000000474974513, ""val_mae12"": 5.111715316772461, ""val_me"": -5.600231885324545, ""val_me12"": 4.075479227262316, ""mape_2021"": 42.07249069213867, ""mae_2021"": 9.223772048950195, ""mae12_2021"": 4.403069019317627, ""me_2021"": -5.227212534083528, ""me12_2021"": 1.1022609532499876, ""epochs_trained"": 45}",2026-07-03T15:34:36.459907,completed
2,MAPE,120,2,selu,3,64,0.05,26.28119468688965,6.331016540527344,1.8783119916915894,-2.678749910370232,1.8438157063860405,26.28119468688965,5.332681655883789,1.491040825843811,-2.9523944397684243,1.3424598224003605,23.225263595581055,"{""loss"": 16.310548782348633, ""mape"": 16.310548782348633, ""mae"": 3.6339316368103027, ""val_loss"": 26.28119468688965, ""val_mape"": 26.28119468688965, ""val_mae"": 6.331016540527344, ""lr"": 1.0000000656873453e-05, ""val_mae12"": 1.8783119916915894, ""val_me"": -2.678749910370232, ""val_me12"": 1.8438157063860405, ""mape_2021"": 23.225263595581055, ""mae_2021"": 5.332681655883789, ""mae12_2021"": 1.491040825843811, ""me_2021"": -2.9523944397684243, ""me12_2021"": 1.3424598224003605, ""epochs_trained"": 400}",2026-07-03T15:34:37.922365,completed
2,MAPE,120,2,selu,3,256,0.05,29.609577178955078,6.792323112487793,2.5133347511291504,2.156290832167673,1.8127778312694873,29.609577178955078,5.581803798675537,2.3735530376434326,2.3751358009298893,0.28237794289550805,25.54667854309082,"{""loss"": 16.758930206298828, ""mape"": 16.758930206298828, ""mae"": 3.597954511642456, ""val_loss"": 29.609577178955078, ""val_mape"": 29.609577178955078, ""val_mae"": 6.792323112487793, ""lr"": 0.00010000000474974513, ""val_mae12"": 2.5133347511291504, ""val_me"": 2.156290832167673, ""val_me12"": 1.8127778312694873, ""mape_2021"": 25.54667854309082, ""mae_2021"": 5.581803798675537, ""mae12_2021"": 2.3735530376434326, ""me_2021"": 2.3751358009298893, ""me12_2021"": 0.28237794289550805, ""epochs_trained"": 42}",2026-07-03T15:34:40.022714,completed
2,MAPE,120,2,selu,3,128,0.0,3.9504823684692383,0.7873385548591614,0.9317014813423157,0.16691647798344483,0.35192968204188213,3.9504823684692383,0.7202572822570801,1.045066237449646,0.17288920458338855,-0.5003651099254086,4.358383655548096,"{""loss"": 2.9448537826538086, ""mape"": 2.9448537826538086, ""mae"": 0.5969606041908264, ""val_loss"": 3.9504823684692383, ""val_mape"": 3.9504823684692383, ""val_mae"": 0.7873385548591614, ""lr"": 1.0000000656873453e-05, ""val_mae12"": 0.9317014813423157, ""val_me"": 0.16691647798344483, ""val_me12"": 0.35192968204188213, ""mape_2021"": 4.358383655548096, ""mae_2021"": 0.7202572822570801, ""mae12_2021"": 1.045066237449646, ""me_2021"": 0.17288920458338855, ""me12_2021"": -0.5003651099254086, ""epochs_trained"": 437}",2026-07-03T15:34:40.419332,completed
2,MAPE,120,2,selu,3,64,0.0,3.9163670539855957,0.7799679636955261,0.9238982200622559,0.183471339773846,0.3594784223502815,3.9163670539855957,0.7131403088569641,0.799022376537323,0.16287733005444352,-0.26042649248291555,3.965688467025757,"{""loss"": 2.936225414276123, ""mape"": 2.936225414276123, ""mae"": 0.5973838567733765, ""val_loss"": 3.9163670539855957, ""val_mape"": 3.9163670539855957, ""val_mae"": 0.7799679636955261, ""lr"": 1.0000000656873453e-05, ""val_mae12"": 0.9238982200622559, ""val_me"": 0.183471339773846, ""val_me12"": 0.3594784223502815, ""mape_2021"": 3.965688467025757, ""mae_2021"": 0.7131403088569641, ""mae12_2021"": 0.799022376537323, ""me_2021"": 0.16287733005444352, ""me12_2021"": -0.26042649248291555, ""epochs_trained"": 533}",2026-07-03T15:34:48.536606,completed
2,MAPE,120,2,selu,3,256,0.3,224.4261016845703,53.669490814208984,33.710086822509766,7.2775223799240285,33.794184275539706,224.4261016845703,17.204090118408203,38.20109558105469,5.684832902557187,38.326417312835716,113.36896514892578,"{""loss"": 35.17646026611328, ""mape"": 35.17646026611328, ""mae"": 7.637455940246582, ""val_loss"": 224.4261016845703, ""val_mape"": 224.4261016845703, ""val_mae"": 53.669490814208984, ""lr"": 0.00010000000474974513, ""val_mae12"": 33.710086822509766, ""val_me"": 7.2775223799240285, ""val_me12"": 33.794184275539706, ""mape_2021"": 113.36896514892578, ""mae_2021"": 17.204090118408203, ""mae12_2021"": 38.20109558105469, ""me_2021"": 5.684832902557187, ""me12_2021"": 38.326417312835716, ""epochs_trained"": 36}",2026-07-03T15:34:49.148117,completed
2,MAPE,120,2,selu,3,256,0.0,3.7626147270202637,0.7444099187850952,0.8410061001777649,0.16012948591392773,0.21585335717744447,3.7626147270202637,0.6981431245803833,0.8481112122535706,0.1572507394672932,-0.4074209101455444,3.9342551231384277,"{""loss"": 2.935589075088501, ""mape"": 2.935589075088501, ""mae"": 0.5918889045715332, ""val_loss"": 3.7626147270202637, ""val_mape"": 3.7626147270202637, ""val_mae"": 0.7444099187850952, ""lr"": 1.0000000656873453e-05, ""val_mae12"": 0.8410061001777649, ""val_me"": 0.16012948591392773, ""val_me12"": 0.21585335717744447, ""mape_2021"": 3.9342551231384277, ""mae_2021"": 0.6981431245803833, ""mae12_2021"": 0.8481112122535706, ""me_2021"": 0.1572507394672932, ""me12_2021"": -0.4074209101455444, ""epochs_trained"": 288}",2026-07-03T15:34:50.561065,completed
2,MAPE,120,3,relu,1,16,0.3,37.800418853759766,7.3797101974487305,8.956583023071289,5.242754842142057,7.51549568387956,37.800418853759766,8.650382995605469,7.463458061218262,6.937488684315647,6.669127173151743,47.799095153808594,"{""loss"": 44.58274459838867, ""mape"": 44.58274459838867, ""mae"": 10.007689476013184, ""val_loss"": 37.800418853759766, ""val_mape"": 37.800418853759766, ""val_mae"": 7.3797101974487305, ""lr"": 0.00010000000474974513, ""val_mae12"": 8.956583023071289, ""val_me"": 5.242754842142057, ""val_me12"": 7.51549568387956, ""mape_2021"": 47.799095153808594, ""mae_2021"": 8.650382995605469, ""mae12_2021"": 7.463458061218262, ""me_2021"": 6.937488684315647, ""me12_2021"": 6.669127173151743, ""epochs_trained"": 556}",2026-07-03T15:35:27.521897,completed
2,MAPE,120,3,relu,1,32,0.1,37.868896484375,7.476715087890625,9.295628547668457,5.32473721964471,7.968140943054434,37.868896484375,8.905024528503418,7.229106903076172,7.05070803494482,6.174935681658271,46.998748779296875,"{""loss"": 39.7056999206543, ""mape"": 39.7056999206543, ""mae"": 8.735053062438965, ""val_loss"": 37.868896484375, ""val_mape"": 37.868896484375, ""val_mae"": 7.476715087890625, ""lr"": 0.00010000000474974513, ""val_mae12"": 9.295628547668457, ""val_me"": 5.32473721964471, ""val_me12"": 7.968140943054434, ""mape_2021"": 46.998748779296875, ""mae_2021"": 8.905024528503418, ""mae12_2021"": 7.229106903076172, ""me_2021"": 7.05070803494482, ""me12_2021"": 6.174935681658271, ""epochs_trained"": 382}",2026-07-03T15:35:49.970833,completed
2,MAPE,120,3,relu,1,16,0.0,14.445005416870117,3.401637554168701,1.197611689567566,1.2987762378540444,0.6145761747517031,14.445005416870117,4.375975608825684,1.243064284324646,3.495186006028203,-0.7935249046776532,18.81574249267578,"{""loss"": 15.768372535705566, ""mape"": 15.768372535705566, ""mae"": 3.935746431350708, ""val_loss"": 14.445005416870117, ""val_mape"": 14.445005416870117, ""val_mae"": 3.401637554168701, ""lr"": 0.00010000000474974513, ""val_mae12"": 1.197611689567566, ""val_me"": 1.2987762378540444, ""val_me12"": 0.6145761747517031, ""mape_2021"": 18.81574249267578, ""mae_2021"": 4.375975608825684, ""mae12_2021"": 1.243064284324646, ""me_2021"": 3.495186006028203, ""me12_2021"": -0.7935249046776532, ""epochs_trained"": 1484}",2026-07-03T15:36:10.216311,completed
2,MAPE,120,3,relu,1,32,0.3,31.67013168334961,6.144866943359375,7.332874298095703,3.5135763787227785,6.354569518260043,31.67013168334961,7.229215621948242,4.948554992675781,5.721410856628879,3.7984725394001213,38.95280838012695,"{""loss"": 36.901222229003906, ""mape"": 36.901222229003906, ""mae"": 8.219045639038086, ""val_loss"": 31.67013168334961, ""val_mape"": 31.67013168334961, ""val_mae"": 6.144866943359375, ""lr"": 0.00010000000474974513, ""val_mae12"": 7.332874298095703, ""val_me"": 3.5135763787227785, ""val_me12"": 6.354569518260043, ""mape_2021"": 38.95280838012695, ""mae_2021"": 7.229215621948242, ""mae12_2021"": 4.948554992675781, ""me_2021"": 5.721410856628879, ""me12_2021"": 3.7984725394001213, ""epochs_trained"": 614}",2026-07-03T15:36:23.996906,completed
2,MAPE,120,3,relu,1,32,0.05,3.427907943725586,0.6531897187232971,1.1331117153167725,-0.037938938067949984,0.4811851779951106,3.427907943725586,0.804460883140564,1.0223407745361328,0.36411734797486994,-0.2974744937391695,4.632401466369629,"{""loss"": 6.572364330291748, ""mape"": 6.572364330291748, ""mae"": 1.4312387704849243, ""val_loss"": 3.427907943725586, ""val_mape"": 3.427907943725586, ""val_mae"": 0.6531897187232971, ""lr"": 1.0000000656873453e-05, ""val_mae12"": 1.1331117153167725, ""val_me"": -0.037938938067949984, ""val_me12"": 0.4811851779951106, ""mape_2021"": 4.632401466369629, ""mae_2021"": 0.804460883140564, ""mae12_2021"": 1.0223407745361328, ""me_2021"": 0.36411734797486994, ""me12_2021"": -0.2974744937391695, ""epochs_trained"": 1762}",2026-07-03T15:36:24.386424,completed
2,MAPE,120,3,relu,1,32,0.0,7.290898323059082,1.6828744411468506,1.104926586151123,0.4864968809345392,0.5895269443195803,7.290898323059082,2.0913705825805664,1.0848314762115479,1.392118804382751,-0.7507577900162952,9.669560432434082,"{""loss"": 7.375589847564697, ""mape"": 7.375589847564697, ""mae"": 1.7497670650482178, ""val_loss"": 7.290898323059082, ""val_mape"": 7.290898323059082, ""val_mae"": 1.6828744411468506, ""lr"": 0.00010000000474974513, ""val_mae12"": 1.104926586151123, ""val_me"": 0.4864968809345392, ""val_me12"": 0.5895269443195803, ""mape_2021"": 9.669560432434082, ""mae_2021"": 2.0913705825805664, ""mae12_2021"": 1.0848314762115479, ""me_2021"": 1.392118804382751, ""me12_2021"": -0.7507577900162952, ""epochs_trained"": 1935}",2026-07-03T15:36:31.369335,completed
2,MAPE,120,3,relu,1,16,0.05,3.7325422763824463,0.7420156002044678,0.9917188286781311,0.2600167328227588,0.2265794061879595,3.7325422763824463,0.9775983095169067,1.0932351350784302,0.6256087333730191,-0.4924059960206852,5.286665439605713,"{""loss"": 7.390219211578369, ""mape"": 7.390219211578369, ""mae"": 1.6269567012786865, ""val_loss"": 3.7325422763824463, ""val_mape"": 3.7325422763824463, ""val_mae"": 0.7420156002044678, ""lr"": 0.00010000000474974513, ""val_mae12"": 0.9917188286781311, ""val_me"": 0.2600167328227588, ""val_me12"": 0.2265794061879595, ""mape_2021"": 5.286665439605713, ""mae_2021"": 0.9775983095169067, ""mae12_2021"": 1.0932351350784302, ""me_2021"": 0.6256087333730191, ""me12_2021"": -0.4924059960206852, ""epochs_trained"": 1945}",2026-07-03T15:36:33.024853,completed
2,MAPE,120,3,relu,1,64,0.3,44.52968215942383,9.158477783203125,9.313944816589355,7.007298032402509,8.784571424523193,44.52968215942383,10.258344650268555,10.25411605834961,8.426068126360128,9.588816535951421,57.117061614990234,"{""loss"": 48.47104263305664, ""mape"": 48.47104263305664, ""mae"": 10.702143669128418, ""val_loss"": 44.52968215942383, ""val_mape"": 44.52968215942383, ""val_mae"": 9.158477783203125, ""lr"": 0.00010000000474974513, ""val_mae12"": 9.313944816589355, ""val_me"": 7.007298032402509, ""val_me12"": 8.784571424523193, ""mape_2021"": 57.117061614990234, ""mae_2021"": 10.258344650268555, ""mae12_2021"": 10.25411605834961, ""me_2021"": 8.426068126360128, ""me12_2021"": 9.588816535951421, ""epochs_trained"": 96}",2026-07-03T15:36:41.052172,completed
2,MAPE,120,3,relu,1,16,0.1,4.248836994171143,0.8745630383491516,1.0417821407318115,0.6070558164901343,0.36865312567007125,4.248836994171143,1.2245100736618042,1.1399236917495728,1.018384311132202,-0.30414674460495567,6.5839362144470215,"{""loss"": 10.106472969055176, ""mape"": 10.106472969055176, ""mae"": 2.328000545501709, ""val_loss"": 4.248836994171143, ""val_mape"": 4.248836994171143, ""val_mae"": 0.8745630383491516, ""lr"": 0.00010000000474974513, ""val_mae12"": 1.0417821407318115, ""val_me"": 0.6070558164901343, ""val_me12"": 0.36865312567007125, ""mape_2021"": 6.5839362144470215, ""mae_2021"": 1.2245100736618042, ""mae12_2021"": 1.1399236917495728, ""me_2021"": 1.018384311132202, ""me12_2021"": -0.30414674460495567, ""epochs_trained"": 2162}",2026-07-03T15:36:43.242654,completed
2,MAPE,120,3,relu,1,64,0.05,3.4380252361297607,0.6748808026313782,1.0626603364944458,-0.23026079119376283,0.27258968332354494,3.4380252361297607,0.7133783102035522,0.9593310952186584,0.2060816666002236,-0.3639104618975913,4.031736373901367,"{""loss"": 5.512264728546143, ""mape"": 5.512264728546143, ""mae"": 1.1907457113265991, ""val_loss"": 3.4380252361297607, ""val_mape"": 3.4380252361297607, ""val_mae"": 0.6748808026313782, ""lr"": 0.00010000000474974513, ""val_mae12"": 1.0626603364944458, ""val_me"": -0.23026079119376283, ""val_me12"": 0.27258968332354494, ""mape_2021"": 4.031736373901367, ""mae_2021"": 0.7133783102035522, ""mae12_2021"": 0.9593310952186584, ""me_2021"": 0.2060816666002236, ""me12_2021"": -0.3639104618975913, ""epochs_trained"": 1488}",2026-07-03T15:37:31.628948,completed
2,MAPE,120,3,relu,1,64,0.1,32.454673767089844,6.198963642120361,9.49803352355957,3.647153019043927,8.349702887209624,32.454673767089844,7.308873653411865,5.895186424255371,5.644617702524715,4.8221126996075165,39.83726501464844,"{""loss"": 33.24897003173828, ""mape"": 33.24897003173828, ""mae"": 7.253729820251465, ""val_loss"": 32.454673767089844, ""val_mape"": 32.454673767089844, ""val_mae"": 6.198963642120361, ""lr"": 1.0000000656873453e-05, ""val_mae12"": 9.49803352355957, ""val_me"": 3.647153019043927, ""val_me12"": 8.349702887209624, ""mape_2021"": 39.83726501464844, ""mae_2021"": 7.308873653411865, ""mae12_2021"": 5.895186424255371, ""me_2021"": 5.644617702524715, ""me12_2021"": 4.8221126996075165, ""epochs_trained"": 1562}",2026-07-03T15:37:34.327515,completed
2,MAPE,120,3,relu,1,64,0.0,7.224695205688477,1.555985450744629,1.755974531173706,0.2503824168276042,1.3976519212336838,7.224695205688477,1.6915560960769653,0.990628719329834,0.5932650885566766,0.26526548421885615,8.027881622314453,"{""loss"": 6.3080267906188965, ""mape"": 6.3080267906188965, ""mae"": 1.4752267599105835, ""val_loss"": 7.224695205688477, ""val_mape"": 7.224695205688477, ""val_mae"": 1.555985450744629, ""lr"": 1.0000000656873453e-05, ""val_mae12"": 1.755974531173706, ""val_me"": 0.2503824168276042, ""val_me12"": 1.3976519212336838, ""mape_2021"": 8.027881622314453, ""mae_2021"": 1.6915560960769653, ""mae12_2021"": 0.990628719329834, ""me_2021"": 0.5932650885566766, ""me12_2021"": 0.26526548421885615, ""epochs_trained"": 8435}",2026-07-03T15:40:55.934777,completed
2,MAPE,120,3,relu,1,256,0.05,44.979434967041016,9.358145713806152,9.393898010253906,7.139985327785541,8.920336790961152,44.979434967041016,10.33602523803711,10.59628677368164,8.536699311709171,9.925670543460441,58.036033630371094,"{""loss"": 45.70914077758789, ""mape"": 45.70914077758789, ""mae"": 10.016101837158203, ""val_loss"": 44.979434967041016, ""val_mape"": 44.979434967041016, ""val_mae"": 9.358145713806152, ""lr"": 0.00010000000474974513, ""val_mae12"": 9.393898010253906, ""val_me"": 7.139985327785541, ""val_me12"": 8.920336790961152, ""mape_2021"": 58.036033630371094, ""mae_2021"": 10.33602523803711, ""mae12_2021"": 10.59628677368164, ""me_2021"": 8.536699311709171, ""me12_2021"": 9.925670543460441, ""epochs_trained"": 51}",2026-07-03T15:41:12.584523,completed
2,MAPE,120,3,relu,1,128,0.0,45.02555847167969,9.338312149047852,8.973275184631348,7.119237068182391,8.424813493271357,45.02555847167969,10.332679748535156,10.050702095031738,8.554784169472201,9.350223729161812,57.53438949584961,"{""loss"": 45.49054718017578, ""mape"": 45.49054718017578, ""mae"": 9.967117309570312, ""val_loss"": 45.02555847167969, ""val_mape"": 45.02555847167969, ""val_mae"": 9.338312149047852, ""lr"": 0.00010000000474974513, ""val_mae12"": 8.973275184631348, ""val_me"": 7.119237068182391, ""val_me12"": 8.424813493271357, ""mape_2021"": 57.53438949584961, ""mae_2021"": 10.332679748535156, ""mae12_2021"": 10.050702095031738, ""me_2021"": 8.554784169472201, ""me12_2021"": 9.350223729161812, ""epochs_trained"": 56}",2026-07-03T15:41:12.646038,completed
2,MAPE,120,3,relu,1,128,0.3,46.15245819091797,9.540048599243164,9.741519927978516,7.023287287943755,9.481076075569574,46.15245819091797,10.385295867919922,11.042840957641602,8.45480182201715,10.710789414725427,59.38938903808594,"{""loss"": 48.40952682495117, ""mape"": 48.40952682495117, ""mae"": 10.547569274902344, ""val_loss"": 46.15245819091797, ""val_mape"": 46.15245819091797, ""val_mae"": 9.540048599243164, ""lr"": 0.00010000000474974513, ""val_mae12"": 9.741519927978516, ""val_me"": 7.023287287943755, ""val_me12"": 9.481076075569574, ""mape_2021"": 59.38938903808594, ""mae_2021"": 10.385295867919922, ""mae12_2021"": 11.042840957641602, ""me_2021"": 8.45480182201715, ""me12_2021"": 10.710789414725427, ""epochs_trained"": 60}",2026-07-03T15:41:12.953066,completed
2,MAPE,120,3,relu,1,128,0.05,44.56657791137695,9.25757884979248,8.29637622833252,7.023549789495007,7.5856395696083485,44.56657791137695,10.298664093017578,9.185721397399902,8.531553038526152,8.153429499636704,55.79303741455078,"{""loss"": 45.52641296386719, ""mape"": 45.52641296386719, ""mae"": 9.96191120147705, ""val_loss"": 44.56657791137695, ""val_mape"": 44.56657791137695, ""val_mae"": 9.25757884979248, ""lr"": 0.00010000000474974513, ""val_mae12"": 8.29637622833252, ""val_me"": 7.023549789495007, ""val_me12"": 7.5856395696083485, ""mape_2021"": 55.79303741455078, ""mae_2021"": 10.298664093017578, ""mae12_2021"": 9.185721397399902, ""me_2021"": 8.531553038526152, ""me12_2021"": 8.153429499636704, ""epochs_trained"": 68}",2026-07-03T15:41:13.346945,completed
2,MAPE,120,3,relu,1,256,0.3,45.07881546020508,9.37350845336914,9.908227920532227,6.830255032027088,9.56124074845215,45.07881546020508,10.308594703674316,11.044209480285645,8.253510175917013,10.587600232532237,58.45139694213867,"{""loss"": 46.967899322509766, ""mape"": 46.967899322509766, ""mae"": 10.237874984741211, ""val_loss"": 45.07881546020508, ""val_mape"": 45.07881546020508, ""val_mae"": 9.37350845336914, ""lr"": 0.00010000000474974513, ""val_mae12"": 9.908227920532227, ""val_me"": 6.830255032027088, ""val_me12"": 9.56124074845215, ""mape_2021"": 58.45139694213867, ""mae_2021"": 10.308594703674316, ""mae12_2021"": 11.044209480285645, ""me_2021"": 8.253510175917013, ""me12_2021"": 10.587600232532237, ""epochs_trained"": 54}",2026-07-03T15:41:24.338025,completed
2,MAPE,120,3,relu,2,16,0.0,45.541194915771484,9.387723922729492,8.912835121154785,7.397413126776667,8.41491192316057,45.541194915771484,10.347579956054688,9.978516578674316,8.767654843345122,9.441956460733715,58.0063362121582,"{""loss"": 45.54221725463867, ""mape"": 45.54221725463867, ""mae"": 9.955450057983398, ""val_loss"": 45.541194915771484, ""val_mape"": 45.541194915771484, ""val_mae"": 9.387723922729492, ""lr"": 0.00010000000474974513, ""val_mae12"": 8.912835121154785, ""val_me"": 7.397413126776667, ""val_me12"": 8.41491192316057, ""mape_2021"": 58.0063362121582, ""mae_2021"": 10.347579956054688, ""mae12_2021"": 9.978516578674316, ""me_2021"": 8.767654843345122, ""me12_2021"": 9.441956460733715, ""epochs_trained"": 88}",2026-07-03T15:41:27.241278,completed
2,MAPE,120,3,relu,2,16,0.05,5.3628249168396,1.110490083694458,1.9185281991958618,0.7273510481415111,1.2593600137293617,5.3628249168396,1.3302949666976929,1.7568036317825317,1.0294239052635843,0.6174536465865094,7.297701835632324,"{""loss"": 9.836134910583496, ""mape"": 9.836134910583496, ""mae"": 2.2270328998565674, ""val_loss"": 5.3628249168396, ""val_mape"": 5.3628249168396, ""val_mae"": 1.110490083694458, ""lr"": 0.00010000000474974513, ""val_mae12"": 1.9185281991958618, ""val_me"": 0.7273510481415111, ""val_me12"": 1.2593600137293617, ""mape_2021"": 7.297701835632324, ""mae_2021"": 1.3302949666976929, ""mae12_2021"": 1.7568036317825317, ""me_2021"": 1.0294239052635843, ""me12_2021"": 0.6174536465865094, ""epochs_trained"": 906}",2026-07-03T15:42:41.420539,completed
2,MAPE,120,3,relu,1,256,0.0,4.160641193389893,0.7886728048324585,1.2647327184677124,-0.14616164502191042,0.7881254876378868,4.160641193389893,0.8521273732185364,1.0662295818328857,0.16556888440003958,-0.6328901675607823,4.8087944984436035,"{""loss"": 3.5212326049804688, ""mape"": 3.5212326049804688, ""mae"": 0.7393940091133118, ""val_loss"": 4.160641193389893, ""val_mape"": 4.160641193389893, ""val_mae"": 0.7886728048324585, ""lr"": 0.00010000000474974513, ""val_mae12"": 1.2647327184677124, ""val_me"": -0.14616164502191042, ""val_me12"": 0.7881254876378868, ""mape_2021"": 4.8087944984436035, ""mae_2021"": 0.8521273732185364, ""mae12_2021"": 1.0662295818328857, ""me_2021"": 0.16556888440003958, ""me12_2021"": -0.6328901675607823, ""epochs_trained"": 1159}",2026-07-03T15:42:41.908456,completed
2,MAPE,120,3,relu,2,16,0.1,4.679070949554443,0.9397667646408081,1.320998191833496,0.6732797054171701,0.6432502587482974,4.679070949554443,1.240507960319519,1.1825700998306274,1.083986103325297,-0.290874012660589,6.416635036468506,"{""loss"": 13.640800476074219, ""mape"": 13.640800476074219, ""mae"": 3.218644618988037, ""val_loss"": 4.679070949554443, ""val_mape"": 4.679070949554443, ""val_mae"": 0.9397667646408081, ""lr"": 0.00010000000474974513, ""val_mae12"": 1.320998191833496, ""val_me"": 0.6732797054171701, ""val_me12"": 0.6432502587482974, ""mape_2021"": 6.416635036468506, ""mae_2021"": 1.240507960319519, ""mae12_2021"": 1.1825700998306274, ""me_2021"": 1.083986103325297, ""me12_2021"": -0.290874012660589, ""epochs_trained"": 936}",2026-07-03T15:42:45.333245,completed
2,MAPE,120,3,relu,2,16,0.3,7.347537040710449,1.5370662212371826,1.4862329959869385,1.3802915858116551,1.049489875909932,7.347537040710449,1.948289394378662,1.2138776779174805,1.8457361418445755,-0.08308261993466216,9.922094345092773,"{""loss"": 21.095916748046875, ""mape"": 21.095916748046875, ""mae"": 4.997310638427734, ""val_loss"": 7.347537040710449, ""val_mape"": 7.347537040710449, ""val_mae"": 1.5370662212371826, ""lr"": 1.0000000656873453e-05, ""val_mae12"": 1.4862329959869385, ""val_me"": 1.3802915858116551, ""val_me12"": 1.049489875909932, ""mape_2021"": 9.922094345092773, ""mae_2021"": 1.948289394378662, ""mae12_2021"": 1.2138776779174805, ""me_2021"": 1.8457361418445755, ""me12_2021"": -0.08308261993466216, ""epochs_trained"": 764}",2026-07-03T15:42:55.592368,completed
2,MAPE,120,3,relu,1,256,0.1,13.58187484741211,2.692445755004883,3.9279119968414307,0.589828295034184,3.138875652894914,13.58187484741211,3.077186107635498,2.10467267036438,1.226029383076811,0.960643283452761,16.80607032775879,"{""loss"": 14.23090934753418, ""mape"": 14.23090934753418, ""mae"": 3.01261830329895, ""val_loss"": 13.58187484741211, ""val_mape"": 13.58187484741211, ""val_mae"": 2.692445755004883, ""lr"": 9.999999747378752e-06, ""val_mae12"": 3.9279119968414307, ""val_me"": 0.589828295034184, ""val_me12"": 3.138875652894914, ""mape_2021"": 16.80607032775879, ""mae_2021"": 3.077186107635498, ""mae12_2021"": 2.10467267036438, ""me_2021"": 1.226029383076811, ""me12_2021"": 0.960643283452761, ""epochs_trained"": 2519}",2026-07-03T15:44:04.156412,completed
2,MAPE,120,3,relu,1,128,0.1,11.594001770019531,2.3093976974487305,3.3657419681549072,0.43475999149990585,2.503145039356994,11.594001770019531,2.7334511280059814,2.34950590133667,0.9795241383143427,1.694774295150742,15.977950096130371,"{""loss"": 13.109889030456543, ""mape"": 13.109889030456543, ""mae"": 2.8338944911956787, ""val_loss"": 11.594001770019531, ""val_mape"": 11.594001770019531, ""val_mae"": 2.3093976974487305, ""lr"": 1.0000000656873453e-05, ""val_mae12"": 3.3657419681549072, ""val_me"": 0.43475999149990585, ""val_me12"": 2.503145039356994, ""mape_2021"": 15.977950096130371, ""mae_2021"": 2.7334511280059814, ""mae12_2021"": 2.34950590133667, ""me_2021"": 0.9795241383143427, ""me12_2021"": 1.694774295150742, ""epochs_trained"": 4148}",2026-07-03T15:44:59.956187,completed
2,MAPE,120,3,relu,2,64,0.05,45.698890686035156,9.288098335266113,11.191998481750488,6.895619109018877,11.154936454920438,45.698890686035156,10.279569625854492,12.975420951843262,8.206714270678365,12.915088072125068,61.69935607910156,"{""loss"": 46.2676887512207, ""mape"": 46.2676887512207, ""mae"": 10.020258903503418, ""val_loss"": 45.698890686035156, ""val_mape"": 45.698890686035156, ""val_mae"": 9.288098335266113, ""lr"": 0.00010000000474974513, ""val_mae12"": 11.191998481750488, ""val_me"": 6.895619109018877, ""val_me12"": 11.154936454920438, ""mape_2021"": 61.69935607910156, ""mae_2021"": 10.279569625854492, ""mae12_2021"": 12.975420951843262, ""me_2021"": 8.206714270678365, ""me12_2021"": 12.915088072125068, ""epochs_trained"": 58}",2026-07-03T15:45:14.569984,completed
2,MAPE,120,3,relu,2,32,0.3,47.4197883605957,9.704123497009277,8.717910766601562,7.77540984667127,8.281584570838358,47.4197883605957,10.59823989868164,10.094018936157227,9.144062564916782,9.77965824497359,60.736228942871094,"{""loss"": 53.19755935668945, ""mape"": 53.19755935668945, ""mae"": 11.843989372253418, ""val_loss"": 47.4197883605957, ""val_mape"": 47.4197883605957, ""val_mae"": 9.704123497009277, ""lr"": 0.00010000000474974513, ""val_mae12"": 8.717910766601562, ""val_me"": 7.77540984667127, ""val_me12"": 8.281584570838358, ""mape_2021"": 60.736228942871094, ""mae_2021"": 10.59823989868164, ""mae12_2021"": 10.094018936157227, ""me_2021"": 9.144062564916782, ""me12_2021"": 9.77965824497359, ""epochs_trained"": 63}",2026-07-03T15:45:14.726786,completed
2,MAPE,120,3,relu,2,32,0.1,47.091941833496094,9.641955375671387,9.940597534179688,7.200550669291435,9.819044905740245,47.091941833496094,10.349922180175781,11.385066032409668,8.547489865203488,11.297149116500169,60.58142852783203,"{""loss"": 48.673973083496094, ""mape"": 48.673973083496094, ""mae"": 10.67298698425293, ""val_loss"": 47.091941833496094, ""val_mape"": 47.091941833496094, ""val_mae"": 9.641955375671387, ""lr"": 0.00010000000474974513, ""val_mae12"": 9.940597534179688, ""val_me"": 7.200550669291435, ""val_me12"": 9.819044905740245, ""mape_2021"": 60.58142852783203, ""mae_2021"": 10.349922180175781, ""mae12_2021"": 11.385066032409668, ""me_2021"": 8.547489865203488, ""me12_2021"": 11.297149116500169, ""epochs_trained"": 69}",2026-07-03T15:45:15.237212,completed
2,MAPE,120,3,relu,2,32,0.05,46.22243118286133,9.528241157531738,8.748156547546387,7.180391211132829,8.422467621152165,46.22243118286133,10.364022254943848,10.013357162475586,8.581325603031292,9.642652520684791,58.7430305480957,"{""loss"": 46.79075241088867, ""mape"": 46.79075241088867, ""mae"": 10.247354507446289, ""val_loss"": 46.22243118286133, ""val_mape"": 46.22243118286133, ""val_mae"": 9.528241157531738, ""lr"": 0.00010000000474974513, ""val_mae12"": 8.748156547546387, ""val_me"": 7.180391211132829, ""val_me12"": 8.422467621152165, ""mape_2021"": 58.7430305480957, ""mae_2021"": 10.364022254943848, ""mae12_2021"": 10.013357162475586, ""me_2021"": 8.581325603031292, ""me12_2021"": 9.642652520684791, ""epochs_trained"": 77}",2026-07-03T15:45:15.245214,completed
2,MAPE,120,3,relu,2,64,0.1,45.16712951660156,9.228318214416504,10.938101768493652,7.42628621403935,10.91889149753464,45.16712951660156,10.323647499084473,12.350461959838867,8.680286668906763,12.302463572592156,60.623260498046875,"{""loss"": 46.10013198852539, ""mape"": 46.10013198852539, ""mae"": 10.059391975402832, ""val_loss"": 45.16712951660156, ""val_mape"": 45.16712951660156, ""val_mae"": 9.228318214416504, ""lr"": 0.00010000000474974513, ""val_mae12"": 10.938101768493652, ""val_me"": 7.42628621403935, ""val_me12"": 10.91889149753464, ""mape_2021"": 60.623260498046875, ""mae_2021"": 10.323647499084473, ""mae12_2021"": 12.350461959838867, ""me_2021"": 8.680286668906763, ""me12_2021"": 12.302463572592156, ""epochs_trained"": 52}",2026-07-03T15:45:24.165775,completed
2,MAPE,120,3,relu,2,128,0.05,4.575685501098633,0.7979955673217773,2.505906343460083,-0.20070845107258192,2.225091059793475,4.575685501098633,0.8426238298416138,1.9001652002334595,0.06169650572698029,1.244616808144643,5.440803050994873,"{""loss"": 5.170792579650879, ""mape"": 5.170792579650879, ""mae"": 1.081278681755066, ""val_loss"": 4.575685501098633, ""val_mape"": 4.575685501098633, ""val_mae"": 0.7979955673217773, ""lr"": 1.0000000656873453e-05, ""val_mae12"": 2.505906343460083, ""val_me"": -0.20070845107258192, ""val_me12"": 2.225091059793475, ""mape_2021"": 5.440803050994873, ""mae_2021"": 0.8426238298416138, ""mae12_2021"": 1.9001652002334595, ""me_2021"": 0.06169650572698029, ""me12_2021"": 1.244616808144643, ""epochs_trained"": 514}",2026-07-03T15:46:07.569835,completed
2,MAPE,120,3,relu,2,128,0.0,4.636245250701904,0.8311899900436401,2.341914176940918,-0.3599817564147352,2.0566629770172113,4.636245250701904,0.8628819584846497,1.4567722082138062,-0.0786531368288158,0.9913530476485739,5.419419765472412,"{""loss"": 3.059309482574463, ""mape"": 3.059309482574463, ""mae"": 0.6221344470977783, ""val_loss"": 4.636245250701904, ""val_mape"": 4.636245250701904, ""val_mae"": 0.8311899900436401, ""lr"": 1.0000000656873453e-05, ""val_mae12"": 2.341914176940918, ""val_me"": -0.3599817564147352, ""val_me12"": 2.0566629770172113, ""mape_2021"": 5.419419765472412, ""mae_2021"": 0.8628819584846497, ""mae12_2021"": 1.4567722082138062, ""me_2021"": -0.0786531368288158, ""me12_2021"": 0.9913530476485739, ""epochs_trained"": 553}",2026-07-03T15:46:11.313151,completed
2,MAPE,120,3,relu,2,64,0.3,4.07772159576416,0.7179643511772156,2.039778709411621,-0.042769150800382044,1.860896096756961,4.07772159576416,0.8020114302635193,0.9525957703590393,0.40705626982216103,0.44720527334738047,4.82135534286499,"{""loss"": 11.44231128692627, ""mape"": 11.44231128692627, ""mae"": 2.643918037414551, ""val_loss"": 4.07772159576416, ""val_mape"": 4.07772159576416, ""val_mae"": 0.7179643511772156, ""lr"": 0.00010000000474974513, ""val_mae12"": 2.039778709411621, ""val_me"": -0.042769150800382044, ""val_me12"": 1.860896096756961, ""mape_2021"": 4.82135534286499, ""mae_2021"": 0.8020114302635193, ""mae12_2021"": 0.9525957703590393, ""me_2021"": 0.40705626982216103, ""me12_2021"": 0.44720527334738047, ""epochs_trained"": 677}",2026-07-03T15:46:19.685097,completed
2,MAPE,120,3,relu,2,128,0.1,4.569281578063965,0.8006725311279297,2.4397618770599365,-0.2465026610208744,2.001205895765214,4.569281578063965,0.838411271572113,1.884848713874817,0.06993166463783974,0.86711594646844,5.509426593780518,"{""loss"": 6.590445041656494, ""mape"": 6.590445041656494, ""mae"": 1.4291938543319702, ""val_loss"": 4.569281578063965, ""val_mape"": 4.569281578063965, ""val_mae"": 0.8006725311279297, ""lr"": 9.999999747378752e-06, ""val_mae12"": 2.4397618770599365, ""val_me"": -0.2465026610208744, ""val_me12"": 2.001205895765214, ""mape_2021"": 5.509426593780518, ""mae_2021"": 0.838411271572113, ""mae12_2021"": 1.884848713874817, ""me_2021"": 0.06993166463783974, ""me12_2021"": 0.86711594646844, ""epochs_trained"": 581}",2026-07-03T15:46:22.093340,completed
2,MAPE,120,3,relu,2,128,0.3,4.2434844970703125,0.7461092472076416,2.2132747173309326,-0.07941747311109465,2.0294224341557072,4.2434844970703125,0.7795617580413818,1.1940618753433228,0.31027196387109734,0.5310382438573069,4.568213939666748,"{""loss"": 9.689590454101562, ""mape"": 9.689590454101562, ""mae"": 2.204119920730591, ""val_loss"": 4.2434844970703125, ""val_mape"": 4.2434844970703125, ""val_mae"": 0.7461092472076416, ""lr"": 1.0000000656873453e-05, ""val_mae12"": 2.2132747173309326, ""val_me"": -0.07941747311109465, ""val_me12"": 2.0294224341557072, ""mape_2021"": 4.568213939666748, ""mae_2021"": 0.7795617580413818, ""mae12_2021"": 1.1940618753433228, ""me_2021"": 0.31027196387109734, ""me12_2021"": 0.5310382438573069, ""epochs_trained"": 572}",2026-07-03T15:46:47.060034,completed
2,MAPE,120,3,relu,2,64,0.0,5.049814224243164,0.8901704549789429,2.582165241241455,-0.3051037559136058,2.377199102983415,5.049814224243164,0.9477478861808777,1.634171485900879,-0.03146283255714395,1.0837289946041222,6.468893051147461,"{""loss"": 2.988091468811035, ""mape"": 2.988091468811035, ""mae"": 0.6197338104248047, ""val_loss"": 5.049814224243164, ""val_mape"": 5.049814224243164, ""val_mae"": 0.8901704549789429, ""lr"": 1.0000000656873453e-05, ""val_mae12"": 2.582165241241455, ""val_me"": -0.3051037559136058, ""val_me12"": 2.377199102983415, ""mape_2021"": 6.468893051147461, ""mae_2021"": 0.9477478861808777, ""mae12_2021"": 1.634171485900879, ""me_2021"": -0.03146283255714395, ""me12_2021"": 1.0837289946041222, ""epochs_trained"": 4306}",2026-07-03T15:48:26.801029,completed
2,MAPE,120,3,relu,2,32,0.0,5.370529651641846,0.9799374938011169,2.475400686264038,-0.23237826612281298,2.1462685129353463,5.370529651641846,1.019177794456482,1.6323045492172241,-0.012731237338603485,1.1184931176498583,6.504092693328857,"{""loss"": 3.5272436141967773, ""mape"": 3.5272436141967773, ""mae"": 0.7172661423683167, ""val_loss"": 5.370529651641846, ""val_mape"": 5.370529651641846, ""val_mae"": 0.9799374938011169, ""lr"": 1.0000000656873453e-05, ""val_mae12"": 2.475400686264038, ""val_me"": -0.23237826612281298, ""val_me12"": 2.1462685129353463, ""mape_2021"": 6.504092693328857, ""mae_2021"": 1.019177794456482, ""mae12_2021"": 1.6323045492172241, ""me_2021"": -0.012731237338603485, ""me12_2021"": 1.1184931176498583, ""epochs_trained"": 5423}",2026-07-03T15:48:59.645056,completed
3,MAPE,120,2,selu,2,32,0.3,100.30694580078125,20.77134132385254,8.497919082641602,21.832893813071365,8.453420805957144,100.30694580078125,21.61088752746582,12.32142448425293,20.241389864673227,12.38909044887573,100.01274871826172,"{""loss"": 86.55854797363281, ""mape"": 86.55854797363281, ""mae"": 21.707212448120117, ""val_loss"": 100.30694580078125, ""val_mape"": 100.30694580078125, ""val_mae"": 20.77134132385254, ""lr"": 0.00010000000474974513, ""val_mae12"": 8.497919082641602, ""val_me"": 21.832893813071365, ""val_me12"": 8.453420805957144, ""mape_2021"": 100.01274871826172, ""mae_2021"": 21.61088752746582, ""mae12_2021"": 12.32142448425293, ""me_2021"": 20.241389864673227, ""me12_2021"": 12.38909044887573, ""epochs_trained"": 34}",2026-07-03T15:49:13.302685,completed
3,MAPE,120,2,selu,2,64,0.05,50.0820198059082,11.3710298538208,6.63357400894165,8.536694047281696,6.473348308726772,50.0820198059082,9.63325023651123,9.504321098327637,8.4756031652076,9.48147778073235,54.30437469482422,"{""loss"": 38.04904556274414, ""mape"": 38.04904556274414, ""mae"": 8.230396270751953, ""val_loss"": 50.0820198059082, ""val_mape"": 50.0820198059082, ""val_mae"": 11.3710298538208, ""lr"": 0.00010000000474974513, ""val_mae12"": 6.63357400894165, ""val_me"": 8.536694047281696, ""val_me12"": 6.473348308726772, ""mape_2021"": 54.30437469482422, ""mae_2021"": 9.63325023651123, ""mae12_2021"": 9.504321098327637, ""me_2021"": 8.4756031652076, ""me12_2021"": 9.48147778073235, ""epochs_trained"": 60}",2026-07-03T15:49:14.679930,completed
3,MAPE,120,2,selu,2,32,0.05,51.97395706176758,11.856900215148926,6.463020324707031,8.225405491963384,6.339649210231394,51.97395706176758,9.434000015258789,9.100425720214844,8.285897968107088,9.113419061715463,52.47226333618164,"{""loss"": 39.936466217041016, ""mape"": 39.936466217041016, ""mae"": 8.728123664855957, ""val_loss"": 51.97395706176758, ""val_mape"": 51.97395706176758, ""val_mae"": 11.856900215148926, ""lr"": 0.00010000000474974513, ""val_mae12"": 6.463020324707031, ""val_me"": 8.225405491963384, ""val_me12"": 6.339649210231394, ""mape_2021"": 52.47226333618164, ""mae_2021"": 9.434000015258789, ""mae12_2021"": 9.100425720214844, ""me_2021"": 8.285897968107088, ""me12_2021"": 9.113419061715463, ""epochs_trained"": 73}",2026-07-03T15:49:15.164520,completed
3,MAPE,120,2,selu,2,32,0.1,47.690147399902344,10.528019905090332,9.218297004699707,6.121100346608013,9.184296015442511,47.690147399902344,7.730247974395752,11.875606536865234,5.784288153895736,11.949016579029246,47.01165008544922,"{""loss"": 38.51666259765625, ""mape"": 38.51666259765625, ""mae"": 8.468287467956543, ""val_loss"": 47.690147399902344, ""val_mape"": 47.690147399902344, ""val_mae"": 10.528019905090332, ""lr"": 0.00010000000474974513, ""val_mae12"": 9.218297004699707, ""val_me"": 6.121100346608013, ""val_me12"": 9.184296015442511, ""mape_2021"": 47.01165008544922, ""mae_2021"": 7.730247974395752, ""mae12_2021"": 11.875606536865234, ""me_2021"": 5.784288153895736, ""me12_2021"": 11.949016579029246, ""epochs_trained"": 93}",2026-07-03T15:49:16.092829,completed
3,MAPE,120,2,selu,2,64,0.1,67.32200622558594,15.492437362670898,10.481579780578613,7.786844991716577,10.459216842360984,67.32200622558594,9.67090892791748,14.18168830871582,7.669309030610236,14.285719296704348,58.647796630859375,"{""loss"": 42.754539489746094, ""mape"": 42.754539489746094, ""mae"": 9.284697532653809, ""val_loss"": 67.32200622558594, ""val_mape"": 67.32200622558594, ""val_mae"": 15.492437362670898, ""lr"": 0.00010000000474974513, ""val_mae12"": 10.481579780578613, ""val_me"": 7.786844991716577, ""val_me12"": 10.459216842360984, ""mape_2021"": 58.647796630859375, ""mae_2021"": 9.67090892791748, ""mae12_2021"": 14.18168830871582, ""me_2021"": 7.669309030610236, ""me12_2021"": 14.285719296704348, ""epochs_trained"": 57}",2026-07-03T15:49:22.293386,completed
3,MAPE,120,2,selu,2,64,0.3,91.6065673828125,19.288280487060547,7.196241855621338,22.21895980989128,7.171821929196065,91.6065673828125,21.6144962310791,9.82872200012207,20.511551696171825,9.877879629790291,95.50597381591797,"{""loss"": 83.72471618652344, ""mape"": 83.72471618652344, ""mae"": 21.14972686767578, ""val_loss"": 91.6065673828125, ""val_mape"": 91.6065673828125, ""val_mae"": 19.288280487060547, ""lr"": 0.00010000000474974513, ""val_mae12"": 7.196241855621338, ""val_me"": 22.21895980989128, ""val_me12"": 7.171821929196065, ""mape_2021"": 95.50597381591797, ""mae_2021"": 21.6144962310791, ""mae12_2021"": 9.82872200012207, ""me_2021"": 20.511551696171825, ""me12_2021"": 9.877879629790291, ""epochs_trained"": 35}",2026-07-03T15:49:23.000899,completed
3,MAPE,120,2,selu,2,128,0.1,62.464508056640625,14.272997856140137,11.65079116821289,9.106719820620164,11.62215800140638,62.464508056640625,11.17692756652832,16.288217544555664,9.09335500135832,16.3881383551862,68.22494506835938,"{""loss"": 40.94746780395508, ""mape"": 40.94746780395508, ""mae"": 8.80099105834961, ""val_loss"": 62.464508056640625, ""val_mape"": 62.464508056640625, ""val_mae"": 14.272997856140137, ""lr"": 0.00010000000474974513, ""val_mae12"": 11.65079116821289, ""val_me"": 9.106719820620164, ""val_me12"": 11.62215800140638, ""mape_2021"": 68.22494506835938, ""mae_2021"": 11.17692756652832, ""mae12_2021"": 16.288217544555664, ""me_2021"": 9.09335500135832, ""me12_2021"": 16.3881383551862, ""epochs_trained"": 43}",2026-07-03T15:49:36.059625,completed
3,MAPE,120,2,selu,2,128,0.3,138.39920043945312,31.290796279907227,31.520183563232422,4.958752152226416,31.619407072191517,138.39920043945312,12.620723724365234,39.10664749145508,4.120969199181489,39.29392547876036,98.5384521484375,"{""loss"": 46.88910675048828, ""mape"": 46.88910675048828, ""mae"": 9.946243286132812, ""val_loss"": 138.39920043945312, ""val_mape"": 138.39920043945312, ""val_mae"": 31.290796279907227, ""lr"": 0.00010000000474974513, ""val_mae12"": 31.520183563232422, ""val_me"": 4.958752152226416, ""val_me12"": 31.619407072191517, ""mape_2021"": 98.5384521484375, ""mae_2021"": 12.620723724365234, ""mae12_2021"": 39.10664749145508, ""me_2021"": 4.120969199181489, ""me12_2021"": 39.29392547876036, ""epochs_trained"": 49}",2026-07-03T15:49:36.572161,completed
3,MAPE,120,2,selu,2,128,0.05,18.858667373657227,4.3544921875,2.2922871112823486,-3.9954576310739975,2.233323409272417,18.858667373657227,4.230992317199707,1.7500824928283691,-4.146398155940296,1.7123370907191373,18.85865592956543,"{""loss"": 6.277046203613281, ""mape"": 6.277046203613281, ""mae"": 1.3892725706100464, ""val_loss"": 18.858667373657227, ""val_mape"": 18.858667373657227, ""val_mae"": 4.3544921875, ""lr"": 0.00010000000474974513, ""val_mae12"": 2.2922871112823486, ""val_me"": -3.9954576310739975, ""val_me12"": 2.233323409272417, ""mape_2021"": 18.85865592956543, ""mae_2021"": 4.230992317199707, ""mae12_2021"": 1.7500824928283691, ""me_2021"": -4.146398155940296, ""me12_2021"": 1.7123370907191373, ""epochs_trained"": 263}",2026-07-03T15:49:43.787126,completed
3,MAPE,120,2,selu,2,128,0.0,4.6984782218933105,0.9548514485359192,0.9042366147041321,0.28997570201985545,0.3226954161972185,4.6984782218933105,0.8712404370307922,0.8906862735748291,0.25404589332693756,-0.3506941574772701,4.740109443664551,"{""loss"": 3.2560601234436035, ""mape"": 3.2560601234436035, ""mae"": 0.6707954406738281, ""val_loss"": 4.6984782218933105, ""val_mape"": 4.6984782218933105, ""val_mae"": 0.9548514485359192, ""lr"": 1.0000000656873453e-05, ""val_mae12"": 0.9042366147041321, ""val_me"": 0.28997570201985545, ""val_me12"": 0.3226954161972185, ""mape_2021"": 4.740109443664551, ""mae_2021"": 0.8712404370307922, ""mae12_2021"": 0.8906862735748291, ""me_2021"": 0.25404589332693756, ""me12_2021"": -0.3506941574772701, ""epochs_trained"": 436}",2026-07-03T15:49:51.245007,completed
3,MAPE,120,2,selu,2,64,0.0,4.385280609130859,0.8844030499458313,0.96708083152771,0.24705792298441123,0.4045027540519835,4.385280609130859,0.7786588072776794,0.9485153555870056,0.1928147087920692,-0.3733045861858411,4.4134626388549805,"{""loss"": 3.081414222717285, ""mape"": 3.081414222717285, ""mae"": 0.6244964003562927, ""val_loss"": 4.385280609130859, ""val_mape"": 4.385280609130859, ""val_mae"": 0.8844030499458313, ""lr"": 1.0000000656873453e-05, ""val_mae12"": 0.96708083152771, ""val_me"": 0.24705792298441123, ""val_me12"": 0.4045027540519835, ""mape_2021"": 4.4134626388549805, ""mae_2021"": 0.7786588072776794, ""mae12_2021"": 0.9485153555870056, ""me_2021"": 0.1928147087920692, ""me12_2021"": -0.3733045861858411, ""epochs_trained"": 872}",2026-07-03T15:50:00.113439,completed
3,MAPE,120,2,selu,2,32,0.0,5.188393592834473,1.0698660612106323,0.9522743225097656,0.4063989181001227,0.41771237907352743,5.188393592834473,0.8423334360122681,0.9994535446166992,0.2551507428067864,-0.4372099637476885,4.733405590057373,"{""loss"": 3.2979137897491455, ""mape"": 3.2979137897491455, ""mae"": 0.6712728142738342, ""val_loss"": 5.188393592834473, ""val_mape"": 5.188393592834473, ""val_mae"": 1.0698660612106323, ""lr"": 1.0000000656873453e-05, ""val_mae12"": 0.9522743225097656, ""val_me"": 0.4063989181001227, ""val_me12"": 0.41771237907352743, ""mape_2021"": 4.733405590057373, ""mae_2021"": 0.8423334360122681, ""mae12_2021"": 0.9994535446166992, ""me_2021"": 0.2551507428067864, ""me12_2021"": -0.4372099637476885, ""epochs_trained"": 5248}",2026-07-03T15:52:15.111901,completed
3,MAPE,120,2,selu,2,256,0.3,154.57460021972656,36.179656982421875,25.497726440429688,3.8129859347408943,25.59632541928616,154.57460021972656,10.948126792907715,31.241832733154297,3.372616014252296,31.38691713548761,82.07925415039062,"{""loss"": 41.680110931396484, ""mape"": 41.680110931396484, ""mae"": 8.926746368408203, ""val_loss"": 154.57460021972656, ""val_mape"": 154.57460021972656, ""val_mae"": 36.179656982421875, ""lr"": 0.00010000000474974513, ""val_mae12"": 25.497726440429688, ""val_me"": 3.8129859347408943, ""val_me12"": 25.59632541928616, ""mape_2021"": 82.07925415039062, ""mae_2021"": 10.948126792907715, ""mae12_2021"": 31.241832733154297, ""me_2021"": 3.372616014252296, ""me12_2021"": 31.38691713548761, ""epochs_trained"": 45}",2026-07-03T15:52:41.127651,completed
3,MAPE,120,2,selu,2,256,0.1,49.896305084228516,11.713726997375488,7.427201747894287,0.25420852771861707,7.453710626927206,49.896305084228516,7.549990177154541,7.054782867431641,0.3450766584864153,7.05218770022034,38.63359451293945,"{""loss"": 23.223051071166992, ""mape"": 23.223051071166992, ""mae"": 5.023499011993408, ""val_loss"": 49.896305084228516, ""val_mape"": 49.896305084228516, ""val_mae"": 11.713726997375488, ""lr"": 0.00010000000474974513, ""val_mae12"": 7.427201747894287, ""val_me"": 0.25420852771861707, ""val_me12"": 7.453710626927206, ""mape_2021"": 38.63359451293945, ""mae_2021"": 7.549990177154541, ""mae12_2021"": 7.054782867431641, ""me_2021"": 0.3450766584864153, ""me12_2021"": 7.05218770022034, ""epochs_trained"": 55}",2026-07-03T15:52:41.863907,completed
3,MAPE,120,2,selu,3,16,0.0,42.896385192871094,9.484028816223145,5.8725762367248535,7.448199207288817,5.890125666356336,42.896385192871094,8.901182174682617,8.225440979003906,7.857489900237506,8.289577470039388,49.62834930419922,"{""loss"": 34.00463104248047, ""mape"": 34.00463104248047, ""mae"": 7.435574054718018, ""val_loss"": 42.896385192871094, ""val_mape"": 42.896385192871094, ""val_mae"": 9.484028816223145, ""lr"": 0.00010000000474974513, ""val_mae12"": 5.8725762367248535, ""val_me"": 7.448199207288817, ""val_me12"": 5.890125666356336, ""mape_2021"": 49.62834930419922, ""mae_2021"": 8.901182174682617, ""mae12_2021"": 8.225440979003906, ""me_2021"": 7.857489900237506, ""me12_2021"": 8.289577470039388, ""epochs_trained"": 76}",2026-07-03T15:52:43.019988,completed
3,MAPE,120,2,selu,3,16,0.05,59.20610809326172,13.120065689086914,9.308430671691895,8.076532504570661,9.184571016270047,59.20610809326172,9.808873176574707,13.530096054077148,8.067321291519383,13.573964157847955,59.820045471191406,"{""loss"": 45.2088737487793, ""mape"": 45.2088737487793, ""mae"": 9.801836967468262, ""val_loss"": 59.20610809326172, ""val_mape"": 59.20610809326172, ""val_mae"": 13.120065689086914, ""lr"": 0.00010000000474974513, ""val_mae12"": 9.308430671691895, ""val_me"": 8.076532504570661, ""val_me12"": 9.184571016270047, ""mape_2021"": 59.820045471191406, ""mae_2021"": 9.808873176574707, ""mae12_2021"": 13.530096054077148, ""me_2021"": 8.067321291519383, ""me12_2021"": 13.573964157847955, ""epochs_trained"": 77}",2026-07-03T15:52:43.182990,completed
3,MAPE,120,2,selu,2,256,0.05,25.21933364868164,5.715690612792969,2.382481813430786,-2.1527710584058273,2.3369637501036586,25.21933364868164,5.137253284454346,2.3680176734924316,-2.704994379243686,0.6309862202196811,23.82990074157715,"{""loss"": 13.426687240600586, ""mape"": 13.426687240600586, ""mae"": 2.9680333137512207, ""val_loss"": 25.21933364868164, ""val_mape"": 25.21933364868164, ""val_mae"": 5.715690612792969, ""lr"": 0.00010000000474974513, ""val_mae12"": 2.382481813430786, ""val_me"": -2.1527710584058273, ""val_me12"": 2.3369637501036586, ""mape_2021"": 23.82990074157715, ""mae_2021"": 5.137253284454346, ""mae12_2021"": 2.3680176734924316, ""me_2021"": -2.704994379243686, ""me12_2021"": 0.6309862202196811, ""epochs_trained"": 113}",2026-07-03T15:52:45.567604,completed
3,MAPE,120,2,selu,3,16,0.3,89.17476654052734,19.9845027923584,8.743163108825684,19.710621922517372,8.775497878414955,89.17476654052734,19.690908432006836,11.780009269714355,18.30374383921547,11.872909628940462,90.1817855834961,"{""loss"": 88.99730682373047, ""mape"": 88.99730682373047, ""mae"": 22.351268768310547, ""val_loss"": 89.17476654052734, ""val_mape"": 89.17476654052734, ""val_mae"": 19.9845027923584, ""lr"": 0.00010000000474974513, ""val_mae12"": 8.743163108825684, ""val_me"": 19.710621922517372, ""val_me12"": 8.775497878414955, ""mape_2021"": 90.1817855834961, ""mae_2021"": 19.690908432006836, ""mae12_2021"": 11.780009269714355, ""me_2021"": 18.30374383921547, ""me12_2021"": 11.872909628940462, ""epochs_trained"": 58}",2026-07-03T15:52:53.075859,completed
3,MAPE,120,2,selu,3,16,0.1,58.05965805053711,13.096435546875,7.977504253387451,7.554651306844452,7.895637683490732,58.05965805053711,8.621596336364746,10.851909637451172,7.272129573783672,10.932744102603367,50.77449035644531,"{""loss"": 44.36915969848633, ""mape"": 44.36915969848633, ""mae"": 9.847721099853516, ""val_loss"": 58.05965805053711, ""val_mape"": 58.05965805053711, ""val_mae"": 13.096435546875, ""lr"": 0.00010000000474974513, ""val_mae12"": 7.977504253387451, ""val_me"": 7.554651306844452, ""val_me12"": 7.895637683490732, ""mape_2021"": 50.77449035644531, ""mae_2021"": 8.621596336364746, ""mae12_2021"": 10.851909637451172, ""me_2021"": 7.272129573783672, ""me12_2021"": 10.932744102603367, ""epochs_trained"": 89}",2026-07-03T15:52:54.456222,completed
3,MAPE,120,2,selu,3,32,0.05,46.082340240478516,10.868733406066895,7.453013896942139,5.964341007538042,7.481608627561441,46.082340240478516,7.009994029998779,9.766321182250977,5.6437353834697355,9.840436007395446,42.287940979003906,"{""loss"": 32.57842254638672, ""mape"": 32.57842254638672, ""mae"": 7.27232027053833, ""val_loss"": 46.082340240478516, ""val_mape"": 46.082340240478516, ""val_mae"": 10.868733406066895, ""lr"": 0.00010000000474974513, ""val_mae12"": 7.453013896942139, ""val_me"": 5.964341007538042, ""val_me12"": 7.481608627561441, ""mape_2021"": 42.287940979003906, ""mae_2021"": 7.009994029998779, ""mae12_2021"": 9.766321182250977, ""me_2021"": 5.6437353834697355, ""me12_2021"": 9.840436007395446, ""epochs_trained"": 84}",2026-07-03T15:52:55.527394,completed
3,MAPE,120,2,selu,3,32,0.1,73.6524887084961,17.516489028930664,14.853053092956543,5.991936591637669,14.905752281273942,73.6524887084961,8.86137866973877,19.350814819335938,5.6481566180205744,19.465031874658393,60.21419906616211,"{""loss"": 41.764923095703125, ""mape"": 41.764923095703125, ""mae"": 9.1897611618042, ""val_loss"": 73.6524887084961, ""val_mape"": 73.6524887084961, ""val_mae"": 17.516489028930664, ""lr"": 0.00010000000474974513, ""val_mae12"": 14.853053092956543, ""val_me"": 5.991936591637669, ""val_me12"": 14.905752281273942, ""mape_2021"": 60.21419906616211, ""mae_2021"": 8.86137866973877, ""mae12_2021"": 19.350814819335938, ""me_2021"": 5.6481566180205744, ""me12_2021"": 19.465031874658393, ""epochs_trained"": 65}",2026-07-03T15:52:57.174295,completed
3,MAPE,120,2,selu,3,32,0.3,94.69569396972656,18.523237228393555,10.564281463623047,19.015057716276576,10.594658252547891,94.69569396972656,19.528156280517578,13.240726470947266,17.69467387515607,13.326060002858501,89.9356689453125,"{""loss"": 81.42608642578125, ""mape"": 81.42608642578125, ""mae"": 20.669597625732422, ""val_loss"": 94.69569396972656, ""val_mape"": 94.69569396972656, ""val_mae"": 18.523237228393555, ""lr"": 0.00010000000474974513, ""val_mae12"": 10.564281463623047, ""val_me"": 19.015057716276576, ""val_me12"": 10.594658252547891, ""mape_2021"": 89.9356689453125, ""mae_2021"": 19.528156280517578, ""mae12_2021"": 13.240726470947266, ""me_2021"": 17.69467387515607, ""me12_2021"": 13.326060002858501, ""epochs_trained"": 50}",2026-07-03T15:53:01.714265,completed
3,MAPE,120,2,selu,2,256,0.0,3.6813056468963623,0.7250268459320068,0.906505823135376,0.1420289000251298,0.35018198983770576,3.6813056468963623,0.7124562859535217,0.8699352145195007,0.1657812550659719,-0.42282577569652546,4.043158054351807,"{""loss"": 2.8579447269439697, ""mape"": 2.8579447269439697, ""mae"": 0.5764704942703247, ""val_loss"": 3.6813056468963623, ""val_mape"": 3.6813056468963623, ""val_mae"": 0.7250268459320068, ""lr"": 1.0000000656873453e-05, ""val_mae12"": 0.906505823135376, ""val_me"": 0.1420289000251298, ""val_me12"": 0.35018198983770576, ""mape_2021"": 4.043158054351807, ""mae_2021"": 0.7124562859535217, ""mae12_2021"": 0.8699352145195007, ""me_2021"": 0.1657812550659719, ""me12_2021"": -0.42282577569652546, ""epochs_trained"": 564}",2026-07-03T15:53:14.612016,completed
3,MAPE,120,2,selu,3,32,0.0,3.8840675354003906,0.7779110074043274,0.8794962763786316,0.1975793230876305,0.20534108047777597,3.8840675354003906,0.711223304271698,0.9347423911094666,0.15039142400015698,-0.48865193358057685,4.18416690826416,"{""loss"": 2.9016215801239014, ""mape"": 2.9016215801239014, ""mae"": 0.5886526107788086, ""val_loss"": 3.8840675354003906, ""val_mape"": 3.8840675354003906, ""val_mae"": 0.7779110074043274, ""lr"": 1.0000000656873453e-05, ""val_mae12"": 0.8794962763786316, ""val_me"": 0.1975793230876305, ""val_me12"": 0.20534108047777597, ""mape_2021"": 4.18416690826416, ""mae_2021"": 0.711223304271698, ""mae12_2021"": 0.9347423911094666, ""me_2021"": 0.15039142400015698, ""me12_2021"": -0.48865193358057685, ""epochs_trained"": 975}",2026-07-03T15:53:29.841639,completed
3,MAPE,120,2,selu,3,64,0.3,104.6012191772461,16.772552490234375,8.784187316894531,20.731767047933445,8.817702482138266,104.6012191772461,20.62920570373535,11.475540161132812,19.238309668039445,11.560732708190939,92.84721374511719,"{""loss"": 78.482666015625, ""mape"": 78.482666015625, ""mae"": 19.65059471130371, ""val_loss"": 104.6012191772461, ""val_mape"": 104.6012191772461, ""val_mae"": 16.772552490234375, ""lr"": 0.00010000000474974513, ""val_mae12"": 8.784187316894531, ""val_me"": 20.731767047933445, ""val_me12"": 8.817702482138266, ""mape_2021"": 92.84721374511719, ""mae_2021"": 20.62920570373535, ""mae12_2021"": 11.475540161132812, ""me_2021"": 19.238309668039445, ""me12_2021"": 11.560732708190939, ""epochs_trained"": 32}",2026-07-03T15:53:48.923307,completed
3,MAPE,120,2,selu,3,64,0.1,69.43311309814453,16.593046188354492,14.407293319702148,5.538870710848063,14.457367108096113,69.43311309814453,8.055032730102539,18.124561309814453,4.914254294264351,18.2243266627011,56.20497512817383,"{""loss"": 36.24723434448242, ""mape"": 36.24723434448242, ""mae"": 7.945394039154053, ""val_loss"": 69.43311309814453, ""val_mape"": 69.43311309814453, ""val_mae"": 16.593046188354492, ""lr"": 0.00010000000474974513, ""val_mae12"": 14.407293319702148, ""val_me"": 5.538870710848063, ""val_me12"": 14.457367108096113, ""mape_2021"": 56.20497512817383, ""mae_2021"": 8.055032730102539, ""mae12_2021"": 18.124561309814453, ""me_2021"": 4.914254294264351, ""me12_2021"": 18.2243266627011, ""epochs_trained"": 57}",2026-07-03T15:53:50.571943,completed
3,MAPE,120,2,selu,3,128,0.05,27.25128173828125,6.28957462310791,2.119216203689575,-1.9398319069667342,2.0678365530344425,27.25128173828125,5.064200401306152,2.8169851303100586,-2.6921981642712343,0.33411873651025953,24.218854904174805,"{""loss"": 14.902440071105957, ""mape"": 14.902440071105957, ""mae"": 3.173816442489624, ""val_loss"": 27.25128173828125, ""val_mape"": 27.25128173828125, ""val_mae"": 6.28957462310791, ""lr"": 0.00010000000474974513, ""val_mae12"": 2.119216203689575, ""val_me"": -1.9398319069667342, ""val_me12"": 2.0678365530344425, ""mape_2021"": 24.218854904174805, ""mae_2021"": 5.064200401306152, ""mae12_2021"": 2.8169851303100586, ""me_2021"": -2.6921981642712343, ""me12_2021"": 0.33411873651025953, ""epochs_trained"": 74}",2026-07-03T15:53:51.957292,completed
3,MAPE,120,2,selu,3,128,0.3,98.1974105834961,15.930276870727539,2.8525075912475586,23.381025710058818,1.8274159922194737,98.1974105834961,22.28350067138672,4.353466510772705,21.86887411761813,3.7526259413842302,94.01371765136719,"{""loss"": 78.2345962524414, ""mape"": 78.2345962524414, ""mae"": 19.546663284301758, ""val_loss"": 98.1974105834961, ""val_mape"": 98.1974105834961, ""val_mae"": 15.930276870727539, ""lr"": 0.00010000000474974513, ""val_mae12"": 2.8525075912475586, ""val_me"": 23.381025710058818, ""val_me12"": 1.8274159922194737, ""mape_2021"": 94.01371765136719, ""mae_2021"": 22.28350067138672, ""mae12_2021"": 4.353466510772705, ""me_2021"": 21.86887411761813, ""me12_2021"": 3.7526259413842302, ""epochs_trained"": 27}",2026-07-03T15:54:04.596018,completed
3,MAPE,120,2,selu,3,128,0.1,53.54802703857422,13.143959045410156,5.888633728027344,-5.670764534646788,5.906036979245243,53.54802703857422,9.304574012756348,5.169573783874512,-4.9913548687844145,5.130573752559506,41.73978042602539,"{""loss"": 21.16614532470703, ""mape"": 21.16614532470703, ""mae"": 4.595368385314941, ""val_loss"": 53.54802703857422, ""val_mape"": 53.54802703857422, ""val_mae"": 13.143959045410156, ""lr"": 0.00010000000474974513, ""val_mae12"": 5.888633728027344, ""val_me"": -5.670764534646788, ""val_me12"": 5.906036979245243, ""mape_2021"": 41.73978042602539, ""mae_2021"": 9.304574012756348, ""mae12_2021"": 5.169573783874512, ""me_2021"": -4.9913548687844145, ""me12_2021"": 5.130573752559506, ""epochs_trained"": 57}",2026-07-03T15:54:04.632016,completed
3,MAPE,120,2,selu,3,64,0.05,19.012022018432617,4.540011405944824,1.513257384300232,-3.4359269511523,1.3249973835867421,19.012022018432617,4.298923492431641,1.394121766090393,-3.738883632551385,1.2122115158742826,19.292171478271484,"{""loss"": 8.52564811706543, ""mape"": 8.52564811706543, ""mae"": 1.8817068338394165, ""val_loss"": 19.012022018432617, ""val_mape"": 19.012022018432617, ""val_mae"": 4.540011405944824, ""lr"": 0.00010000000474974513, ""val_mae12"": 1.513257384300232, ""val_me"": -3.4359269511523, ""val_me12"": 1.3249973835867421, ""mape_2021"": 19.292171478271484, ""mae_2021"": 4.298923492431641, ""mae12_2021"": 1.394121766090393, ""me_2021"": -3.738883632551385, ""me12_2021"": 1.2122115158742826, ""epochs_trained"": 193}",2026-07-03T15:54:25.569788,completed
3,MAPE,120,2,selu,3,256,0.05,29.018478393554688,6.476811408996582,2.675433874130249,1.7778520986333348,2.0289560918937597,29.018478393554688,4.703827381134033,2.437075138092041,1.4358840383161542,0.365888558637687,22.630306243896484,"{""loss"": 16.2764835357666, ""mape"": 16.2764835357666, ""mae"": 3.3822021484375, ""val_loss"": 29.018478393554688, ""val_mape"": 29.018478393554688, ""val_mae"": 6.476811408996582, ""lr"": 0.00010000000474974513, ""val_mae12"": 2.675433874130249, ""val_me"": 1.7778520986333348, ""val_me12"": 2.0289560918937597, ""mape_2021"": 22.630306243896484, ""mae_2021"": 4.703827381134033, ""mae12_2021"": 2.437075138092041, ""me_2021"": 1.4358840383161542, ""me12_2021"": 0.365888558637687, ""epochs_trained"": 43}",2026-07-03T15:54:26.650485,completed
3,MAPE,120,2,selu,3,256,0.1,53.16521453857422,12.837475776672363,2.9914262294769287,-4.148529094848772,1.7242134484588727,53.16521453857422,7.999598026275635,3.1049249172210693,-3.727866458743458,-0.2826808335406586,34.08140563964844,"{""loss"": 18.62238883972168, ""mape"": 18.62238883972168, ""mae"": 3.9035351276397705, ""val_loss"": 53.16521453857422, ""val_mape"": 53.16521453857422, ""val_mae"": 12.837475776672363, ""lr"": 0.00010000000474974513, ""val_mae12"": 2.9914262294769287, ""val_me"": -4.148529094848772, ""val_me12"": 1.7242134484588727, ""mape_2021"": 34.08140563964844, ""mae_2021"": 7.999598026275635, ""mae12_2021"": 3.1049249172210693, ""me_2021"": -3.727866458743458, ""me12_2021"": -0.2826808335406586, ""epochs_trained"": 45}",2026-07-03T15:54:27.036487,completed
3,MAPE,120,2,selu,3,128,0.0,3.9949421882629395,0.7958393692970276,0.9307059645652771,0.17765928798395036,0.364203795659873,3.9949421882629395,0.7215227484703064,0.9003373980522156,0.16364652149195358,-0.3362179908876016,4.062061786651611,"{""loss"": 2.904064893722534, ""mape"": 2.904064893722534, ""mae"": 0.5938180685043335, ""val_loss"": 3.9949421882629395, ""val_mape"": 3.9949421882629395, ""val_mae"": 0.7958393692970276, ""lr"": 1.0000000656873453e-05, ""val_mae12"": 0.9307059645652771, ""val_me"": 0.17765928798395036, ""val_me12"": 0.364203795659873, ""mape_2021"": 4.062061786651611, ""mae_2021"": 0.7215227484703064, ""mae12_2021"": 0.9003373980522156, ""me_2021"": 0.16364652149195358, ""me12_2021"": -0.3362179908876016, ""epochs_trained"": 392}",2026-07-03T15:54:28.826979,completed
3,MAPE,120,2,selu,3,256,0.3,246.25946044921875,57.37602996826172,36.764678955078125,5.583337955304656,36.85634806715256,246.25946044921875,16.371387481689453,42.262657165527344,4.090305988010632,42.41533070938846,115.92829895019531,"{""loss"": 34.84089279174805, ""mape"": 34.84089279174805, ""mae"": 7.5186262130737305, ""val_loss"": 246.25946044921875, ""val_mape"": 246.25946044921875, ""val_mae"": 57.37602996826172, ""lr"": 0.00010000000474974513, ""val_mae12"": 36.764678955078125, ""val_me"": 5.583337955304656, ""val_me12"": 36.85634806715256, ""mape_2021"": 115.92829895019531, ""mae_2021"": 16.371387481689453, ""mae12_2021"": 42.262657165527344, ""me_2021"": 4.090305988010632, ""me12_2021"": 42.41533070938846, ""epochs_trained"": 36}",2026-07-03T15:54:39.052346,completed
3,MAPE,120,2,selu,3,64,0.0,4.262979984283447,0.8560551404953003,0.9469779133796692,0.21133633593437268,0.407934976632184,4.262979984283447,0.7333724498748779,0.8857190608978271,0.17482148624070845,-0.32613694564426443,4.168765544891357,"{""loss"": 2.940279960632324, ""mape"": 2.940279960632324, ""mae"": 0.5947465300559998, ""val_loss"": 4.262979984283447, ""val_mape"": 4.262979984283447, ""val_mae"": 0.8560551404953003, ""lr"": 1.0000000656873453e-05, ""val_mae12"": 0.9469779133796692, ""val_me"": 0.21133633593437268, ""val_me12"": 0.407934976632184, ""mape_2021"": 4.168765544891357, ""mae_2021"": 0.7333724498748779, ""mae12_2021"": 0.8857190608978271, ""me_2021"": 0.17482148624070845, ""me12_2021"": -0.32613694564426443, ""epochs_trained"": 712}",2026-07-03T15:54:50.054258,completed
3,MAPE,120,2,selu,3,256,0.0,3.7157604694366455,0.7330841422080994,0.9392313957214355,0.14454087037115027,0.37965215095271043,3.7157604694366455,0.7021388411521912,0.9956993460655212,0.1570956237655662,-0.5266858213159034,4.181833267211914,"{""loss"": 2.802217960357666, ""mape"": 2.802217960357666, ""mae"": 0.5706838369369507, ""val_loss"": 3.7157604694366455, ""val_mape"": 3.7157604694366455, ""val_mae"": 0.7330841422080994, ""lr"": 1.0000000656873453e-05, ""val_mae12"": 0.9392313957214355, ""val_me"": 0.14454087037115027, ""val_me12"": 0.37965215095271043, ""mape_2021"": 4.181833267211914, ""mae_2021"": 0.7021388411521912, ""mae12_2021"": 0.9956993460655212, ""me_2021"": 0.1570956237655662, ""me12_2021"": -0.5266858213159034, ""epochs_trained"": 946}",2026-07-03T15:55:26.641963,completed
3,MAPE,120,3,relu,1,32,0.05,46.29526901245117,9.431618690490723,9.34566593170166,7.164428449944575,9.044898329502372,46.29526901245117,10.427447319030762,10.683722496032715,8.605101613760302,10.329046698889856,59.52509689331055,"{""loss"": 47.2291145324707, ""mape"": 47.2291145324707, ""mae"": 10.225126266479492, ""val_loss"": 46.29526901245117, ""val_mape"": 46.29526901245117, ""val_mae"": 9.431618690490723, ""lr"": 0.00010000000474974513, ""val_mae12"": 9.34566593170166, ""val_me"": 7.164428449944575, ""val_me12"": 9.044898329502372, ""mape_2021"": 59.52509689331055, ""mae_2021"": 10.427447319030762, ""mae12_2021"": 10.683722496032715, ""me_2021"": 8.605101613760302, ""me12_2021"": 10.329046698889856, ""epochs_trained"": 79}",2026-07-03T15:55:41.337686,completed
3,MAPE,120,3,relu,1,16,0.0,15.270475387573242,3.769835948944092,1.1846054792404175,2.197679905366911,0.5576628168270634,15.270475387573242,4.720953941345215,1.2594504356384277,3.980227388686883,-0.9536003230528097,20.030838012695312,"{""loss"": 17.116039276123047, ""mape"": 17.116039276123047, ""mae"": 4.318424224853516, ""val_loss"": 15.270475387573242, ""val_mape"": 15.270475387573242, ""val_mae"": 3.769835948944092, ""lr"": 0.00010000000474974513, ""val_mae12"": 1.1846054792404175, ""val_me"": 2.197679905366911, ""val_me12"": 0.5576628168270634, ""mape_2021"": 20.030838012695312, ""mae_2021"": 4.720953941345215, ""mae12_2021"": 1.2594504356384277, ""me_2021"": 3.980227388686883, ""me12_2021"": -0.9536003230528097, ""epochs_trained"": 1349}",2026-07-03T15:56:38.880353,completed
3,MAPE,120,3,relu,1,32,0.3,45.43435287475586,9.231156349182129,9.447918891906738,7.080537212344145,8.894284668767527,45.43435287475586,10.377440452575684,10.701151847839355,8.52307709500014,10.128989436266105,58.87080001831055,"{""loss"": 50.5424919128418, ""mape"": 50.5424919128418, ""mae"": 11.141195297241211, ""val_loss"": 45.43435287475586, ""val_mape"": 45.43435287475586, ""val_mae"": 9.231156349182129, ""lr"": 0.00010000000474974513, ""val_mae12"": 9.447918891906738, ""val_me"": 7.080537212344145, ""val_me12"": 8.894284668767527, ""mape_2021"": 58.87080001831055, ""mae_2021"": 10.377440452575684, ""mae12_2021"": 10.701151847839355, ""me_2021"": 8.52307709500014, ""me12_2021"": 10.128989436266105, ""epochs_trained"": 92}",2026-07-03T15:56:47.695069,completed
3,MAPE,120,3,relu,1,64,0.0,46.04771423339844,9.479143142700195,8.666664123535156,7.378647338839868,8.29393813841147,46.04771423339844,10.442733764648438,9.730572700500488,8.768463520689533,9.302733357563675,58.4019660949707,"{""loss"": 46.011898040771484, ""mape"": 46.011898040771484, ""mae"": 10.036921501159668, ""val_loss"": 46.04771423339844, ""val_mape"": 46.04771423339844, ""val_mae"": 9.479143142700195, ""lr"": 0.00010000000474974513, ""val_mae12"": 8.666664123535156, ""val_me"": 7.378647338839868, ""val_me12"": 8.29393813841147, ""mape_2021"": 58.4019660949707, ""mae_2021"": 10.442733764648438, ""mae12_2021"": 9.730572700500488, ""me_2021"": 8.768463520689533, ""me12_2021"": 9.302733357563675, ""epochs_trained"": 75}",2026-07-03T15:56:55.651963,completed
3,MAPE,120,3,relu,1,32,0.1,4.176363945007324,0.8175612688064575,1.099075198173523,0.11628926481341051,0.5688403445377377,4.176363945007324,1.0413569211959839,1.0130642652511597,0.5755140640200578,0.05642298579608339,5.835423469543457,"{""loss"": 9.360973358154297, ""mape"": 9.360973358154297, ""mae"": 2.085344076156616, ""val_loss"": 4.176363945007324, ""val_mape"": 4.176363945007324, ""val_mae"": 0.8175612688064575, ""lr"": 1.0000000656873453e-05, ""val_mae12"": 1.099075198173523, ""val_me"": 0.11628926481341051, ""val_me12"": 0.5688403445377377, ""mape_2021"": 5.835423469543457, ""mae_2021"": 1.0413569211959839, ""mae12_2021"": 1.0130642652511597, ""me_2021"": 0.5755140640200578, ""me12_2021"": 0.05642298579608339, ""epochs_trained"": 1653}",2026-07-03T15:57:01.283525,completed
3,MAPE,120,3,relu,1,64,0.1,46.28683090209961,9.521575927734375,8.630537986755371,7.37748280028171,8.195941190200296,46.28683090209961,10.47590446472168,9.793769836425781,8.81007807296747,9.339176378022248,58.9042854309082,"{""loss"": 47.11896514892578, ""mape"": 47.11896514892578, ""mae"": 10.252092361450195, ""val_loss"": 46.28683090209961, ""val_mape"": 46.28683090209961, ""val_mae"": 9.521575927734375, ""lr"": 0.00010000000474974513, ""val_mae12"": 8.630537986755371, ""val_me"": 7.37748280028171, ""val_me12"": 8.195941190200296, ""mape_2021"": 58.9042854309082, ""mae_2021"": 10.47590446472168, ""mae12_2021"": 9.793769836425781, ""me_2021"": 8.81007807296747, ""me12_2021"": 9.339176378022248, ""epochs_trained"": 66}",2026-07-03T15:57:09.253473,completed
3,MAPE,120,3,relu,1,16,0.05,3.6709115505218506,0.7384164929389954,1.0750391483306885,0.33541930950605486,-0.11789605551213882,3.6709115505218506,1.0008184909820557,1.2663638591766357,0.7396624057344436,-0.6433945589500949,5.497965335845947,"{""loss"": 7.410829544067383, ""mape"": 7.410829544067383, ""mae"": 1.639877438545227, ""val_loss"": 3.6709115505218506, ""val_mape"": 3.6709115505218506, ""val_mae"": 0.7384164929389954, ""lr"": 0.00010000000474974513, ""val_mae12"": 1.0750391483306885, ""val_me"": 0.33541930950605486, ""val_me12"": -0.11789605551213882, ""mape_2021"": 5.497965335845947, ""mae_2021"": 1.0008184909820557, ""mae12_2021"": 1.2663638591766357, ""me_2021"": 0.7396624057344436, ""me12_2021"": -0.6433945589500949, ""epochs_trained"": 2000}",2026-07-03T15:57:09.426842,completed
3,MAPE,120,3,relu,1,16,0.1,4.4795122146606445,0.8986113667488098,1.0592283010482788,0.6633378287651059,0.14286687198128997,4.4795122146606445,1.233084797859192,1.1045033931732178,1.0865135303709974,-0.582288341131967,6.5040154457092285,"{""loss"": 10.279461860656738, ""mape"": 10.279461860656738, ""mae"": 2.3544726371765137, ""val_loss"": 4.4795122146606445, ""val_mape"": 4.4795122146606445, ""val_mae"": 0.8986113667488098, ""lr"": 0.00010000000474974513, ""val_mae12"": 1.0592283010482788, ""val_me"": 0.6633378287651059, ""val_me12"": 0.14286687198128997, ""mape_2021"": 6.5040154457092285, ""mae_2021"": 1.233084797859192, ""mae12_2021"": 1.1045033931732178, ""me_2021"": 1.0865135303709974, ""me12_2021"": -0.582288341131967, ""epochs_trained"": 2100}",2026-07-03T15:57:14.077106,completed
3,MAPE,120,3,relu,1,64,0.3,45.90790557861328,9.369023323059082,9.218727111816406,7.293344489365039,8.81814183431348,45.90790557861328,10.422647476196289,10.3860502243042,8.69575893761599,9.993549916737116,58.99141311645508,"{""loss"": 50.3046875, ""mape"": 50.3046875, ""mae"": 10.96346378326416, ""val_loss"": 45.90790557861328, ""val_mape"": 45.90790557861328, ""val_mae"": 9.369023323059082, ""lr"": 0.00010000000474974513, ""val_mae12"": 9.218727111816406, ""val_me"": 7.293344489365039, ""val_me12"": 8.81814183431348, ""mape_2021"": 58.99141311645508, ""mae_2021"": 10.422647476196289, ""mae12_2021"": 10.3860502243042, ""me_2021"": 8.69575893761599, ""me12_2021"": 9.993549916737116, ""epochs_trained"": 97}",2026-07-03T15:57:17.453731,completed
3,MAPE,120,3,relu,1,16,0.3,7.453739643096924,1.5044970512390137,1.71500825881958,1.3458210013473613,1.0475694753136855,7.453739643096924,1.9102907180786133,1.066494107246399,1.8411361462140272,-0.4676643784029014,9.471905708312988,"{""loss"": 19.058034896850586, ""mape"": 19.058034896850586, ""mae"": 4.4880499839782715, ""val_loss"": 7.453739643096924, ""val_mape"": 7.453739643096924, ""val_mae"": 1.5044970512390137, ""lr"": 1.0000000656873453e-05, ""val_mae12"": 1.71500825881958, ""val_me"": 1.3458210013473613, ""val_me12"": 1.0475694753136855, ""mape_2021"": 9.471905708312988, ""mae_2021"": 1.9102907180786133, ""mae12_2021"": 1.066494107246399, ""me_2021"": 1.8411361462140272, ""me12_2021"": -0.4676643784029014, ""epochs_trained"": 2216}",2026-07-03T15:57:18.247827,completed
3,MAPE,120,3,relu,1,64,0.05,29.59183692932129,5.607542037963867,8.894159317016602,3.2611385865838582,7.861388814918567,29.59183692932129,6.60090446472168,4.996027946472168,5.213652801686342,2.953429104811124,35.74003982543945,"{""loss"": 29.570362091064453, ""mape"": 29.570362091064453, ""mae"": 6.425440311431885, ""val_loss"": 29.59183692932129, ""val_mape"": 29.59183692932129, ""val_mae"": 5.607542037963867, ""lr"": 9.999999747378752e-06, ""val_mae12"": 8.894159317016602, ""val_me"": 3.2611385865838582, ""val_me12"": 7.861388814918567, ""mape_2021"": 35.74003982543945, ""mae_2021"": 6.60090446472168, ""mae12_2021"": 4.996027946472168, ""me_2021"": 5.213652801686342, ""me12_2021"": 2.953429104811124, ""epochs_trained"": 2270}",2026-07-03T15:58:23.950064,completed
3,MAPE,120,3,relu,1,32,0.0,10.541184425354004,2.3007490634918213,2.2503929138183594,0.7248028544582841,1.960774714175452,10.541184425354004,2.6921706199645996,1.4824767112731934,1.3994680176238883,0.19592515266996227,12.597283363342285,"{""loss"": 9.284331321716309, ""mape"": 9.284331321716309, ""mae"": 2.159451484680176, ""val_loss"": 10.541184425354004, ""val_mape"": 10.541184425354004, ""val_mae"": 2.3007490634918213, ""lr"": 9.999999747378752e-06, ""val_mae12"": 2.2503929138183594, ""val_me"": 0.7248028544582841, ""val_me12"": 1.960774714175452, ""mape_2021"": 12.597283363342285, ""mae_2021"": 2.6921706199645996, ""mae12_2021"": 1.4824767112731934, ""me_2021"": 1.3994680176238883, ""me12_2021"": 0.19592515266996227, ""epochs_trained"": 10131}",2026-07-03T16:01:21.324727,completed
3,MAPE,120,3,relu,1,256,0.05,45.23750686645508,9.440088272094727,9.170744895935059,7.267241137077549,8.837368641233228,45.23750686645508,10.383700370788574,10.295936584472656,8.675258403486236,9.82864677269542,58.117088317871094,"{""loss"": 45.88285446166992, ""mape"": 45.88285446166992, ""mae"": 10.06733512878418, ""val_loss"": 45.23750686645508, ""val_mape"": 45.23750686645508, ""val_mae"": 9.440088272094727, ""lr"": 0.00010000000474974513, ""val_mae12"": 9.170744895935059, ""val_me"": 7.267241137077549, ""val_me12"": 8.837368641233228, ""mape_2021"": 58.117088317871094, ""mae_2021"": 10.383700370788574, ""mae12_2021"": 10.295936584472656, ""me_2021"": 8.675258403486236, ""me12_2021"": 9.82864677269542, ""epochs_trained"": 51}",2026-07-03T16:01:37.996714,completed
3,MAPE,120,3,relu,1,128,0.1,44.97229766845703,9.322562217712402,9.373847961425781,7.0842916080714025,8.975786478329653,44.97229766845703,10.32172679901123,10.608192443847656,8.492435005471071,9.996947402461318,58.00090026855469,"{""loss"": 46.135337829589844, ""mape"": 46.135337829589844, ""mae"": 10.070809364318848, ""val_loss"": 44.97229766845703, ""val_mape"": 44.97229766845703, ""val_mae"": 9.322562217712402, ""lr"": 0.00010000000474974513, ""val_mae12"": 9.373847961425781, ""val_me"": 7.0842916080714025, ""val_me12"": 8.975786478329653, ""mape_2021"": 58.00090026855469, ""mae_2021"": 10.32172679901123, ""mae12_2021"": 10.608192443847656, ""me_2021"": 8.492435005471071, ""me12_2021"": 9.996947402461318, ""epochs_trained"": 59}",2026-07-03T16:01:38.370697,completed
3,MAPE,120,3,relu,1,128,0.3,45.7371940612793,9.464153289794922,9.61720085144043,6.993921909292745,9.248394428989924,45.7371940612793,10.33233642578125,10.846224784851074,8.389559334065424,10.408421655753754,58.5831184387207,"{""loss"": 48.036155700683594, ""mape"": 48.036155700683594, ""mae"": 10.48253059387207, ""val_loss"": 45.7371940612793, ""val_mape"": 45.7371940612793, ""val_mae"": 9.464153289794922, ""lr"": 0.00010000000474974513, ""val_mae12"": 9.61720085144043, ""val_me"": 6.993921909292745, ""val_me12"": 9.248394428989924, ""mape_2021"": 58.5831184387207, ""mae_2021"": 10.33233642578125, ""mae12_2021"": 10.846224784851074, ""me_2021"": 8.389559334065424, ""me12_2021"": 10.408421655753754, ""epochs_trained"": 64}",2026-07-03T16:01:38.752988,completed
3,MAPE,120,3,relu,1,128,0.0,43.77558898925781,9.047523498535156,8.438384056091309,7.160061704968757,7.648001025153541,43.77558898925781,10.198410987854004,9.002498626708984,8.617251727433558,7.795988043407107,54.841407775878906,"{""loss"": 44.25519943237305, ""mape"": 44.25519943237305, ""mae"": 9.705520629882812, ""val_loss"": 43.77558898925781, ""val_mape"": 43.77558898925781, ""val_mae"": 9.047523498535156, ""lr"": 0.00010000000474974513, ""val_mae12"": 8.438384056091309, ""val_me"": 7.160061704968757, ""val_me12"": 7.648001025153541, ""mape_2021"": 54.841407775878906, ""mae_2021"": 10.198410987854004, ""mae12_2021"": 9.002498626708984, ""me_2021"": 8.617251727433558, ""me12_2021"": 7.795988043407107, ""epochs_trained"": 68}",2026-07-03T16:01:38.929761,completed
3,MAPE,120,3,relu,2,16,0.0,46.45880889892578,9.355430603027344,12.058431625366211,6.965874624879548,12.131990965579758,46.45880889892578,10.299040794372559,13.993081092834473,8.203822491178332,13.992276201903328,62.809940338134766,"{""loss"": 46.72056579589844, ""mape"": 46.72056579589844, ""mae"": 9.986730575561523, ""val_loss"": 46.45880889892578, ""val_mape"": 46.45880889892578, ""val_mae"": 9.355430603027344, ""lr"": 0.00010000000474974513, ""val_mae12"": 12.058431625366211, ""val_me"": 6.965874624879548, ""val_me12"": 12.131990965579758, ""mape_2021"": 62.809940338134766, ""mae_2021"": 10.299040794372559, ""mae12_2021"": 13.993081092834473, ""me_2021"": 8.203822491178332, ""me12_2021"": 13.992276201903328, ""epochs_trained"": 90}",2026-07-03T16:01:55.730796,completed
3,MAPE,120,3,relu,1,128,0.05,4.190716743469238,0.801007091999054,1.2472041845321655,-0.2618171741898275,0.64799946864851,4.190716743469238,0.9030582308769226,0.9863463044166565,0.07818597391031311,-0.013305752176869332,5.0799360275268555,"{""loss"": 5.401092529296875, ""mape"": 5.401092529296875, ""mae"": 1.1229177713394165, ""val_loss"": 4.190716743469238, ""val_mape"": 4.190716743469238, ""val_mae"": 0.801007091999054, ""lr"": 1.0000000656873453e-05, ""val_mae12"": 1.2472041845321655, ""val_me"": -0.2618171741898275, ""val_me12"": 0.64799946864851, ""mape_2021"": 5.0799360275268555, ""mae_2021"": 0.9030582308769226, ""mae12_2021"": 0.9863463044166565, ""me_2021"": 0.07818597391031311, ""me12_2021"": -0.013305752176869332, ""epochs_trained"": 955}",2026-07-03T16:03:06.231265,completed
3,MAPE,120,3,relu,2,16,0.05,6.047049522399902,1.2701740264892578,1.7120850086212158,0.939506083086478,1.1495346226189957,6.047049522399902,1.486804723739624,1.6422808170318604,1.2262871337128334,0.6243823692021045,9.218133926391602,"{""loss"": 10.450533866882324, ""mape"": 10.450533866882324, ""mae"": 2.34857177734375, ""val_loss"": 6.047049522399902, ""val_mape"": 6.047049522399902, ""val_mae"": 1.2701740264892578, ""lr"": 0.00010000000474974513, ""val_mae12"": 1.7120850086212158, ""val_me"": 0.939506083086478, ""val_me12"": 1.1495346226189957, ""mape_2021"": 9.218133926391602, ""mae_2021"": 1.486804723739624, ""mae12_2021"": 1.6422808170318604, ""me_2021"": 1.2262871337128334, ""me12_2021"": 0.6243823692021045, ""epochs_trained"": 930}",2026-07-03T16:03:19.365351,completed
3,MAPE,120,3,relu,2,16,0.3,47.31336212158203,9.546866416931152,8.278383255004883,7.53288365912534,7.8866157471495715,47.31336212158203,10.613286972045898,9.703678131103516,8.932022821449666,9.348775487512961,60.375423431396484,"{""loss"": 58.44466781616211, ""mape"": 58.44466781616211, ""mae"": 13.039953231811523, ""val_loss"": 47.31336212158203, ""val_mape"": 47.31336212158203, ""val_mae"": 9.546866416931152, ""lr"": 0.00010000000474974513, ""val_mae12"": 8.278383255004883, ""val_me"": 7.53288365912534, ""val_me12"": 7.8866157471495715, ""mape_2021"": 60.375423431396484, ""mae_2021"": 10.613286972045898, ""mae12_2021"": 9.703678131103516, ""me_2021"": 8.932022821449666, ""me12_2021"": 9.348775487512961, ""epochs_trained"": 89}",2026-07-03T16:03:24.188878,completed
3,MAPE,120,3,relu,2,16,0.1,4.127231121063232,0.7563519477844238,1.9718109369277954,0.2214351247524912,1.5363421050360326,4.127231121063232,0.9867891669273376,1.3243378400802612,0.6367876224123219,0.4795509571097012,5.751752853393555,"{""loss"": 11.522208213806152, ""mape"": 11.522208213806152, ""mae"": 2.6800568103790283, ""val_loss"": 4.127231121063232, ""val_mape"": 4.127231121063232, ""val_mae"": 0.7563519477844238, ""lr"": 0.00010000000474974513, ""val_mae12"": 1.9718109369277954, ""val_me"": 0.2214351247524912, ""val_me12"": 1.5363421050360326, ""mape_2021"": 5.751752853393555, ""mae_2021"": 0.9867891669273376, ""mae12_2021"": 1.3243378400802612, ""me_2021"": 0.6367876224123219, ""me12_2021"": 0.4795509571097012, ""epochs_trained"": 854}",2026-07-03T16:03:29.687924,completed
3,MAPE,120,3,relu,1,256,0.3,18.824462890625,3.5982539653778076,5.916280746459961,1.119185006364421,4.868368024539346,18.824462890625,3.997959852218628,2.847196578979492,2.442723997305731,1.2978861306922906,22.39798355102539,"{""loss"": 20.075389862060547, ""mape"": 20.075389862060547, ""mae"": 4.298826694488525, ""val_loss"": 18.824462890625, ""val_mape"": 18.824462890625, ""val_mae"": 3.5982539653778076, ""lr"": 9.999999747378752e-06, ""val_mae12"": 5.916280746459961, ""val_me"": 1.119185006364421, ""val_me12"": 4.868368024539346, ""mape_2021"": 22.39798355102539, ""mae_2021"": 3.997959852218628, ""mae12_2021"": 2.847196578979492, ""me_2021"": 2.442723997305731, ""me12_2021"": 1.2978861306922906, ""epochs_trained"": 1857}",2026-07-03T16:04:32.751185,completed
3,MAPE,120,3,relu,1,256,0.1,11.897416114807129,2.421290159225464,2.9298317432403564,0.47919261446684885,2.3585006238815054,11.897416114807129,2.884188175201416,1.8269134759902954,1.1482599276326053,0.8683298723935579,15.700485229492188,"{""loss"": 13.217333793640137, ""mape"": 13.217333793640137, ""mae"": 2.840247869491577, ""val_loss"": 11.897416114807129, ""val_mape"": 11.897416114807129, ""val_mae"": 2.421290159225464, ""lr"": 9.999999747378752e-06, ""val_mae12"": 2.9298317432403564, ""val_me"": 0.47919261446684885, ""val_me12"": 2.3585006238815054, ""mape_2021"": 15.700485229492188, ""mae_2021"": 2.884188175201416, ""mae12_2021"": 1.8269134759902954, ""me_2021"": 1.1482599276326053, ""me12_2021"": 0.8683298723935579, ""epochs_trained"": 3049}",2026-07-03T16:05:40.285808,completed
3,MAPE,120,3,relu,1,256,0.0,5.29892110824585,1.0357072353363037,2.036033868789673,-0.12342090289922496,1.6420133208687506,5.29892110824585,1.0688608884811401,0.8491889834403992,0.21041867583578405,0.04339142886969164,5.463879108428955,"{""loss"": 4.457358360290527, ""mape"": 4.457358360290527, ""mae"": 1.0056331157684326, ""val_loss"": 5.29892110824585, ""val_mape"": 5.29892110824585, ""val_mae"": 1.0357072353363037, ""lr"": 1.0000000656873453e-05, ""val_mae12"": 2.036033868789673, ""val_me"": -0.12342090289922496, ""val_me12"": 1.6420133208687506, ""mape_2021"": 5.463879108428955, ""mae_2021"": 1.0688608884811401, ""mae12_2021"": 0.8491889834403992, ""me_2021"": 0.21041867583578405, ""me12_2021"": 0.04339142886969164, ""epochs_trained"": 6129}",2026-07-03T16:07:39.387657,completed
3,MAPE,120,3,relu,2,64,0.05,46.586936950683594,9.477458953857422,13.687093734741211,6.206935230126329,13.795846483362574,46.586936950683594,10.10072135925293,15.525850296020508,7.436676974753365,15.621933514579087,62.89129638671875,"{""loss"": 46.5506477355957, ""mape"": 46.5506477355957, ""mae"": 10.127297401428223, ""val_loss"": 46.586936950683594, ""val_mape"": 46.586936950683594, ""val_mae"": 9.477458953857422, ""lr"": 0.00010000000474974513, ""val_mae12"": 13.687093734741211, ""val_me"": 6.206935230126329, ""val_me12"": 13.795846483362574, ""mape_2021"": 62.89129638671875, ""mae_2021"": 10.10072135925293, ""mae12_2021"": 15.525850296020508, ""me_2021"": 7.436676974753365, ""me12_2021"": 15.621933514579087, ""epochs_trained"": 55}",2026-07-03T16:07:56.320573,completed
3,MAPE,120,3,relu,2,32,0.05,45.942012786865234,9.463945388793945,9.270126342773438,7.1602290349679265,8.98514926897237,45.942012786865234,10.311665534973145,10.572622299194336,8.587498567270957,10.232378849534584,59.38849639892578,"{""loss"": 46.707969665527344, ""mape"": 46.707969665527344, ""mae"": 10.242118835449219, ""val_loss"": 45.942012786865234, ""val_mape"": 45.942012786865234, ""val_mae"": 9.463945388793945, ""lr"": 0.00010000000474974513, ""val_mae12"": 9.270126342773438, ""val_me"": 7.1602290349679265, ""val_me12"": 8.98514926897237, ""mape_2021"": 59.38849639892578, ""mae_2021"": 10.311665534973145, ""mae12_2021"": 10.572622299194336, ""me_2021"": 8.587498567270957, ""me12_2021"": 10.232378849534584, ""epochs_trained"": 72}",2026-07-03T16:07:56.938225,completed
3,MAPE,120,3,relu,2,32,0.1,45.13206100463867,9.292999267578125,10.350347518920898,6.965611372509833,9.77994642779515,45.13206100463867,10.156747817993164,11.493546485900879,8.31939102539359,10.997510476502613,58.7372932434082,"{""loss"": 47.33440399169922, ""mape"": 47.33440399169922, ""mae"": 10.475541114807129, ""val_loss"": 45.13206100463867, ""val_mape"": 45.13206100463867, ""val_mae"": 9.292999267578125, ""lr"": 0.00010000000474974513, ""val_mae12"": 10.350347518920898, ""val_me"": 6.965611372509833, ""val_me12"": 9.77994642779515, ""mape_2021"": 58.7372932434082, ""mae_2021"": 10.156747817993164, ""mae12_2021"": 11.493546485900879, ""me_2021"": 8.31939102539359, ""me12_2021"": 10.997510476502613, ""epochs_trained"": 78}",2026-07-03T16:07:57.201258,completed
3,MAPE,120,3,relu,2,64,0.0,4.774851322174072,0.8527945280075073,2.2767174243927,-0.32829589800170994,1.9253154138086082,4.774851322174072,0.8628746271133423,1.7650576829910278,-0.03768062403514259,1.2251934064025731,5.733859062194824,"{""loss"": 3.136025905609131, ""mape"": 3.136025905609131, ""mae"": 0.6375148892402649, ""val_loss"": 4.774851322174072, ""val_mape"": 4.774851322174072, ""val_mae"": 0.8527945280075073, ""lr"": 1.0000000656873453e-05, ""val_mae12"": 2.2767174243927, ""val_me"": -0.32829589800170994, ""val_me12"": 1.9253154138086082, ""mape_2021"": 5.733859062194824, ""mae_2021"": 0.8628746271133423, ""mae12_2021"": 1.7650576829910278, ""me_2021"": -0.03768062403514259, ""me12_2021"": 1.2251934064025731, ""epochs_trained"": 731}",2026-07-03T16:08:46.987983,completed
3,MAPE,120,3,relu,2,128,0.0,4.661108493804932,0.8247218728065491,2.422483444213867,-0.3229288748902165,2.0734585725041703,4.661108493804932,0.878791093826294,2.216533660888672,-0.08297865914251526,1.7870321378482212,6.190587520599365,"{""loss"": 3.1301791667938232, ""mape"": 3.1301791667938232, ""mae"": 0.6452743411064148, ""val_loss"": 4.661108493804932, ""val_mape"": 4.661108493804932, ""val_mae"": 0.8247218728065491, ""lr"": 1.0000000656873453e-05, ""val_mae12"": 2.422483444213867, ""val_me"": -0.3229288748902165, ""val_me12"": 2.0734585725041703, ""mape_2021"": 6.190587520599365, ""mae_2021"": 0.878791093826294, ""mae12_2021"": 2.216533660888672, ""me_2021"": -0.08297865914251526, ""me12_2021"": 1.7870321378482212, ""epochs_trained"": 555}",2026-07-03T16:08:47.972211,completed
3,MAPE,120,3,relu,2,64,0.1,4.0958991050720215,0.7130371332168579,2.174690008163452,-0.1677714283048968,1.8986252185621675,4.0958991050720215,0.768373429775238,1.6381266117095947,0.1958545509458158,0.9206844379047051,4.929330348968506,"{""loss"": 7.7761125564575195, ""mape"": 7.7761125564575195, ""mae"": 1.7500520944595337, ""val_loss"": 4.0958991050720215, ""val_mape"": 4.0958991050720215, ""val_mae"": 0.7130371332168579, ""lr"": 1.0000000656873453e-05, ""val_mae12"": 2.174690008163452, ""val_me"": -0.1677714283048968, ""val_me12"": 1.8986252185621675, ""mape_2021"": 4.929330348968506, ""mae_2021"": 0.768373429775238, ""mae12_2021"": 1.6381266117095947, ""me_2021"": 0.1958545509458158, ""me12_2021"": 0.9206844379047051, ""epochs_trained"": 743}",2026-07-03T16:09:04.198292,completed
3,MAPE,120,3,relu,2,64,0.3,4.07814884185791,0.7070592641830444,2.001573324203491,0.010694160527446255,1.776416652361725,4.07814884185791,0.7946142554283142,0.9811356067657471,0.45760630185848045,0.35642148000615,4.50639009475708,"{""loss"": 11.500950813293457, ""mape"": 11.500950813293457, ""mae"": 2.672822952270508, ""val_loss"": 4.07814884185791, ""val_mape"": 4.07814884185791, ""val_mae"": 0.7070592641830444, ""lr"": 1.0000000656873453e-05, ""val_mae12"": 2.001573324203491, ""val_me"": 0.010694160527446255, ""val_me12"": 1.776416652361725, ""mape_2021"": 4.50639009475708, ""mae_2021"": 0.7946142554283142, ""mae12_2021"": 0.9811356067657471, ""me_2021"": 0.45760630185848045, ""me12_2021"": 0.35642148000615, ""epochs_trained"": 762}",2026-07-03T16:09:06.864938,completed
3,MAPE,120,3,relu,2,32,0.0,4.021330833435059,0.7668540477752686,1.7274651527404785,-0.3612222780289335,1.1899895559328153,4.021330833435059,0.7965255975723267,1.1700396537780762,-0.008552504381342176,0.2981411054962812,4.714277267456055,"{""loss"": 3.195955753326416, ""mape"": 3.195955753326416, ""mae"": 0.6517146229743958, ""val_loss"": 4.021330833435059, ""val_mape"": 4.021330833435059, ""val_mae"": 0.7668540477752686, ""lr"": 0.00010000000474974513, ""val_mae12"": 1.7274651527404785, ""val_me"": -0.3612222780289335, ""val_me12"": 1.1899895559328153, ""mape_2021"": 4.714277267456055, ""mae_2021"": 0.7965255975723267, ""mae12_2021"": 1.1700396537780762, ""me_2021"": -0.008552504381342176, ""me12_2021"": 0.2981411054962812, ""epochs_trained"": 991}",2026-07-03T16:09:08.632841,completed
3,MAPE,120,3,relu,2,128,0.05,4.67413330078125,0.7731286883354187,2.6608121395111084,-0.1429481609885201,2.356840147026359,4.67413330078125,0.8947529196739197,2.313345432281494,0.09250614458492029,1.5887444858016286,6.369363784790039,"{""loss"": 5.314489364624023, ""mape"": 5.314489364624023, ""mae"": 1.1138701438903809, ""val_loss"": 4.67413330078125, ""val_mape"": 4.67413330078125, ""val_mae"": 0.7731286883354187, ""lr"": 0.00010000000474974513, ""val_mae12"": 2.6608121395111084, ""val_me"": -0.1429481609885201, ""val_me12"": 2.356840147026359, ""mape_2021"": 6.369363784790039, ""mae_2021"": 0.8947529196739197, ""mae12_2021"": 2.313345432281494, ""me_2021"": 0.09250614458492029, ""me12_2021"": 1.5887444858016286, ""epochs_trained"": 481}",2026-07-03T16:09:40.271051,completed
3,MAPE,120,3,relu,2,128,0.1,4.788064002990723,0.8181281089782715,2.812788963317871,-0.1829561054211937,2.5595898403231483,4.788064002990723,0.925125002861023,2.317636489868164,0.06754751712087265,1.519942112248865,6.586625099182129,"{""loss"": 6.446453094482422, ""mape"": 6.446453094482422, ""mae"": 1.3870410919189453, ""val_loss"": 4.788064002990723, ""val_mape"": 4.788064002990723, ""val_mae"": 0.8181281089782715, ""lr"": 0.00010000000474974513, ""val_mae12"": 2.812788963317871, ""val_me"": -0.1829561054211937, ""val_me12"": 2.5595898403231483, ""mape_2021"": 6.586625099182129, ""mae_2021"": 0.925125002861023, ""mae12_2021"": 2.317636489868164, ""me_2021"": 0.06754751712087265, ""me12_2021"": 1.519942112248865, ""epochs_trained"": 497}",2026-07-03T16:09:41.627166,completed
3,MAPE,120,3,relu,2,128,0.3,4.312222957611084,0.7296499013900757,2.429811716079712,-0.06776564571613232,2.223785378859468,4.312222957611084,0.8131023645401001,1.4856574535369873,0.3057458356625488,0.8362177124548339,5.071144104003906,"{""loss"": 9.088123321533203, ""mape"": 9.088123321533203, ""mae"": 2.040980339050293, ""val_loss"": 4.312222957611084, ""val_mape"": 4.312222957611084, ""val_mae"": 0.7296499013900757, ""lr"": 0.00010000000474974513, ""val_mae12"": 2.429811716079712, ""val_me"": -0.06776564571613232, ""val_me12"": 2.223785378859468, ""mape_2021"": 5.071144104003906, ""mae_2021"": 0.8131023645401001, ""mae12_2021"": 1.4856574535369873, ""me_2021"": 0.3057458356625488, ""me12_2021"": 0.8362177124548339, ""epochs_trained"": 540}",2026-07-03T16:09:53.303247,completed
3,MAPE,120,3,relu,2,32,0.3,32.27375411987305,6.12352991104126,8.991544723510742,3.3837449025719395,7.604385296294532,32.27375411987305,6.962432384490967,6.042767524719238,5.367927307948326,4.083168128280237,39.394622802734375,"{""loss"": 36.08260726928711, ""mape"": 36.08260726928711, ""mae"": 8.100943565368652, ""val_loss"": 32.27375411987305, ""val_mape"": 32.27375411987305, ""val_mae"": 6.12352991104126, ""lr"": 9.999999747378752e-06, ""val_mae12"": 8.991544723510742, ""val_me"": 3.3837449025719395, ""val_me12"": 7.604385296294532, ""mape_2021"": 39.394622802734375, ""mae_2021"": 6.962432384490967, ""mae12_2021"": 6.042767524719238, ""me_2021"": 5.367927307948326, ""me12_2021"": 4.083168128280237, ""epochs_trained"": 2581}",2026-07-03T16:10:28.328364,completed
