run_num,model_type,lead_time,cycle,activation,num_layers,neurons,dropout,loss_value,val_mae,val_mae12,val_me,val_me12,val_mape,mae_2021,mae12_2021,me_2021,me12_2021,mape_2021,metrics,timestamp,status
1,MAPE,48,2,leaky_relu,1,256,0.3,52.88481903076172,11.482803344726562,5.988168239593506,9.144137234730776,4.812594327527138,52.88481903076172,11.05905532836914,8.811511993408203,9.959753943330334,8.200399445420674,62.04137420654297,"{""loss"": 45.45477294921875, ""mape"": 45.45477294921875, ""mae"": 9.748910903930664, ""val_loss"": 52.88481903076172, ""val_mape"": 52.88481903076172, ""val_mae"": 11.482803344726562, ""lr"": 0.00010000000474974513, ""val_mae12"": 5.988168239593506, ""val_me"": 9.144137234730776, ""val_me12"": 4.812594327527138, ""mape_2021"": 62.04137420654297, ""mae_2021"": 11.05905532836914, ""mae12_2021"": 8.811511993408203, ""me_2021"": 9.959753943330334, ""me12_2021"": 8.200399445420674, ""epochs_trained"": 61}",2026-07-02T06:13:19.957344,completed
1,MAPE,48,2,leaky_relu,1,256,0.0,52.38697052001953,11.383423805236816,5.843119144439697,9.31476671442759,4.560112632356332,52.38697052001953,11.107348442077637,8.584007263183594,10.102430647630733,7.862456821990845,61.7778434753418,"{""loss"": 43.73347091674805, ""mape"": 43.73347091674805, ""mae"": 9.394303321838379, ""val_loss"": 52.38697052001953, ""val_mape"": 52.38697052001953, ""val_mae"": 11.383423805236816, ""lr"": 0.00010000000474974513, ""val_mae12"": 5.843119144439697, ""val_me"": 9.31476671442759, ""val_me12"": 4.560112632356332, ""mape_2021"": 61.7778434753418, ""mae_2021"": 11.107348442077637, ""mae12_2021"": 8.584007263183594, ""me_2021"": 10.102430647630733, ""me12_2021"": 7.862456821990845, ""epochs_trained"": 61}",2026-07-02T06:13:20.169346,completed
1,MAPE,48,2,leaky_relu,1,256,0.05,52.28031539916992,11.386884689331055,4.917781829833984,9.52472844010091,3.493903383754623,52.28031539916992,11.214041709899902,7.45244026184082,10.346135945606997,6.559194895110256,61.067962646484375,"{""loss"": 43.88520050048828, ""mape"": 43.88520050048828, ""mae"": 9.438604354858398, ""val_loss"": 52.28031539916992, ""val_mape"": 52.28031539916992, ""val_mae"": 11.386884689331055, ""lr"": 0.00010000000474974513, ""val_mae12"": 4.917781829833984, ""val_me"": 9.52472844010091, ""val_me12"": 3.493903383754623, ""mape_2021"": 61.067962646484375, ""mae_2021"": 11.214041709899902, ""mae12_2021"": 7.45244026184082, ""me_2021"": 10.346135945606997, ""me12_2021"": 6.559194895110256, ""epochs_trained"": 65}",2026-07-02T06:13:20.255344,completed
1,MAPE,48,2,leaky_relu,1,256,0.1,51.84247589111328,11.343061447143555,5.477845668792725,9.18947407705631,4.2236760529815776,51.84247589111328,10.989341735839844,8.145646095275879,9.998793699565198,7.329921861747408,60.566898345947266,"{""loss"": 43.70854949951172, ""mape"": 43.70854949951172, ""mae"": 9.425749778747559, ""val_loss"": 51.84247589111328, ""val_mape"": 51.84247589111328, ""val_mae"": 11.343061447143555, ""lr"": 0.00010000000474974513, ""val_mae12"": 5.477845668792725, ""val_me"": 9.18947407705631, ""val_me12"": 4.2236760529815776, ""mape_2021"": 60.566898345947266, ""mae_2021"": 10.989341735839844, ""mae12_2021"": 8.145646095275879, ""me_2021"": 9.998793699565198, ""me12_2021"": 7.329921861747408, ""epochs_trained"": 70}",2026-07-02T06:13:20.367345,completed
1,MAPE,48,2,leaky_relu,1,128,0.05,52.52312469482422,11.309082984924316,5.4704084396362305,9.292295205885958,4.072307311668961,52.52312469482422,11.141968727111816,8.177770614624023,10.1210061859896,7.38284724314296,61.70119094848633,"{""loss"": 44.230628967285156, ""mape"": 44.230628967285156, ""mae"": 9.455011367797852, ""val_loss"": 52.52312469482422, ""val_mape"": 52.52312469482422, ""val_mae"": 11.309082984924316, ""lr"": 0.00010000000474974513, ""val_mae12"": 5.4704084396362305, ""val_me"": 9.292295205885958, ""val_me12"": 4.072307311668961, ""mape_2021"": 61.70119094848633, ""mae_2021"": 11.141968727111816, ""mae12_2021"": 8.177770614624023, ""me_2021"": 10.1210061859896, ""me12_2021"": 7.38284724314296, ""epochs_trained"": 76}",2026-07-02T06:13:20.706344,completed
1,MAPE,48,2,leaky_relu,1,128,0.0,51.88676834106445,11.263422012329102,4.955903053283691,9.25464388585801,3.567697916722546,51.88676834106445,11.05659294128418,7.461251258850098,10.101515086476134,6.553154195054321,60.516868591308594,"{""loss"": 43.41429901123047, ""mape"": 43.41429901123047, ""mae"": 9.312960624694824, ""val_loss"": 51.88676834106445, ""val_mape"": 51.88676834106445, ""val_mae"": 11.263422012329102, ""lr"": 0.00010000000474974513, ""val_mae12"": 4.955903053283691, ""val_me"": 9.25464388585801, ""val_me12"": 3.567697916722546, ""mape_2021"": 60.516868591308594, ""mae_2021"": 11.05659294128418, ""mae12_2021"": 7.461251258850098, ""me_2021"": 10.101515086476134, ""me12_2021"": 6.553154195054321, ""epochs_trained"": 76}",2026-07-02T06:13:20.710343,completed
1,MAPE,48,2,leaky_relu,1,128,0.1,51.97978591918945,11.268494606018066,5.430110931396484,9.216645633252275,4.041808845220908,51.97978591918945,11.058520317077637,8.067826271057129,10.049060257864653,7.238449049474524,61.14540100097656,"{""loss"": 44.202903747558594, ""mape"": 44.202903747558594, ""mae"": 9.499882698059082, ""val_loss"": 51.97978591918945, ""val_mape"": 51.97978591918945, ""val_mae"": 11.268494606018066, ""lr"": 0.00010000000474974513, ""val_mae12"": 5.430110931396484, ""val_me"": 9.216645633252275, ""val_me12"": 4.041808845220908, ""mape_2021"": 61.14540100097656, ""mae_2021"": 11.058520317077637, ""mae12_2021"": 8.067826271057129, ""me_2021"": 10.049060257864653, ""me12_2021"": 7.238449049474524, ""epochs_trained"": 77}",2026-07-02T06:13:20.836437,completed
1,MAPE,48,2,leaky_relu,1,128,0.3,51.1908073425293,11.115628242492676,6.049314022064209,8.868425775467859,4.956862089534513,51.1908073425293,10.800891876220703,8.764134407043457,9.678956167469158,8.061816936547617,60.218360900878906,"{""loss"": 45.342559814453125, ""mape"": 45.342559814453125, ""mae"": 9.79731559753418, ""val_loss"": 51.1908073425293, ""val_mape"": 51.1908073425293, ""val_mae"": 11.115628242492676, ""lr"": 0.00010000000474974513, ""val_mae12"": 6.049314022064209, ""val_me"": 8.868425775467859, ""val_me12"": 4.956862089534513, ""mape_2021"": 60.218360900878906, ""mae_2021"": 10.800891876220703, ""mae12_2021"": 8.764134407043457, ""me_2021"": 9.678956167469158, ""me12_2021"": 8.061816936547617, ""epochs_trained"": 91}",2026-07-02T06:13:21.492706,completed
1,MAPE,48,2,leaky_relu,2,16,0.3,50.440555572509766,10.733490943908691,5.508713245391846,9.214737868217078,4.018090324460645,50.440555572509766,11.052626609802246,8.135197639465332,10.047514641674208,7.274791405414602,61.33772659301758,"{""loss"": 54.652584075927734, ""mape"": 54.652584075927734, ""mae"": 12.197397232055664, ""val_loss"": 50.440555572509766, ""val_mape"": 50.440555572509766, ""val_mae"": 10.733490943908691, ""lr"": 0.00010000000474974513, ""val_mae12"": 5.508713245391846, ""val_me"": 9.214737868217078, ""val_me12"": 4.018090324460645, ""mape_2021"": 61.33772659301758, ""mae_2021"": 11.052626609802246, ""mae12_2021"": 8.135197639465332, ""me_2021"": 10.047514641674208, ""me12_2021"": 7.274791405414602, ""epochs_trained"": 100}",2026-07-02T06:13:30.377824,completed
1,MAPE,48,2,leaky_relu,2,32,0.05,52.87232208251953,11.343768119812012,6.478491306304932,9.049524995434203,5.38871417926583,52.87232208251953,10.985147476196289,9.42318344116211,9.842543083050625,8.903357013765921,62.33664321899414,"{""loss"": 45.27625274658203, ""mape"": 45.27625274658203, ""mae"": 9.693697929382324, ""val_loss"": 52.87232208251953, ""val_mape"": 52.87232208251953, ""val_mae"": 11.343768119812012, ""lr"": 0.00010000000474974513, ""val_mae12"": 6.478491306304932, ""val_me"": 9.049524995434203, ""val_me12"": 5.38871417926583, ""mape_2021"": 62.33664321899414, ""mae_2021"": 10.985147476196289, ""mae12_2021"": 9.42318344116211, ""me_2021"": 9.842543083050625, ""me12_2021"": 8.903357013765921, ""epochs_trained"": 89}",2026-07-02T06:13:30.411823,completed
1,MAPE,48,2,leaky_relu,2,32,0.1,53.700321197509766,11.410361289978027,6.022735595703125,9.072705689494523,4.72869055000964,53.700321197509766,11.0635986328125,8.870464324951172,9.916754396521918,8.199138733229764,62.3359489440918,"{""loss"": 47.27668380737305, ""mape"": 47.27668380737305, ""mae"": 10.128324508666992, ""val_loss"": 53.700321197509766, ""val_mape"": 53.700321197509766, ""val_mae"": 11.410361289978027, ""lr"": 0.00010000000474974513, ""val_mae12"": 6.022735595703125, ""val_me"": 9.072705689494523, ""val_me12"": 4.72869055000964, ""mape_2021"": 62.3359489440918, ""mae_2021"": 11.0635986328125, ""mae12_2021"": 8.870464324951172, ""me_2021"": 9.916754396521918, ""me12_2021"": 8.199138733229764, ""epochs_trained"": 89}",2026-07-02T06:13:30.451348,completed
1,MAPE,48,2,leaky_relu,2,32,0.0,51.70085144042969,11.215453147888184,5.408152103424072,9.03966937905955,4.028651566989774,51.70085144042969,10.921600341796875,8.073182106018066,9.879095628533387,7.273578243380955,60.55485916137695,"{""loss"": 43.14520263671875, ""mape"": 43.14520263671875, ""mae"": 9.264750480651855, ""val_loss"": 51.70085144042969, ""val_mape"": 51.70085144042969, ""val_mae"": 11.215453147888184, ""lr"": 0.00010000000474974513, ""val_mae12"": 5.408152103424072, ""val_me"": 9.03966937905955, ""val_me12"": 4.028651566989774, ""mape_2021"": 60.55485916137695, ""mae_2021"": 10.921600341796875, ""mae12_2021"": 8.073182106018066, ""me_2021"": 9.879095628533387, ""me12_2021"": 7.273578243380955, ""epochs_trained"": 101}",2026-07-02T06:13:30.615346,completed
1,MAPE,48,2,leaky_relu,2,16,0.1,49.246337890625,10.595240592956543,6.114928722381592,8.71290694101143,4.985738108276915,49.246337890625,10.65130615234375,8.865131378173828,9.535074006715575,8.202531473761967,59.778038024902344,"{""loss"": 46.831443786621094, ""mape"": 46.831443786621094, ""mae"": 10.249236106872559, ""val_loss"": 49.246337890625, ""val_mape"": 49.246337890625, ""val_mae"": 10.595240592956543, ""lr"": 0.00010000000474974513, ""val_mae12"": 6.114928722381592, ""val_me"": 8.71290694101143, ""val_me12"": 4.985738108276915, ""mape_2021"": 59.778038024902344, ""mae_2021"": 10.65130615234375, ""mae12_2021"": 8.865131378173828, ""me_2021"": 9.535074006715575, ""me12_2021"": 8.202531473761967, ""epochs_trained"": 117}",2026-07-02T06:13:30.744345,completed
1,MAPE,48,2,leaky_relu,2,32,0.3,52.35607147216797,11.286026954650879,6.384051322937012,9.200113755271074,5.407093758412715,52.35607147216797,11.050407409667969,9.319408416748047,9.975623080691435,8.853940690263062,62.437862396240234,"{""loss"": 51.0329475402832, ""mape"": 51.0329475402832, ""mae"": 11.278178215026855, ""val_loss"": 52.35607147216797, ""val_mape"": 52.35607147216797, ""val_mae"": 11.286026954650879, ""lr"": 0.00010000000474974513, ""val_mae12"": 6.384051322937012, ""val_me"": 9.200113755271074, ""val_me12"": 5.407093758412715, ""mape_2021"": 62.437862396240234, ""mae_2021"": 11.050407409667969, ""mae12_2021"": 9.319408416748047, ""me_2021"": 9.975623080691435, ""me12_2021"": 8.853940690263062, ""epochs_trained"": 87}",2026-07-02T06:13:30.892345,completed
1,MAPE,48,2,leaky_relu,2,16,0.05,52.27635192871094,11.020503997802734,6.5573225021362305,8.994823260410485,5.465022305300773,52.27635192871094,10.976442337036133,9.591499328613281,9.784190448848873,9.081577303490766,62.642520904541016,"{""loss"": 46.75675582885742, ""mape"": 46.75675582885742, ""mae"": 9.989056587219238, ""val_loss"": 52.27635192871094, ""val_mape"": 52.27635192871094, ""val_mae"": 11.020503997802734, ""lr"": 0.00010000000474974513, ""val_mae12"": 6.5573225021362305, ""val_me"": 8.994823260410485, ""val_me12"": 5.465022305300773, ""mape_2021"": 62.642520904541016, ""mae_2021"": 10.976442337036133, ""mae12_2021"": 9.591499328613281, ""me_2021"": 9.784190448848873, ""me12_2021"": 9.081577303490766, ""epochs_trained"": 129}",2026-07-02T06:13:31.035881,completed
1,MAPE,48,2,leaky_relu,2,16,0.0,52.90666580200195,11.242297172546387,5.946189880371094,9.345778809420576,4.962322803573563,52.90666580200195,11.123893737792969,8.79736042022705,10.112236181877153,8.335471974736622,62.48302459716797,"{""loss"": 44.11665344238281, ""mape"": 44.11665344238281, ""mae"": 9.348589897155762, ""val_loss"": 52.90666580200195, ""val_mape"": 52.90666580200195, ""val_mae"": 11.242297172546387, ""lr"": 0.00010000000474974513, ""val_mae12"": 5.946189880371094, ""val_me"": 9.345778809420576, ""val_me12"": 4.962322803573563, ""mape_2021"": 62.48302459716797, ""mae_2021"": 11.123893737792969, ""mae12_2021"": 8.79736042022705, ""me_2021"": 10.112236181877153, ""me12_2021"": 8.335471974736622, ""epochs_trained"": 150}",2026-07-02T06:13:31.304045,completed
1,MAPE,48,2,leaky_relu,2,64,0.3,52.902626037597656,11.171241760253906,5.355425834655762,9.612109165219493,4.23451923611931,52.902626037597656,11.298396110534668,8.003058433532715,10.402712258956093,7.416826538723437,62.57796859741211,"{""loss"": 48.410823822021484, ""mape"": 48.410823822021484, ""mae"": 10.259963035583496, ""val_loss"": 52.902626037597656, ""val_mape"": 52.902626037597656, ""val_mae"": 11.171241760253906, ""lr"": 0.00010000000474974513, ""val_mae12"": 5.355425834655762, ""val_me"": 9.612109165219493, ""val_me12"": 4.23451923611931, ""mape_2021"": 62.57796859741211, ""mae_2021"": 11.298396110534668, ""mae12_2021"": 8.003058433532715, ""me_2021"": 10.402712258956093, ""me12_2021"": 7.416826538723437, ""epochs_trained"": 53}",2026-07-02T06:13:54.346093,completed
1,MAPE,48,2,leaky_relu,2,64,0.05,53.8737678527832,11.299577713012695,5.943706035614014,9.545433699401363,4.867947131025849,53.8737678527832,11.318120956420898,8.888318061828613,10.31501912956356,8.372655287090886,63.69923782348633,"{""loss"": 45.697059631347656, ""mape"": 45.697059631347656, ""mae"": 9.57567024230957, ""val_loss"": 53.8737678527832, ""val_mape"": 53.8737678527832, ""val_mae"": 11.299577713012695, ""lr"": 0.00010000000474974513, ""val_mae12"": 5.943706035614014, ""val_me"": 9.545433699401363, ""val_me12"": 4.867947131025849, ""mape_2021"": 63.69923782348633, ""mae_2021"": 11.318120956420898, ""mae12_2021"": 8.888318061828613, ""me_2021"": 10.31501912956356, ""me12_2021"": 8.372655287090886, ""epochs_trained"": 57}",2026-07-02T06:13:54.876719,completed
1,MAPE,48,2,leaky_relu,2,64,0.1,52.580387115478516,11.0292329788208,4.273087501525879,9.333210148329924,2.844531035231102,52.580387115478516,11.193312644958496,6.657395839691162,10.243298807352852,5.885699335329571,61.10033416748047,"{""loss"": 45.539363861083984, ""mape"": 45.539363861083984, ""mae"": 9.52219295501709, ""val_loss"": 52.580387115478516, ""val_mape"": 52.580387115478516, ""val_mae"": 11.0292329788208, ""lr"": 0.00010000000474974513, ""val_mae12"": 4.273087501525879, ""val_me"": 9.333210148329924, ""val_me12"": 2.844531035231102, ""mape_2021"": 61.10033416748047, ""mae_2021"": 11.193312644958496, ""mae12_2021"": 6.657395839691162, ""me_2021"": 10.243298807352852, ""me12_2021"": 5.885699335329571, ""epochs_trained"": 59}",2026-07-02T06:13:54.877719,completed
1,MAPE,48,2,leaky_relu,2,64,0.0,51.81191635131836,11.18366813659668,6.423312664031982,9.010763572476808,5.3696575459123235,51.81191635131836,10.954618453979492,9.39189338684082,9.797772662691942,8.906934315665513,62.12947463989258,"{""loss"": 43.14440155029297, ""mape"": 43.14440155029297, ""mae"": 9.24328327178955, ""val_loss"": 51.81191635131836, ""val_mape"": 51.81191635131836, ""val_mae"": 11.18366813659668, ""lr"": 0.00010000000474974513, ""val_mae12"": 6.423312664031982, ""val_me"": 9.010763572476808, ""val_me12"": 5.3696575459123235, ""mape_2021"": 62.12947463989258, ""mae_2021"": 10.954618453979492, ""mae12_2021"": 9.39189338684082, ""me_2021"": 9.797772662691942, ""me12_2021"": 8.906934315665513, ""epochs_trained"": 64}",2026-07-02T06:13:55.358679,completed
1,MAPE,48,2,leaky_relu,2,128,0.05,4.010178089141846,0.6947380900382996,1.3278968334197998,0.11764120392802088,0.6957841628463954,4.010178089141846,0.6564649939537048,1.094601035118103,0.13449679808748435,0.32731628347166647,3.872663974761963,"{""loss"": 4.487233638763428, ""mape"": 4.487233638763428, ""mae"": 0.9581946134567261, ""val_loss"": 4.010178089141846, ""val_mape"": 4.010178089141846, ""val_mae"": 0.6947380900382996, ""lr"": 1.0000000656873453e-05, ""val_mae12"": 1.3278968334197998, ""val_me"": 0.11764120392802088, ""val_me12"": 0.6957841628463954, ""mape_2021"": 3.872663974761963, ""mae_2021"": 0.6564649939537048, ""mae12_2021"": 1.094601035118103, ""me_2021"": 0.13449679808748435, ""me12_2021"": 0.32731628347166647, ""epochs_trained"": 635}",2026-07-02T06:16:19.134052,completed
1,MAPE,48,2,leaky_relu,2,256,0.3,4.496656894683838,0.756934404373169,1.563131332397461,0.12227523273291581,0.709676536295865,4.496656894683838,0.697301983833313,1.1104435920715332,0.18973865587223215,0.45549127012745594,4.10344934463501,"{""loss"": 6.214252948760986, ""mape"": 6.214252948760986, ""mae"": 1.399315357208252, ""val_loss"": 4.496656894683838, ""val_mape"": 4.496656894683838, ""val_mae"": 0.756934404373169, ""lr"": 1.0000000656873453e-05, ""val_mae12"": 1.563131332397461, ""val_me"": 0.12227523273291581, ""val_me12"": 0.709676536295865, ""mape_2021"": 4.10344934463501, ""mae_2021"": 0.697301983833313, ""mae12_2021"": 1.1104435920715332, ""me_2021"": 0.18973865587223215, ""me12_2021"": 0.45549127012745594, ""epochs_trained"": 541}",2026-07-02T06:16:46.789222,completed
1,MAPE,48,2,leaky_relu,2,256,0.05,3.7436065673828125,0.6558675169944763,1.2596352100372314,0.06734596380746681,0.585689892183865,3.7436065673828125,0.6198313236236572,1.06868577003479,0.0942820945990099,0.20541253228822728,3.746060848236084,"{""loss"": 3.724053144454956, ""mape"": 3.724053144454956, ""mae"": 0.7903456091880798, ""val_loss"": 3.7436065673828125, ""val_mape"": 3.7436065673828125, ""val_mae"": 0.6558675169944763, ""lr"": 1.0000000656873453e-05, ""val_mae12"": 1.2596352100372314, ""val_me"": 0.06734596380746681, ""val_me12"": 0.585689892183865, ""mape_2021"": 3.746060848236084, ""mae_2021"": 0.6198313236236572, ""mae12_2021"": 1.06868577003479, ""me_2021"": 0.0942820945990099, ""me12_2021"": 0.20541253228822728, ""epochs_trained"": 608}",2026-07-02T06:16:56.314776,completed
1,MAPE,48,2,leaky_relu,3,16,0.0,52.54954528808594,11.278595924377441,7.1270599365234375,8.777920937634871,6.4169735231703715,52.54954528808594,10.777403831481934,10.33126163482666,9.515327483884434,10.029718565977893,62.35932922363281,"{""loss"": 43.73130416870117, ""mape"": 43.73130416870117, ""mae"": 9.319375038146973, ""val_loss"": 52.54954528808594, ""val_mape"": 52.54954528808594, ""val_mae"": 11.278595924377441, ""lr"": 0.00010000000474974513, ""val_mae12"": 7.1270599365234375, ""val_me"": 8.777920937634871, ""val_me12"": 6.4169735231703715, ""mape_2021"": 62.35932922363281, ""mae_2021"": 10.777403831481934, ""mae12_2021"": 10.33126163482666, ""me_2021"": 9.515327483884434, ""me12_2021"": 10.029718565977893, ""epochs_trained"": 96}",2026-07-02T06:17:02.428707,completed
1,MAPE,48,2,leaky_relu,3,16,0.05,53.109596252441406,11.309377670288086,6.45258092880249,9.17077154128933,5.610737714367958,53.109596252441406,11.059761047363281,9.507558822631836,9.943131251750009,9.132858232473394,63.03514099121094,"{""loss"": 47.58147048950195, ""mape"": 47.58147048950195, ""mae"": 10.305018424987793, ""val_loss"": 53.109596252441406, ""val_mape"": 53.109596252441406, ""val_mae"": 11.309377670288086, ""lr"": 0.00010000000474974513, ""val_mae12"": 6.45258092880249, ""val_me"": 9.17077154128933, ""val_me12"": 5.610737714367958, ""mape_2021"": 63.03514099121094, ""mae_2021"": 11.059761047363281, ""mae12_2021"": 9.507558822631836, ""me_2021"": 9.943131251750009, ""me12_2021"": 9.132858232473394, ""epochs_trained"": 97}",2026-07-02T06:17:24.235034,completed
1,MAPE,48,2,leaky_relu,3,16,0.3,50.27955627441406,10.678608894348145,5.026918888092041,9.537978101603361,3.4232105750228805,50.27955627441406,11.167742729187012,7.536435127258301,10.32865683028372,6.585635877575647,61.185997009277344,"{""loss"": 58.06725311279297, ""mape"": 58.06725311279297, ""mae"": 13.170563697814941, ""val_loss"": 50.27955627441406, ""val_mape"": 50.27955627441406, ""val_mae"": 10.678608894348145, ""lr"": 0.00010000000474974513, ""val_mae12"": 5.026918888092041, ""val_me"": 9.537978101603361, ""val_me12"": 3.4232105750228805, ""mape_2021"": 61.185997009277344, ""mae_2021"": 11.167742729187012, ""mae12_2021"": 7.536435127258301, ""me_2021"": 10.32865683028372, ""me12_2021"": 6.585635877575647, ""epochs_trained"": 106}",2026-07-02T06:17:41.114540,completed
1,MAPE,48,2,leaky_relu,3,16,0.1,49.18767547607422,10.485931396484375,6.722802639007568,8.65538186291729,5.940453193251959,49.18767547607422,10.594396591186523,9.669815063476562,9.413085672906318,9.310832710435605,60.627803802490234,"{""loss"": 49.627769470214844, ""mape"": 49.627769470214844, ""mae"": 11.066625595092773, ""val_loss"": 49.18767547607422, ""val_mape"": 49.18767547607422, ""val_mae"": 10.485931396484375, ""lr"": 0.00010000000474974513, ""val_mae12"": 6.722802639007568, ""val_me"": 8.65538186291729, ""val_me12"": 5.940453193251959, ""mape_2021"": 60.627803802490234, ""mae_2021"": 10.594396591186523, ""mae12_2021"": 9.669815063476562, ""me_2021"": 9.413085672906318, ""me12_2021"": 9.310832710435605, ""epochs_trained"": 155}",2026-07-02T06:17:42.997064,completed
1,MAPE,48,2,leaky_relu,2,256,0.1,4.263138771057129,0.7218583822250366,1.4812226295471191,0.0979721530935653,0.6358225176196659,4.263138771057129,0.6889072060585022,1.171329140663147,0.13879787725941836,0.31698278004764896,4.128615379333496,"{""loss"": 4.648906230926514, ""mape"": 4.648906230926514, ""mae"": 0.9883595705032349, ""val_loss"": 4.263138771057129, ""val_mape"": 4.263138771057129, ""val_mae"": 0.7218583822250366, ""lr"": 9.999999747378752e-06, ""val_mae12"": 1.4812226295471191, ""val_me"": 0.0979721530935653, ""val_me12"": 0.6358225176196659, ""mape_2021"": 4.128615379333496, ""mae_2021"": 0.6889072060585022, ""mae12_2021"": 1.171329140663147, ""me_2021"": 0.13879787725941836, ""me12_2021"": 0.31698278004764896, ""epochs_trained"": 984}",2026-07-02T06:17:54.627746,completed
1,MAPE,48,2,leaky_relu,2,256,0.0,3.446674346923828,0.6658940315246582,0.9161142110824585,0.008736899502660118,0.48107254147680006,3.446674346923828,0.5909319519996643,0.8846583366394043,0.032968742516814954,0.04862346370717381,3.5409421920776367,"{""loss"": 2.5591909885406494, ""mape"": 2.5591909885406494, ""mae"": 0.5271499752998352, ""val_loss"": 3.446674346923828, ""val_mape"": 3.446674346923828, ""val_mae"": 0.6658940315246582, ""lr"": 9.999999747378752e-06, ""val_mae12"": 0.9161142110824585, ""val_me"": 0.008736899502660118, ""val_me12"": 0.48107254147680006, ""mape_2021"": 3.5409421920776367, ""mae_2021"": 0.5909319519996643, ""mae12_2021"": 0.8846583366394043, ""me_2021"": 0.032968742516814954, ""me12_2021"": 0.04862346370717381, ""epochs_trained"": 1468}",2026-07-02T06:18:36.818257,completed
1,MAPE,48,2,leaky_relu,2,128,0.3,8.34576416015625,1.4549930095672607,2.7992889881134033,0.40061265105246696,0.7302926715766574,8.34576416015625,1.3207602500915527,1.8178068399429321,0.5009206234319952,1.1649523733209177,7.915680408477783,"{""loss"": 10.048004150390625, ""mape"": 10.048004150390625, ""mae"": 2.23708176612854, ""val_loss"": 8.34576416015625, ""val_mape"": 8.34576416015625, ""val_mae"": 1.4549930095672607, ""lr"": 1.0000000656873453e-05, ""val_mae12"": 2.7992889881134033, ""val_me"": 0.40061265105246696, ""val_me12"": 0.7302926715766574, ""mape_2021"": 7.915680408477783, ""mae_2021"": 1.3207602500915527, ""mae12_2021"": 1.8178068399429321, ""me_2021"": 0.5009206234319952, ""me12_2021"": 1.1649523733209177, ""epochs_trained"": 1755}",2026-07-02T06:18:44.080703,completed
1,MAPE,48,2,leaky_relu,2,128,0.1,4.63719367980957,0.7612230777740479,1.6967883110046387,0.09013521485989998,0.7985691238310336,4.63719367980957,0.7113203406333923,1.1317874193191528,0.1784851094647091,0.498539999868091,4.266815185546875,"{""loss"": 5.28623104095459, ""mape"": 5.28623104095459, ""mae"": 1.1610543727874756, ""val_loss"": 4.63719367980957, ""val_mape"": 4.63719367980957, ""val_mae"": 0.7612230777740479, ""lr"": 1.0000000656873453e-05, ""val_mae12"": 1.6967883110046387, ""val_me"": 0.09013521485989998, ""val_me12"": 0.7985691238310336, ""mape_2021"": 4.266815185546875, ""mae_2021"": 0.7113203406333923, ""mae12_2021"": 1.1317874193191528, ""me_2021"": 0.1784851094647091, ""me12_2021"": 0.498539999868091, ""epochs_trained"": 2756}",2026-07-02T06:19:40.582195,completed
1,MAPE,48,2,leaky_relu,2,128,0.0,3.573051929473877,0.6949537992477417,0.9594957828521729,-0.011995494531043229,0.4538150785431745,3.573051929473877,0.6436648964881897,0.9382415413856506,0.010276567702523725,-0.062113060530628955,3.9296181201934814,"{""loss"": 2.6967661380767822, ""mape"": 2.6967661380767822, ""mae"": 0.5586149096488953, ""val_loss"": 3.573051929473877, ""val_mape"": 3.573051929473877, ""val_mae"": 0.6949537992477417, ""lr"": 9.999999747378752e-06, ""val_mae12"": 0.9594957828521729, ""val_me"": -0.011995494531043229, ""val_me12"": 0.4538150785431745, ""mape_2021"": 3.9296181201934814, ""mae_2021"": 0.6436648964881897, ""mae12_2021"": 0.9382415413856506, ""me_2021"": 0.010276567702523725, ""me12_2021"": -0.062113060530628955, ""epochs_trained"": 3700}",2026-07-02T06:20:19.025675,completed
1,MAPE,48,2,leaky_relu,3,32,0.05,52.42048645019531,11.174503326416016,5.223748683929443,8.99085244067067,4.066828273770878,52.42048645019531,10.987500190734863,7.859788417816162,9.879269572798503,7.255577069999504,61.172889709472656,"{""loss"": 45.526153564453125, ""mape"": 45.526153564453125, ""mae"": 9.748597145080566, ""val_loss"": 52.42048645019531, ""val_mape"": 52.42048645019531, ""val_mae"": 11.174503326416016, ""lr"": 0.00010000000474974513, ""val_mae12"": 5.223748683929443, ""val_me"": 8.99085244067067, ""val_me12"": 4.066828273770878, ""mape_2021"": 61.172889709472656, ""mae_2021"": 10.987500190734863, ""mae12_2021"": 7.859788417816162, ""me_2021"": 9.879269572798503, ""me12_2021"": 7.255577069999504, ""epochs_trained"": 66}",2026-07-02T06:20:40.138913,completed
1,MAPE,48,2,leaky_relu,3,32,0.0,52.501224517822266,11.173961639404297,5.675931930541992,9.37482445532623,4.6322888302026985,52.501224517822266,11.118303298950195,8.42823314666748,10.148079920394594,7.899064928551024,62.06022262573242,"{""loss"": 43.84369659423828, ""mape"": 43.84369659423828, ""mae"": 9.279216766357422, ""val_loss"": 52.501224517822266, ""val_mape"": 52.501224517822266, ""val_mae"": 11.173961639404297, ""lr"": 0.00010000000474974513, ""val_mae12"": 5.675931930541992, ""val_me"": 9.37482445532623, ""val_me12"": 4.6322888302026985, ""mape_2021"": 62.06022262573242, ""mae_2021"": 11.118303298950195, ""mae12_2021"": 8.42823314666748, ""me_2021"": 10.148079920394594, ""me12_2021"": 7.899064928551024, ""epochs_trained"": 77}",2026-07-02T06:20:40.358914,completed
1,MAPE,48,2,leaky_relu,3,32,0.3,50.96177291870117,10.964423179626465,4.671510696411133,9.357146739458198,3.4056619102664376,50.96177291870117,11.146293640136719,7.187796115875244,10.217700575064747,6.521945917201874,61.35211944580078,"{""loss"": 52.51194381713867, ""mape"": 52.51194381713867, ""mae"": 11.701984405517578, ""val_loss"": 50.96177291870117, ""val_mape"": 50.96177291870117, ""val_mae"": 10.964423179626465, ""lr"": 0.00010000000474974513, ""val_mae12"": 4.671510696411133, ""val_me"": 9.357146739458198, ""val_me12"": 3.4056619102664376, ""mape_2021"": 61.35211944580078, ""mae_2021"": 11.146293640136719, ""mae12_2021"": 7.187796115875244, ""me_2021"": 10.217700575064747, ""me12_2021"": 6.521945917201874, ""epochs_trained"": 74}",2026-07-02T06:20:40.450914,completed
1,MAPE,48,2,leaky_relu,3,32,0.1,51.55686950683594,11.172567367553711,5.866451740264893,8.906347511302066,4.67446284542245,51.55686950683594,10.861162185668945,8.621931076049805,9.744386159265053,7.9757562039445435,60.887855529785156,"{""loss"": 47.344234466552734, ""mape"": 47.344234466552734, ""mae"": 10.371996879577637, ""val_loss"": 51.55686950683594, ""val_mape"": 51.55686950683594, ""val_mae"": 11.172567367553711, ""lr"": 0.00010000000474974513, ""val_mae12"": 5.866451740264893, ""val_me"": 8.906347511302066, ""val_me12"": 4.67446284542245, ""mape_2021"": 60.887855529785156, ""mae_2021"": 10.861162185668945, ""mae12_2021"": 8.621931076049805, ""me_2021"": 9.744386159265053, ""me12_2021"": 7.9757562039445435, ""epochs_trained"": 79}",2026-07-02T06:20:40.950913,completed
1,MAPE,48,2,leaky_relu,3,64,0.1,49.94119644165039,10.5614013671875,7.7241129875183105,7.053737880966682,7.3197279107094655,49.94119644165039,10.316637992858887,10.981322288513184,8.044323891154033,10.89221478748493,60.80885314941406,"{""loss"": 44.52768325805664, ""mape"": 44.52768325805664, ""mae"": 9.526586532592773, ""val_loss"": 49.94119644165039, ""val_mape"": 49.94119644165039, ""val_mae"": 10.5614013671875, ""lr"": 1.0000000656873453e-05, ""val_mae12"": 7.7241129875183105, ""val_me"": 7.053737880966682, ""val_me12"": 7.3197279107094655, ""mape_2021"": 60.80885314941406, ""mae_2021"": 10.316637992858887, ""mae12_2021"": 10.981322288513184, ""me_2021"": 8.044323891154033, ""me12_2021"": 10.89221478748493, ""epochs_trained"": 83}",2026-07-02T06:20:41.093917,completed
1,MAPE,48,2,leaky_relu,3,128,0.1,4.032392501831055,0.715429425239563,1.3742256164550781,0.19348029486257584,0.4475724271275394,4.032392501831055,0.6737834811210632,1.1032618284225464,0.2407552024513673,0.23006739441421792,4.033437252044678,"{""loss"": 5.7467193603515625, ""mape"": 5.7467193603515625, ""mae"": 1.2780892848968506, ""val_loss"": 4.032392501831055, ""val_mape"": 4.032392501831055, ""val_mae"": 0.715429425239563, ""lr"": 1.0000000656873453e-05, ""val_mae12"": 1.3742256164550781, ""val_me"": 0.19348029486257584, ""val_me12"": 0.4475724271275394, ""mape_2021"": 4.033437252044678, ""mae_2021"": 0.6737834811210632, ""mae12_2021"": 1.1032618284225464, ""me_2021"": 0.2407552024513673, ""me12_2021"": 0.23006739441421792, ""epochs_trained"": 385}",2026-07-02T06:22:14.029222,completed
1,MAPE,48,2,leaky_relu,3,64,0.05,3.88834810256958,0.7001946568489075,1.1489908695220947,0.21767815778692856,0.5356877379056008,3.88834810256958,0.6761496067047119,0.898605227470398,0.27158070227233944,0.19865823638776323,3.8622560501098633,"{""loss"": 5.474538803100586, ""mape"": 5.474538803100586, ""mae"": 1.2220920324325562, ""val_loss"": 3.88834810256958, ""val_mape"": 3.88834810256958, ""val_mae"": 0.7001946568489075, ""lr"": 1.0000000656873453e-05, ""val_mae12"": 1.1489908695220947, ""val_me"": 0.21767815778692856, ""val_me12"": 0.5356877379056008, ""mape_2021"": 3.8622560501098633, ""mae_2021"": 0.6761496067047119, ""mae12_2021"": 0.898605227470398, ""me_2021"": 0.27158070227233944, ""me12_2021"": 0.19865823638776323, ""epochs_trained"": 556}",2026-07-02T06:22:15.315042,completed
1,MAPE,48,2,leaky_relu,3,128,0.3,4.340409278869629,0.821774423122406,1.2168391942977905,0.29675790891118764,0.3346057401629589,4.340409278869629,0.7662332057952881,1.0411205291748047,0.3752124647778856,0.049250608774858956,4.398261070251465,"{""loss"": 8.405974388122559, ""mape"": 8.405974388122559, ""mae"": 1.9377731084823608, ""val_loss"": 4.340409278869629, ""val_mape"": 4.340409278869629, ""val_mae"": 0.821774423122406, ""lr"": 0.00010000000474974513, ""val_mae12"": 1.2168391942977905, ""val_me"": 0.29675790891118764, ""val_me12"": 0.3346057401629589, ""mape_2021"": 4.398261070251465, ""mae_2021"": 0.7662332057952881, ""mae12_2021"": 1.0411205291748047, ""me_2021"": 0.3752124647778856, ""me12_2021"": 0.049250608774858956, ""epochs_trained"": 392}",2026-07-02T06:22:16.264346,completed
1,MAPE,48,2,leaky_relu,3,128,0.05,3.939950466156006,0.6951842308044434,1.2891576290130615,0.14628000553236556,0.5634531510764219,3.939950466156006,0.6508010029792786,1.046972393989563,0.16705556298272586,0.2805404160680091,3.947798728942871,"{""loss"": 4.643359661102295, ""mape"": 4.643359661102295, ""mae"": 1.0096391439437866, ""val_loss"": 3.939950466156006, ""val_mape"": 3.939950466156006, ""val_mae"": 0.6951842308044434, ""lr"": 1.0000000656873453e-05, ""val_mae12"": 1.2891576290130615, ""val_me"": 0.14628000553236556, ""val_me12"": 0.5634531510764219, ""mape_2021"": 3.947798728942871, ""mae_2021"": 0.6508010029792786, ""mae12_2021"": 1.046972393989563, ""me_2021"": 0.16705556298272586, ""me12_2021"": 0.2805404160680091, ""epochs_trained"": 412}",2026-07-02T06:22:16.571731,completed
1,MAPE,48,2,leaky_relu,3,64,0.3,4.774508476257324,0.8922075629234314,1.3007720708847046,0.44307897558184245,0.6523376356533828,4.774508476257324,0.8413239121437073,1.132131814956665,0.5001194115424149,0.6101369360901188,5.048073768615723,"{""loss"": 10.961669921875, ""mape"": 10.961669921875, ""mae"": 2.5687286853790283, ""val_loss"": 4.774508476257324, ""val_mape"": 4.774508476257324, ""val_mae"": 0.8922075629234314, ""lr"": 1.0000000656873453e-05, ""val_mae12"": 1.3007720708847046, ""val_me"": 0.44307897558184245, ""val_me12"": 0.6523376356533828, ""mape_2021"": 5.048073768615723, ""mae_2021"": 0.8413239121437073, ""mae12_2021"": 1.132131814956665, ""me_2021"": 0.5001194115424149, ""me12_2021"": 0.6101369360901188, ""epochs_trained"": 582}",2026-07-02T06:22:16.597729,completed
1,MAPE,48,2,leaky_relu,3,128,0.0,3.8696863651275635,0.7341496348381042,1.0289610624313354,0.03915133011589686,0.4833021638310238,3.8696863651275635,0.6708992123603821,1.0559839010238647,0.025745891412623814,0.20344035208341638,3.99997878074646,"{""loss"": 2.9463322162628174, ""mape"": 2.9463322162628174, ""mae"": 0.5969172120094299, ""val_loss"": 3.8696863651275635, ""val_mape"": 3.8696863651275635, ""val_mae"": 0.7341496348381042, ""lr"": 1.0000000656873453e-05, ""val_mae12"": 1.0289610624313354, ""val_me"": 0.03915133011589686, ""val_me12"": 0.4833021638310238, ""mape_2021"": 3.99997878074646, ""mae_2021"": 0.6708992123603821, ""mae12_2021"": 1.0559839010238647, ""me_2021"": 0.025745891412623814, ""me12_2021"": 0.20344035208341638, ""epochs_trained"": 500}",2026-07-02T06:22:31.883228,completed
1,MAPE,48,2,leaky_relu,3,256,0.1,4.413524150848389,0.7903150320053101,1.4315054416656494,0.16301681618539526,0.3909297758424073,4.413524150848389,0.6972401142120361,1.175125002861023,0.20971814398762442,0.09930953807624338,4.2234296798706055,"{""loss"": 5.12554931640625, ""mape"": 5.12554931640625, ""mae"": 1.098789930343628, ""val_loss"": 4.413524150848389, ""val_mape"": 4.413524150848389, ""val_mae"": 0.7903150320053101, ""lr"": 0.00010000000474974513, ""val_mae12"": 1.4315054416656494, ""val_me"": 0.16301681618539526, ""val_me12"": 0.3909297758424073, ""mape_2021"": 4.2234296798706055, ""mae_2021"": 0.6972401142120361, ""mae12_2021"": 1.175125002861023, ""me_2021"": 0.20971814398762442, ""me12_2021"": 0.09930953807624338, ""epochs_trained"": 262}",2026-07-02T06:23:52.775744,completed
1,MAPE,48,2,leaky_relu,3,256,0.3,4.125288486480713,0.8006488084793091,1.189408540725708,0.21796814036617917,0.39691421148038103,4.125288486480713,0.6489133238792419,0.9860228300094604,0.24241194798902443,0.0973303221260557,3.8213911056518555,"{""loss"": 6.533663749694824, ""mape"": 6.533663749694824, ""mae"": 1.468645453453064, ""val_loss"": 4.125288486480713, ""val_mape"": 4.125288486480713, ""val_mae"": 0.8006488084793091, ""lr"": 0.00010000000474974513, ""val_mae12"": 1.189408540725708, ""val_me"": 0.21796814036617917, ""val_me12"": 0.39691421148038103, ""mape_2021"": 3.8213911056518555, ""mae_2021"": 0.6489133238792419, ""mae12_2021"": 0.9860228300094604, ""me_2021"": 0.24241194798902443, ""me12_2021"": 0.0973303221260557, ""epochs_trained"": 323}",2026-07-02T06:24:01.215170,completed
1,MAPE,48,2,leaky_relu,3,256,0.0,3.476590633392334,0.6527947187423706,0.9863215088844299,0.021166115875034162,0.5305280668772367,3.476590633392334,0.6249845027923584,0.9791259169578552,0.03127496955417917,0.1876607968083459,3.8073482513427734,"{""loss"": 2.448636531829834, ""mape"": 2.448636531829834, ""mae"": 0.5134175419807434, ""val_loss"": 3.476590633392334, ""val_mape"": 3.476590633392334, ""val_mae"": 0.6527947187423706, ""lr"": 1.0000000656873453e-05, ""val_mae12"": 0.9863215088844299, ""val_me"": 0.021166115875034162, ""val_me12"": 0.5305280668772367, ""mape_2021"": 3.8073482513427734, ""mae_2021"": 0.6249845027923584, ""mae12_2021"": 0.9791259169578552, ""me_2021"": 0.03127496955417917, ""me12_2021"": 0.1876607968083459, ""epochs_trained"": 892}",2026-07-02T06:24:09.279046,completed
1,MAPE,48,2,leaky_relu,3,256,0.05,3.64796781539917,0.6454583406448364,1.2510491609573364,0.0663539056091509,0.567374837179073,3.64796781539917,0.6132047772407532,1.0719736814498901,0.09459676083209755,0.33666753680872086,3.8387415409088135,"{""loss"": 3.6539859771728516, ""mape"": 3.6539859771728516, ""mae"": 0.7933919429779053, ""val_loss"": 3.64796781539917, ""val_mape"": 3.64796781539917, ""val_mae"": 0.6454583406448364, ""lr"": 1.0000000656873453e-05, ""val_mae12"": 1.2510491609573364, ""val_me"": 0.0663539056091509, ""val_me12"": 0.567374837179073, ""mape_2021"": 3.8387415409088135, ""mae_2021"": 0.6132047772407532, ""mae12_2021"": 1.0719736814498901, ""me_2021"": 0.09459676083209755, ""me12_2021"": 0.33666753680872086, ""epochs_trained"": 458}",2026-07-02T06:24:13.246249,completed
1,MAPE,48,2,leaky_relu,3,64,0.0,3.5519583225250244,0.6833646893501282,0.9539411664009094,0.05758272395373782,0.43745383405999505,3.5519583225250244,0.6281721591949463,0.8894149661064148,0.04020162094187676,0.054107351969297744,3.697443723678589,"{""loss"": 2.7883687019348145, ""mape"": 2.7883687019348145, ""mae"": 0.5697506070137024, ""val_loss"": 3.5519583225250244, ""val_mape"": 3.5519583225250244, ""val_mae"": 0.6833646893501282, ""lr"": 9.999999747378752e-06, ""val_mae12"": 0.9539411664009094, ""val_me"": 0.05758272395373782, ""val_me12"": 0.43745383405999505, ""mape_2021"": 3.697443723678589, ""mae_2021"": 0.6281721591949463, ""mae12_2021"": 0.8894149661064148, ""me_2021"": 0.04020162094187676, ""me12_2021"": 0.054107351969297744, ""epochs_trained"": 2072}",2026-07-02T06:24:43.510200,completed
1,MAPE,48,2,selu,1,32,0.1,56.746307373046875,12.0317964553833,8.784831047058105,9.08310595628758,7.801683220736634,56.746307373046875,11.344775199890137,12.303985595703125,9.801253408236054,11.699590853224809,66.88423156738281,"{""loss"": 49.90509796142578, ""mape"": 49.90509796142578, ""mae"": 10.511460304260254, ""val_loss"": 56.746307373046875, ""val_mape"": 56.746307373046875, ""val_mae"": 12.0317964553833, ""lr"": 0.00010000000474974513, ""val_mae12"": 8.784831047058105, ""val_me"": 9.08310595628758, ""val_me12"": 7.801683220736634, ""mape_2021"": 66.88423156738281, ""mae_2021"": 11.344775199890137, ""mae12_2021"": 12.303985595703125, ""me_2021"": 9.801253408236054, ""me12_2021"": 11.699590853224809, ""epochs_trained"": 132}",2026-07-02T06:25:02.637566,completed
1,MAPE,48,2,selu,1,32,0.3,58.693721771240234,12.122661590576172,13.454526901245117,7.922049686889982,13.180668884309945,58.693721771240234,11.019525527954102,17.929962158203125,8.510613272543727,18.004739831149088,70.96353149414062,"{""loss"": 58.17977523803711, ""mape"": 58.17977523803711, ""mae"": 13.005208015441895, ""val_loss"": 58.693721771240234, ""val_mape"": 58.693721771240234, ""val_mae"": 12.122661590576172, ""lr"": 0.00010000000474974513, ""val_mae12"": 13.454526901245117, ""val_me"": 7.922049686889982, ""val_me12"": 13.180668884309945, ""mape_2021"": 70.96353149414062, ""mae_2021"": 11.019525527954102, ""mae12_2021"": 17.929962158203125, ""me_2021"": 8.510613272543727, ""me12_2021"": 18.004739831149088, ""epochs_trained"": 151}",2026-07-02T06:25:03.368691,completed
1,MAPE,48,2,selu,1,32,0.0,51.06608200073242,10.917054176330566,4.979998588562012,9.2573078842072,3.5428610349671277,51.06608200073242,11.03562068939209,7.745070457458496,10.045339062360316,6.321255625655865,60.89350128173828,"{""loss"": 43.3434944152832, ""mape"": 43.3434944152832, ""mae"": 9.15698528289795, ""val_loss"": 51.06608200073242, ""val_mape"": 51.06608200073242, ""val_mae"": 10.917054176330566, ""lr"": 0.00010000000474974513, ""val_mae12"": 4.979998588562012, ""val_me"": 9.2573078842072, ""val_me12"": 3.5428610349671277, ""mape_2021"": 60.89350128173828, ""mae_2021"": 11.03562068939209, ""mae12_2021"": 7.745070457458496, ""me_2021"": 10.045339062360316, ""me12_2021"": 6.321255625655865, ""epochs_trained"": 156}",2026-07-02T06:25:03.512208,completed
1,MAPE,48,2,selu,1,32,0.05,50.4828987121582,10.759391784667969,6.7201714515686035,8.58332571786335,5.7322813116700795,50.4828987121582,10.528002738952637,9.661890029907227,9.28350298352639,8.650711139300967,59.8746223449707,"{""loss"": 45.15754318237305, ""mape"": 45.15754318237305, ""mae"": 9.417204856872559, ""val_loss"": 50.4828987121582, ""val_mape"": 50.4828987121582, ""val_mae"": 10.759391784667969, ""lr"": 0.00010000000474974513, ""val_mae12"": 6.7201714515686035, ""val_me"": 8.58332571786335, ""val_me12"": 5.7322813116700795, ""mape_2021"": 59.8746223449707, ""mae_2021"": 10.528002738952637, ""mae12_2021"": 9.661890029907227, ""me_2021"": 9.28350298352639, ""me12_2021"": 8.650711139300967, ""epochs_trained"": 164}",2026-07-02T06:25:03.839723,completed
1,MAPE,48,2,selu,1,16,0.0,52.87162780761719,11.16834831237793,6.197066307067871,9.53276318580899,4.815280036985059,52.87162780761719,11.467337608337402,9.310187339782715,10.33106610145141,8.357495718789933,64.46843719482422,"{""loss"": 45.34157180786133, ""mape"": 45.34157180786133, ""mae"": 9.562867164611816, ""val_loss"": 52.87162780761719, ""val_mape"": 52.87162780761719, ""val_mae"": 11.16834831237793, ""lr"": 0.00010000000474974513, ""val_mae12"": 6.197066307067871, ""val_me"": 9.53276318580899, ""val_me12"": 4.815280036985059, ""mape_2021"": 64.46843719482422, ""mae_2021"": 11.467337608337402, ""mae12_2021"": 9.310187339782715, ""me_2021"": 10.33106610145141, ""me12_2021"": 8.357495718789933, ""epochs_trained"": 181}",2026-07-02T06:25:04.500239,completed
1,MAPE,48,2,selu,1,16,0.05,47.2645378112793,10.023670196533203,6.437465667724609,8.210569868625077,5.491235976332525,47.2645378112793,10.122708320617676,9.027689933776855,8.915010014333856,7.753425117150009,56.37059020996094,"{""loss"": 44.077449798583984, ""mape"": 44.077449798583984, ""mae"": 9.381535530090332, ""val_loss"": 47.2645378112793, ""val_mape"": 47.2645378112793, ""val_mae"": 10.023670196533203, ""lr"": 0.00010000000474974513, ""val_mae12"": 6.437465667724609, ""val_me"": 8.210569868625077, ""val_me12"": 5.491235976332525, ""mape_2021"": 56.37059020996094, ""mae_2021"": 10.122708320617676, ""mae12_2021"": 9.027689933776855, ""me_2021"": 8.915010014333856, ""me12_2021"": 7.753425117150009, ""epochs_trained"": 272}",2026-07-02T06:25:10.151069,completed
1,MAPE,48,2,selu,1,16,0.3,51.79539108276367,10.43244457244873,12.797189712524414,7.377242027693734,12.708875039593718,51.79539108276367,10.31906795501709,16.436697006225586,7.909859633302263,16.518632653944533,65.14611053466797,"{""loss"": 59.6041145324707, ""mape"": 59.6041145324707, ""mae"": 13.768527030944824, ""val_loss"": 51.79539108276367, ""val_mape"": 51.79539108276367, ""val_mae"": 10.43244457244873, ""lr"": 0.00010000000474974513, ""val_mae12"": 12.797189712524414, ""val_me"": 7.377242027693734, ""val_me12"": 12.708875039593718, ""mape_2021"": 65.14611053466797, ""mae_2021"": 10.31906795501709, ""mae12_2021"": 16.436697006225586, ""me_2021"": 7.909859633302263, ""me12_2021"": 16.518632653944533, ""epochs_trained"": 275}",2026-07-02T06:25:10.672347,completed
1,MAPE,48,2,selu,1,64,0.0,59.64582061767578,12.341780662536621,6.391219139099121,10.932729542363617,4.066818586993139,59.64582061767578,12.916716575622559,9.921196937561035,11.82044259234277,8.534751584942201,73.55352020263672,"{""loss"": 50.9808464050293, ""mape"": 50.9808464050293, ""mae"": 10.523618698120117, ""val_loss"": 59.64582061767578, ""val_mape"": 59.64582061767578, ""val_mae"": 12.341780662536621, ""lr"": 0.00010000000474974513, ""val_mae12"": 6.391219139099121, ""val_me"": 10.932729542363617, ""val_me12"": 4.066818586993139, ""mape_2021"": 73.55352020263672, ""mae_2021"": 12.916716575622559, ""mae12_2021"": 9.921196937561035, ""me_2021"": 11.82044259234277, ""me12_2021"": 8.534751584942201, ""epochs_trained"": 99}",2026-07-02T06:25:12.927960,completed
1,MAPE,48,2,selu,1,64,0.05,56.36940002441406,12.084065437316895,5.751842975616455,9.793959039429957,4.452007624294314,56.36940002441406,11.73080825805664,8.85627555847168,10.638175137700882,7.825924844359418,65.68577575683594,"{""loss"": 47.308746337890625, ""mape"": 47.308746337890625, ""mae"": 9.895257949829102, ""val_loss"": 56.36940002441406, ""val_mape"": 56.36940002441406, ""val_mae"": 12.084065437316895, ""lr"": 0.00010000000474974513, ""val_mae12"": 5.751842975616455, ""val_me"": 9.793959039429957, ""val_me12"": 4.452007624294314, ""mape_2021"": 65.68577575683594, ""mae_2021"": 11.73080825805664, ""mae12_2021"": 8.85627555847168, ""me_2021"": 10.638175137700882, ""me12_2021"": 7.825924844359418, ""epochs_trained"": 103}",2026-07-02T06:25:14.521697,completed
1,MAPE,48,2,selu,1,64,0.1,62.43003845214844,13.32654857635498,7.650366306304932,10.144062241197348,6.505508334439056,62.43003845214844,12.300958633422852,11.472014427185059,10.955748581465203,10.957646723404586,71.83000946044922,"{""loss"": 50.85262680053711, ""mape"": 50.85262680053711, ""mae"": 10.682516098022461, ""val_loss"": 62.43003845214844, ""val_mape"": 62.43003845214844, ""val_mae"": 13.32654857635498, ""lr"": 0.00010000000474974513, ""val_mae12"": 7.650366306304932, ""val_me"": 10.144062241197348, ""val_me12"": 6.505508334439056, ""mape_2021"": 71.83000946044922, ""mae_2021"": 12.300958633422852, ""mae12_2021"": 11.472014427185059, ""me_2021"": 10.955748581465203, ""me12_2021"": 10.957646723404586, ""epochs_trained"": 107}",2026-07-02T06:25:15.062263,completed
1,MAPE,48,2,selu,1,64,0.3,63.88282775878906,13.46533489227295,13.188002586364746,8.702666640925875,12.843159103801515,63.88282775878906,11.59549617767334,17.962608337402344,9.294943877986382,18.00112570020176,74.02165985107422,"{""loss"": 56.47446060180664, ""mape"": 56.47446060180664, ""mae"": 12.354256629943848, ""val_loss"": 63.88282775878906, ""val_mape"": 63.88282775878906, ""val_mae"": 13.46533489227295, ""lr"": 0.00010000000474974513, ""val_mae12"": 13.188002586364746, ""val_me"": 8.702666640925875, ""val_me12"": 12.843159103801515, ""mape_2021"": 74.02165985107422, ""mae_2021"": 11.59549617767334, ""mae12_2021"": 17.962608337402344, ""me_2021"": 9.294943877986382, ""me12_2021"": 18.00112570020176, ""epochs_trained"": 109}",2026-07-02T06:25:15.581431,completed
1,MAPE,48,2,selu,1,128,0.05,60.702735900878906,12.87712574005127,6.1870222091674805,10.636258846886522,4.2294231006415846,60.702735900878906,12.69327449798584,9.761462211608887,11.54820266033916,8.485314323100287,72.11677551269531,"{""loss"": 49.924041748046875, ""mape"": 49.924041748046875, ""mae"": 10.397795677185059, ""val_loss"": 60.702735900878906, ""val_mape"": 60.702735900878906, ""val_mae"": 12.87712574005127, ""lr"": 0.00010000000474974513, ""val_mae12"": 6.1870222091674805, ""val_me"": 10.636258846886522, ""val_me12"": 4.2294231006415846, ""mape_2021"": 72.11677551269531, ""mae_2021"": 12.69327449798584, ""mae12_2021"": 9.761462211608887, ""me_2021"": 11.54820266033916, ""me12_2021"": 8.485314323100287, ""epochs_trained"": 84}",2026-07-02T06:25:21.140900,completed
1,MAPE,48,2,selu,1,128,0.1,62.47797393798828,13.36056900024414,7.074153900146484,10.33775146028453,5.657271530834302,62.47797393798828,12.379319190979004,10.799842834472656,11.161259126227417,9.898732669081461,71.12650299072266,"{""loss"": 49.83567810058594, ""mape"": 49.83567810058594, ""mae"": 10.398016929626465, ""val_loss"": 62.47797393798828, ""val_mape"": 62.47797393798828, ""val_mae"": 13.36056900024414, ""lr"": 0.00010000000474974513, ""val_mae12"": 7.074153900146484, ""val_me"": 10.33775146028453, ""val_me12"": 5.657271530834302, ""mape_2021"": 71.12650299072266, ""mae_2021"": 12.379319190979004, ""mae12_2021"": 10.799842834472656, ""me_2021"": 11.161259126227417, ""me12_2021"": 9.898732669081461, ""epochs_trained"": 91}",2026-07-02T06:25:21.791411,completed
1,MAPE,48,2,selu,1,128,0.3,64.81868743896484,13.93956470489502,12.209117889404297,8.356608675480818,11.824009643238117,64.81868743896484,11.17938232421875,16.673051834106445,9.003871266006888,16.713030904789274,70.82315063476562,"{""loss"": 53.52088165283203, ""mape"": 53.52088165283203, ""mae"": 11.407872200012207, ""val_loss"": 64.81868743896484, ""val_mape"": 64.81868743896484, ""val_mae"": 13.93956470489502, ""lr"": 0.00010000000474974513, ""val_mae12"": 12.209117889404297, ""val_me"": 8.356608675480818, ""val_me12"": 11.824009643238117, ""mape_2021"": 70.82315063476562, ""mae_2021"": 11.17938232421875, ""mae12_2021"": 16.673051834106445, ""me_2021"": 9.003871266006888, ""me12_2021"": 16.713030904789274, ""epochs_trained"": 105}",2026-07-02T06:25:23.885449,completed
1,MAPE,48,2,selu,1,16,0.1,19.688764572143555,4.679218769073486,2.6514835357666016,3.8358169494268703,2.6287827104113233,19.688764572143555,4.296601295471191,2.5102312564849854,3.4550574620848153,2.3349566958939088,19.01702117919922,"{""loss"": 29.23946762084961, ""mape"": 29.23946762084961, ""mae"": 7.3300347328186035, ""val_loss"": 19.688764572143555, ""val_mape"": 19.688764572143555, ""val_mae"": 4.679218769073486, ""lr"": 0.00010000000474974513, ""val_mae12"": 2.6514835357666016, ""val_me"": 3.8358169494268703, ""val_me12"": 2.6287827104113233, ""mape_2021"": 19.01702117919922, ""mae_2021"": 4.296601295471191, ""mae12_2021"": 2.5102312564849854, ""me_2021"": 3.4550574620848153, ""me12_2021"": 2.3349566958939088, ""epochs_trained"": 963}",2026-07-02T06:25:39.700781,completed
1,MAPE,48,2,selu,1,128,0.0,3.4981350898742676,0.6690696477890015,0.9186069965362549,0.11198909516148438,0.1722378539535801,3.4981350898742676,0.6494784951210022,0.8795498013496399,0.09967360753040633,-0.39064766275269625,3.8535234928131104,"{""loss"": 3.0200891494750977, ""mape"": 3.0200891494750977, ""mae"": 0.6191018223762512, ""val_loss"": 3.4981350898742676, ""val_mape"": 3.4981350898742676, ""val_mae"": 0.6690696477890015, ""lr"": 0.00010000000474974513, ""val_mae12"": 0.9186069965362549, ""val_me"": 0.11198909516148438, ""val_me12"": 0.1722378539535801, ""mape_2021"": 3.8535234928131104, ""mae_2021"": 0.6494784951210022, ""mae12_2021"": 0.8795498013496399, ""me_2021"": 0.09967360753040633, ""me12_2021"": -0.39064766275269625, ""epochs_trained"": 862}",2026-07-02T06:25:46.186271,completed
1,MAPE,48,2,selu,2,16,0.3,92.72608947753906,20.971084594726562,9.570430755615234,20.615087074229077,9.439599385222122,92.72608947753906,20.72759437561035,12.952049255371094,19.27526891930205,12.99526770162754,97.33706665039062,"{""loss"": 88.68321228027344, ""mape"": 88.68321228027344, ""mae"": 22.384340286254883, ""val_loss"": 92.72608947753906, ""val_mape"": 92.72608947753906, ""val_mae"": 20.971084594726562, ""lr"": 0.00010000000474974513, ""val_mae12"": 9.570430755615234, ""val_me"": 20.615087074229077, ""val_me12"": 9.439599385222122, ""mape_2021"": 97.33706665039062, ""mae_2021"": 20.72759437561035, ""mae12_2021"": 12.952049255371094, ""me_2021"": 19.27526891930205, ""me12_2021"": 12.99526770162754, ""epochs_trained"": 48}",2026-07-02T06:26:08.724119,completed
1,MAPE,48,2,selu,1,256,0.3,71.90287780761719,15.814382553100586,10.67691421508789,9.205025111450452,10.046960862303628,71.90287780761719,11.739948272705078,14.777584075927734,9.920715715329765,14.692984122074925,71.6731185913086,"{""loss"": 51.10311508178711, ""mape"": 51.10311508178711, ""mae"": 10.760622024536133, ""val_loss"": 71.90287780761719, ""val_mape"": 71.90287780761719, ""val_mae"": 15.814382553100586, ""lr"": 0.00010000000474974513, ""val_mae12"": 10.67691421508789, ""val_me"": 9.205025111450452, ""val_me12"": 10.046960862303628, ""mape_2021"": 71.6731185913086, ""mae_2021"": 11.739948272705078, ""mae12_2021"": 14.777584075927734, ""me_2021"": 9.920715715329765, ""me12_2021"": 14.692984122074925, ""epochs_trained"": 86}",2026-07-02T06:26:10.519168,completed
1,MAPE,48,2,selu,1,256,0.1,56.450069427490234,12.297225952148438,5.3865251541137695,10.00733381345572,3.8477601240907466,56.450069427490234,11.841936111450195,8.616631507873535,10.841909620575846,7.211328338951484,65.89815521240234,"{""loss"": 44.90544128417969, ""mape"": 44.90544128417969, ""mae"": 9.434928894042969, ""val_loss"": 56.450069427490234, ""val_mape"": 56.450069427490234, ""val_mae"": 12.297225952148438, ""lr"": 0.00010000000474974513, ""val_mae12"": 5.3865251541137695, ""val_me"": 10.00733381345572, ""val_me12"": 3.8477601240907466, ""mape_2021"": 65.89815521240234, ""mae_2021"": 11.841936111450195, ""mae12_2021"": 8.616631507873535, ""me_2021"": 10.841909620575846, ""me12_2021"": 7.211328338951484, ""epochs_trained"": 89}",2026-07-02T06:26:10.982231,completed
1,MAPE,48,2,selu,2,16,0.1,56.230587005615234,11.970738410949707,12.341711044311523,7.029711168395037,12.23634953463255,56.230587005615234,9.73065185546875,16.402740478515625,7.4527070869801175,16.491894707893394,63.230377197265625,"{""loss"": 47.823753356933594, ""mape"": 47.823753356933594, ""mae"": 10.370172500610352, ""val_loss"": 56.230587005615234, ""val_mape"": 56.230587005615234, ""val_mae"": 11.970738410949707, ""lr"": 0.00010000000474974513, ""val_mae12"": 12.341711044311523, ""val_me"": 7.029711168395037, ""val_me12"": 12.23634953463255, ""mape_2021"": 63.230377197265625, ""mae_2021"": 9.73065185546875, ""mae12_2021"": 16.402740478515625, ""me_2021"": 7.4527070869801175, ""me12_2021"": 16.491894707893394, ""epochs_trained"": 130}",2026-07-02T06:26:14.661146,completed
1,MAPE,48,2,selu,2,16,0.05,38.06454849243164,8.432310104370117,6.390902042388916,5.490136499910452,6.110162487263405,38.06454849243164,7.0703301429748535,8.243924140930176,5.795952711642324,8.073740670232368,41.04877853393555,"{""loss"": 33.45275115966797, ""mape"": 33.45275115966797, ""mae"": 7.2367401123046875, ""val_loss"": 38.06454849243164, ""val_mape"": 38.06454849243164, ""val_mae"": 8.432310104370117, ""lr"": 0.00010000000474974513, ""val_mae12"": 6.390902042388916, ""val_me"": 5.490136499910452, ""val_me12"": 6.110162487263405, ""mape_2021"": 41.04877853393555, ""mae_2021"": 7.0703301429748535, ""mae12_2021"": 8.243924140930176, ""me_2021"": 5.795952711642324, ""me12_2021"": 8.073740670232368, ""epochs_trained"": 197}",2026-07-02T06:26:18.861255,completed
1,MAPE,48,2,selu,1,256,0.0,4.2923078536987305,0.8869115114212036,0.9505744576454163,0.3538245842622182,0.2178688998341051,4.2923078536987305,0.8868162035942078,0.823753833770752,0.30892632021617894,-0.2406819387762034,4.638416290283203,"{""loss"": 3.7134690284729004, ""mape"": 3.7134690284729004, ""mae"": 0.8110724687576294, ""val_loss"": 4.2923078536987305, ""val_mape"": 4.2923078536987305, ""val_mae"": 0.8869115114212036, ""lr"": 0.00010000000474974513, ""val_mae12"": 0.9505744576454163, ""val_me"": 0.3538245842622182, ""val_me12"": 0.2178688998341051, ""mape_2021"": 4.638416290283203, ""mae_2021"": 0.8868162035942078, ""mae12_2021"": 0.823753833770752, ""me_2021"": 0.30892632021617894, ""me12_2021"": -0.2406819387762034, ""epochs_trained"": 639}",2026-07-02T06:26:47.675807,completed
1,MAPE,48,2,selu,2,16,0.0,4.075692176818848,0.8199141621589661,0.8978710174560547,0.2970228719468326,0.3354331917554108,4.075692176818848,0.8315258622169495,0.8734763264656067,0.3340367337074551,-0.38496130244483057,4.6203179359436035,"{""loss"": 3.232581377029419, ""mape"": 3.232581377029419, ""mae"": 0.6721414923667908, ""val_loss"": 4.075692176818848, ""val_mape"": 4.075692176818848, ""val_mae"": 0.8199141621589661, ""lr"": 1.0000000656873453e-05, ""val_mae12"": 0.8978710174560547, ""val_me"": 0.2970228719468326, ""val_me12"": 0.3354331917554108, ""mape_2021"": 4.6203179359436035, ""mae_2021"": 0.8315258622169495, ""mae12_2021"": 0.8734763264656067, ""me_2021"": 0.3340367337074551, ""me12_2021"": -0.38496130244483057, ""epochs_trained"": 1492}",2026-07-02T06:27:28.990608,completed
1,MAPE,48,2,selu,1,256,0.05,12.617636680603027,2.9417474269866943,1.4528954029083252,-0.5305499229621441,0.803494630169681,12.617636680603027,2.699843168258667,1.842463493347168,-0.30766849579909006,-0.578053480722226,13.169482231140137,"{""loss"": 13.631999015808105, ""mape"": 13.631999015808105, ""mae"": 2.7865395545959473, ""val_loss"": 12.617636680603027, ""val_mape"": 12.617636680603027, ""val_mae"": 2.9417474269866943, ""lr"": 1.0000000656873453e-05, ""val_mae12"": 1.4528954029083252, ""val_me"": -0.5305499229621441, ""val_me12"": 0.803494630169681, ""mape_2021"": 13.169482231140137, ""mae_2021"": 2.699843168258667, ""mae12_2021"": 1.842463493347168, ""me_2021"": -0.30766849579909006, ""me12_2021"": -0.578053480722226, ""epochs_trained"": 1757}",2026-07-02T06:27:49.825133,completed
2,MAPE,48,2,leaky_relu,1,256,0.0,52.119110107421875,11.347203254699707,5.173558235168457,9.114914543091173,3.712839303326419,52.119110107421875,11.020241737365723,7.736516952514648,9.987164031839256,6.821331099485417,60.624446868896484,"{""loss"": 43.5277099609375, ""mape"": 43.5277099609375, ""mae"": 9.36091423034668, ""val_loss"": 52.119110107421875, ""val_mape"": 52.119110107421875, ""val_mae"": 11.347203254699707, ""lr"": 0.00010000000474974513, ""val_mae12"": 5.173558235168457, ""val_me"": 9.114914543091173, ""val_me12"": 3.712839303326419, ""mape_2021"": 60.624446868896484, ""mae_2021"": 11.020241737365723, ""mae12_2021"": 7.736516952514648, ""me_2021"": 9.987164031839256, ""me12_2021"": 6.821331099485417, ""epochs_trained"": 65}",2026-07-03T06:02:10.329158,completed
2,MAPE,48,2,leaky_relu,1,256,0.05,52.00423812866211,11.348356246948242,5.393453598022461,9.04705272788373,4.09727667449964,52.00423812866211,10.965286254882812,8.02680778503418,9.903551273328652,7.210323790966972,60.51284408569336,"{""loss"": 43.674461364746094, ""mape"": 43.674461364746094, ""mae"": 9.408357620239258, ""val_loss"": 52.00423812866211, ""val_mape"": 52.00423812866211, ""val_mae"": 11.348356246948242, ""lr"": 0.00010000000474974513, ""val_mae12"": 5.393453598022461, ""val_me"": 9.04705272788373, ""val_me12"": 4.09727667449964, ""mape_2021"": 60.51284408569336, ""mae_2021"": 10.965286254882812, ""mae12_2021"": 8.02680778503418, ""me_2021"": 9.903551273328652, ""me12_2021"": 7.210323790966972, ""epochs_trained"": 68}",2026-07-03T06:02:10.448468,completed
2,MAPE,48,2,leaky_relu,1,128,0.0,51.51316833496094,11.212470054626465,5.182626724243164,9.171866981846202,3.87599094178516,51.51316833496094,11.002134323120117,7.746110916137695,10.015809753251002,6.855131017095021,60.28266143798828,"{""loss"": 43.15773010253906, ""mape"": 43.15773010253906, ""mae"": 9.293889999389648, ""val_loss"": 51.51316833496094, ""val_mape"": 51.51316833496094, ""val_mae"": 11.212470054626465, ""lr"": 0.00010000000474974513, ""val_mae12"": 5.182626724243164, ""val_me"": 9.171866981846202, ""val_me12"": 3.87599094178516, ""mape_2021"": 60.28266143798828, ""mae_2021"": 11.002134323120117, ""mae12_2021"": 7.746110916137695, ""me_2021"": 10.015809753251002, ""me12_2021"": 6.855131017095021, ""epochs_trained"": 83}",2026-07-03T06:02:10.870545,completed
2,MAPE,48,2,leaky_relu,1,128,0.1,50.994102478027344,11.054561614990234,5.806110858917236,8.910029244776135,4.425547164390919,50.994102478027344,10.844244956970215,8.475264549255371,9.751336631783898,7.598552642302992,60.160030364990234,"{""loss"": 43.58306121826172, ""mape"": 43.58306121826172, ""mae"": 9.362892150878906, ""val_loss"": 50.994102478027344, ""val_mape"": 50.994102478027344, ""val_mae"": 11.054561614990234, ""lr"": 0.00010000000474974513, ""val_mae12"": 5.806110858917236, ""val_me"": 8.910029244776135, ""val_me12"": 4.425547164390919, ""mape_2021"": 60.160030364990234, ""mae_2021"": 10.844244956970215, ""mae12_2021"": 8.475264549255371, ""me_2021"": 9.751336631783898, ""me12_2021"": 7.598552642302992, ""epochs_trained"": 90}",2026-07-03T06:02:11.004497,completed
2,MAPE,48,2,leaky_relu,1,128,0.05,51.23091506958008,11.089612007141113,5.706279277801514,9.178221151371806,4.398711656240771,51.23091506958008,10.975346565246582,8.394552230834961,9.967850560268223,7.591703960446908,60.79197692871094,"{""loss"": 43.24708938598633, ""mape"": 43.24708938598633, ""mae"": 9.259995460510254, ""val_loss"": 51.23091506958008, ""val_mape"": 51.23091506958008, ""val_mae"": 11.089612007141113, ""lr"": 0.00010000000474974513, ""val_mae12"": 5.706279277801514, ""val_me"": 9.178221151371806, ""val_me12"": 4.398711656240771, ""mape_2021"": 60.79197692871094, ""mae_2021"": 10.975346565246582, ""mae12_2021"": 8.394552230834961, ""me_2021"": 9.967850560268223, ""me12_2021"": 7.591703960446908, ""epochs_trained"": 87}",2026-07-03T06:02:11.058498,completed
2,MAPE,48,2,leaky_relu,1,128,0.3,51.238136291503906,11.075228691101074,6.038906097412109,8.896508936280748,5.035976743778733,51.238136291503906,10.8406343460083,8.777771949768066,9.707901328931923,8.184691416150502,60.591243743896484,"{""loss"": 45.77678298950195, ""mape"": 45.77678298950195, ""mae"": 9.838827133178711, ""val_loss"": 51.238136291503906, ""val_mape"": 51.238136291503906, ""val_mae"": 11.075228691101074, ""lr"": 0.00010000000474974513, ""val_mae12"": 6.038906097412109, ""val_me"": 8.896508936280748, ""val_me12"": 5.035976743778733, ""mape_2021"": 60.591243743896484, ""mae_2021"": 10.8406343460083, ""mae12_2021"": 8.777771949768066, ""me_2021"": 9.707901328931923, ""me12_2021"": 8.184691416150502, ""epochs_trained"": 94}",2026-07-03T06:02:11.282097,completed
2,MAPE,48,2,leaky_relu,1,256,0.1,52.14984130859375,11.386298179626465,5.262628078460693,9.330565207656445,3.778204850227258,52.14984130859375,11.100146293640137,7.869814395904541,10.159531382484815,6.930896783574371,60.927040100097656,"{""loss"": 43.83963394165039, ""mape"": 43.83963394165039, ""mae"": 9.457326889038086, ""val_loss"": 52.14984130859375, ""val_mape"": 52.14984130859375, ""val_mae"": 11.386298179626465, ""lr"": 0.00010000000474974513, ""val_mae12"": 5.262628078460693, ""val_me"": 9.330565207656445, ""val_me12"": 3.778204850227258, ""mape_2021"": 60.927040100097656, ""mae_2021"": 11.100146293640137, ""mae12_2021"": 7.869814395904541, ""me_2021"": 10.159531382484815, ""me12_2021"": 6.930896783574371, ""epochs_trained"": 64}",2026-07-03T06:02:18.000658,completed
2,MAPE,48,2,leaky_relu,1,256,0.3,52.69672393798828,11.469663619995117,5.74251127243042,9.19457214227705,4.494390511647927,52.69672393798828,11.068364143371582,8.468758583068848,10.012048428668336,7.7770057312134835,61.590518951416016,"{""loss"": 45.05104064941406, ""mape"": 45.05104064941406, ""mae"": 9.700220108032227, ""val_loss"": 52.69672393798828, ""val_mape"": 52.69672393798828, ""val_mae"": 11.469663619995117, ""lr"": 0.00010000000474974513, ""val_mae12"": 5.74251127243042, ""val_me"": 9.19457214227705, ""val_me12"": 4.494390511647927, ""mape_2021"": 61.590518951416016, ""mae_2021"": 11.068364143371582, ""mae12_2021"": 8.468758583068848, ""me_2021"": 10.012048428668336, ""me12_2021"": 7.7770057312134835, ""epochs_trained"": 62}",2026-07-03T06:02:18.070657,completed
2,MAPE,48,2,leaky_relu,2,16,0.1,53.01504898071289,11.23886775970459,6.724645614624023,9.066000974885629,5.6174872254058235,53.01504898071289,11.061020851135254,9.79090690612793,9.859768196795217,9.254422012560404,63.27785873413086,"{""loss"": 49.81147766113281, ""mape"": 49.81147766113281, ""mae"": 10.637497901916504, ""val_loss"": 53.01504898071289, ""val_mape"": 53.01504898071289, ""val_mae"": 11.23886775970459, ""lr"": 0.00010000000474974513, ""val_mae12"": 6.724645614624023, ""val_me"": 9.066000974885629, ""val_me12"": 5.6174872254058235, ""mape_2021"": 63.27785873413086, ""mae_2021"": 11.061020851135254, ""mae12_2021"": 9.79090690612793, ""me_2021"": 9.859768196795217, ""me12_2021"": 9.254422012560404, ""epochs_trained"": 99}",2026-07-03T06:02:20.321816,completed
2,MAPE,48,2,leaky_relu,2,16,0.0,53.44903564453125,11.377077102661133,5.587874889373779,9.513657386871953,4.576079168880425,53.44903564453125,11.282442092895508,8.417555809020996,10.29757343208771,7.934522674297353,63.132530212402344,"{""loss"": 44.606197357177734, ""mape"": 44.606197357177734, ""mae"": 9.472986221313477, ""val_loss"": 53.44903564453125, ""val_mape"": 53.44903564453125, ""val_mae"": 11.377077102661133, ""lr"": 0.00010000000474974513, ""val_mae12"": 5.587874889373779, ""val_me"": 9.513657386871953, ""val_me12"": 4.576079168880425, ""mape_2021"": 63.132530212402344, ""mae_2021"": 11.282442092895508, ""mae12_2021"": 8.417555809020996, ""me_2021"": 10.29757343208771, ""me12_2021"": 7.934522674297353, ""epochs_trained"": 130}",2026-07-03T06:02:20.861837,completed
2,MAPE,48,2,leaky_relu,2,16,0.05,48.474430084228516,10.444596290588379,5.853107452392578,8.576947515153076,4.631993571979643,48.474430084228516,10.525897979736328,8.462334632873535,9.414029384546774,7.642925357634882,58.220115661621094,"{""loss"": 44.94017028808594, ""mape"": 44.94017028808594, ""mae"": 9.758011817932129, ""val_loss"": 48.474430084228516, ""val_mape"": 48.474430084228516, ""val_mae"": 10.444596290588379, ""lr"": 0.00010000000474974513, ""val_mae12"": 5.853107452392578, ""val_me"": 8.576947515153076, ""val_me12"": 4.631993571979643, ""mape_2021"": 58.220115661621094, ""mae_2021"": 10.525897979736328, ""mae12_2021"": 8.462334632873535, ""me_2021"": 9.414029384546774, ""me12_2021"": 7.642925357634882, ""epochs_trained"": 153}",2026-07-03T06:02:21.808660,completed
2,MAPE,48,2,leaky_relu,2,16,0.3,8.441843032836914,1.8059303760528564,1.542002558708191,1.6219293310627587,-0.0638506985650419,8.441843032836914,1.6952391862869263,1.1152440309524536,1.6031925386474948,0.16875235982907527,8.930522918701172,"{""loss"": 20.95228385925293, ""mape"": 20.95228385925293, ""mae"": 5.042274475097656, ""val_loss"": 8.441843032836914, ""val_mape"": 8.441843032836914, ""val_mae"": 1.8059303760528564, ""lr"": 0.00010000000474974513, ""val_mae12"": 1.542002558708191, ""val_me"": 1.6219293310627587, ""val_me12"": -0.0638506985650419, ""mape_2021"": 8.930522918701172, ""mae_2021"": 1.6952391862869263, ""mae12_2021"": 1.1152440309524536, ""me_2021"": 1.6031925386474948, ""me12_2021"": 0.16875235982907527, ""epochs_trained"": 827}",2026-07-03T06:02:42.038773,completed
2,MAPE,48,2,leaky_relu,2,64,0.0,52.69533157348633,11.032706260681152,4.6773176193237305,9.842879456043589,3.1322987313934845,52.69533157348633,11.41112232208252,7.131094455718994,10.640040929047387,6.208526606066971,62.01182556152344,"{""loss"": 44.189937591552734, ""mape"": 44.189937591552734, ""mae"": 9.181498527526855, ""val_loss"": 52.69533157348633, ""val_mape"": 52.69533157348633, ""val_mae"": 11.032706260681152, ""lr"": 0.00010000000474974513, ""val_mae12"": 4.6773176193237305, ""val_me"": 9.842879456043589, ""val_me12"": 3.1322987313934845, ""mape_2021"": 62.01182556152344, ""mae_2021"": 11.41112232208252, ""mae12_2021"": 7.131094455718994, ""me_2021"": 10.640040929047387, ""me12_2021"": 6.208526606066971, ""epochs_trained"": 58}",2026-07-03T06:02:55.415423,completed
2,MAPE,48,2,leaky_relu,2,64,0.05,52.62792205810547,11.060282707214355,5.100803852081299,9.29124966919572,3.9049177398658483,52.62792205810547,11.17562198638916,7.693047523498535,10.168240349732526,7.093876973604223,61.917396545410156,"{""loss"": 44.79949951171875, ""mape"": 44.79949951171875, ""mae"": 9.378484725952148, ""val_loss"": 52.62792205810547, ""val_mape"": 52.62792205810547, ""val_mae"": 11.060282707214355, ""lr"": 0.00010000000474974513, ""val_mae12"": 5.100803852081299, ""val_me"": 9.29124966919572, ""val_me12"": 3.9049177398658483, ""mape_2021"": 61.917396545410156, ""mae_2021"": 11.17562198638916, ""mae12_2021"": 7.693047523498535, ""me_2021"": 10.168240349732526, ""me12_2021"": 7.093876973604223, ""epochs_trained"": 57}",2026-07-03T06:02:55.508940,completed
2,MAPE,48,2,leaky_relu,2,32,0.1,54.936248779296875,11.655194282531738,6.05986213684082,9.380716522064043,5.042380340556398,54.936248779296875,11.257828712463379,9.088263511657715,10.172965018254983,8.571032199852503,63.80543518066406,"{""loss"": 47.64338684082031, ""mape"": 47.64338684082031, ""mae"": 10.173163414001465, ""val_loss"": 54.936248779296875, ""val_mape"": 54.936248779296875, ""val_mae"": 11.655194282531738, ""lr"": 0.00010000000474974513, ""val_mae12"": 6.05986213684082, ""val_me"": 9.380716522064043, ""val_me12"": 5.042380340556398, ""mape_2021"": 63.80543518066406, ""mae_2021"": 11.257828712463379, ""mae12_2021"": 9.088263511657715, ""me_2021"": 10.172965018254983, ""me12_2021"": 8.571032199852503, ""epochs_trained"": 65}",2026-07-03T06:02:55.607582,completed
2,MAPE,48,2,leaky_relu,2,32,0.0,53.96512985229492,11.456616401672363,7.079562664031982,9.213696634036033,6.089441341965234,53.96512985229492,11.129693031311035,10.264789581298828,9.954681626860912,9.794054299850766,63.959632873535156,"{""loss"": 45.00703430175781, ""mape"": 45.00703430175781, ""mae"": 9.517110824584961, ""val_loss"": 53.96512985229492, ""val_mape"": 53.96512985229492, ""val_mae"": 11.456616401672363, ""lr"": 0.00010000000474974513, ""val_mae12"": 7.079562664031982, ""val_me"": 9.213696634036033, ""val_me12"": 6.089441341965234, ""mape_2021"": 63.959632873535156, ""mae_2021"": 11.129693031311035, ""mae12_2021"": 10.264789581298828, ""me_2021"": 9.954681626860912, ""me12_2021"": 9.794054299850766, ""epochs_trained"": 77}",2026-07-03T06:02:55.989047,completed
2,MAPE,48,2,leaky_relu,2,32,0.05,53.89447784423828,11.412447929382324,5.441338062286377,9.176134558815779,4.447649048966595,53.89447784423828,11.141968727111816,8.306903839111328,10.031029983915722,7.836474337217492,62.660274505615234,"{""loss"": 46.10329818725586, ""mape"": 46.10329818725586, ""mae"": 9.809493064880371, ""val_loss"": 53.89447784423828, ""val_mape"": 53.89447784423828, ""val_mae"": 11.412447929382324, ""lr"": 0.00010000000474974513, ""val_mae12"": 5.441338062286377, ""val_me"": 9.176134558815779, ""val_me12"": 4.447649048966595, ""mape_2021"": 62.660274505615234, ""mae_2021"": 11.141968727111816, ""mae12_2021"": 8.306903839111328, ""me_2021"": 10.031029983915722, ""me12_2021"": 7.836474337217492, ""epochs_trained"": 85}",2026-07-03T06:02:56.351541,completed
2,MAPE,48,2,leaky_relu,2,32,0.3,50.00602722167969,10.741769790649414,6.6649699211120605,8.706708837676317,5.3202390452259225,50.00602722167969,10.713377952575684,9.672669410705566,9.49775419884256,8.974297504991904,60.92635726928711,"{""loss"": 51.23685073852539, ""mape"": 51.23685073852539, ""mae"": 11.425889015197754, ""val_loss"": 50.00602722167969, ""val_mape"": 50.00602722167969, ""val_mae"": 10.741769790649414, ""lr"": 0.00010000000474974513, ""val_mae12"": 6.6649699211120605, ""val_me"": 8.706708837676317, ""val_me12"": 5.3202390452259225, ""mape_2021"": 60.92635726928711, ""mae_2021"": 10.713377952575684, ""mae12_2021"": 9.672669410705566, ""me_2021"": 9.49775419884256, ""me12_2021"": 8.974297504991904, ""epochs_trained"": 100}",2026-07-03T06:02:56.918530,completed
2,MAPE,48,2,leaky_relu,2,64,0.1,51.94279861450195,11.212562561035156,5.619932651519775,9.285872698350907,4.010874718740142,51.94279861450195,11.06694221496582,8.203340530395508,10.110624638801822,7.2545231340478455,61.14204788208008,"{""loss"": 44.635108947753906, ""mape"": 44.635108947753906, ""mae"": 9.594306945800781, ""val_loss"": 51.94279861450195, ""val_mape"": 51.94279861450195, ""val_mae"": 11.212562561035156, ""lr"": 0.00010000000474974513, ""val_mae12"": 5.619932651519775, ""val_me"": 9.285872698350907, ""val_me12"": 4.010874718740142, ""mape_2021"": 61.14204788208008, ""mae_2021"": 11.06694221496582, ""mae12_2021"": 8.203340530395508, ""me_2021"": 10.110624638801822, ""me12_2021"": 7.2545231340478455, ""epochs_trained"": 60}",2026-07-03T06:03:06.106806,completed
2,MAPE,48,2,leaky_relu,2,64,0.3,52.665672302246094,11.358790397644043,5.657380104064941,9.022465737436374,4.374178433553444,52.665672302246094,11.002652168273926,8.363605499267578,9.888095030164433,7.677116850165918,61.413761138916016,"{""loss"": 48.184959411621094, ""mape"": 48.184959411621094, ""mae"": 10.487513542175293, ""val_loss"": 52.665672302246094, ""val_mape"": 52.665672302246094, ""val_mae"": 11.358790397644043, ""lr"": 0.00010000000474974513, ""val_mae12"": 5.657380104064941, ""val_me"": 9.022465737436374, ""val_me12"": 4.374178433553444, ""mape_2021"": 61.413761138916016, ""mae_2021"": 11.002652168273926, ""mae12_2021"": 8.363605499267578, ""me_2021"": 9.888095030164433, ""me12_2021"": 7.677116850165918, ""epochs_trained"": 61}",2026-07-03T06:03:06.319809,completed
2,MAPE,48,2,leaky_relu,2,128,0.3,50.819183349609375,10.616588592529297,6.147022247314453,9.26508170696211,5.439794957200098,50.819183349609375,11.114402770996094,9.131668090820312,10.042257412475985,8.844155115367696,62.970191955566406,"{""loss"": 45.539031982421875, ""mape"": 45.539031982421875, ""mae"": 9.618191719055176, ""val_loss"": 50.819183349609375, ""val_mape"": 50.819183349609375, ""val_mae"": 10.616588592529297, ""lr"": 0.00010000000474974513, ""val_mae12"": 6.147022247314453, ""val_me"": 9.26508170696211, ""val_me12"": 5.439794957200098, ""mape_2021"": 62.970191955566406, ""mae_2021"": 11.114402770996094, ""mae12_2021"": 9.131668090820312, ""me_2021"": 10.042257412475985, ""me12_2021"": 8.844155115367696, ""epochs_trained"": 45}",2026-07-03T06:03:08.038718,completed
2,MAPE,48,2,leaky_relu,2,128,0.1,4.2062482833862305,0.7124494910240173,1.494045615196228,0.11046104076802696,0.7581211074526614,4.2062482833862305,0.6576298475265503,1.1426466703414917,0.14473399356993485,0.4753938628593026,3.9408671855926514,"{""loss"": 5.293328285217285, ""mape"": 5.293328285217285, ""mae"": 1.1670794486999512, ""val_loss"": 4.2062482833862305, ""val_mape"": 4.2062482833862305, ""val_mae"": 0.7124494910240173, ""lr"": 1.0000000656873453e-05, ""val_mae12"": 1.494045615196228, ""val_me"": 0.11046104076802696, ""val_me12"": 0.7581211074526614, ""mape_2021"": 3.9408671855926514, ""mae_2021"": 0.6576298475265503, ""mae12_2021"": 1.1426466703414917, ""me_2021"": 0.14473399356993485, ""me12_2021"": 0.4753938628593026, ""epochs_trained"": 598}",2026-07-03T06:03:44.251612,completed
2,MAPE,48,2,leaky_relu,2,128,0.0,3.5524752140045166,0.6835319995880127,0.9003286957740784,0.002187013474468669,0.46557828433331233,3.5524752140045166,0.6204949617385864,0.9130997657775879,0.021465838538462186,-0.019503356493121564,3.715346097946167,"{""loss"": 2.6793620586395264, ""mape"": 2.6793620586395264, ""mae"": 0.5482478141784668, ""val_loss"": 3.5524752140045166, ""val_mape"": 3.5524752140045166, ""val_mae"": 0.6835319995880127, ""lr"": 1.0000000656873453e-05, ""val_mae12"": 0.9003286957740784, ""val_me"": 0.002187013474468669, ""val_me12"": 0.46557828433331233, ""mape_2021"": 3.715346097946167, ""mae_2021"": 0.6204949617385864, ""mae12_2021"": 0.9130997657775879, ""me_2021"": 0.021465838538462186, ""me12_2021"": -0.019503356493121564, ""epochs_trained"": 2367}",2026-07-03T06:05:13.366066,completed
2,MAPE,48,2,leaky_relu,2,128,0.05,4.205816268920898,0.6965579986572266,1.463728904724121,0.08531163576543294,0.5972463369630059,4.205816268920898,0.6761452555656433,1.0304996967315674,0.15117208519553757,0.2164717531684973,3.9693031311035156,"{""loss"": 4.324403762817383, ""mape"": 4.324403762817383, ""mae"": 0.9257344603538513, ""val_loss"": 4.205816268920898, ""val_mape"": 4.205816268920898, ""val_mae"": 0.6965579986572266, ""lr"": 1.0000000656873453e-05, ""val_mae12"": 1.463728904724121, ""val_me"": 0.08531163576543294, ""val_me12"": 0.5972463369630059, ""mape_2021"": 3.9693031311035156, ""mae_2021"": 0.6761452555656433, ""mae12_2021"": 1.0304996967315674, ""me_2021"": 0.15117208519553757, ""me12_2021"": 0.2164717531684973, ""epochs_trained"": 2997}",2026-07-03T06:05:44.532416,completed
2,MAPE,48,2,leaky_relu,3,16,0.0,52.77863311767578,11.349638938903809,6.716197967529297,9.077222097540885,5.965573377384341,52.77863311767578,10.958447456359863,9.778507232666016,9.815249258143243,9.461705363716852,62.45089340209961,"{""loss"": 43.993221282958984, ""mape"": 43.993221282958984, ""mae"": 9.404964447021484, ""val_loss"": 52.77863311767578, ""val_mape"": 52.77863311767578, ""val_mae"": 11.349638938903809, ""lr"": 0.00010000000474974513, ""val_mae12"": 6.716197967529297, ""val_me"": 9.077222097540885, ""val_me12"": 5.965573377384341, ""mape_2021"": 62.45089340209961, ""mae_2021"": 10.958447456359863, ""mae12_2021"": 9.778507232666016, ""me_2021"": 9.815249258143243, ""me12_2021"": 9.461705363716852, ""epochs_trained"": 91}",2026-07-03T06:06:18.325802,completed
2,MAPE,48,2,leaky_relu,3,16,0.05,52.95123291015625,11.298139572143555,5.6204352378845215,8.918754598540183,4.739613984731982,52.95123291015625,10.965094566345215,8.387635231018066,9.77437462248198,7.990164688597735,61.638790130615234,"{""loss"": 47.203311920166016, ""mape"": 47.203311920166016, ""mae"": 10.168108940124512, ""val_loss"": 52.95123291015625, ""val_mape"": 52.95123291015625, ""val_mae"": 11.298139572143555, ""lr"": 0.00010000000474974513, ""val_mae12"": 5.6204352378845215, ""val_me"": 8.918754598540183, ""val_me12"": 4.739613984731982, ""mape_2021"": 61.638790130615234, ""mae_2021"": 10.965094566345215, ""mae12_2021"": 8.387635231018066, ""me_2021"": 9.77437462248198, ""me12_2021"": 7.990164688597735, ""epochs_trained"": 99}",2026-07-03T06:06:19.859296,completed
2,MAPE,48,2,leaky_relu,3,16,0.1,53.49951171875,11.533919334411621,6.484379768371582,9.198496523983149,5.679216378312229,53.49951171875,11.067423820495605,9.546939849853516,9.957867603561887,9.206251211998145,63.063377380371094,"{""loss"": 50.54196548461914, ""mape"": 50.54196548461914, ""mae"": 11.04284954071045, ""val_loss"": 53.49951171875, ""val_mape"": 53.49951171875, ""val_mae"": 11.533919334411621, ""lr"": 0.00010000000474974513, ""val_mae12"": 6.484379768371582, ""val_me"": 9.198496523983149, ""val_me12"": 5.679216378312229, ""mape_2021"": 63.063377380371094, ""mae_2021"": 11.067423820495605, ""mae12_2021"": 9.546939849853516, ""me_2021"": 9.957867603561887, ""me12_2021"": 9.206251211998145, ""epochs_trained"": 104}",2026-07-03T06:06:55.297434,completed
2,MAPE,48,2,leaky_relu,3,32,0.0,51.029884338378906,10.963866233825684,5.783838272094727,8.885163375733214,4.408285984429809,51.029884338378906,10.807374954223633,8.402935028076172,9.715267338366425,7.667425140444387,60.4747314453125,"{""loss"": 42.329132080078125, ""mape"": 42.329132080078125, ""mae"": 9.037714004516602, ""val_loss"": 51.029884338378906, ""val_mape"": 51.029884338378906, ""val_mae"": 10.963866233825684, ""lr"": 0.00010000000474974513, ""val_mae12"": 5.783838272094727, ""val_me"": 8.885163375733214, ""val_me12"": 4.408285984429809, ""mape_2021"": 60.4747314453125, ""mae_2021"": 10.807374954223633, ""mae12_2021"": 8.402935028076172, ""me_2021"": 9.715267338366425, ""me12_2021"": 7.667425140444387, ""epochs_trained"": 74}",2026-07-03T06:07:26.590689,completed
2,MAPE,48,2,leaky_relu,2,256,0.0,3.7910938262939453,0.73964923620224,0.9782861471176147,-0.029111747296185056,0.5019335168165019,3.7910938262939453,0.6584678292274475,0.9819949269294739,0.025000402382464114,0.2639752794737942,3.9634761810302734,"{""loss"": 2.918604850769043, ""mape"": 2.918604850769043, ""mae"": 0.5966813564300537, ""val_loss"": 3.7910938262939453, ""val_mape"": 3.7910938262939453, ""val_mae"": 0.73964923620224, ""lr"": 1.0000000656873453e-05, ""val_mae12"": 0.9782861471176147, ""val_me"": -0.029111747296185056, ""val_me12"": 0.5019335168165019, ""mape_2021"": 3.9634761810302734, ""mae_2021"": 0.6584678292274475, ""mae12_2021"": 0.9819949269294739, ""me_2021"": 0.025000402382464114, ""me12_2021"": 0.2639752794737942, ""epochs_trained"": 504}",2026-07-03T06:07:32.686498,completed
2,MAPE,48,2,leaky_relu,2,256,0.05,3.880561351776123,0.6705549359321594,1.3097895383834839,0.07006842431647199,0.7106307289135302,3.880561351776123,0.629197359085083,1.0679144859313965,0.10194253992434159,0.33393796645359247,3.837527275085449,"{""loss"": 3.842028856277466, ""mape"": 3.842028856277466, ""mae"": 0.8127458095550537, ""val_loss"": 3.880561351776123, ""val_mape"": 3.880561351776123, ""val_mae"": 0.6705549359321594, ""lr"": 1.0000000656873453e-05, ""val_mae12"": 1.3097895383834839, ""val_me"": 0.07006842431647199, ""val_me12"": 0.7106307289135302, ""mape_2021"": 3.837527275085449, ""mae_2021"": 0.629197359085083, ""mae12_2021"": 1.0679144859313965, ""me_2021"": 0.10194253992434159, ""me12_2021"": 0.33393796645359247, ""epochs_trained"": 525}",2026-07-03T06:07:38.320202,completed
2,MAPE,48,2,leaky_relu,3,32,0.05,53.45262908935547,11.456297874450684,8.588859558105469,8.876413068107386,7.9863920604324745,53.45262908935547,10.93734359741211,12.208664894104004,9.544984748862767,11.944580248366412,64.81448364257812,"{""loss"": 46.0357666015625, ""mape"": 46.0357666015625, ""mae"": 9.896173477172852, ""val_loss"": 53.45262908935547, ""val_mape"": 53.45262908935547, ""val_mae"": 11.456297874450684, ""lr"": 0.00010000000474974513, ""val_mae12"": 8.588859558105469, ""val_me"": 8.876413068107386, ""val_me12"": 7.9863920604324745, ""mape_2021"": 64.81448364257812, ""mae_2021"": 10.93734359741211, ""mae12_2021"": 12.208664894104004, ""me_2021"": 9.544984748862767, ""me12_2021"": 11.944580248366412, ""epochs_trained"": 67}",2026-07-03T06:07:44.218019,completed
2,MAPE,48,2,leaky_relu,2,256,0.1,3.9329166412353516,0.6770831942558289,1.3668012619018555,0.07272484213812429,0.6371574085133882,3.9329166412353516,0.6381535530090332,1.126583218574524,0.11199030945701297,0.3056508744367896,3.8376169204711914,"{""loss"": 4.283268928527832, ""mape"": 4.283268928527832, ""mae"": 0.9246547222137451, ""val_loss"": 3.9329166412353516, ""val_mape"": 3.9329166412353516, ""val_mae"": 0.6770831942558289, ""lr"": 1.0000000656873453e-05, ""val_mae12"": 1.3668012619018555, ""val_me"": 0.07272484213812429, ""val_me12"": 0.6371574085133882, ""mape_2021"": 3.8376169204711914, ""mae_2021"": 0.6381535530090332, ""mae12_2021"": 1.126583218574524, ""me_2021"": 0.11199030945701297, ""me12_2021"": 0.3056508744367896, ""epochs_trained"": 608}",2026-07-03T06:07:44.522737,completed
2,MAPE,48,2,leaky_relu,2,256,0.3,4.374649524688721,0.7427156567573547,1.5005661249160767,0.12474828690879325,0.665738930662795,4.374649524688721,0.6859059929847717,1.0493444204330444,0.1883255859810774,0.34238342055960325,4.0059814453125,"{""loss"": 6.110946178436279, ""mape"": 6.110946178436279, ""mae"": 1.373612880706787, ""val_loss"": 4.374649524688721, ""val_mape"": 4.374649524688721, ""val_mae"": 0.7427156567573547, ""lr"": 1.0000000656873453e-05, ""val_mae12"": 1.5005661249160767, ""val_me"": 0.12474828690879325, ""val_me12"": 0.665738930662795, ""mape_2021"": 4.0059814453125, ""mae_2021"": 0.6859059929847717, ""mae12_2021"": 1.0493444204330444, ""me_2021"": 0.1883255859810774, ""me12_2021"": 0.34238342055960325, ""epochs_trained"": 606}",2026-07-03T06:07:44.547741,completed
2,MAPE,48,2,leaky_relu,3,32,0.1,52.43654251098633,11.151793479919434,7.341587066650391,8.63608756849325,6.720012414890653,52.43654251098633,10.822425842285156,10.622543334960938,9.438552933372753,10.354951543094444,63.05127716064453,"{""loss"": 47.411190032958984, ""mape"": 47.411190032958984, ""mae"": 10.18411922454834, ""val_loss"": 52.43654251098633, ""val_mape"": 52.43654251098633, ""val_mae"": 11.151793479919434, ""lr"": 0.00010000000474974513, ""val_mae12"": 7.341587066650391, ""val_me"": 8.63608756849325, ""val_me12"": 6.720012414890653, ""mape_2021"": 63.05127716064453, ""mae_2021"": 10.822425842285156, ""mae12_2021"": 10.622543334960938, ""me_2021"": 9.438552933372753, ""me12_2021"": 10.354951543094444, ""epochs_trained"": 67}",2026-07-03T06:07:45.785239,completed
2,MAPE,48,2,leaky_relu,3,16,0.3,9.437559127807617,1.9372886419296265,1.7109566926956177,1.7509264882996867,0.02129266679300959,9.437559127807617,1.8941298723220825,1.2854079008102417,1.7804788981820876,0.5035002256251645,10.7304105758667,"{""loss"": 22.877151489257812, ""mape"": 22.877151489257812, ""mae"": 5.486392021179199, ""val_loss"": 9.437559127807617, ""val_mape"": 9.437559127807617, ""val_mae"": 1.9372886419296265, ""lr"": 0.00010000000474974513, ""val_mae12"": 1.7109566926956177, ""val_me"": 1.7509264882996867, ""val_me12"": 0.02129266679300959, ""mape_2021"": 10.7304105758667, ""mae_2021"": 1.8941298723220825, ""mae12_2021"": 1.2854079008102417, ""me_2021"": 1.7804788981820876, ""me12_2021"": 0.5035002256251645, ""epochs_trained"": 514}",2026-07-03T06:07:47.049533,completed
2,MAPE,48,2,leaky_relu,3,32,0.3,7.638136863708496,1.3938026428222656,2.0008513927459717,0.9883960324227973,0.4998709735105222,7.638136863708496,1.3973805904388428,1.3562297821044922,1.0702420596581208,0.7371488105738101,7.965428352355957,"{""loss"": 16.78390884399414, ""mape"": 16.78390884399414, ""mae"": 3.9630820751190186, ""val_loss"": 7.638136863708496, ""val_mape"": 7.638136863708496, ""val_mae"": 1.3938026428222656, ""lr"": 1.0000000656873453e-05, ""val_mae12"": 2.0008513927459717, ""val_me"": 0.9883960324227973, ""val_me12"": 0.4998709735105222, ""mape_2021"": 7.965428352355957, ""mae_2021"": 1.3973805904388428, ""mae12_2021"": 1.3562297821044922, ""me_2021"": 1.0702420596581208, ""me12_2021"": 0.7371488105738101, ""epochs_trained"": 2298}",2026-07-03T06:09:01.969678,completed
2,MAPE,48,2,leaky_relu,3,64,0.1,50.87932586669922,10.651686668395996,6.373068332672119,9.609843093489541,5.306823107387576,50.87932586669922,11.307398796081543,9.282676696777344,10.32231707913173,8.765948418371716,63.37916564941406,"{""loss"": 45.06443405151367, ""mape"": 45.06443405151367, ""mae"": 9.535062789916992, ""val_loss"": 50.87932586669922, ""val_mape"": 50.87932586669922, ""val_mae"": 10.651686668395996, ""lr"": 0.00010000000474974513, ""val_mae12"": 6.373068332672119, ""val_me"": 9.609843093489541, ""val_me12"": 5.306823107387576, ""mape_2021"": 63.37916564941406, ""mae_2021"": 11.307398796081543, ""mae12_2021"": 9.282676696777344, ""me_2021"": 10.32231707913173, ""me12_2021"": 8.765948418371716, ""epochs_trained"": 54}",2026-07-03T06:09:22.087135,completed
2,MAPE,48,2,leaky_relu,3,128,0.0,3.802387237548828,0.7130686044692993,1.0988478660583496,0.028324714228225117,0.6642288817681529,3.802387237548828,0.6618183255195618,1.016498327255249,0.017330918639759867,0.4109986795413874,4.1484904289245605,"{""loss"": 2.873384475708008, ""mape"": 2.873384475708008, ""mae"": 0.5829218626022339, ""val_loss"": 3.802387237548828, ""val_mape"": 3.802387237548828, ""val_mae"": 0.7130686044692993, ""lr"": 1.0000000656873453e-05, ""val_mae12"": 1.0988478660583496, ""val_me"": 0.028324714228225117, ""val_me12"": 0.6642288817681529, ""mape_2021"": 4.1484904289245605, ""mae_2021"": 0.6618183255195618, ""mae12_2021"": 1.016498327255249, ""me_2021"": 0.017330918639759867, ""me12_2021"": 0.4109986795413874, ""epochs_trained"": 454}",2026-07-03T06:10:13.150952,completed
2,MAPE,48,2,leaky_relu,3,128,0.05,3.67494535446167,0.6608979105949402,1.1283105611801147,0.12286041702998572,0.48599243597676417,3.67494535446167,0.6242761015892029,0.9292888045310974,0.17217036835680638,0.14998858446095767,3.7234740257263184,"{""loss"": 4.383641719818115, ""mape"": 4.383641719818115, ""mae"": 0.9624142646789551, ""val_loss"": 3.67494535446167, ""val_mape"": 3.67494535446167, ""val_mae"": 0.6608979105949402, ""lr"": 1.0000000656873453e-05, ""val_mae12"": 1.1283105611801147, ""val_me"": 0.12286041702998572, ""val_me12"": 0.48599243597676417, ""mape_2021"": 3.7234740257263184, ""mae_2021"": 0.6242761015892029, ""mae12_2021"": 0.9292888045310974, ""me_2021"": 0.17217036835680638, ""me12_2021"": 0.14998858446095767, ""epochs_trained"": 497}",2026-07-03T06:10:17.144568,completed
2,MAPE,48,2,leaky_relu,3,64,0.3,4.663710117340088,0.8925107717514038,1.185746669769287,0.3827720065602771,0.7902269908698564,4.663710117340088,0.8407357931137085,1.0009099245071411,0.4646096395862462,0.4558944212160225,4.70238733291626,"{""loss"": 10.874201774597168, ""mape"": 10.874201774597168, ""mae"": 2.552011013031006, ""val_loss"": 4.663710117340088, ""val_mape"": 4.663710117340088, ""val_mae"": 0.8925107717514038, ""lr"": 0.00010000000474974513, ""val_mae12"": 1.185746669769287, ""val_me"": 0.3827720065602771, ""val_me12"": 0.7902269908698564, ""mape_2021"": 4.70238733291626, ""mae_2021"": 0.8407357931137085, ""mae12_2021"": 1.0009099245071411, ""me_2021"": 0.4646096395862462, ""me12_2021"": 0.4558944212160225, ""epochs_trained"": 537}",2026-07-03T06:10:21.422089,completed
2,MAPE,48,2,leaky_relu,3,128,0.1,3.689427614212036,0.681945264339447,1.1404328346252441,0.16244275652447313,0.5385593058303273,3.689427614212036,0.63944011926651,1.0288537740707397,0.17422195962545342,0.1871665107870593,3.7915549278259277,"{""loss"": 5.320734977722168, ""mape"": 5.320734977722168, ""mae"": 1.19376540184021, ""val_loss"": 3.689427614212036, ""val_mape"": 3.689427614212036, ""val_mae"": 0.681945264339447, ""lr"": 0.00010000000474974513, ""val_mae12"": 1.1404328346252441, ""val_me"": 0.16244275652447313, ""val_me12"": 0.5385593058303273, ""mape_2021"": 3.7915549278259277, ""mae_2021"": 0.63944011926651, ""mae12_2021"": 1.0288537740707397, ""me_2021"": 0.17422195962545342, ""me12_2021"": 0.1871665107870593, ""epochs_trained"": 437}",2026-07-03T06:10:28.059581,completed
2,MAPE,48,2,leaky_relu,3,64,0.05,3.8510401248931885,0.6936041116714478,1.1575616598129272,0.1799153147282353,0.5226803131167658,3.8510401248931885,0.6364042162895203,0.9315658807754517,0.1884849813379005,0.3936952266798576,3.773474931716919,"{""loss"": 5.0541229248046875, ""mape"": 5.0541229248046875, ""mae"": 1.1321492195129395, ""val_loss"": 3.8510401248931885, ""val_mape"": 3.8510401248931885, ""val_mae"": 0.6936041116714478, ""lr"": 1.0000000656873453e-05, ""val_mae12"": 1.1575616598129272, ""val_me"": 0.1799153147282353, ""val_me12"": 0.5226803131167658, ""mape_2021"": 3.773474931716919, ""mae_2021"": 0.6364042162895203, ""mae12_2021"": 0.9315658807754517, ""me_2021"": 0.1884849813379005, ""me12_2021"": 0.3936952266798576, ""epochs_trained"": 621}",2026-07-03T06:10:30.602713,completed
2,MAPE,48,2,leaky_relu,3,128,0.3,4.655495643615723,0.8527315855026245,1.4224295616149902,0.40519515762437186,0.5673240174678461,4.655495643615723,0.8111690282821655,1.0757654905319214,0.45157399673458104,0.38864296010639315,4.541101455688477,"{""loss"": 8.870059967041016, ""mape"": 8.870059967041016, ""mae"": 2.0430469512939453, ""val_loss"": 4.655495643615723, ""val_mape"": 4.655495643615723, ""val_mae"": 0.8527315855026245, ""lr"": 1.0000000656873453e-05, ""val_mae12"": 1.4224295616149902, ""val_me"": 0.40519515762437186, ""val_me12"": 0.5673240174678461, ""mape_2021"": 4.541101455688477, ""mae_2021"": 0.8111690282821655, ""mae12_2021"": 1.0757654905319214, ""me_2021"": 0.45157399673458104, ""me12_2021"": 0.38864296010639315, ""epochs_trained"": 408}",2026-07-03T06:11:56.562712,completed
2,MAPE,48,2,leaky_relu,3,256,0.0,3.9265689849853516,0.7242750525474548,1.213385820388794,-0.0005855927350280765,0.627270083104313,3.9265689849853516,0.6794857382774353,1.1093838214874268,0.023453208025862652,0.4762734359431647,4.280452728271484,"{""loss"": 2.7287003993988037, ""mape"": 2.7287003993988037, ""mae"": 0.5584620237350464, ""val_loss"": 3.9265689849853516, ""val_mape"": 3.9265689849853516, ""val_mae"": 0.7242750525474548, ""lr"": 1.0000000656873453e-05, ""val_mae12"": 1.213385820388794, ""val_me"": -0.0005855927350280765, ""val_me12"": 0.627270083104313, ""mape_2021"": 4.280452728271484, ""mae_2021"": 0.6794857382774353, ""mae12_2021"": 1.1093838214874268, ""me_2021"": 0.023453208025862652, ""me12_2021"": 0.4762734359431647, ""epochs_trained"": 344}",2026-07-03T06:11:58.308452,completed
2,MAPE,48,2,leaky_relu,3,256,0.05,3.890591621398926,0.6801988482475281,1.3389253616333008,0.09575898694164918,0.5181390267748345,3.890591621398926,0.6251472234725952,1.1264997720718384,0.12414771651147546,0.3087105845885469,3.8425800800323486,"{""loss"": 4.105670928955078, ""mape"": 4.105670928955078, ""mae"": 0.8800485134124756, ""val_loss"": 3.890591621398926, ""val_mape"": 3.890591621398926, ""val_mae"": 0.6801988482475281, ""lr"": 1.0000000656873453e-05, ""val_mae12"": 1.3389253616333008, ""val_me"": 0.09575898694164918, ""val_me12"": 0.5181390267748345, ""mape_2021"": 3.8425800800323486, ""mae_2021"": 0.6251472234725952, ""mae12_2021"": 1.1264997720718384, ""me_2021"": 0.12414771651147546, ""me12_2021"": 0.3087105845885469, ""epochs_trained"": 351}",2026-07-03T06:12:14.017181,completed
2,MAPE,48,2,leaky_relu,3,256,0.3,4.113693714141846,0.7920165657997131,1.2870205640792847,0.23642793927498357,-0.09996819499005082,4.113693714141846,0.6781054735183716,1.100150227546692,0.2911282397578327,-0.38606678529008726,4.024378776550293,"{""loss"": 6.609476089477539, ""mape"": 6.609476089477539, ""mae"": 1.4969513416290283, ""val_loss"": 4.113693714141846, ""val_mape"": 4.113693714141846, ""val_mae"": 0.7920165657997131, ""lr"": 0.00010000000474974513, ""val_mae12"": 1.2870205640792847, ""val_me"": 0.23642793927498357, ""val_me12"": -0.09996819499005082, ""mape_2021"": 4.024378776550293, ""mae_2021"": 0.6781054735183716, ""mae12_2021"": 1.100150227546692, ""me_2021"": 0.2911282397578327, ""me12_2021"": -0.38606678529008726, ""epochs_trained"": 322}",2026-07-03T06:12:15.058908,completed
2,MAPE,48,2,leaky_relu,3,256,0.1,3.663930654525757,0.6593043208122253,1.2393194437026978,0.18203324583009753,0.32602266040369715,3.663930654525757,0.6349311470985413,1.020378828048706,0.2183347097072951,0.027648102404954723,3.8178834915161133,"{""loss"": 4.5415449142456055, ""mape"": 4.5415449142456055, ""mae"": 0.9899770617485046, ""val_loss"": 3.663930654525757, ""val_mape"": 3.663930654525757, ""val_mae"": 0.6593043208122253, ""lr"": 1.0000000656873453e-05, ""val_mae12"": 1.2393194437026978, ""val_me"": 0.18203324583009753, ""val_me12"": 0.32602266040369715, ""mape_2021"": 3.8178834915161133, ""mae_2021"": 0.6349311470985413, ""mae12_2021"": 1.020378828048706, ""me_2021"": 0.2183347097072951, ""me12_2021"": 0.027648102404954723, ""epochs_trained"": 346}",2026-07-03T06:12:15.604743,completed
2,MAPE,48,2,leaky_relu,3,64,0.0,3.8205103874206543,0.7293749451637268,1.0190784931182861,0.049722963096099526,0.5008683373495735,3.8205103874206543,0.6731165051460266,1.0006530284881592,0.004607782623256496,-0.1516138733615153,4.078699588775635,"{""loss"": 2.8008923530578613, ""mape"": 2.8008923530578613, ""mae"": 0.5745629072189331, ""val_loss"": 3.8205103874206543, ""val_mape"": 3.8205103874206543, ""val_mae"": 0.7293749451637268, ""lr"": 9.999999747378752e-06, ""val_mae12"": 1.0190784931182861, ""val_me"": 0.049722963096099526, ""val_me12"": 0.5008683373495735, ""mape_2021"": 4.078699588775635, ""mae_2021"": 0.6731165051460266, ""mae12_2021"": 1.0006530284881592, ""me_2021"": 0.004607782623256496, ""me12_2021"": -0.1516138733615153, ""epochs_trained"": 2962}",2026-07-03T06:13:15.201154,completed
2,MAPE,48,2,selu,1,16,0.3,95.43122863769531,23.6402530670166,4.000633239746094,23.613802360452386,2.8475211348346803,95.43122863769531,22.725122451782227,6.15761137008667,22.13633074348437,5.5468404935836295,99.5289306640625,"{""loss"": 92.70709228515625, ""mape"": 92.70709228515625, ""mae"": 23.685110092163086, ""val_loss"": 95.43122863769531, ""val_mape"": 95.43122863769531, ""val_mae"": 23.6402530670166, ""lr"": 0.00010000000474974513, ""val_mae12"": 4.000633239746094, ""val_me"": 23.613802360452386, ""val_me12"": 2.8475211348346803, ""mape_2021"": 99.5289306640625, ""mae_2021"": 22.725122451782227, ""mae12_2021"": 6.15761137008667, ""me_2021"": 22.13633074348437, ""me12_2021"": 5.5468404935836295, ""epochs_trained"": 32}",2026-07-03T06:13:26.699506,completed
2,MAPE,48,2,selu,1,32,0.0,56.620521545410156,11.95560073852539,6.222971439361572,10.18445720287351,4.494299520861233,56.620521545410156,12.098262786865234,9.393058776855469,11.001392152348597,8.196521370205122,68.08997344970703,"{""loss"": 48.10002517700195, ""mape"": 48.10002517700195, ""mae"": 10.091793060302734, ""val_loss"": 56.620521545410156, ""val_mape"": 56.620521545410156, ""val_mae"": 11.95560073852539, ""lr"": 0.00010000000474974513, ""val_mae12"": 6.222971439361572, ""val_me"": 10.18445720287351, ""val_me12"": 4.494299520861233, ""mape_2021"": 68.08997344970703, ""mae_2021"": 12.098262786865234, ""mae12_2021"": 9.393058776855469, ""me_2021"": 11.001392152348597, ""me12_2021"": 8.196521370205122, ""epochs_trained"": 124}",2026-07-03T06:13:30.215504,completed
2,MAPE,48,2,selu,1,32,0.05,57.05226135253906,12.146869659423828,7.246963024139404,9.751514357042318,6.045867388498187,57.05226135253906,11.762176513671875,10.675724983215332,10.513396472920272,9.908218896205288,67.5821533203125,"{""loss"": 48.44440460205078, ""mape"": 48.44440460205078, ""mae"": 10.199943542480469, ""val_loss"": 57.05226135253906, ""val_mape"": 57.05226135253906, ""val_mae"": 12.146869659423828, ""lr"": 0.00010000000474974513, ""val_mae12"": 7.246963024139404, ""val_me"": 9.751514357042318, ""val_me12"": 6.045867388498187, ""mape_2021"": 67.5821533203125, ""mae_2021"": 11.762176513671875, ""mae12_2021"": 10.675724983215332, ""me_2021"": 10.513396472920272, ""me12_2021"": 9.908218896205288, ""epochs_trained"": 132}",2026-07-03T06:13:30.677086,completed
2,MAPE,48,2,selu,1,16,0.05,52.59510803222656,11.114862442016602,6.955184459686279,9.274966484169992,5.871563123591573,52.59510803222656,11.284505844116211,10.076397895812988,10.040406148558656,9.324315697212521,64.13452911376953,"{""loss"": 47.50963592529297, ""mape"": 47.50963592529297, ""mae"": 10.19737720489502, ""val_loss"": 52.59510803222656, ""val_mape"": 52.59510803222656, ""val_mae"": 11.114862442016602, ""lr"": 0.00010000000474974513, ""val_mae12"": 6.955184459686279, ""val_me"": 9.274966484169992, ""val_me12"": 5.871563123591573, ""mape_2021"": 64.13452911376953, ""mae_2021"": 11.284505844116211, ""mae12_2021"": 10.076397895812988, ""me_2021"": 10.040406148558656, ""me12_2021"": 9.324315697212521, ""epochs_trained"": 189}",2026-07-03T06:13:32.631930,completed
2,MAPE,48,2,selu,1,16,0.0,51.591251373291016,10.955835342407227,5.886943340301514,9.261056235467603,4.617157896785908,51.591251373291016,11.209463119506836,8.835853576660156,10.066406994606702,7.885275611428811,62.69108200073242,"{""loss"": 44.377906799316406, ""mape"": 44.377906799316406, ""mae"": 9.40495491027832, ""val_loss"": 51.591251373291016, ""val_mape"": 51.591251373291016, ""val_mae"": 10.955835342407227, ""lr"": 0.00010000000474974513, ""val_mae12"": 5.886943340301514, ""val_me"": 9.261056235467603, ""val_me12"": 4.617157896785908, ""mape_2021"": 62.69108200073242, ""mae_2021"": 11.209463119506836, ""mae12_2021"": 8.835853576660156, ""me_2021"": 10.066406994606702, ""me12_2021"": 7.885275611428811, ""epochs_trained"": 196}",2026-07-03T06:13:32.714934,completed
2,MAPE,48,2,selu,1,16,0.1,50.42491149902344,10.626350402832031,7.967114448547363,8.327962683139162,7.140097084497018,50.42491149902344,10.49848461151123,11.003630638122559,9.036344141017212,10.20725309543428,60.46737289428711,"{""loss"": 48.72295379638672, ""mape"": 48.72295379638672, ""mae"": 10.432083129882812, ""val_loss"": 50.42491149902344, ""val_mape"": 50.42491149902344, ""val_mae"": 10.626350402832031, ""lr"": 0.00010000000474974513, ""val_mae12"": 7.967114448547363, ""val_me"": 8.327962683139162, ""val_me12"": 7.140097084497018, ""mape_2021"": 60.46737289428711, ""mae_2021"": 10.49848461151123, ""mae12_2021"": 11.003630638122559, ""me_2021"": 9.036344141017212, ""me12_2021"": 10.20725309543428, ""epochs_trained"": 212}",2026-07-03T06:13:33.634547,completed
2,MAPE,48,2,selu,1,32,0.1,49.70222473144531,10.470870971679688,7.600412368774414,8.241569710762656,6.821920070794276,49.70222473144531,10.259506225585938,10.495362281799316,8.898113171457984,9.898844602189191,59.417755126953125,"{""loss"": 47.25386428833008, ""mape"": 47.25386428833008, ""mae"": 9.960830688476562, ""val_loss"": 49.70222473144531, ""val_mape"": 49.70222473144531, ""val_mae"": 10.470870971679688, ""lr"": 0.00010000000474974513, ""val_mae12"": 7.600412368774414, ""val_me"": 8.241569710762656, ""val_me12"": 6.821920070794276, ""mape_2021"": 59.417755126953125, ""mae_2021"": 10.259506225585938, ""mae12_2021"": 10.495362281799316, ""me_2021"": 8.898113171457984, ""me12_2021"": 9.898844602189191, ""epochs_trained"": 171}",2026-07-03T06:13:37.566397,completed
2,MAPE,48,2,selu,1,64,0.0,55.66710662841797,11.769194602966309,5.452227592468262,10.262741730090658,3.45659049858368,55.66710662841797,12.16904354095459,8.671463012695312,11.133259036795508,7.242017066846903,68.1650390625,"{""loss"": 47.40077590942383, ""mape"": 47.40077590942383, ""mae"": 9.945821762084961, ""val_loss"": 55.66710662841797, ""val_mape"": 55.66710662841797, ""val_mae"": 11.769194602966309, ""lr"": 0.00010000000474974513, ""val_mae12"": 5.452227592468262, ""val_me"": 10.262741730090658, ""val_me12"": 3.45659049858368, ""mape_2021"": 68.1650390625, ""mae_2021"": 12.16904354095459, ""mae12_2021"": 8.671463012695312, ""me_2021"": 11.133259036795508, ""me12_2021"": 7.242017066846903, ""epochs_trained"": 105}",2026-07-03T06:13:38.824769,completed
2,MAPE,48,2,selu,1,32,0.3,59.942901611328125,12.396135330200195,14.209030151367188,8.5186618484548,13.904528445427015,59.942901611328125,11.499865531921387,18.968664169311523,9.038729831665513,19.039970090249682,74.25180053710938,"{""loss"": 59.42540740966797, ""mape"": 59.42540740966797, ""mae"": 13.2482328414917, ""val_loss"": 59.942901611328125, ""val_mape"": 59.942901611328125, ""val_mae"": 12.396135330200195, ""lr"": 0.00010000000474974513, ""val_mae12"": 14.209030151367188, ""val_me"": 8.5186618484548, ""val_me12"": 13.904528445427015, ""mape_2021"": 74.25180053710938, ""mae_2021"": 11.499865531921387, ""mae12_2021"": 18.968664169311523, ""me_2021"": 9.038729831665513, ""me12_2021"": 19.039970090249682, ""epochs_trained"": 135}",2026-07-03T06:13:39.554568,completed
2,MAPE,48,2,selu,1,64,0.05,59.042789459228516,12.55686092376709,6.009685039520264,10.32668317618374,4.416632796287403,59.042789459228516,12.269356727600098,9.294347763061523,11.170275352975345,8.261935338635746,69.14620208740234,"{""loss"": 49.033531188964844, ""mape"": 49.033531188964844, ""mae"": 10.277335166931152, ""val_loss"": 59.042789459228516, ""val_mape"": 59.042789459228516, ""val_mae"": 12.55686092376709, ""lr"": 0.00010000000474974513, ""val_mae12"": 6.009685039520264, ""val_me"": 10.32668317618374, ""val_me12"": 4.416632796287403, ""mape_2021"": 69.14620208740234, ""mae_2021"": 12.269356727600098, ""mae12_2021"": 9.294347763061523, ""me_2021"": 11.170275352975345, ""me12_2021"": 8.261935338635746, ""epochs_trained"": 98}",2026-07-03T06:13:40.593429,completed
2,MAPE,48,2,selu,1,64,0.1,55.810752868652344,11.962701797485352,8.063248634338379,8.885298471807957,7.090672655535375,55.810752868652344,10.98163890838623,11.404654502868652,9.577418772241558,10.782806777549622,64.24783325195312,"{""loss"": 46.899478912353516, ""mape"": 46.899478912353516, ""mae"": 9.777059555053711, ""val_loss"": 55.810752868652344, ""val_mape"": 55.810752868652344, ""val_mae"": 11.962701797485352, ""lr"": 0.00010000000474974513, ""val_mae12"": 8.063248634338379, ""val_me"": 8.885298471807957, ""val_me12"": 7.090672655535375, ""mape_2021"": 64.24783325195312, ""mae_2021"": 10.98163890838623, ""mae12_2021"": 11.404654502868652, ""me_2021"": 9.577418772241558, ""me12_2021"": 10.782806777549622, ""epochs_trained"": 136}",2026-07-03T06:13:41.735322,completed
2,MAPE,48,2,selu,1,64,0.3,53.95051956176758,10.639440536499023,13.423881530761719,8.073150015796454,13.172065142334601,53.95051956176758,11.03616714477539,17.759490966796875,8.630078079890131,17.823971217686992,70.69251251220703,"{""loss"": 63.99099349975586, ""mape"": 63.99099349975586, ""mae"": 14.751668930053711, ""val_loss"": 53.95051956176758, ""val_mape"": 53.95051956176758, ""val_mae"": 10.639440536499023, ""lr"": 1.0000000656873453e-05, ""val_mae12"": 13.423881530761719, ""val_me"": 8.073150015796454, ""val_me12"": 13.172065142334601, ""mape_2021"": 70.69251251220703, ""mae_2021"": 11.03616714477539, ""mae12_2021"": 17.759490966796875, ""me_2021"": 8.630078079890131, ""me12_2021"": 17.823971217686992, ""epochs_trained"": 740}",2026-07-03T06:14:02.124959,completed
2,MAPE,48,2,selu,1,128,0.1,63.42161560058594,13.5695219039917,6.921016216278076,10.311906078595548,5.4596568572154345,63.42161560058594,12.328126907348633,10.60464859008789,11.129886033940874,9.5858153217739,70.95237731933594,"{""loss"": 49.89702606201172, ""mape"": 49.89702606201172, ""mae"": 10.348671913146973, ""val_loss"": 63.42161560058594, ""val_mape"": 63.42161560058594, ""val_mae"": 13.5695219039917, ""lr"": 0.00010000000474974513, ""val_mae12"": 6.921016216278076, ""val_me"": 10.311906078595548, ""val_me12"": 5.4596568572154345, ""mape_2021"": 70.95237731933594, ""mae_2021"": 12.328126907348633, ""mae12_2021"": 10.60464859008789, ""me_2021"": 11.129886033940874, ""me12_2021"": 9.5858153217739, ""epochs_trained"": 90}",2026-07-03T06:14:22.943006,completed
2,MAPE,48,2,selu,1,128,0.05,58.980037689208984,12.562287330627441,5.463803291320801,10.565208831111827,3.4976598927018605,58.980037689208984,12.510173797607422,8.709421157836914,11.476669361150533,7.40506449091606,70.02687072753906,"{""loss"": 48.5876350402832, ""mape"": 48.5876350402832, ""mae"": 10.164846420288086, ""val_loss"": 58.980037689208984, ""val_mape"": 58.980037689208984, ""val_mae"": 12.562287330627441, ""lr"": 0.00010000000474974513, ""val_mae12"": 5.463803291320801, ""val_me"": 10.565208831111827, ""val_me12"": 3.4976598927018605, ""mape_2021"": 70.02687072753906, ""mae_2021"": 12.510173797607422, ""mae12_2021"": 8.709421157836914, ""me_2021"": 11.476669361150533, ""me12_2021"": 7.40506449091606, ""epochs_trained"": 91}",2026-07-03T06:14:23.058006,completed
2,MAPE,48,2,selu,1,128,0.3,67.3009033203125,14.40092658996582,12.448542594909668,9.188744049236462,11.899096312156123,67.3009033203125,11.868280410766602,17.111711502075195,9.81124369541686,17.031319372337787,74.5481185913086,"{""loss"": 54.61493682861328, ""mape"": 54.61493682861328, ""mae"": 11.789313316345215, ""val_loss"": 67.3009033203125, ""val_mape"": 67.3009033203125, ""val_mae"": 14.40092658996582, ""lr"": 0.00010000000474974513, ""val_mae12"": 12.448542594909668, ""val_me"": 9.188744049236462, ""val_me12"": 11.899096312156123, ""mape_2021"": 74.5481185913086, ""mae_2021"": 11.868280410766602, ""mae12_2021"": 17.111711502075195, ""me_2021"": 9.81124369541686, ""me12_2021"": 17.031319372337787, ""epochs_trained"": 97}",2026-07-03T06:14:23.398570,completed
2,MAPE,48,2,selu,1,256,0.1,57.633216857910156,12.605839729309082,5.418964385986328,10.22286118533475,3.9984058504234223,57.633216857910156,12.069374084472656,8.574040412902832,11.064682158703766,7.427241309079367,67.038818359375,"{""loss"": 46.00128173828125, ""mape"": 46.00128173828125, ""mae"": 9.726042747497559, ""val_loss"": 57.633216857910156, ""val_mape"": 57.633216857910156, ""val_mae"": 12.605839729309082, ""lr"": 0.00010000000474974513, ""val_mae12"": 5.418964385986328, ""val_me"": 10.22286118533475, ""val_me12"": 3.9984058504234223, ""mape_2021"": 67.038818359375, ""mae_2021"": 12.069374084472656, ""mae12_2021"": 8.574040412902832, ""me_2021"": 11.064682158703766, ""me12_2021"": 7.427241309079367, ""epochs_trained"": 84}",2026-07-03T06:14:39.417133,completed
2,MAPE,48,2,selu,1,256,0.3,69.720947265625,15.31531810760498,10.334904670715332,8.964010755599398,9.686880592867633,69.720947265625,11.371111869812012,14.226824760437012,9.635699533215027,14.057645469057952,68.98435974121094,"{""loss"": 50.55624771118164, ""mape"": 50.55624771118164, ""mae"": 10.610655784606934, ""val_loss"": 69.720947265625, ""val_mape"": 69.720947265625, ""val_mae"": 15.31531810760498, ""lr"": 0.00010000000474974513, ""val_mae12"": 10.334904670715332, ""val_me"": 8.964010755599398, ""val_me12"": 9.686880592867633, ""mape_2021"": 68.98435974121094, ""mae_2021"": 11.371111869812012, ""mae12_2021"": 14.226824760437012, ""me_2021"": 9.635699533215027, ""me12_2021"": 14.057645469057952, ""epochs_trained"": 93}",2026-07-03T06:14:49.665157,completed
2,MAPE,48,2,selu,2,16,0.05,59.38707733154297,12.806507110595703,9.395003318786621,8.949210947713226,8.986320588325613,59.38707733154297,11.119831085205078,13.3024263381958,9.553465678665315,13.200995696069526,67.2996597290039,"{""loss"": 48.3491325378418, ""mape"": 48.3491325378418, ""mae"": 10.290040969848633, ""val_loss"": 59.38707733154297, ""val_mape"": 59.38707733154297, ""val_mae"": 12.806507110595703, ""lr"": 0.00010000000474974513, ""val_mae12"": 9.395003318786621, ""val_me"": 8.949210947713226, ""val_me12"": 8.986320588325613, ""mape_2021"": 67.2996597290039, ""mae_2021"": 11.119831085205078, ""mae12_2021"": 13.3024263381958, ""me_2021"": 9.553465678665315, ""me12_2021"": 13.200995696069526, ""epochs_trained"": 99}",2026-07-03T06:14:52.746854,completed
2,MAPE,48,2,selu,2,16,0.3,90.050537109375,19.70151710510254,11.445291519165039,19.863033518666978,11.466988998882151,90.050537109375,20.29294776916504,15.336762428283691,18.49869275024203,15.448750885806211,98.57630920410156,"{""loss"": 87.5358657836914, ""mape"": 87.5358657836914, ""mae"": 21.89926528930664, ""val_loss"": 90.050537109375, ""val_mape"": 90.050537109375, ""val_mae"": 19.70151710510254, ""lr"": 0.00010000000474974513, ""val_mae12"": 11.445291519165039, ""val_me"": 19.863033518666978, ""val_me12"": 11.466988998882151, ""mape_2021"": 98.57630920410156, ""mae_2021"": 20.29294776916504, ""mae12_2021"": 15.336762428283691, ""me_2021"": 18.49869275024203, ""me12_2021"": 15.448750885806211, ""epochs_trained"": 52}",2026-07-03T06:15:03.865535,completed
2,MAPE,48,2,selu,2,16,0.1,43.71644973754883,9.137948989868164,10.842796325683594,5.257125137235897,10.879825972827541,43.71644973754883,7.587328910827637,14.009883880615234,5.5035223268825195,14.100051585428753,50.27974319458008,"{""loss"": 41.34236526489258, ""mape"": 41.34236526489258, ""mae"": 9.030259132385254, ""val_loss"": 43.71644973754883, ""val_mape"": 43.71644973754883, ""val_mae"": 9.137948989868164, ""lr"": 0.00010000000474974513, ""val_mae12"": 10.842796325683594, ""val_me"": 5.257125137235897, ""val_me12"": 10.879825972827541, ""mape_2021"": 50.27974319458008, ""mae_2021"": 7.587328910827637, ""mae12_2021"": 14.009883880615234, ""me_2021"": 5.5035223268825195, ""me12_2021"": 14.100051585428753, ""epochs_trained"": 215}",2026-07-03T06:15:11.939947,completed
2,MAPE,48,2,selu,1,256,0.0,3.7127344608306885,0.7346863746643066,0.9223939776420593,0.13052694294977876,0.1411079672696425,3.7127344608306885,0.7360044717788696,0.9261528253555298,0.14029755952992337,-0.4356268087790471,4.261970043182373,"{""loss"": 3.2278730869293213, ""mape"": 3.2278730869293213, ""mae"": 0.6812772750854492, ""val_loss"": 3.7127344608306885, ""val_mape"": 3.7127344608306885, ""val_mae"": 0.7346863746643066, ""lr"": 0.00010000000474974513, ""val_mae12"": 0.9223939776420593, ""val_me"": 0.13052694294977876, ""val_me12"": 0.1411079672696425, ""mape_2021"": 4.261970043182373, ""mae_2021"": 0.7360044717788696, ""mae12_2021"": 0.9261528253555298, ""me_2021"": 0.14029755952992337, ""me12_2021"": -0.4356268087790471, ""epochs_trained"": 784}",2026-07-03T06:15:16.818531,completed
2,MAPE,48,2,selu,1,128,0.0,3.702745199203491,0.7078220844268799,0.9517813324928284,0.14800570124405815,0.17388469837227818,3.702745199203491,0.6763598322868347,0.8644014596939087,0.11654804368153669,-0.3744686624837645,3.930241107940674,"{""loss"": 3.0710911750793457, ""mape"": 3.0710911750793457, ""mae"": 0.6358456015586853, ""val_loss"": 3.702745199203491, ""val_mape"": 3.702745199203491, ""val_mae"": 0.7078220844268799, ""lr"": 0.00010000000474974513, ""val_mae12"": 0.9517813324928284, ""val_me"": 0.14800570124405815, ""val_me12"": 0.17388469837227818, ""mape_2021"": 3.930241107940674, ""mae_2021"": 0.6763598322868347, ""mae12_2021"": 0.8644014596939087, ""me_2021"": 0.11654804368153669, ""me12_2021"": -0.3744686624837645, ""epochs_trained"": 991}",2026-07-03T06:15:27.162295,completed
2,MAPE,48,2,selu,2,16,0.0,5.228630065917969,1.0713831186294556,0.9360074996948242,0.5113341178374448,0.4262491079695746,5.228630065917969,1.095757246017456,0.9075538516044617,0.5791155941651196,-0.20799481925748625,5.65824031829834,"{""loss"": 3.5971198081970215, ""mape"": 3.5971198081970215, ""mae"": 0.7485700845718384, ""val_loss"": 5.228630065917969, ""val_mape"": 5.228630065917969, ""val_mae"": 1.0713831186294556, ""lr"": 0.00010000000474974513, ""val_mae12"": 0.9360074996948242, ""val_me"": 0.5113341178374448, ""val_me12"": 0.4262491079695746, ""mape_2021"": 5.65824031829834, ""mae_2021"": 1.095757246017456, ""mae12_2021"": 0.9075538516044617, ""me_2021"": 0.5791155941651196, ""me12_2021"": -0.20799481925748625, ""epochs_trained"": 1370}",2026-07-03T06:15:52.254680,completed
2,MAPE,48,2,selu,1,256,0.05,12.277518272399902,2.801158905029297,1.757586121559143,-0.5404372570792783,1.4112001381682895,12.277518272399902,2.611851930618286,1.661751389503479,-0.39414736186937427,0.12758631823079958,12.258286476135254,"{""loss"": 13.909510612487793, ""mape"": 13.909510612487793, ""mae"": 2.7706356048583984, ""val_loss"": 12.277518272399902, ""val_mape"": 12.277518272399902, ""val_mae"": 2.801158905029297, ""lr"": 9.999999747378752e-06, ""val_mae12"": 1.757586121559143, ""val_me"": -0.5404372570792783, ""val_me12"": 1.4112001381682895, ""mape_2021"": 12.258286476135254, ""mae_2021"": 2.611851930618286, ""mae12_2021"": 1.661751389503479, ""me_2021"": -0.39414736186937427, ""me12_2021"": 0.12758631823079958, ""epochs_trained"": 1822}",2026-07-03T06:16:10.936748,completed
3,MAPE,48,2,leaky_relu,1,256,0.0,51.70896530151367,11.318314552307129,5.1555352210998535,9.04987364674786,3.7367221626852176,51.70896530151367,10.948308944702148,7.723069667816162,9.925895506001822,6.732354102569105,60.00331497192383,"{""loss"": 43.25736618041992, ""mape"": 43.25736618041992, ""mae"": 9.34493637084961, ""val_loss"": 51.70896530151367, ""val_mape"": 51.70896530151367, ""val_mae"": 11.318314552307129, ""lr"": 0.00010000000474974513, ""val_mae12"": 5.1555352210998535, ""val_me"": 9.04987364674786, ""val_me12"": 3.7367221626852176, ""mape_2021"": 60.00331497192383, ""mae_2021"": 10.948308944702148, ""mae12_2021"": 7.723069667816162, ""me_2021"": 9.925895506001822, ""me12_2021"": 6.732354102569105, ""epochs_trained"": 66}",2026-07-03T06:16:27.316272,completed
3,MAPE,48,2,leaky_relu,1,256,0.05,51.39067840576172,11.253897666931152,5.568995475769043,8.921209658495814,4.246121151195105,51.39067840576172,10.835846900939941,8.230152130126953,9.761575535917121,7.357705159577566,59.87208557128906,"{""loss"": 42.95466613769531, ""mape"": 42.95466613769531, ""mae"": 9.279593467712402, ""val_loss"": 51.39067840576172, ""val_mape"": 51.39067840576172, ""val_mae"": 11.253897666931152, ""lr"": 0.00010000000474974513, ""val_mae12"": 5.568995475769043, ""val_me"": 8.921209658495814, ""val_me12"": 4.246121151195105, ""mape_2021"": 59.87208557128906, ""mae_2021"": 10.835846900939941, ""mae12_2021"": 8.230152130126953, ""me_2021"": 9.761575535917121, ""me12_2021"": 7.357705159577566, ""epochs_trained"": 71}",2026-07-03T06:16:27.410275,completed
3,MAPE,48,2,leaky_relu,1,128,0.05,51.63498306274414,11.19015121459961,5.373109817504883,9.051324479416273,4.0621236565171746,51.63498306274414,10.971197128295898,8.00174617767334,9.906747697702915,7.159766913821911,60.5483512878418,"{""loss"": 43.505496978759766, ""mape"": 43.505496978759766, ""mae"": 9.346123695373535, ""val_loss"": 51.63498306274414, ""val_mape"": 51.63498306274414, ""val_mae"": 11.19015121459961, ""lr"": 0.00010000000474974513, ""val_mae12"": 5.373109817504883, ""val_me"": 9.051324479416273, ""val_me12"": 4.0621236565171746, ""mape_2021"": 60.5483512878418, ""mae_2021"": 10.971197128295898, ""mae12_2021"": 8.00174617767334, ""me_2021"": 9.906747697702915, ""me12_2021"": 7.159766913821911, ""epochs_trained"": 82}",2026-07-03T06:16:27.847823,completed
3,MAPE,48,2,leaky_relu,1,128,0.0,51.73753356933594,11.166608810424805,5.303345680236816,9.361038604727806,3.8059187066079034,51.73753356933594,11.121871948242188,7.872412204742432,10.183063115727068,6.9338216971838404,61.02349853515625,"{""loss"": 43.383262634277344, ""mape"": 43.383262634277344, ""mae"": 9.270869255065918, ""val_loss"": 51.73753356933594, ""val_mape"": 51.73753356933594, ""val_mae"": 11.166608810424805, ""lr"": 0.00010000000474974513, ""val_mae12"": 5.303345680236816, ""val_me"": 9.361038604727806, ""val_me12"": 3.8059187066079034, ""mape_2021"": 61.02349853515625, ""mae_2021"": 11.121871948242188, ""mae12_2021"": 7.872412204742432, ""me_2021"": 10.183063115727068, ""me12_2021"": 6.9338216971838404, ""epochs_trained"": 84}",2026-07-03T06:16:27.883822,completed
3,MAPE,48,2,leaky_relu,1,128,0.3,51.97954177856445,11.195046424865723,6.034661293029785,9.084828278453903,4.9517748775677255,51.97954177856445,10.994582176208496,8.85019588470459,9.885065911277065,8.261489915884814,61.57735061645508,"{""loss"": 46.26288604736328, ""mape"": 46.26288604736328, ""mae"": 9.938998222351074, ""val_loss"": 51.97954177856445, ""val_mape"": 51.97954177856445, ""val_mae"": 11.195046424865723, ""lr"": 0.00010000000474974513, ""val_mae12"": 6.034661293029785, ""val_me"": 9.084828278453903, ""val_me12"": 4.9517748775677255, ""mape_2021"": 61.57735061645508, ""mae_2021"": 10.994582176208496, ""mae12_2021"": 8.85019588470459, ""me_2021"": 9.885065911277065, ""me12_2021"": 8.261489915884814, ""epochs_trained"": 84}",2026-07-03T06:16:27.965872,completed
3,MAPE,48,2,leaky_relu,1,128,0.1,51.49778366088867,11.180081367492676,5.506272792816162,9.004419653974189,4.328608653609625,51.49778366088867,10.913276672363281,8.175806999206543,9.842545474476841,7.464944912585455,60.470909118652344,"{""loss"": 43.86800765991211, ""mape"": 43.86800765991211, ""mae"": 9.446085929870605, ""val_loss"": 51.49778366088867, ""val_mape"": 51.49778366088867, ""val_mae"": 11.180081367492676, ""lr"": 0.00010000000474974513, ""val_mae12"": 5.506272792816162, ""val_me"": 9.004419653974189, ""val_me12"": 4.328608653609625, ""mape_2021"": 60.470909118652344, ""mae_2021"": 10.913276672363281, ""mae12_2021"": 8.175806999206543, ""me_2021"": 9.842545474476841, ""me12_2021"": 7.464944912585455, ""epochs_trained"": 89}",2026-07-03T06:16:28.092951,completed
3,MAPE,48,2,leaky_relu,1,256,0.1,52.5990104675293,11.426419258117676,5.766310214996338,8.971291018119688,4.564307818395189,52.5990104675293,10.970221519470215,8.543627738952637,9.826350686042396,7.885046965803872,61.411529541015625,"{""loss"": 44.20210266113281, ""mape"": 44.20210266113281, ""mae"": 9.505742073059082, ""val_loss"": 52.5990104675293, ""val_mape"": 52.5990104675293, ""val_mae"": 11.426419258117676, ""lr"": 0.00010000000474974513, ""val_mae12"": 5.766310214996338, ""val_me"": 8.971291018119688, ""val_me12"": 4.564307818395189, ""mape_2021"": 61.411529541015625, ""mae_2021"": 10.970221519470215, ""mae12_2021"": 8.543627738952637, ""me_2021"": 9.826350686042396, ""me12_2021"": 7.885046965803872, ""epochs_trained"": 61}",2026-07-03T06:16:34.972566,completed
3,MAPE,48,2,leaky_relu,1,256,0.3,52.70630645751953,11.472026824951172,5.784301280975342,9.033493196411806,4.58040749069087,52.70630645751953,10.997376441955566,8.509156227111816,9.873932107228029,7.854953348894422,61.447139739990234,"{""loss"": 45.292781829833984, ""mape"": 45.292781829833984, ""mae"": 9.760673522949219, ""val_loss"": 52.70630645751953, ""val_mape"": 52.70630645751953, ""val_mae"": 11.472026824951172, ""lr"": 0.00010000000474974513, ""val_mae12"": 5.784301280975342, ""val_me"": 9.033493196411806, ""val_me12"": 4.58040749069087, ""mape_2021"": 61.447139739990234, ""mae_2021"": 10.997376441955566, ""mae12_2021"": 8.509156227111816, ""me_2021"": 9.873932107228029, ""me12_2021"": 7.854953348894422, ""epochs_trained"": 67}",2026-07-03T06:16:35.341542,completed
3,MAPE,48,2,leaky_relu,2,16,0.05,53.77701950073242,11.387950897216797,6.692338466644287,9.32664439695754,5.991248067482524,53.77701950073242,11.221766471862793,9.879576683044434,10.075695485497674,9.59058355317464,64.31949615478516,"{""loss"": 47.34473419189453, ""mape"": 47.34473419189453, ""mae"": 10.209086418151855, ""val_loss"": 53.77701950073242, ""val_mape"": 53.77701950073242, ""val_mae"": 11.387950897216797, ""lr"": 0.00010000000474974513, ""val_mae12"": 6.692338466644287, ""val_me"": 9.32664439695754, ""val_me12"": 5.991248067482524, ""mape_2021"": 64.31949615478516, ""mae_2021"": 11.221766471862793, ""mae12_2021"": 9.879576683044434, ""me_2021"": 10.075695485497674, ""me12_2021"": 9.59058355317464, ""epochs_trained"": 91}",2026-07-03T06:16:36.871752,completed
3,MAPE,48,2,leaky_relu,2,16,0.0,48.262508392333984,10.564693450927734,5.860352516174316,8.384913863222453,4.357722041234684,48.262508392333984,10.374419212341309,8.416608810424805,9.267076975461864,7.4470603843900385,57.29290771484375,"{""loss"": 39.8061637878418, ""mape"": 39.8061637878418, ""mae"": 8.633842468261719, ""val_loss"": 48.262508392333984, ""val_mape"": 48.262508392333984, ""val_mae"": 10.564693450927734, ""lr"": 0.00010000000474974513, ""val_mae12"": 5.860352516174316, ""val_me"": 8.384913863222453, ""val_me12"": 4.357722041234684, ""mape_2021"": 57.29290771484375, ""mae_2021"": 10.374419212341309, ""mae12_2021"": 8.416608810424805, ""me_2021"": 9.267076975461864, ""me12_2021"": 7.4470603843900385, ""epochs_trained"": 144}",2026-07-03T06:16:38.241306,completed
3,MAPE,48,2,leaky_relu,2,16,0.1,51.96555709838867,10.948885917663574,6.882120132446289,8.995496101512067,5.98108651706106,51.96555709838867,10.967761039733887,10.01972484588623,9.764856525866518,9.597993496649302,63.06608963012695,"{""loss"": 48.8481330871582, ""mape"": 48.8481330871582, ""mae"": 10.587882995605469, ""val_loss"": 51.96555709838867, ""val_mape"": 51.96555709838867, ""val_mae"": 10.948885917663574, ""lr"": 0.00010000000474974513, ""val_mae12"": 6.882120132446289, ""val_me"": 8.995496101512067, ""val_me12"": 5.98108651706106, ""mape_2021"": 63.06608963012695, ""mae_2021"": 10.967761039733887, ""mae12_2021"": 10.01972484588623, ""me_2021"": 9.764856525866518, ""me12_2021"": 9.597993496649302, ""epochs_trained"": 139}",2026-07-03T06:16:38.341814,completed
3,MAPE,48,2,leaky_relu,2,16,0.3,7.259965419769287,1.531887173652649,1.3633816242218018,1.3394142990413784,0.005267728083060894,7.259965419769287,1.4759657382965088,0.9694262742996216,1.387249828829315,0.0029703673759593156,7.863272666931152,"{""loss"": 19.055593490600586, ""mape"": 19.055593490600586, ""mae"": 4.568266868591309, ""val_loss"": 7.259965419769287, ""val_mape"": 7.259965419769287, ""val_mae"": 1.531887173652649, ""lr"": 0.00010000000474974513, ""val_mae12"": 1.3633816242218018, ""val_me"": 1.3394142990413784, ""val_me12"": 0.005267728083060894, ""mape_2021"": 7.863272666931152, ""mae_2021"": 1.4759657382965088, ""mae12_2021"": 0.9694262742996216, ""me_2021"": 1.387249828829315, ""me12_2021"": 0.0029703673759593156, ""epochs_trained"": 848}",2026-07-03T06:16:59.592448,completed
3,MAPE,48,2,leaky_relu,2,64,0.0,52.61833190917969,11.158097267150879,4.751295566558838,9.704070301976175,3.5269509812774897,52.61833190917969,11.387428283691406,7.338752269744873,10.544962639123446,6.697507762504457,62.63353729248047,"{""loss"": 44.04356002807617, ""mape"": 44.04356002807617, ""mae"": 9.282929420471191, ""val_loss"": 52.61833190917969, ""val_mape"": 52.61833190917969, ""val_mae"": 11.158097267150879, ""lr"": 0.00010000000474974513, ""val_mae12"": 4.751295566558838, ""val_me"": 9.704070301976175, ""val_me12"": 3.5269509812774897, ""mape_2021"": 62.63353729248047, ""mae_2021"": 11.387428283691406, ""mae12_2021"": 7.338752269744873, ""me_2021"": 10.544962639123446, ""me12_2021"": 6.697507762504457, ""epochs_trained"": 61}",2026-07-03T06:17:13.121632,completed
3,MAPE,48,2,leaky_relu,2,64,0.05,52.9102897644043,11.063021659851074,5.547694683074951,9.131085382447898,4.552520540239476,52.9102897644043,11.101688385009766,8.34044075012207,9.992553801702352,7.847565907276952,62.34441375732422,"{""loss"": 45.23393630981445, ""mape"": 45.23393630981445, ""mae"": 9.44652271270752, ""val_loss"": 52.9102897644043, ""val_mape"": 52.9102897644043, ""val_mae"": 11.063021659851074, ""lr"": 0.00010000000474974513, ""val_mae12"": 5.547694683074951, ""val_me"": 9.131085382447898, ""val_me12"": 4.552520540239476, ""mape_2021"": 62.34441375732422, ""mae_2021"": 11.101688385009766, ""mae12_2021"": 8.34044075012207, ""me_2021"": 9.992553801702352, ""me12_2021"": 7.847565907276952, ""epochs_trained"": 63}",2026-07-03T06:17:13.197631,completed
3,MAPE,48,2,leaky_relu,2,32,0.0,53.31464767456055,11.35770034790039,5.101834774017334,9.329068795844051,3.9353569148322025,53.31464767456055,11.158865928649902,7.675045490264893,10.1833088495863,7.066768117782755,61.72543716430664,"{""loss"": 44.620506286621094, ""mape"": 44.620506286621094, ""mae"": 9.442303657531738, ""val_loss"": 53.31464767456055, ""val_mape"": 53.31464767456055, ""val_mae"": 11.35770034790039, ""lr"": 0.00010000000474974513, ""val_mae12"": 5.101834774017334, ""val_me"": 9.329068795844051, ""val_me12"": 3.9353569148322025, ""mape_2021"": 61.72543716430664, ""mae_2021"": 11.158865928649902, ""mae12_2021"": 7.675045490264893, ""me_2021"": 10.1833088495863, ""me12_2021"": 7.066768117782755, ""epochs_trained"": 74}",2026-07-03T06:17:13.447829,completed
3,MAPE,48,2,leaky_relu,2,32,0.05,53.3966178894043,11.358859062194824,6.148671627044678,9.059264856137832,5.185704388360822,53.3966178894043,11.037818908691406,9.106439590454102,9.88515450164157,8.66699315247001,62.574398040771484,"{""loss"": 45.72526931762695, ""mape"": 45.72526931762695, ""mae"": 9.695600509643555, ""val_loss"": 53.3966178894043, ""val_mape"": 53.3966178894043, ""val_mae"": 11.358859062194824, ""lr"": 0.00010000000474974513, ""val_mae12"": 6.148671627044678, ""val_me"": 9.059264856137832, ""val_me12"": 5.185704388360822, ""mape_2021"": 62.574398040771484, ""mae_2021"": 11.037818908691406, ""mae12_2021"": 9.106439590454102, ""me_2021"": 9.88515450164157, ""me12_2021"": 8.66699315247001, ""epochs_trained"": 70}",2026-07-03T06:17:13.470343,completed
3,MAPE,48,2,leaky_relu,2,32,0.3,52.692073822021484,11.230259895324707,4.83916711807251,9.381762724799568,3.2942778403741304,52.692073822021484,11.227380752563477,7.324865818023682,10.264311024083158,6.431303075324114,61.5787353515625,"{""loss"": 51.045616149902344, ""mape"": 51.045616149902344, ""mae"": 11.083067893981934, ""val_loss"": 52.692073822021484, ""val_mape"": 52.692073822021484, ""val_mae"": 11.230259895324707, ""lr"": 0.00010000000474974513, ""val_mae12"": 4.83916711807251, ""val_me"": 9.381762724799568, ""val_me12"": 3.2942778403741304, ""mape_2021"": 61.5787353515625, ""mae_2021"": 11.227380752563477, ""mae12_2021"": 7.324865818023682, ""me_2021"": 10.264311024083158, ""me12_2021"": 6.431303075324114, ""epochs_trained"": 81}",2026-07-03T06:17:13.764855,completed
3,MAPE,48,2,leaky_relu,2,32,0.1,53.3654899597168,11.341814041137695,6.167998313903809,9.112960800000852,4.804120523131824,53.3654899597168,11.047165870666504,9.047930717468262,9.93023384421104,8.33018788941873,62.268070220947266,"{""loss"": 46.89136505126953, ""mape"": 46.89136505126953, ""mae"": 10.01833724975586, ""val_loss"": 53.3654899597168, ""val_mape"": 53.3654899597168, ""val_mae"": 11.341814041137695, ""lr"": 0.00010000000474974513, ""val_mae12"": 6.167998313903809, ""val_me"": 9.112960800000852, ""val_me12"": 4.804120523131824, ""mape_2021"": 62.268070220947266, ""mae_2021"": 11.047165870666504, ""mae12_2021"": 9.047930717468262, ""me_2021"": 9.93023384421104, ""me12_2021"": 8.33018788941873, ""epochs_trained"": 83}",2026-07-03T06:17:13.820884,completed
3,MAPE,48,2,leaky_relu,2,64,0.3,53.28845977783203,11.307272911071777,4.948350429534912,9.702107895243882,3.7418066991263483,53.28845977783203,11.331500053405762,7.548680782318115,10.499917595054841,6.961255655502339,62.24244689941406,"{""loss"": 48.84821701049805, ""mape"": 48.84821701049805, ""mae"": 10.495996475219727, ""val_loss"": 53.28845977783203, ""val_mape"": 53.28845977783203, ""val_mae"": 11.307272911071777, ""lr"": 0.00010000000474974513, ""val_mae12"": 4.948350429534912, ""val_me"": 9.702107895243882, ""val_me12"": 3.7418066991263483, ""mape_2021"": 62.24244689941406, ""mae_2021"": 11.331500053405762, ""mae12_2021"": 7.548680782318115, ""me_2021"": 10.499917595054841, ""me12_2021"": 6.961255655502339, ""epochs_trained"": 60}",2026-07-03T06:17:24.853590,completed
3,MAPE,48,2,leaky_relu,2,64,0.1,52.384517669677734,11.306920051574707,5.776484966278076,9.36328063335056,4.845513689680424,52.384517669677734,11.117605209350586,8.614977836608887,10.132639736322924,8.183670388585499,62.37207794189453,"{""loss"": 45.34730911254883, ""mape"": 45.34730911254883, ""mae"": 9.785841941833496, ""val_loss"": 52.384517669677734, ""val_mape"": 52.384517669677734, ""val_mae"": 11.306920051574707, ""lr"": 0.00010000000474974513, ""val_mae12"": 5.776484966278076, ""val_me"": 9.36328063335056, ""val_me12"": 4.845513689680424, ""mape_2021"": 62.37207794189453, ""mae_2021"": 11.117605209350586, ""mae12_2021"": 8.614977836608887, ""me_2021"": 10.132639736322924, ""me12_2021"": 8.183670388585499, ""epochs_trained"": 67}",2026-07-03T06:17:25.160191,completed
3,MAPE,48,2,leaky_relu,2,128,0.1,4.265325546264648,0.7302632927894592,1.4075011014938354,0.11224235312919442,0.7043464439945072,4.265325546264648,0.6761360764503479,1.0520864725112915,0.17039020006324887,0.27973431657426273,3.9830939769744873,"{""loss"": 5.174015522003174, ""mape"": 5.174015522003174, ""mae"": 1.1459259986877441, ""val_loss"": 4.265325546264648, ""val_mape"": 4.265325546264648, ""val_mae"": 0.7302632927894592, ""lr"": 1.0000000656873453e-05, ""val_mae12"": 1.4075011014938354, ""val_me"": 0.11224235312919442, ""val_me12"": 0.7043464439945072, ""mape_2021"": 3.9830939769744873, ""mae_2021"": 0.6761360764503479, ""mae12_2021"": 1.0520864725112915, ""me_2021"": 0.17039020006324887, ""me12_2021"": 0.27973431657426273, ""epochs_trained"": 694}",2026-07-03T06:18:22.037251,completed
3,MAPE,48,2,leaky_relu,2,128,0.3,7.689737319946289,1.3091553449630737,2.769153356552124,0.36219772192859373,0.5946730956047879,7.689737319946289,1.1954197883605957,1.7232270240783691,0.4589291332267739,0.9920456500335472,7.31149959564209,"{""loss"": 9.544109344482422, ""mape"": 9.544109344482422, ""mae"": 2.1269617080688477, ""val_loss"": 7.689737319946289, ""val_mape"": 7.689737319946289, ""val_mae"": 1.3091553449630737, ""lr"": 1.0000000656873453e-05, ""val_mae12"": 2.769153356552124, ""val_me"": 0.36219772192859373, ""val_me12"": 0.5946730956047879, ""mape_2021"": 7.31149959564209, ""mae_2021"": 1.1954197883605957, ""mae12_2021"": 1.7232270240783691, ""me_2021"": 0.4589291332267739, ""me12_2021"": 0.9920456500335472, ""epochs_trained"": 1875}",2026-07-03T06:19:43.155953,completed
3,MAPE,48,2,leaky_relu,2,128,0.05,4.130252838134766,0.6970840692520142,1.4439836740493774,0.09914654000673141,0.6552692266829536,4.130252838134766,0.6736365556716919,1.1201034784317017,0.1731921516372689,0.21675515090266248,4.0698747634887695,"{""loss"": 4.33925199508667, ""mape"": 4.33925199508667, ""mae"": 0.9317781925201416, ""val_loss"": 4.130252838134766, ""val_mape"": 4.130252838134766, ""val_mae"": 0.6970840692520142, ""lr"": 1.0000000656873453e-05, ""val_mae12"": 1.4439836740493774, ""val_me"": 0.09914654000673141, ""val_me12"": 0.6552692266829536, ""mape_2021"": 4.0698747634887695, ""mae_2021"": 0.6736365556716919, ""mae12_2021"": 1.1201034784317017, ""me_2021"": 0.1731921516372689, ""me12_2021"": 0.21675515090266248, ""epochs_trained"": 2986}",2026-07-03T06:20:40.553548,completed
3,MAPE,48,2,leaky_relu,2,128,0.0,3.5373036861419678,0.6839250326156616,0.9272141456604004,0.019924126400105317,0.4076238201999865,3.5373036861419678,0.6328027248382568,0.9304487109184265,0.03445964695519297,-0.12766358858340926,3.8580610752105713,"{""loss"": 2.6150801181793213, ""mape"": 2.6150801181793213, ""mae"": 0.5442551970481873, ""val_loss"": 3.5373036861419678, ""val_mape"": 3.5373036861419678, ""val_mae"": 0.6839250326156616, ""lr"": 9.999999747378752e-06, ""val_mae12"": 0.9272141456604004, ""val_me"": 0.019924126400105317, ""val_me12"": 0.4076238201999865, ""mape_2021"": 3.8580610752105713, ""mae_2021"": 0.6328027248382568, ""mae12_2021"": 0.9304487109184265, ""me_2021"": 0.03445964695519297, ""me12_2021"": -0.12766358858340926, ""epochs_trained"": 3812}",2026-07-03T06:21:09.241940,completed
3,MAPE,48,2,leaky_relu,3,16,0.05,54.308780670166016,11.469734191894531,6.070720672607422,9.109476223817122,5.367582852533674,54.308780670166016,11.101155281066895,9.08553695678711,9.924230085217411,8.790845988231183,63.29185104370117,"{""loss"": 48.55937194824219, ""mape"": 48.55937194824219, ""mae"": 10.464714050292969, ""val_loss"": 54.308780670166016, ""val_mape"": 54.308780670166016, ""val_mae"": 11.469734191894531, ""lr"": 0.00010000000474974513, ""val_mae12"": 6.070720672607422, ""val_me"": 9.109476223817122, ""val_me12"": 5.367582852533674, ""mape_2021"": 63.29185104370117, ""mae_2021"": 11.101155281066895, ""mae12_2021"": 9.08553695678711, ""me_2021"": 9.924230085217411, ""me12_2021"": 8.790845988231183, ""epochs_trained"": 80}",2026-07-03T06:21:40.980101,completed
3,MAPE,48,2,leaky_relu,3,16,0.0,52.55332946777344,11.296202659606934,6.610272407531738,8.74376150821892,5.756372278259197,52.55332946777344,10.822104454040527,9.744682312011719,9.547232675133875,9.391085212135264,61.9786262512207,"{""loss"": 43.66693878173828, ""mape"": 43.66693878173828, ""mae"": 9.350677490234375, ""val_loss"": 52.55332946777344, ""val_mape"": 52.55332946777344, ""val_mae"": 11.296202659606934, ""lr"": 0.00010000000474974513, ""val_mae12"": 6.610272407531738, ""val_me"": 8.74376150821892, ""val_me12"": 5.756372278259197, ""mape_2021"": 61.9786262512207, ""mae_2021"": 10.822104454040527, ""mae12_2021"": 9.744682312011719, ""me_2021"": 9.547232675133875, ""me12_2021"": 9.391085212135264, ""epochs_trained"": 98}",2026-07-03T06:21:43.281248,completed
3,MAPE,48,2,leaky_relu,3,16,0.1,52.86205291748047,11.286752700805664,7.112966537475586,8.75732147041467,6.520680116542009,52.86205291748047,10.887834548950195,10.367546081542969,9.541772991213096,10.150533751462955,63.237403869628906,"{""loss"": 50.149940490722656, ""mape"": 50.149940490722656, ""mae"": 11.015036582946777, ""val_loss"": 52.86205291748047, ""val_mape"": 52.86205291748047, ""val_mae"": 11.286752700805664, ""lr"": 0.00010000000474974513, ""val_mae12"": 7.112966537475586, ""val_me"": 8.75732147041467, ""val_me12"": 6.520680116542009, ""mape_2021"": 63.237403869628906, ""mae_2021"": 10.887834548950195, ""mae12_2021"": 10.367546081542969, ""me_2021"": 9.541772991213096, ""me12_2021"": 10.150533751462955, ""epochs_trained"": 79}",2026-07-03T06:22:12.643579,completed
3,MAPE,48,2,leaky_relu,3,32,0.0,52.39796447753906,11.150757789611816,7.563392639160156,8.748063625688234,6.667417530581255,52.39796447753906,10.878960609436035,10.857466697692871,9.532025655886237,10.44966233685453,63.275718688964844,"{""loss"": 43.88640213012695, ""mape"": 43.88640213012695, ""mae"": 9.313494682312012, ""val_loss"": 52.39796447753906, ""val_mape"": 52.39796447753906, ""val_mae"": 11.150757789611816, ""lr"": 0.00010000000474974513, ""val_mae12"": 7.563392639160156, ""val_me"": 8.748063625688234, ""val_me12"": 6.667417530581255, ""mape_2021"": 63.275718688964844, ""mae_2021"": 10.878960609436035, ""mae12_2021"": 10.857466697692871, ""me_2021"": 9.532025655886237, ""me12_2021"": 10.44966233685453, ""epochs_trained"": 61}",2026-07-03T06:22:41.508135,completed
3,MAPE,48,2,leaky_relu,2,256,0.0,3.625527858734131,0.6942034363746643,0.9923794865608215,-0.021834508696681798,0.5205053759099998,3.625527858734131,0.6285998821258545,0.9457984566688538,0.022518474159462752,0.12882219453217195,3.6927952766418457,"{""loss"": 2.7516257762908936, ""mape"": 2.7516257762908936, ""mae"": 0.5631283521652222, ""val_loss"": 3.625527858734131, ""val_mape"": 3.625527858734131, ""val_mae"": 0.6942034363746643, ""lr"": 1.0000000656873453e-05, ""val_mae12"": 0.9923794865608215, ""val_me"": -0.021834508696681798, ""val_me12"": 0.5205053759099998, ""mape_2021"": 3.6927952766418457, ""mae_2021"": 0.6285998821258545, ""mae12_2021"": 0.9457984566688538, ""me_2021"": 0.022518474159462752, ""me12_2021"": 0.12882219453217195, ""epochs_trained"": 560}",2026-07-03T06:23:00.695970,completed
3,MAPE,48,2,leaky_relu,2,256,0.3,4.632185935974121,0.8262493014335632,1.5411769151687622,0.11288379943597456,0.8786428667302845,4.632185935974121,0.6833548545837402,1.148742914199829,0.16833187221313237,0.5578899371980566,4.071893692016602,"{""loss"": 6.134577751159668, ""mape"": 6.134577751159668, ""mae"": 1.3785357475280762, ""val_loss"": 4.632185935974121, ""val_mape"": 4.632185935974121, ""val_mae"": 0.8262493014335632, ""lr"": 0.00010000000474974513, ""val_mae12"": 1.5411769151687622, ""val_me"": 0.11288379943597456, ""val_me12"": 0.8786428667302845, ""mape_2021"": 4.071893692016602, ""mae_2021"": 0.6833548545837402, ""mae12_2021"": 1.148742914199829, ""me_2021"": 0.16833187221313237, ""me12_2021"": 0.5578899371980566, ""epochs_trained"": 534}",2026-07-03T06:23:00.807970,completed
3,MAPE,48,2,leaky_relu,2,256,0.05,3.882416009902954,0.6515052318572998,1.3052419424057007,0.04490965112123334,0.6828106316864119,3.882416009902954,0.6199500560760498,1.0510802268981934,0.07397973614078371,0.2926350412363856,3.7215607166290283,"{""loss"": 3.784811019897461, ""mape"": 3.784811019897461, ""mae"": 0.7979804277420044, ""val_loss"": 3.882416009902954, ""val_mape"": 3.882416009902954, ""val_mae"": 0.6515052318572998, ""lr"": 0.00010000000474974513, ""val_mae12"": 1.3052419424057007, ""val_me"": 0.04490965112123334, ""val_me12"": 0.6828106316864119, ""mape_2021"": 3.7215607166290283, ""mae_2021"": 0.6199500560760498, ""mae12_2021"": 1.0510802268981934, ""me_2021"": 0.07397973614078371, ""me12_2021"": 0.2926350412363856, ""epochs_trained"": 539}",2026-07-03T06:23:00.916033,completed
3,MAPE,48,2,leaky_relu,3,32,0.05,52.422760009765625,11.195950508117676,6.389156818389893,9.314225978586078,5.520949548086125,52.422760009765625,11.14259147644043,9.38380241394043,10.075630713393108,8.998155056584274,63.046958923339844,"{""loss"": 45.35709762573242, ""mape"": 45.35709762573242, ""mae"": 9.715278625488281, ""val_loss"": 52.422760009765625, ""val_mape"": 52.422760009765625, ""val_mae"": 11.195950508117676, ""lr"": 0.00010000000474974513, ""val_mae12"": 6.389156818389893, ""val_me"": 9.314225978586078, ""val_me12"": 5.520949548086125, ""mape_2021"": 63.046958923339844, ""mae_2021"": 11.14259147644043, ""mae12_2021"": 9.38380241394043, ""me_2021"": 10.075630713393108, ""me12_2021"": 8.998155056584274, ""epochs_trained"": 63}",2026-07-03T06:23:01.701952,completed
3,MAPE,48,2,leaky_relu,2,256,0.1,3.888068437576294,0.6659114956855774,1.3284404277801514,0.0717954918954744,0.7282420000974084,3.888068437576294,0.6287660598754883,1.0445640087127686,0.10014502856882583,0.391570410328115,3.819956064224243,"{""loss"": 4.247013568878174, ""mape"": 4.247013568878174, ""mae"": 0.9238191843032837, ""val_loss"": 3.888068437576294, ""val_mape"": 3.888068437576294, ""val_mae"": 0.6659114956855774, ""lr"": 1.0000000656873453e-05, ""val_mae12"": 1.3284404277801514, ""val_me"": 0.0717954918954744, ""val_me12"": 0.7282420000974084, ""mape_2021"": 3.819956064224243, ""mae_2021"": 0.6287660598754883, ""mae12_2021"": 1.0445640087127686, ""me_2021"": 0.10014502856882583, ""me12_2021"": 0.391570410328115, ""epochs_trained"": 568}",2026-07-03T06:23:02.057774,completed
3,MAPE,48,2,leaky_relu,3,32,0.1,53.257328033447266,11.34868335723877,6.799544334411621,8.93304177313205,6.124419226497891,53.257328033447266,10.983363151550293,9.949907302856445,9.717463753703319,9.63915685617654,63.346046447753906,"{""loss"": 47.75875473022461, ""mape"": 47.75875473022461, ""mae"": 10.286654472351074, ""val_loss"": 53.257328033447266, ""val_mape"": 53.257328033447266, ""val_mae"": 11.34868335723877, ""lr"": 0.00010000000474974513, ""val_mae12"": 6.799544334411621, ""val_me"": 8.93304177313205, ""val_me12"": 6.124419226497891, ""mape_2021"": 63.346046447753906, ""mae_2021"": 10.983363151550293, ""mae12_2021"": 9.949907302856445, ""me_2021"": 9.717463753703319, ""me12_2021"": 9.63915685617654, ""epochs_trained"": 64}",2026-07-03T06:23:06.424585,completed
3,MAPE,48,2,leaky_relu,3,32,0.3,51.16872787475586,10.978716850280762,5.895791530609131,9.17782466320687,4.85002663803742,51.16872787475586,11.038613319396973,8.753247261047363,9.997938078242424,8.249520211565887,62.1442985534668,"{""loss"": 52.40190505981445, ""mape"": 52.40190505981445, ""mae"": 11.720807075500488, ""val_loss"": 51.16872787475586, ""val_mape"": 51.16872787475586, ""val_mae"": 10.978716850280762, ""lr"": 0.00010000000474974513, ""val_mae12"": 5.895791530609131, ""val_me"": 9.17782466320687, ""val_me12"": 4.85002663803742, ""mape_2021"": 62.1442985534668, ""mae_2021"": 11.038613319396973, ""mae12_2021"": 8.753247261047363, ""me_2021"": 9.997938078242424, ""me12_2021"": 8.249520211565887, ""epochs_trained"": 82}",2026-07-03T06:23:07.024720,completed
3,MAPE,48,2,leaky_relu,3,16,0.3,8.026307106018066,1.6657177209854126,1.239426612854004,1.445364044419381,0.5448787206630995,8.026307106018066,1.631754994392395,1.2749125957489014,1.4893334142894885,0.7299960832171469,9.412796974182129,"{""loss"": 20.716983795166016, ""mape"": 20.716983795166016, ""mae"": 4.963533878326416, ""val_loss"": 8.026307106018066, ""val_mape"": 8.026307106018066, ""val_mae"": 1.6657177209854126, ""lr"": 0.00010000000474974513, ""val_mae12"": 1.239426612854004, ""val_me"": 1.445364044419381, ""val_me12"": 0.5448787206630995, ""mape_2021"": 9.412796974182129, ""mae_2021"": 1.631754994392395, ""mae12_2021"": 1.2749125957489014, ""me_2021"": 1.4893334142894885, ""me12_2021"": 0.7299960832171469, ""epochs_trained"": 570}",2026-07-03T06:23:08.080442,completed
3,MAPE,48,2,leaky_relu,3,64,0.1,50.486297607421875,10.507608413696289,7.117772102355957,9.23401283608203,6.072701731288872,50.486297607421875,11.086628913879395,10.302475929260254,9.945361190510313,9.819208536140955,63.56261444091797,"{""loss"": 44.92647933959961, ""mape"": 44.92647933959961, ""mae"": 9.454842567443848, ""val_loss"": 50.486297607421875, ""val_mape"": 50.486297607421875, ""val_mae"": 10.507608413696289, ""lr"": 0.00010000000474974513, ""val_mae12"": 7.117772102355957, ""val_me"": 9.23401283608203, ""val_me12"": 6.072701731288872, ""mape_2021"": 63.56261444091797, ""mae_2021"": 11.086628913879395, ""mae12_2021"": 10.302475929260254, ""me_2021"": 9.945361190510313, ""me12_2021"": 9.819208536140955, ""epochs_trained"": 52}",2026-07-03T06:23:28.138879,completed
3,MAPE,48,2,leaky_relu,3,128,0.0,3.787034749984741,0.7227275371551514,1.0658804178237915,-0.003550250241698593,0.6346973035907072,3.787034749984741,0.6600344777107239,1.0355234146118164,0.02199579760553315,0.32234168607926966,3.9144153594970703,"{""loss"": 2.829315662384033, ""mape"": 2.829315662384033, ""mae"": 0.5798580646514893, ""val_loss"": 3.787034749984741, ""val_mape"": 3.787034749984741, ""val_mae"": 0.7227275371551514, ""lr"": 1.0000000656873453e-05, ""val_mae12"": 1.0658804178237915, ""val_me"": -0.003550250241698593, ""val_me12"": 0.6346973035907072, ""mape_2021"": 3.9144153594970703, ""mae_2021"": 0.6600344777107239, ""mae12_2021"": 1.0355234146118164, ""me_2021"": 0.02199579760553315, ""me12_2021"": 0.32234168607926966, ""epochs_trained"": 474}",2026-07-03T06:24:22.387788,completed
3,MAPE,48,2,leaky_relu,3,64,0.3,4.708827018737793,0.9036171436309814,1.2221013307571411,0.42724602891690233,0.6792589864947739,4.708827018737793,0.8464947938919067,1.0197993516921997,0.5012251151885428,0.3779569295639842,4.762499809265137,"{""loss"": 10.822689056396484, ""mape"": 10.822689056396484, ""mae"": 2.536586046218872, ""val_loss"": 4.708827018737793, ""val_mape"": 4.708827018737793, ""val_mae"": 0.9036171436309814, ""lr"": 0.00010000000474974513, ""val_mae12"": 1.2221013307571411, ""val_me"": 0.42724602891690233, ""val_me12"": 0.6792589864947739, ""mape_2021"": 4.762499809265137, ""mae_2021"": 0.8464947938919067, ""mae12_2021"": 1.0197993516921997, ""me_2021"": 0.5012251151885428, ""me12_2021"": 0.3779569295639842, ""epochs_trained"": 543}",2026-07-03T06:24:28.050960,completed
3,MAPE,48,2,leaky_relu,3,128,0.1,3.6021604537963867,0.664221465587616,1.1056649684906006,0.1562117127005179,0.446376453519553,3.6021604537963867,0.6191390156745911,0.987065851688385,0.17376893829699172,0.16573437622278314,3.6715922355651855,"{""loss"": 5.156340599060059, ""mape"": 5.156340599060059, ""mae"": 1.1499160528182983, ""val_loss"": 3.6021604537963867, ""val_mape"": 3.6021604537963867, ""val_mae"": 0.664221465587616, ""lr"": 0.00010000000474974513, ""val_mae12"": 1.1056649684906006, ""val_me"": 0.1562117127005179, ""val_me12"": 0.446376453519553, ""mape_2021"": 3.6715922355651855, ""mae_2021"": 0.6191390156745911, ""mae12_2021"": 0.987065851688385, ""me_2021"": 0.17376893829699172, ""me12_2021"": 0.16573437622278314, ""epochs_trained"": 465}",2026-07-03T06:24:35.666609,completed
3,MAPE,48,2,leaky_relu,3,64,0.05,3.81314754486084,0.6790016293525696,1.2058101892471313,0.15584451106905792,0.5324936703892302,3.81314754486084,0.6269287467002869,0.9533501267433167,0.16791130201775387,0.3367244995672995,3.747628688812256,"{""loss"": 5.005054950714111, ""mape"": 5.005054950714111, ""mae"": 1.1177232265472412, ""val_loss"": 3.81314754486084, ""val_mape"": 3.81314754486084, ""val_mae"": 0.6790016293525696, ""lr"": 0.00010000000474974513, ""val_mae12"": 1.2058101892471313, ""val_me"": 0.15584451106905792, ""val_me12"": 0.5324936703892302, ""mape_2021"": 3.747628688812256, ""mae_2021"": 0.6269287467002869, ""mae12_2021"": 0.9533501267433167, ""me_2021"": 0.16791130201775387, ""me12_2021"": 0.3367244995672995, ""epochs_trained"": 601}",2026-07-03T06:24:45.018990,completed
3,MAPE,48,2,leaky_relu,3,128,0.05,3.6356334686279297,0.6631024479866028,1.1541117429733276,0.09287194714127399,0.49668541431850183,3.6356334686279297,0.6046739816665649,1.0347663164138794,0.10787257414473322,0.08091107522978212,3.6039345264434814,"{""loss"": 4.114006996154785, ""mape"": 4.114006996154785, ""mae"": 0.9073638916015625, ""val_loss"": 3.6356334686279297, ""val_mape"": 3.6356334686279297, ""val_mae"": 0.6631024479866028, ""lr"": 0.00010000000474974513, ""val_mae12"": 1.1541117429733276, ""val_me"": 0.09287194714127399, ""val_me12"": 0.49668541431850183, ""mape_2021"": 3.6039345264434814, ""mae_2021"": 0.6046739816665649, ""mae12_2021"": 1.0347663164138794, ""me_2021"": 0.10787257414473322, ""me12_2021"": 0.08091107522978212, ""epochs_trained"": 541}",2026-07-03T06:24:45.434285,completed
3,MAPE,48,2,leaky_relu,3,128,0.3,4.388400554656982,0.8330004215240479,1.196934461593628,0.3608895415230841,0.36070493154054184,4.388400554656982,0.7456778883934021,1.1032119989395142,0.3996221996606848,0.06563442546990673,4.342543125152588,"{""loss"": 8.380583763122559, ""mape"": 8.380583763122559, ""mae"": 1.9319837093353271, ""val_loss"": 4.388400554656982, ""val_mape"": 4.388400554656982, ""val_mae"": 0.8330004215240479, ""lr"": 0.00010000000474974513, ""val_mae12"": 1.196934461593628, ""val_me"": 0.3608895415230841, ""val_me12"": 0.36070493154054184, ""mape_2021"": 4.342543125152588, ""mae_2021"": 0.7456778883934021, ""mae12_2021"": 1.1032119989395142, ""me_2021"": 0.3996221996606848, ""me12_2021"": 0.06563442546990673, ""epochs_trained"": 375}",2026-07-03T06:25:50.846870,completed
3,MAPE,48,2,leaky_relu,3,256,0.3,4.359751224517822,0.8580475449562073,1.2825250625610352,0.33595538571489525,0.4215496469950275,4.359751224517822,0.6976920366287231,1.028438925743103,0.36150398060160527,0.1704595311604765,4.048090934753418,"{""loss"": 6.792093276977539, ""mape"": 6.792093276977539, ""mae"": 1.5367188453674316, ""val_loss"": 4.359751224517822, ""val_mape"": 4.359751224517822, ""val_mae"": 0.8580475449562073, ""lr"": 0.00010000000474974513, ""val_mae12"": 1.2825250625610352, ""val_me"": 0.33595538571489525, ""val_me12"": 0.4215496469950275, ""mape_2021"": 4.048090934753418, ""mae_2021"": 0.6976920366287231, ""mae12_2021"": 1.028438925743103, ""me_2021"": 0.36150398060160527, ""me12_2021"": 0.1704595311604765, ""epochs_trained"": 280}",2026-07-03T06:26:31.292492,completed
3,MAPE,48,2,leaky_relu,3,256,0.1,3.7520906925201416,0.6622128486633301,1.2824071645736694,0.15979785559900195,0.41673067066039676,3.7520906925201416,0.6457297801971436,1.1300361156463623,0.19404859427226462,0.13391231935104778,3.974400043487549,"{""loss"": 4.700287342071533, ""mape"": 4.700287342071533, ""mae"": 1.02315354347229, ""val_loss"": 3.7520906925201416, ""val_mape"": 3.7520906925201416, ""val_mae"": 0.6622128486633301, ""lr"": 1.0000000656873453e-05, ""val_mae12"": 1.2824071645736694, ""val_me"": 0.15979785559900195, ""val_me12"": 0.41673067066039676, ""mape_2021"": 3.974400043487549, ""mae_2021"": 0.6457297801971436, ""mae12_2021"": 1.1300361156463623, ""me_2021"": 0.19404859427226462, ""me12_2021"": 0.13391231935104778, ""epochs_trained"": 343}",2026-07-03T06:26:36.303164,completed
3,MAPE,48,2,leaky_relu,3,256,0.05,3.84122633934021,0.6784015893936157,1.325395941734314,0.09999766804441416,0.47496688281248944,3.84122633934021,0.6511983871459961,1.1035840511322021,0.14092652727136826,0.14256451149484012,3.980109691619873,"{""loss"": 4.144193649291992, ""mape"": 4.144193649291992, ""mae"": 0.881007194519043, ""val_loss"": 3.84122633934021, ""val_mape"": 3.84122633934021, ""val_mae"": 0.6784015893936157, ""lr"": 1.0000000656873453e-05, ""val_mae12"": 1.325395941734314, ""val_me"": 0.09999766804441416, ""val_me12"": 0.47496688281248944, ""mape_2021"": 3.980109691619873, ""mae_2021"": 0.6511983871459961, ""mae12_2021"": 1.1035840511322021, ""me_2021"": 0.14092652727136826, ""me12_2021"": 0.14256451149484012, ""epochs_trained"": 360}",2026-07-03T06:27:05.318665,completed
3,MAPE,48,2,leaky_relu,3,256,0.0,3.548614025115967,0.6699875593185425,1.0054885149002075,0.013753737190222756,0.47104595833989876,3.548614025115967,0.6153973340988159,0.9941537380218506,0.04009668138567882,0.16105974462068684,3.7175521850585938,"{""loss"": 2.3997888565063477, ""mape"": 2.3997888565063477, ""mae"": 0.5023812651634216, ""val_loss"": 3.548614025115967, ""val_mape"": 3.548614025115967, ""val_mae"": 0.6699875593185425, ""lr"": 1.0000000656873453e-05, ""val_mae12"": 1.0054885149002075, ""val_me"": 0.013753737190222756, ""val_me12"": 0.47104595833989876, ""mape_2021"": 3.7175521850585938, ""mae_2021"": 0.6153973340988159, ""mae12_2021"": 0.9941537380218506, ""me_2021"": 0.04009668138567882, ""me12_2021"": 0.16105974462068684, ""epochs_trained"": 1094}",2026-07-03T06:27:18.755267,completed
3,MAPE,48,2,leaky_relu,3,64,0.0,3.6424334049224854,0.7058742642402649,0.9225155711174011,0.06380588041195409,0.4756114709010422,3.6424334049224854,0.6594197154045105,0.9076915979385376,0.0381617253853599,0.02114607674772482,3.843602180480957,"{""loss"": 2.723334789276123, ""mape"": 2.723334789276123, ""mae"": 0.5616962313652039, ""val_loss"": 3.6424334049224854, ""val_mape"": 3.6424334049224854, ""val_mae"": 0.7058742642402649, ""lr"": 9.999999747378752e-06, ""val_mae12"": 0.9225155711174011, ""val_me"": 0.06380588041195409, ""val_me12"": 0.4756114709010422, ""mape_2021"": 3.843602180480957, ""mae_2021"": 0.6594197154045105, ""mae12_2021"": 0.9076915979385376, ""me_2021"": 0.0381617253853599, ""me12_2021"": 0.02114607674772482, ""epochs_trained"": 3134}",2026-07-03T06:27:57.276233,completed
3,MAPE,48,2,selu,1,32,0.05,62.9590950012207,13.287227630615234,8.468520164489746,10.462442069504105,6.941438510133012,62.9590950012207,12.621922492980957,12.413198471069336,11.230459313437612,11.568057952361587,73.92718505859375,"{""loss"": 51.94710922241211, ""mape"": 51.94710922241211, ""mae"": 10.821221351623535, ""val_loss"": 62.9590950012207, ""val_mape"": 62.9590950012207, ""val_mae"": 13.287227630615234, ""lr"": 0.00010000000474974513, ""val_mae12"": 8.468520164489746, ""val_me"": 10.462442069504105, ""val_me12"": 6.941438510133012, ""mape_2021"": 73.92718505859375, ""mae_2021"": 12.621922492980957, ""mae12_2021"": 12.413198471069336, ""me_2021"": 11.230459313437612, ""me12_2021"": 11.568057952361587, ""epochs_trained"": 110}",2026-07-03T06:28:12.414916,completed
3,MAPE,48,2,selu,1,16,0.3,56.73280715942383,11.598898887634277,12.065386772155762,8.696738666015397,11.720680640517303,56.73280715942383,11.403440475463867,16.541973114013672,9.303914132479123,16.56118285571376,71.48683166503906,"{""loss"": 62.22404479980469, ""mape"": 62.22404479980469, ""mae"": 14.060513496398926, ""val_loss"": 56.73280715942383, ""val_mape"": 56.73280715942383, ""val_mae"": 11.598898887634277, ""lr"": 0.00010000000474974513, ""val_mae12"": 12.065386772155762, ""val_me"": 8.696738666015397, ""val_me12"": 11.720680640517303, ""mape_2021"": 71.48683166503906, ""mae_2021"": 11.403440475463867, ""mae12_2021"": 16.541973114013672, ""me_2021"": 9.303914132479123, ""me12_2021"": 16.56118285571376, ""epochs_trained"": 144}",2026-07-03T06:28:13.601365,completed
3,MAPE,48,2,selu,1,32,0.0,50.937259674072266,10.859184265136719,4.987833499908447,9.360307385441091,3.5881770393383343,50.937259674072266,11.077669143676758,7.769236087799072,10.133329922043943,6.387759012462424,61.038421630859375,"{""loss"": 43.27909851074219, ""mape"": 43.27909851074219, ""mae"": 9.122932434082031, ""val_loss"": 50.937259674072266, ""val_mape"": 50.937259674072266, ""val_mae"": 10.859184265136719, ""lr"": 0.00010000000474974513, ""val_mae12"": 4.987833499908447, ""val_me"": 9.360307385441091, ""val_me12"": 3.5881770393383343, ""mape_2021"": 61.038421630859375, ""mae_2021"": 11.077669143676758, ""mae12_2021"": 7.769236087799072, ""me_2021"": 10.133329922043943, ""me12_2021"": 6.387759012462424, ""epochs_trained"": 151}",2026-07-03T06:28:13.819472,completed
3,MAPE,48,2,selu,1,16,0.05,52.506622314453125,11.101603507995605,7.20259952545166,9.062727912987055,6.186307469520611,52.506622314453125,11.113737106323242,10.38559627532959,9.826701920705778,9.660028653270174,63.5555419921875,"{""loss"": 47.14973068237305, ""mape"": 47.14973068237305, ""mae"": 10.033746719360352, ""val_loss"": 52.506622314453125, ""val_mape"": 52.506622314453125, ""val_mae"": 11.101603507995605, ""lr"": 0.00010000000474974513, ""val_mae12"": 7.20259952545166, ""val_me"": 9.062727912987055, ""val_me12"": 6.186307469520611, ""mape_2021"": 63.5555419921875, ""mae_2021"": 11.113737106323242, ""mae12_2021"": 10.38559627532959, ""me_2021"": 9.826701920705778, ""me12_2021"": 9.660028653270174, ""epochs_trained"": 202}",2026-07-03T06:28:15.964146,completed
3,MAPE,48,2,selu,1,16,0.1,49.4804573059082,10.448277473449707,7.35246467590332,8.233346028479996,6.554124239624641,49.4804573059082,10.274924278259277,10.11864185333252,8.916070470634288,9.305407535956473,58.549537658691406,"{""loss"": 47.804443359375, ""mape"": 47.804443359375, ""mae"": 10.27935791015625, ""val_loss"": 49.4804573059082, ""val_mape"": 49.4804573059082, ""val_mae"": 10.448277473449707, ""lr"": 0.00010000000474974513, ""val_mae12"": 7.35246467590332, ""val_me"": 8.233346028479996, ""val_me12"": 6.554124239624641, ""mape_2021"": 58.549537658691406, ""mae_2021"": 10.274924278259277, ""mae12_2021"": 10.11864185333252, ""me_2021"": 8.916070470634288, ""me12_2021"": 9.305407535956473, ""epochs_trained"": 241}",2026-07-03T06:28:17.412065,completed
3,MAPE,48,2,selu,1,32,0.3,95.23977661132812,23.685461044311523,4.011801719665527,23.638157769660268,1.844799646222486,95.23977661132812,22.71388816833496,5.9366631507873535,22.17685127599899,4.736612197683425,99.14479064941406,"{""loss"": 92.35979461669922, ""mape"": 92.35979461669922, ""mae"": 23.67786407470703, ""val_loss"": 95.23977661132812, ""val_mape"": 95.23977661132812, ""val_mae"": 23.685461044311523, ""lr"": 0.00010000000474974513, ""val_mae12"": 4.011801719665527, ""val_me"": 23.638157769660268, ""val_me12"": 1.844799646222486, ""mape_2021"": 99.14479064941406, ""mae_2021"": 22.71388816833496, ""mae12_2021"": 5.9366631507873535, ""me_2021"": 22.17685127599899, ""me12_2021"": 4.736612197683425, ""epochs_trained"": 31}",2026-07-03T06:28:18.232368,completed
3,MAPE,48,2,selu,1,16,0.0,45.960872650146484,9.7776517868042,5.357301712036133,8.113215229075399,4.085341584463008,45.960872650146484,9.956836700439453,7.888411045074463,8.852642060082127,6.162249017902606,54.67357635498047,"{""loss"": 39.26792526245117, ""mape"": 39.26792526245117, ""mae"": 8.280919075012207, ""val_loss"": 45.960872650146484, ""val_mape"": 45.960872650146484, ""val_mae"": 9.7776517868042, ""lr"": 0.00010000000474974513, ""val_mae12"": 5.357301712036133, ""val_me"": 8.113215229075399, ""val_me12"": 4.085341584463008, ""mape_2021"": 54.67357635498047, ""mae_2021"": 9.956836700439453, ""mae12_2021"": 7.888411045074463, ""me_2021"": 8.852642060082127, ""me12_2021"": 6.162249017902606, ""epochs_trained"": 265}",2026-07-03T06:28:18.377309,completed
3,MAPE,48,2,selu,1,32,0.1,56.66035079956055,11.937285423278809,8.045177459716797,9.489210153719945,7.037879305490234,56.66035079956055,11.68580436706543,11.602570533752441,10.252096522568845,11.15133216782141,68.3176498413086,"{""loss"": 51.10947036743164, ""mape"": 51.10947036743164, ""mae"": 10.852483749389648, ""val_loss"": 56.66035079956055, ""val_mape"": 56.66035079956055, ""val_mae"": 11.937285423278809, ""lr"": 0.00010000000474974513, ""val_mae12"": 8.045177459716797, ""val_me"": 9.489210153719945, ""val_me12"": 7.037879305490234, ""mape_2021"": 68.3176498413086, ""mae_2021"": 11.68580436706543, ""mae12_2021"": 11.602570533752441, ""me_2021"": 10.252096522568845, ""me12_2021"": 11.15133216782141, ""epochs_trained"": 117}",2026-07-03T06:28:20.690362,completed
3,MAPE,48,2,selu,1,64,0.0,54.382083892822266,11.608842849731445,5.221561431884766,9.90145530869847,3.464941194427235,54.382083892822266,11.77157211303711,8.225826263427734,10.766261659739968,6.690110106416934,65.1683120727539,"{""loss"": 46.263885498046875, ""mape"": 46.263885498046875, ""mae"": 9.774406433105469, ""val_loss"": 54.382083892822266, ""val_mape"": 54.382083892822266, ""val_mae"": 11.608842849731445, ""lr"": 0.00010000000474974513, ""val_mae12"": 5.221561431884766, ""val_me"": 9.90145530869847, ""val_me12"": 3.464941194427235, ""mape_2021"": 65.1683120727539, ""mae_2021"": 11.77157211303711, ""mae12_2021"": 8.225826263427734, ""me_2021"": 10.766261659739968, ""me12_2021"": 6.690110106416934, ""epochs_trained"": 123}",2026-07-03T06:28:22.487149,completed
3,MAPE,48,2,selu,1,64,0.05,60.58518981933594,12.799596786499023,7.568596363067627,10.359282799851666,5.887801629699207,60.58518981933594,12.408639907836914,11.295807838439941,11.148721943621936,10.350159485288852,71.86326599121094,"{""loss"": 50.204830169677734, ""mape"": 50.204830169677734, ""mae"": 10.480875015258789, ""val_loss"": 60.58518981933594, ""val_mape"": 60.58518981933594, ""val_mae"": 12.799596786499023, ""lr"": 0.00010000000474974513, ""val_mae12"": 7.568596363067627, ""val_me"": 10.359282799851666, ""val_me12"": 5.887801629699207, ""mape_2021"": 71.86326599121094, ""mae_2021"": 12.408639907836914, ""mae12_2021"": 11.295807838439941, ""me_2021"": 11.148721943621936, ""me12_2021"": 10.350159485288852, ""epochs_trained"": 105}",2026-07-03T06:28:23.799742,completed
3,MAPE,48,2,selu,1,64,0.1,65.87313842773438,14.041297912597656,9.243083953857422,10.269311123185576,7.971389562613226,65.87313842773438,12.580878257751465,13.479275703430176,11.049613811107774,12.812452520743072,74.8572769165039,"{""loss"": 52.30924987792969, ""mape"": 52.30924987792969, ""mae"": 10.902193069458008, ""val_loss"": 65.87313842773438, ""val_mape"": 65.87313842773438, ""val_mae"": 14.041297912597656, ""lr"": 0.00010000000474974513, ""val_mae12"": 9.243083953857422, ""val_me"": 10.269311123185576, ""val_me12"": 7.971389562613226, ""mape_2021"": 74.8572769165039, ""mae_2021"": 12.580878257751465, ""mae12_2021"": 13.479275703430176, ""me_2021"": 11.049613811107774, ""me12_2021"": 12.812452520743072, ""epochs_trained"": 97}",2026-07-03T06:28:24.661087,completed
3,MAPE,48,2,selu,1,64,0.3,64.09442901611328,13.48472785949707,14.024694442749023,8.430791382262091,13.693137275789507,64.09442901611328,11.45376968383789,18.936708450317383,8.984103957524376,19.007812775101435,74.70364379882812,"{""loss"": 56.16825866699219, ""mape"": 56.16825866699219, ""mae"": 12.210153579711914, ""val_loss"": 64.09442901611328, ""val_mape"": 64.09442901611328, ""val_mae"": 13.48472785949707, ""lr"": 0.00010000000474974513, ""val_mae12"": 14.024694442749023, ""val_me"": 8.430791382262091, ""val_me12"": 13.693137275789507, ""mape_2021"": 74.70364379882812, ""mae_2021"": 11.45376968383789, ""mae12_2021"": 18.936708450317383, ""me_2021"": 8.984103957524376, ""me12_2021"": 19.007812775101435, ""epochs_trained"": 116}",2026-07-03T06:28:25.747710,completed
3,MAPE,48,2,selu,1,128,0.3,65.0046615600586,13.911327362060547,11.38953971862793,9.008443970213639,10.82726455441206,65.0046615600586,11.66954517364502,15.777069091796875,9.697808870442355,15.739411050780564,72.36032104492188,"{""loss"": 54.5941276550293, ""mape"": 54.5941276550293, ""mae"": 11.899333953857422, ""val_loss"": 65.0046615600586, ""val_mape"": 65.0046615600586, ""val_mae"": 13.911327362060547, ""lr"": 0.00010000000474974513, ""val_mae12"": 11.38953971862793, ""val_me"": 9.008443970213639, ""val_me12"": 10.82726455441206, ""mape_2021"": 72.36032104492188, ""mae_2021"": 11.66954517364502, ""mae12_2021"": 15.777069091796875, ""me_2021"": 9.697808870442355, ""me12_2021"": 15.739411050780564, ""epochs_trained"": 95}",2026-07-03T06:28:47.754216,completed
3,MAPE,48,2,selu,1,128,0.1,61.62843704223633,13.246820449829102,6.529622554779053,10.184747565742812,5.150400856783928,61.62843704223633,12.17072582244873,10.001861572265625,11.01499971187511,9.014355708309406,69.29466247558594,"{""loss"": 48.94453430175781, ""mape"": 48.94453430175781, ""mae"": 10.233223915100098, ""val_loss"": 61.62843704223633, ""val_mape"": 61.62843704223633, ""val_mae"": 13.246820449829102, ""lr"": 0.00010000000474974513, ""val_mae12"": 6.529622554779053, ""val_me"": 10.184747565742812, ""val_me12"": 5.150400856783928, ""mape_2021"": 69.29466247558594, ""mae_2021"": 12.17072582244873, ""mae12_2021"": 10.001861572265625, ""me_2021"": 11.01499971187511, ""me12_2021"": 9.014355708309406, ""epochs_trained"": 95}",2026-07-03T06:28:47.945489,completed
3,MAPE,48,2,selu,1,128,0.05,58.51094436645508,12.515684127807617,6.060393333435059,10.059029797016775,4.470729118598002,58.51094436645508,12.055603981018066,9.530181884765625,10.935053564811422,8.228911710264013,68.48835754394531,"{""loss"": 48.123931884765625, ""mape"": 48.123931884765625, ""mae"": 10.026341438293457, ""val_loss"": 58.51094436645508, ""val_mape"": 58.51094436645508, ""val_mae"": 12.515684127807617, ""lr"": 0.00010000000474974513, ""val_mae12"": 6.060393333435059, ""val_me"": 10.059029797016775, ""val_me12"": 4.470729118598002, ""mape_2021"": 68.48835754394531, ""mae_2021"": 12.055603981018066, ""mae12_2021"": 9.530181884765625, ""me_2021"": 10.935053564811422, ""me12_2021"": 8.228911710264013, ""epochs_trained"": 104}",2026-07-03T06:28:48.431058,completed
3,MAPE,48,2,selu,1,256,0.1,54.37560272216797,11.899867057800293,4.977111339569092,10.078555929012463,3.451007370516559,54.37560272216797,11.747949600219727,7.974315643310547,10.863511700830573,6.531031997925213,64.4471435546875,"{""loss"": 43.80924987792969, ""mape"": 43.80924987792969, ""mae"": 9.271634101867676, ""val_loss"": 54.37560272216797, ""val_mape"": 54.37560272216797, ""val_mae"": 11.899867057800293, ""lr"": 0.00010000000474974513, ""val_mae12"": 4.977111339569092, ""val_me"": 10.078555929012463, ""val_me12"": 3.451007370516559, ""mape_2021"": 64.4471435546875, ""mae_2021"": 11.747949600219727, ""mae12_2021"": 7.974315643310547, ""me_2021"": 10.863511700830573, ""me12_2021"": 6.531031997925213, ""epochs_trained"": 90}",2026-07-03T06:29:05.077939,completed
3,MAPE,48,2,selu,1,256,0.3,69.35377502441406,15.228580474853516,9.803614616394043,9.096118525399698,9.138950384971345,69.35377502441406,11.401205062866211,13.51919174194336,9.764489839983261,13.326911716807281,68.38268280029297,"{""loss"": 50.32087326049805, ""mape"": 50.32087326049805, ""mae"": 10.605340957641602, ""val_loss"": 69.35377502441406, ""val_mape"": 69.35377502441406, ""val_mae"": 15.228580474853516, ""lr"": 0.00010000000474974513, ""val_mae12"": 9.803614616394043, ""val_me"": 9.096118525399698, ""val_me12"": 9.138950384971345, ""mape_2021"": 68.38268280029297, ""mae_2021"": 11.401205062866211, ""mae12_2021"": 13.51919174194336, ""me_2021"": 9.764489839983261, ""me12_2021"": 13.326911716807281, ""epochs_trained"": 91}",2026-07-03T06:29:05.536125,completed
3,MAPE,48,2,selu,2,16,0.0,52.150630950927734,10.977157592773438,7.928261756896973,8.921338224995521,7.048099088967667,52.150630950927734,10.871993064880371,11.343992233276367,9.526584657926461,10.919113131842737,64.19991302490234,"{""loss"": 43.60744094848633, ""mape"": 43.60744094848633, ""mae"": 9.14625072479248, ""val_loss"": 52.150630950927734, ""val_mape"": 52.150630950927734, ""val_mae"": 10.977157592773438, ""lr"": 0.00010000000474974513, ""val_mae12"": 7.928261756896973, ""val_me"": 8.921338224995521, ""val_me12"": 7.048099088967667, ""mape_2021"": 64.19991302490234, ""mae_2021"": 10.871993064880371, ""mae12_2021"": 11.343992233276367, ""me_2021"": 9.526584657926461, ""me12_2021"": 10.919113131842737, ""epochs_trained"": 100}",2026-07-03T06:29:06.797266,completed
3,MAPE,48,2,selu,1,256,0.05,9.234416007995605,2.101598024368286,1.2049344778060913,-1.7570510300819775,0.47216357707309314,9.234416007995605,2.1032254695892334,1.3221848011016846,-1.6330287184277834,-0.4925406953432444,10.198836326599121,"{""loss"": 10.238478660583496, ""mape"": 10.238478660583496, ""mae"": 2.044301748275757, ""val_loss"": 9.234416007995605, ""val_mape"": 9.234416007995605, ""val_mae"": 2.101598024368286, ""lr"": 0.00010000000474974513, ""val_mae12"": 1.2049344778060913, ""val_me"": -1.7570510300819775, ""val_me12"": 0.47216357707309314, ""mape_2021"": 10.198836326599121, ""mae_2021"": 2.1032254695892334, ""mae12_2021"": 1.3221848011016846, ""me_2021"": -1.6330287184277834, ""me12_2021"": -0.4925406953432444, ""epochs_trained"": 336}",2026-07-03T06:29:08.662242,completed
3,MAPE,48,2,selu,2,16,0.3,89.94878387451172,20.153717041015625,9.902602195739746,20.485890260062035,9.7296384095315,89.94878387451172,20.7202091217041,13.622903823852539,19.210718181349307,13.643539540451494,99.4808578491211,"{""loss"": 87.69571685791016, ""mape"": 87.69571685791016, ""mae"": 21.972217559814453, ""val_loss"": 89.94878387451172, ""val_mape"": 89.94878387451172, ""val_mae"": 20.153717041015625, ""lr"": 0.00010000000474974513, ""val_mae12"": 9.902602195739746, ""val_me"": 20.485890260062035, ""val_me12"": 9.7296384095315, ""mape_2021"": 99.4808578491211, ""mae_2021"": 20.7202091217041, ""mae12_2021"": 13.622903823852539, ""me_2021"": 19.210718181349307, ""me12_2021"": 13.643539540451494, ""epochs_trained"": 45}",2026-07-03T06:29:13.748906,completed
3,MAPE,48,2,selu,2,16,0.05,53.60744094848633,11.54595947265625,4.918265342712402,9.151818643077258,4.191041069089551,53.60744094848633,10.720999717712402,7.430936336517334,9.81141779928699,7.142281715774487,59.91351318359375,"{""loss"": 46.396705627441406, ""mape"": 46.396705627441406, ""mae"": 10.035012245178223, ""val_loss"": 53.60744094848633, ""val_mape"": 53.60744094848633, ""val_mae"": 11.54595947265625, ""lr"": 0.00010000000474974513, ""val_mae12"": 4.918265342712402, ""val_me"": 9.151818643077258, ""val_me12"": 4.191041069089551, ""mape_2021"": 59.91351318359375, ""mae_2021"": 10.720999717712402, ""mae12_2021"": 7.430936336517334, ""me_2021"": 9.81141779928699, ""me12_2021"": 7.142281715774487, ""epochs_trained"": 108}",2026-07-03T06:29:15.303935,completed
3,MAPE,48,2,selu,2,16,0.1,50.304264068603516,10.917372703552246,10.686602592468262,6.699094258202656,10.72064322134873,50.304264068603516,9.293367385864258,13.911900520324707,7.268129532304757,14.008530445930644,57.12408447265625,"{""loss"": 46.93579864501953, ""mape"": 46.93579864501953, ""mae"": 10.485333442687988, ""val_loss"": 50.304264068603516, ""val_mape"": 50.304264068603516, ""val_mae"": 10.917372703552246, ""lr"": 0.00010000000474974513, ""val_mae12"": 10.686602592468262, ""val_me"": 6.699094258202656, ""val_me12"": 10.72064322134873, ""mape_2021"": 57.12408447265625, ""mae_2021"": 9.293367385864258, ""mae12_2021"": 13.911900520324707, ""me_2021"": 7.268129532304757, ""me12_2021"": 14.008530445930644, ""epochs_trained"": 132}",2026-07-03T06:29:16.597412,completed
3,MAPE,48,2,selu,1,256,0.0,4.261512756347656,0.8798406720161438,0.9477264285087585,0.31553073220475236,0.13523362372928496,4.261512756347656,0.8728094100952148,0.8808000087738037,0.31215312541646795,-0.42579062795357075,4.717549800872803,"{""loss"": 3.6563520431518555, ""mape"": 3.6563520431518555, ""mae"": 0.7977198958396912, ""val_loss"": 4.261512756347656, ""val_mape"": 4.261512756347656, ""val_mae"": 0.8798406720161438, ""lr"": 1.0000000656873453e-05, ""val_mae12"": 0.9477264285087585, ""val_me"": 0.31553073220475236, ""val_me12"": 0.13523362372928496, ""mape_2021"": 4.717549800872803, ""mae_2021"": 0.8728094100952148, ""mae12_2021"": 0.8808000087738037, ""me_2021"": 0.31215312541646795, ""me12_2021"": -0.42579062795357075, ""epochs_trained"": 751}",2026-07-03T06:29:27.282650,completed
3,MAPE,48,2,selu,1,128,0.0,3.601402521133423,0.6844950914382935,0.9309399724006653,0.032985737213843284,0.3000583539280557,3.601402521133423,0.6755864024162292,0.8861941695213318,0.03314314269606133,-0.2537197103836421,3.9205944538116455,"{""loss"": 3.0433712005615234, ""mape"": 3.0433712005615234, ""mae"": 0.6193930506706238, ""val_loss"": 3.601402521133423, ""val_mape"": 3.601402521133423, ""val_mae"": 0.6844950914382935, ""lr"": 0.00010000000474974513, ""val_mae12"": 0.9309399724006653, ""val_me"": 0.032985737213843284, ""val_me12"": 0.3000583539280557, ""mape_2021"": 3.9205944538116455, ""mae_2021"": 0.6755864024162292, ""mae12_2021"": 0.8861941695213318, ""me_2021"": 0.03314314269606133, ""me12_2021"": -0.2537197103836421, ""epochs_trained"": 1086}",2026-07-03T06:29:37.490807,completed
